player_id,player_name,first_name,last_name,gender,itf_gender_code,country,country_name,birth_date,birth_year,junior_last_year,active_junior,profile_url,current_rank,current_points,first_seen_date,last_seen_date,raw_json
800680259,Luis Guto Miguel,Luis Guto,Miguel,M,B,BRA,Brazil,,2009,2027,,https://www.itftennis.com/en/players/luis-guto-miguel/800680259/bra/jt/s/,1,3236.75,2026-06-02,2026-06-08,"{""playerId"":800680259,""playerFamilyName"":""Miguel"",""playerGivenName"":""Luis Guto"",""playerNationalityCode"":""BRA"",""playerNationality"":""Brazil"",""profileLink"":""/en/players/luis-guto-miguel/800680259/bra/jt/s/"",""gender"":""M"",""hiddenPlayer"":false,""birthYear"":2009,""rankMovement"":3,""rank"":1,""rankEqualFlag"":"""",""tournamentsPlayed"":19,""points"":3236.75,""profileImage"":""/remote.axd/media.itftennis.com/assetbank-itf/servlet/display?file=22137aa7fd210848887bfe08.jpg&filename=unwatermarked_Luis_Guto_Miguel_(BRA)-002.JPG?crop=0.37371765989071959,0.10193679918450579,0.26524002664780838,0.53109072375127342&cropmode=percentage&width=54&height=72&rnd=134084066810000000"",""tournamentsPlayedSingles"":null,""tournamentsPlayedDoubles"":null,""pointsRankingSingles"":null,""pointsRankingDoubles"":null,""pointsRankingTotal"":null}"
800570117,Jamie Mackenzie,Jamie,Mackenzie,M,B,GER,Germany,,2008,2026,,https://www.itftennis.com/en/players/jamie-mackenzie/800570117/ger/jt/s/,2,2675.75,2026-06-02,2026-06-08,"{""playerId"":800570117,""playerFamilyName"":""Mackenzie"",""playerGivenName"":""Jamie"",""playerNationalityCode"":""GER"",""playerNationality"":""Germany"",""profileLink"":""/en/players/jamie-mackenzie/800570117/ger/jt/s/"",""gender"":""M"",""hiddenPlayer"":false,""birthYear"":2008,""rankMovement"":1,""rank"":2,""rankEqualFlag"":"""",""tournamentsPlayed"":29,""points"":2675.75,""profileImage"":""/remote.axd/media.itftennis.com/assetbank-itf/servlet/display?file=22137aa7f9240b589834ff18.jpg?crop=0.27975037658704549,0.12426852709503511,0.3329029481385839,0.51146342401570166&cropmode=percentage&width=54&height=72&rnd=133960152940000000"",""tournamentsPlayedSingles"":null,""tournamentsPlayedDoubles"":null,""pointsRankingSingles"":null,""pointsRankingDoubles"":null,""pointsRankingTotal"":null}"
800657117,Keaton Hance,Keaton,Hance,M,B,USA,USA,,2008,2026,,https://www.itftennis.com/en/players/keaton-hance/800657117/usa/jt/s/,3,2385.25,2026-06-02,2026-06-08,"{""playerId"":800657117,""playerFamilyName"":""Hance"",""playerGivenName"":""Keaton"",""playerNationalityCode"":""USA"",""playerNationality"":""USA"",""profileLink"":""/en/players/keaton-hance/800657117/usa/jt/s/"",""gender"":""M"",""hiddenPlayer"":false,""birthYear"":2008,""rankMovement"":3,""rank"":3,""rankEqualFlag"":"""",""tournamentsPlayed"":18,""points"":2385.25,""profileImage"":""/remote.axd/media.itftennis.com/assetbank-itf/servlet/display?file=22137aa7e5210866ba7afe08.jpg&filename=unwatermarked_Photo_2024-Davis-Cup-Juniors_BJK_Cup_Juniors_Antalya_Turkiye_13112024_08406.JPG?crop=0.16067235199604554,0.10711490133069701,0.17191941663576535,0.29963333745313492&cropmode=percentage&width=54&height=72&rnd=134084060270000000"",""tournamentsPlayedSingles"":null,""tournamentsPlayedDoubles"":null,""pointsRankingSingles"":null,""pointsRankingDoubles"":null,""pointsRankingTotal"":null}"
800579895,Ziga Sesko,Ziga,Sesko,M,B,SLO,Slovenia,,2008,2026,,https://www.itftennis.com/en/players/ziga-sesko/800579895/slo/jt/s/,4,2378,2026-06-02,2026-06-08,"{""playerId"":800579895,""playerFamilyName"":""Sesko"",""playerGivenName"":""Ziga"",""playerNationalityCode"":""SLO"",""playerNationality"":""Slovenia"",""profileLink"":""/en/players/ziga-sesko/800579895/slo/jt/s/"",""gender"":""M"",""hiddenPlayer"":false,""birthYear"":2008,""rankMovement"":1,""rank"":4,""rankEqualFlag"":"""",""tournamentsPlayed"":26,""points"":2378,""profileImage"":""/remote.axd/media.itftennis.com/assetbank-itf/servlet/display?file=22137aa7fd2108769434ff18.jpg&filename=unwatermarked_Ziga_Sesko_(SLO)-007.JPG?crop=0.60262973453147151,0.0461400928569369,0.17138411501922665,0.538599071430631&cropmode=percentage&width=54&height=72&rnd=134120862680000000"",""tournamentsPlayedSingles"":null,""tournamentsPlayedDoubles"":null,""pointsRankingSingles"":null,""pointsRankingDoubles"":null,""pointsRankingTotal"":null}"
800564683,Yannick Theodor Alexandrescou,Yannick Theodor,Alexandrescou,M,B,FRA,France,,2008,2026,,https://www.itftennis.com/en/players/yannick-theodor-alexandrescou/800564683/fra/jt/s/,5,2249.75,2026-06-02,2026-06-08,"{""playerId"":800564683,""playerFamilyName"":""Alexandrescou"",""playerGivenName"":""Yannick Theodor"",""playerNationalityCode"":""FRA"",""playerNationality"":""France"",""profileLink"":""/en/players/yannick-theodor-alexandrescou/800564683/fra/jt/s/"",""gender"":""M"",""hiddenPlayer"":false,""birthYear"":2008,""rankMovement"":-3,""rank"":5,""rankEqualFlag"":"""",""tournamentsPlayed"":27,""points"":2249.75,""profileImage"":""/remote.axd/media.itftennis.com/assetbank-itf/servlet/display?file=22137aa7f16b0876ba7bfe18.jpg&filename=unwatermarked_pzalexandrescou_25cheng_4h15.jpg?crop=0.41645300187088669,0.073730038238317766,0.27762496834383454,0.57236595822264158&cropmode=percentage&width=54&height=72&rnd=134084132200000000"",""tournamentsPlayedSingles"":null,""tournamentsPlayedDoubles"":null,""pointsRankingSingles"":null,""pointsRankingDoubles"":null,""pointsRankingTotal"":null}"
800732018,Michael Antonius,Michael,Antonius,M,B,USA,USA,,2010,2028,,https://www.itftennis.com/en/players/michael-antonius/800732018/usa/jt/s/,6,2168.75,2026-06-02,2026-06-08,"{""playerId"":800732018,""playerFamilyName"":""Antonius"",""playerGivenName"":""Michael"",""playerNationalityCode"":""USA"",""playerNationality"":""USA"",""profileLink"":""/en/players/michael-antonius/800732018/usa/jt/s/"",""gender"":""M"",""hiddenPlayer"":false,""birthYear"":2010,""rankMovement"":8,""rank"":6,""rankEqualFlag"":"""",""tournamentsPlayed"":19,""points"":2168.75,""profileImage"":""/remote.axd/media.itftennis.com/assetbank-itf/servlet/display?file=22137aa7f1220b58be7bfe18.jpg&filename=unwatermarked_DCJ-HEADSHOTS_091125_042.JPG?crop=0.20509499136442205,0.06476683937823853,0.2120034542314311,0.41709844559585318&cropmode=percentage&width=54&height=72&rnd=134120871540000000"",""tournamentsPlayedSingles"":null,""tournamentsPlayedDoubles"":null,""pointsRankingSingles"":null,""pointsRankingDoubles"":null,""pointsRankingTotal"":null}"
800586822,Ivan Ivanov,Ivan,Ivanov,M,B,BUL,Bulgaria,,2008,2026,,https://www.itftennis.com/en/players/ivan-ivanov/800586822/bul/jt/s/,7,2140,2026-06-02,2026-06-08,"{""playerId"":800586822,""playerFamilyName"":""Ivanov"",""playerGivenName"":""Ivan"",""playerNationalityCode"":""BUL"",""playerNationality"":""Bulgaria"",""profileLink"":""/en/players/ivan-ivanov/800586822/bul/jt/s/"",""gender"":""M"",""hiddenPlayer"":false,""birthYear"":2008,""rankMovement"":-6,""rank"":7,""rankEqualFlag"":"""",""tournamentsPlayed"":3,""points"":2140,""profileImage"":""/remote.axd/media.itftennis.com/assetbank-itf/servlet/display?file=22137aa7fd660958ba7fff18.jpg?crop=0.28513068489724552,0.031959092361777033,0.30968360498561615,0.20102269095557424&cropmode=percentage&width=54&height=72&rnd=133978215000000000"",""tournamentsPlayedSingles"":null,""tournamentsPlayedDoubles"":null,""pointsRankingSingles"":null,""pointsRankingDoubles"":null,""pointsRankingTotal"":null}"
800589798,Thilo Behrmann,Thilo,Behrmann,M,B,AUT,Austria,,2008,2026,,https://www.itftennis.com/en/players/thilo-behrmann/800589798/aut/jt/s/,8,2097.75,2026-06-02,2026-06-08,"{""playerId"":800589798,""playerFamilyName"":""Behrmann"",""playerGivenName"":""Thilo"",""playerNationalityCode"":""AUT"",""playerNationality"":""Austria"",""profileLink"":""/en/players/thilo-behrmann/800589798/aut/jt/s/"",""gender"":""M"",""hiddenPlayer"":false,""birthYear"":2008,""rankMovement"":-1,""rank"":8,""rankEqualFlag"":"""",""tournamentsPlayed"":32,""points"":2097.75,""profileImage"":""/media/16604/260127dk1_9137.jpg?crop=0.42427769606449772,0.045427892250383559,0.2483007486831158,0.29972899724484353&cropmode=percentage&width=54&height=72&rnd=134240463260000000"",""tournamentsPlayedSingles"":null,""tournamentsPlayedDoubles"":null,""pointsRankingSingles"":null,""pointsRankingDoubles"":null,""pointsRankingTotal"":null}"
800543488,Zangar Nurlanuly,Zangar,Nurlanuly,M,B,KAZ,Kazakhstan,,2008,2026,,https://www.itftennis.com/en/players/zangar-nurlanuly/800543488/kaz/jt/s/,9,1922.5,2026-06-02,2026-06-08,"{""playerId"":800543488,""playerFamilyName"":""Nurlanuly"",""playerGivenName"":""Zangar"",""playerNationalityCode"":""KAZ"",""playerNationality"":""Kazakhstan"",""profileLink"":""/en/players/zangar-nurlanuly/800543488/kaz/jt/s/"",""gender"":""M"",""hiddenPlayer"":false,""birthYear"":2008,""rankMovement"":-1,""rank"":9,""rankEqualFlag"":"""",""tournamentsPlayed"":18,""points"":1922.5,""profileImage"":""/remote.axd/media.itftennis.com/assetbank-itf/servlet/display?file=22137aa7cb680866847afd08.jpg&filename=unwatermarked_image-06-12-25-07-32.jpeg?crop=0.25578432914977189,0.012969663956006954,0.250917321775668,0.0532145312114924&cropmode=percentage&width=54&height=72&rnd=134100104960000000"",""tournamentsPlayedSingles"":null,""tournamentsPlayedDoubles"":null,""pointsRankingSingles"":null,""pointsRankingDoubles"":null,""pointsRankingTotal"":null}"
800692786,Jack Kennedy,Jack,Kennedy,M,B,USA,USA,,2008,2026,,https://www.itftennis.com/en/players/jack-kennedy/800692786/usa/jt/s/,10,1771,2026-06-02,2026-06-08,"{""playerId"":800692786,""playerFamilyName"":""Kennedy"",""playerGivenName"":""Jack"",""playerNationalityCode"":""USA"",""playerNationality"":""USA"",""profileLink"":""/en/players/jack-kennedy/800692786/usa/jt/s/"",""gender"":""M"",""hiddenPlayer"":false,""birthYear"":2008,""rankMovement"":1,""rank"":10,""rankEqualFlag"":"""",""tournamentsPlayed"":9,""points"":1771,""profileImage"":""/remote.axd/media.itftennis.com/assetbank-itf/servlet/display?file=22137aa7e12108768c7cfe3e.jpg?crop=0.19565217391304335,0,0.2760869565217392,0&cropmode=percentage&width=54&height=72&rnd=133722563110000000"",""tournamentsPlayedSingles"":null,""tournamentsPlayedDoubles"":null,""pointsRankingSingles"":null,""pointsRankingDoubles"":null,""pointsRankingTotal"":null}"
800571859,Dimitar Kisimov,Dimitar,Kisimov,M,B,BUL,Bulgaria,,2008,2026,,https://www.itftennis.com/en/players/dimitar-kisimov/800571859/bul/jt/s/,11,1713.75,2026-06-02,2026-06-08,"{""playerId"":800571859,""playerFamilyName"":""Kisimov"",""playerGivenName"":""Dimitar"",""playerNationalityCode"":""BUL"",""playerNationality"":""Bulgaria"",""profileLink"":""/en/players/dimitar-kisimov/800571859/bul/jt/s/"",""gender"":""M"",""hiddenPlayer"":false,""birthYear"":2008,""rankMovement"":-2,""rank"":11,""rankEqualFlag"":"""",""tournamentsPlayed"":35,""points"":1713.75,""profileImage"":""/media/1490/itf-uk-profile-placeholder-male.jpg?anchor=center&mode=crop&width=54&height=72&rnd=132174204480000000"",""tournamentsPlayedSingles"":null,""tournamentsPlayedDoubles"":null,""pointsRankingSingles"":null,""pointsRankingDoubles"":null,""pointsRankingTotal"":null}"
800696168,Yannik Alvarez,Yannik,Alvarez,M,B,PUR,Puerto Rico,,2008,2026,,https://www.itftennis.com/en/players/yannik-alvarez/800696168/pur/jt/s/,12,1665.25,2026-06-02,2026-06-08,"{""playerId"":800696168,""playerFamilyName"":""Alvarez"",""playerGivenName"":""Yannik"",""playerNationalityCode"":""PUR"",""playerNationality"":""Puerto Rico"",""profileLink"":""/en/players/yannik-alvarez/800696168/pur/jt/s/"",""gender"":""M"",""hiddenPlayer"":false,""birthYear"":2008,""rankMovement"":1,""rank"":12,""rankEqualFlag"":"""",""tournamentsPlayed"":31,""points"":1665.25,""profileImage"":""/media/1490/itf-uk-profile-placeholder-male.jpg?anchor=center&mode=crop&width=54&height=72&rnd=132174204480000000"",""tournamentsPlayedSingles"":null,""tournamentsPlayedDoubles"":null,""pointsRankingSingles"":null,""pointsRankingDoubles"":null,""pointsRankingTotal"":null}"
800717286,Andrew Johnson,Andrew,Johnson,M,B,USA,USA,,2009,2027,,https://www.itftennis.com/en/players/andrew-johnson/800717286/usa/jt/s/,13,1647.5,2026-06-02,2026-06-08,"{""playerId"":800717286,""playerFamilyName"":""Johnson"",""playerGivenName"":""Andrew"",""playerNationalityCode"":""USA"",""playerNationality"":""USA"",""profileLink"":""/en/players/andrew-johnson/800717286/usa/jt/s/"",""gender"":""M"",""hiddenPlayer"":false,""birthYear"":2009,""rankMovement"":-1,""rank"":13,""rankEqualFlag"":"""",""tournamentsPlayed"":23,""points"":1647.5,""profileImage"":""/remote.axd/media.itftennis.com/assetbank-itf/servlet/display?file=22137aa7cb250b588437fe18.jpg&filename=unwatermarked_Andy_for_ITF_BNP_Uno_Photo_-60.jpg?crop=0.21437529971150421,0.036609921288669349,0.18523488197167368,0.3044114955152824&cropmode=percentage&width=54&height=72&rnd=134172853900000000"",""tournamentsPlayedSingles"":null,""tournamentsPlayedDoubles"":null,""pointsRankingSingles"":null,""pointsRankingDoubles"":null,""pointsRankingTotal"":null}"
800600773,Nicolas Baena,Nicolas,Baena,M,B,PER,Peru,,2008,2026,,https://www.itftennis.com/en/players/nicolas-baena/800600773/per/jt/s/,14,1540.5,2026-06-02,2026-06-08,"{""playerId"":800600773,""playerFamilyName"":""Baena"",""playerGivenName"":""Nicolas"",""playerNationalityCode"":""PER"",""playerNationality"":""Peru"",""profileLink"":""/en/players/nicolas-baena/800600773/per/jt/s/"",""gender"":""M"",""hiddenPlayer"":false,""birthYear"":2008,""rankMovement"":4,""rank"":14,""rankEqualFlag"":"""",""tournamentsPlayed"":33,""points"":1540.5,""profileImage"":""/media/1490/itf-uk-profile-placeholder-male.jpg?anchor=center&mode=crop&width=54&height=72&rnd=132174204480000000"",""tournamentsPlayedSingles"":null,""tournamentsPlayedDoubles"":null,""pointsRankingSingles"":null,""pointsRankingDoubles"":null,""pointsRankingTotal"":null}"
800597355,Mathys Domenc,Mathys,Domenc,M,B,FRA,France,,2009,2027,,https://www.itftennis.com/en/players/mathys-domenc/800597355/fra/jt/s/,15,1538.5,2026-06-02,2026-06-08,"{""playerId"":800597355,""playerFamilyName"":""Domenc"",""playerGivenName"":""Mathys"",""playerNationalityCode"":""FRA"",""playerNationality"":""France"",""profileLink"":""/en/players/mathys-domenc/800597355/fra/jt/s/"",""gender"":""M"",""hiddenPlayer"":false,""birthYear"":2009,""rankMovement"":5,""rank"":15,""rankEqualFlag"":"""",""tournamentsPlayed"":21,""points"":1538.5,""profileImage"":""/media/1490/itf-uk-profile-placeholder-male.jpg?anchor=center&mode=crop&width=54&height=72&rnd=132174204480000000"",""tournamentsPlayedSingles"":null,""tournamentsPlayedDoubles"":null,""pointsRankingSingles"":null,""pointsRankingDoubles"":null,""pointsRankingTotal"":null}"
800692766,Kuan-Shou Chen,Kuan-Shou,Chen,M,B,TPE,Chinese Taipei,,2008,2026,,https://www.itftennis.com/en/players/kuan-shou-chen/800692766/tpe/jt/s/,16,1463.75,2026-06-02,2026-06-08,"{""playerId"":800692766,""playerFamilyName"":""Chen"",""playerGivenName"":""Kuan-Shou"",""playerNationalityCode"":""TPE"",""playerNationality"":""Chinese Taipei"",""profileLink"":""/en/players/kuan-shou-chen/800692766/tpe/jt/s/"",""gender"":""M"",""hiddenPlayer"":false,""birthYear"":2008,""rankMovement"":1,""rank"":16,""rankEqualFlag"":"""",""tournamentsPlayed"":32,""points"":1463.75,""profileImage"":""/media/1490/itf-uk-profile-placeholder-male.jpg?anchor=center&mode=crop&width=54&height=72&rnd=132174204480000000"",""tournamentsPlayedSingles"":null,""tournamentsPlayedDoubles"":null,""pointsRankingSingles"":null,""pointsRankingDoubles"":null,""pointsRankingTotal"":null}"
800658369,Dante Pagani,Dante,Pagani,M,B,ARG,Argentina,,2008,2026,,https://www.itftennis.com/en/players/dante-pagani/800658369/arg/jt/s/,17,1429.25,2026-06-02,2026-06-08,"{""playerId"":800658369,""playerFamilyName"":""Pagani"",""playerGivenName"":""Dante"",""playerNationalityCode"":""ARG"",""playerNationality"":""Argentina"",""profileLink"":""/en/players/dante-pagani/800658369/arg/jt/s/"",""gender"":""M"",""hiddenPlayer"":false,""birthYear"":2008,""rankMovement"":-1,""rank"":17,""rankEqualFlag"":"""",""tournamentsPlayed"":21,""points"":1429.25,""profileImage"":""/remote.axd/media.itftennis.com/assetbank-itf/servlet/display?file=22137aa7fd210b768437fd18.jpg&filename=unwatermarked_Dante_Pagani_(ARG)-012.JPG?crop=0.1743741289152968,0.10845986984815638,0.53136952854013986,0.37093275488069305&cropmode=percentage&width=54&height=72&rnd=134188216640000000"",""tournamentsPlayedSingles"":null,""tournamentsPlayedDoubles"":null,""pointsRankingSingles"":null,""pointsRankingDoubles"":null,""pointsRankingTotal"":null}"
800571129,Flynn Thomas,Flynn,Thomas,M,B,SUI,Switzerland,,2008,2026,,https://www.itftennis.com/en/players/flynn-thomas/800571129/sui/jt/s/,18,1421,2026-06-02,2026-06-08,"{""playerId"":800571129,""playerFamilyName"":""Thomas"",""playerGivenName"":""Flynn"",""playerNationalityCode"":""SUI"",""playerNationality"":""Switzerland"",""profileLink"":""/en/players/flynn-thomas/800571129/sui/jt/s/"",""gender"":""M"",""hiddenPlayer"":false,""birthYear"":2008,""rankMovement"":3,""rank"":18,""rankEqualFlag"":"""",""tournamentsPlayed"":28,""points"":1421,""profileImage"":""/remote.axd/media.itftennis.com/assetbank-itf/servlet/display?file=22137aa7e12108769434fd08.jpg?crop=0.23478260869565218,0,0.23695652173913037,0&cropmode=percentage&width=54&height=72&rnd=133722564900000000"",""tournamentsPlayedSingles"":null,""tournamentsPlayedDoubles"":null,""pointsRankingSingles"":null,""pointsRankingDoubles"":null,""pointsRankingTotal"":null}"
800590474,Tito Chavez,Tito,Chavez,M,B,ESP,Spain,,2008,2026,,https://www.itftennis.com/en/players/tito-chavez/800590474/esp/jt/s/,19,1420.75,2026-06-02,2026-06-08,"{""playerId"":800590474,""playerFamilyName"":""Chavez"",""playerGivenName"":""Tito"",""playerNationalityCode"":""ESP"",""playerNationality"":""Spain"",""profileLink"":""/en/players/tito-chavez/800590474/esp/jt/s/"",""gender"":""M"",""hiddenPlayer"":false,""birthYear"":2008,""rankMovement"":0,""rank"":19,""rankEqualFlag"":"""",""tournamentsPlayed"":39,""points"":1420.75,""profileImage"":""/media/1490/itf-uk-profile-placeholder-male.jpg?anchor=center&mode=crop&width=54&height=72&rnd=132174204480000000"",""tournamentsPlayedSingles"":null,""tournamentsPlayedDoubles"":null,""pointsRankingSingles"":null,""pointsRankingDoubles"":null,""pointsRankingTotal"":null}"
800573038,Arnav Paparkar,Arnav,Paparkar,M,B,IND,India,,2008,2026,,https://www.itftennis.com/en/players/arnav-paparkar/800573038/ind/jt/s/,20,1358,2026-06-02,2026-06-08,"{""playerId"":800573038,""playerFamilyName"":""Paparkar"",""playerGivenName"":""Arnav"",""playerNationalityCode"":""IND"",""playerNationality"":""India"",""profileLink"":""/en/players/arnav-paparkar/800573038/ind/jt/s/"",""gender"":""M"",""hiddenPlayer"":false,""birthYear"":2008,""rankMovement"":3,""rank"":20,""rankEqualFlag"":"""",""tournamentsPlayed"":29,""points"":1358,""profileImage"":""/media/1490/itf-uk-profile-placeholder-male.jpg?anchor=center&mode=crop&width=54&height=72&rnd=132174204480000000"",""tournamentsPlayedSingles"":null,""tournamentsPlayedDoubles"":null,""pointsRankingSingles"":null,""pointsRankingDoubles"":null,""pointsRankingTotal"":null}"
800676504,Leonardo Storck Franca,Leonardo,Storck Franca,M,B,BRA,Brazil,,2009,2027,,https://www.itftennis.com/en/players/leonardo-storck-franca/800676504/bra/jt/s/,21,1344.75,2026-06-02,2026-06-08,"{""playerId"":800676504,""playerFamilyName"":""Storck Franca"",""playerGivenName"":""Leonardo"",""playerNationalityCode"":""BRA"",""playerNationality"":""Brazil"",""profileLink"":""/en/players/leonardo-storck-franca/800676504/bra/jt/s/"",""gender"":""M"",""hiddenPlayer"":false,""birthYear"":2009,""rankMovement"":35,""rank"":21,""rankEqualFlag"":"""",""tournamentsPlayed"":31,""points"":1344.75,""profileImage"":""/media/1490/itf-uk-profile-placeholder-male.jpg?anchor=center&mode=crop&width=54&height=72&rnd=132174204480000000"",""tournamentsPlayedSingles"":null,""tournamentsPlayedDoubles"":null,""pointsRankingSingles"":null,""pointsRankingDoubles"":null,""pointsRankingTotal"":null}"
800720203,Jack Secord,Jack,Secord,M,B,USA,USA,,2008,2026,,https://www.itftennis.com/en/players/jack-secord/800720203/usa/jt/s/,22,1318.25,2026-06-02,2026-06-08,"{""playerId"":800720203,""playerFamilyName"":""Secord"",""playerGivenName"":""Jack"",""playerNationalityCode"":""USA"",""playerNationality"":""USA"",""profileLink"":""/en/players/jack-secord/800720203/usa/jt/s/"",""gender"":""M"",""hiddenPlayer"":false,""birthYear"":2008,""rankMovement"":2,""rank"":22,""rankEqualFlag"":"""",""tournamentsPlayed"":26,""points"":1318.25,""profileImage"":""/media/1490/itf-uk-profile-placeholder-male.jpg?anchor=center&mode=crop&width=54&height=72&rnd=132174204480000000"",""tournamentsPlayedSingles"":null,""tournamentsPlayedDoubles"":null,""pointsRankingSingles"":null,""pointsRankingDoubles"":null,""pointsRankingTotal"":null}"
800626357,Dan Brand,Dan,Brand,M,B,ISR,Israel,,2009,2027,,https://www.itftennis.com/en/players/dan-brand/800626357/isr/jt/s/,23,1278,2026-06-02,2026-06-08,"{""playerId"":800626357,""playerFamilyName"":""Brand"",""playerGivenName"":""Dan"",""playerNationalityCode"":""ISR"",""playerNationality"":""Israel"",""profileLink"":""/en/players/dan-brand/800626357/isr/jt/s/"",""gender"":""M"",""hiddenPlayer"":false,""birthYear"":2009,""rankMovement"":6,""rank"":23,""rankEqualFlag"":"""",""tournamentsPlayed"":46,""points"":1278,""profileImage"":""/media/1490/itf-uk-profile-placeholder-male.jpg?anchor=center&mode=crop&width=54&height=72&rnd=132174204480000000"",""tournamentsPlayedSingles"":null,""tournamentsPlayedDoubles"":null,""pointsRankingSingles"":null,""pointsRankingDoubles"":null,""pointsRankingTotal"":null}"
800635903,Vincent Reisach,Vincent,Reisach,M,B,GER,Germany,,2009,2027,,https://www.itftennis.com/en/players/vincent-reisach/800635903/ger/jt/s/,24,1271.25,2026-06-02,2026-06-08,"{""playerId"":800635903,""playerFamilyName"":""Reisach"",""playerGivenName"":""Vincent"",""playerNationalityCode"":""GER"",""playerNationality"":""Germany"",""profileLink"":""/en/players/vincent-reisach/800635903/ger/jt/s/"",""gender"":""M"",""hiddenPlayer"":false,""birthYear"":2009,""rankMovement"":19,""rank"":24,""rankEqualFlag"":"""",""tournamentsPlayed"":19,""points"":1271.25,""profileImage"":""/remote.axd/media.itftennis.com/assetbank-itf/servlet/display?file=22137aa7cb680858947afe18.jpg&filename=unwatermarked_justus.fotos-20241204-2024-12-04-9434.jpg?crop=0.27351332274572154,0.0058820069407682042,0.25004411505205393,0.57061349332392108&cropmode=percentage&width=54&height=72&rnd=134094202910000000"",""tournamentsPlayedSingles"":null,""tournamentsPlayedDoubles"":null,""pointsRankingSingles"":null,""pointsRankingDoubles"":null,""pointsRankingTotal"":null}"
800668600,Simone Massellani,Simone,Massellani,M,B,ITA,Italy,,2008,2026,,https://www.itftennis.com/en/players/simone-massellani/800668600/ita/jt/s/,25,1268,2026-06-02,2026-06-08,"{""playerId"":800668600,""playerFamilyName"":""Massellani"",""playerGivenName"":""Simone"",""playerNationalityCode"":""ITA"",""playerNationality"":""Italy"",""profileLink"":""/en/players/simone-massellani/800668600/ita/jt/s/"",""gender"":""M"",""hiddenPlayer"":false,""birthYear"":2008,""rankMovement"":-3,""rank"":25,""rankEqualFlag"":"""",""tournamentsPlayed"":31,""points"":1268,""profileImage"":""/media/1490/itf-uk-profile-placeholder-male.jpg?anchor=center&mode=crop&width=54&height=72&rnd=132174204480000000"",""tournamentsPlayedSingles"":null,""tournamentsPlayedDoubles"":null,""pointsRankingSingles"":null,""pointsRankingDoubles"":null,""pointsRankingTotal"":null}"
800681412,Daniel Jade,Daniel,Jade,M,B,FRA,France,,2009,2027,,https://www.itftennis.com/en/players/daniel-jade/800681412/fra/jt/s/,26,1261.75,2026-06-02,2026-06-08,"{""playerId"":800681412,""playerFamilyName"":""Jade"",""playerGivenName"":""Daniel"",""playerNationalityCode"":""FRA"",""playerNationality"":""France"",""profileLink"":""/en/players/daniel-jade/800681412/fra/jt/s/"",""gender"":""M"",""hiddenPlayer"":false,""birthYear"":2009,""rankMovement"":15,""rank"":26,""rankEqualFlag"":"""",""tournamentsPlayed"":25,""points"":1261.75,""profileImage"":""/media/1490/itf-uk-profile-placeholder-male.jpg?anchor=center&mode=crop&width=54&height=72&rnd=132174204480000000"",""tournamentsPlayedSingles"":null,""tournamentsPlayedDoubles"":null,""pointsRankingSingles"":null,""pointsRankingDoubles"":null,""pointsRankingTotal"":null}"
800589799,Raffaele Ciurnelli,Raffaele,Ciurnelli,M,B,ITA,Italy,,2008,2026,,https://www.itftennis.com/en/players/raffaele-ciurnelli/800589799/ita/jt/s/,27,1259.25,2026-06-02,2026-06-08,"{""playerId"":800589799,""playerFamilyName"":""Ciurnelli"",""playerGivenName"":""Raffaele"",""playerNationalityCode"":""ITA"",""playerNationality"":""Italy"",""profileLink"":""/en/players/raffaele-ciurnelli/800589799/ita/jt/s/"",""gender"":""M"",""hiddenPlayer"":false,""birthYear"":2008,""rankMovement"":4,""rank"":27,""rankEqualFlag"":"""",""tournamentsPlayed"":38,""points"":1259.25,""profileImage"":""/media/1490/itf-uk-profile-placeholder-male.jpg?anchor=center&mode=crop&width=54&height=72&rnd=132174204480000000"",""tournamentsPlayedSingles"":null,""tournamentsPlayedDoubles"":null,""pointsRankingSingles"":null,""pointsRankingDoubles"":null,""pointsRankingTotal"":null}"
800700658,Hyu Kawanishi,Hyu,Kawanishi,M,B,JPN,Japan,,2008,2026,,https://www.itftennis.com/en/players/hyu-kawanishi/800700658/jpn/jt/s/,28,1256,2026-06-02,2026-06-08,"{""playerId"":800700658,""playerFamilyName"":""Kawanishi"",""playerGivenName"":""Hyu"",""playerNationalityCode"":""JPN"",""playerNationality"":""Japan"",""profileLink"":""/en/players/hyu-kawanishi/800700658/jpn/jt/s/"",""gender"":""M"",""hiddenPlayer"":false,""birthYear"":2008,""rankMovement"":-3,""rank"":28,""rankEqualFlag"":"""",""tournamentsPlayed"":34,""points"":1256,""profileImage"":""/media/1490/itf-uk-profile-placeholder-male.jpg?anchor=center&mode=crop&width=54&height=72&rnd=132174204480000000"",""tournamentsPlayedSingles"":null,""tournamentsPlayedDoubles"":null,""pointsRankingSingles"":null,""pointsRankingDoubles"":null,""pointsRankingTotal"":null}"
800705107,Matteo Gribaldo,Matteo,Gribaldo,M,B,ITA,Italy,,2008,2026,,https://www.itftennis.com/en/players/matteo-gribaldo/800705107/ita/jt/s/,29,1248,2026-06-02,2026-06-08,"{""playerId"":800705107,""playerFamilyName"":""Gribaldo"",""playerGivenName"":""Matteo"",""playerNationalityCode"":""ITA"",""playerNationality"":""Italy"",""profileLink"":""/en/players/matteo-gribaldo/800705107/ita/jt/s/"",""gender"":""M"",""hiddenPlayer"":false,""birthYear"":2008,""rankMovement"":-3,""rank"":29,""rankEqualFlag"":"""",""tournamentsPlayed"":36,""points"":1248,""profileImage"":""/media/1490/itf-uk-profile-placeholder-male.jpg?anchor=center&mode=crop&width=54&height=72&rnd=132174204480000000"",""tournamentsPlayedSingles"":null,""tournamentsPlayedDoubles"":null,""pointsRankingSingles"":null,""pointsRankingDoubles"":null,""pointsRankingTotal"":null}"
800583844,Ryo Tabata,Ryo,Tabata,M,B,JPN,Japan,,2008,2026,,https://www.itftennis.com/en/players/ryo-tabata/800583844/jpn/jt/s/,30,1236,2026-06-02,2026-06-08,"{""playerId"":800583844,""playerFamilyName"":""Tabata"",""playerGivenName"":""Ryo"",""playerNationalityCode"":""JPN"",""playerNationality"":""Japan"",""profileLink"":""/en/players/ryo-tabata/800583844/jpn/jt/s/"",""gender"":""M"",""hiddenPlayer"":false,""birthYear"":2008,""rankMovement"":-20,""rank"":30,""rankEqualFlag"":"""",""tournamentsPlayed"":20,""points"":1236,""profileImage"":""/remote.axd/media.itftennis.com/assetbank-itf/servlet/display?file=22137aa7e5210866847afe2e.jpg?crop=0.29888312096901115,0.083897016412354,0.27638823344344665,0.53856640973205294&cropmode=percentage&width=54&height=72&rnd=134037980990000000"",""tournamentsPlayedSingles"":null,""tournamentsPlayedDoubles"":null,""pointsRankingSingles"":null,""pointsRankingDoubles"":null,""pointsRankingTotal"":null}"
800559166,Damir Zhalgasbay,Damir,Zhalgasbay,M,B,KAZ,Kazakhstan,,2008,2026,,https://www.itftennis.com/en/players/damir-zhalgasbay/800559166/kaz/jt/s/,31,1225.5,2026-06-02,2026-06-08,"{""playerId"":800559166,""playerFamilyName"":""Zhalgasbay"",""playerGivenName"":""Damir"",""playerNationalityCode"":""KAZ"",""playerNationality"":""Kazakhstan"",""profileLink"":""/en/players/damir-zhalgasbay/800559166/kaz/jt/s/"",""gender"":""M"",""hiddenPlayer"":false,""birthYear"":2008,""rankMovement"":-1,""rank"":31,""rankEqualFlag"":"""",""tournamentsPlayed"":36,""points"":1225.5,""profileImage"":""/media/1490/itf-uk-profile-placeholder-male.jpg?anchor=center&mode=crop&width=54&height=72&rnd=132174204480000000"",""tournamentsPlayedSingles"":null,""tournamentsPlayedDoubles"":null,""pointsRankingSingles"":null,""pointsRankingDoubles"":null,""pointsRankingTotal"":null}"
800591436,Kai Thompson,Kai,Thompson,M,B,HKG,"Hong Kong, China",,2008,2026,,https://www.itftennis.com/en/players/kai-thompson/800591436/hkg/jt/s/,32,1193.5,2026-06-02,2026-06-08,"{""playerId"":800591436,""playerFamilyName"":""Thompson"",""playerGivenName"":""Kai"",""playerNationalityCode"":""HKG"",""playerNationality"":""Hong Kong, China"",""profileLink"":""/en/players/kai-thompson/800591436/hkg/jt/s/"",""gender"":""M"",""hiddenPlayer"":false,""birthYear"":2008,""rankMovement"":0,""rank"":32,""rankEqualFlag"":"""",""tournamentsPlayed"":38,""points"":1193.5,""profileImage"":""/media/1490/itf-uk-profile-placeholder-male.jpg?anchor=center&mode=crop&width=54&height=72&rnd=132174204480000000"",""tournamentsPlayedSingles"":null,""tournamentsPlayedDoubles"":null,""pointsRankingSingles"":null,""pointsRankingDoubles"":null,""pointsRankingTotal"":null}"
800712851,Daniel Jovanovski,Daniel,Jovanovski,M,B,AUS,Australia,,2008,2026,,https://www.itftennis.com/en/players/daniel-jovanovski/800712851/aus/jt/s/,33,1181.75,2026-06-02,2026-06-08,"{""playerId"":800712851,""playerFamilyName"":""Jovanovski"",""playerGivenName"":""Daniel"",""playerNationalityCode"":""AUS"",""playerNationality"":""Australia"",""profileLink"":""/en/players/daniel-jovanovski/800712851/aus/jt/s/"",""gender"":""M"",""hiddenPlayer"":false,""birthYear"":2008,""rankMovement"":1,""rank"":33,""rankEqualFlag"":"""",""tournamentsPlayed"":26,""points"":1181.75,""profileImage"":""/media/1490/itf-uk-profile-placeholder-male.jpg?anchor=center&mode=crop&width=54&height=72&rnd=132174204480000000"",""tournamentsPlayedSingles"":null,""tournamentsPlayedDoubles"":null,""pointsRankingSingles"":null,""pointsRankingDoubles"":null,""pointsRankingTotal"":null}"
800721316,Ryan Cozad,Ryan,Cozad,M,B,USA,USA,,2008,2026,,https://www.itftennis.com/en/players/ryan-cozad/800721316/usa/jt/s/,34,1181.5,2026-06-02,2026-06-08,"{""playerId"":800721316,""playerFamilyName"":""Cozad"",""playerGivenName"":""Ryan"",""playerNationalityCode"":""USA"",""playerNationality"":""USA"",""profileLink"":""/en/players/ryan-cozad/800721316/usa/jt/s/"",""gender"":""M"",""hiddenPlayer"":false,""birthYear"":2008,""rankMovement"":-1,""rank"":34,""rankEqualFlag"":"""",""tournamentsPlayed"":34,""points"":1181.5,""profileImage"":""/media/1490/itf-uk-profile-placeholder-male.jpg?anchor=center&mode=crop&width=54&height=72&rnd=132174204480000000"",""tournamentsPlayedSingles"":null,""tournamentsPlayedDoubles"":null,""pointsRankingSingles"":null,""pointsRankingDoubles"":null,""pointsRankingTotal"":null}"
800565895,Matei Todoran,Matei,Todoran,M,B,ROU,Romania,,2008,2026,,https://www.itftennis.com/en/players/matei-todoran/800565895/rou/jt/s/,35,1148.5,2026-06-02,2026-06-08,"{""playerId"":800565895,""playerFamilyName"":""Todoran"",""playerGivenName"":""Matei"",""playerNationalityCode"":""ROU"",""playerNationality"":""Romania"",""profileLink"":""/en/players/matei-todoran/800565895/rou/jt/s/"",""gender"":""M"",""hiddenPlayer"":false,""birthYear"":2008,""rankMovement"":1,""rank"":35,""rankEqualFlag"":"""",""tournamentsPlayed"":33,""points"":1148.5,""profileImage"":""/media/1490/itf-uk-profile-placeholder-male.jpg?anchor=center&mode=crop&width=54&height=72&rnd=132174204480000000"",""tournamentsPlayedSingles"":null,""tournamentsPlayedDoubles"":null,""pointsRankingSingles"":null,""pointsRankingDoubles"":null,""pointsRankingTotal"":null}"
800646827,Mark Ceban,Mark,Ceban,M,B,GBR,Great Britain,,2009,2027,,https://www.itftennis.com/en/players/mark-ceban/800646827/gbr/jt/s/,36,1144.75,2026-06-02,2026-06-08,"{""playerId"":800646827,""playerFamilyName"":""Ceban"",""playerGivenName"":""Mark"",""playerNationalityCode"":""GBR"",""playerNationality"":""Great Britain"",""profileLink"":""/en/players/mark-ceban/800646827/gbr/jt/s/"",""gender"":""M"",""hiddenPlayer"":false,""birthYear"":2009,""rankMovement"":1,""rank"":36,""rankEqualFlag"":"""",""tournamentsPlayed"":33,""points"":1144.75,""profileImage"":""/media/1490/itf-uk-profile-placeholder-male.jpg?anchor=center&mode=crop&width=54&height=72&rnd=132174204480000000"",""tournamentsPlayedSingles"":null,""tournamentsPlayedDoubles"":null,""pointsRankingSingles"":null,""pointsRankingDoubles"":null,""pointsRankingTotal"":null}"
800650301,Pedro Henrique Chabalgoity,Pedro Henrique,Chabalgoity,M,B,BRA,Brazil,,2008,2026,,https://www.itftennis.com/en/players/pedro-henrique-chabalgoity/800650301/bra/jt/s/,37,1144.75,2026-06-02,2026-06-08,"{""playerId"":800650301,""playerFamilyName"":""Chabalgoity"",""playerGivenName"":""Pedro Henrique"",""playerNationalityCode"":""BRA"",""playerNationality"":""Brazil"",""profileLink"":""/en/players/pedro-henrique-chabalgoity/800650301/bra/jt/s/"",""gender"":""M"",""hiddenPlayer"":false,""birthYear"":2008,""rankMovement"":2,""rank"":37,""rankEqualFlag"":"""",""tournamentsPlayed"":30,""points"":1144.75,""profileImage"":""/media/1490/itf-uk-profile-placeholder-male.jpg?anchor=center&mode=crop&width=54&height=72&rnd=132174204480000000"",""tournamentsPlayedSingles"":null,""tournamentsPlayedDoubles"":null,""pointsRankingSingles"":null,""pointsRankingDoubles"":null,""pointsRankingTotal"":null}"
800686514,Kanta Watanabe,Kanta,Watanabe,M,B,JPN,Japan,,2009,2027,,https://www.itftennis.com/en/players/kanta-watanabe/800686514/jpn/jt/s/,38,1141,2026-06-02,2026-06-08,"{""playerId"":800686514,""playerFamilyName"":""Watanabe"",""playerGivenName"":""Kanta"",""playerNationalityCode"":""JPN"",""playerNationality"":""Japan"",""profileLink"":""/en/players/kanta-watanabe/800686514/jpn/jt/s/"",""gender"":""M"",""hiddenPlayer"":false,""birthYear"":2009,""rankMovement"":4,""rank"":38,""rankEqualFlag"":"""",""tournamentsPlayed"":33,""points"":1141,""profileImage"":""/media/1490/itf-uk-profile-placeholder-male.jpg?anchor=center&mode=crop&width=54&height=72&rnd=132174204480000000"",""tournamentsPlayedSingles"":null,""tournamentsPlayedDoubles"":null,""pointsRankingSingles"":null,""pointsRankingDoubles"":null,""pointsRankingTotal"":null}"
800654359,Emilio Camacho,Emilio,Camacho,M,B,ECU,Ecuador,,2009,2027,,https://www.itftennis.com/en/players/emilio-camacho/800654359/ecu/jt/s/,39,1141,2026-06-02,2026-06-08,"{""playerId"":800654359,""playerFamilyName"":""Camacho"",""playerGivenName"":""Emilio"",""playerNationalityCode"":""ECU"",""playerNationality"":""Ecuador"",""profileLink"":""/en/players/emilio-camacho/800654359/ecu/jt/s/"",""gender"":""M"",""hiddenPlayer"":false,""birthYear"":2009,""rankMovement"":-1,""rank"":39,""rankEqualFlag"":"""",""tournamentsPlayed"":36,""points"":1141,""profileImage"":""/remote.axd/media.itftennis.com/assetbank-itf/servlet/display?file=22137aa7cb230b48947cfe08.jpg&filename=unwatermarked_EMILIO_CAMACHO_1M4A6857.jpg?crop=0.41138285024154592,0.04886627197265625,0.38481280193236711,0.59957122802734375&cropmode=percentage&width=54&height=72&rnd=134151160460000000"",""tournamentsPlayedSingles"":null,""tournamentsPlayedDoubles"":null,""pointsRankingSingles"":null,""pointsRankingDoubles"":null,""pointsRankingTotal"":null}"
800661936,Leon Sloboda,Leon,Sloboda,M,B,SVK,Slovakia,,2009,2027,,https://www.itftennis.com/en/players/leon-sloboda/800661936/svk/jt/s/,40,1134.75,2026-06-02,2026-06-08,"{""playerId"":800661936,""playerFamilyName"":""Sloboda"",""playerGivenName"":""Leon"",""playerNationalityCode"":""SVK"",""playerNationality"":""Slovakia"",""profileLink"":""/en/players/leon-sloboda/800661936/svk/jt/s/"",""gender"":""M"",""hiddenPlayer"":false,""birthYear"":2009,""rankMovement"":5,""rank"":40,""rankEqualFlag"":"""",""tournamentsPlayed"":26,""points"":1134.75,""profileImage"":""/media/1490/itf-uk-profile-placeholder-male.jpg?anchor=center&mode=crop&width=54&height=72&rnd=132174204480000000"",""tournamentsPlayedSingles"":null,""tournamentsPlayedDoubles"":null,""pointsRankingSingles"":null,""pointsRankingDoubles"":null,""pointsRankingTotal"":null}"
800594039,Valentin Gonzalez-Galino,Valentin,Gonzalez-Galino,M,B,ESP,Spain,,2008,2026,,https://www.itftennis.com/en/players/valentin-gonzalez-galino/800594039/esp/jt/s/,41,1124.75,2026-06-02,2026-06-08,"{""playerId"":800594039,""playerFamilyName"":""Gonzalez-Galino"",""playerGivenName"":""Valentin"",""playerNationalityCode"":""ESP"",""playerNationality"":""Spain"",""profileLink"":""/en/players/valentin-gonzalez-galino/800594039/esp/jt/s/"",""gender"":""M"",""hiddenPlayer"":false,""birthYear"":2008,""rankMovement"":-1,""rank"":41,""rankEqualFlag"":"""",""tournamentsPlayed"":44,""points"":1124.75,""profileImage"":""/media/1490/itf-uk-profile-placeholder-male.jpg?anchor=center&mode=crop&width=54&height=72&rnd=132174204480000000"",""tournamentsPlayedSingles"":null,""tournamentsPlayedDoubles"":null,""pointsRankingSingles"":null,""pointsRankingDoubles"":null,""pointsRankingTotal"":null}"
800590346,Nikita Belozertsev,Nikita,Belozertsev,M,B,UZB,Uzbekistan,,2008,2026,,https://www.itftennis.com/en/players/nikita-belozertsev/800590346/uzb/jt/s/,42,1109.75,2026-06-02,2026-06-08,"{""playerId"":800590346,""playerFamilyName"":""Belozertsev"",""playerGivenName"":""Nikita"",""playerNationalityCode"":""UZB"",""playerNationality"":""Uzbekistan"",""profileLink"":""/en/players/nikita-belozertsev/800590346/uzb/jt/s/"",""gender"":""M"",""hiddenPlayer"":false,""birthYear"":2008,""rankMovement"":-14,""rank"":42,""rankEqualFlag"":"""",""tournamentsPlayed"":16,""points"":1109.75,""profileImage"":""/media/1490/itf-uk-profile-placeholder-male.jpg?anchor=center&mode=crop&width=54&height=72&rnd=132174204480000000"",""tournamentsPlayedSingles"":null,""tournamentsPlayedDoubles"":null,""pointsRankingSingles"":null,""pointsRankingDoubles"":null,""pointsRankingTotal"":null}"
800575096,Thijs Boogaard,Thijs,Boogaard,M,B,NED,Netherlands,,2008,2026,,https://www.itftennis.com/en/players/thijs-boogaard/800575096/ned/jt/s/,43,1100,2026-06-02,2026-06-08,"{""playerId"":800575096,""playerFamilyName"":""Boogaard"",""playerGivenName"":""Thijs"",""playerNationalityCode"":""NED"",""playerNationality"":""Netherlands"",""profileLink"":""/en/players/thijs-boogaard/800575096/ned/jt/s/"",""gender"":""M"",""hiddenPlayer"":false,""birthYear"":2008,""rankMovement"":-16,""rank"":43,""rankEqualFlag"":"""",""tournamentsPlayed"":5,""points"":1100,""profileImage"":""/remote.axd/media.itftennis.com/assetbank-itf/servlet/display?file=22137ab7cb230848847bff18.jpg?crop=0.23478260869565218,0,0.23695652173913037,0&cropmode=percentage&width=54&height=72&rnd=133964627930000000"",""tournamentsPlayedSingles"":null,""tournamentsPlayedDoubles"":null,""pointsRankingSingles"":null,""pointsRankingDoubles"":null,""pointsRankingTotal"":null}"
800597132,Jakub Kusy,Jakub,Kusy,M,B,CZE,Czechia,,2009,2027,,https://www.itftennis.com/en/players/jakub-kusy/800597132/cze/jt/s/,44,1100,2026-06-02,2026-06-08,"{""playerId"":800597132,""playerFamilyName"":""Kusy"",""playerGivenName"":""Jakub"",""playerNationalityCode"":""CZE"",""playerNationality"":""Czechia"",""profileLink"":""/en/players/jakub-kusy/800597132/cze/jt/s/"",""gender"":""M"",""hiddenPlayer"":false,""birthYear"":2009,""rankMovement"":0,""rank"":44,""rankEqualFlag"":"""",""tournamentsPlayed"":34,""points"":1100,""profileImage"":""/media/1490/itf-uk-profile-placeholder-male.jpg?anchor=center&mode=crop&width=54&height=72&rnd=132174204480000000"",""tournamentsPlayedSingles"":null,""tournamentsPlayedDoubles"":null,""pointsRankingSingles"":null,""pointsRankingDoubles"":null,""pointsRankingTotal"":null}"
800572955,Kirill Filaretov,Kirill,Filaretov,M,B,RUS,Russia,,2008,2026,,https://www.itftennis.com/en/players/kirill-filaretov/800572955/rus/jt/s/,45,1079,2026-06-02,2026-06-08,"{""playerId"":800572955,""playerFamilyName"":""Filaretov"",""playerGivenName"":""Kirill"",""playerNationalityCode"":""RUS"",""playerNationality"":""Russia"",""profileLink"":""/en/players/kirill-filaretov/800572955/rus/jt/s/"",""gender"":""M"",""hiddenPlayer"":false,""birthYear"":2008,""rankMovement"":1,""rank"":45,""rankEqualFlag"":"""",""tournamentsPlayed"":44,""points"":1079,""profileImage"":""/media/1490/itf-uk-profile-placeholder-male.jpg?anchor=center&mode=crop&width=54&height=72&rnd=132174204480000000"",""tournamentsPlayedSingles"":null,""tournamentsPlayedDoubles"":null,""pointsRankingSingles"":null,""pointsRankingDoubles"":null,""pointsRankingTotal"":null}"
800754035,Gavin Goode,Gavin,Goode,M,B,USA,USA,,2008,2026,,https://www.itftennis.com/en/players/gavin-goode/800754035/usa/jt/s/,46,1071.5,2026-06-02,2026-06-08,"{""playerId"":800754035,""playerFamilyName"":""Goode"",""playerGivenName"":""Gavin"",""playerNationalityCode"":""USA"",""playerNationality"":""USA"",""profileLink"":""/en/players/gavin-goode/800754035/usa/jt/s/"",""gender"":""M"",""hiddenPlayer"":false,""birthYear"":2008,""rankMovement"":1,""rank"":46,""rankEqualFlag"":"""",""tournamentsPlayed"":29,""points"":1071.5,""profileImage"":""/media/1490/itf-uk-profile-placeholder-male.jpg?anchor=center&mode=crop&width=54&height=72&rnd=132174204480000000"",""tournamentsPlayedSingles"":null,""tournamentsPlayedDoubles"":null,""pointsRankingSingles"":null,""pointsRankingDoubles"":null,""pointsRankingTotal"":null}"
800793512,Tanishk Konduri,Tanishk,Konduri,M,B,USA,USA,,2009,2027,,https://www.itftennis.com/en/players/tanishk-konduri/800793512/usa/jt/s/,47,1065.5,2026-06-02,2026-06-08,"{""playerId"":800793512,""playerFamilyName"":""Konduri"",""playerGivenName"":""Tanishk"",""playerNationalityCode"":""USA"",""playerNationality"":""USA"",""profileLink"":""/en/players/tanishk-konduri/800793512/usa/jt/s/"",""gender"":""M"",""hiddenPlayer"":false,""birthYear"":2009,""rankMovement"":1,""rank"":47,""rankEqualFlag"":"""",""tournamentsPlayed"":32,""points"":1065.5,""profileImage"":""/media/1490/itf-uk-profile-placeholder-male.jpg?anchor=center&mode=crop&width=54&height=72&rnd=132174204480000000"",""tournamentsPlayedSingles"":null,""tournamentsPlayedDoubles"":null,""pointsRankingSingles"":null,""pointsRankingDoubles"":null,""pointsRankingTotal"":null}"
800652195,Juan Miguel Bolivar Idarraga,Juan Miguel,Bolivar Idarraga,M,B,COL,Colombia,,2009,2027,,https://www.itftennis.com/en/players/juan-miguel-bolivar-idarraga/800652195/col/jt/s/,48,1041.25,2026-06-02,2026-06-08,"{""playerId"":800652195,""playerFamilyName"":""Bolivar Idarraga"",""playerGivenName"":""Juan Miguel"",""playerNationalityCode"":""COL"",""playerNationality"":""Colombia"",""profileLink"":""/en/players/juan-miguel-bolivar-idarraga/800652195/col/jt/s/"",""gender"":""M"",""hiddenPlayer"":false,""birthYear"":2009,""rankMovement"":1,""rank"":48,""rankEqualFlag"":"""",""tournamentsPlayed"":42,""points"":1041.25,""profileImage"":""/media/1490/itf-uk-profile-placeholder-male.jpg?anchor=center&mode=crop&width=54&height=72&rnd=132174204480000000"",""tournamentsPlayedSingles"":null,""tournamentsPlayedDoubles"":null,""pointsRankingSingles"":null,""pointsRankingDoubles"":null,""pointsRankingTotal"":null}"
800654119,Connor Doig,Connor,Doig,M,B,RSA,South Africa,,2008,2026,,https://www.itftennis.com/en/players/connor-doig/800654119/rsa/jt/s/,49,1036.75,2026-06-02,2026-06-08,"{""playerId"":800654119,""playerFamilyName"":""Doig"",""playerGivenName"":""Connor"",""playerNationalityCode"":""RSA"",""playerNationality"":""South Africa"",""profileLink"":""/en/players/connor-doig/800654119/rsa/jt/s/"",""gender"":""M"",""hiddenPlayer"":false,""birthYear"":2008,""rankMovement"":14,""rank"":49,""rankEqualFlag"":"""",""tournamentsPlayed"":33,""points"":1036.75,""profileImage"":""/media/1490/itf-uk-profile-placeholder-male.jpg?anchor=center&mode=crop&width=54&height=72&rnd=132174204480000000"",""tournamentsPlayedSingles"":null,""tournamentsPlayedDoubles"":null,""pointsRankingSingles"":null,""pointsRankingDoubles"":null,""pointsRankingTotal"":null}"
800590813,Savva Rybkin,Savva,Rybkin,M,B,RUS,Russia,,2009,2027,,https://www.itftennis.com/en/players/savva-rybkin/800590813/rus/jt/s/,50,1035.5,2026-06-02,2026-06-08,"{""playerId"":800590813,""playerFamilyName"":""Rybkin"",""playerGivenName"":""Savva"",""playerNationalityCode"":""RUS"",""playerNationality"":""Russia"",""profileLink"":""/en/players/savva-rybkin/800590813/rus/jt/s/"",""gender"":""M"",""hiddenPlayer"":false,""birthYear"":2009,""rankMovement"":-15,""rank"":50,""rankEqualFlag"":"""",""tournamentsPlayed"":32,""points"":1035.5,""profileImage"":""/media/1490/itf-uk-profile-placeholder-male.jpg?anchor=center&mode=crop&width=54&height=72&rnd=132174204480000000"",""tournamentsPlayedSingles"":null,""tournamentsPlayedDoubles"":null,""pointsRankingSingles"":null,""pointsRankingDoubles"":null,""pointsRankingTotal"":null}"
800661358,Filippo Alfano,Filippo,Alfano,M,B,ITA,Italy,,2008,2026,,https://www.itftennis.com/en/players/filippo-alfano/800661358/ita/jt/s/,51,1015,2026-06-02,2026-06-08,"{""playerId"":800661358,""playerFamilyName"":""Alfano"",""playerGivenName"":""Filippo"",""playerNationalityCode"":""ITA"",""playerNationality"":""Italy"",""profileLink"":""/en/players/filippo-alfano/800661358/ita/jt/s/"",""gender"":""M"",""hiddenPlayer"":false,""birthYear"":2008,""rankMovement"":-1,""rank"":51,""rankEqualFlag"":"""",""tournamentsPlayed"":29,""points"":1015,""profileImage"":""/media/1490/itf-uk-profile-placeholder-male.jpg?anchor=center&mode=crop&width=54&height=72&rnd=132174204480000000"",""tournamentsPlayedSingles"":null,""tournamentsPlayedDoubles"":null,""pointsRankingSingles"":null,""pointsRankingDoubles"":null,""pointsRankingTotal"":null}"
800781872,Safir Azam,Safir,Azam,M,B,USA,USA,,2009,2027,,https://www.itftennis.com/en/players/safir-azam/800781872/usa/jt/s/,52,1002.5,2026-06-02,2026-06-08,"{""playerId"":800781872,""playerFamilyName"":""Azam"",""playerGivenName"":""Safir"",""playerNationalityCode"":""USA"",""playerNationality"":""USA"",""profileLink"":""/en/players/safir-azam/800781872/usa/jt/s/"",""gender"":""M"",""hiddenPlayer"":false,""birthYear"":2009,""rankMovement"":1,""rank"":52,""rankEqualFlag"":"""",""tournamentsPlayed"":40,""points"":1002.5,""profileImage"":""/media/1490/itf-uk-profile-placeholder-male.jpg?anchor=center&mode=crop&width=54&height=72&rnd=132174204480000000"",""tournamentsPlayedSingles"":null,""tournamentsPlayedDoubles"":null,""pointsRankingSingles"":null,""pointsRankingDoubles"":null,""pointsRankingTotal"":null}"
800589275,Rihards Neimanis,Rihards,Neimanis,M,B,LAT,Latvia,,2008,2026,,https://www.itftennis.com/en/players/rihards-neimanis/800589275/lat/jt/s/,53,983.5,2026-06-02,2026-06-08,"{""playerId"":800589275,""playerFamilyName"":""Neimanis"",""playerGivenName"":""Rihards"",""playerNationalityCode"":""LAT"",""playerNationality"":""Latvia"",""profileLink"":""/en/players/rihards-neimanis/800589275/lat/jt/s/"",""gender"":""M"",""hiddenPlayer"":false,""birthYear"":2008,""rankMovement"":-2,""rank"":53,""rankEqualFlag"":"""",""tournamentsPlayed"":37,""points"":983.5,""profileImage"":""/media/1490/itf-uk-profile-placeholder-male.jpg?anchor=center&mode=crop&width=54&height=72&rnd=132174204480000000"",""tournamentsPlayedSingles"":null,""tournamentsPlayedDoubles"":null,""pointsRankingSingles"":null,""pointsRankingDoubles"":null,""pointsRankingTotal"":null}"
800699673,Jordan Lee,Jordan,Lee,M,B,USA,USA,,2010,2028,,https://www.itftennis.com/en/players/jordan-lee/800699673/usa/jt/s/,54,966,2026-06-02,2026-06-08,"{""playerId"":800699673,""playerFamilyName"":""Lee"",""playerGivenName"":""Jordan"",""playerNationalityCode"":""USA"",""playerNationality"":""USA"",""profileLink"":""/en/players/jordan-lee/800699673/usa/jt/s/"",""gender"":""M"",""hiddenPlayer"":false,""birthYear"":2010,""rankMovement"":-2,""rank"":54,""rankEqualFlag"":"""",""tournamentsPlayed"":11,""points"":966,""profileImage"":""/media/1490/itf-uk-profile-placeholder-male.jpg?anchor=center&mode=crop&width=54&height=72&rnd=132174204480000000"",""tournamentsPlayedSingles"":null,""tournamentsPlayedDoubles"":null,""pointsRankingSingles"":null,""pointsRankingDoubles"":null,""pointsRankingTotal"":null}"
800672226,Benjamin Azar,Benjamin,Azar,M,B,CAN,Canada,,2008,2026,,https://www.itftennis.com/en/players/benjamin-azar/800672226/can/jt/s/,55,954.25,2026-06-02,2026-06-08,"{""playerId"":800672226,""playerFamilyName"":""Azar"",""playerGivenName"":""Benjamin"",""playerNationalityCode"":""CAN"",""playerNationality"":""Canada"",""profileLink"":""/en/players/benjamin-azar/800672226/can/jt/s/"",""gender"":""M"",""hiddenPlayer"":false,""birthYear"":2008,""rankMovement"":-1,""rank"":55,""rankEqualFlag"":"""",""tournamentsPlayed"":45,""points"":954.25,""profileImage"":""/media/1490/itf-uk-profile-placeholder-male.jpg?anchor=center&mode=crop&width=54&height=72&rnd=132174204480000000"",""tournamentsPlayedSingles"":null,""tournamentsPlayedDoubles"":null,""pointsRankingSingles"":null,""pointsRankingDoubles"":null,""pointsRankingTotal"":null}"
800602130,Jan Sadzik,Jan,Sadzik,M,B,POL,Poland,,2008,2026,,https://www.itftennis.com/en/players/jan-sadzik/800602130/pol/jt/s/,56,953,2026-06-02,2026-06-08,"{""playerId"":800602130,""playerFamilyName"":""Sadzik"",""playerGivenName"":""Jan"",""playerNationalityCode"":""POL"",""playerNationality"":""Poland"",""profileLink"":""/en/players/jan-sadzik/800602130/pol/jt/s/"",""gender"":""M"",""hiddenPlayer"":false,""birthYear"":2008,""rankMovement"":-1,""rank"":56,""rankEqualFlag"":"""",""tournamentsPlayed"":43,""points"":953,""profileImage"":""/media/1490/itf-uk-profile-placeholder-male.jpg?anchor=center&mode=crop&width=54&height=72&rnd=132174204480000000"",""tournamentsPlayedSingles"":null,""tournamentsPlayedDoubles"":null,""pointsRankingSingles"":null,""pointsRankingDoubles"":null,""pointsRankingTotal"":null}"
800580909,Kunanan Pantaratorn,Kunanan,Pantaratorn,M,B,THA,Thailand,,2008,2026,,https://www.itftennis.com/en/players/kunanan-pantaratorn/800580909/tha/jt/s/,57,929.25,2026-06-02,2026-06-08,"{""playerId"":800580909,""playerFamilyName"":""Pantaratorn"",""playerGivenName"":""Kunanan"",""playerNationalityCode"":""THA"",""playerNationality"":""Thailand"",""profileLink"":""/en/players/kunanan-pantaratorn/800580909/tha/jt/s/"",""gender"":""M"",""hiddenPlayer"":false,""birthYear"":2008,""rankMovement"":2,""rank"":57,""rankEqualFlag"":"""",""tournamentsPlayed"":38,""points"":929.25,""profileImage"":""/media/1490/itf-uk-profile-placeholder-male.jpg?anchor=center&mode=crop&width=54&height=72&rnd=132174204480000000"",""tournamentsPlayedSingles"":null,""tournamentsPlayedDoubles"":null,""pointsRankingSingles"":null,""pointsRankingDoubles"":null,""pointsRankingTotal"":null}"
800626895,Eudald Gonzalez,Eudald,Gonzalez,M,B,ESP,Spain,,2008,2026,,https://www.itftennis.com/en/players/eudald-gonzalez/800626895/esp/jt/s/,58,925.5,2026-06-02,2026-06-08,"{""playerId"":800626895,""playerFamilyName"":""Gonzalez"",""playerGivenName"":""Eudald"",""playerNationalityCode"":""ESP"",""playerNationality"":""Spain"",""profileLink"":""/en/players/eudald-gonzalez/800626895/esp/jt/s/"",""gender"":""M"",""hiddenPlayer"":false,""birthYear"":2008,""rankMovement"":-1,""rank"":58,""rankEqualFlag"":"""",""tournamentsPlayed"":28,""points"":925.5,""profileImage"":""/media/1490/itf-uk-profile-placeholder-male.jpg?anchor=center&mode=crop&width=54&height=72&rnd=132174204480000000"",""tournamentsPlayedSingles"":null,""tournamentsPlayedDoubles"":null,""pointsRankingSingles"":null,""pointsRankingDoubles"":null,""pointsRankingTotal"":null}"
800678621,John Bothma,John,Bothma,M,B,RSA,South Africa,,2008,2026,,https://www.itftennis.com/en/players/john-bothma/800678621/rsa/jt/s/,59,917.25,2026-06-02,2026-06-08,"{""playerId"":800678621,""playerFamilyName"":""Bothma"",""playerGivenName"":""John"",""playerNationalityCode"":""RSA"",""playerNationality"":""South Africa"",""profileLink"":""/en/players/john-bothma/800678621/rsa/jt/s/"",""gender"":""M"",""hiddenPlayer"":false,""birthYear"":2008,""rankMovement"":-1,""rank"":59,""rankEqualFlag"":"""",""tournamentsPlayed"":44,""points"":917.25,""profileImage"":""/media/1490/itf-uk-profile-placeholder-male.jpg?anchor=center&mode=crop&width=54&height=72&rnd=132174204480000000"",""tournamentsPlayedSingles"":null,""tournamentsPlayedDoubles"":null,""pointsRankingSingles"":null,""pointsRankingDoubles"":null,""pointsRankingTotal"":null}"
800626993,Mustafa Ege Sik,Mustafa Ege,Sik,M,B,AUS,Australia,,2009,2027,,https://www.itftennis.com/en/players/mustafa-ege-sik/800626993/aus/jt/s/,60,916.75,2026-06-02,2026-06-08,"{""playerId"":800626993,""playerFamilyName"":""Sik"",""playerGivenName"":""Mustafa Ege"",""playerNationalityCode"":""AUS"",""playerNationality"":""Australia"",""profileLink"":""/en/players/mustafa-ege-sik/800626993/aus/jt/s/"",""gender"":""M"",""hiddenPlayer"":false,""birthYear"":2009,""rankMovement"":0,""rank"":60,""rankEqualFlag"":"""",""tournamentsPlayed"":39,""points"":916.75,""profileImage"":""/media/1490/itf-uk-profile-placeholder-male.jpg?anchor=center&mode=crop&width=54&height=72&rnd=132174204480000000"",""tournamentsPlayedSingles"":null,""tournamentsPlayedDoubles"":null,""pointsRankingSingles"":null,""pointsRankingDoubles"":null,""pointsRankingTotal"":null}"
800702395,Ntungamili RAGUIN,Ntungamili,RAGUIN,M,B,BOT,Botswana,,2009,2027,,https://www.itftennis.com/en/players/ntungamili-raguin/800702395/bot/jt/s/,61,905.5,2026-06-02,2026-06-08,"{""playerId"":800702395,""playerFamilyName"":""RAGUIN"",""playerGivenName"":""Ntungamili"",""playerNationalityCode"":""BOT"",""playerNationality"":""Botswana"",""profileLink"":""/en/players/ntungamili-raguin/800702395/bot/jt/s/"",""gender"":""M"",""hiddenPlayer"":false,""birthYear"":2009,""rankMovement"":0,""rank"":61,""rankEqualFlag"":"""",""tournamentsPlayed"":39,""points"":905.5,""profileImage"":""/remote.axd/media.itftennis.com/assetbank-itf/servlet/display?file=22137aa7cb250b589437ff08.jpg&filename=unwatermarked_Ntungamili_RAGUIN_(BOT).png?crop=0.36974185256706238,0.039011449860534127,0.41323575570879234,0.60988550139465869&cropmode=percentage&width=54&height=72&rnd=134165962450000000"",""tournamentsPlayedSingles"":null,""tournamentsPlayedDoubles"":null,""pointsRankingSingles"":null,""pointsRankingDoubles"":null,""pointsRankingTotal"":null}"
800698105,Maxi Carrascosa Diaz,Maxi,Carrascosa Diaz,M,B,ESP,Spain,,2008,2026,,https://www.itftennis.com/en/players/maxi-carrascosa-diaz/800698105/esp/jt/s/,62,904.25,2026-06-02,2026-06-08,"{""playerId"":800698105,""playerFamilyName"":""Carrascosa Diaz"",""playerGivenName"":""Maxi"",""playerNationalityCode"":""ESP"",""playerNationality"":""Spain"",""profileLink"":""/en/players/maxi-carrascosa-diaz/800698105/esp/jt/s/"",""gender"":""M"",""hiddenPlayer"":false,""birthYear"":2008,""rankMovement"":0,""rank"":62,""rankEqualFlag"":"""",""tournamentsPlayed"":22,""points"":904.25,""profileImage"":""/media/1490/itf-uk-profile-placeholder-male.jpg?anchor=center&mode=crop&width=54&height=72&rnd=132174204480000000"",""tournamentsPlayedSingles"":null,""tournamentsPlayedDoubles"":null,""pointsRankingSingles"":null,""pointsRankingDoubles"":null,""pointsRankingTotal"":null}"
800688513,Xavier Massotte,Xavier,Massotte,M,B,CAN,Canada,,2008,2026,,https://www.itftennis.com/en/players/xavier-massotte/800688513/can/jt/s/,63,886.75,2026-06-02,2026-06-08,"{""playerId"":800688513,""playerFamilyName"":""Massotte"",""playerGivenName"":""Xavier"",""playerNationalityCode"":""CAN"",""playerNationality"":""Canada"",""profileLink"":""/en/players/xavier-massotte/800688513/can/jt/s/"",""gender"":""M"",""hiddenPlayer"":false,""birthYear"":2008,""rankMovement"":1,""rank"":63,""rankEqualFlag"":"""",""tournamentsPlayed"":41,""points"":886.75,""profileImage"":""/media/1490/itf-uk-profile-placeholder-male.jpg?anchor=center&mode=crop&width=54&height=72&rnd=132174204480000000"",""tournamentsPlayedSingles"":null,""tournamentsPlayedDoubles"":null,""pointsRankingSingles"":null,""pointsRankingDoubles"":null,""pointsRankingTotal"":null}"
800695726,OLUWASEUN PETER OGUNSAKIN,OLUWASEUN PETER,OGUNSAKIN,M,B,NGR,Nigeria,,2009,2027,,https://www.itftennis.com/en/players/oluwaseun-peter-ogunsakin/800695726/ngr/jt/s/,64,884.25,2026-06-02,2026-06-08,"{""playerId"":800695726,""playerFamilyName"":""OGUNSAKIN"",""playerGivenName"":""OLUWASEUN PETER"",""playerNationalityCode"":""NGR"",""playerNationality"":""Nigeria"",""profileLink"":""/en/players/oluwaseun-peter-ogunsakin/800695726/ngr/jt/s/"",""gender"":""M"",""hiddenPlayer"":false,""birthYear"":2009,""rankMovement"":1,""rank"":64,""rankEqualFlag"":"""",""tournamentsPlayed"":41,""points"":884.25,""profileImage"":""/media/1490/itf-uk-profile-placeholder-male.jpg?anchor=center&mode=crop&width=54&height=72&rnd=132174204480000000"",""tournamentsPlayedSingles"":null,""tournamentsPlayedDoubles"":null,""pointsRankingSingles"":null,""pointsRankingDoubles"":null,""pointsRankingTotal"":null}"
800567149,Aaron Gabet,Aaron,Gabet,M,B,FRA,France,,2008,2026,,https://www.itftennis.com/en/players/aaron-gabet/800567149/fra/jt/s/,65,884,2026-06-02,2026-06-08,"{""playerId"":800567149,""playerFamilyName"":""Gabet"",""playerGivenName"":""Aaron"",""playerNationalityCode"":""FRA"",""playerNationality"":""France"",""profileLink"":""/en/players/aaron-gabet/800567149/fra/jt/s/"",""gender"":""M"",""hiddenPlayer"":false,""birthYear"":2008,""rankMovement"":1,""rank"":65,""rankEqualFlag"":"""",""tournamentsPlayed"":48,""points"":884,""profileImage"":""/media/1490/itf-uk-profile-placeholder-male.jpg?anchor=center&mode=crop&width=54&height=72&rnd=132174204480000000"",""tournamentsPlayedSingles"":null,""tournamentsPlayedDoubles"":null,""pointsRankingSingles"":null,""pointsRankingDoubles"":null,""pointsRankingTotal"":null}"
800573442,Marat Salbiev,Marat,Salbiev,M,B,RUS,Russia,,2008,2026,,https://www.itftennis.com/en/players/marat-salbiev/800573442/rus/jt/s/,66,880,2026-06-02,2026-06-08,"{""playerId"":800573442,""playerFamilyName"":""Salbiev"",""playerGivenName"":""Marat"",""playerNationalityCode"":""RUS"",""playerNationality"":""Russia"",""profileLink"":""/en/players/marat-salbiev/800573442/rus/jt/s/"",""gender"":""M"",""hiddenPlayer"":false,""birthYear"":2008,""rankMovement"":1,""rank"":66,""rankEqualFlag"":"""",""tournamentsPlayed"":37,""points"":880,""profileImage"":""/media/1490/itf-uk-profile-placeholder-male.jpg?anchor=center&mode=crop&width=54&height=72&rnd=132174204480000000"",""tournamentsPlayedSingles"":null,""tournamentsPlayedDoubles"":null,""pointsRankingSingles"":null,""pointsRankingDoubles"":null,""pointsRankingTotal"":null}"
800601948,Rhys Lawlor,Rhys,Lawlor,M,B,GBR,Great Britain,,2009,2027,,https://www.itftennis.com/en/players/rhys-lawlor/800601948/gbr/jt/s/,67,863.75,2026-06-02,2026-06-08,"{""playerId"":800601948,""playerFamilyName"":""Lawlor"",""playerGivenName"":""Rhys"",""playerNationalityCode"":""GBR"",""playerNationality"":""Great Britain"",""profileLink"":""/en/players/rhys-lawlor/800601948/gbr/jt/s/"",""gender"":""M"",""hiddenPlayer"":false,""birthYear"":2009,""rankMovement"":1,""rank"":67,""rankEqualFlag"":"""",""tournamentsPlayed"":36,""points"":863.75,""profileImage"":""/media/1490/itf-uk-profile-placeholder-male.jpg?anchor=center&mode=crop&width=54&height=72&rnd=132174204480000000"",""tournamentsPlayedSingles"":null,""tournamentsPlayedDoubles"":null,""pointsRankingSingles"":null,""pointsRankingDoubles"":null,""pointsRankingTotal"":null}"
800630877,Matei Victor Chelemen,Matei Victor,Chelemen,M,B,ROU,Romania,,2009,2027,,https://www.itftennis.com/en/players/matei-victor-chelemen/800630877/rou/jt/s/,68,862.5,2026-06-02,2026-06-08,"{""playerId"":800630877,""playerFamilyName"":""Chelemen"",""playerGivenName"":""Matei Victor"",""playerNationalityCode"":""ROU"",""playerNationality"":""Romania"",""profileLink"":""/en/players/matei-victor-chelemen/800630877/rou/jt/s/"",""gender"":""M"",""hiddenPlayer"":false,""birthYear"":2009,""rankMovement"":1,""rank"":68,""rankEqualFlag"":"""",""tournamentsPlayed"":45,""points"":862.5,""profileImage"":""/media/1490/itf-uk-profile-placeholder-male.jpg?anchor=center&mode=crop&width=54&height=72&rnd=132174204480000000"",""tournamentsPlayedSingles"":null,""tournamentsPlayedDoubles"":null,""pointsRankingSingles"":null,""pointsRankingDoubles"":null,""pointsRankingTotal"":null}"
800704311,Marcel Latak,Marcel,Latak,M,B,USA,USA,,2009,2027,,https://www.itftennis.com/en/players/marcel-latak/800704311/usa/jt/s/,69,850.25,2026-06-02,2026-06-08,"{""playerId"":800704311,""playerFamilyName"":""Latak"",""playerGivenName"":""Marcel"",""playerNationalityCode"":""USA"",""playerNationality"":""USA"",""profileLink"":""/en/players/marcel-latak/800704311/usa/jt/s/"",""gender"":""M"",""hiddenPlayer"":false,""birthYear"":2009,""rankMovement"":1,""rank"":69,""rankEqualFlag"":"""",""tournamentsPlayed"":21,""points"":850.25,""profileImage"":""/media/1490/itf-uk-profile-placeholder-male.jpg?anchor=center&mode=crop&width=54&height=72&rnd=132174204480000000"",""tournamentsPlayedSingles"":null,""tournamentsPlayedDoubles"":null,""pointsRankingSingles"":null,""pointsRankingDoubles"":null,""pointsRankingTotal"":null}"
800596852,Christopher Thies,Christopher,Thies,M,B,GER,Germany,,2008,2026,,https://www.itftennis.com/en/players/christopher-thies/800596852/ger/jt/s/,70,848,2026-06-02,2026-06-08,"{""playerId"":800596852,""playerFamilyName"":""Thies"",""playerGivenName"":""Christopher"",""playerNationalityCode"":""GER"",""playerNationality"":""Germany"",""profileLink"":""/en/players/christopher-thies/800596852/ger/jt/s/"",""gender"":""M"",""hiddenPlayer"":false,""birthYear"":2008,""rankMovement"":1,""rank"":70,""rankEqualFlag"":"""",""tournamentsPlayed"":54,""points"":848,""profileImage"":""/media/1490/itf-uk-profile-placeholder-male.jpg?anchor=center&mode=crop&width=54&height=72&rnd=132174204480000000"",""tournamentsPlayedSingles"":null,""tournamentsPlayedDoubles"":null,""pointsRankingSingles"":null,""pointsRankingDoubles"":null,""pointsRankingTotal"":null}"
800592189,Aleksander Blus,Aleksander,Blus,M,B,POL,Poland,,2008,2026,,https://www.itftennis.com/en/players/aleksander-blus/800592189/pol/jt/s/,71,847.25,2026-06-02,2026-06-08,"{""playerId"":800592189,""playerFamilyName"":""Blus"",""playerGivenName"":""Aleksander"",""playerNationalityCode"":""POL"",""playerNationality"":""Poland"",""profileLink"":""/en/players/aleksander-blus/800592189/pol/jt/s/"",""gender"":""M"",""hiddenPlayer"":false,""birthYear"":2008,""rankMovement"":1,""rank"":71,""rankEqualFlag"":"""",""tournamentsPlayed"":48,""points"":847.25,""profileImage"":""/media/1490/itf-uk-profile-placeholder-male.jpg?anchor=center&mode=crop&width=54&height=72&rnd=132174204480000000"",""tournamentsPlayedSingles"":null,""tournamentsPlayedDoubles"":null,""pointsRankingSingles"":null,""pointsRankingDoubles"":null,""pointsRankingTotal"":null}"
800651243,Kaan Isik Kosaner,Kaan Isik,Kosaner,M,B,TUR,Turkiye,,2009,2027,,https://www.itftennis.com/en/players/kaan-isik-kosaner/800651243/tur/jt/s/,72,843,2026-06-02,2026-06-08,"{""playerId"":800651243,""playerFamilyName"":""Kosaner"",""playerGivenName"":""Kaan Isik"",""playerNationalityCode"":""TUR"",""playerNationality"":""Turkiye"",""profileLink"":""/en/players/kaan-isik-kosaner/800651243/tur/jt/s/"",""gender"":""M"",""hiddenPlayer"":false,""birthYear"":2009,""rankMovement"":16,""rank"":72,""rankEqualFlag"":"""",""tournamentsPlayed"":30,""points"":843,""profileImage"":""/media/1490/itf-uk-profile-placeholder-male.jpg?anchor=center&mode=crop&width=54&height=72&rnd=132174204480000000"",""tournamentsPlayedSingles"":null,""tournamentsPlayedDoubles"":null,""pointsRankingSingles"":null,""pointsRankingDoubles"":null,""pointsRankingTotal"":null}"
800731255,Vihaan Reddy,Vihaan,Reddy,M,B,USA,USA,,2009,2027,,https://www.itftennis.com/en/players/vihaan-reddy/800731255/usa/jt/s/,73,825,2026-06-02,2026-06-08,"{""playerId"":800731255,""playerFamilyName"":""Reddy"",""playerGivenName"":""Vihaan"",""playerNationalityCode"":""USA"",""playerNationality"":""USA"",""profileLink"":""/en/players/vihaan-reddy/800731255/usa/jt/s/"",""gender"":""M"",""hiddenPlayer"":false,""birthYear"":2009,""rankMovement"":0,""rank"":73,""rankEqualFlag"":"""",""tournamentsPlayed"":26,""points"":825,""profileImage"":""/media/1490/itf-uk-profile-placeholder-male.jpg?anchor=center&mode=crop&width=54&height=72&rnd=132174204480000000"",""tournamentsPlayedSingles"":null,""tournamentsPlayedDoubles"":null,""pointsRankingSingles"":null,""pointsRankingDoubles"":null,""pointsRankingTotal"":null}"
800706603,Felix Roussel,Felix,Roussel,M,B,CAN,Canada,,2008,2026,,https://www.itftennis.com/en/players/felix-roussel/800706603/can/jt/s/,74,820,2026-06-02,2026-06-08,"{""playerId"":800706603,""playerFamilyName"":""Roussel"",""playerGivenName"":""Felix"",""playerNationalityCode"":""CAN"",""playerNationality"":""Canada"",""profileLink"":""/en/players/felix-roussel/800706603/can/jt/s/"",""gender"":""M"",""hiddenPlayer"":false,""birthYear"":2008,""rankMovement"":0,""rank"":74,""rankEqualFlag"":"""",""tournamentsPlayed"":24,""points"":820,""profileImage"":""/media/1490/itf-uk-profile-placeholder-male.jpg?anchor=center&mode=crop&width=54&height=72&rnd=132174204480000000"",""tournamentsPlayedSingles"":null,""tournamentsPlayedDoubles"":null,""pointsRankingSingles"":null,""pointsRankingDoubles"":null,""pointsRankingTotal"":null}"
800654550,Alvaro Ariel Frutos Alonso,Alvaro Ariel,Frutos Alonso,M,B,PAR,Paraguay,,2008,2026,,https://www.itftennis.com/en/players/alvaro-ariel-frutos-alonso/800654550/par/jt/s/,75,805,2026-06-02,2026-06-08,"{""playerId"":800654550,""playerFamilyName"":""Frutos Alonso"",""playerGivenName"":""Alvaro Ariel"",""playerNationalityCode"":""PAR"",""playerNationality"":""Paraguay"",""profileLink"":""/en/players/alvaro-ariel-frutos-alonso/800654550/par/jt/s/"",""gender"":""M"",""hiddenPlayer"":false,""birthYear"":2008,""rankMovement"":0,""rank"":75,""rankEqualFlag"":"""",""tournamentsPlayed"":32,""points"":805,""profileImage"":""/media/1490/itf-uk-profile-placeholder-male.jpg?anchor=center&mode=crop&width=54&height=72&rnd=132174204480000000"",""tournamentsPlayedSingles"":null,""tournamentsPlayedDoubles"":null,""pointsRankingSingles"":null,""pointsRankingDoubles"":null,""pointsRankingTotal"":null}"
800595066,Lucas Yunez,Lucas,Yunez,M,B,ECU,Ecuador,,2008,2026,,https://www.itftennis.com/en/players/lucas-yunez/800595066/ecu/jt/s/,76,800,2026-06-02,2026-06-08,"{""playerId"":800595066,""playerFamilyName"":""Yunez"",""playerGivenName"":""Lucas"",""playerNationalityCode"":""ECU"",""playerNationality"":""Ecuador"",""profileLink"":""/en/players/lucas-yunez/800595066/ecu/jt/s/"",""gender"":""M"",""hiddenPlayer"":false,""birthYear"":2008,""rankMovement"":0,""rank"":76,""rankEqualFlag"":"""",""tournamentsPlayed"":41,""points"":800,""profileImage"":""/media/1490/itf-uk-profile-placeholder-male.jpg?anchor=center&mode=crop&width=54&height=72&rnd=132174204480000000"",""tournamentsPlayedSingles"":null,""tournamentsPlayedDoubles"":null,""pointsRankingSingles"":null,""pointsRankingDoubles"":null,""pointsRankingTotal"":null}"
800589300,Svit Suljic,Svit,Suljic,M,B,SLO,Slovenia,,2009,2027,,https://www.itftennis.com/en/players/svit-suljic/800589300/slo/jt/s/,77,796.75,2026-06-02,2026-06-08,"{""playerId"":800589300,""playerFamilyName"":""Suljic"",""playerGivenName"":""Svit"",""playerNationalityCode"":""SLO"",""playerNationality"":""Slovenia"",""profileLink"":""/en/players/svit-suljic/800589300/slo/jt/s/"",""gender"":""M"",""hiddenPlayer"":false,""birthYear"":2009,""rankMovement"":0,""rank"":77,""rankEqualFlag"":"""",""tournamentsPlayed"":16,""points"":796.75,""profileImage"":""/media/1490/itf-uk-profile-placeholder-male.jpg?anchor=center&mode=crop&width=54&height=72&rnd=132174204480000000"",""tournamentsPlayedSingles"":null,""tournamentsPlayedDoubles"":null,""pointsRankingSingles"":null,""pointsRankingDoubles"":null,""pointsRankingTotal"":null}"
800662768,Jake Dembo,Jake,Dembo,M,B,AUS,Australia,,2008,2026,,https://www.itftennis.com/en/players/jake-dembo/800662768/aus/jt/s/,78,790.5,2026-06-02,2026-06-08,"{""playerId"":800662768,""playerFamilyName"":""Dembo"",""playerGivenName"":""Jake"",""playerNationalityCode"":""AUS"",""playerNationality"":""Australia"",""profileLink"":""/en/players/jake-dembo/800662768/aus/jt/s/"",""gender"":""M"",""hiddenPlayer"":false,""birthYear"":2008,""rankMovement"":0,""rank"":78,""rankEqualFlag"":"""",""tournamentsPlayed"":30,""points"":790.5,""profileImage"":""/media/1490/itf-uk-profile-placeholder-male.jpg?anchor=center&mode=crop&width=54&height=72&rnd=132174204480000000"",""tournamentsPlayedSingles"":null,""tournamentsPlayedDoubles"":null,""pointsRankingSingles"":null,""pointsRankingDoubles"":null,""pointsRankingTotal"":null}"
800755951,Takahiro Kawaguchi,Takahiro,Kawaguchi,M,B,JPN,Japan,,2010,2028,,https://www.itftennis.com/en/players/takahiro-kawaguchi/800755951/jpn/jt/s/,79,775.5,2026-06-02,2026-06-08,"{""playerId"":800755951,""playerFamilyName"":""Kawaguchi"",""playerGivenName"":""Takahiro"",""playerNationalityCode"":""JPN"",""playerNationality"":""Japan"",""profileLink"":""/en/players/takahiro-kawaguchi/800755951/jpn/jt/s/"",""gender"":""M"",""hiddenPlayer"":false,""birthYear"":2010,""rankMovement"":0,""rank"":79,""rankEqualFlag"":"""",""tournamentsPlayed"":39,""points"":775.5,""profileImage"":""/media/1490/itf-uk-profile-placeholder-male.jpg?anchor=center&mode=crop&width=54&height=72&rnd=132174204480000000"",""tournamentsPlayedSingles"":null,""tournamentsPlayedDoubles"":null,""pointsRankingSingles"":null,""pointsRankingDoubles"":null,""pointsRankingTotal"":null}"
800599675,Odysseas Geladaris,Odysseas,Geladaris,M,B,GRE,Greece,,2008,2026,,https://www.itftennis.com/en/players/odysseas-geladaris/800599675/gre/jt/s/,80,762,2026-06-02,2026-06-08,"{""playerId"":800599675,""playerFamilyName"":""Geladaris"",""playerGivenName"":""Odysseas"",""playerNationalityCode"":""GRE"",""playerNationality"":""Greece"",""profileLink"":""/en/players/odysseas-geladaris/800599675/gre/jt/s/"",""gender"":""M"",""hiddenPlayer"":false,""birthYear"":2008,""rankMovement"":0,""rank"":80,""rankEqualFlag"":"""",""tournamentsPlayed"":44,""points"":762,""profileImage"":""/media/1490/itf-uk-profile-placeholder-male.jpg?anchor=center&mode=crop&width=54&height=72&rnd=132174204480000000"",""tournamentsPlayedSingles"":null,""tournamentsPlayedDoubles"":null,""pointsRankingSingles"":null,""pointsRankingDoubles"":null,""pointsRankingTotal"":null}"
800706578,Navneet Raghuram,Navneet,Raghuram,M,B,USA,USA,,2009,2027,,https://www.itftennis.com/en/players/navneet-raghuram/800706578/usa/jt/s/,81,761.25,2026-06-02,2026-06-08,"{""playerId"":800706578,""playerFamilyName"":""Raghuram"",""playerGivenName"":""Navneet"",""playerNationalityCode"":""USA"",""playerNationality"":""USA"",""profileLink"":""/en/players/navneet-raghuram/800706578/usa/jt/s/"",""gender"":""M"",""hiddenPlayer"":false,""birthYear"":2009,""rankMovement"":0,""rank"":81,""rankEqualFlag"":"""",""tournamentsPlayed"":33,""points"":761.25,""profileImage"":""/media/1490/itf-uk-profile-placeholder-male.jpg?anchor=center&mode=crop&width=54&height=72&rnd=132174204480000000"",""tournamentsPlayedSingles"":null,""tournamentsPlayedDoubles"":null,""pointsRankingSingles"":null,""pointsRankingDoubles"":null,""pointsRankingTotal"":null}"
800587925,Oliver Majdandzic,Oliver,Majdandzic,M,B,GER,Germany,,2008,2026,,https://www.itftennis.com/en/players/oliver-majdandzic/800587925/ger/jt/s/,82,754.25,2026-06-02,2026-06-08,"{""playerId"":800587925,""playerFamilyName"":""Majdandzic"",""playerGivenName"":""Oliver"",""playerNationalityCode"":""GER"",""playerNationality"":""Germany"",""profileLink"":""/en/players/oliver-majdandzic/800587925/ger/jt/s/"",""gender"":""M"",""hiddenPlayer"":false,""birthYear"":2008,""rankMovement"":0,""rank"":82,""rankEqualFlag"":"""",""tournamentsPlayed"":44,""points"":754.25,""profileImage"":""/media/1490/itf-uk-profile-placeholder-male.jpg?anchor=center&mode=crop&width=54&height=72&rnd=132174204480000000"",""tournamentsPlayedSingles"":null,""tournamentsPlayedDoubles"":null,""pointsRankingSingles"":null,""pointsRankingDoubles"":null,""pointsRankingTotal"":null}"
800578788,Tymon Litwic,Tymon,Litwic,M,B,POL,Poland,,2008,2026,,https://www.itftennis.com/en/players/tymon-litwic/800578788/pol/jt/s/,83,744.75,2026-06-02,2026-06-08,"{""playerId"":800578788,""playerFamilyName"":""Litwic"",""playerGivenName"":""Tymon"",""playerNationalityCode"":""POL"",""playerNationality"":""Poland"",""profileLink"":""/en/players/tymon-litwic/800578788/pol/jt/s/"",""gender"":""M"",""hiddenPlayer"":false,""birthYear"":2008,""rankMovement"":0,""rank"":83,""rankEqualFlag"":"""",""tournamentsPlayed"":33,""points"":744.75,""profileImage"":""/media/1490/itf-uk-profile-placeholder-male.jpg?anchor=center&mode=crop&width=54&height=72&rnd=132174204480000000"",""tournamentsPlayedSingles"":null,""tournamentsPlayedDoubles"":null,""pointsRankingSingles"":null,""pointsRankingDoubles"":null,""pointsRankingTotal"":null}"
800602236,Alejandro Mateo Berge Nourescu,Alejandro Mateo,Berge Nourescu,M,B,ROU,Romania,,2008,2026,,https://www.itftennis.com/en/players/alejandro-mateo-berge-nourescu/800602236/rou/jt/s/,84,743.5,2026-06-02,2026-06-08,"{""playerId"":800602236,""playerFamilyName"":""Berge Nourescu"",""playerGivenName"":""Alejandro Mateo"",""playerNationalityCode"":""ROU"",""playerNationality"":""Romania"",""profileLink"":""/en/players/alejandro-mateo-berge-nourescu/800602236/rou/jt/s/"",""gender"":""M"",""hiddenPlayer"":false,""birthYear"":2008,""rankMovement"":0,""rank"":84,""rankEqualFlag"":"""",""tournamentsPlayed"":19,""points"":743.5,""profileImage"":""/media/1490/itf-uk-profile-placeholder-male.jpg?anchor=center&mode=crop&width=54&height=72&rnd=132174204480000000"",""tournamentsPlayedSingles"":null,""tournamentsPlayedDoubles"":null,""pointsRankingSingles"":null,""pointsRankingDoubles"":null,""pointsRankingTotal"":null}"
800602679,Min Hyuk Cho,Min Hyuk,Cho,M,B,KOR,"Korea, Rep.",,2009,2027,,https://www.itftennis.com/en/players/min-hyuk-cho/800602679/kor/jt/s/,85,737.5,2026-06-02,2026-06-08,"{""playerId"":800602679,""playerFamilyName"":""Cho"",""playerGivenName"":""Min Hyuk"",""playerNationalityCode"":""KOR"",""playerNationality"":""Korea, Rep."",""profileLink"":""/en/players/min-hyuk-cho/800602679/kor/jt/s/"",""gender"":""M"",""hiddenPlayer"":false,""birthYear"":2009,""rankMovement"":0,""rank"":85,""rankEqualFlag"":"""",""tournamentsPlayed"":39,""points"":737.5,""profileImage"":""/media/1490/itf-uk-profile-placeholder-male.jpg?anchor=center&mode=crop&width=54&height=72&rnd=132174204480000000"",""tournamentsPlayedSingles"":null,""tournamentsPlayedDoubles"":null,""pointsRankingSingles"":null,""pointsRankingDoubles"":null,""pointsRankingTotal"":null}"
800597850,Carel Aubriel Ngounoue,Carel Aubriel,Ngounoue,M,B,USA,USA,,2008,2026,,https://www.itftennis.com/en/players/carel-aubriel-ngounoue/800597850/usa/jt/s/,86,731,2026-06-02,2026-06-08,"{""playerId"":800597850,""playerFamilyName"":""Ngounoue"",""playerGivenName"":""Carel Aubriel"",""playerNationalityCode"":""USA"",""playerNationality"":""USA"",""profileLink"":""/en/players/carel-aubriel-ngounoue/800597850/usa/jt/s/"",""gender"":""M"",""hiddenPlayer"":false,""birthYear"":2008,""rankMovement"":0,""rank"":86,""rankEqualFlag"":"""",""tournamentsPlayed"":30,""points"":731,""profileImage"":""/media/1490/itf-uk-profile-placeholder-male.jpg?anchor=center&mode=crop&width=54&height=72&rnd=132174204480000000"",""tournamentsPlayedSingles"":null,""tournamentsPlayedDoubles"":null,""pointsRankingSingles"":null,""pointsRankingDoubles"":null,""pointsRankingTotal"":null}"
800602231,Ali Missoum,Ali,Missoum,M,B,MAR,Morocco,,2008,2026,,https://www.itftennis.com/en/players/ali-missoum/800602231/mar/jt/s/,87,726.75,2026-06-02,2026-06-08,"{""playerId"":800602231,""playerFamilyName"":""Missoum"",""playerGivenName"":""Ali"",""playerNationalityCode"":""MAR"",""playerNationality"":""Morocco"",""profileLink"":""/en/players/ali-missoum/800602231/mar/jt/s/"",""gender"":""M"",""hiddenPlayer"":false,""birthYear"":2008,""rankMovement"":0,""rank"":87,""rankEqualFlag"":"""",""tournamentsPlayed"":42,""points"":726.75,""profileImage"":""/media/1490/itf-uk-profile-placeholder-male.jpg?anchor=center&mode=crop&width=54&height=72&rnd=132174204480000000"",""tournamentsPlayedSingles"":null,""tournamentsPlayedDoubles"":null,""pointsRankingSingles"":null,""pointsRankingDoubles"":null,""pointsRankingTotal"":null}"
800697653,Agassi Rusher,Agassi,Rusher,M,B,USA,USA,,2008,2026,,https://www.itftennis.com/en/players/agassi-rusher/800697653/usa/jt/s/,88,723,2026-06-02,2026-06-08,"{""playerId"":800697653,""playerFamilyName"":""Rusher"",""playerGivenName"":""Agassi"",""playerNationalityCode"":""USA"",""playerNationality"":""USA"",""profileLink"":""/en/players/agassi-rusher/800697653/usa/jt/s/"",""gender"":""M"",""hiddenPlayer"":false,""birthYear"":2008,""rankMovement"":7,""rank"":88,""rankEqualFlag"":"""",""tournamentsPlayed"":41,""points"":723,""profileImage"":""/media/1490/itf-uk-profile-placeholder-male.jpg?anchor=center&mode=crop&width=54&height=72&rnd=132174204480000000"",""tournamentsPlayedSingles"":null,""tournamentsPlayedDoubles"":null,""pointsRankingSingles"":null,""pointsRankingDoubles"":null,""pointsRankingTotal"":null}"
800543492,Daniel Tazabekov,Daniel,Tazabekov,M,B,KAZ,Kazakhstan,,2008,2026,,https://www.itftennis.com/en/players/daniel-tazabekov/800543492/kaz/jt/s/,89,715.25,2026-06-02,2026-06-08,"{""playerId"":800543492,""playerFamilyName"":""Tazabekov"",""playerGivenName"":""Daniel"",""playerNationalityCode"":""KAZ"",""playerNationality"":""Kazakhstan"",""profileLink"":""/en/players/daniel-tazabekov/800543492/kaz/jt/s/"",""gender"":""M"",""hiddenPlayer"":false,""birthYear"":2008,""rankMovement"":0,""rank"":89,""rankEqualFlag"":"""",""tournamentsPlayed"":49,""points"":715.25,""profileImage"":""/media/1490/itf-uk-profile-placeholder-male.jpg?anchor=center&mode=crop&width=54&height=72&rnd=132174204480000000"",""tournamentsPlayedSingles"":null,""tournamentsPlayedDoubles"":null,""pointsRankingSingles"":null,""pointsRankingDoubles"":null,""pointsRankingTotal"":null}"
800629142,Francisco Fontes Damorim,Francisco,Fontes Damorim,M,B,BRA,Brazil,,2008,2026,,https://www.itftennis.com/en/players/francisco-fontes-damorim/800629142/bra/jt/s/,90,710.5,2026-06-02,2026-06-08,"{""playerId"":800629142,""playerFamilyName"":""Fontes Damorim"",""playerGivenName"":""Francisco"",""playerNationalityCode"":""BRA"",""playerNationality"":""Brazil"",""profileLink"":""/en/players/francisco-fontes-damorim/800629142/bra/jt/s/"",""gender"":""M"",""hiddenPlayer"":false,""birthYear"":2008,""rankMovement"":0,""rank"":90,""rankEqualFlag"":"""",""tournamentsPlayed"":23,""points"":710.5,""profileImage"":""/media/1490/itf-uk-profile-placeholder-male.jpg?anchor=center&mode=crop&width=54&height=72&rnd=132174204480000000"",""tournamentsPlayedSingles"":null,""tournamentsPlayedDoubles"":null,""pointsRankingSingles"":null,""pointsRankingDoubles"":null,""pointsRankingTotal"":null}"
800656311,Stan Put,Stan,Put,M,B,NED,Netherlands,,2010,2028,,https://www.itftennis.com/en/players/stan-put/800656311/ned/jt/s/,91,708.5,2026-06-02,2026-06-08,"{""playerId"":800656311,""playerFamilyName"":""Put"",""playerGivenName"":""Stan"",""playerNationalityCode"":""NED"",""playerNationality"":""Netherlands"",""profileLink"":""/en/players/stan-put/800656311/ned/jt/s/"",""gender"":""M"",""hiddenPlayer"":false,""birthYear"":2010,""rankMovement"":0,""rank"":91,""rankEqualFlag"":"""",""tournamentsPlayed"":35,""points"":708.5,""profileImage"":""/media/1490/itf-uk-profile-placeholder-male.jpg?anchor=center&mode=crop&width=54&height=72&rnd=132174204480000000"",""tournamentsPlayedSingles"":null,""tournamentsPlayedDoubles"":null,""pointsRankingSingles"":null,""pointsRankingDoubles"":null,""pointsRankingTotal"":null}"
800705312,Cooper Kose,Cooper,Kose,M,B,AUS,Australia,,2009,2027,,https://www.itftennis.com/en/players/cooper-kose/800705312/aus/jt/s/,92,708,2026-06-02,2026-06-08,"{""playerId"":800705312,""playerFamilyName"":""Kose"",""playerGivenName"":""Cooper"",""playerNationalityCode"":""AUS"",""playerNationality"":""Australia"",""profileLink"":""/en/players/cooper-kose/800705312/aus/jt/s/"",""gender"":""M"",""hiddenPlayer"":false,""birthYear"":2009,""rankMovement"":0,""rank"":92,""rankEqualFlag"":"""",""tournamentsPlayed"":37,""points"":708,""profileImage"":""/media/1490/itf-uk-profile-placeholder-male.jpg?anchor=center&mode=crop&width=54&height=72&rnd=132174204480000000"",""tournamentsPlayedSingles"":null,""tournamentsPlayedDoubles"":null,""pointsRankingSingles"":null,""pointsRankingDoubles"":null,""pointsRankingTotal"":null}"
800638980,Marko Bekeni,Marko,Bekeni,M,B,SVK,Slovakia,,2008,2026,,https://www.itftennis.com/en/players/marko-bekeni/800638980/svk/jt/s/,93,699.25,2026-06-02,2026-06-08,"{""playerId"":800638980,""playerFamilyName"":""Bekeni"",""playerGivenName"":""Marko"",""playerNationalityCode"":""SVK"",""playerNationality"":""Slovakia"",""profileLink"":""/en/players/marko-bekeni/800638980/svk/jt/s/"",""gender"":""M"",""hiddenPlayer"":false,""birthYear"":2008,""rankMovement"":1,""rank"":93,""rankEqualFlag"":"""",""tournamentsPlayed"":42,""points"":699.25,""profileImage"":""/media/1490/itf-uk-profile-placeholder-male.jpg?anchor=center&mode=crop&width=54&height=72&rnd=132174204480000000"",""tournamentsPlayedSingles"":null,""tournamentsPlayedDoubles"":null,""pointsRankingSingles"":null,""pointsRankingDoubles"":null,""pointsRankingTotal"":null}"
800594151,Felipe Vazquez,Felipe,Vazquez,M,B,URU,Uruguay,,2008,2026,,https://www.itftennis.com/en/players/felipe-vazquez/800594151/uru/jt/s/,94,681,2026-06-02,2026-06-08,"{""playerId"":800594151,""playerFamilyName"":""Vazquez"",""playerGivenName"":""Felipe"",""playerNationalityCode"":""URU"",""playerNationality"":""Uruguay"",""profileLink"":""/en/players/felipe-vazquez/800594151/uru/jt/s/"",""gender"":""M"",""hiddenPlayer"":false,""birthYear"":2008,""rankMovement"":2,""rank"":94,""rankEqualFlag"":"""",""tournamentsPlayed"":37,""points"":681,""profileImage"":""/media/1490/itf-uk-profile-placeholder-male.jpg?anchor=center&mode=crop&width=54&height=72&rnd=132174204480000000"",""tournamentsPlayedSingles"":null,""tournamentsPlayedDoubles"":null,""pointsRankingSingles"":null,""pointsRankingDoubles"":null,""pointsRankingTotal"":null}"
800584132,Ramazan Kaan Oktay,Ramazan Kaan,Oktay,M,B,TUR,Turkiye,,2008,2026,,https://www.itftennis.com/en/players/ramazan-kaan-oktay/800584132/tur/jt/s/,95,665,2026-06-02,2026-06-08,"{""playerId"":800584132,""playerFamilyName"":""Oktay"",""playerGivenName"":""Ramazan Kaan"",""playerNationalityCode"":""TUR"",""playerNationality"":""Turkiye"",""profileLink"":""/en/players/ramazan-kaan-oktay/800584132/tur/jt/s/"",""gender"":""M"",""hiddenPlayer"":false,""birthYear"":2008,""rankMovement"":2,""rank"":95,""rankEqualFlag"":"""",""tournamentsPlayed"":35,""points"":665,""profileImage"":""/media/1490/itf-uk-profile-placeholder-male.jpg?anchor=center&mode=crop&width=54&height=72&rnd=132174204480000000"",""tournamentsPlayedSingles"":null,""tournamentsPlayedDoubles"":null,""pointsRankingSingles"":null,""pointsRankingDoubles"":null,""pointsRankingTotal"":null}"
800709452,Roshan Santhosh,Roshan,Santhosh,M,B,USA,USA,,2008,2026,,https://www.itftennis.com/en/players/roshan-santhosh/800709452/usa/jt/s/,96,665,2026-06-02,2026-06-08,"{""playerId"":800709452,""playerFamilyName"":""Santhosh"",""playerGivenName"":""Roshan"",""playerNationalityCode"":""USA"",""playerNationality"":""USA"",""profileLink"":""/en/players/roshan-santhosh/800709452/usa/jt/s/"",""gender"":""M"",""hiddenPlayer"":false,""birthYear"":2008,""rankMovement"":-3,""rank"":96,""rankEqualFlag"":"""",""tournamentsPlayed"":35,""points"":665,""profileImage"":""/media/1490/itf-uk-profile-placeholder-male.jpg?anchor=center&mode=crop&width=54&height=72&rnd=132174204480000000"",""tournamentsPlayedSingles"":null,""tournamentsPlayedDoubles"":null,""pointsRankingSingles"":null,""pointsRankingDoubles"":null,""pointsRankingTotal"":null}"
800593329,Florian Zimmer,Florian,Zimmer,M,B,AUT,Austria,,2008,2026,,https://www.itftennis.com/en/players/florian-zimmer/800593329/aut/jt/s/,97,663,2026-06-02,2026-06-08,"{""playerId"":800593329,""playerFamilyName"":""Zimmer"",""playerGivenName"":""Florian"",""playerNationalityCode"":""AUT"",""playerNationality"":""Austria"",""profileLink"":""/en/players/florian-zimmer/800593329/aut/jt/s/"",""gender"":""M"",""hiddenPlayer"":false,""birthYear"":2008,""rankMovement"":1,""rank"":97,""rankEqualFlag"":"""",""tournamentsPlayed"":25,""points"":663,""profileImage"":""/media/1490/itf-uk-profile-placeholder-male.jpg?anchor=center&mode=crop&width=54&height=72&rnd=132174204480000000"",""tournamentsPlayedSingles"":null,""tournamentsPlayedDoubles"":null,""pointsRankingSingles"":null,""pointsRankingDoubles"":null,""pointsRankingTotal"":null}"
800595243,Michael Savano,Michael,Savano,M,B,USA,USA,,2008,2026,,https://www.itftennis.com/en/players/michael-savano/800595243/usa/jt/s/,98,660.5,2026-06-02,2026-06-08,"{""playerId"":800595243,""playerFamilyName"":""Savano"",""playerGivenName"":""Michael"",""playerNationalityCode"":""USA"",""playerNationality"":""USA"",""profileLink"":""/en/players/michael-savano/800595243/usa/jt/s/"",""gender"":""M"",""hiddenPlayer"":false,""birthYear"":2008,""rankMovement"":1,""rank"":98,""rankEqualFlag"":"""",""tournamentsPlayed"":27,""points"":660.5,""profileImage"":""/media/1490/itf-uk-profile-placeholder-male.jpg?anchor=center&mode=crop&width=54&height=72&rnd=132174204480000000"",""tournamentsPlayedSingles"":null,""tournamentsPlayedDoubles"":null,""pointsRankingSingles"":null,""pointsRankingDoubles"":null,""pointsRankingTotal"":null}"
800624130,Alberto Pulido Moreno,Alberto,Pulido Moreno,M,B,ESP,Spain,,2009,2027,,https://www.itftennis.com/en/players/alberto-pulido-moreno/800624130/esp/jt/s/,99,654.25,2026-06-02,2026-06-08,"{""playerId"":800624130,""playerFamilyName"":""Pulido Moreno"",""playerGivenName"":""Alberto"",""playerNationalityCode"":""ESP"",""playerNationality"":""Spain"",""profileLink"":""/en/players/alberto-pulido-moreno/800624130/esp/jt/s/"",""gender"":""M"",""hiddenPlayer"":false,""birthYear"":2009,""rankMovement"":1,""rank"":99,""rankEqualFlag"":"""",""tournamentsPlayed"":28,""points"":654.25,""profileImage"":""/media/1490/itf-uk-profile-placeholder-male.jpg?anchor=center&mode=crop&width=54&height=72&rnd=132174204480000000"",""tournamentsPlayedSingles"":null,""tournamentsPlayedDoubles"":null,""pointsRankingSingles"":null,""pointsRankingDoubles"":null,""pointsRankingTotal"":null}"
800693613,Luis Andres Flores Avila,Luis Andres,Flores Avila,M,B,MEX,Mexico,,2008,2026,,https://www.itftennis.com/en/players/luis-andres-flores-avila/800693613/mex/jt/s/,100,650,2026-06-02,2026-06-08,"{""playerId"":800693613,""playerFamilyName"":""Flores Avila"",""playerGivenName"":""Luis Andres"",""playerNationalityCode"":""MEX"",""playerNationality"":""Mexico"",""profileLink"":""/en/players/luis-andres-flores-avila/800693613/mex/jt/s/"",""gender"":""M"",""hiddenPlayer"":false,""birthYear"":2008,""rankMovement"":1,""rank"":100,""rankEqualFlag"":"""",""tournamentsPlayed"":45,""points"":650,""profileImage"":""/media/1490/itf-uk-profile-placeholder-male.jpg?anchor=center&mode=crop&width=54&height=72&rnd=132174204480000000"",""tournamentsPlayedSingles"":null,""tournamentsPlayedDoubles"":null,""pointsRankingSingles"":null,""pointsRankingDoubles"":null,""pointsRankingTotal"":null}"
800581740,Siu Chi Nicholas Cheng,Siu Chi Nicholas,Cheng,M,B,HKG,"Hong Kong, China",,2008,2026,,https://www.itftennis.com/en/players/siu-chi-nicholas-cheng/800581740/hkg/jt/s/,101,639.25,2026-06-02,2026-06-08,"{""playerId"":800581740,""playerFamilyName"":""Cheng"",""playerGivenName"":""Siu Chi Nicholas"",""playerNationalityCode"":""HKG"",""playerNationality"":""Hong Kong, China"",""profileLink"":""/en/players/siu-chi-nicholas-cheng/800581740/hkg/jt/s/"",""gender"":""M"",""hiddenPlayer"":false,""birthYear"":2008,""rankMovement"":2,""rank"":101,""rankEqualFlag"":"""",""tournamentsPlayed"":42,""points"":639.25,""profileImage"":""/media/1490/itf-uk-profile-placeholder-male.jpg?anchor=center&mode=crop&width=54&height=72&rnd=132174204480000000"",""tournamentsPlayedSingles"":null,""tournamentsPlayedDoubles"":null,""pointsRankingSingles"":null,""pointsRankingDoubles"":null,""pointsRankingTotal"":null}"
800583661,Mickael Kaouk,Mickael,Kaouk,M,B,FRA,France,,2008,2026,,https://www.itftennis.com/en/players/mickael-kaouk/800583661/fra/jt/s/,102,638,2026-06-02,2026-06-08,"{""playerId"":800583661,""playerFamilyName"":""Kaouk"",""playerGivenName"":""Mickael"",""playerNationalityCode"":""FRA"",""playerNationality"":""France"",""profileLink"":""/en/players/mickael-kaouk/800583661/fra/jt/s/"",""gender"":""M"",""hiddenPlayer"":false,""birthYear"":2008,""rankMovement"":0,""rank"":102,""rankEqualFlag"":"""",""tournamentsPlayed"":27,""points"":638,""profileImage"":""/media/1490/itf-uk-profile-placeholder-male.jpg?anchor=center&mode=crop&width=54&height=72&rnd=132174204480000000"",""tournamentsPlayedSingles"":null,""tournamentsPlayedDoubles"":null,""pointsRankingSingles"":null,""pointsRankingDoubles"":null,""pointsRankingTotal"":null}"
800621001,Eric Dylan Mueller,Eric Dylan,Mueller,M,B,GER,Germany,,2009,2027,,https://www.itftennis.com/en/players/eric-dylan-mueller/800621001/ger/jt/s/,103,635.75,2026-06-02,2026-06-08,"{""playerId"":800621001,""playerFamilyName"":""Mueller"",""playerGivenName"":""Eric Dylan"",""playerNationalityCode"":""GER"",""playerNationality"":""Germany"",""profileLink"":""/en/players/eric-dylan-mueller/800621001/ger/jt/s/"",""gender"":""M"",""hiddenPlayer"":false,""birthYear"":2009,""rankMovement"":1,""rank"":103,""rankEqualFlag"":"""",""tournamentsPlayed"":31,""points"":635.75,""profileImage"":""/media/1490/itf-uk-profile-placeholder-male.jpg?anchor=center&mode=crop&width=54&height=72&rnd=132174204480000000"",""tournamentsPlayedSingles"":null,""tournamentsPlayedDoubles"":null,""pointsRankingSingles"":null,""pointsRankingDoubles"":null,""pointsRankingTotal"":null}"
800626211,Roberto Perez socas,Roberto,Perez socas,M,B,ESP,Spain,,2008,2026,,https://www.itftennis.com/en/players/roberto-perez-socas/800626211/esp/jt/s/,104,632.5,2026-06-02,2026-06-08,"{""playerId"":800626211,""playerFamilyName"":""Perez socas"",""playerGivenName"":""Roberto"",""playerNationalityCode"":""ESP"",""playerNationality"":""Spain"",""profileLink"":""/en/players/roberto-perez-socas/800626211/esp/jt/s/"",""gender"":""M"",""hiddenPlayer"":false,""birthYear"":2008,""rankMovement"":1,""rank"":104,""rankEqualFlag"":"""",""tournamentsPlayed"":43,""points"":632.5,""profileImage"":""/media/1490/itf-uk-profile-placeholder-male.jpg?anchor=center&mode=crop&width=54&height=72&rnd=132174204480000000"",""tournamentsPlayedSingles"":null,""tournamentsPlayedDoubles"":null,""pointsRankingSingles"":null,""pointsRankingDoubles"":null,""pointsRankingTotal"":null}"
800733775,Koki Nara,Koki,Nara,M,B,JPN,Japan,,2009,2027,,https://www.itftennis.com/en/players/koki-nara/800733775/jpn/jt/s/,105,624,2026-06-02,2026-06-08,"{""playerId"":800733775,""playerFamilyName"":""Nara"",""playerGivenName"":""Koki"",""playerNationalityCode"":""JPN"",""playerNationality"":""Japan"",""profileLink"":""/en/players/koki-nara/800733775/jpn/jt/s/"",""gender"":""M"",""hiddenPlayer"":false,""birthYear"":2009,""rankMovement"":1,""rank"":105,""rankEqualFlag"":"""",""tournamentsPlayed"":43,""points"":624,""profileImage"":""/media/1490/itf-uk-profile-placeholder-male.jpg?anchor=center&mode=crop&width=54&height=72&rnd=132174204480000000"",""tournamentsPlayedSingles"":null,""tournamentsPlayedDoubles"":null,""pointsRankingSingles"":null,""pointsRankingDoubles"":null,""pointsRankingTotal"":null}"
800660771,Alessandro Hunziker,Alessandro,Hunziker,M,B,SUI,Switzerland,,2009,2027,,https://www.itftennis.com/en/players/alessandro-hunziker/800660771/sui/jt/s/,106,622.5,2026-06-02,2026-06-08,"{""playerId"":800660771,""playerFamilyName"":""Hunziker"",""playerGivenName"":""Alessandro"",""playerNationalityCode"":""SUI"",""playerNationality"":""Switzerland"",""profileLink"":""/en/players/alessandro-hunziker/800660771/sui/jt/s/"",""gender"":""M"",""hiddenPlayer"":false,""birthYear"":2009,""rankMovement"":1,""rank"":106,""rankEqualFlag"":"""",""tournamentsPlayed"":30,""points"":622.5,""profileImage"":""/media/1490/itf-uk-profile-placeholder-male.jpg?anchor=center&mode=crop&width=54&height=72&rnd=132174204480000000"",""tournamentsPlayedSingles"":null,""tournamentsPlayedDoubles"":null,""pointsRankingSingles"":null,""pointsRankingDoubles"":null,""pointsRankingTotal"":null}"
800711858,Ymerali Ibraimi,Ymerali,Ibraimi,M,B,AUS,Australia,,2009,2027,,https://www.itftennis.com/en/players/ymerali-ibraimi/800711858/aus/jt/s/,107,621,2026-06-02,2026-06-08,"{""playerId"":800711858,""playerFamilyName"":""Ibraimi"",""playerGivenName"":""Ymerali"",""playerNationalityCode"":""AUS"",""playerNationality"":""Australia"",""profileLink"":""/en/players/ymerali-ibraimi/800711858/aus/jt/s/"",""gender"":""M"",""hiddenPlayer"":false,""birthYear"":2009,""rankMovement"":1,""rank"":107,""rankEqualFlag"":"""",""tournamentsPlayed"":27,""points"":621,""profileImage"":""/media/1490/itf-uk-profile-placeholder-male.jpg?anchor=center&mode=crop&width=54&height=72&rnd=132174204480000000"",""tournamentsPlayedSingles"":null,""tournamentsPlayedDoubles"":null,""pointsRankingSingles"":null,""pointsRankingDoubles"":null,""pointsRankingTotal"":null}"
800716347,Livas Eduardo De Carvalho Damazio,Livas Eduardo,De Carvalho Damazio,M,B,BRA,Brazil,,2010,2028,,https://www.itftennis.com/en/players/livas-eduardo-de-carvalho-damazio/800716347/bra/jt/s/,108,620.5,2026-06-02,2026-06-08,"{""playerId"":800716347,""playerFamilyName"":""De Carvalho Damazio"",""playerGivenName"":""Livas Eduardo"",""playerNationalityCode"":""BRA"",""playerNationality"":""Brazil"",""profileLink"":""/en/players/livas-eduardo-de-carvalho-damazio/800716347/bra/jt/s/"",""gender"":""M"",""hiddenPlayer"":false,""birthYear"":2010,""rankMovement"":1,""rank"":108,""rankEqualFlag"":"""",""tournamentsPlayed"":29,""points"":620.5,""profileImage"":""/media/1490/itf-uk-profile-placeholder-male.jpg?anchor=center&mode=crop&width=54&height=72&rnd=132174204480000000"",""tournamentsPlayedSingles"":null,""tournamentsPlayedDoubles"":null,""pointsRankingSingles"":null,""pointsRankingDoubles"":null,""pointsRankingTotal"":null}"
800732025,Izyan Ahmad,Izyan,Ahmad,M,B,USA,USA,,2010,2028,,https://www.itftennis.com/en/players/izyan-ahmad/800732025/usa/jt/s/,109,618.75,2026-06-02,2026-06-08,"{""playerId"":800732025,""playerFamilyName"":""Ahmad"",""playerGivenName"":""Izyan"",""playerNationalityCode"":""USA"",""playerNationality"":""USA"",""profileLink"":""/en/players/izyan-ahmad/800732025/usa/jt/s/"",""gender"":""M"",""hiddenPlayer"":false,""birthYear"":2010,""rankMovement"":1,""rank"":109,""rankEqualFlag"":"""",""tournamentsPlayed"":30,""points"":618.75,""profileImage"":""/media/1490/itf-uk-profile-placeholder-male.jpg?anchor=center&mode=crop&width=54&height=72&rnd=132174204480000000"",""tournamentsPlayedSingles"":null,""tournamentsPlayedDoubles"":null,""pointsRankingSingles"":null,""pointsRankingDoubles"":null,""pointsRankingTotal"":null}"
800671311,Alessandro Rubini Garcia Belaunde,Alessandro,Rubini Garcia Belaunde,M,B,PER,Peru,,2009,2027,,https://www.itftennis.com/en/players/alessandro-rubini-garcia-belaunde/800671311/per/jt/s/,110,610,2026-06-02,2026-06-08,"{""playerId"":800671311,""playerFamilyName"":""Rubini Garcia Belaunde"",""playerGivenName"":""Alessandro"",""playerNationalityCode"":""PER"",""playerNationality"":""Peru"",""profileLink"":""/en/players/alessandro-rubini-garcia-belaunde/800671311/per/jt/s/"",""gender"":""M"",""hiddenPlayer"":false,""birthYear"":2009,""rankMovement"":1,""rank"":110,""rankEqualFlag"":"""",""tournamentsPlayed"":26,""points"":610,""profileImage"":""/media/1490/itf-uk-profile-placeholder-male.jpg?anchor=center&mode=crop&width=54&height=72&rnd=132174204480000000"",""tournamentsPlayedSingles"":null,""tournamentsPlayedDoubles"":null,""pointsRankingSingles"":null,""pointsRankingDoubles"":null,""pointsRankingTotal"":null}"
800705065,Nikolas Baker,Nikolas,Baker,M,B,AUS,Australia,,2009,2027,,https://www.itftennis.com/en/players/nikolas-baker/800705065/aus/jt/s/,111,603.5,2026-06-02,2026-06-08,"{""playerId"":800705065,""playerFamilyName"":""Baker"",""playerGivenName"":""Nikolas"",""playerNationalityCode"":""AUS"",""playerNationality"":""Australia"",""profileLink"":""/en/players/nikolas-baker/800705065/aus/jt/s/"",""gender"":""M"",""hiddenPlayer"":false,""birthYear"":2009,""rankMovement"":1,""rank"":111,""rankEqualFlag"":"""",""tournamentsPlayed"":28,""points"":603.5,""profileImage"":""/media/1490/itf-uk-profile-placeholder-male.jpg?anchor=center&mode=crop&width=54&height=72&rnd=132174204480000000"",""tournamentsPlayedSingles"":null,""tournamentsPlayedDoubles"":null,""pointsRankingSingles"":null,""pointsRankingDoubles"":null,""pointsRankingTotal"":null}"
800637063,Jan Chlodnicki,Jan,Chlodnicki,M,B,POL,Poland,,2008,2026,,https://www.itftennis.com/en/players/jan-chlodnicki/800637063/pol/jt/s/,112,602.75,2026-06-02,2026-06-08,"{""playerId"":800637063,""playerFamilyName"":""Chlodnicki"",""playerGivenName"":""Jan"",""playerNationalityCode"":""POL"",""playerNationality"":""Poland"",""profileLink"":""/en/players/jan-chlodnicki/800637063/pol/jt/s/"",""gender"":""M"",""hiddenPlayer"":false,""birthYear"":2008,""rankMovement"":1,""rank"":112,""rankEqualFlag"":"""",""tournamentsPlayed"":44,""points"":602.75,""profileImage"":""/media/1490/itf-uk-profile-placeholder-male.jpg?anchor=center&mode=crop&width=54&height=72&rnd=132174204480000000"",""tournamentsPlayedSingles"":null,""tournamentsPlayedDoubles"":null,""pointsRankingSingles"":null,""pointsRankingDoubles"":null,""pointsRankingTotal"":null}"
800622039,Thomas Gunzinger,Thomas,Gunzinger,M,B,SUI,Switzerland,,2008,2026,,https://www.itftennis.com/en/players/thomas-gunzinger/800622039/sui/jt/s/,113,602,2026-06-02,2026-06-08,"{""playerId"":800622039,""playerFamilyName"":""Gunzinger"",""playerGivenName"":""Thomas"",""playerNationalityCode"":""SUI"",""playerNationality"":""Switzerland"",""profileLink"":""/en/players/thomas-gunzinger/800622039/sui/jt/s/"",""gender"":""M"",""hiddenPlayer"":false,""birthYear"":2008,""rankMovement"":1,""rank"":113,""rankEqualFlag"":"""",""tournamentsPlayed"":30,""points"":602,""profileImage"":""/media/1490/itf-uk-profile-placeholder-male.jpg?anchor=center&mode=crop&width=54&height=72&rnd=132174204480000000"",""tournamentsPlayedSingles"":null,""tournamentsPlayedDoubles"":null,""pointsRankingSingles"":null,""pointsRankingDoubles"":null,""pointsRankingTotal"":null}"
800722515,Junseo Jang,Junseo,Jang,M,B,KOR,"Korea, Rep.",,2011,2029,,https://www.itftennis.com/en/players/junseo-jang/800722515/kor/jt/s/,114,597,2026-06-02,2026-06-08,"{""playerId"":800722515,""playerFamilyName"":""Jang"",""playerGivenName"":""Junseo"",""playerNationalityCode"":""KOR"",""playerNationality"":""Korea, Rep."",""profileLink"":""/en/players/junseo-jang/800722515/kor/jt/s/"",""gender"":""M"",""hiddenPlayer"":false,""birthYear"":2011,""rankMovement"":1,""rank"":114,""rankEqualFlag"":"""",""tournamentsPlayed"":30,""points"":597,""profileImage"":""/media/1490/itf-uk-profile-placeholder-male.jpg?anchor=center&mode=crop&width=54&height=72&rnd=132174204480000000"",""tournamentsPlayedSingles"":null,""tournamentsPlayedDoubles"":null,""pointsRankingSingles"":null,""pointsRankingDoubles"":null,""pointsRankingTotal"":null}"
800625580,Angel Veliz,Angel,Veliz,M,B,ECU,Ecuador,,2008,2026,,https://www.itftennis.com/en/players/angel-veliz/800625580/ecu/jt/s/,115,595.5,2026-06-02,2026-06-08,"{""playerId"":800625580,""playerFamilyName"":""Veliz"",""playerGivenName"":""Angel"",""playerNationalityCode"":""ECU"",""playerNationality"":""Ecuador"",""profileLink"":""/en/players/angel-veliz/800625580/ecu/jt/s/"",""gender"":""M"",""hiddenPlayer"":false,""birthYear"":2008,""rankMovement"":1,""rank"":115,""rankEqualFlag"":"""",""tournamentsPlayed"":29,""points"":595.5,""profileImage"":""/media/1490/itf-uk-profile-placeholder-male.jpg?anchor=center&mode=crop&width=54&height=72&rnd=132174204480000000"",""tournamentsPlayedSingles"":null,""tournamentsPlayedDoubles"":null,""pointsRankingSingles"":null,""pointsRankingDoubles"":null,""pointsRankingTotal"":null}"
800670455,Ignacio De Armas,Ignacio,De Armas,M,B,VEN,Venezuela,,2009,2027,,https://www.itftennis.com/en/players/ignacio-de-armas/800670455/ven/jt/s/,116,586,2026-06-02,2026-06-08,"{""playerId"":800670455,""playerFamilyName"":""De Armas"",""playerGivenName"":""Ignacio"",""playerNationalityCode"":""VEN"",""playerNationality"":""Venezuela"",""profileLink"":""/en/players/ignacio-de-armas/800670455/ven/jt/s/"",""gender"":""M"",""hiddenPlayer"":false,""birthYear"":2009,""rankMovement"":1,""rank"":116,""rankEqualFlag"":"""",""tournamentsPlayed"":35,""points"":586,""profileImage"":""/media/1490/itf-uk-profile-placeholder-male.jpg?anchor=center&mode=crop&width=54&height=72&rnd=132174204480000000"",""tournamentsPlayedSingles"":null,""tournamentsPlayedDoubles"":null,""pointsRankingSingles"":null,""pointsRankingDoubles"":null,""pointsRankingTotal"":null}"
800632039,ARADHYA KSHITIJ,ARADHYA,KSHITIJ,M,B,IND,India,,2008,2026,,https://www.itftennis.com/en/players/aradhya-kshitij/800632039/ind/jt/s/,117,585.5,2026-06-02,2026-06-08,"{""playerId"":800632039,""playerFamilyName"":""KSHITIJ"",""playerGivenName"":""ARADHYA"",""playerNationalityCode"":""IND"",""playerNationality"":""India"",""profileLink"":""/en/players/aradhya-kshitij/800632039/ind/jt/s/"",""gender"":""M"",""hiddenPlayer"":false,""birthYear"":2008,""rankMovement"":1,""rank"":117,""rankEqualFlag"":"""",""tournamentsPlayed"":39,""points"":585.5,""profileImage"":""/media/1490/itf-uk-profile-placeholder-male.jpg?anchor=center&mode=crop&width=54&height=72&rnd=132174204480000000"",""tournamentsPlayedSingles"":null,""tournamentsPlayedDoubles"":null,""pointsRankingSingles"":null,""pointsRankingDoubles"":null,""pointsRankingTotal"":null}"
800774722,Amaury Abbas,Amaury,Abbas,M,B,FRA,France,,2009,2027,,https://www.itftennis.com/en/players/amaury-abbas/800774722/fra/jt/s/,118,581.5,2026-06-02,2026-06-08,"{""playerId"":800774722,""playerFamilyName"":""Abbas"",""playerGivenName"":""Amaury"",""playerNationalityCode"":""FRA"",""playerNationality"":""France"",""profileLink"":""/en/players/amaury-abbas/800774722/fra/jt/s/"",""gender"":""M"",""hiddenPlayer"":false,""birthYear"":2009,""rankMovement"":1,""rank"":118,""rankEqualFlag"":"""",""tournamentsPlayed"":35,""points"":581.5,""profileImage"":""/media/1490/itf-uk-profile-placeholder-male.jpg?anchor=center&mode=crop&width=54&height=72&rnd=132174204480000000"",""tournamentsPlayedSingles"":null,""tournamentsPlayedDoubles"":null,""pointsRankingSingles"":null,""pointsRankingDoubles"":null,""pointsRankingTotal"":null}"
800597380,Dani Szabo,Dani,Szabo,M,B,CAN,Canada,,2008,2026,,https://www.itftennis.com/en/players/dani-szabo/800597380/can/jt/s/,119,579.75,2026-06-02,2026-06-08,"{""playerId"":800597380,""playerFamilyName"":""Szabo"",""playerGivenName"":""Dani"",""playerNationalityCode"":""CAN"",""playerNationality"":""Canada"",""profileLink"":""/en/players/dani-szabo/800597380/can/jt/s/"",""gender"":""M"",""hiddenPlayer"":false,""birthYear"":2008,""rankMovement"":1,""rank"":119,""rankEqualFlag"":"""",""tournamentsPlayed"":36,""points"":579.75,""profileImage"":""/media/1490/itf-uk-profile-placeholder-male.jpg?anchor=center&mode=crop&width=54&height=72&rnd=132174204480000000"",""tournamentsPlayedSingles"":null,""tournamentsPlayedDoubles"":null,""pointsRankingSingles"":null,""pointsRankingDoubles"":null,""pointsRankingTotal"":null}"
800679317,Eito Komada,Eito,Komada,M,B,JPN,Japan,,2008,2026,,https://www.itftennis.com/en/players/eito-komada/800679317/jpn/jt/s/,120,578.5,2026-06-02,2026-06-08,"{""playerId"":800679317,""playerFamilyName"":""Komada"",""playerGivenName"":""Eito"",""playerNationalityCode"":""JPN"",""playerNationality"":""Japan"",""profileLink"":""/en/players/eito-komada/800679317/jpn/jt/s/"",""gender"":""M"",""hiddenPlayer"":false,""birthYear"":2008,""rankMovement"":1,""rank"":120,""rankEqualFlag"":"""",""tournamentsPlayed"":35,""points"":578.5,""profileImage"":""/media/1490/itf-uk-profile-placeholder-male.jpg?anchor=center&mode=crop&width=54&height=72&rnd=132174204480000000"",""tournamentsPlayedSingles"":null,""tournamentsPlayedDoubles"":null,""pointsRankingSingles"":null,""pointsRankingDoubles"":null,""pointsRankingTotal"":null}"
800688505,Max Villar,Max,Villar,M,B,ESP,Spain,,2008,2026,,https://www.itftennis.com/en/players/max-villar/800688505/esp/jt/s/,121,576,2026-06-02,2026-06-08,"{""playerId"":800688505,""playerFamilyName"":""Villar"",""playerGivenName"":""Max"",""playerNationalityCode"":""ESP"",""playerNationality"":""Spain"",""profileLink"":""/en/players/max-villar/800688505/esp/jt/s/"",""gender"":""M"",""hiddenPlayer"":false,""birthYear"":2008,""rankMovement"":1,""rank"":121,""rankEqualFlag"":"""",""tournamentsPlayed"":32,""points"":576,""profileImage"":""/media/1490/itf-uk-profile-placeholder-male.jpg?anchor=center&mode=crop&width=54&height=72&rnd=132174204480000000"",""tournamentsPlayedSingles"":null,""tournamentsPlayedDoubles"":null,""pointsRankingSingles"":null,""pointsRankingDoubles"":null,""pointsRankingTotal"":null}"
800661621,Joshua Adamson,Joshua,Adamson,M,B,CAN,Canada,,2009,2027,,https://www.itftennis.com/en/players/joshua-adamson/800661621/can/jt/s/,122,575,2026-06-02,2026-06-08,"{""playerId"":800661621,""playerFamilyName"":""Adamson"",""playerGivenName"":""Joshua"",""playerNationalityCode"":""CAN"",""playerNationality"":""Canada"",""profileLink"":""/en/players/joshua-adamson/800661621/can/jt/s/"",""gender"":""M"",""hiddenPlayer"":false,""birthYear"":2009,""rankMovement"":1,""rank"":122,""rankEqualFlag"":"""",""tournamentsPlayed"":41,""points"":575,""profileImage"":""/media/1490/itf-uk-profile-placeholder-male.jpg?anchor=center&mode=crop&width=54&height=72&rnd=132174204480000000"",""tournamentsPlayedSingles"":null,""tournamentsPlayedDoubles"":null,""pointsRankingSingles"":null,""pointsRankingDoubles"":null,""pointsRankingTotal"":null}"
800586416,Alan Aiukhanov,Alan,Aiukhanov,M,B,RUS,Russia,,2008,2026,,https://www.itftennis.com/en/players/alan-aiukhanov/800586416/rus/jt/s/,123,566.5,2026-06-02,2026-06-08,"{""playerId"":800586416,""playerFamilyName"":""Aiukhanov"",""playerGivenName"":""Alan"",""playerNationalityCode"":""RUS"",""playerNationality"":""Russia"",""profileLink"":""/en/players/alan-aiukhanov/800586416/rus/jt/s/"",""gender"":""M"",""hiddenPlayer"":false,""birthYear"":2008,""rankMovement"":1,""rank"":123,""rankEqualFlag"":"""",""tournamentsPlayed"":32,""points"":566.5,""profileImage"":""/media/1490/itf-uk-profile-placeholder-male.jpg?anchor=center&mode=crop&width=54&height=72&rnd=132174204480000000"",""tournamentsPlayedSingles"":null,""tournamentsPlayedDoubles"":null,""pointsRankingSingles"":null,""pointsRankingDoubles"":null,""pointsRankingTotal"":null}"
800707189,Jeffrey Strydom,Jeffrey,Strydom,M,B,RSA,South Africa,,2009,2027,,https://www.itftennis.com/en/players/jeffrey-strydom/800707189/rsa/jt/s/,124,562.5,2026-06-02,2026-06-08,"{""playerId"":800707189,""playerFamilyName"":""Strydom"",""playerGivenName"":""Jeffrey"",""playerNationalityCode"":""RSA"",""playerNationality"":""South Africa"",""profileLink"":""/en/players/jeffrey-strydom/800707189/rsa/jt/s/"",""gender"":""M"",""hiddenPlayer"":false,""birthYear"":2009,""rankMovement"":1,""rank"":124,""rankEqualFlag"":"""",""tournamentsPlayed"":36,""points"":562.5,""profileImage"":""/media/1490/itf-uk-profile-placeholder-male.jpg?anchor=center&mode=crop&width=54&height=72&rnd=132174204480000000"",""tournamentsPlayedSingles"":null,""tournamentsPlayedDoubles"":null,""pointsRankingSingles"":null,""pointsRankingDoubles"":null,""pointsRankingTotal"":null}"
800731732,Jerrid Gaines Jr,Jerrid,Gaines Jr,M,B,USA,USA,,2009,2027,,https://www.itftennis.com/en/players/jerrid-gaines-jr/800731732/usa/jt/s/,125,556,2026-06-02,2026-06-08,"{""playerId"":800731732,""playerFamilyName"":""Gaines Jr"",""playerGivenName"":""Jerrid"",""playerNationalityCode"":""USA"",""playerNationality"":""USA"",""profileLink"":""/en/players/jerrid-gaines-jr/800731732/usa/jt/s/"",""gender"":""M"",""hiddenPlayer"":false,""birthYear"":2009,""rankMovement"":1,""rank"":125,""rankEqualFlag"":"""",""tournamentsPlayed"":34,""points"":556,""profileImage"":""/media/1490/itf-uk-profile-placeholder-male.jpg?anchor=center&mode=crop&width=54&height=72&rnd=132174204480000000"",""tournamentsPlayedSingles"":null,""tournamentsPlayedDoubles"":null,""pointsRankingSingles"":null,""pointsRankingDoubles"":null,""pointsRankingTotal"":null}"
800642706,Pedro Albuquerque Dietrich,Pedro,Albuquerque Dietrich,M,B,BRA,Brazil,,2008,2026,,https://www.itftennis.com/en/players/pedro-albuquerque-dietrich/800642706/bra/jt/s/,126,555.5,2026-06-02,2026-06-08,"{""playerId"":800642706,""playerFamilyName"":""Albuquerque Dietrich"",""playerGivenName"":""Pedro"",""playerNationalityCode"":""BRA"",""playerNationality"":""Brazil"",""profileLink"":""/en/players/pedro-albuquerque-dietrich/800642706/bra/jt/s/"",""gender"":""M"",""hiddenPlayer"":false,""birthYear"":2008,""rankMovement"":1,""rank"":126,""rankEqualFlag"":"""",""tournamentsPlayed"":49,""points"":555.5,""profileImage"":""/media/1490/itf-uk-profile-placeholder-male.jpg?anchor=center&mode=crop&width=54&height=72&rnd=132174204480000000"",""tournamentsPlayedSingles"":null,""tournamentsPlayedDoubles"":null,""pointsRankingSingles"":null,""pointsRankingDoubles"":null,""pointsRankingTotal"":null}"
800707613,Yen-Chun Wang,Yen-Chun,Wang,M,B,TPE,Chinese Taipei,,2008,2026,,https://www.itftennis.com/en/players/yen-chun-wang/800707613/tpe/jt/s/,127,551.75,2026-06-02,2026-06-08,"{""playerId"":800707613,""playerFamilyName"":""Wang"",""playerGivenName"":""Yen-Chun"",""playerNationalityCode"":""TPE"",""playerNationality"":""Chinese Taipei"",""profileLink"":""/en/players/yen-chun-wang/800707613/tpe/jt/s/"",""gender"":""M"",""hiddenPlayer"":false,""birthYear"":2008,""rankMovement"":1,""rank"":127,""rankEqualFlag"":"""",""tournamentsPlayed"":39,""points"":551.75,""profileImage"":""/media/1490/itf-uk-profile-placeholder-male.jpg?anchor=center&mode=crop&width=54&height=72&rnd=132174204480000000"",""tournamentsPlayedSingles"":null,""tournamentsPlayedDoubles"":null,""pointsRankingSingles"":null,""pointsRankingDoubles"":null,""pointsRankingTotal"":null}"
800603213,Eoghan Jennings,Eoghan,Jennings,M,B,IRL,Ireland,,2008,2026,,https://www.itftennis.com/en/players/eoghan-jennings/800603213/irl/jt/s/,128,550.5,2026-06-02,2026-06-08,"{""playerId"":800603213,""playerFamilyName"":""Jennings"",""playerGivenName"":""Eoghan"",""playerNationalityCode"":""IRL"",""playerNationality"":""Ireland"",""profileLink"":""/en/players/eoghan-jennings/800603213/irl/jt/s/"",""gender"":""M"",""hiddenPlayer"":false,""birthYear"":2008,""rankMovement"":1,""rank"":128,""rankEqualFlag"":"""",""tournamentsPlayed"":33,""points"":550.5,""profileImage"":""/media/1490/itf-uk-profile-placeholder-male.jpg?anchor=center&mode=crop&width=54&height=72&rnd=132174204480000000"",""tournamentsPlayedSingles"":null,""tournamentsPlayedDoubles"":null,""pointsRankingSingles"":null,""pointsRankingDoubles"":null,""pointsRankingTotal"":null}"
800725121,Gurjot Singh,Gurjot,Singh,M,B,USA,USA,,2008,2026,,https://www.itftennis.com/en/players/gurjot-singh/800725121/usa/jt/s/,129,549.75,2026-06-02,2026-06-08,"{""playerId"":800725121,""playerFamilyName"":""Singh"",""playerGivenName"":""Gurjot"",""playerNationalityCode"":""USA"",""playerNationality"":""USA"",""profileLink"":""/en/players/gurjot-singh/800725121/usa/jt/s/"",""gender"":""M"",""hiddenPlayer"":false,""birthYear"":2008,""rankMovement"":49,""rank"":129,""rankEqualFlag"":"""",""tournamentsPlayed"":23,""points"":549.75,""profileImage"":""/media/1490/itf-uk-profile-placeholder-male.jpg?anchor=center&mode=crop&width=54&height=72&rnd=132174204480000000"",""tournamentsPlayedSingles"":null,""tournamentsPlayedDoubles"":null,""pointsRankingSingles"":null,""pointsRankingDoubles"":null,""pointsRankingTotal"":null}"
800596150,Matisse MARTIN,Matisse,MARTIN,M,B,FRA,France,,2009,2027,,https://www.itftennis.com/en/players/matisse-martin/800596150/fra/jt/s/,130,546,2026-06-02,2026-06-08,"{""playerId"":800596150,""playerFamilyName"":""MARTIN"",""playerGivenName"":""Matisse"",""playerNationalityCode"":""FRA"",""playerNationality"":""France"",""profileLink"":""/en/players/matisse-martin/800596150/fra/jt/s/"",""gender"":""M"",""hiddenPlayer"":false,""birthYear"":2009,""rankMovement"":16,""rank"":130,""rankEqualFlag"":"""",""tournamentsPlayed"":38,""points"":546,""profileImage"":""/media/1490/itf-uk-profile-placeholder-male.jpg?anchor=center&mode=crop&width=54&height=72&rnd=132174204480000000"",""tournamentsPlayedSingles"":null,""tournamentsPlayedDoubles"":null,""pointsRankingSingles"":null,""pointsRankingDoubles"":null,""pointsRankingTotal"":null}"
800672538,Dominik Macej,Dominik,Macej,M,B,SVK,Slovakia,,2009,2027,,https://www.itftennis.com/en/players/dominik-macej/800672538/svk/jt/s/,131,544.5,2026-06-02,2026-06-08,"{""playerId"":800672538,""playerFamilyName"":""Macej"",""playerGivenName"":""Dominik"",""playerNationalityCode"":""SVK"",""playerNationality"":""Slovakia"",""profileLink"":""/en/players/dominik-macej/800672538/svk/jt/s/"",""gender"":""M"",""hiddenPlayer"":false,""birthYear"":2009,""rankMovement"":-1,""rank"":131,""rankEqualFlag"":"""",""tournamentsPlayed"":33,""points"":544.5,""profileImage"":""/media/1490/itf-uk-profile-placeholder-male.jpg?anchor=center&mode=crop&width=54&height=72&rnd=132174204480000000"",""tournamentsPlayedSingles"":null,""tournamentsPlayedDoubles"":null,""pointsRankingSingles"":null,""pointsRankingDoubles"":null,""pointsRankingTotal"":null}"
800682637,Mason Taube,Mason,Taube,M,B,USA,USA,,2008,2026,,https://www.itftennis.com/en/players/mason-taube/800682637/usa/jt/s/,132,544.25,2026-06-02,2026-06-08,"{""playerId"":800682637,""playerFamilyName"":""Taube"",""playerGivenName"":""Mason"",""playerNationalityCode"":""USA"",""playerNationality"":""USA"",""profileLink"":""/en/players/mason-taube/800682637/usa/jt/s/"",""gender"":""M"",""hiddenPlayer"":false,""birthYear"":2008,""rankMovement"":-1,""rank"":132,""rankEqualFlag"":"""",""tournamentsPlayed"":26,""points"":544.25,""profileImage"":""/media/1490/itf-uk-profile-placeholder-male.jpg?anchor=center&mode=crop&width=54&height=72&rnd=132174204480000000"",""tournamentsPlayedSingles"":null,""tournamentsPlayedDoubles"":null,""pointsRankingSingles"":null,""pointsRankingDoubles"":null,""pointsRankingTotal"":null}"
800646359,Eyad Reda Ezzat Mohamed Sherif,Eyad Reda Ezzat,Mohamed Sherif,M,B,EGY,Egypt,,2008,2026,,https://www.itftennis.com/en/players/eyad-reda-ezzat-mohamed-sherif/800646359/egy/jt/s/,133,543.5,2026-06-02,2026-06-08,"{""playerId"":800646359,""playerFamilyName"":""Mohamed Sherif"",""playerGivenName"":""Eyad Reda Ezzat"",""playerNationalityCode"":""EGY"",""playerNationality"":""Egypt"",""profileLink"":""/en/players/eyad-reda-ezzat-mohamed-sherif/800646359/egy/jt/s/"",""gender"":""M"",""hiddenPlayer"":false,""birthYear"":2008,""rankMovement"":-1,""rank"":133,""rankEqualFlag"":"""",""tournamentsPlayed"":42,""points"":543.5,""profileImage"":""/media/1490/itf-uk-profile-placeholder-male.jpg?anchor=center&mode=crop&width=54&height=72&rnd=132174204480000000"",""tournamentsPlayedSingles"":null,""tournamentsPlayedDoubles"":null,""pointsRankingSingles"":null,""pointsRankingDoubles"":null,""pointsRankingTotal"":null}"
800708825,Zavier Augustin,Zavier,Augustin,M,B,USA,USA,,2008,2026,,https://www.itftennis.com/en/players/zavier-augustin/800708825/usa/jt/s/,134,542.75,2026-06-02,2026-06-08,"{""playerId"":800708825,""playerFamilyName"":""Augustin"",""playerGivenName"":""Zavier"",""playerNationalityCode"":""USA"",""playerNationality"":""USA"",""profileLink"":""/en/players/zavier-augustin/800708825/usa/jt/s/"",""gender"":""M"",""hiddenPlayer"":false,""birthYear"":2008,""rankMovement"":-1,""rank"":134,""rankEqualFlag"":"""",""tournamentsPlayed"":45,""points"":542.75,""profileImage"":""/media/1490/itf-uk-profile-placeholder-male.jpg?anchor=center&mode=crop&width=54&height=72&rnd=132174204480000000"",""tournamentsPlayedSingles"":null,""tournamentsPlayedDoubles"":null,""pointsRankingSingles"":null,""pointsRankingDoubles"":null,""pointsRankingTotal"":null}"
800630414,Dominik Vagner,Dominik,Vagner,M,B,CZE,Czechia,,2009,2027,,https://www.itftennis.com/en/players/dominik-vagner/800630414/cze/jt/s/,135,542.75,2026-06-02,2026-06-08,"{""playerId"":800630414,""playerFamilyName"":""Vagner"",""playerGivenName"":""Dominik"",""playerNationalityCode"":""CZE"",""playerNationality"":""Czechia"",""profileLink"":""/en/players/dominik-vagner/800630414/cze/jt/s/"",""gender"":""M"",""hiddenPlayer"":false,""birthYear"":2009,""rankMovement"":-1,""rank"":135,""rankEqualFlag"":"""",""tournamentsPlayed"":43,""points"":542.75,""profileImage"":""/media/1490/itf-uk-profile-placeholder-male.jpg?anchor=center&mode=crop&width=54&height=72&rnd=132174204480000000"",""tournamentsPlayedSingles"":null,""tournamentsPlayedDoubles"":null,""pointsRankingSingles"":null,""pointsRankingDoubles"":null,""pointsRankingTotal"":null}"
800790501,Tyler Lee,Tyler,Lee,M,B,USA,USA,,2009,2027,,https://www.itftennis.com/en/players/tyler-lee/800790501/usa/jt/s/,136,540.5,2026-06-02,2026-06-08,"{""playerId"":800790501,""playerFamilyName"":""Lee"",""playerGivenName"":""Tyler"",""playerNationalityCode"":""USA"",""playerNationality"":""USA"",""profileLink"":""/en/players/tyler-lee/800790501/usa/jt/s/"",""gender"":""M"",""hiddenPlayer"":false,""birthYear"":2009,""rankMovement"":-1,""rank"":136,""rankEqualFlag"":"""",""tournamentsPlayed"":20,""points"":540.5,""profileImage"":""/media/1490/itf-uk-profile-placeholder-male.jpg?anchor=center&mode=crop&width=54&height=72&rnd=132174204480000000"",""tournamentsPlayedSingles"":null,""tournamentsPlayedDoubles"":null,""pointsRankingSingles"":null,""pointsRankingDoubles"":null,""pointsRankingTotal"":null}"
800692811,Ford McCollum,Ford,McCollum,M,B,USA,USA,,2008,2026,,https://www.itftennis.com/en/players/ford-mccollum/800692811/usa/jt/s/,137,538.25,2026-06-02,2026-06-08,"{""playerId"":800692811,""playerFamilyName"":""McCollum"",""playerGivenName"":""Ford"",""playerNationalityCode"":""USA"",""playerNationality"":""USA"",""profileLink"":""/en/players/ford-mccollum/800692811/usa/jt/s/"",""gender"":""M"",""hiddenPlayer"":false,""birthYear"":2008,""rankMovement"":-1,""rank"":137,""rankEqualFlag"":"""",""tournamentsPlayed"":20,""points"":538.25,""profileImage"":""/media/1490/itf-uk-profile-placeholder-male.jpg?anchor=center&mode=crop&width=54&height=72&rnd=132174204480000000"",""tournamentsPlayedSingles"":null,""tournamentsPlayedDoubles"":null,""pointsRankingSingles"":null,""pointsRankingDoubles"":null,""pointsRankingTotal"":null}"
800698197,Enrique Carrascosa Diaz,Enrique,Carrascosa Diaz,M,B,ESP,Spain,,2008,2026,,https://www.itftennis.com/en/players/enrique-carrascosa-diaz/800698197/esp/jt/s/,138,537.25,2026-06-02,2026-06-08,"{""playerId"":800698197,""playerFamilyName"":""Carrascosa Diaz"",""playerGivenName"":""Enrique"",""playerNationalityCode"":""ESP"",""playerNationality"":""Spain"",""profileLink"":""/en/players/enrique-carrascosa-diaz/800698197/esp/jt/s/"",""gender"":""M"",""hiddenPlayer"":false,""birthYear"":2008,""rankMovement"":-1,""rank"":138,""rankEqualFlag"":"""",""tournamentsPlayed"":11,""points"":537.25,""profileImage"":""/media/1490/itf-uk-profile-placeholder-male.jpg?anchor=center&mode=crop&width=54&height=72&rnd=132174204480000000"",""tournamentsPlayedSingles"":null,""tournamentsPlayedDoubles"":null,""pointsRankingSingles"":null,""pointsRankingDoubles"":null,""pointsRankingTotal"":null}"
800659871,Felipe Mamede,Felipe,Mamede,M,B,BRA,Brazil,,2009,2027,,https://www.itftennis.com/en/players/felipe-mamede/800659871/bra/jt/s/,139,531.25,2026-06-02,2026-06-08,"{""playerId"":800659871,""playerFamilyName"":""Mamede"",""playerGivenName"":""Felipe"",""playerNationalityCode"":""BRA"",""playerNationality"":""Brazil"",""profileLink"":""/en/players/felipe-mamede/800659871/bra/jt/s/"",""gender"":""M"",""hiddenPlayer"":false,""birthYear"":2009,""rankMovement"":-1,""rank"":139,""rankEqualFlag"":"""",""tournamentsPlayed"":47,""points"":531.25,""profileImage"":""/media/1490/itf-uk-profile-placeholder-male.jpg?anchor=center&mode=crop&width=54&height=72&rnd=132174204480000000"",""tournamentsPlayedSingles"":null,""tournamentsPlayedDoubles"":null,""pointsRankingSingles"":null,""pointsRankingDoubles"":null,""pointsRankingTotal"":null}"
800708219,Marwan Ehab,Marwan,Ehab,M,B,EGY,Egypt,,2008,2026,,https://www.itftennis.com/en/players/marwan-ehab/800708219/egy/jt/s/,140,531.25,2026-06-02,2026-06-08,"{""playerId"":800708219,""playerFamilyName"":""Ehab"",""playerGivenName"":""Marwan"",""playerNationalityCode"":""EGY"",""playerNationality"":""Egypt"",""profileLink"":""/en/players/marwan-ehab/800708219/egy/jt/s/"",""gender"":""M"",""hiddenPlayer"":false,""birthYear"":2008,""rankMovement"":-1,""rank"":140,""rankEqualFlag"":"""",""tournamentsPlayed"":27,""points"":531.25,""profileImage"":""/media/1490/itf-uk-profile-placeholder-male.jpg?anchor=center&mode=crop&width=54&height=72&rnd=132174204480000000"",""tournamentsPlayedSingles"":null,""tournamentsPlayedDoubles"":null,""pointsRankingSingles"":null,""pointsRankingDoubles"":null,""pointsRankingTotal"":null}"
800661480,Tomas Re,Tomas,Re,M,B,ARG,Argentina,,2008,2026,,https://www.itftennis.com/en/players/tomas-re/800661480/arg/jt/s/,141,530.25,2026-06-02,2026-06-08,"{""playerId"":800661480,""playerFamilyName"":""Re"",""playerGivenName"":""Tomas"",""playerNationalityCode"":""ARG"",""playerNationality"":""Argentina"",""profileLink"":""/en/players/tomas-re/800661480/arg/jt/s/"",""gender"":""M"",""hiddenPlayer"":false,""birthYear"":2008,""rankMovement"":-1,""rank"":141,""rankEqualFlag"":"""",""tournamentsPlayed"":34,""points"":530.25,""profileImage"":""/media/1490/itf-uk-profile-placeholder-male.jpg?anchor=center&mode=crop&width=54&height=72&rnd=132174204480000000"",""tournamentsPlayedSingles"":null,""tournamentsPlayedDoubles"":null,""pointsRankingSingles"":null,""pointsRankingDoubles"":null,""pointsRankingTotal"":null}"
800569863,Patrick-Valentin Moise,Patrick-Valentin,Moise,M,B,GER,Germany,,2008,2026,,https://www.itftennis.com/en/players/patrick-valentin-moise/800569863/ger/jt/s/,142,529,2026-06-02,2026-06-08,"{""playerId"":800569863,""playerFamilyName"":""Moise"",""playerGivenName"":""Patrick-Valentin"",""playerNationalityCode"":""GER"",""playerNationality"":""Germany"",""profileLink"":""/en/players/patrick-valentin-moise/800569863/ger/jt/s/"",""gender"":""M"",""hiddenPlayer"":false,""birthYear"":2008,""rankMovement"":-1,""rank"":142,""rankEqualFlag"":"""",""tournamentsPlayed"":44,""points"":529,""profileImage"":""/media/1490/itf-uk-profile-placeholder-male.jpg?anchor=center&mode=crop&width=54&height=72&rnd=132174204480000000"",""tournamentsPlayedSingles"":null,""tournamentsPlayedDoubles"":null,""pointsRankingSingles"":null,""pointsRankingDoubles"":null,""pointsRankingTotal"":null}"
800572931,Niels McDonald,Niels,McDonald,M,B,GER,Germany,,2008,2026,,https://www.itftennis.com/en/players/niels-mcdonald/800572931/ger/jt/s/,143,528.75,2026-06-02,2026-06-08,"{""playerId"":800572931,""playerFamilyName"":""McDonald"",""playerGivenName"":""Niels"",""playerNationalityCode"":""GER"",""playerNationality"":""Germany"",""profileLink"":""/en/players/niels-mcdonald/800572931/ger/jt/s/"",""gender"":""M"",""hiddenPlayer"":false,""birthYear"":2008,""rankMovement"":-128,""rank"":143,""rankEqualFlag"":"""",""tournamentsPlayed"":8,""points"":528.75,""profileImage"":""/remote.axd/media.itftennis.com/assetbank-itf/servlet/display?file=22137aa7fd660958ba7cfe08.jpg?crop=0.24664917453728005,0.03890899186802086,0.26005247638815987,0.027275203299478495&cropmode=percentage&width=54&height=72&rnd=133978227490000000"",""tournamentsPlayedSingles"":null,""tournamentsPlayedDoubles"":null,""pointsRankingSingles"":null,""pointsRankingDoubles"":null,""pointsRankingTotal"":null}"
800757262,Jia Hu,Jia,Hu,M,B,CHN,"China, P.R.",,2009,2027,,https://www.itftennis.com/en/players/jia-hu/800757262/chn/jt/s/,144,528.5,2026-06-02,2026-06-08,"{""playerId"":800757262,""playerFamilyName"":""Hu"",""playerGivenName"":""Jia"",""playerNationalityCode"":""CHN"",""playerNationality"":""China, P.R."",""profileLink"":""/en/players/jia-hu/800757262/chn/jt/s/"",""gender"":""M"",""hiddenPlayer"":false,""birthYear"":2009,""rankMovement"":-2,""rank"":144,""rankEqualFlag"":"""",""tournamentsPlayed"":25,""points"":528.5,""profileImage"":""/media/1490/itf-uk-profile-placeholder-male.jpg?anchor=center&mode=crop&width=54&height=72&rnd=132174204480000000"",""tournamentsPlayedSingles"":null,""tournamentsPlayedDoubles"":null,""pointsRankingSingles"":null,""pointsRankingDoubles"":null,""pointsRankingTotal"":null}"
800717018,Benjamin perez,Benjamin,perez,M,B,CHI,Chile,,2009,2027,,https://www.itftennis.com/en/players/benjamin-perez/800717018/chi/jt/s/,145,520,2026-06-02,2026-06-08,"{""playerId"":800717018,""playerFamilyName"":""perez"",""playerGivenName"":""Benjamin"",""playerNationalityCode"":""CHI"",""playerNationality"":""Chile"",""profileLink"":""/en/players/benjamin-perez/800717018/chi/jt/s/"",""gender"":""M"",""hiddenPlayer"":false,""birthYear"":2009,""rankMovement"":-2,""rank"":145,""rankEqualFlag"":"""",""tournamentsPlayed"":32,""points"":520,""profileImage"":""/media/1490/itf-uk-profile-placeholder-male.jpg?anchor=center&mode=crop&width=54&height=72&rnd=132174204480000000"",""tournamentsPlayedSingles"":null,""tournamentsPlayedDoubles"":null,""pointsRankingSingles"":null,""pointsRankingDoubles"":null,""pointsRankingTotal"":null}"
800587847,Antonio Marigliano,Antonio,Marigliano,M,B,ITA,Italy,,2008,2026,,https://www.itftennis.com/en/players/antonio-marigliano/800587847/ita/jt/s/,146,519.5,2026-06-02,2026-06-08,"{""playerId"":800587847,""playerFamilyName"":""Marigliano"",""playerGivenName"":""Antonio"",""playerNationalityCode"":""ITA"",""playerNationality"":""Italy"",""profileLink"":""/en/players/antonio-marigliano/800587847/ita/jt/s/"",""gender"":""M"",""hiddenPlayer"":false,""birthYear"":2008,""rankMovement"":-2,""rank"":146,""rankEqualFlag"":"""",""tournamentsPlayed"":34,""points"":519.5,""profileImage"":""/media/1490/itf-uk-profile-placeholder-male.jpg?anchor=center&mode=crop&width=54&height=72&rnd=132174204480000000"",""tournamentsPlayedSingles"":null,""tournamentsPlayedDoubles"":null,""pointsRankingSingles"":null,""pointsRankingDoubles"":null,""pointsRankingTotal"":null}"
800644692,Jack Cheng,Jack,Cheng,M,B,HKG,"Hong Kong, China",,2008,2026,,https://www.itftennis.com/en/players/jack-cheng/800644692/hkg/jt/s/,147,516.5,2026-06-02,2026-06-08,"{""playerId"":800644692,""playerFamilyName"":""Cheng"",""playerGivenName"":""Jack"",""playerNationalityCode"":""HKG"",""playerNationality"":""Hong Kong, China"",""profileLink"":""/en/players/jack-cheng/800644692/hkg/jt/s/"",""gender"":""M"",""hiddenPlayer"":false,""birthYear"":2008,""rankMovement"":-2,""rank"":147,""rankEqualFlag"":"""",""tournamentsPlayed"":21,""points"":516.5,""profileImage"":""/media/1490/itf-uk-profile-placeholder-male.jpg?anchor=center&mode=crop&width=54&height=72&rnd=132174204480000000"",""tournamentsPlayedSingles"":null,""tournamentsPlayedDoubles"":null,""pointsRankingSingles"":null,""pointsRankingDoubles"":null,""pointsRankingTotal"":null}"
800684620,Cody Atkinson,Cody,Atkinson,M,B,NZL,New Zealand,,2008,2026,,https://www.itftennis.com/en/players/cody-atkinson/800684620/nzl/jt/s/,148,513.75,2026-06-02,2026-06-08,"{""playerId"":800684620,""playerFamilyName"":""Atkinson"",""playerGivenName"":""Cody"",""playerNationalityCode"":""NZL"",""playerNationality"":""New Zealand"",""profileLink"":""/en/players/cody-atkinson/800684620/nzl/jt/s/"",""gender"":""M"",""hiddenPlayer"":false,""birthYear"":2008,""rankMovement"":-1,""rank"":148,""rankEqualFlag"":"""",""tournamentsPlayed"":34,""points"":513.75,""profileImage"":""/media/1490/itf-uk-profile-placeholder-male.jpg?anchor=center&mode=crop&width=54&height=72&rnd=132174204480000000"",""tournamentsPlayedSingles"":null,""tournamentsPlayedDoubles"":null,""pointsRankingSingles"":null,""pointsRankingDoubles"":null,""pointsRankingTotal"":null}"
800630725,Richard Lacis,Richard,Lacis,M,B,BLR,Belarus,,2009,2027,,https://www.itftennis.com/en/players/richard-lacis/800630725/blr/jt/s/,149,506.5,2026-06-02,2026-06-08,"{""playerId"":800630725,""playerFamilyName"":""Lacis"",""playerGivenName"":""Richard"",""playerNationalityCode"":""BLR"",""playerNationality"":""Belarus"",""profileLink"":""/en/players/richard-lacis/800630725/blr/jt/s/"",""gender"":""M"",""hiddenPlayer"":false,""birthYear"":2009,""rankMovement"":-1,""rank"":149,""rankEqualFlag"":"""",""tournamentsPlayed"":39,""points"":506.5,""profileImage"":""/media/1490/itf-uk-profile-placeholder-male.jpg?anchor=center&mode=crop&width=54&height=72&rnd=132174204480000000"",""tournamentsPlayedSingles"":null,""tournamentsPlayedDoubles"":null,""pointsRankingSingles"":null,""pointsRankingDoubles"":null,""pointsRankingTotal"":null}"
800601932,Alejandro Castellanos,Alejandro,Castellanos,M,B,COL,Colombia,,2008,2026,,https://www.itftennis.com/en/players/alejandro-castellanos/800601932/col/jt/s/,150,501,2026-06-02,2026-06-08,"{""playerId"":800601932,""playerFamilyName"":""Castellanos"",""playerGivenName"":""Alejandro"",""playerNationalityCode"":""COL"",""playerNationality"":""Colombia"",""profileLink"":""/en/players/alejandro-castellanos/800601932/col/jt/s/"",""gender"":""M"",""hiddenPlayer"":false,""birthYear"":2008,""rankMovement"":-1,""rank"":150,""rankEqualFlag"":"""",""tournamentsPlayed"":26,""points"":501,""profileImage"":""/media/1490/itf-uk-profile-placeholder-male.jpg?anchor=center&mode=crop&width=54&height=72&rnd=132174204480000000"",""tournamentsPlayedSingles"":null,""tournamentsPlayedDoubles"":null,""pointsRankingSingles"":null,""pointsRankingDoubles"":null,""pointsRankingTotal"":null}"
800594600,Lenny Petit,Lenny,Petit,M,B,MON,Monaco,,2008,2026,,https://www.itftennis.com/en/players/lenny-petit/800594600/mon/jt/s/,151,496.25,2026-06-02,2026-06-08,"{""playerId"":800594600,""playerFamilyName"":""Petit"",""playerGivenName"":""Lenny"",""playerNationalityCode"":""MON"",""playerNationality"":""Monaco"",""profileLink"":""/en/players/lenny-petit/800594600/mon/jt/s/"",""gender"":""M"",""hiddenPlayer"":false,""birthYear"":2008,""rankMovement"":-1,""rank"":151,""rankEqualFlag"":"""",""tournamentsPlayed"":24,""points"":496.25,""profileImage"":""/media/1490/itf-uk-profile-placeholder-male.jpg?anchor=center&mode=crop&width=54&height=72&rnd=132174204480000000"",""tournamentsPlayedSingles"":null,""tournamentsPlayedDoubles"":null,""pointsRankingSingles"":null,""pointsRankingDoubles"":null,""pointsRankingTotal"":null}"
800596844,Ken Ink,Ken,Ink,M,B,EST,Estonia,,2009,2027,,https://www.itftennis.com/en/players/ken-ink/800596844/est/jt/s/,152,495,2026-06-02,2026-06-08,"{""playerId"":800596844,""playerFamilyName"":""Ink"",""playerGivenName"":""Ken"",""playerNationalityCode"":""EST"",""playerNationality"":""Estonia"",""profileLink"":""/en/players/ken-ink/800596844/est/jt/s/"",""gender"":""M"",""hiddenPlayer"":false,""birthYear"":2009,""rankMovement"":-1,""rank"":152,""rankEqualFlag"":"""",""tournamentsPlayed"":33,""points"":495,""profileImage"":""/media/1490/itf-uk-profile-placeholder-male.jpg?anchor=center&mode=crop&width=54&height=72&rnd=132174204480000000"",""tournamentsPlayedSingles"":null,""tournamentsPlayedDoubles"":null,""pointsRankingSingles"":null,""pointsRankingDoubles"":null,""pointsRankingTotal"":null}"
800589891,Egor Shcherbakov,Egor,Shcherbakov,M,B,RUS,Russia,,2008,2026,,https://www.itftennis.com/en/players/egor-shcherbakov/800589891/rus/jt/s/,153,493.75,2026-06-02,2026-06-08,"{""playerId"":800589891,""playerFamilyName"":""Shcherbakov"",""playerGivenName"":""Egor"",""playerNationalityCode"":""RUS"",""playerNationality"":""Russia"",""profileLink"":""/en/players/egor-shcherbakov/800589891/rus/jt/s/"",""gender"":""M"",""hiddenPlayer"":false,""birthYear"":2008,""rankMovement"":-1,""rank"":153,""rankEqualFlag"":"""",""tournamentsPlayed"":44,""points"":493.75,""profileImage"":""/media/1490/itf-uk-profile-placeholder-male.jpg?anchor=center&mode=crop&width=54&height=72&rnd=132174204480000000"",""tournamentsPlayedSingles"":null,""tournamentsPlayedDoubles"":null,""pointsRankingSingles"":null,""pointsRankingDoubles"":null,""pointsRankingTotal"":null}"
800702805,Shintaro Ogaki,Shintaro,Ogaki,M,B,JPN,Japan,,2010,2028,,https://www.itftennis.com/en/players/shintaro-ogaki/800702805/jpn/jt/s/,154,493.5,2026-06-02,2026-06-08,"{""playerId"":800702805,""playerFamilyName"":""Ogaki"",""playerGivenName"":""Shintaro"",""playerNationalityCode"":""JPN"",""playerNationality"":""Japan"",""profileLink"":""/en/players/shintaro-ogaki/800702805/jpn/jt/s/"",""gender"":""M"",""hiddenPlayer"":false,""birthYear"":2010,""rankMovement"":-1,""rank"":154,""rankEqualFlag"":"""",""tournamentsPlayed"":30,""points"":493.5,""profileImage"":""/media/1490/itf-uk-profile-placeholder-male.jpg?anchor=center&mode=crop&width=54&height=72&rnd=132174204480000000"",""tournamentsPlayedSingles"":null,""tournamentsPlayedDoubles"":null,""pointsRankingSingles"":null,""pointsRankingDoubles"":null,""pointsRankingTotal"":null}"
800720441,Erik Schinnerer,Erik,Schinnerer,M,B,USA,USA,,2008,2026,,https://www.itftennis.com/en/players/erik-schinnerer/800720441/usa/jt/s/,155,493,2026-06-02,2026-06-08,"{""playerId"":800720441,""playerFamilyName"":""Schinnerer"",""playerGivenName"":""Erik"",""playerNationalityCode"":""USA"",""playerNationality"":""USA"",""profileLink"":""/en/players/erik-schinnerer/800720441/usa/jt/s/"",""gender"":""M"",""hiddenPlayer"":false,""birthYear"":2008,""rankMovement"":-1,""rank"":155,""rankEqualFlag"":"""",""tournamentsPlayed"":36,""points"":493,""profileImage"":""/media/1490/itf-uk-profile-placeholder-male.jpg?anchor=center&mode=crop&width=54&height=72&rnd=132174204480000000"",""tournamentsPlayedSingles"":null,""tournamentsPlayedDoubles"":null,""pointsRankingSingles"":null,""pointsRankingDoubles"":null,""pointsRankingTotal"":null}"
800576610,Pavel Skvortcov,Pavel,Skvortcov,M,B,RUS,Russia,,2008,2026,,https://www.itftennis.com/en/players/pavel-skvortcov/800576610/rus/jt/s/,156,492.75,2026-06-02,2026-06-08,"{""playerId"":800576610,""playerFamilyName"":""Skvortcov"",""playerGivenName"":""Pavel"",""playerNationalityCode"":""RUS"",""playerNationality"":""Russia"",""profileLink"":""/en/players/pavel-skvortcov/800576610/rus/jt/s/"",""gender"":""M"",""hiddenPlayer"":false,""birthYear"":2008,""rankMovement"":-1,""rank"":156,""rankEqualFlag"":"""",""tournamentsPlayed"":45,""points"":492.75,""profileImage"":""/media/1490/itf-uk-profile-placeholder-male.jpg?anchor=center&mode=crop&width=54&height=72&rnd=132174204480000000"",""tournamentsPlayedSingles"":null,""tournamentsPlayedDoubles"":null,""pointsRankingSingles"":null,""pointsRankingDoubles"":null,""pointsRankingTotal"":null}"
800601993,Dominik Dujka,Dominik,Dujka,M,B,CZE,Czechia,,2009,2027,,https://www.itftennis.com/en/players/dominik-dujka/800601993/cze/jt/s/,157,491,2026-06-02,2026-06-08,"{""playerId"":800601993,""playerFamilyName"":""Dujka"",""playerGivenName"":""Dominik"",""playerNationalityCode"":""CZE"",""playerNationality"":""Czechia"",""profileLink"":""/en/players/dominik-dujka/800601993/cze/jt/s/"",""gender"":""M"",""hiddenPlayer"":false,""birthYear"":2009,""rankMovement"":-1,""rank"":157,""rankEqualFlag"":"""",""tournamentsPlayed"":36,""points"":491,""profileImage"":""/media/1490/itf-uk-profile-placeholder-male.jpg?anchor=center&mode=crop&width=54&height=72&rnd=132174204480000000"",""tournamentsPlayedSingles"":null,""tournamentsPlayedDoubles"":null,""pointsRankingSingles"":null,""pointsRankingDoubles"":null,""pointsRankingTotal"":null}"
800685006,quincy yao,quincy,yao,M,B,CAN,Canada,,2008,2026,,https://www.itftennis.com/en/players/quincy-yao/800685006/can/jt/s/,158,489.5,2026-06-02,2026-06-08,"{""playerId"":800685006,""playerFamilyName"":""yao"",""playerGivenName"":""quincy"",""playerNationalityCode"":""CAN"",""playerNationality"":""Canada"",""profileLink"":""/en/players/quincy-yao/800685006/can/jt/s/"",""gender"":""M"",""hiddenPlayer"":false,""birthYear"":2008,""rankMovement"":-1,""rank"":158,""rankEqualFlag"":"""",""tournamentsPlayed"":33,""points"":489.5,""profileImage"":""/media/1490/itf-uk-profile-placeholder-male.jpg?anchor=center&mode=crop&width=54&height=72&rnd=132174204480000000"",""tournamentsPlayedSingles"":null,""tournamentsPlayedDoubles"":null,""pointsRankingSingles"":null,""pointsRankingDoubles"":null,""pointsRankingTotal"":null}"
800583809,Damien Clerc,Damien,Clerc,M,B,FRA,France,,2008,2026,,https://www.itftennis.com/en/players/damien-clerc/800583809/fra/jt/s/,159,489.5,2026-06-02,2026-06-08,"{""playerId"":800583809,""playerFamilyName"":""Clerc"",""playerGivenName"":""Damien"",""playerNationalityCode"":""FRA"",""playerNationality"":""France"",""profileLink"":""/en/players/damien-clerc/800583809/fra/jt/s/"",""gender"":""M"",""hiddenPlayer"":false,""birthYear"":2008,""rankMovement"":-1,""rank"":159,""rankEqualFlag"":"""",""tournamentsPlayed"":24,""points"":489.5,""profileImage"":""/media/1490/itf-uk-profile-placeholder-male.jpg?anchor=center&mode=crop&width=54&height=72&rnd=132174204480000000"",""tournamentsPlayedSingles"":null,""tournamentsPlayedDoubles"":null,""pointsRankingSingles"":null,""pointsRankingDoubles"":null,""pointsRankingTotal"":null}"
800715003,Kamil Stolarczyk,Kamil,Stolarczyk,M,B,USA,USA,,2009,2027,,https://www.itftennis.com/en/players/kamil-stolarczyk/800715003/usa/jt/s/,160,482.5,2026-06-02,2026-06-08,"{""playerId"":800715003,""playerFamilyName"":""Stolarczyk"",""playerGivenName"":""Kamil"",""playerNationalityCode"":""USA"",""playerNationality"":""USA"",""profileLink"":""/en/players/kamil-stolarczyk/800715003/usa/jt/s/"",""gender"":""M"",""hiddenPlayer"":false,""birthYear"":2009,""rankMovement"":-1,""rank"":160,""rankEqualFlag"":"""",""tournamentsPlayed"":37,""points"":482.5,""profileImage"":""/media/1490/itf-uk-profile-placeholder-male.jpg?anchor=center&mode=crop&width=54&height=72&rnd=132174204480000000"",""tournamentsPlayedSingles"":null,""tournamentsPlayedDoubles"":null,""pointsRankingSingles"":null,""pointsRankingDoubles"":null,""pointsRankingTotal"":null}"
800667741,Yassin Ahmed Wageh,Yassin Ahmed,Wageh,M,B,EGY,Egypt,,2008,2026,,https://www.itftennis.com/en/players/yassin-ahmed-wageh/800667741/egy/jt/s/,161,482,2026-06-02,2026-06-08,"{""playerId"":800667741,""playerFamilyName"":""Wageh"",""playerGivenName"":""Yassin Ahmed"",""playerNationalityCode"":""EGY"",""playerNationality"":""Egypt"",""profileLink"":""/en/players/yassin-ahmed-wageh/800667741/egy/jt/s/"",""gender"":""M"",""hiddenPlayer"":false,""birthYear"":2008,""rankMovement"":-1,""rank"":161,""rankEqualFlag"":"""",""tournamentsPlayed"":28,""points"":482,""profileImage"":""/media/1490/itf-uk-profile-placeholder-male.jpg?anchor=center&mode=crop&width=54&height=72&rnd=132174204480000000"",""tournamentsPlayedSingles"":null,""tournamentsPlayedDoubles"":null,""pointsRankingSingles"":null,""pointsRankingDoubles"":null,""pointsRankingTotal"":null}"
800739583,Yoshihiro Sakurai,Yoshihiro,Sakurai,M,B,JPN,Japan,,2009,2027,,https://www.itftennis.com/en/players/yoshihiro-sakurai/800739583/jpn/jt/s/,162,482,2026-06-02,2026-06-08,"{""playerId"":800739583,""playerFamilyName"":""Sakurai"",""playerGivenName"":""Yoshihiro"",""playerNationalityCode"":""JPN"",""playerNationality"":""Japan"",""profileLink"":""/en/players/yoshihiro-sakurai/800739583/jpn/jt/s/"",""gender"":""M"",""hiddenPlayer"":false,""birthYear"":2009,""rankMovement"":10,""rank"":162,""rankEqualFlag"":"""",""tournamentsPlayed"":40,""points"":482,""profileImage"":""/media/1490/itf-uk-profile-placeholder-male.jpg?anchor=center&mode=crop&width=54&height=72&rnd=132174204480000000"",""tournamentsPlayedSingles"":null,""tournamentsPlayedDoubles"":null,""pointsRankingSingles"":null,""pointsRankingDoubles"":null,""pointsRankingTotal"":null}"
800680716,Mauricio Schtulmann Gasca,Mauricio,Schtulmann Gasca,M,B,MEX,Mexico,,2008,2026,,https://www.itftennis.com/en/players/mauricio-schtulmann-gasca/800680716/mex/jt/s/,163,480.5,2026-06-02,2026-06-08,"{""playerId"":800680716,""playerFamilyName"":""Schtulmann Gasca"",""playerGivenName"":""Mauricio"",""playerNationalityCode"":""MEX"",""playerNationality"":""Mexico"",""profileLink"":""/en/players/mauricio-schtulmann-gasca/800680716/mex/jt/s/"",""gender"":""M"",""hiddenPlayer"":false,""birthYear"":2008,""rankMovement"":-2,""rank"":163,""rankEqualFlag"":"""",""tournamentsPlayed"":38,""points"":480.5,""profileImage"":""/media/1490/itf-uk-profile-placeholder-male.jpg?anchor=center&mode=crop&width=54&height=72&rnd=132174204480000000"",""tournamentsPlayedSingles"":null,""tournamentsPlayedDoubles"":null,""pointsRankingSingles"":null,""pointsRankingDoubles"":null,""pointsRankingTotal"":null}"
800586905,Fedor Altukhov,Fedor,Altukhov,M,B,RUS,Russia,,2008,2026,,https://www.itftennis.com/en/players/fedor-altukhov/800586905/rus/jt/s/,164,477.25,2026-06-02,2026-06-08,"{""playerId"":800586905,""playerFamilyName"":""Altukhov"",""playerGivenName"":""Fedor"",""playerNationalityCode"":""RUS"",""playerNationality"":""Russia"",""profileLink"":""/en/players/fedor-altukhov/800586905/rus/jt/s/"",""gender"":""M"",""hiddenPlayer"":false,""birthYear"":2008,""rankMovement"":-2,""rank"":164,""rankEqualFlag"":"""",""tournamentsPlayed"":44,""points"":477.25,""profileImage"":""/media/1490/itf-uk-profile-placeholder-male.jpg?anchor=center&mode=crop&width=54&height=72&rnd=132174204480000000"",""tournamentsPlayedSingles"":null,""tournamentsPlayedDoubles"":null,""pointsRankingSingles"":null,""pointsRankingDoubles"":null,""pointsRankingTotal"":null}"
800718701,Antoine Genereux,Antoine,Genereux,M,B,CAN,Canada,,2009,2027,,https://www.itftennis.com/en/players/antoine-genereux/800718701/can/jt/s/,165,474.5,2026-06-02,2026-06-08,"{""playerId"":800718701,""playerFamilyName"":""Genereux"",""playerGivenName"":""Antoine"",""playerNationalityCode"":""CAN"",""playerNationality"":""Canada"",""profileLink"":""/en/players/antoine-genereux/800718701/can/jt/s/"",""gender"":""M"",""hiddenPlayer"":false,""birthYear"":2009,""rankMovement"":-2,""rank"":165,""rankEqualFlag"":"""",""tournamentsPlayed"":40,""points"":474.5,""profileImage"":""/media/1490/itf-uk-profile-placeholder-male.jpg?anchor=center&mode=crop&width=54&height=72&rnd=132174204480000000"",""tournamentsPlayedSingles"":null,""tournamentsPlayedDoubles"":null,""pointsRankingSingles"":null,""pointsRankingDoubles"":null,""pointsRankingTotal"":null}"
800631035,Samarth Sahita,Samarth,Sahita,M,B,IND,India,,2008,2026,,https://www.itftennis.com/en/players/samarth-sahita/800631035/ind/jt/s/,166,473.5,2026-06-02,2026-06-08,"{""playerId"":800631035,""playerFamilyName"":""Sahita"",""playerGivenName"":""Samarth"",""playerNationalityCode"":""IND"",""playerNationality"":""India"",""profileLink"":""/en/players/samarth-sahita/800631035/ind/jt/s/"",""gender"":""M"",""hiddenPlayer"":false,""birthYear"":2008,""rankMovement"":-2,""rank"":166,""rankEqualFlag"":"""",""tournamentsPlayed"":40,""points"":473.5,""profileImage"":""/media/1490/itf-uk-profile-placeholder-male.jpg?anchor=center&mode=crop&width=54&height=72&rnd=132174204480000000"",""tournamentsPlayedSingles"":null,""tournamentsPlayedDoubles"":null,""pointsRankingSingles"":null,""pointsRankingDoubles"":null,""pointsRankingTotal"":null}"
800709481,Riku Nakamoto,Riku,Nakamoto,M,B,JPN,Japan,,2009,2027,,https://www.itftennis.com/en/players/riku-nakamoto/800709481/jpn/jt/s/,167,473.5,2026-06-02,2026-06-08,"{""playerId"":800709481,""playerFamilyName"":""Nakamoto"",""playerGivenName"":""Riku"",""playerNationalityCode"":""JPN"",""playerNationality"":""Japan"",""profileLink"":""/en/players/riku-nakamoto/800709481/jpn/jt/s/"",""gender"":""M"",""hiddenPlayer"":false,""birthYear"":2009,""rankMovement"":-2,""rank"":167,""rankEqualFlag"":"""",""tournamentsPlayed"":33,""points"":473.5,""profileImage"":""/media/1490/itf-uk-profile-placeholder-male.jpg?anchor=center&mode=crop&width=54&height=72&rnd=132174204480000000"",""tournamentsPlayedSingles"":null,""tournamentsPlayedDoubles"":null,""pointsRankingSingles"":null,""pointsRankingDoubles"":null,""pointsRankingTotal"":null}"
800635270,Kaloyan Shikov,Kaloyan,Shikov,M,B,BUL,Bulgaria,,2009,2027,,https://www.itftennis.com/en/players/kaloyan-shikov/800635270/bul/jt/s/,168,465,2026-06-02,2026-06-08,"{""playerId"":800635270,""playerFamilyName"":""Shikov"",""playerGivenName"":""Kaloyan"",""playerNationalityCode"":""BUL"",""playerNationality"":""Bulgaria"",""profileLink"":""/en/players/kaloyan-shikov/800635270/bul/jt/s/"",""gender"":""M"",""hiddenPlayer"":false,""birthYear"":2009,""rankMovement"":-1,""rank"":168,""rankEqualFlag"":"""",""tournamentsPlayed"":36,""points"":465,""profileImage"":""/media/1490/itf-uk-profile-placeholder-male.jpg?anchor=center&mode=crop&width=54&height=72&rnd=132174204480000000"",""tournamentsPlayedSingles"":null,""tournamentsPlayedDoubles"":null,""pointsRankingSingles"":null,""pointsRankingDoubles"":null,""pointsRankingTotal"":null}"
800620722,Tae Woo Kim,Tae Woo,Kim,M,B,KOR,"Korea, Rep.",,2009,2027,,https://www.itftennis.com/en/players/tae-woo-kim/800620722/kor/jt/s/,169,464.5,2026-06-02,2026-06-08,"{""playerId"":800620722,""playerFamilyName"":""Kim"",""playerGivenName"":""Tae Woo"",""playerNationalityCode"":""KOR"",""playerNationality"":""Korea, Rep."",""profileLink"":""/en/players/tae-woo-kim/800620722/kor/jt/s/"",""gender"":""M"",""hiddenPlayer"":false,""birthYear"":2009,""rankMovement"":-1,""rank"":169,""rankEqualFlag"":"""",""tournamentsPlayed"":35,""points"":464.5,""profileImage"":""/media/1490/itf-uk-profile-placeholder-male.jpg?anchor=center&mode=crop&width=54&height=72&rnd=132174204480000000"",""tournamentsPlayedSingles"":null,""tournamentsPlayedDoubles"":null,""pointsRankingSingles"":null,""pointsRankingDoubles"":null,""pointsRankingTotal"":null}"
800683991,Seifelden Mostafa Samih,Seifelden,Mostafa Samih,M,B,EGY,Egypt,,2008,2026,,https://www.itftennis.com/en/players/seifelden-mostafa-samih/800683991/egy/jt/s/,170,464.5,2026-06-02,2026-06-08,"{""playerId"":800683991,""playerFamilyName"":""Mostafa Samih"",""playerGivenName"":""Seifelden"",""playerNationalityCode"":""EGY"",""playerNationality"":""Egypt"",""profileLink"":""/en/players/seifelden-mostafa-samih/800683991/egy/jt/s/"",""gender"":""M"",""hiddenPlayer"":false,""birthYear"":2008,""rankMovement"":-1,""rank"":170,""rankEqualFlag"":"""",""tournamentsPlayed"":33,""points"":464.5,""profileImage"":""/media/1490/itf-uk-profile-placeholder-male.jpg?anchor=center&mode=crop&width=54&height=72&rnd=132174204480000000"",""tournamentsPlayedSingles"":null,""tournamentsPlayedDoubles"":null,""pointsRankingSingles"":null,""pointsRankingDoubles"":null,""pointsRankingTotal"":null}"
800688594,Evan Simon,Evan,Simon,M,B,FRA,France,,2008,2026,,https://www.itftennis.com/en/players/evan-simon/800688594/fra/jt/s/,171,464.5,2026-06-02,2026-06-08,"{""playerId"":800688594,""playerFamilyName"":""Simon"",""playerGivenName"":""Evan"",""playerNationalityCode"":""FRA"",""playerNationality"":""France"",""profileLink"":""/en/players/evan-simon/800688594/fra/jt/s/"",""gender"":""M"",""hiddenPlayer"":false,""birthYear"":2008,""rankMovement"":-1,""rank"":171,""rankEqualFlag"":"""",""tournamentsPlayed"":33,""points"":464.5,""profileImage"":""/media/1490/itf-uk-profile-placeholder-male.jpg?anchor=center&mode=crop&width=54&height=72&rnd=132174204480000000"",""tournamentsPlayedSingles"":null,""tournamentsPlayedDoubles"":null,""pointsRankingSingles"":null,""pointsRankingDoubles"":null,""pointsRankingTotal"":null}"
800667359,Seung-Min Oh,Seung-Min,Oh,M,B,KOR,"Korea, Rep.",,2009,2027,,https://www.itftennis.com/en/players/seung-min-oh/800667359/kor/jt/s/,172,459.5,2026-06-02,2026-06-08,"{""playerId"":800667359,""playerFamilyName"":""Oh"",""playerGivenName"":""Seung-Min"",""playerNationalityCode"":""KOR"",""playerNationality"":""Korea, Rep."",""profileLink"":""/en/players/seung-min-oh/800667359/kor/jt/s/"",""gender"":""M"",""hiddenPlayer"":false,""birthYear"":2009,""rankMovement"":-1,""rank"":172,""rankEqualFlag"":"""",""tournamentsPlayed"":26,""points"":459.5,""profileImage"":""/media/1490/itf-uk-profile-placeholder-male.jpg?anchor=center&mode=crop&width=54&height=72&rnd=132174204480000000"",""tournamentsPlayedSingles"":null,""tournamentsPlayedDoubles"":null,""pointsRankingSingles"":null,""pointsRankingDoubles"":null,""pointsRankingTotal"":null}"
800626417,Samim Filiz,Samim,Filiz,M,B,TUR,Turkiye,,2009,2027,,https://www.itftennis.com/en/players/samim-filiz/800626417/tur/jt/s/,173,456.5,2026-06-02,2026-06-08,"{""playerId"":800626417,""playerFamilyName"":""Filiz"",""playerGivenName"":""Samim"",""playerNationalityCode"":""TUR"",""playerNationality"":""Turkiye"",""profileLink"":""/en/players/samim-filiz/800626417/tur/jt/s/"",""gender"":""M"",""hiddenPlayer"":false,""birthYear"":2009,""rankMovement"":0,""rank"":173,""rankEqualFlag"":"""",""tournamentsPlayed"":26,""points"":456.5,""profileImage"":""/media/1490/itf-uk-profile-placeholder-male.jpg?anchor=center&mode=crop&width=54&height=72&rnd=132174204480000000"",""tournamentsPlayedSingles"":null,""tournamentsPlayedDoubles"":null,""pointsRankingSingles"":null,""pointsRankingDoubles"":null,""pointsRankingTotal"":null}"
800595074,Tommaso Pedretti,Tommaso,Pedretti,M,B,ITA,Italy,,2009,2027,,https://www.itftennis.com/en/players/tommaso-pedretti/800595074/ita/jt/s/,174,453.5,2026-06-02,2026-06-08,"{""playerId"":800595074,""playerFamilyName"":""Pedretti"",""playerGivenName"":""Tommaso"",""playerNationalityCode"":""ITA"",""playerNationality"":""Italy"",""profileLink"":""/en/players/tommaso-pedretti/800595074/ita/jt/s/"",""gender"":""M"",""hiddenPlayer"":false,""birthYear"":2009,""rankMovement"":0,""rank"":174,""rankEqualFlag"":"""",""tournamentsPlayed"":31,""points"":453.5,""profileImage"":""/media/1490/itf-uk-profile-placeholder-male.jpg?anchor=center&mode=crop&width=54&height=72&rnd=132174204480000000"",""tournamentsPlayedSingles"":null,""tournamentsPlayedDoubles"":null,""pointsRankingSingles"":null,""pointsRankingDoubles"":null,""pointsRankingTotal"":null}"
800719071,Theo Hegarty,Theo,Hegarty,M,B,USA,USA,,2008,2026,,https://www.itftennis.com/en/players/theo-hegarty/800719071/usa/jt/s/,175,453,2026-06-02,2026-06-08,"{""playerId"":800719071,""playerFamilyName"":""Hegarty"",""playerGivenName"":""Theo"",""playerNationalityCode"":""USA"",""playerNationality"":""USA"",""profileLink"":""/en/players/theo-hegarty/800719071/usa/jt/s/"",""gender"":""M"",""hiddenPlayer"":false,""birthYear"":2008,""rankMovement"":0,""rank"":175,""rankEqualFlag"":"""",""tournamentsPlayed"":47,""points"":453,""profileImage"":""/media/1490/itf-uk-profile-placeholder-male.jpg?anchor=center&mode=crop&width=54&height=72&rnd=132174204480000000"",""tournamentsPlayedSingles"":null,""tournamentsPlayedDoubles"":null,""pointsRankingSingles"":null,""pointsRankingDoubles"":null,""pointsRankingTotal"":null}"
800772281,Daniel Malacek,Daniel,Malacek,M,B,USA,USA,,2009,2027,,https://www.itftennis.com/en/players/daniel-malacek/800772281/usa/jt/s/,176,451,2026-06-02,2026-06-08,"{""playerId"":800772281,""playerFamilyName"":""Malacek"",""playerGivenName"":""Daniel"",""playerNationalityCode"":""USA"",""playerNationality"":""USA"",""profileLink"":""/en/players/daniel-malacek/800772281/usa/jt/s/"",""gender"":""M"",""hiddenPlayer"":false,""birthYear"":2009,""rankMovement"":0,""rank"":176,""rankEqualFlag"":"""",""tournamentsPlayed"":34,""points"":451,""profileImage"":""/media/1490/itf-uk-profile-placeholder-male.jpg?anchor=center&mode=crop&width=54&height=72&rnd=132174204480000000"",""tournamentsPlayedSingles"":null,""tournamentsPlayedDoubles"":null,""pointsRankingSingles"":null,""pointsRankingDoubles"":null,""pointsRankingTotal"":null}"
800579231,Edwin Averjanov,Edwin,Averjanov,M,B,EST,Estonia,,2008,2026,,https://www.itftennis.com/en/players/edwin-averjanov/800579231/est/jt/s/,177,451,2026-06-02,2026-06-08,"{""playerId"":800579231,""playerFamilyName"":""Averjanov"",""playerGivenName"":""Edwin"",""playerNationalityCode"":""EST"",""playerNationality"":""Estonia"",""profileLink"":""/en/players/edwin-averjanov/800579231/est/jt/s/"",""gender"":""M"",""hiddenPlayer"":false,""birthYear"":2008,""rankMovement"":0,""rank"":177,""rankEqualFlag"":"""",""tournamentsPlayed"":29,""points"":451,""profileImage"":""/media/1490/itf-uk-profile-placeholder-male.jpg?anchor=center&mode=crop&width=54&height=72&rnd=132174204480000000"",""tournamentsPlayedSingles"":null,""tournamentsPlayedDoubles"":null,""pointsRankingSingles"":null,""pointsRankingDoubles"":null,""pointsRankingTotal"":null}"
800680243,Tavish Pahwa,Tavish,Pahwa,M,B,IND,India,,2010,2028,,https://www.itftennis.com/en/players/tavish-pahwa/800680243/ind/jt/s/,178,450,2026-06-02,2026-06-08,"{""playerId"":800680243,""playerFamilyName"":""Pahwa"",""playerGivenName"":""Tavish"",""playerNationalityCode"":""IND"",""playerNationality"":""India"",""profileLink"":""/en/players/tavish-pahwa/800680243/ind/jt/s/"",""gender"":""M"",""hiddenPlayer"":false,""birthYear"":2010,""rankMovement"":1,""rank"":178,""rankEqualFlag"":"""",""tournamentsPlayed"":29,""points"":450,""profileImage"":""/media/1490/itf-uk-profile-placeholder-male.jpg?anchor=center&mode=crop&width=54&height=72&rnd=132174204480000000"",""tournamentsPlayedSingles"":null,""tournamentsPlayedDoubles"":null,""pointsRankingSingles"":null,""pointsRankingDoubles"":null,""pointsRankingTotal"":null}"
800576465,Marcell Kovacs,Marcell,Kovacs,M,B,HUN,Hungary,,2008,2026,,https://www.itftennis.com/en/players/marcell-kovacs/800576465/hun/jt/s/,179,448,2026-06-02,2026-06-08,"{""playerId"":800576465,""playerFamilyName"":""Kovacs"",""playerGivenName"":""Marcell"",""playerNationalityCode"":""HUN"",""playerNationality"":""Hungary"",""profileLink"":""/en/players/marcell-kovacs/800576465/hun/jt/s/"",""gender"":""M"",""hiddenPlayer"":false,""birthYear"":2008,""rankMovement"":-13,""rank"":179,""rankEqualFlag"":"""",""tournamentsPlayed"":42,""points"":448,""profileImage"":""/media/1490/itf-uk-profile-placeholder-male.jpg?anchor=center&mode=crop&width=54&height=72&rnd=132174204480000000"",""tournamentsPlayedSingles"":null,""tournamentsPlayedDoubles"":null,""pointsRankingSingles"":null,""pointsRankingDoubles"":null,""pointsRankingTotal"":null}"
800576472,Victor Barreira Bonzom,Victor,Barreira Bonzom,M,B,FRA,France,,2008,2026,,https://www.itftennis.com/en/players/victor-barreira-bonzom/800576472/fra/jt/s/,180,439.75,2026-06-02,2026-06-08,"{""playerId"":800576472,""playerFamilyName"":""Barreira Bonzom"",""playerGivenName"":""Victor"",""playerNationalityCode"":""FRA"",""playerNationality"":""France"",""profileLink"":""/en/players/victor-barreira-bonzom/800576472/fra/jt/s/"",""gender"":""M"",""hiddenPlayer"":false,""birthYear"":2008,""rankMovement"":0,""rank"":180,""rankEqualFlag"":"""",""tournamentsPlayed"":29,""points"":439.75,""profileImage"":""/media/1490/itf-uk-profile-placeholder-male.jpg?anchor=center&mode=crop&width=54&height=72&rnd=132174204480000000"",""tournamentsPlayedSingles"":null,""tournamentsPlayedDoubles"":null,""pointsRankingSingles"":null,""pointsRankingDoubles"":null,""pointsRankingTotal"":null}"
800717591,Dmytro Vterkovskiy,Dmytro,Vterkovskiy,M,B,UKR,Ukraine,,2008,2026,,https://www.itftennis.com/en/players/dmytro-vterkovskiy/800717591/ukr/jt/s/,181,438.5,2026-06-02,2026-06-08,"{""playerId"":800717591,""playerFamilyName"":""Vterkovskiy"",""playerGivenName"":""Dmytro"",""playerNationalityCode"":""UKR"",""playerNationality"":""Ukraine"",""profileLink"":""/en/players/dmytro-vterkovskiy/800717591/ukr/jt/s/"",""gender"":""M"",""hiddenPlayer"":false,""birthYear"":2008,""rankMovement"":0,""rank"":181,""rankEqualFlag"":"""",""tournamentsPlayed"":38,""points"":438.5,""profileImage"":""/media/1490/itf-uk-profile-placeholder-male.jpg?anchor=center&mode=crop&width=54&height=72&rnd=132174204480000000"",""tournamentsPlayedSingles"":null,""tournamentsPlayedDoubles"":null,""pointsRankingSingles"":null,""pointsRankingDoubles"":null,""pointsRankingTotal"":null}"
800783864,Aleix Galindo Puig,Aleix,Galindo Puig,M,B,ESP,Spain,,2009,2027,,https://www.itftennis.com/en/players/aleix-galindo-puig/800783864/esp/jt/s/,182,438.5,2026-06-02,2026-06-08,"{""playerId"":800783864,""playerFamilyName"":""Galindo Puig"",""playerGivenName"":""Aleix"",""playerNationalityCode"":""ESP"",""playerNationality"":""Spain"",""profileLink"":""/en/players/aleix-galindo-puig/800783864/esp/jt/s/"",""gender"":""M"",""hiddenPlayer"":false,""birthYear"":2009,""rankMovement"":0,""rank"":182,""rankEqualFlag"":"""",""tournamentsPlayed"":27,""points"":438.5,""profileImage"":""/media/1490/itf-uk-profile-placeholder-male.jpg?anchor=center&mode=crop&width=54&height=72&rnd=132174204480000000"",""tournamentsPlayedSingles"":null,""tournamentsPlayedDoubles"":null,""pointsRankingSingles"":null,""pointsRankingDoubles"":null,""pointsRankingTotal"":null}"
800727133,Goncalo Da Rosa Castro,Goncalo,Da Rosa Castro,M,B,POR,Portugal,,2008,2026,,https://www.itftennis.com/en/players/goncalo-da-rosa-castro/800727133/por/jt/s/,183,438,2026-06-02,2026-06-08,"{""playerId"":800727133,""playerFamilyName"":""Da Rosa Castro"",""playerGivenName"":""Goncalo"",""playerNationalityCode"":""POR"",""playerNationality"":""Portugal"",""profileLink"":""/en/players/goncalo-da-rosa-castro/800727133/por/jt/s/"",""gender"":""M"",""hiddenPlayer"":false,""birthYear"":2008,""rankMovement"":0,""rank"":183,""rankEqualFlag"":"""",""tournamentsPlayed"":23,""points"":438,""profileImage"":""/media/1490/itf-uk-profile-placeholder-male.jpg?anchor=center&mode=crop&width=54&height=72&rnd=132174204480000000"",""tournamentsPlayedSingles"":null,""tournamentsPlayedDoubles"":null,""pointsRankingSingles"":null,""pointsRankingDoubles"":null,""pointsRankingTotal"":null}"
800645019,William Kjellberg,William,Kjellberg,M,B,SWE,Sweden,,2009,2027,,https://www.itftennis.com/en/players/william-kjellberg/800645019/swe/jt/s/,184,436.75,2026-06-02,2026-06-08,"{""playerId"":800645019,""playerFamilyName"":""Kjellberg"",""playerGivenName"":""William"",""playerNationalityCode"":""SWE"",""playerNationality"":""Sweden"",""profileLink"":""/en/players/william-kjellberg/800645019/swe/jt/s/"",""gender"":""M"",""hiddenPlayer"":false,""birthYear"":2009,""rankMovement"":0,""rank"":184,""rankEqualFlag"":"""",""tournamentsPlayed"":29,""points"":436.75,""profileImage"":""/media/1490/itf-uk-profile-placeholder-male.jpg?anchor=center&mode=crop&width=54&height=72&rnd=132174204480000000"",""tournamentsPlayedSingles"":null,""tournamentsPlayedDoubles"":null,""pointsRankingSingles"":null,""pointsRankingDoubles"":null,""pointsRankingTotal"":null}"
800631785,Omar Kandil,Omar,Kandil,M,B,EGY,Egypt,,2009,2027,,https://www.itftennis.com/en/players/omar-kandil/800631785/egy/jt/s/,185,433,2026-06-02,2026-06-08,"{""playerId"":800631785,""playerFamilyName"":""Kandil"",""playerGivenName"":""Omar"",""playerNationalityCode"":""EGY"",""playerNationality"":""Egypt"",""profileLink"":""/en/players/omar-kandil/800631785/egy/jt/s/"",""gender"":""M"",""hiddenPlayer"":false,""birthYear"":2009,""rankMovement"":0,""rank"":185,""rankEqualFlag"":"""",""tournamentsPlayed"":33,""points"":433,""profileImage"":""/media/1490/itf-uk-profile-placeholder-male.jpg?anchor=center&mode=crop&width=54&height=72&rnd=132174204480000000"",""tournamentsPlayedSingles"":null,""tournamentsPlayedDoubles"":null,""pointsRankingSingles"":null,""pointsRankingDoubles"":null,""pointsRankingTotal"":null}"
800596861,William Moxon,William,Moxon,M,B,GBR,Great Britain,,2008,2026,,https://www.itftennis.com/en/players/william-moxon/800596861/gbr/jt/s/,186,431,2026-06-02,2026-06-08,"{""playerId"":800596861,""playerFamilyName"":""Moxon"",""playerGivenName"":""William"",""playerNationalityCode"":""GBR"",""playerNationality"":""Great Britain"",""profileLink"":""/en/players/william-moxon/800596861/gbr/jt/s/"",""gender"":""M"",""hiddenPlayer"":false,""birthYear"":2008,""rankMovement"":0,""rank"":186,""rankEqualFlag"":"""",""tournamentsPlayed"":36,""points"":431,""profileImage"":""/media/1490/itf-uk-profile-placeholder-male.jpg?anchor=center&mode=crop&width=54&height=72&rnd=132174204480000000"",""tournamentsPlayedSingles"":null,""tournamentsPlayedDoubles"":null,""pointsRankingSingles"":null,""pointsRankingDoubles"":null,""pointsRankingTotal"":null}"
800586826,Gabriel Jalouneix,Gabriel,Jalouneix,M,B,FRA,France,,2008,2026,,https://www.itftennis.com/en/players/gabriel-jalouneix/800586826/fra/jt/s/,187,429,2026-06-02,2026-06-08,"{""playerId"":800586826,""playerFamilyName"":""Jalouneix"",""playerGivenName"":""Gabriel"",""playerNationalityCode"":""FRA"",""playerNationality"":""France"",""profileLink"":""/en/players/gabriel-jalouneix/800586826/fra/jt/s/"",""gender"":""M"",""hiddenPlayer"":false,""birthYear"":2008,""rankMovement"":0,""rank"":187,""rankEqualFlag"":"""",""tournamentsPlayed"":42,""points"":429,""profileImage"":""/media/1490/itf-uk-profile-placeholder-male.jpg?anchor=center&mode=crop&width=54&height=72&rnd=132174204480000000"",""tournamentsPlayedSingles"":null,""tournamentsPlayedDoubles"":null,""pointsRankingSingles"":null,""pointsRankingDoubles"":null,""pointsRankingTotal"":null}"
800638951,Philip Niederle,Philip,Niederle,M,B,AUT,Austria,,2008,2026,,https://www.itftennis.com/en/players/philip-niederle/800638951/aut/jt/s/,188,426.5,2026-06-02,2026-06-08,"{""playerId"":800638951,""playerFamilyName"":""Niederle"",""playerGivenName"":""Philip"",""playerNationalityCode"":""AUT"",""playerNationality"":""Austria"",""profileLink"":""/en/players/philip-niederle/800638951/aut/jt/s/"",""gender"":""M"",""hiddenPlayer"":false,""birthYear"":2008,""rankMovement"":0,""rank"":188,""rankEqualFlag"":"""",""tournamentsPlayed"":36,""points"":426.5,""profileImage"":""/media/1490/itf-uk-profile-placeholder-male.jpg?anchor=center&mode=crop&width=54&height=72&rnd=132174204480000000"",""tournamentsPlayedSingles"":null,""tournamentsPlayedDoubles"":null,""pointsRankingSingles"":null,""pointsRankingDoubles"":null,""pointsRankingTotal"":null}"
800670641,Rafalentino Ali Da Costa,Rafalentino Ali,Da Costa,M,B,INA,Indonesia,,2010,2028,,https://www.itftennis.com/en/players/rafalentino-ali-da-costa/800670641/ina/jt/s/,189,425,2026-06-02,2026-06-08,"{""playerId"":800670641,""playerFamilyName"":""Da Costa"",""playerGivenName"":""Rafalentino Ali"",""playerNationalityCode"":""INA"",""playerNationality"":""Indonesia"",""profileLink"":""/en/players/rafalentino-ali-da-costa/800670641/ina/jt/s/"",""gender"":""M"",""hiddenPlayer"":false,""birthYear"":2010,""rankMovement"":0,""rank"":189,""rankEqualFlag"":"""",""tournamentsPlayed"":40,""points"":425,""profileImage"":""/media/1490/itf-uk-profile-placeholder-male.jpg?anchor=center&mode=crop&width=54&height=72&rnd=132174204480000000"",""tournamentsPlayedSingles"":null,""tournamentsPlayedDoubles"":null,""pointsRankingSingles"":null,""pointsRankingDoubles"":null,""pointsRankingTotal"":null}"
800787844,Jan Psota,Jan,Psota,M,B,CZE,Czechia,,2008,2026,,https://www.itftennis.com/en/players/jan-psota/800787844/cze/jt/s/,190,424.5,2026-06-02,2026-06-08,"{""playerId"":800787844,""playerFamilyName"":""Psota"",""playerGivenName"":""Jan"",""playerNationalityCode"":""CZE"",""playerNationality"":""Czechia"",""profileLink"":""/en/players/jan-psota/800787844/cze/jt/s/"",""gender"":""M"",""hiddenPlayer"":false,""birthYear"":2008,""rankMovement"":0,""rank"":190,""rankEqualFlag"":"""",""tournamentsPlayed"":34,""points"":424.5,""profileImage"":""/media/1490/itf-uk-profile-placeholder-male.jpg?anchor=center&mode=crop&width=54&height=72&rnd=132174204480000000"",""tournamentsPlayedSingles"":null,""tournamentsPlayedDoubles"":null,""pointsRankingSingles"":null,""pointsRankingDoubles"":null,""pointsRankingTotal"":null}"
800590611,Aren Baybars,Aren,Baybars,M,B,TUR,Turkiye,,2008,2026,,https://www.itftennis.com/en/players/aren-baybars/800590611/tur/jt/s/,191,424,2026-06-02,2026-06-08,"{""playerId"":800590611,""playerFamilyName"":""Baybars"",""playerGivenName"":""Aren"",""playerNationalityCode"":""TUR"",""playerNationality"":""Turkiye"",""profileLink"":""/en/players/aren-baybars/800590611/tur/jt/s/"",""gender"":""M"",""hiddenPlayer"":false,""birthYear"":2008,""rankMovement"":0,""rank"":191,""rankEqualFlag"":"""",""tournamentsPlayed"":30,""points"":424,""profileImage"":""/media/1490/itf-uk-profile-placeholder-male.jpg?anchor=center&mode=crop&width=54&height=72&rnd=132174204480000000"",""tournamentsPlayedSingles"":null,""tournamentsPlayedDoubles"":null,""pointsRankingSingles"":null,""pointsRankingDoubles"":null,""pointsRankingTotal"":null}"
800660621,Louis Mouffe,Louis,Mouffe,M,B,BEL,Belgium,,2009,2027,,https://www.itftennis.com/en/players/louis-mouffe/800660621/bel/jt/s/,192,424,2026-06-02,2026-06-08,"{""playerId"":800660621,""playerFamilyName"":""Mouffe"",""playerGivenName"":""Louis"",""playerNationalityCode"":""BEL"",""playerNationality"":""Belgium"",""profileLink"":""/en/players/louis-mouffe/800660621/bel/jt/s/"",""gender"":""M"",""hiddenPlayer"":false,""birthYear"":2009,""rankMovement"":0,""rank"":192,""rankEqualFlag"":"""",""tournamentsPlayed"":36,""points"":424,""profileImage"":""/media/1490/itf-uk-profile-placeholder-male.jpg?anchor=center&mode=crop&width=54&height=72&rnd=132174204480000000"",""tournamentsPlayedSingles"":null,""tournamentsPlayedDoubles"":null,""pointsRankingSingles"":null,""pointsRankingDoubles"":null,""pointsRankingTotal"":null}"
800710579,Tomas Dummer Macedo,Tomas,Dummer Macedo,M,B,BRA,Brazil,,2008,2026,,https://www.itftennis.com/en/players/tomas-dummer-macedo/800710579/bra/jt/s/,193,423.5,2026-06-02,2026-06-08,"{""playerId"":800710579,""playerFamilyName"":""Dummer Macedo"",""playerGivenName"":""Tomas"",""playerNationalityCode"":""BRA"",""playerNationality"":""Brazil"",""profileLink"":""/en/players/tomas-dummer-macedo/800710579/bra/jt/s/"",""gender"":""M"",""hiddenPlayer"":false,""birthYear"":2008,""rankMovement"":0,""rank"":193,""rankEqualFlag"":"""",""tournamentsPlayed"":30,""points"":423.5,""profileImage"":""/media/1490/itf-uk-profile-placeholder-male.jpg?anchor=center&mode=crop&width=54&height=72&rnd=132174204480000000"",""tournamentsPlayedSingles"":null,""tournamentsPlayedDoubles"":null,""pointsRankingSingles"":null,""pointsRankingDoubles"":null,""pointsRankingTotal"":null}"
800630549,Mattia Logrippo,Mattia,Logrippo,M,B,ITA,Italy,,2009,2027,,https://www.itftennis.com/en/players/mattia-logrippo/800630549/ita/jt/s/,194,423.5,2026-06-02,2026-06-08,"{""playerId"":800630549,""playerFamilyName"":""Logrippo"",""playerGivenName"":""Mattia"",""playerNationalityCode"":""ITA"",""playerNationality"":""Italy"",""profileLink"":""/en/players/mattia-logrippo/800630549/ita/jt/s/"",""gender"":""M"",""hiddenPlayer"":false,""birthYear"":2009,""rankMovement"":0,""rank"":194,""rankEqualFlag"":"""",""tournamentsPlayed"":29,""points"":423.5,""profileImage"":""/media/1490/itf-uk-profile-placeholder-male.jpg?anchor=center&mode=crop&width=54&height=72&rnd=132174204480000000"",""tournamentsPlayedSingles"":null,""tournamentsPlayedDoubles"":null,""pointsRankingSingles"":null,""pointsRankingDoubles"":null,""pointsRankingTotal"":null}"
800757736,Mason Vaughan,Mason,Vaughan,M,B,USA,USA,,2009,2027,,https://www.itftennis.com/en/players/mason-vaughan/800757736/usa/jt/s/,195,421,2026-06-02,2026-06-08,"{""playerId"":800757736,""playerFamilyName"":""Vaughan"",""playerGivenName"":""Mason"",""playerNationalityCode"":""USA"",""playerNationality"":""USA"",""profileLink"":""/en/players/mason-vaughan/800757736/usa/jt/s/"",""gender"":""M"",""hiddenPlayer"":false,""birthYear"":2009,""rankMovement"":0,""rank"":195,""rankEqualFlag"":"""",""tournamentsPlayed"":24,""points"":421,""profileImage"":""/media/1490/itf-uk-profile-placeholder-male.jpg?anchor=center&mode=crop&width=54&height=72&rnd=132174204480000000"",""tournamentsPlayedSingles"":null,""tournamentsPlayedDoubles"":null,""pointsRankingSingles"":null,""pointsRankingDoubles"":null,""pointsRankingTotal"":null}"
800698558,Dongjae Kim,Dongjae,Kim,M,B,KOR,"Korea, Rep.",,2010,2028,,https://www.itftennis.com/en/players/dongjae-kim/800698558/kor/jt/s/,196,418.75,2026-06-02,2026-06-08,"{""playerId"":800698558,""playerFamilyName"":""Kim"",""playerGivenName"":""Dongjae"",""playerNationalityCode"":""KOR"",""playerNationality"":""Korea, Rep."",""profileLink"":""/en/players/dongjae-kim/800698558/kor/jt/s/"",""gender"":""M"",""hiddenPlayer"":false,""birthYear"":2010,""rankMovement"":0,""rank"":196,""rankEqualFlag"":"""",""tournamentsPlayed"":28,""points"":418.75,""profileImage"":""/media/1490/itf-uk-profile-placeholder-male.jpg?anchor=center&mode=crop&width=54&height=72&rnd=132174204480000000"",""tournamentsPlayedSingles"":null,""tournamentsPlayedDoubles"":null,""pointsRankingSingles"":null,""pointsRankingDoubles"":null,""pointsRankingTotal"":null}"
800592332,Luca Stefan Prunescu Nita,Luca Stefan,Prunescu Nita,M,B,ROU,Romania,,2008,2026,,https://www.itftennis.com/en/players/luca-stefan-prunescu-nita/800592332/rou/jt/s/,197,414.5,2026-06-02,2026-06-08,"{""playerId"":800592332,""playerFamilyName"":""Prunescu Nita"",""playerGivenName"":""Luca Stefan"",""playerNationalityCode"":""ROU"",""playerNationality"":""Romania"",""profileLink"":""/en/players/luca-stefan-prunescu-nita/800592332/rou/jt/s/"",""gender"":""M"",""hiddenPlayer"":false,""birthYear"":2008,""rankMovement"":0,""rank"":197,""rankEqualFlag"":"""",""tournamentsPlayed"":38,""points"":414.5,""profileImage"":""/media/1490/itf-uk-profile-placeholder-male.jpg?anchor=center&mode=crop&width=54&height=72&rnd=132174204480000000"",""tournamentsPlayedSingles"":null,""tournamentsPlayedDoubles"":null,""pointsRankingSingles"":null,""pointsRankingDoubles"":null,""pointsRankingTotal"":null}"
800592750,Davide Ciaschetti,Davide,Ciaschetti,M,B,ITA,Italy,,2008,2026,,https://www.itftennis.com/en/players/davide-ciaschetti/800592750/ita/jt/s/,198,410,2026-06-02,2026-06-08,"{""playerId"":800592750,""playerFamilyName"":""Ciaschetti"",""playerGivenName"":""Davide"",""playerNationalityCode"":""ITA"",""playerNationality"":""Italy"",""profileLink"":""/en/players/davide-ciaschetti/800592750/ita/jt/s/"",""gender"":""M"",""hiddenPlayer"":false,""birthYear"":2008,""rankMovement"":0,""rank"":198,""rankEqualFlag"":"""",""tournamentsPlayed"":30,""points"":410,""profileImage"":""/media/1490/itf-uk-profile-placeholder-male.jpg?anchor=center&mode=crop&width=54&height=72&rnd=132174204480000000"",""tournamentsPlayedSingles"":null,""tournamentsPlayedDoubles"":null,""pointsRankingSingles"":null,""pointsRankingDoubles"":null,""pointsRankingTotal"":null}"
800665698,MATTIA BARONI,MATTIA,BARONI,M,B,ITA,Italy,,2009,2027,,https://www.itftennis.com/en/players/mattia-baroni/800665698/ita/jt/s/,199,409.5,2026-06-02,2026-06-08,"{""playerId"":800665698,""playerFamilyName"":""BARONI"",""playerGivenName"":""MATTIA"",""playerNationalityCode"":""ITA"",""playerNationality"":""Italy"",""profileLink"":""/en/players/mattia-baroni/800665698/ita/jt/s/"",""gender"":""M"",""hiddenPlayer"":false,""birthYear"":2009,""rankMovement"":0,""rank"":199,""rankEqualFlag"":"""",""tournamentsPlayed"":28,""points"":409.5,""profileImage"":""/media/1490/itf-uk-profile-placeholder-male.jpg?anchor=center&mode=crop&width=54&height=72&rnd=132174204480000000"",""tournamentsPlayedSingles"":null,""tournamentsPlayedDoubles"":null,""pointsRankingSingles"":null,""pointsRankingDoubles"":null,""pointsRankingTotal"":null}"
800678202,Benjamin Chelia,Benjamin,Chelia,M,B,ARG,Argentina,,2008,2026,,https://www.itftennis.com/en/players/benjamin-chelia/800678202/arg/jt/s/,200,407,2026-06-02,2026-06-08,"{""playerId"":800678202,""playerFamilyName"":""Chelia"",""playerGivenName"":""Benjamin"",""playerNationalityCode"":""ARG"",""playerNationality"":""Argentina"",""profileLink"":""/en/players/benjamin-chelia/800678202/arg/jt/s/"",""gender"":""M"",""hiddenPlayer"":false,""birthYear"":2008,""rankMovement"":0,""rank"":200,""rankEqualFlag"":"""",""tournamentsPlayed"":13,""points"":407,""profileImage"":""/media/1490/itf-uk-profile-placeholder-male.jpg?anchor=center&mode=crop&width=54&height=72&rnd=132174204480000000"",""tournamentsPlayedSingles"":null,""tournamentsPlayedDoubles"":null,""pointsRankingSingles"":null,""pointsRankingDoubles"":null,""pointsRankingTotal"":null}"
800747700,Raphael Savelli,Raphael,Savelli,M,B,AUS,Australia,,2010,2028,,https://www.itftennis.com/en/players/raphael-savelli/800747700/aus/jt/s/,201,403.5,2026-06-02,2026-06-08,"{""playerId"":800747700,""playerFamilyName"":""Savelli"",""playerGivenName"":""Raphael"",""playerNationalityCode"":""AUS"",""playerNationality"":""Australia"",""profileLink"":""/en/players/raphael-savelli/800747700/aus/jt/s/"",""gender"":""M"",""hiddenPlayer"":false,""birthYear"":2010,""rankMovement"":0,""rank"":201,""rankEqualFlag"":"""",""tournamentsPlayed"":30,""points"":403.5,""profileImage"":""/media/1490/itf-uk-profile-placeholder-male.jpg?anchor=center&mode=crop&width=54&height=72&rnd=132174204480000000"",""tournamentsPlayedSingles"":null,""tournamentsPlayedDoubles"":null,""pointsRankingSingles"":null,""pointsRankingDoubles"":null,""pointsRankingTotal"":null}"
800704256,Teodor Davidov,Teodor,Davidov,M,B,USA,USA,,2010,2028,,https://www.itftennis.com/en/players/teodor-davidov/800704256/usa/jt/s/,202,403,2026-06-02,2026-06-08,"{""playerId"":800704256,""playerFamilyName"":""Davidov"",""playerGivenName"":""Teodor"",""playerNationalityCode"":""USA"",""playerNationality"":""USA"",""profileLink"":""/en/players/teodor-davidov/800704256/usa/jt/s/"",""gender"":""M"",""hiddenPlayer"":false,""birthYear"":2010,""rankMovement"":0,""rank"":202,""rankEqualFlag"":"""",""tournamentsPlayed"":17,""points"":403,""profileImage"":""/media/1490/itf-uk-profile-placeholder-male.jpg?anchor=center&mode=crop&width=54&height=72&rnd=132174204480000000"",""tournamentsPlayedSingles"":null,""tournamentsPlayedDoubles"":null,""pointsRankingSingles"":null,""pointsRankingDoubles"":null,""pointsRankingTotal"":null}"
800583662,Se Hyuk Cho,Se Hyuk,Cho,M,B,KOR,"Korea, Rep.",,2008,2026,,https://www.itftennis.com/en/players/se-hyuk-cho/800583662/kor/jt/s/,203,402,2026-06-02,2026-06-08,"{""playerId"":800583662,""playerFamilyName"":""Cho"",""playerGivenName"":""Se Hyuk"",""playerNationalityCode"":""KOR"",""playerNationality"":""Korea, Rep."",""profileLink"":""/en/players/se-hyuk-cho/800583662/kor/jt/s/"",""gender"":""M"",""hiddenPlayer"":false,""birthYear"":2008,""rankMovement"":0,""rank"":203,""rankEqualFlag"":"""",""tournamentsPlayed"":22,""points"":402,""profileImage"":""/media/1490/itf-uk-profile-placeholder-male.jpg?anchor=center&mode=crop&width=54&height=72&rnd=132174204480000000"",""tournamentsPlayedSingles"":null,""tournamentsPlayedDoubles"":null,""pointsRankingSingles"":null,""pointsRankingDoubles"":null,""pointsRankingTotal"":null}"
800684304,Henrique Queiroz,Henrique,Queiroz,M,B,BRA,Brazil,,2008,2026,,https://www.itftennis.com/en/players/henrique-queiroz/800684304/bra/jt/s/,204,400.5,2026-06-02,2026-06-08,"{""playerId"":800684304,""playerFamilyName"":""Queiroz"",""playerGivenName"":""Henrique"",""playerNationalityCode"":""BRA"",""playerNationality"":""Brazil"",""profileLink"":""/en/players/henrique-queiroz/800684304/bra/jt/s/"",""gender"":""M"",""hiddenPlayer"":false,""birthYear"":2008,""rankMovement"":0,""rank"":204,""rankEqualFlag"":"""",""tournamentsPlayed"":36,""points"":400.5,""profileImage"":""/media/1490/itf-uk-profile-placeholder-male.jpg?anchor=center&mode=crop&width=54&height=72&rnd=132174204480000000"",""tournamentsPlayedSingles"":null,""tournamentsPlayedDoubles"":null,""pointsRankingSingles"":null,""pointsRankingDoubles"":null,""pointsRankingTotal"":null}"
800599182,Vito Antonio Darderi,Vito Antonio,Darderi,M,B,ITA,Italy,,2008,2026,,https://www.itftennis.com/en/players/vito-antonio-darderi/800599182/ita/jt/s/,205,397,2026-06-02,2026-06-08,"{""playerId"":800599182,""playerFamilyName"":""Darderi"",""playerGivenName"":""Vito Antonio"",""playerNationalityCode"":""ITA"",""playerNationality"":""Italy"",""profileLink"":""/en/players/vito-antonio-darderi/800599182/ita/jt/s/"",""gender"":""M"",""hiddenPlayer"":false,""birthYear"":2008,""rankMovement"":0,""rank"":205,""rankEqualFlag"":"""",""tournamentsPlayed"":22,""points"":397,""profileImage"":""/media/1490/itf-uk-profile-placeholder-male.jpg?anchor=center&mode=crop&width=54&height=72&rnd=132174204480000000"",""tournamentsPlayedSingles"":null,""tournamentsPlayedDoubles"":null,""pointsRankingSingles"":null,""pointsRankingDoubles"":null,""pointsRankingTotal"":null}"
800742825,Antoine Clavel,Antoine,Clavel,M,B,CAN,Canada,,2009,2027,,https://www.itftennis.com/en/players/antoine-clavel/800742825/can/jt/s/,206,394.5,2026-06-02,2026-06-08,"{""playerId"":800742825,""playerFamilyName"":""Clavel"",""playerGivenName"":""Antoine"",""playerNationalityCode"":""CAN"",""playerNationality"":""Canada"",""profileLink"":""/en/players/antoine-clavel/800742825/can/jt/s/"",""gender"":""M"",""hiddenPlayer"":false,""birthYear"":2009,""rankMovement"":12,""rank"":206,""rankEqualFlag"":"""",""tournamentsPlayed"":36,""points"":394.5,""profileImage"":""/media/1490/itf-uk-profile-placeholder-male.jpg?anchor=center&mode=crop&width=54&height=72&rnd=132174204480000000"",""tournamentsPlayedSingles"":null,""tournamentsPlayedDoubles"":null,""pointsRankingSingles"":null,""pointsRankingDoubles"":null,""pointsRankingTotal"":null}"
800634862,Arseniy Trebukhin,Arseniy,Trebukhin,M,B,KAZ,Kazakhstan,,2008,2026,,https://www.itftennis.com/en/players/arseniy-trebukhin/800634862/kaz/jt/s/,207,394.5,2026-06-02,2026-06-08,"{""playerId"":800634862,""playerFamilyName"":""Trebukhin"",""playerGivenName"":""Arseniy"",""playerNationalityCode"":""KAZ"",""playerNationality"":""Kazakhstan"",""profileLink"":""/en/players/arseniy-trebukhin/800634862/kaz/jt/s/"",""gender"":""M"",""hiddenPlayer"":false,""birthYear"":2008,""rankMovement"":0,""rank"":207,""rankEqualFlag"":"""",""tournamentsPlayed"":30,""points"":394.5,""profileImage"":""/media/1490/itf-uk-profile-placeholder-male.jpg?anchor=center&mode=crop&width=54&height=72&rnd=132174204480000000"",""tournamentsPlayedSingles"":null,""tournamentsPlayedDoubles"":null,""pointsRankingSingles"":null,""pointsRankingDoubles"":null,""pointsRankingTotal"":null}"
800630828,Ivan Dorokhov,Ivan,Dorokhov,M,B,RUS,Russia,,2008,2026,,https://www.itftennis.com/en/players/ivan-dorokhov/800630828/rus/jt/s/,208,394,2026-06-02,2026-06-08,"{""playerId"":800630828,""playerFamilyName"":""Dorokhov"",""playerGivenName"":""Ivan"",""playerNationalityCode"":""RUS"",""playerNationality"":""Russia"",""profileLink"":""/en/players/ivan-dorokhov/800630828/rus/jt/s/"",""gender"":""M"",""hiddenPlayer"":false,""birthYear"":2008,""rankMovement"":0,""rank"":208,""rankEqualFlag"":"""",""tournamentsPlayed"":43,""points"":394,""profileImage"":""/media/1490/itf-uk-profile-placeholder-male.jpg?anchor=center&mode=crop&width=54&height=72&rnd=132174204480000000"",""tournamentsPlayedSingles"":null,""tournamentsPlayedDoubles"":null,""pointsRankingSingles"":null,""pointsRankingDoubles"":null,""pointsRankingTotal"":null}"
800737321,Kaigaoge Kang,Kaigaoge,Kang,M,B,CHN,"China, P.R.",,2008,2026,,https://www.itftennis.com/en/players/kaigaoge-kang/800737321/chn/jt/s/,209,393,2026-06-02,2026-06-08,"{""playerId"":800737321,""playerFamilyName"":""Kang"",""playerGivenName"":""Kaigaoge"",""playerNationalityCode"":""CHN"",""playerNationality"":""China, P.R."",""profileLink"":""/en/players/kaigaoge-kang/800737321/chn/jt/s/"",""gender"":""M"",""hiddenPlayer"":false,""birthYear"":2008,""rankMovement"":0,""rank"":209,""rankEqualFlag"":"""",""tournamentsPlayed"":25,""points"":393,""profileImage"":""/media/1490/itf-uk-profile-placeholder-male.jpg?anchor=center&mode=crop&width=54&height=72&rnd=132174204480000000"",""tournamentsPlayedSingles"":null,""tournamentsPlayedDoubles"":null,""pointsRankingSingles"":null,""pointsRankingDoubles"":null,""pointsRankingTotal"":null}"
800708478,Kensuke Kobayashi,Kensuke,Kobayashi,M,B,JPN,Japan,,2009,2027,,https://www.itftennis.com/en/players/kensuke-kobayashi/800708478/jpn/jt/s/,210,393,2026-06-02,2026-06-08,"{""playerId"":800708478,""playerFamilyName"":""Kobayashi"",""playerGivenName"":""Kensuke"",""playerNationalityCode"":""JPN"",""playerNationality"":""Japan"",""profileLink"":""/en/players/kensuke-kobayashi/800708478/jpn/jt/s/"",""gender"":""M"",""hiddenPlayer"":false,""birthYear"":2009,""rankMovement"":0,""rank"":210,""rankEqualFlag"":"""",""tournamentsPlayed"":50,""points"":393,""profileImage"":""/media/1490/itf-uk-profile-placeholder-male.jpg?anchor=center&mode=crop&width=54&height=72&rnd=132174204480000000"",""tournamentsPlayedSingles"":null,""tournamentsPlayedDoubles"":null,""pointsRankingSingles"":null,""pointsRankingDoubles"":null,""pointsRankingTotal"":null}"
800726991,Hanlei Lu,Hanlei,Lu,M,B,CHN,"China, P.R.",,2009,2027,,https://www.itftennis.com/en/players/hanlei-lu/800726991/chn/jt/s/,211,393,2026-06-02,2026-06-08,"{""playerId"":800726991,""playerFamilyName"":""Lu"",""playerGivenName"":""Hanlei"",""playerNationalityCode"":""CHN"",""playerNationality"":""China, P.R."",""profileLink"":""/en/players/hanlei-lu/800726991/chn/jt/s/"",""gender"":""M"",""hiddenPlayer"":false,""birthYear"":2009,""rankMovement"":15,""rank"":211,""rankEqualFlag"":"""",""tournamentsPlayed"":34,""points"":393,""profileImage"":""/media/1490/itf-uk-profile-placeholder-male.jpg?anchor=center&mode=crop&width=54&height=72&rnd=132174204480000000"",""tournamentsPlayedSingles"":null,""tournamentsPlayedDoubles"":null,""pointsRankingSingles"":null,""pointsRankingDoubles"":null,""pointsRankingTotal"":null}"
800590223,Alexey Frolov,Alexey,Frolov,M,B,RUS,Russia,,2009,2027,,https://www.itftennis.com/en/players/alexey-frolov/800590223/rus/jt/s/,212,390.25,2026-06-02,2026-06-08,"{""playerId"":800590223,""playerFamilyName"":""Frolov"",""playerGivenName"":""Alexey"",""playerNationalityCode"":""RUS"",""playerNationality"":""Russia"",""profileLink"":""/en/players/alexey-frolov/800590223/rus/jt/s/"",""gender"":""M"",""hiddenPlayer"":false,""birthYear"":2009,""rankMovement"":-1,""rank"":212,""rankEqualFlag"":"""",""tournamentsPlayed"":24,""points"":390.25,""profileImage"":""/media/1490/itf-uk-profile-placeholder-male.jpg?anchor=center&mode=crop&width=54&height=72&rnd=132174204480000000"",""tournamentsPlayedSingles"":null,""tournamentsPlayedDoubles"":null,""pointsRankingSingles"":null,""pointsRankingDoubles"":null,""pointsRankingTotal"":null}"
800711174,Ethan Domingo,Ethan,Domingo,M,B,AUS,Australia,,2010,2028,,https://www.itftennis.com/en/players/ethan-domingo/800711174/aus/jt/s/,213,387,2026-06-02,2026-06-08,"{""playerId"":800711174,""playerFamilyName"":""Domingo"",""playerGivenName"":""Ethan"",""playerNationalityCode"":""AUS"",""playerNationality"":""Australia"",""profileLink"":""/en/players/ethan-domingo/800711174/aus/jt/s/"",""gender"":""M"",""hiddenPlayer"":false,""birthYear"":2010,""rankMovement"":-7,""rank"":213,""rankEqualFlag"":"""",""tournamentsPlayed"":27,""points"":387,""profileImage"":""/media/1490/itf-uk-profile-placeholder-male.jpg?anchor=center&mode=crop&width=54&height=72&rnd=132174204480000000"",""tournamentsPlayedSingles"":null,""tournamentsPlayedDoubles"":null,""pointsRankingSingles"":null,""pointsRankingDoubles"":null,""pointsRankingTotal"":null}"
800746542,Taiki Takizawa,Taiki,Takizawa,M,B,AUS,Australia,,2010,2028,,https://www.itftennis.com/en/players/taiki-takizawa/800746542/aus/jt/s/,214,385.75,2026-06-02,2026-06-08,"{""playerId"":800746542,""playerFamilyName"":""Takizawa"",""playerGivenName"":""Taiki"",""playerNationalityCode"":""AUS"",""playerNationality"":""Australia"",""profileLink"":""/en/players/taiki-takizawa/800746542/aus/jt/s/"",""gender"":""M"",""hiddenPlayer"":false,""birthYear"":2010,""rankMovement"":-2,""rank"":214,""rankEqualFlag"":"""",""tournamentsPlayed"":34,""points"":385.75,""profileImage"":""/media/1490/itf-uk-profile-placeholder-male.jpg?anchor=center&mode=crop&width=54&height=72&rnd=132174204480000000"",""tournamentsPlayedSingles"":null,""tournamentsPlayedDoubles"":null,""pointsRankingSingles"":null,""pointsRankingDoubles"":null,""pointsRankingTotal"":null}"
800664204,Hryhorii Kartavenko,Hryhorii,Kartavenko,M,B,UKR,Ukraine,,2008,2026,,https://www.itftennis.com/en/players/hryhorii-kartavenko/800664204/ukr/jt/s/,215,385.5,2026-06-02,2026-06-08,"{""playerId"":800664204,""playerFamilyName"":""Kartavenko"",""playerGivenName"":""Hryhorii"",""playerNationalityCode"":""UKR"",""playerNationality"":""Ukraine"",""profileLink"":""/en/players/hryhorii-kartavenko/800664204/ukr/jt/s/"",""gender"":""M"",""hiddenPlayer"":false,""birthYear"":2008,""rankMovement"":-2,""rank"":215,""rankEqualFlag"":"""",""tournamentsPlayed"":48,""points"":385.5,""profileImage"":""/media/1490/itf-uk-profile-placeholder-male.jpg?anchor=center&mode=crop&width=54&height=72&rnd=132174204480000000"",""tournamentsPlayedSingles"":null,""tournamentsPlayedDoubles"":null,""pointsRankingSingles"":null,""pointsRankingDoubles"":null,""pointsRankingTotal"":null}"
800568045,Alexey Shibaev,Alexey,Shibaev,M,B,RUS,Russia,,2008,2026,,https://www.itftennis.com/en/players/alexey-shibaev/800568045/rus/jt/s/,216,380,2026-06-02,2026-06-08,"{""playerId"":800568045,""playerFamilyName"":""Shibaev"",""playerGivenName"":""Alexey"",""playerNationalityCode"":""RUS"",""playerNationality"":""Russia"",""profileLink"":""/en/players/alexey-shibaev/800568045/rus/jt/s/"",""gender"":""M"",""hiddenPlayer"":false,""birthYear"":2008,""rankMovement"":-2,""rank"":216,""rankEqualFlag"":"""",""tournamentsPlayed"":34,""points"":380,""profileImage"":""/media/1490/itf-uk-profile-placeholder-male.jpg?anchor=center&mode=crop&width=54&height=72&rnd=132174204480000000"",""tournamentsPlayedSingles"":null,""tournamentsPlayedDoubles"":null,""pointsRankingSingles"":null,""pointsRankingDoubles"":null,""pointsRankingTotal"":null}"
800647226,Tomas Laukys,Tomas,Laukys,M,B,USA,USA,,2010,2028,,https://www.itftennis.com/en/players/tomas-laukys/800647226/usa/jt/s/,217,377.5,2026-06-02,2026-06-08,"{""playerId"":800647226,""playerFamilyName"":""Laukys"",""playerGivenName"":""Tomas"",""playerNationalityCode"":""USA"",""playerNationality"":""USA"",""profileLink"":""/en/players/tomas-laukys/800647226/usa/jt/s/"",""gender"":""M"",""hiddenPlayer"":false,""birthYear"":2010,""rankMovement"":-2,""rank"":217,""rankEqualFlag"":"""",""tournamentsPlayed"":29,""points"":377.5,""profileImage"":""/media/1490/itf-uk-profile-placeholder-male.jpg?anchor=center&mode=crop&width=54&height=72&rnd=132174204480000000"",""tournamentsPlayedSingles"":null,""tournamentsPlayedDoubles"":null,""pointsRankingSingles"":null,""pointsRankingDoubles"":null,""pointsRankingTotal"":null}"
800598481,Sin Hang Tam,Sin Hang,Tam,M,B,HKG,"Hong Kong, China",,2009,2027,,https://www.itftennis.com/en/players/sin-hang-tam/800598481/hkg/jt/s/,218,377,2026-06-02,2026-06-08,"{""playerId"":800598481,""playerFamilyName"":""Tam"",""playerGivenName"":""Sin Hang"",""playerNationalityCode"":""HKG"",""playerNationality"":""Hong Kong, China"",""profileLink"":""/en/players/sin-hang-tam/800598481/hkg/jt/s/"",""gender"":""M"",""hiddenPlayer"":false,""birthYear"":2009,""rankMovement"":-2,""rank"":218,""rankEqualFlag"":"""",""tournamentsPlayed"":46,""points"":377,""profileImage"":""/media/1490/itf-uk-profile-placeholder-male.jpg?anchor=center&mode=crop&width=54&height=72&rnd=132174204480000000"",""tournamentsPlayedSingles"":null,""tournamentsPlayedDoubles"":null,""pointsRankingSingles"":null,""pointsRankingDoubles"":null,""pointsRankingTotal"":null}"
800701855,Lin Hao-Yu,Lin,Hao-Yu,M,B,TPE,Chinese Taipei,,2008,2026,,https://www.itftennis.com/en/players/lin-hao-yu/800701855/tpe/jt/s/,219,370.5,2026-06-02,2026-06-08,"{""playerId"":800701855,""playerFamilyName"":""Hao-Yu"",""playerGivenName"":""Lin"",""playerNationalityCode"":""TPE"",""playerNationality"":""Chinese Taipei"",""profileLink"":""/en/players/lin-hao-yu/800701855/tpe/jt/s/"",""gender"":""M"",""hiddenPlayer"":false,""birthYear"":2008,""rankMovement"":-2,""rank"":219,""rankEqualFlag"":"""",""tournamentsPlayed"":29,""points"":370.5,""profileImage"":""/media/1490/itf-uk-profile-placeholder-male.jpg?anchor=center&mode=crop&width=54&height=72&rnd=132174204480000000"",""tournamentsPlayedSingles"":null,""tournamentsPlayedDoubles"":null,""pointsRankingSingles"":null,""pointsRankingDoubles"":null,""pointsRankingTotal"":null}"
800757256,Anay Kulkarni,Anay,Kulkarni,M,B,USA,USA,,2010,2028,,https://www.itftennis.com/en/players/anay-kulkarni/800757256/usa/jt/s/,220,370,2026-06-02,2026-06-08,"{""playerId"":800757256,""playerFamilyName"":""Kulkarni"",""playerGivenName"":""Anay"",""playerNationalityCode"":""USA"",""playerNationality"":""USA"",""profileLink"":""/en/players/anay-kulkarni/800757256/usa/jt/s/"",""gender"":""M"",""hiddenPlayer"":false,""birthYear"":2010,""rankMovement"":-1,""rank"":220,""rankEqualFlag"":"""",""tournamentsPlayed"":27,""points"":370,""profileImage"":""/media/1490/itf-uk-profile-placeholder-male.jpg?anchor=center&mode=crop&width=54&height=72&rnd=132174204480000000"",""tournamentsPlayedSingles"":null,""tournamentsPlayedDoubles"":null,""pointsRankingSingles"":null,""pointsRankingDoubles"":null,""pointsRankingTotal"":null}"
800731445,Ikenna Prosper Okonkwo,Ikenna Prosper,Okonkwo,M,B,NGR,Nigeria,,2009,2027,,https://www.itftennis.com/en/players/ikenna-prosper-okonkwo/800731445/ngr/jt/s/,221,369.5,2026-06-02,2026-06-08,"{""playerId"":800731445,""playerFamilyName"":""Okonkwo"",""playerGivenName"":""Ikenna Prosper"",""playerNationalityCode"":""NGR"",""playerNationality"":""Nigeria"",""profileLink"":""/en/players/ikenna-prosper-okonkwo/800731445/ngr/jt/s/"",""gender"":""M"",""hiddenPlayer"":false,""birthYear"":2009,""rankMovement"":-1,""rank"":221,""rankEqualFlag"":"""",""tournamentsPlayed"":27,""points"":369.5,""profileImage"":""/media/1490/itf-uk-profile-placeholder-male.jpg?anchor=center&mode=crop&width=54&height=72&rnd=132174204480000000"",""tournamentsPlayedSingles"":null,""tournamentsPlayedDoubles"":null,""pointsRankingSingles"":null,""pointsRankingDoubles"":null,""pointsRankingTotal"":null}"
800593247,Adolfo Abascal,Adolfo,Abascal,M,B,ESP,Spain,,2009,2027,,https://www.itftennis.com/en/players/adolfo-abascal/800593247/esp/jt/s/,222,366.5,2026-06-02,2026-06-08,"{""playerId"":800593247,""playerFamilyName"":""Abascal"",""playerGivenName"":""Adolfo"",""playerNationalityCode"":""ESP"",""playerNationality"":""Spain"",""profileLink"":""/en/players/adolfo-abascal/800593247/esp/jt/s/"",""gender"":""M"",""hiddenPlayer"":false,""birthYear"":2009,""rankMovement"":-1,""rank"":222,""rankEqualFlag"":"""",""tournamentsPlayed"":31,""points"":366.5,""profileImage"":""/media/1490/itf-uk-profile-placeholder-male.jpg?anchor=center&mode=crop&width=54&height=72&rnd=132174204480000000"",""tournamentsPlayedSingles"":null,""tournamentsPlayedDoubles"":null,""pointsRankingSingles"":null,""pointsRankingDoubles"":null,""pointsRankingTotal"":null}"
800599048,Wonmin Kim,Wonmin,Kim,M,B,KOR,"Korea, Rep.",,2009,2027,,https://www.itftennis.com/en/players/wonmin-kim/800599048/kor/jt/s/,223,366,2026-06-02,2026-06-08,"{""playerId"":800599048,""playerFamilyName"":""Kim"",""playerGivenName"":""Wonmin"",""playerNationalityCode"":""KOR"",""playerNationality"":""Korea, Rep."",""profileLink"":""/en/players/wonmin-kim/800599048/kor/jt/s/"",""gender"":""M"",""hiddenPlayer"":false,""birthYear"":2009,""rankMovement"":-1,""rank"":223,""rankEqualFlag"":"""",""tournamentsPlayed"":27,""points"":366,""profileImage"":""/media/1490/itf-uk-profile-placeholder-male.jpg?anchor=center&mode=crop&width=54&height=72&rnd=132174204480000000"",""tournamentsPlayedSingles"":null,""tournamentsPlayedDoubles"":null,""pointsRankingSingles"":null,""pointsRankingDoubles"":null,""pointsRankingTotal"":null}"
800684025,Doruk Calikoglu,Doruk,Calikoglu,M,B,TUR,Turkiye,,2008,2026,,https://www.itftennis.com/en/players/doruk-calikoglu/800684025/tur/jt/s/,224,366,2026-06-02,2026-06-08,"{""playerId"":800684025,""playerFamilyName"":""Calikoglu"",""playerGivenName"":""Doruk"",""playerNationalityCode"":""TUR"",""playerNationality"":""Turkiye"",""profileLink"":""/en/players/doruk-calikoglu/800684025/tur/jt/s/"",""gender"":""M"",""hiddenPlayer"":false,""birthYear"":2008,""rankMovement"":-1,""rank"":224,""rankEqualFlag"":"""",""tournamentsPlayed"":35,""points"":366,""profileImage"":""/media/1490/itf-uk-profile-placeholder-male.jpg?anchor=center&mode=crop&width=54&height=72&rnd=132174204480000000"",""tournamentsPlayedSingles"":null,""tournamentsPlayedDoubles"":null,""pointsRankingSingles"":null,""pointsRankingDoubles"":null,""pointsRankingTotal"":null}"
800772607,Felix Raser,Felix,Raser,M,B,AUT,Austria,,2009,2027,,https://www.itftennis.com/en/players/felix-raser/800772607/aut/jt/s/,225,362.75,2026-06-02,2026-06-08,"{""playerId"":800772607,""playerFamilyName"":""Raser"",""playerGivenName"":""Felix"",""playerNationalityCode"":""AUT"",""playerNationality"":""Austria"",""profileLink"":""/en/players/felix-raser/800772607/aut/jt/s/"",""gender"":""M"",""hiddenPlayer"":false,""birthYear"":2009,""rankMovement"":-1,""rank"":225,""rankEqualFlag"":"""",""tournamentsPlayed"":42,""points"":362.75,""profileImage"":""/media/1490/itf-uk-profile-placeholder-male.jpg?anchor=center&mode=crop&width=54&height=72&rnd=132174204480000000"",""tournamentsPlayedSingles"":null,""tournamentsPlayedDoubles"":null,""pointsRankingSingles"":null,""pointsRankingDoubles"":null,""pointsRankingTotal"":null}"
800688338,Love Nyqvist,Love,Nyqvist,M,B,SWE,Sweden,,2008,2026,,https://www.itftennis.com/en/players/love-nyqvist/800688338/swe/jt/s/,226,361,2026-06-02,2026-06-08,"{""playerId"":800688338,""playerFamilyName"":""Nyqvist"",""playerGivenName"":""Love"",""playerNationalityCode"":""SWE"",""playerNationality"":""Sweden"",""profileLink"":""/en/players/love-nyqvist/800688338/swe/jt/s/"",""gender"":""M"",""hiddenPlayer"":false,""birthYear"":2008,""rankMovement"":9,""rank"":226,""rankEqualFlag"":"""",""tournamentsPlayed"":24,""points"":361,""profileImage"":""/media/1490/itf-uk-profile-placeholder-male.jpg?anchor=center&mode=crop&width=54&height=72&rnd=132174204480000000"",""tournamentsPlayedSingles"":null,""tournamentsPlayedDoubles"":null,""pointsRankingSingles"":null,""pointsRankingDoubles"":null,""pointsRankingTotal"":null}"
800673010,Skander Nsairi,Skander,Nsairi,M,B,TUN,Tunisia,,2009,2027,,https://www.itftennis.com/en/players/skander-nsairi/800673010/tun/jt/s/,227,360,2026-06-02,2026-06-08,"{""playerId"":800673010,""playerFamilyName"":""Nsairi"",""playerGivenName"":""Skander"",""playerNationalityCode"":""TUN"",""playerNationality"":""Tunisia"",""profileLink"":""/en/players/skander-nsairi/800673010/tun/jt/s/"",""gender"":""M"",""hiddenPlayer"":false,""birthYear"":2009,""rankMovement"":-2,""rank"":227,""rankEqualFlag"":"""",""tournamentsPlayed"":31,""points"":360,""profileImage"":""/media/1490/itf-uk-profile-placeholder-male.jpg?anchor=center&mode=crop&width=54&height=72&rnd=132174204480000000"",""tournamentsPlayedSingles"":null,""tournamentsPlayedDoubles"":null,""pointsRankingSingles"":null,""pointsRankingDoubles"":null,""pointsRankingTotal"":null}"
800664214,Gabriel Niedermayr,Gabriel,Niedermayr,M,B,AUT,Austria,,2009,2027,,https://www.itftennis.com/en/players/gabriel-niedermayr/800664214/aut/jt/s/,228,358.5,2026-06-02,2026-06-08,"{""playerId"":800664214,""playerFamilyName"":""Niedermayr"",""playerGivenName"":""Gabriel"",""playerNationalityCode"":""AUT"",""playerNationality"":""Austria"",""profileLink"":""/en/players/gabriel-niedermayr/800664214/aut/jt/s/"",""gender"":""M"",""hiddenPlayer"":false,""birthYear"":2009,""rankMovement"":-1,""rank"":228,""rankEqualFlag"":"""",""tournamentsPlayed"":30,""points"":358.5,""profileImage"":""/media/1490/itf-uk-profile-placeholder-male.jpg?anchor=center&mode=crop&width=54&height=72&rnd=132174204480000000"",""tournamentsPlayedSingles"":null,""tournamentsPlayedDoubles"":null,""pointsRankingSingles"":null,""pointsRankingDoubles"":null,""pointsRankingTotal"":null}"
800664509,Pablo Pradat,Pablo,Pradat,M,B,FRA,France,,2010,2028,,https://www.itftennis.com/en/players/pablo-pradat/800664509/fra/jt/s/,229,357.5,2026-06-02,2026-06-08,"{""playerId"":800664509,""playerFamilyName"":""Pradat"",""playerGivenName"":""Pablo"",""playerNationalityCode"":""FRA"",""playerNationality"":""France"",""profileLink"":""/en/players/pablo-pradat/800664509/fra/jt/s/"",""gender"":""M"",""hiddenPlayer"":false,""birthYear"":2010,""rankMovement"":-1,""rank"":229,""rankEqualFlag"":"""",""tournamentsPlayed"":38,""points"":357.5,""profileImage"":""/media/1490/itf-uk-profile-placeholder-male.jpg?anchor=center&mode=crop&width=54&height=72&rnd=132174204480000000"",""tournamentsPlayedSingles"":null,""tournamentsPlayedDoubles"":null,""pointsRankingSingles"":null,""pointsRankingDoubles"":null,""pointsRankingTotal"":null}"
800589345,Pietro Ricci,Pietro,Ricci,M,B,ITA,Italy,,2008,2026,,https://www.itftennis.com/en/players/pietro-ricci/800589345/ita/jt/s/,230,356.75,2026-06-02,2026-06-08,"{""playerId"":800589345,""playerFamilyName"":""Ricci"",""playerGivenName"":""Pietro"",""playerNationalityCode"":""ITA"",""playerNationality"":""Italy"",""profileLink"":""/en/players/pietro-ricci/800589345/ita/jt/s/"",""gender"":""M"",""hiddenPlayer"":false,""birthYear"":2008,""rankMovement"":-1,""rank"":230,""rankEqualFlag"":"""",""tournamentsPlayed"":32,""points"":356.75,""profileImage"":""/media/1490/itf-uk-profile-placeholder-male.jpg?anchor=center&mode=crop&width=54&height=72&rnd=132174204480000000"",""tournamentsPlayedSingles"":null,""tournamentsPlayedDoubles"":null,""pointsRankingSingles"":null,""pointsRankingDoubles"":null,""pointsRankingTotal"":null}"
800664727,Mateo Fluri,Mateo,Fluri,M,B,SUI,Switzerland,,2008,2026,,https://www.itftennis.com/en/players/mateo-fluri/800664727/sui/jt/s/,231,354.75,2026-06-02,2026-06-08,"{""playerId"":800664727,""playerFamilyName"":""Fluri"",""playerGivenName"":""Mateo"",""playerNationalityCode"":""SUI"",""playerNationality"":""Switzerland"",""profileLink"":""/en/players/mateo-fluri/800664727/sui/jt/s/"",""gender"":""M"",""hiddenPlayer"":false,""birthYear"":2008,""rankMovement"":-1,""rank"":231,""rankEqualFlag"":"""",""tournamentsPlayed"":34,""points"":354.75,""profileImage"":""/media/1490/itf-uk-profile-placeholder-male.jpg?anchor=center&mode=crop&width=54&height=72&rnd=132174204480000000"",""tournamentsPlayedSingles"":null,""tournamentsPlayedDoubles"":null,""pointsRankingSingles"":null,""pointsRankingDoubles"":null,""pointsRankingTotal"":null}"
800705403,Koyu Yanagi,Koyu,Yanagi,M,B,JPN,Japan,,2009,2027,,https://www.itftennis.com/en/players/koyu-yanagi/800705403/jpn/jt/s/,232,354,2026-06-02,2026-06-08,"{""playerId"":800705403,""playerFamilyName"":""Yanagi"",""playerGivenName"":""Koyu"",""playerNationalityCode"":""JPN"",""playerNationality"":""Japan"",""profileLink"":""/en/players/koyu-yanagi/800705403/jpn/jt/s/"",""gender"":""M"",""hiddenPlayer"":false,""birthYear"":2009,""rankMovement"":0,""rank"":232,""rankEqualFlag"":"""",""tournamentsPlayed"":36,""points"":354,""profileImage"":""/media/1490/itf-uk-profile-placeholder-male.jpg?anchor=center&mode=crop&width=54&height=72&rnd=132174204480000000"",""tournamentsPlayedSingles"":null,""tournamentsPlayedDoubles"":null,""pointsRankingSingles"":null,""pointsRankingDoubles"":null,""pointsRankingTotal"":null}"
800672663,Andy Tchinda Kepche,Andy,Tchinda Kepche,M,B,CAN,Canada,,2009,2027,,https://www.itftennis.com/en/players/andy-tchinda-kepche/800672663/can/jt/s/,233,352.5,2026-06-02,2026-06-08,"{""playerId"":800672663,""playerFamilyName"":""Tchinda Kepche"",""playerGivenName"":""Andy"",""playerNationalityCode"":""CAN"",""playerNationality"":""Canada"",""profileLink"":""/en/players/andy-tchinda-kepche/800672663/can/jt/s/"",""gender"":""M"",""hiddenPlayer"":false,""birthYear"":2009,""rankMovement"":1,""rank"":233,""rankEqualFlag"":"""",""tournamentsPlayed"":43,""points"":352.5,""profileImage"":""/media/1490/itf-uk-profile-placeholder-male.jpg?anchor=center&mode=crop&width=54&height=72&rnd=132174204480000000"",""tournamentsPlayedSingles"":null,""tournamentsPlayedDoubles"":null,""pointsRankingSingles"":null,""pointsRankingDoubles"":null,""pointsRankingTotal"":null}"
800725608,Kayden Colombo,Kayden,Colombo,M,B,USA,USA,,2009,2027,,https://www.itftennis.com/en/players/kayden-colombo/800725608/usa/jt/s/,234,349,2026-06-02,2026-06-08,"{""playerId"":800725608,""playerFamilyName"":""Colombo"",""playerGivenName"":""Kayden"",""playerNationalityCode"":""USA"",""playerNationality"":""USA"",""profileLink"":""/en/players/kayden-colombo/800725608/usa/jt/s/"",""gender"":""M"",""hiddenPlayer"":false,""birthYear"":2009,""rankMovement"":-1,""rank"":234,""rankEqualFlag"":"""",""tournamentsPlayed"":24,""points"":349,""profileImage"":""/media/1490/itf-uk-profile-placeholder-male.jpg?anchor=center&mode=crop&width=54&height=72&rnd=132174204480000000"",""tournamentsPlayedSingles"":null,""tournamentsPlayedDoubles"":null,""pointsRankingSingles"":null,""pointsRankingDoubles"":null,""pointsRankingTotal"":null}"
800678627,Jayden Summers,Jayden,Summers,M,B,RSA,South Africa,,2008,2026,,https://www.itftennis.com/en/players/jayden-summers/800678627/rsa/jt/s/,235,345,2026-06-02,2026-06-08,"{""playerId"":800678627,""playerFamilyName"":""Summers"",""playerGivenName"":""Jayden"",""playerNationalityCode"":""RSA"",""playerNationality"":""South Africa"",""profileLink"":""/en/players/jayden-summers/800678627/rsa/jt/s/"",""gender"":""M"",""hiddenPlayer"":false,""birthYear"":2008,""rankMovement"":1,""rank"":235,""rankEqualFlag"":"""",""tournamentsPlayed"":48,""points"":345,""profileImage"":""/media/1490/itf-uk-profile-placeholder-male.jpg?anchor=center&mode=crop&width=54&height=72&rnd=132174204480000000"",""tournamentsPlayedSingles"":null,""tournamentsPlayedDoubles"":null,""pointsRankingSingles"":null,""pointsRankingDoubles"":null,""pointsRankingTotal"":null}"
800721308,William McEwan,William,McEwan,M,B,USA,USA,,2008,2026,,https://www.itftennis.com/en/players/william-mcewan/800721308/usa/jt/s/,236,344.5,2026-06-02,2026-06-08,"{""playerId"":800721308,""playerFamilyName"":""McEwan"",""playerGivenName"":""William"",""playerNationalityCode"":""USA"",""playerNationality"":""USA"",""profileLink"":""/en/players/william-mcewan/800721308/usa/jt/s/"",""gender"":""M"",""hiddenPlayer"":false,""birthYear"":2008,""rankMovement"":1,""rank"":236,""rankEqualFlag"":"""",""tournamentsPlayed"":27,""points"":344.5,""profileImage"":""/media/1490/itf-uk-profile-placeholder-male.jpg?anchor=center&mode=crop&width=54&height=72&rnd=132174204480000000"",""tournamentsPlayedSingles"":null,""tournamentsPlayedDoubles"":null,""pointsRankingSingles"":null,""pointsRankingDoubles"":null,""pointsRankingTotal"":null}"
800716820,Gadin Arun,Gadin,Arun,M,B,USA,USA,,2010,2028,,https://www.itftennis.com/en/players/gadin-arun/800716820/usa/jt/s/,237,343.5,2026-06-02,2026-06-08,"{""playerId"":800716820,""playerFamilyName"":""Arun"",""playerGivenName"":""Gadin"",""playerNationalityCode"":""USA"",""playerNationality"":""USA"",""profileLink"":""/en/players/gadin-arun/800716820/usa/jt/s/"",""gender"":""M"",""hiddenPlayer"":false,""birthYear"":2010,""rankMovement"":1,""rank"":237,""rankEqualFlag"":"""",""tournamentsPlayed"":29,""points"":343.5,""profileImage"":""/media/1490/itf-uk-profile-placeholder-male.jpg?anchor=center&mode=crop&width=54&height=72&rnd=132174204480000000"",""tournamentsPlayedSingles"":null,""tournamentsPlayedDoubles"":null,""pointsRankingSingles"":null,""pointsRankingDoubles"":null,""pointsRankingTotal"":null}"
800791730,Tristan Stratton,Tristan,Stratton,M,B,USA,USA,,2009,2027,,https://www.itftennis.com/en/players/tristan-stratton/800791730/usa/jt/s/,238,341.25,2026-06-02,2026-06-08,"{""playerId"":800791730,""playerFamilyName"":""Stratton"",""playerGivenName"":""Tristan"",""playerNationalityCode"":""USA"",""playerNationality"":""USA"",""profileLink"":""/en/players/tristan-stratton/800791730/usa/jt/s/"",""gender"":""M"",""hiddenPlayer"":false,""birthYear"":2009,""rankMovement"":48,""rank"":238,""rankEqualFlag"":"""",""tournamentsPlayed"":30,""points"":341.25,""profileImage"":""/media/1490/itf-uk-profile-placeholder-male.jpg?anchor=center&mode=crop&width=54&height=72&rnd=132174204480000000"",""tournamentsPlayedSingles"":null,""tournamentsPlayedDoubles"":null,""pointsRankingSingles"":null,""pointsRankingDoubles"":null,""pointsRankingTotal"":null}"
800597378,Tomas Krejci,Tomas,Krejci,M,B,CZE,Czechia,,2009,2027,,https://www.itftennis.com/en/players/tomas-krejci/800597378/cze/jt/s/,239,340.5,2026-06-02,2026-06-08,"{""playerId"":800597378,""playerFamilyName"":""Krejci"",""playerGivenName"":""Tomas"",""playerNationalityCode"":""CZE"",""playerNationality"":""Czechia"",""profileLink"":""/en/players/tomas-krejci/800597378/cze/jt/s/"",""gender"":""M"",""hiddenPlayer"":false,""birthYear"":2009,""rankMovement"":0,""rank"":239,""rankEqualFlag"":"""",""tournamentsPlayed"":26,""points"":340.5,""profileImage"":""/media/1490/itf-uk-profile-placeholder-male.jpg?anchor=center&mode=crop&width=54&height=72&rnd=132174204480000000"",""tournamentsPlayedSingles"":null,""tournamentsPlayedDoubles"":null,""pointsRankingSingles"":null,""pointsRankingDoubles"":null,""pointsRankingTotal"":null}"
800653766,Moritz Glauser,Moritz,Glauser,M,B,LIE,Liechtenstein,,2009,2027,,https://www.itftennis.com/en/players/moritz-glauser/800653766/lie/jt/s/,240,340,2026-06-02,2026-06-08,"{""playerId"":800653766,""playerFamilyName"":""Glauser"",""playerGivenName"":""Moritz"",""playerNationalityCode"":""LIE"",""playerNationality"":""Liechtenstein"",""profileLink"":""/en/players/moritz-glauser/800653766/lie/jt/s/"",""gender"":""M"",""hiddenPlayer"":false,""birthYear"":2009,""rankMovement"":0,""rank"":240,""rankEqualFlag"":"""",""tournamentsPlayed"":40,""points"":340,""profileImage"":""/media/1490/itf-uk-profile-placeholder-male.jpg?anchor=center&mode=crop&width=54&height=72&rnd=132174204480000000"",""tournamentsPlayedSingles"":null,""tournamentsPlayedDoubles"":null,""pointsRankingSingles"":null,""pointsRankingDoubles"":null,""pointsRankingTotal"":null}"
800631924,Rafael Asadullin,Rafael,Asadullin,M,B,RUS,Russia,,2008,2026,,https://www.itftennis.com/en/players/rafael-asadullin/800631924/rus/jt/s/,241,339.25,2026-06-02,2026-06-08,"{""playerId"":800631924,""playerFamilyName"":""Asadullin"",""playerGivenName"":""Rafael"",""playerNationalityCode"":""RUS"",""playerNationality"":""Russia"",""profileLink"":""/en/players/rafael-asadullin/800631924/rus/jt/s/"",""gender"":""M"",""hiddenPlayer"":false,""birthYear"":2008,""rankMovement"":0,""rank"":241,""rankEqualFlag"":"""",""tournamentsPlayed"":32,""points"":339.25,""profileImage"":""/media/1490/itf-uk-profile-placeholder-male.jpg?anchor=center&mode=crop&width=54&height=72&rnd=132174204480000000"",""tournamentsPlayedSingles"":null,""tournamentsPlayedDoubles"":null,""pointsRankingSingles"":null,""pointsRankingDoubles"":null,""pointsRankingTotal"":null}"
800644954,Mark Becirovic Novak,Mark,Becirovic Novak,M,B,SLO,Slovenia,,2008,2026,,https://www.itftennis.com/en/players/mark-becirovic-novak/800644954/slo/jt/s/,242,338.5,2026-06-02,2026-06-08,"{""playerId"":800644954,""playerFamilyName"":""Becirovic Novak"",""playerGivenName"":""Mark"",""playerNationalityCode"":""SLO"",""playerNationality"":""Slovenia"",""profileLink"":""/en/players/mark-becirovic-novak/800644954/slo/jt/s/"",""gender"":""M"",""hiddenPlayer"":false,""birthYear"":2008,""rankMovement"":0,""rank"":242,""rankEqualFlag"":"""",""tournamentsPlayed"":39,""points"":338.5,""profileImage"":""/media/1490/itf-uk-profile-placeholder-male.jpg?anchor=center&mode=crop&width=54&height=72&rnd=132174204480000000"",""tournamentsPlayedSingles"":null,""tournamentsPlayedDoubles"":null,""pointsRankingSingles"":null,""pointsRankingDoubles"":null,""pointsRankingTotal"":null}"
800680752,Justin Riley Anson,Justin Riley,Anson,M,B,USA,USA,,2008,2026,,https://www.itftennis.com/en/players/justin-riley-anson/800680752/usa/jt/s/,243,338,2026-06-02,2026-06-08,"{""playerId"":800680752,""playerFamilyName"":""Anson"",""playerGivenName"":""Justin Riley"",""playerNationalityCode"":""USA"",""playerNationality"":""USA"",""profileLink"":""/en/players/justin-riley-anson/800680752/usa/jt/s/"",""gender"":""M"",""hiddenPlayer"":false,""birthYear"":2008,""rankMovement"":0,""rank"":243,""rankEqualFlag"":"""",""tournamentsPlayed"":16,""points"":338,""profileImage"":""/media/1490/itf-uk-profile-placeholder-male.jpg?anchor=center&mode=crop&width=54&height=72&rnd=132174204480000000"",""tournamentsPlayedSingles"":null,""tournamentsPlayedDoubles"":null,""pointsRankingSingles"":null,""pointsRankingDoubles"":null,""pointsRankingTotal"":null}"
800655675,Diego Ignacio Gomez Pajares,Diego Ignacio,Gomez Pajares,M,B,PER,Peru,,2009,2027,,https://www.itftennis.com/en/players/diego-ignacio-gomez-pajares/800655675/per/jt/s/,244,337,2026-06-02,2026-06-08,"{""playerId"":800655675,""playerFamilyName"":""Gomez Pajares"",""playerGivenName"":""Diego Ignacio"",""playerNationalityCode"":""PER"",""playerNationality"":""Peru"",""profileLink"":""/en/players/diego-ignacio-gomez-pajares/800655675/per/jt/s/"",""gender"":""M"",""hiddenPlayer"":false,""birthYear"":2009,""rankMovement"":0,""rank"":244,""rankEqualFlag"":"""",""tournamentsPlayed"":29,""points"":337,""profileImage"":""/media/1490/itf-uk-profile-placeholder-male.jpg?anchor=center&mode=crop&width=54&height=72&rnd=132174204480000000"",""tournamentsPlayedSingles"":null,""tournamentsPlayedDoubles"":null,""pointsRankingSingles"":null,""pointsRankingDoubles"":null,""pointsRankingTotal"":null}"
800746729,Kuan-Huai Mao,Kuan-Huai,Mao,M,B,TPE,Chinese Taipei,,2009,2027,,https://www.itftennis.com/en/players/kuan-huai-mao/800746729/tpe/jt/s/,245,334,2026-06-02,2026-06-08,"{""playerId"":800746729,""playerFamilyName"":""Mao"",""playerGivenName"":""Kuan-Huai"",""playerNationalityCode"":""TPE"",""playerNationality"":""Chinese Taipei"",""profileLink"":""/en/players/kuan-huai-mao/800746729/tpe/jt/s/"",""gender"":""M"",""hiddenPlayer"":false,""birthYear"":2009,""rankMovement"":0,""rank"":245,""rankEqualFlag"":"""",""tournamentsPlayed"":33,""points"":334,""profileImage"":""/media/1490/itf-uk-profile-placeholder-male.jpg?anchor=center&mode=crop&width=54&height=72&rnd=132174204480000000"",""tournamentsPlayedSingles"":null,""tournamentsPlayedDoubles"":null,""pointsRankingSingles"":null,""pointsRankingDoubles"":null,""pointsRankingTotal"":null}"
800598010,Andrea Baudel,Andrea,Baudel,M,B,FRA,France,,2009,2027,,https://www.itftennis.com/en/players/andrea-baudel/800598010/fra/jt/s/,246,332,2026-06-02,2026-06-08,"{""playerId"":800598010,""playerFamilyName"":""Baudel"",""playerGivenName"":""Andrea"",""playerNationalityCode"":""FRA"",""playerNationality"":""France"",""profileLink"":""/en/players/andrea-baudel/800598010/fra/jt/s/"",""gender"":""M"",""hiddenPlayer"":false,""birthYear"":2009,""rankMovement"":0,""rank"":246,""rankEqualFlag"":"""",""tournamentsPlayed"":37,""points"":332,""profileImage"":""/media/1490/itf-uk-profile-placeholder-male.jpg?anchor=center&mode=crop&width=54&height=72&rnd=132174204480000000"",""tournamentsPlayedSingles"":null,""tournamentsPlayedDoubles"":null,""pointsRankingSingles"":null,""pointsRankingDoubles"":null,""pointsRankingTotal"":null}"
800589486,Rodrigo Leal,Rodrigo,Leal,M,B,POR,Portugal,,2008,2026,,https://www.itftennis.com/en/players/rodrigo-leal/800589486/por/jt/s/,247,330.5,2026-06-02,2026-06-08,"{""playerId"":800589486,""playerFamilyName"":""Leal"",""playerGivenName"":""Rodrigo"",""playerNationalityCode"":""POR"",""playerNationality"":""Portugal"",""profileLink"":""/en/players/rodrigo-leal/800589486/por/jt/s/"",""gender"":""M"",""hiddenPlayer"":false,""birthYear"":2008,""rankMovement"":0,""rank"":247,""rankEqualFlag"":"""",""tournamentsPlayed"":28,""points"":330.5,""profileImage"":""/media/1490/itf-uk-profile-placeholder-male.jpg?anchor=center&mode=crop&width=54&height=72&rnd=132174204480000000"",""tournamentsPlayedSingles"":null,""tournamentsPlayedDoubles"":null,""pointsRankingSingles"":null,""pointsRankingDoubles"":null,""pointsRankingTotal"":null}"
800719079,SOTA KAGAWA,SOTA,KAGAWA,M,B,JPN,Japan,,2009,2027,,https://www.itftennis.com/en/players/sota-kagawa/800719079/jpn/jt/s/,248,330,2026-06-02,2026-06-08,"{""playerId"":800719079,""playerFamilyName"":""KAGAWA"",""playerGivenName"":""SOTA"",""playerNationalityCode"":""JPN"",""playerNationality"":""Japan"",""profileLink"":""/en/players/sota-kagawa/800719079/jpn/jt/s/"",""gender"":""M"",""hiddenPlayer"":false,""birthYear"":2009,""rankMovement"":5,""rank"":248,""rankEqualFlag"":"""",""tournamentsPlayed"":28,""points"":330,""profileImage"":""/media/1490/itf-uk-profile-placeholder-male.jpg?anchor=center&mode=crop&width=54&height=72&rnd=132174204480000000"",""tournamentsPlayedSingles"":null,""tournamentsPlayedDoubles"":null,""pointsRankingSingles"":null,""pointsRankingDoubles"":null,""pointsRankingTotal"":null}"
800652444,Guilherme Barbieri Renner,Guilherme Barbieri,Renner,M,B,BRA,Brazil,,2008,2026,,https://www.itftennis.com/en/players/guilherme-barbieri-renner/800652444/bra/jt/s/,249,328.5,2026-06-02,2026-06-08,"{""playerId"":800652444,""playerFamilyName"":""Renner"",""playerGivenName"":""Guilherme Barbieri"",""playerNationalityCode"":""BRA"",""playerNationality"":""Brazil"",""profileLink"":""/en/players/guilherme-barbieri-renner/800652444/bra/jt/s/"",""gender"":""M"",""hiddenPlayer"":false,""birthYear"":2008,""rankMovement"":-1,""rank"":249,""rankEqualFlag"":"""",""tournamentsPlayed"":41,""points"":328.5,""profileImage"":""/media/1490/itf-uk-profile-placeholder-male.jpg?anchor=center&mode=crop&width=54&height=72&rnd=132174204480000000"",""tournamentsPlayedSingles"":null,""tournamentsPlayedDoubles"":null,""pointsRankingSingles"":null,""pointsRankingDoubles"":null,""pointsRankingTotal"":null}"
800670178,Mahmoud chetouane,Mahmoud,chetouane,M,B,TUN,Tunisia,,2008,2026,,https://www.itftennis.com/en/players/mahmoud-chetouane/800670178/tun/jt/s/,250,328.5,2026-06-02,2026-06-08,"{""playerId"":800670178,""playerFamilyName"":""chetouane"",""playerGivenName"":""Mahmoud"",""playerNationalityCode"":""TUN"",""playerNationality"":""Tunisia"",""profileLink"":""/en/players/mahmoud-chetouane/800670178/tun/jt/s/"",""gender"":""M"",""hiddenPlayer"":false,""birthYear"":2008,""rankMovement"":8,""rank"":250,""rankEqualFlag"":"""",""tournamentsPlayed"":31,""points"":328.5,""profileImage"":""/media/1490/itf-uk-profile-placeholder-male.jpg?anchor=center&mode=crop&width=54&height=72&rnd=132174204480000000"",""tournamentsPlayedSingles"":null,""tournamentsPlayedDoubles"":null,""pointsRankingSingles"":null,""pointsRankingDoubles"":null,""pointsRankingTotal"":null}"
800562884,Jakub Smejcky,Jakub,Smejcky,M,B,CZE,Czechia,,2008,2026,,https://www.itftennis.com/en/players/jakub-smejcky/800562884/cze/jt/s/,251,327.5,2026-06-02,2026-06-08,"{""playerId"":800562884,""playerFamilyName"":""Smejcky"",""playerGivenName"":""Jakub"",""playerNationalityCode"":""CZE"",""playerNationality"":""Czechia"",""profileLink"":""/en/players/jakub-smejcky/800562884/cze/jt/s/"",""gender"":""M"",""hiddenPlayer"":false,""birthYear"":2008,""rankMovement"":-1,""rank"":251,""rankEqualFlag"":"""",""tournamentsPlayed"":7,""points"":327.5,""profileImage"":""/media/1490/itf-uk-profile-placeholder-male.jpg?anchor=center&mode=crop&width=54&height=72&rnd=132174204480000000"",""tournamentsPlayedSingles"":null,""tournamentsPlayedDoubles"":null,""pointsRankingSingles"":null,""pointsRankingDoubles"":null,""pointsRankingTotal"":null}"
800656414,Cayo Narvaez Espinola,Cayo,Narvaez Espinola,M,B,PAR,Paraguay,,2008,2026,,https://www.itftennis.com/en/players/cayo-narvaez-espinola/800656414/par/jt/s/,252,327.25,2026-06-02,2026-06-08,"{""playerId"":800656414,""playerFamilyName"":""Narvaez Espinola"",""playerGivenName"":""Cayo"",""playerNationalityCode"":""PAR"",""playerNationality"":""Paraguay"",""profileLink"":""/en/players/cayo-narvaez-espinola/800656414/par/jt/s/"",""gender"":""M"",""hiddenPlayer"":false,""birthYear"":2008,""rankMovement"":-21,""rank"":252,""rankEqualFlag"":"""",""tournamentsPlayed"":15,""points"":327.25,""profileImage"":""/media/1490/itf-uk-profile-placeholder-male.jpg?anchor=center&mode=crop&width=54&height=72&rnd=132174204480000000"",""tournamentsPlayedSingles"":null,""tournamentsPlayedDoubles"":null,""pointsRankingSingles"":null,""pointsRankingDoubles"":null,""pointsRankingTotal"":null}"
800601885,Arian Hasas,Arian,Hasas,M,B,GER,Germany,,2008,2026,,https://www.itftennis.com/en/players/arian-hasas/800601885/ger/jt/s/,253,327,2026-06-02,2026-06-08,"{""playerId"":800601885,""playerFamilyName"":""Hasas"",""playerGivenName"":""Arian"",""playerNationalityCode"":""GER"",""playerNationality"":""Germany"",""profileLink"":""/en/players/arian-hasas/800601885/ger/jt/s/"",""gender"":""M"",""hiddenPlayer"":false,""birthYear"":2008,""rankMovement"":-2,""rank"":253,""rankEqualFlag"":"""",""tournamentsPlayed"":44,""points"":327,""profileImage"":""/media/1490/itf-uk-profile-placeholder-male.jpg?anchor=center&mode=crop&width=54&height=72&rnd=132174204480000000"",""tournamentsPlayedSingles"":null,""tournamentsPlayedDoubles"":null,""pointsRankingSingles"":null,""pointsRankingDoubles"":null,""pointsRankingTotal"":null}"
800643082,Ahmed Darmoul,Ahmed,Darmoul,M,B,TUN,Tunisia,,2009,2027,,https://www.itftennis.com/en/players/ahmed-darmoul/800643082/tun/jt/s/,254,326.5,2026-06-02,2026-06-08,"{""playerId"":800643082,""playerFamilyName"":""Darmoul"",""playerGivenName"":""Ahmed"",""playerNationalityCode"":""TUN"",""playerNationality"":""Tunisia"",""profileLink"":""/en/players/ahmed-darmoul/800643082/tun/jt/s/"",""gender"":""M"",""hiddenPlayer"":false,""birthYear"":2009,""rankMovement"":-2,""rank"":254,""rankEqualFlag"":"""",""tournamentsPlayed"":37,""points"":326.5,""profileImage"":""/media/1490/itf-uk-profile-placeholder-male.jpg?anchor=center&mode=crop&width=54&height=72&rnd=132174204480000000"",""tournamentsPlayedSingles"":null,""tournamentsPlayedDoubles"":null,""pointsRankingSingles"":null,""pointsRankingDoubles"":null,""pointsRankingTotal"":null}"
800576611,Jaron Held,Jaron,Held,M,B,GER,Germany,,2008,2026,,https://www.itftennis.com/en/players/jaron-held/800576611/ger/jt/s/,255,324,2026-06-02,2026-06-08,"{""playerId"":800576611,""playerFamilyName"":""Held"",""playerGivenName"":""Jaron"",""playerNationalityCode"":""GER"",""playerNationality"":""Germany"",""profileLink"":""/en/players/jaron-held/800576611/ger/jt/s/"",""gender"":""M"",""hiddenPlayer"":false,""birthYear"":2008,""rankMovement"":-1,""rank"":255,""rankEqualFlag"":"""",""tournamentsPlayed"":17,""points"":324,""profileImage"":""/media/1490/itf-uk-profile-placeholder-male.jpg?anchor=center&mode=crop&width=54&height=72&rnd=132174204480000000"",""tournamentsPlayedSingles"":null,""tournamentsPlayedDoubles"":null,""pointsRankingSingles"":null,""pointsRankingDoubles"":null,""pointsRankingTotal"":null}"
800675623,Henrique Pissetti Vialle,Henrique,Pissetti Vialle,M,B,BRA,Brazil,,2010,2028,,https://www.itftennis.com/en/players/henrique-pissetti-vialle/800675623/bra/jt/s/,256,322.75,2026-06-02,2026-06-08,"{""playerId"":800675623,""playerFamilyName"":""Pissetti Vialle"",""playerGivenName"":""Henrique"",""playerNationalityCode"":""BRA"",""playerNationality"":""Brazil"",""profileLink"":""/en/players/henrique-pissetti-vialle/800675623/bra/jt/s/"",""gender"":""M"",""hiddenPlayer"":false,""birthYear"":2010,""rankMovement"":-1,""rank"":256,""rankEqualFlag"":"""",""tournamentsPlayed"":35,""points"":322.75,""profileImage"":""/media/1490/itf-uk-profile-placeholder-male.jpg?anchor=center&mode=crop&width=54&height=72&rnd=132174204480000000"",""tournamentsPlayedSingles"":null,""tournamentsPlayedDoubles"":null,""pointsRankingSingles"":null,""pointsRankingDoubles"":null,""pointsRankingTotal"":null}"
800712737,Har Abir Sekhon,Har Abir,Sekhon,M,B,AUS,Australia,,2010,2028,,https://www.itftennis.com/en/players/har-abir-sekhon/800712737/aus/jt/s/,257,321.5,2026-06-02,2026-06-08,"{""playerId"":800712737,""playerFamilyName"":""Sekhon"",""playerGivenName"":""Har Abir"",""playerNationalityCode"":""AUS"",""playerNationality"":""Australia"",""profileLink"":""/en/players/har-abir-sekhon/800712737/aus/jt/s/"",""gender"":""M"",""hiddenPlayer"":false,""birthYear"":2010,""rankMovement"":-1,""rank"":257,""rankEqualFlag"":"""",""tournamentsPlayed"":32,""points"":321.5,""profileImage"":""/media/1490/itf-uk-profile-placeholder-male.jpg?anchor=center&mode=crop&width=54&height=72&rnd=132174204480000000"",""tournamentsPlayedSingles"":null,""tournamentsPlayedDoubles"":null,""pointsRankingSingles"":null,""pointsRankingDoubles"":null,""pointsRankingTotal"":null}"
800654547,Fabio Zavalaga Uculmana,Fabio,Zavalaga Uculmana,M,B,PER,Peru,,2009,2027,,https://www.itftennis.com/en/players/fabio-zavalaga-uculmana/800654547/per/jt/s/,258,318.5,2026-06-02,2026-06-08,"{""playerId"":800654547,""playerFamilyName"":""Zavalaga Uculmana"",""playerGivenName"":""Fabio"",""playerNationalityCode"":""PER"",""playerNationality"":""Peru"",""profileLink"":""/en/players/fabio-zavalaga-uculmana/800654547/per/jt/s/"",""gender"":""M"",""hiddenPlayer"":false,""birthYear"":2009,""rankMovement"":-1,""rank"":258,""rankEqualFlag"":"""",""tournamentsPlayed"":35,""points"":318.5,""profileImage"":""/media/1490/itf-uk-profile-placeholder-male.jpg?anchor=center&mode=crop&width=54&height=72&rnd=132174204480000000"",""tournamentsPlayedSingles"":null,""tournamentsPlayedDoubles"":null,""pointsRankingSingles"":null,""pointsRankingDoubles"":null,""pointsRankingTotal"":null}"
800676373,Matyas Marsik,Matyas,Marsik,M,B,CZE,Czechia,,2010,2028,,https://www.itftennis.com/en/players/matyas-marsik/800676373/cze/jt/s/,259,315.5,2026-06-02,2026-06-08,"{""playerId"":800676373,""playerFamilyName"":""Marsik"",""playerGivenName"":""Matyas"",""playerNationalityCode"":""CZE"",""playerNationality"":""Czechia"",""profileLink"":""/en/players/matyas-marsik/800676373/cze/jt/s/"",""gender"":""M"",""hiddenPlayer"":false,""birthYear"":2010,""rankMovement"":0,""rank"":259,""rankEqualFlag"":"""",""tournamentsPlayed"":34,""points"":315.5,""profileImage"":""/media/1490/itf-uk-profile-placeholder-male.jpg?anchor=center&mode=crop&width=54&height=72&rnd=132174204480000000"",""tournamentsPlayedSingles"":null,""tournamentsPlayedDoubles"":null,""pointsRankingSingles"":null,""pointsRankingDoubles"":null,""pointsRankingTotal"":null}"
800590931,Ilya Mosolkin,Ilya,Mosolkin,M,B,RUS,Russia,,2008,2026,,https://www.itftennis.com/en/players/ilya-mosolkin/800590931/rus/jt/s/,260,315.25,2026-06-02,2026-06-08,"{""playerId"":800590931,""playerFamilyName"":""Mosolkin"",""playerGivenName"":""Ilya"",""playerNationalityCode"":""RUS"",""playerNationality"":""Russia"",""profileLink"":""/en/players/ilya-mosolkin/800590931/rus/jt/s/"",""gender"":""M"",""hiddenPlayer"":false,""birthYear"":2008,""rankMovement"":0,""rank"":260,""rankEqualFlag"":"""",""tournamentsPlayed"":28,""points"":315.25,""profileImage"":""/media/1490/itf-uk-profile-placeholder-male.jpg?anchor=center&mode=crop&width=54&height=72&rnd=132174204480000000"",""tournamentsPlayedSingles"":null,""tournamentsPlayedDoubles"":null,""pointsRankingSingles"":null,""pointsRankingDoubles"":null,""pointsRankingTotal"":null}"
800778647,Rowan Qalbani,Rowan,Qalbani,M,B,USA,USA,,2009,2027,,https://www.itftennis.com/en/players/rowan-qalbani/800778647/usa/jt/s/,261,315,2026-06-02,2026-06-08,"{""playerId"":800778647,""playerFamilyName"":""Qalbani"",""playerGivenName"":""Rowan"",""playerNationalityCode"":""USA"",""playerNationality"":""USA"",""profileLink"":""/en/players/rowan-qalbani/800778647/usa/jt/s/"",""gender"":""M"",""hiddenPlayer"":false,""birthYear"":2009,""rankMovement"":0,""rank"":261,""rankEqualFlag"":"""",""tournamentsPlayed"":28,""points"":315,""profileImage"":""/media/1490/itf-uk-profile-placeholder-male.jpg?anchor=center&mode=crop&width=54&height=72&rnd=132174204480000000"",""tournamentsPlayedSingles"":null,""tournamentsPlayedDoubles"":null,""pointsRankingSingles"":null,""pointsRankingDoubles"":null,""pointsRankingTotal"":null}"
800590053,Snir Morag,Snir,Morag,M,B,ISR,Israel,,2008,2026,,https://www.itftennis.com/en/players/snir-morag/800590053/isr/jt/s/,262,313.75,2026-06-02,2026-06-08,"{""playerId"":800590053,""playerFamilyName"":""Morag"",""playerGivenName"":""Snir"",""playerNationalityCode"":""ISR"",""playerNationality"":""Israel"",""profileLink"":""/en/players/snir-morag/800590053/isr/jt/s/"",""gender"":""M"",""hiddenPlayer"":false,""birthYear"":2008,""rankMovement"":0,""rank"":262,""rankEqualFlag"":"""",""tournamentsPlayed"":26,""points"":313.75,""profileImage"":""/media/1490/itf-uk-profile-placeholder-male.jpg?anchor=center&mode=crop&width=54&height=72&rnd=132174204480000000"",""tournamentsPlayedSingles"":null,""tournamentsPlayedDoubles"":null,""pointsRankingSingles"":null,""pointsRankingDoubles"":null,""pointsRankingTotal"":null}"
800740791,Haolong He,Haolong,He,M,B,CHN,"China, P.R.",,2009,2027,,https://www.itftennis.com/en/players/haolong-he/800740791/chn/jt/s/,263,312,2026-06-02,2026-06-08,"{""playerId"":800740791,""playerFamilyName"":""He"",""playerGivenName"":""Haolong"",""playerNationalityCode"":""CHN"",""playerNationality"":""China, P.R."",""profileLink"":""/en/players/haolong-he/800740791/chn/jt/s/"",""gender"":""M"",""hiddenPlayer"":false,""birthYear"":2009,""rankMovement"":1,""rank"":263,""rankEqualFlag"":"""",""tournamentsPlayed"":39,""points"":312,""profileImage"":""/media/1490/itf-uk-profile-placeholder-male.jpg?anchor=center&mode=crop&width=54&height=72&rnd=132174204480000000"",""tournamentsPlayedSingles"":null,""tournamentsPlayedDoubles"":null,""pointsRankingSingles"":null,""pointsRankingDoubles"":null,""pointsRankingTotal"":null}"
800736018,Colter Amey,Colter,Amey,M,B,USA,USA,,2009,2027,,https://www.itftennis.com/en/players/colter-amey/800736018/usa/jt/s/,264,310.75,2026-06-02,2026-06-08,"{""playerId"":800736018,""playerFamilyName"":""Amey"",""playerGivenName"":""Colter"",""playerNationalityCode"":""USA"",""playerNationality"":""USA"",""profileLink"":""/en/players/colter-amey/800736018/usa/jt/s/"",""gender"":""M"",""hiddenPlayer"":false,""birthYear"":2009,""rankMovement"":1,""rank"":264,""rankEqualFlag"":"""",""tournamentsPlayed"":33,""points"":310.75,""profileImage"":""/media/1490/itf-uk-profile-placeholder-male.jpg?anchor=center&mode=crop&width=54&height=72&rnd=132174204480000000"",""tournamentsPlayedSingles"":null,""tournamentsPlayedDoubles"":null,""pointsRankingSingles"":null,""pointsRankingDoubles"":null,""pointsRankingTotal"":null}"
800800115,Sebastian Inaki Godoy,Sebastian Inaki,Godoy,M,B,USA,USA,,2009,2027,,https://www.itftennis.com/en/players/sebastian-inaki-godoy/800800115/usa/jt/s/,265,309,2026-06-02,2026-06-08,"{""playerId"":800800115,""playerFamilyName"":""Godoy"",""playerGivenName"":""Sebastian Inaki"",""playerNationalityCode"":""USA"",""playerNationality"":""USA"",""profileLink"":""/en/players/sebastian-inaki-godoy/800800115/usa/jt/s/"",""gender"":""M"",""hiddenPlayer"":false,""birthYear"":2009,""rankMovement"":1,""rank"":265,""rankEqualFlag"":"""",""tournamentsPlayed"":23,""points"":309,""profileImage"":""/media/1490/itf-uk-profile-placeholder-male.jpg?anchor=center&mode=crop&width=54&height=72&rnd=132174204480000000"",""tournamentsPlayedSingles"":null,""tournamentsPlayedDoubles"":null,""pointsRankingSingles"":null,""pointsRankingDoubles"":null,""pointsRankingTotal"":null}"
800652665,Alexander Kunitsyn,Alexander,Kunitsyn,M,B,RUS,Russia,,2010,2028,,https://www.itftennis.com/en/players/alexander-kunitsyn/800652665/rus/jt/s/,266,307.75,2026-06-02,2026-06-08,"{""playerId"":800652665,""playerFamilyName"":""Kunitsyn"",""playerGivenName"":""Alexander"",""playerNationalityCode"":""RUS"",""playerNationality"":""Russia"",""profileLink"":""/en/players/alexander-kunitsyn/800652665/rus/jt/s/"",""gender"":""M"",""hiddenPlayer"":false,""birthYear"":2010,""rankMovement"":1,""rank"":266,""rankEqualFlag"":"""",""tournamentsPlayed"":28,""points"":307.75,""profileImage"":""/media/1490/itf-uk-profile-placeholder-male.jpg?anchor=center&mode=crop&width=54&height=72&rnd=132174204480000000"",""tournamentsPlayedSingles"":null,""tournamentsPlayedDoubles"":null,""pointsRankingSingles"":null,""pointsRankingDoubles"":null,""pointsRankingTotal"":null}"
800719980,AASHRAVYA MEHRA,AASHRAVYA,MEHRA,M,B,IND,India,,2008,2026,,https://www.itftennis.com/en/players/aashravya-mehra/800719980/ind/jt/s/,267,307.5,2026-06-02,2026-06-08,"{""playerId"":800719980,""playerFamilyName"":""MEHRA"",""playerGivenName"":""AASHRAVYA"",""playerNationalityCode"":""IND"",""playerNationality"":""India"",""profileLink"":""/en/players/aashravya-mehra/800719980/ind/jt/s/"",""gender"":""M"",""hiddenPlayer"":false,""birthYear"":2008,""rankMovement"":1,""rank"":267,""rankEqualFlag"":"""",""tournamentsPlayed"":23,""points"":307.5,""profileImage"":""/media/1490/itf-uk-profile-placeholder-male.jpg?anchor=center&mode=crop&width=54&height=72&rnd=132174204480000000"",""tournamentsPlayedSingles"":null,""tournamentsPlayedDoubles"":null,""pointsRankingSingles"":null,""pointsRankingDoubles"":null,""pointsRankingTotal"":null}"
800586897,Viggo Wagenknecht,Viggo,Wagenknecht,M,B,GER,Germany,,2008,2026,,https://www.itftennis.com/en/players/viggo-wagenknecht/800586897/ger/jt/s/,268,307.5,2026-06-02,2026-06-08,"{""playerId"":800586897,""playerFamilyName"":""Wagenknecht"",""playerGivenName"":""Viggo"",""playerNationalityCode"":""GER"",""playerNationality"":""Germany"",""profileLink"":""/en/players/viggo-wagenknecht/800586897/ger/jt/s/"",""gender"":""M"",""hiddenPlayer"":false,""birthYear"":2008,""rankMovement"":1,""rank"":268,""rankEqualFlag"":"""",""tournamentsPlayed"":32,""points"":307.5,""profileImage"":""/media/1490/itf-uk-profile-placeholder-male.jpg?anchor=center&mode=crop&width=54&height=72&rnd=132174204480000000"",""tournamentsPlayedSingles"":null,""tournamentsPlayedDoubles"":null,""pointsRankingSingles"":null,""pointsRankingDoubles"":null,""pointsRankingTotal"":null}"
800712329,Charles Minvielle,Charles,Minvielle,M,B,USA,USA,,2009,2027,,https://www.itftennis.com/en/players/charles-minvielle/800712329/usa/jt/s/,269,307,2026-06-02,2026-06-08,"{""playerId"":800712329,""playerFamilyName"":""Minvielle"",""playerGivenName"":""Charles"",""playerNationalityCode"":""USA"",""playerNationality"":""USA"",""profileLink"":""/en/players/charles-minvielle/800712329/usa/jt/s/"",""gender"":""M"",""hiddenPlayer"":false,""birthYear"":2009,""rankMovement"":1,""rank"":269,""rankEqualFlag"":"""",""tournamentsPlayed"":39,""points"":307,""profileImage"":""/media/1490/itf-uk-profile-placeholder-male.jpg?anchor=center&mode=crop&width=54&height=72&rnd=132174204480000000"",""tournamentsPlayedSingles"":null,""tournamentsPlayedDoubles"":null,""pointsRankingSingles"":null,""pointsRankingDoubles"":null,""pointsRankingTotal"":null}"
800584484,Bercel Sandor Takacs,Bercel Sandor,Takacs,M,B,HUN,Hungary,,2008,2026,,https://www.itftennis.com/en/players/bercel-sandor-takacs/800584484/hun/jt/s/,270,306,2026-06-02,2026-06-08,"{""playerId"":800584484,""playerFamilyName"":""Takacs"",""playerGivenName"":""Bercel Sandor"",""playerNationalityCode"":""HUN"",""playerNationality"":""Hungary"",""profileLink"":""/en/players/bercel-sandor-takacs/800584484/hun/jt/s/"",""gender"":""M"",""hiddenPlayer"":false,""birthYear"":2008,""rankMovement"":1,""rank"":270,""rankEqualFlag"":"""",""tournamentsPlayed"":52,""points"":306,""profileImage"":""/media/1490/itf-uk-profile-placeholder-male.jpg?anchor=center&mode=crop&width=54&height=72&rnd=132174204480000000"",""tournamentsPlayedSingles"":null,""tournamentsPlayedDoubles"":null,""pointsRankingSingles"":null,""pointsRankingDoubles"":null,""pointsRankingTotal"":null}"
800621251,Zac Naughton,Zac,Naughton,M,B,IRL,Ireland,,2008,2026,,https://www.itftennis.com/en/players/zac-naughton/800621251/irl/jt/s/,271,305.5,2026-06-02,2026-06-08,"{""playerId"":800621251,""playerFamilyName"":""Naughton"",""playerGivenName"":""Zac"",""playerNationalityCode"":""IRL"",""playerNationality"":""Ireland"",""profileLink"":""/en/players/zac-naughton/800621251/irl/jt/s/"",""gender"":""M"",""hiddenPlayer"":false,""birthYear"":2008,""rankMovement"":1,""rank"":271,""rankEqualFlag"":"""",""tournamentsPlayed"":33,""points"":305.5,""profileImage"":""/media/1490/itf-uk-profile-placeholder-male.jpg?anchor=center&mode=crop&width=54&height=72&rnd=132174204480000000"",""tournamentsPlayedSingles"":null,""tournamentsPlayedDoubles"":null,""pointsRankingSingles"":null,""pointsRankingDoubles"":null,""pointsRankingTotal"":null}"
800793938,Mohamed Genidy,Mohamed,Genidy,M,B,EGY,Egypt,,2011,2029,,https://www.itftennis.com/en/players/mohamed-genidy/800793938/egy/jt/s/,272,303.75,2026-06-02,2026-06-08,"{""playerId"":800793938,""playerFamilyName"":""Genidy"",""playerGivenName"":""Mohamed"",""playerNationalityCode"":""EGY"",""playerNationality"":""Egypt"",""profileLink"":""/en/players/mohamed-genidy/800793938/egy/jt/s/"",""gender"":""M"",""hiddenPlayer"":false,""birthYear"":2011,""rankMovement"":1,""rank"":272,""rankEqualFlag"":"""",""tournamentsPlayed"":27,""points"":303.75,""profileImage"":""/media/1490/itf-uk-profile-placeholder-male.jpg?anchor=center&mode=crop&width=54&height=72&rnd=132174204480000000"",""tournamentsPlayedSingles"":null,""tournamentsPlayedDoubles"":null,""pointsRankingSingles"":null,""pointsRankingDoubles"":null,""pointsRankingTotal"":null}"
800690276,Ren Matsumura,Ren,Matsumura,M,B,JPN,Japan,,2008,2026,,https://www.itftennis.com/en/players/ren-matsumura/800690276/jpn/jt/s/,273,303.5,2026-06-02,2026-06-08,"{""playerId"":800690276,""playerFamilyName"":""Matsumura"",""playerGivenName"":""Ren"",""playerNationalityCode"":""JPN"",""playerNationality"":""Japan"",""profileLink"":""/en/players/ren-matsumura/800690276/jpn/jt/s/"",""gender"":""M"",""hiddenPlayer"":false,""birthYear"":2008,""rankMovement"":1,""rank"":273,""rankEqualFlag"":"""",""tournamentsPlayed"":13,""points"":303.5,""profileImage"":""/media/1490/itf-uk-profile-placeholder-male.jpg?anchor=center&mode=crop&width=54&height=72&rnd=132174204480000000"",""tournamentsPlayedSingles"":null,""tournamentsPlayedDoubles"":null,""pointsRankingSingles"":null,""pointsRankingDoubles"":null,""pointsRankingTotal"":null}"
800654580,Vlad Secara,Vlad,Secara,M,B,ROU,Romania,,2009,2027,,https://www.itftennis.com/en/players/vlad-secara/800654580/rou/jt/s/,274,303.5,2026-06-02,2026-06-08,"{""playerId"":800654580,""playerFamilyName"":""Secara"",""playerGivenName"":""Vlad"",""playerNationalityCode"":""ROU"",""playerNationality"":""Romania"",""profileLink"":""/en/players/vlad-secara/800654580/rou/jt/s/"",""gender"":""M"",""hiddenPlayer"":false,""birthYear"":2009,""rankMovement"":1,""rank"":274,""rankEqualFlag"":"""",""tournamentsPlayed"":38,""points"":303.5,""profileImage"":""/media/1490/itf-uk-profile-placeholder-male.jpg?anchor=center&mode=crop&width=54&height=72&rnd=132174204480000000"",""tournamentsPlayedSingles"":null,""tournamentsPlayedDoubles"":null,""pointsRankingSingles"":null,""pointsRankingDoubles"":null,""pointsRankingTotal"":null}"
800589348,Utku Kerem Biberli,Utku Kerem,Biberli,M,B,TUR,Turkiye,,2008,2026,,https://www.itftennis.com/en/players/utku-kerem-biberli/800589348/tur/jt/s/,275,302.5,2026-06-02,2026-06-08,"{""playerId"":800589348,""playerFamilyName"":""Biberli"",""playerGivenName"":""Utku Kerem"",""playerNationalityCode"":""TUR"",""playerNationality"":""Turkiye"",""profileLink"":""/en/players/utku-kerem-biberli/800589348/tur/jt/s/"",""gender"":""M"",""hiddenPlayer"":false,""birthYear"":2008,""rankMovement"":1,""rank"":275,""rankEqualFlag"":"""",""tournamentsPlayed"":27,""points"":302.5,""profileImage"":""/media/1490/itf-uk-profile-placeholder-male.jpg?anchor=center&mode=crop&width=54&height=72&rnd=132174204480000000"",""tournamentsPlayedSingles"":null,""tournamentsPlayedDoubles"":null,""pointsRankingSingles"":null,""pointsRankingDoubles"":null,""pointsRankingTotal"":null}"
800706150,Carlo Arena Fava,Carlo,Arena Fava,M,B,MEX,Mexico,,2008,2026,,https://www.itftennis.com/en/players/carlo-arena-fava/800706150/mex/jt/s/,276,299.5,2026-06-02,2026-06-08,"{""playerId"":800706150,""playerFamilyName"":""Arena Fava"",""playerGivenName"":""Carlo"",""playerNationalityCode"":""MEX"",""playerNationality"":""Mexico"",""profileLink"":""/en/players/carlo-arena-fava/800706150/mex/jt/s/"",""gender"":""M"",""hiddenPlayer"":false,""birthYear"":2008,""rankMovement"":1,""rank"":276,""rankEqualFlag"":"""",""tournamentsPlayed"":34,""points"":299.5,""profileImage"":""/media/1490/itf-uk-profile-placeholder-male.jpg?anchor=center&mode=crop&width=54&height=72&rnd=132174204480000000"",""tournamentsPlayedSingles"":null,""tournamentsPlayedDoubles"":null,""pointsRankingSingles"":null,""pointsRankingDoubles"":null,""pointsRankingTotal"":null}"
800680729,Jakub Vrtilka,Jakub,Vrtilka,M,B,CZE,Czechia,,2008,2026,,https://www.itftennis.com/en/players/jakub-vrtilka/800680729/cze/jt/s/,277,298.5,2026-06-02,2026-06-08,"{""playerId"":800680729,""playerFamilyName"":""Vrtilka"",""playerGivenName"":""Jakub"",""playerNationalityCode"":""CZE"",""playerNationality"":""Czechia"",""profileLink"":""/en/players/jakub-vrtilka/800680729/cze/jt/s/"",""gender"":""M"",""hiddenPlayer"":false,""birthYear"":2008,""rankMovement"":1,""rank"":277,""rankEqualFlag"":"""",""tournamentsPlayed"":32,""points"":298.5,""profileImage"":""/media/1490/itf-uk-profile-placeholder-male.jpg?anchor=center&mode=crop&width=54&height=72&rnd=132174204480000000"",""tournamentsPlayedSingles"":null,""tournamentsPlayedDoubles"":null,""pointsRankingSingles"":null,""pointsRankingDoubles"":null,""pointsRankingTotal"":null}"
800714499,Fernando Fontan Pardo de Santayana,Fernando,Fontan Pardo de Santayana,M,B,ESP,Spain,,2010,2028,,https://www.itftennis.com/en/players/fernando-fontan-pardo-de-santayana/800714499/esp/jt/s/,278,296.75,2026-06-02,2026-06-08,"{""playerId"":800714499,""playerFamilyName"":""Fontan Pardo de Santayana"",""playerGivenName"":""Fernando"",""playerNationalityCode"":""ESP"",""playerNationality"":""Spain"",""profileLink"":""/en/players/fernando-fontan-pardo-de-santayana/800714499/esp/jt/s/"",""gender"":""M"",""hiddenPlayer"":false,""birthYear"":2010,""rankMovement"":1,""rank"":278,""rankEqualFlag"":"""",""tournamentsPlayed"":20,""points"":296.75,""profileImage"":""/media/1490/itf-uk-profile-placeholder-male.jpg?anchor=center&mode=crop&width=54&height=72&rnd=132174204480000000"",""tournamentsPlayedSingles"":null,""tournamentsPlayedDoubles"":null,""pointsRankingSingles"":null,""pointsRankingDoubles"":null,""pointsRankingTotal"":null}"
800672403,Dany Robas,Dany,Robas,M,B,SUI,Switzerland,,2008,2026,,https://www.itftennis.com/en/players/dany-robas/800672403/sui/jt/s/,279,295.5,2026-06-02,2026-06-08,"{""playerId"":800672403,""playerFamilyName"":""Robas"",""playerGivenName"":""Dany"",""playerNationalityCode"":""SUI"",""playerNationality"":""Switzerland"",""profileLink"":""/en/players/dany-robas/800672403/sui/jt/s/"",""gender"":""M"",""hiddenPlayer"":false,""birthYear"":2008,""rankMovement"":1,""rank"":279,""rankEqualFlag"":"""",""tournamentsPlayed"":13,""points"":295.5,""profileImage"":""/media/1490/itf-uk-profile-placeholder-male.jpg?anchor=center&mode=crop&width=54&height=72&rnd=132174204480000000"",""tournamentsPlayedSingles"":null,""tournamentsPlayedDoubles"":null,""pointsRankingSingles"":null,""pointsRankingDoubles"":null,""pointsRankingTotal"":null}"
800665702,Szymon Karpinski,Szymon,Karpinski,M,B,POL,Poland,,2008,2026,,https://www.itftennis.com/en/players/szymon-karpinski/800665702/pol/jt/s/,280,295.25,2026-06-02,2026-06-08,"{""playerId"":800665702,""playerFamilyName"":""Karpinski"",""playerGivenName"":""Szymon"",""playerNationalityCode"":""POL"",""playerNationality"":""Poland"",""profileLink"":""/en/players/szymon-karpinski/800665702/pol/jt/s/"",""gender"":""M"",""hiddenPlayer"":false,""birthYear"":2008,""rankMovement"":-17,""rank"":280,""rankEqualFlag"":"""",""tournamentsPlayed"":29,""points"":295.25,""profileImage"":""/media/1490/itf-uk-profile-placeholder-male.jpg?anchor=center&mode=crop&width=54&height=72&rnd=132174204480000000"",""tournamentsPlayedSingles"":null,""tournamentsPlayedDoubles"":null,""pointsRankingSingles"":null,""pointsRankingDoubles"":null,""pointsRankingTotal"":null}"
800668605,Alex Mirrington,Alex,Mirrington,M,B,GBR,Great Britain,,2009,2027,,https://www.itftennis.com/en/players/alex-mirrington/800668605/gbr/jt/s/,281,295.25,2026-06-02,2026-06-08,"{""playerId"":800668605,""playerFamilyName"":""Mirrington"",""playerGivenName"":""Alex"",""playerNationalityCode"":""GBR"",""playerNationality"":""Great Britain"",""profileLink"":""/en/players/alex-mirrington/800668605/gbr/jt/s/"",""gender"":""M"",""hiddenPlayer"":false,""birthYear"":2009,""rankMovement"":0,""rank"":281,""rankEqualFlag"":"""",""tournamentsPlayed"":25,""points"":295.25,""profileImage"":""/media/1490/itf-uk-profile-placeholder-male.jpg?anchor=center&mode=crop&width=54&height=72&rnd=132174204480000000"",""tournamentsPlayedSingles"":null,""tournamentsPlayedDoubles"":null,""pointsRankingSingles"":null,""pointsRankingDoubles"":null,""pointsRankingTotal"":null}"
800664945,Istvan Damjan Mokan,Istvan Damjan,Mokan,M,B,HUN,Hungary,,2010,2028,,https://www.itftennis.com/en/players/istvan-damjan-mokan/800664945/hun/jt/s/,282,295,2026-06-02,2026-06-08,"{""playerId"":800664945,""playerFamilyName"":""Mokan"",""playerGivenName"":""Istvan Damjan"",""playerNationalityCode"":""HUN"",""playerNationality"":""Hungary"",""profileLink"":""/en/players/istvan-damjan-mokan/800664945/hun/jt/s/"",""gender"":""M"",""hiddenPlayer"":false,""birthYear"":2010,""rankMovement"":0,""rank"":282,""rankEqualFlag"":"""",""tournamentsPlayed"":33,""points"":295,""profileImage"":""/media/1490/itf-uk-profile-placeholder-male.jpg?anchor=center&mode=crop&width=54&height=72&rnd=132174204480000000"",""tournamentsPlayedSingles"":null,""tournamentsPlayedDoubles"":null,""pointsRankingSingles"":null,""pointsRankingDoubles"":null,""pointsRankingTotal"":null}"
800684768,Benoit Geldof,Benoit,Geldof,M,B,FRA,France,,2010,2028,,https://www.itftennis.com/en/players/benoit-geldof/800684768/fra/jt/s/,283,294,2026-06-02,2026-06-08,"{""playerId"":800684768,""playerFamilyName"":""Geldof"",""playerGivenName"":""Benoit"",""playerNationalityCode"":""FRA"",""playerNationality"":""France"",""profileLink"":""/en/players/benoit-geldof/800684768/fra/jt/s/"",""gender"":""M"",""hiddenPlayer"":false,""birthYear"":2010,""rankMovement"":0,""rank"":283,""rankEqualFlag"":"""",""tournamentsPlayed"":33,""points"":294,""profileImage"":""/media/1490/itf-uk-profile-placeholder-male.jpg?anchor=center&mode=crop&width=54&height=72&rnd=132174204480000000"",""tournamentsPlayedSingles"":null,""tournamentsPlayedDoubles"":null,""pointsRankingSingles"":null,""pointsRankingDoubles"":null,""pointsRankingTotal"":null}"
800660826,Lasse Bohr,Lasse,Bohr,M,B,GER,Germany,,2009,2027,,https://www.itftennis.com/en/players/lasse-bohr/800660826/ger/jt/s/,284,293.75,2026-06-02,2026-06-08,"{""playerId"":800660826,""playerFamilyName"":""Bohr"",""playerGivenName"":""Lasse"",""playerNationalityCode"":""GER"",""playerNationality"":""Germany"",""profileLink"":""/en/players/lasse-bohr/800660826/ger/jt/s/"",""gender"":""M"",""hiddenPlayer"":false,""birthYear"":2009,""rankMovement"":0,""rank"":284,""rankEqualFlag"":"""",""tournamentsPlayed"":32,""points"":293.75,""profileImage"":""/media/1490/itf-uk-profile-placeholder-male.jpg?anchor=center&mode=crop&width=54&height=72&rnd=132174204480000000"",""tournamentsPlayedSingles"":null,""tournamentsPlayedDoubles"":null,""pointsRankingSingles"":null,""pointsRankingDoubles"":null,""pointsRankingTotal"":null}"
800659854,Praneel Sharma,Praneel,Sharma,M,B,IND,India,,2008,2026,,https://www.itftennis.com/en/players/praneel-sharma/800659854/ind/jt/s/,285,293,2026-06-02,2026-06-08,"{""playerId"":800659854,""playerFamilyName"":""Sharma"",""playerGivenName"":""Praneel"",""playerNationalityCode"":""IND"",""playerNationality"":""India"",""profileLink"":""/en/players/praneel-sharma/800659854/ind/jt/s/"",""gender"":""M"",""hiddenPlayer"":false,""birthYear"":2008,""rankMovement"":0,""rank"":285,""rankEqualFlag"":"""",""tournamentsPlayed"":23,""points"":293,""profileImage"":""/media/1490/itf-uk-profile-placeholder-male.jpg?anchor=center&mode=crop&width=54&height=72&rnd=132174204480000000"",""tournamentsPlayedSingles"":null,""tournamentsPlayedDoubles"":null,""pointsRankingSingles"":null,""pointsRankingDoubles"":null,""pointsRankingTotal"":null}"
800697384,Dhakshish Aryan Basavaraju,Dhakshish,Aryan Basavaraju,M,B,USA,USA,,2009,2027,,https://www.itftennis.com/en/players/dhakshish-aryan-basavaraju/800697384/usa/jt/s/,286,292.25,2026-06-02,2026-06-08,"{""playerId"":800697384,""playerFamilyName"":""Aryan Basavaraju"",""playerGivenName"":""Dhakshish"",""playerNationalityCode"":""USA"",""playerNationality"":""USA"",""profileLink"":""/en/players/dhakshish-aryan-basavaraju/800697384/usa/jt/s/"",""gender"":""M"",""hiddenPlayer"":false,""birthYear"":2009,""rankMovement"":1,""rank"":286,""rankEqualFlag"":"""",""tournamentsPlayed"":21,""points"":292.25,""profileImage"":""/media/1490/itf-uk-profile-placeholder-male.jpg?anchor=center&mode=crop&width=54&height=72&rnd=132174204480000000"",""tournamentsPlayedSingles"":null,""tournamentsPlayedDoubles"":null,""pointsRankingSingles"":null,""pointsRankingDoubles"":null,""pointsRankingTotal"":null}"
800636407,David Stefan Burac,David Stefan,Burac,M,B,ROU,Romania,,2009,2027,,https://www.itftennis.com/en/players/david-stefan-burac/800636407/rou/jt/s/,287,288,2026-06-02,2026-06-08,"{""playerId"":800636407,""playerFamilyName"":""Burac"",""playerGivenName"":""David Stefan"",""playerNationalityCode"":""ROU"",""playerNationality"":""Romania"",""profileLink"":""/en/players/david-stefan-burac/800636407/rou/jt/s/"",""gender"":""M"",""hiddenPlayer"":false,""birthYear"":2009,""rankMovement"":2,""rank"":287,""rankEqualFlag"":"""",""tournamentsPlayed"":28,""points"":288,""profileImage"":""/media/1490/itf-uk-profile-placeholder-male.jpg?anchor=center&mode=crop&width=54&height=72&rnd=132174204480000000"",""tournamentsPlayedSingles"":null,""tournamentsPlayedDoubles"":null,""pointsRankingSingles"":null,""pointsRankingDoubles"":null,""pointsRankingTotal"":null}"
800591606,Ivan Makarov,Ivan,Makarov,M,B,RUS,Russia,,2009,2027,,https://www.itftennis.com/en/players/ivan-makarov/800591606/rus/jt/s/,288,288,2026-06-02,2026-06-08,"{""playerId"":800591606,""playerFamilyName"":""Makarov"",""playerGivenName"":""Ivan"",""playerNationalityCode"":""RUS"",""playerNationality"":""Russia"",""profileLink"":""/en/players/ivan-makarov/800591606/rus/jt/s/"",""gender"":""M"",""hiddenPlayer"":false,""birthYear"":2009,""rankMovement"":2,""rank"":288,""rankEqualFlag"":"""",""tournamentsPlayed"":27,""points"":288,""profileImage"":""/media/1490/itf-uk-profile-placeholder-male.jpg?anchor=center&mode=crop&width=54&height=72&rnd=132174204480000000"",""tournamentsPlayedSingles"":null,""tournamentsPlayedDoubles"":null,""pointsRankingSingles"":null,""pointsRankingDoubles"":null,""pointsRankingTotal"":null}"
800643315,Orhan Alp Akyol,Orhan Alp,Akyol,M,B,TUR,Turkiye,,2009,2027,,https://www.itftennis.com/en/players/orhan-alp-akyol/800643315/tur/jt/s/,289,287.75,2026-06-02,2026-06-08,"{""playerId"":800643315,""playerFamilyName"":""Akyol"",""playerGivenName"":""Orhan Alp"",""playerNationalityCode"":""TUR"",""playerNationality"":""Turkiye"",""profileLink"":""/en/players/orhan-alp-akyol/800643315/tur/jt/s/"",""gender"":""M"",""hiddenPlayer"":false,""birthYear"":2009,""rankMovement"":2,""rank"":289,""rankEqualFlag"":"""",""tournamentsPlayed"":33,""points"":287.75,""profileImage"":""/media/1490/itf-uk-profile-placeholder-male.jpg?anchor=center&mode=crop&width=54&height=72&rnd=132174204480000000"",""tournamentsPlayedSingles"":null,""tournamentsPlayedDoubles"":null,""pointsRankingSingles"":null,""pointsRankingDoubles"":null,""pointsRankingTotal"":null}"
800659993,Nikita Berdin,Nikita,Berdin,M,B,RUS,Russia,,2011,2029,,https://www.itftennis.com/en/players/nikita-berdin/800659993/rus/jt/s/,290,287,2026-06-02,2026-06-08,"{""playerId"":800659993,""playerFamilyName"":""Berdin"",""playerGivenName"":""Nikita"",""playerNationalityCode"":""RUS"",""playerNationality"":""Russia"",""profileLink"":""/en/players/nikita-berdin/800659993/rus/jt/s/"",""gender"":""M"",""hiddenPlayer"":false,""birthYear"":2011,""rankMovement"":2,""rank"":290,""rankEqualFlag"":"""",""tournamentsPlayed"":25,""points"":287,""profileImage"":""/media/1490/itf-uk-profile-placeholder-male.jpg?anchor=center&mode=crop&width=54&height=72&rnd=132174204480000000"",""tournamentsPlayedSingles"":null,""tournamentsPlayedDoubles"":null,""pointsRankingSingles"":null,""pointsRankingDoubles"":null,""pointsRankingTotal"":null}"
800711046,Caden Colburne,Caden,Colburne,M,B,CAN,Canada,,2009,2027,,https://www.itftennis.com/en/players/caden-colburne/800711046/can/jt/s/,291,286,2026-06-02,2026-06-08,"{""playerId"":800711046,""playerFamilyName"":""Colburne"",""playerGivenName"":""Caden"",""playerNationalityCode"":""CAN"",""playerNationality"":""Canada"",""profileLink"":""/en/players/caden-colburne/800711046/can/jt/s/"",""gender"":""M"",""hiddenPlayer"":false,""birthYear"":2009,""rankMovement"":-42,""rank"":291,""rankEqualFlag"":"""",""tournamentsPlayed"":38,""points"":286,""profileImage"":""/media/1490/itf-uk-profile-placeholder-male.jpg?anchor=center&mode=crop&width=54&height=72&rnd=132174204480000000"",""tournamentsPlayedSingles"":null,""tournamentsPlayedDoubles"":null,""pointsRankingSingles"":null,""pointsRankingDoubles"":null,""pointsRankingTotal"":null}"
800689813,Kazuki Nakajima,Kazuki,Nakajima,M,B,JPN,Japan,,2011,2029,,https://www.itftennis.com/en/players/kazuki-nakajima/800689813/jpn/jt/s/,292,285.25,2026-06-02,2026-06-08,"{""playerId"":800689813,""playerFamilyName"":""Nakajima"",""playerGivenName"":""Kazuki"",""playerNationalityCode"":""JPN"",""playerNationality"":""Japan"",""profileLink"":""/en/players/kazuki-nakajima/800689813/jpn/jt/s/"",""gender"":""M"",""hiddenPlayer"":false,""birthYear"":2011,""rankMovement"":-4,""rank"":292,""rankEqualFlag"":"""",""tournamentsPlayed"":15,""points"":285.25,""profileImage"":""/media/1490/itf-uk-profile-placeholder-male.jpg?anchor=center&mode=crop&width=54&height=72&rnd=132174204480000000"",""tournamentsPlayedSingles"":null,""tournamentsPlayedDoubles"":null,""pointsRankingSingles"":null,""pointsRankingDoubles"":null,""pointsRankingTotal"":null}"
800675182,Ansar Niyetkaliyev,Ansar,Niyetkaliyev,M,B,KAZ,Kazakhstan,,2010,2028,,https://www.itftennis.com/en/players/ansar-niyetkaliyev/800675182/kaz/jt/s/,293,285.25,2026-06-02,2026-06-08,"{""playerId"":800675182,""playerFamilyName"":""Niyetkaliyev"",""playerGivenName"":""Ansar"",""playerNationalityCode"":""KAZ"",""playerNationality"":""Kazakhstan"",""profileLink"":""/en/players/ansar-niyetkaliyev/800675182/kaz/jt/s/"",""gender"":""M"",""hiddenPlayer"":false,""birthYear"":2010,""rankMovement"":0,""rank"":293,""rankEqualFlag"":"""",""tournamentsPlayed"":30,""points"":285.25,""profileImage"":""/media/1490/itf-uk-profile-placeholder-male.jpg?anchor=center&mode=crop&width=54&height=72&rnd=132174204480000000"",""tournamentsPlayedSingles"":null,""tournamentsPlayedDoubles"":null,""pointsRankingSingles"":null,""pointsRankingDoubles"":null,""pointsRankingTotal"":null}"
800799267,Yashwin Krishnakumar,Yashwin,Krishnakumar,M,B,USA,USA,,2008,2026,,https://www.itftennis.com/en/players/yashwin-krishnakumar/800799267/usa/jt/s/,294,284.25,2026-06-02,2026-06-08,"{""playerId"":800799267,""playerFamilyName"":""Krishnakumar"",""playerGivenName"":""Yashwin"",""playerNationalityCode"":""USA"",""playerNationality"":""USA"",""profileLink"":""/en/players/yashwin-krishnakumar/800799267/usa/jt/s/"",""gender"":""M"",""hiddenPlayer"":false,""birthYear"":2008,""rankMovement"":0,""rank"":294,""rankEqualFlag"":"""",""tournamentsPlayed"":13,""points"":284.25,""profileImage"":""/media/1490/itf-uk-profile-placeholder-male.jpg?anchor=center&mode=crop&width=54&height=72&rnd=132174204480000000"",""tournamentsPlayedSingles"":null,""tournamentsPlayedDoubles"":null,""pointsRankingSingles"":null,""pointsRankingDoubles"":null,""pointsRankingTotal"":null}"
800660184,Young Hoon Kim,Young Hoon,Kim,M,B,KOR,"Korea, Rep.",,2008,2026,,https://www.itftennis.com/en/players/young-hoon-kim/800660184/kor/jt/s/,295,283,2026-06-02,2026-06-08,"{""playerId"":800660184,""playerFamilyName"":""Kim"",""playerGivenName"":""Young Hoon"",""playerNationalityCode"":""KOR"",""playerNationality"":""Korea, Rep."",""profileLink"":""/en/players/young-hoon-kim/800660184/kor/jt/s/"",""gender"":""M"",""hiddenPlayer"":false,""birthYear"":2008,""rankMovement"":1,""rank"":295,""rankEqualFlag"":"""",""tournamentsPlayed"":24,""points"":283,""profileImage"":""/media/1490/itf-uk-profile-placeholder-male.jpg?anchor=center&mode=crop&width=54&height=72&rnd=132174204480000000"",""tournamentsPlayedSingles"":null,""tournamentsPlayedDoubles"":null,""pointsRankingSingles"":null,""pointsRankingDoubles"":null,""pointsRankingTotal"":null}"
800696001,Carlos Eduardo Lino,Carlos Eduardo,Lino,M,B,BRA,Brazil,,2009,2027,,https://www.itftennis.com/en/players/carlos-eduardo-lino/800696001/bra/jt/s/,296,282.75,2026-06-02,2026-06-08,"{""playerId"":800696001,""playerFamilyName"":""Lino"",""playerGivenName"":""Carlos Eduardo"",""playerNationalityCode"":""BRA"",""playerNationality"":""Brazil"",""profileLink"":""/en/players/carlos-eduardo-lino/800696001/bra/jt/s/"",""gender"":""M"",""hiddenPlayer"":false,""birthYear"":2009,""rankMovement"":-1,""rank"":296,""rankEqualFlag"":"""",""tournamentsPlayed"":31,""points"":282.75,""profileImage"":""/media/1490/itf-uk-profile-placeholder-male.jpg?anchor=center&mode=crop&width=54&height=72&rnd=132174204480000000"",""tournamentsPlayedSingles"":null,""tournamentsPlayedDoubles"":null,""pointsRankingSingles"":null,""pointsRankingDoubles"":null,""pointsRankingTotal"":null}"
800567584,Salvador Monteiro,Salvador,Monteiro,M,B,POR,Portugal,,2008,2026,,https://www.itftennis.com/en/players/salvador-monteiro/800567584/por/jt/s/,297,279.25,2026-06-02,2026-06-08,"{""playerId"":800567584,""playerFamilyName"":""Monteiro"",""playerGivenName"":""Salvador"",""playerNationalityCode"":""POR"",""playerNationality"":""Portugal"",""profileLink"":""/en/players/salvador-monteiro/800567584/por/jt/s/"",""gender"":""M"",""hiddenPlayer"":false,""birthYear"":2008,""rankMovement"":0,""rank"":297,""rankEqualFlag"":"""",""tournamentsPlayed"":23,""points"":279.25,""profileImage"":""/media/1490/itf-uk-profile-placeholder-male.jpg?anchor=center&mode=crop&width=54&height=72&rnd=132174204480000000"",""tournamentsPlayedSingles"":null,""tournamentsPlayedDoubles"":null,""pointsRankingSingles"":null,""pointsRankingDoubles"":null,""pointsRankingTotal"":null}"
800661196,Luca Cosimi,Luca,Cosimi,M,B,ITA,Italy,,2009,2027,,https://www.itftennis.com/en/players/luca-cosimi/800661196/ita/jt/s/,298,278.5,2026-06-02,2026-06-08,"{""playerId"":800661196,""playerFamilyName"":""Cosimi"",""playerGivenName"":""Luca"",""playerNationalityCode"":""ITA"",""playerNationality"":""Italy"",""profileLink"":""/en/players/luca-cosimi/800661196/ita/jt/s/"",""gender"":""M"",""hiddenPlayer"":false,""birthYear"":2009,""rankMovement"":0,""rank"":298,""rankEqualFlag"":"""",""tournamentsPlayed"":26,""points"":278.5,""profileImage"":""/media/1490/itf-uk-profile-placeholder-male.jpg?anchor=center&mode=crop&width=54&height=72&rnd=132174204480000000"",""tournamentsPlayedSingles"":null,""tournamentsPlayedDoubles"":null,""pointsRankingSingles"":null,""pointsRankingDoubles"":null,""pointsRankingTotal"":null}"
800603015,David Popa,David,Popa,M,B,ROU,Romania,,2008,2026,,https://www.itftennis.com/en/players/david-popa/800603015/rou/jt/s/,299,276,2026-06-02,2026-06-08,"{""playerId"":800603015,""playerFamilyName"":""Popa"",""playerGivenName"":""David"",""playerNationalityCode"":""ROU"",""playerNationality"":""Romania"",""profileLink"":""/en/players/david-popa/800603015/rou/jt/s/"",""gender"":""M"",""hiddenPlayer"":false,""birthYear"":2008,""rankMovement"":0,""rank"":299,""rankEqualFlag"":"""",""tournamentsPlayed"":19,""points"":276,""profileImage"":""/media/1490/itf-uk-profile-placeholder-male.jpg?anchor=center&mode=crop&width=54&height=72&rnd=132174204480000000"",""tournamentsPlayedSingles"":null,""tournamentsPlayedDoubles"":null,""pointsRankingSingles"":null,""pointsRankingDoubles"":null,""pointsRankingTotal"":null}"
800661541,Danila Kvasov,Danila,Kvasov,M,B,UZB,Uzbekistan,,2008,2026,,https://www.itftennis.com/en/players/danila-kvasov/800661541/uzb/jt/s/,300,274.5,2026-06-02,2026-06-08,"{""playerId"":800661541,""playerFamilyName"":""Kvasov"",""playerGivenName"":""Danila"",""playerNationalityCode"":""UZB"",""playerNationality"":""Uzbekistan"",""profileLink"":""/en/players/danila-kvasov/800661541/uzb/jt/s/"",""gender"":""M"",""hiddenPlayer"":false,""birthYear"":2008,""rankMovement"":0,""rank"":300,""rankEqualFlag"":"""",""tournamentsPlayed"":31,""points"":274.5,""profileImage"":""/media/1490/itf-uk-profile-placeholder-male.jpg?anchor=center&mode=crop&width=54&height=72&rnd=132174204480000000"",""tournamentsPlayedSingles"":null,""tournamentsPlayedDoubles"":null,""pointsRankingSingles"":null,""pointsRankingDoubles"":null,""pointsRankingTotal"":null}"
800750845,Matias Reyniak,Matias,Reyniak,M,B,USA,USA,,2009,2027,,https://www.itftennis.com/en/players/matias-reyniak/800750845/usa/jt/s/,301,272.5,2026-06-02,2026-06-08,"{""playerId"":800750845,""playerFamilyName"":""Reyniak"",""playerGivenName"":""Matias"",""playerNationalityCode"":""USA"",""playerNationality"":""USA"",""profileLink"":""/en/players/matias-reyniak/800750845/usa/jt/s/"",""gender"":""M"",""hiddenPlayer"":false,""birthYear"":2009,""rankMovement"":0,""rank"":301,""rankEqualFlag"":"""",""tournamentsPlayed"":18,""points"":272.5,""profileImage"":""/media/1490/itf-uk-profile-placeholder-male.jpg?anchor=center&mode=crop&width=54&height=72&rnd=132174204480000000"",""tournamentsPlayedSingles"":null,""tournamentsPlayedDoubles"":null,""pointsRankingSingles"":null,""pointsRankingDoubles"":null,""pointsRankingTotal"":null}"
800657138,Arman Dubreuil,Arman,Dubreuil,M,B,FRA,France,,2010,2028,,https://www.itftennis.com/en/players/arman-dubreuil/800657138/fra/jt/s/,302,271.5,2026-06-02,2026-06-08,"{""playerId"":800657138,""playerFamilyName"":""Dubreuil"",""playerGivenName"":""Arman"",""playerNationalityCode"":""FRA"",""playerNationality"":""France"",""profileLink"":""/en/players/arman-dubreuil/800657138/fra/jt/s/"",""gender"":""M"",""hiddenPlayer"":false,""birthYear"":2010,""rankMovement"":0,""rank"":302,""rankEqualFlag"":"""",""tournamentsPlayed"":34,""points"":271.5,""profileImage"":""/media/1490/itf-uk-profile-placeholder-male.jpg?anchor=center&mode=crop&width=54&height=72&rnd=132174204480000000"",""tournamentsPlayedSingles"":null,""tournamentsPlayedDoubles"":null,""pointsRankingSingles"":null,""pointsRankingDoubles"":null,""pointsRankingTotal"":null}"
800594775,Christian Pizzolante,Christian,Pizzolante,M,B,ITA,Italy,,2008,2026,,https://www.itftennis.com/en/players/christian-pizzolante/800594775/ita/jt/s/,303,271.25,2026-06-02,2026-06-08,"{""playerId"":800594775,""playerFamilyName"":""Pizzolante"",""playerGivenName"":""Christian"",""playerNationalityCode"":""ITA"",""playerNationality"":""Italy"",""profileLink"":""/en/players/christian-pizzolante/800594775/ita/jt/s/"",""gender"":""M"",""hiddenPlayer"":false,""birthYear"":2008,""rankMovement"":0,""rank"":303,""rankEqualFlag"":"""",""tournamentsPlayed"":29,""points"":271.25,""profileImage"":""/media/1490/itf-uk-profile-placeholder-male.jpg?anchor=center&mode=crop&width=54&height=72&rnd=132174204480000000"",""tournamentsPlayedSingles"":null,""tournamentsPlayedDoubles"":null,""pointsRankingSingles"":null,""pointsRankingDoubles"":null,""pointsRankingTotal"":null}"
800596349,Wiktor Jez,Wiktor,Jez,M,B,POL,Poland,,2008,2026,,https://www.itftennis.com/en/players/wiktor-jez/800596349/pol/jt/s/,304,271,2026-06-02,2026-06-08,"{""playerId"":800596349,""playerFamilyName"":""Jez"",""playerGivenName"":""Wiktor"",""playerNationalityCode"":""POL"",""playerNationality"":""Poland"",""profileLink"":""/en/players/wiktor-jez/800596349/pol/jt/s/"",""gender"":""M"",""hiddenPlayer"":false,""birthYear"":2008,""rankMovement"":0,""rank"":304,""rankEqualFlag"":"""",""tournamentsPlayed"":41,""points"":271,""profileImage"":""/media/1490/itf-uk-profile-placeholder-male.jpg?anchor=center&mode=crop&width=54&height=72&rnd=132174204480000000"",""tournamentsPlayedSingles"":null,""tournamentsPlayedDoubles"":null,""pointsRankingSingles"":null,""pointsRankingDoubles"":null,""pointsRankingTotal"":null}"
800749558,Robert McAdoo,Robert,McAdoo,M,B,USA,USA,,2009,2027,,https://www.itftennis.com/en/players/robert-mcadoo/800749558/usa/jt/s/,305,270.25,2026-06-02,2026-06-08,"{""playerId"":800749558,""playerFamilyName"":""McAdoo"",""playerGivenName"":""Robert"",""playerNationalityCode"":""USA"",""playerNationality"":""USA"",""profileLink"":""/en/players/robert-mcadoo/800749558/usa/jt/s/"",""gender"":""M"",""hiddenPlayer"":false,""birthYear"":2009,""rankMovement"":0,""rank"":305,""rankEqualFlag"":"""",""tournamentsPlayed"":27,""points"":270.25,""profileImage"":""/media/1490/itf-uk-profile-placeholder-male.jpg?anchor=center&mode=crop&width=54&height=72&rnd=132174204480000000"",""tournamentsPlayedSingles"":null,""tournamentsPlayedDoubles"":null,""pointsRankingSingles"":null,""pointsRankingDoubles"":null,""pointsRankingTotal"":null}"
800660593,Nicolas Rivera Paz,Nicolas,Rivera Paz,M,B,MEX,Mexico,,2008,2026,,https://www.itftennis.com/en/players/nicolas-rivera-paz/800660593/mex/jt/s/,306,265.5,2026-06-02,2026-06-08,"{""playerId"":800660593,""playerFamilyName"":""Rivera Paz"",""playerGivenName"":""Nicolas"",""playerNationalityCode"":""MEX"",""playerNationality"":""Mexico"",""profileLink"":""/en/players/nicolas-rivera-paz/800660593/mex/jt/s/"",""gender"":""M"",""hiddenPlayer"":false,""birthYear"":2008,""rankMovement"":1,""rank"":306,""rankEqualFlag"":"""",""tournamentsPlayed"":30,""points"":265.5,""profileImage"":""/media/1490/itf-uk-profile-placeholder-male.jpg?anchor=center&mode=crop&width=54&height=72&rnd=132174204480000000"",""tournamentsPlayedSingles"":null,""tournamentsPlayedDoubles"":null,""pointsRankingSingles"":null,""pointsRankingDoubles"":null,""pointsRankingTotal"":null}"
800590616,Victor Ryden,Victor,Ryden,M,B,SWE,Sweden,,2008,2026,,https://www.itftennis.com/en/players/victor-ryden/800590616/swe/jt/s/,307,264.25,2026-06-02,2026-06-08,"{""playerId"":800590616,""playerFamilyName"":""Ryden"",""playerGivenName"":""Victor"",""playerNationalityCode"":""SWE"",""playerNationality"":""Sweden"",""profileLink"":""/en/players/victor-ryden/800590616/swe/jt/s/"",""gender"":""M"",""hiddenPlayer"":false,""birthYear"":2008,""rankMovement"":1,""rank"":307,""rankEqualFlag"":"""",""tournamentsPlayed"":25,""points"":264.25,""profileImage"":""/media/1490/itf-uk-profile-placeholder-male.jpg?anchor=center&mode=crop&width=54&height=72&rnd=132174204480000000"",""tournamentsPlayedSingles"":null,""tournamentsPlayedDoubles"":null,""pointsRankingSingles"":null,""pointsRankingDoubles"":null,""pointsRankingTotal"":null}"
800642824,Oliver Andre Solis Encinas,Oliver Andre,Solis Encinas,M,B,BOL,Bolivia,,2009,2027,,https://www.itftennis.com/en/players/oliver-andre-solis-encinas/800642824/bol/jt/s/,308,263,2026-06-02,2026-06-08,"{""playerId"":800642824,""playerFamilyName"":""Solis Encinas"",""playerGivenName"":""Oliver Andre"",""playerNationalityCode"":""BOL"",""playerNationality"":""Bolivia"",""profileLink"":""/en/players/oliver-andre-solis-encinas/800642824/bol/jt/s/"",""gender"":""M"",""hiddenPlayer"":false,""birthYear"":2009,""rankMovement"":77,""rank"":308,""rankEqualFlag"":"""",""tournamentsPlayed"":33,""points"":263,""profileImage"":""/media/1490/itf-uk-profile-placeholder-male.jpg?anchor=center&mode=crop&width=54&height=72&rnd=132174204480000000"",""tournamentsPlayedSingles"":null,""tournamentsPlayedDoubles"":null,""pointsRankingSingles"":null,""pointsRankingDoubles"":null,""pointsRankingTotal"":null}"
800625292,Yanhong Li,Yanhong,Li,M,B,CHN,"China, P.R.",,2008,2026,,https://www.itftennis.com/en/players/yanhong-li/800625292/chn/jt/s/,309,261.5,2026-06-02,2026-06-08,"{""playerId"":800625292,""playerFamilyName"":""Li"",""playerGivenName"":""Yanhong"",""playerNationalityCode"":""CHN"",""playerNationality"":""China, P.R."",""profileLink"":""/en/players/yanhong-li/800625292/chn/jt/s/"",""gender"":""M"",""hiddenPlayer"":false,""birthYear"":2008,""rankMovement"":4,""rank"":309,""rankEqualFlag"":"""",""tournamentsPlayed"":40,""points"":261.5,""profileImage"":""/media/1490/itf-uk-profile-placeholder-male.jpg?anchor=center&mode=crop&width=54&height=72&rnd=132174204480000000"",""tournamentsPlayedSingles"":null,""tournamentsPlayedDoubles"":null,""pointsRankingSingles"":null,""pointsRankingDoubles"":null,""pointsRankingTotal"":null}"
800683989,David Aguiar Johansson,David,Aguiar Johansson,M,B,ESP,Spain,,2008,2026,,https://www.itftennis.com/en/players/david-aguiar-johansson/800683989/esp/jt/s/,310,261.5,2026-06-02,2026-06-08,"{""playerId"":800683989,""playerFamilyName"":""Aguiar Johansson"",""playerGivenName"":""David"",""playerNationalityCode"":""ESP"",""playerNationality"":""Spain"",""profileLink"":""/en/players/david-aguiar-johansson/800683989/esp/jt/s/"",""gender"":""M"",""hiddenPlayer"":false,""birthYear"":2008,""rankMovement"":-1,""rank"":310,""rankEqualFlag"":"""",""tournamentsPlayed"":25,""points"":261.5,""profileImage"":""/media/1490/itf-uk-profile-placeholder-male.jpg?anchor=center&mode=crop&width=54&height=72&rnd=132174204480000000"",""tournamentsPlayedSingles"":null,""tournamentsPlayedDoubles"":null,""pointsRankingSingles"":null,""pointsRankingDoubles"":null,""pointsRankingTotal"":null}"
800807255,Rafael Augusto Garcia Finetto,Rafael Augusto,Garcia Finetto,M,B,BRA,Brazil,,2008,2026,,https://www.itftennis.com/en/players/rafael-augusto-garcia-finetto/800807255/bra/jt/s/,311,259.5,2026-06-02,2026-06-08,"{""playerId"":800807255,""playerFamilyName"":""Garcia Finetto"",""playerGivenName"":""Rafael Augusto"",""playerNationalityCode"":""BRA"",""playerNationality"":""Brazil"",""profileLink"":""/en/players/rafael-augusto-garcia-finetto/800807255/bra/jt/s/"",""gender"":""M"",""hiddenPlayer"":false,""birthYear"":2008,""rankMovement"":-1,""rank"":311,""rankEqualFlag"":"""",""tournamentsPlayed"":31,""points"":259.5,""profileImage"":""/media/1490/itf-uk-profile-placeholder-male.jpg?anchor=center&mode=crop&width=54&height=72&rnd=132174204480000000"",""tournamentsPlayedSingles"":null,""tournamentsPlayedDoubles"":null,""pointsRankingSingles"":null,""pointsRankingDoubles"":null,""pointsRankingTotal"":null}"
800680033,Pietro Gava,Pietro,Gava,M,B,BRA,Brazil,,2009,2027,,https://www.itftennis.com/en/players/pietro-gava/800680033/bra/jt/s/,312,259.5,2026-06-02,2026-06-08,"{""playerId"":800680033,""playerFamilyName"":""Gava"",""playerGivenName"":""Pietro"",""playerNationalityCode"":""BRA"",""playerNationality"":""Brazil"",""profileLink"":""/en/players/pietro-gava/800680033/bra/jt/s/"",""gender"":""M"",""hiddenPlayer"":false,""birthYear"":2009,""rankMovement"":32,""rank"":312,""rankEqualFlag"":"""",""tournamentsPlayed"":37,""points"":259.5,""profileImage"":""/media/1490/itf-uk-profile-placeholder-male.jpg?anchor=center&mode=crop&width=54&height=72&rnd=132174204480000000"",""tournamentsPlayedSingles"":null,""tournamentsPlayedDoubles"":null,""pointsRankingSingles"":null,""pointsRankingDoubles"":null,""pointsRankingTotal"":null}"
800643882,Egor Navrazidi,Egor,Navrazidi,M,B,RUS,Russia,,2009,2027,,https://www.itftennis.com/en/players/egor-navrazidi/800643882/rus/jt/s/,313,257.75,2026-06-02,2026-06-08,"{""playerId"":800643882,""playerFamilyName"":""Navrazidi"",""playerGivenName"":""Egor"",""playerNationalityCode"":""RUS"",""playerNationality"":""Russia"",""profileLink"":""/en/players/egor-navrazidi/800643882/rus/jt/s/"",""gender"":""M"",""hiddenPlayer"":false,""birthYear"":2009,""rankMovement"":-2,""rank"":313,""rankEqualFlag"":"""",""tournamentsPlayed"":20,""points"":257.75,""profileImage"":""/media/1490/itf-uk-profile-placeholder-male.jpg?anchor=center&mode=crop&width=54&height=72&rnd=132174204480000000"",""tournamentsPlayedSingles"":null,""tournamentsPlayedDoubles"":null,""pointsRankingSingles"":null,""pointsRankingDoubles"":null,""pointsRankingTotal"":null}"
800687305,REDA EL AOUNI,REDA,EL AOUNI,M,B,MAR,Morocco,,2010,2028,,https://www.itftennis.com/en/players/reda-el-aouni/800687305/mar/jt/s/,314,257.25,2026-06-02,2026-06-08,"{""playerId"":800687305,""playerFamilyName"":""EL AOUNI"",""playerGivenName"":""REDA"",""playerNationalityCode"":""MAR"",""playerNationality"":""Morocco"",""profileLink"":""/en/players/reda-el-aouni/800687305/mar/jt/s/"",""gender"":""M"",""hiddenPlayer"":false,""birthYear"":2010,""rankMovement"":-2,""rank"":314,""rankEqualFlag"":"""",""tournamentsPlayed"":32,""points"":257.25,""profileImage"":""/media/1490/itf-uk-profile-placeholder-male.jpg?anchor=center&mode=crop&width=54&height=72&rnd=132174204480000000"",""tournamentsPlayedSingles"":null,""tournamentsPlayedDoubles"":null,""pointsRankingSingles"":null,""pointsRankingDoubles"":null,""pointsRankingTotal"":null}"
800692700,Harold Ronaldo Andre Cotom Hidalgo,Harold Ronaldo Andre,Cotom Hidalgo,M,B,GUA,Guatemala,,2009,2027,,https://www.itftennis.com/en/players/harold-ronaldo-andre-cotom-hidalgo/800692700/gua/jt/s/,315,255.25,2026-06-02,2026-06-08,"{""playerId"":800692700,""playerFamilyName"":""Cotom Hidalgo"",""playerGivenName"":""Harold Ronaldo Andre"",""playerNationalityCode"":""GUA"",""playerNationality"":""Guatemala"",""profileLink"":""/en/players/harold-ronaldo-andre-cotom-hidalgo/800692700/gua/jt/s/"",""gender"":""M"",""hiddenPlayer"":false,""birthYear"":2009,""rankMovement"":0,""rank"":315,""rankEqualFlag"":"""",""tournamentsPlayed"":28,""points"":255.25,""profileImage"":""/media/1490/itf-uk-profile-placeholder-male.jpg?anchor=center&mode=crop&width=54&height=72&rnd=132174204480000000"",""tournamentsPlayedSingles"":null,""tournamentsPlayedDoubles"":null,""pointsRankingSingles"":null,""pointsRankingDoubles"":null,""pointsRankingTotal"":null}"
800680843,Guillermo Narcio,Guillermo,Narcio,M,B,MEX,Mexico,,2008,2026,,https://www.itftennis.com/en/players/guillermo-narcio/800680843/mex/jt/s/,316,254.5,2026-06-02,2026-06-08,"{""playerId"":800680843,""playerFamilyName"":""Narcio"",""playerGivenName"":""Guillermo"",""playerNationalityCode"":""MEX"",""playerNationality"":""Mexico"",""profileLink"":""/en/players/guillermo-narcio/800680843/mex/jt/s/"",""gender"":""M"",""hiddenPlayer"":false,""birthYear"":2008,""rankMovement"":0,""rank"":316,""rankEqualFlag"":"""",""tournamentsPlayed"":41,""points"":254.5,""profileImage"":""/media/1490/itf-uk-profile-placeholder-male.jpg?anchor=center&mode=crop&width=54&height=72&rnd=132174204480000000"",""tournamentsPlayedSingles"":null,""tournamentsPlayedDoubles"":null,""pointsRankingSingles"":null,""pointsRankingDoubles"":null,""pointsRankingTotal"":null}"
800652931,ALEXEY ILIN,ALEXEY,ILIN,M,B,RUS,Russia,,2010,2028,,https://www.itftennis.com/en/players/alexey-ilin/800652931/rus/jt/s/,317,254.5,2026-06-02,2026-06-08,"{""playerId"":800652931,""playerFamilyName"":""ILIN"",""playerGivenName"":""ALEXEY"",""playerNationalityCode"":""RUS"",""playerNationality"":""Russia"",""profileLink"":""/en/players/alexey-ilin/800652931/rus/jt/s/"",""gender"":""M"",""hiddenPlayer"":false,""birthYear"":2010,""rankMovement"":0,""rank"":317,""rankEqualFlag"":"""",""tournamentsPlayed"":28,""points"":254.5,""profileImage"":""/media/1490/itf-uk-profile-placeholder-male.jpg?anchor=center&mode=crop&width=54&height=72&rnd=132174204480000000"",""tournamentsPlayedSingles"":null,""tournamentsPlayedDoubles"":null,""pointsRankingSingles"":null,""pointsRankingDoubles"":null,""pointsRankingTotal"":null}"
800660682,Dev Vipul Patel,Dev Vipul,Patel,M,B,IND,India,,2009,2027,,https://www.itftennis.com/en/players/dev-vipul-patel/800660682/ind/jt/s/,318,254.5,2026-06-02,2026-06-08,"{""playerId"":800660682,""playerFamilyName"":""Patel"",""playerGivenName"":""Dev Vipul"",""playerNationalityCode"":""IND"",""playerNationality"":""India"",""profileLink"":""/en/players/dev-vipul-patel/800660682/ind/jt/s/"",""gender"":""M"",""hiddenPlayer"":false,""birthYear"":2009,""rankMovement"":0,""rank"":318,""rankEqualFlag"":"""",""tournamentsPlayed"":34,""points"":254.5,""profileImage"":""/media/1490/itf-uk-profile-placeholder-male.jpg?anchor=center&mode=crop&width=54&height=72&rnd=132174204480000000"",""tournamentsPlayedSingles"":null,""tournamentsPlayedDoubles"":null,""pointsRankingSingles"":null,""pointsRankingDoubles"":null,""pointsRankingTotal"":null}"
800714095,Angel Maffezzoli,Angel,Maffezzoli,M,B,ARG,Argentina,,2008,2026,,https://www.itftennis.com/en/players/angel-maffezzoli/800714095/arg/jt/s/,319,253.25,2026-06-02,2026-06-08,"{""playerId"":800714095,""playerFamilyName"":""Maffezzoli"",""playerGivenName"":""Angel"",""playerNationalityCode"":""ARG"",""playerNationality"":""Argentina"",""profileLink"":""/en/players/angel-maffezzoli/800714095/arg/jt/s/"",""gender"":""M"",""hiddenPlayer"":false,""birthYear"":2008,""rankMovement"":0,""rank"":319,""rankEqualFlag"":"""",""tournamentsPlayed"":31,""points"":253.25,""profileImage"":""/media/1490/itf-uk-profile-placeholder-male.jpg?anchor=center&mode=crop&width=54&height=72&rnd=132174204480000000"",""tournamentsPlayedSingles"":null,""tournamentsPlayedDoubles"":null,""pointsRankingSingles"":null,""pointsRankingDoubles"":null,""pointsRankingTotal"":null}"
800668500,Casey Drake,Casey,Drake,M,B,GBR,Great Britain,,2008,2026,,https://www.itftennis.com/en/players/casey-drake/800668500/gbr/jt/s/,320,253,2026-06-02,2026-06-08,"{""playerId"":800668500,""playerFamilyName"":""Drake"",""playerGivenName"":""Casey"",""playerNationalityCode"":""GBR"",""playerNationality"":""Great Britain"",""profileLink"":""/en/players/casey-drake/800668500/gbr/jt/s/"",""gender"":""M"",""hiddenPlayer"":false,""birthYear"":2008,""rankMovement"":0,""rank"":320,""rankEqualFlag"":"""",""tournamentsPlayed"":28,""points"":253,""profileImage"":""/media/1490/itf-uk-profile-placeholder-male.jpg?anchor=center&mode=crop&width=54&height=72&rnd=132174204480000000"",""tournamentsPlayedSingles"":null,""tournamentsPlayedDoubles"":null,""pointsRankingSingles"":null,""pointsRankingDoubles"":null,""pointsRankingTotal"":null}"
800627815,Juliusz Stanczyk,Juliusz,Stanczyk,M,B,POL,Poland,,2009,2027,,https://www.itftennis.com/en/players/juliusz-stanczyk/800627815/pol/jt/s/,321,252,2026-06-02,2026-06-08,"{""playerId"":800627815,""playerFamilyName"":""Stanczyk"",""playerGivenName"":""Juliusz"",""playerNationalityCode"":""POL"",""playerNationality"":""Poland"",""profileLink"":""/en/players/juliusz-stanczyk/800627815/pol/jt/s/"",""gender"":""M"",""hiddenPlayer"":false,""birthYear"":2009,""rankMovement"":-7,""rank"":321,""rankEqualFlag"":"""",""tournamentsPlayed"":45,""points"":252,""profileImage"":""/media/1490/itf-uk-profile-placeholder-male.jpg?anchor=center&mode=crop&width=54&height=72&rnd=132174204480000000"",""tournamentsPlayedSingles"":null,""tournamentsPlayedDoubles"":null,""pointsRankingSingles"":null,""pointsRankingDoubles"":null,""pointsRankingTotal"":null}"
800705952,Connor McEvoy,Connor,McEvoy,M,B,AUS,Australia,,2009,2027,,https://www.itftennis.com/en/players/connor-mcevoy/800705952/aus/jt/s/,322,251,2026-06-02,2026-06-08,"{""playerId"":800705952,""playerFamilyName"":""McEvoy"",""playerGivenName"":""Connor"",""playerNationalityCode"":""AUS"",""playerNationality"":""Australia"",""profileLink"":""/en/players/connor-mcevoy/800705952/aus/jt/s/"",""gender"":""M"",""hiddenPlayer"":false,""birthYear"":2009,""rankMovement"":40,""rank"":322,""rankEqualFlag"":"""",""tournamentsPlayed"":24,""points"":251,""profileImage"":""/media/1490/itf-uk-profile-placeholder-male.jpg?anchor=center&mode=crop&width=54&height=72&rnd=132174204480000000"",""tournamentsPlayedSingles"":null,""tournamentsPlayedDoubles"":null,""pointsRankingSingles"":null,""pointsRankingDoubles"":null,""pointsRankingTotal"":null}"
800680005,Mikaeel Ali Baig,Mikaeel,Ali Baig,M,B,PAK,Pakistan,,2009,2027,,https://www.itftennis.com/en/players/mikaeel-ali-baig/800680005/pak/jt/s/,323,249,2026-06-02,2026-06-08,"{""playerId"":800680005,""playerFamilyName"":""Ali Baig"",""playerGivenName"":""Mikaeel"",""playerNationalityCode"":""PAK"",""playerNationality"":""Pakistan"",""profileLink"":""/en/players/mikaeel-ali-baig/800680005/pak/jt/s/"",""gender"":""M"",""hiddenPlayer"":false,""birthYear"":2009,""rankMovement"":2,""rank"":323,""rankEqualFlag"":"""",""tournamentsPlayed"":27,""points"":249,""profileImage"":""/media/1490/itf-uk-profile-placeholder-male.jpg?anchor=center&mode=crop&width=54&height=72&rnd=132174204480000000"",""tournamentsPlayedSingles"":null,""tournamentsPlayedDoubles"":null,""pointsRankingSingles"":null,""pointsRankingDoubles"":null,""pointsRankingTotal"":null}"
800710863,Hruthik Katakam,Hruthik,Katakam,M,B,IND,India,,2010,2028,,https://www.itftennis.com/en/players/hruthik-katakam/800710863/ind/jt/s/,324,248.75,2026-06-02,2026-06-08,"{""playerId"":800710863,""playerFamilyName"":""Katakam"",""playerGivenName"":""Hruthik"",""playerNationalityCode"":""IND"",""playerNationality"":""India"",""profileLink"":""/en/players/hruthik-katakam/800710863/ind/jt/s/"",""gender"":""M"",""hiddenPlayer"":false,""birthYear"":2010,""rankMovement"":2,""rank"":324,""rankEqualFlag"":"""",""tournamentsPlayed"":25,""points"":248.75,""profileImage"":""/media/1490/itf-uk-profile-placeholder-male.jpg?anchor=center&mode=crop&width=54&height=72&rnd=132174204480000000"",""tournamentsPlayedSingles"":null,""tournamentsPlayedDoubles"":null,""pointsRankingSingles"":null,""pointsRankingDoubles"":null,""pointsRankingTotal"":null}"
800694428,Guy Leviner,Guy,Leviner,M,B,ISR,Israel,,2009,2027,,https://www.itftennis.com/en/players/guy-leviner/800694428/isr/jt/s/,325,248.5,2026-06-02,2026-06-08,"{""playerId"":800694428,""playerFamilyName"":""Leviner"",""playerGivenName"":""Guy"",""playerNationalityCode"":""ISR"",""playerNationality"":""Israel"",""profileLink"":""/en/players/guy-leviner/800694428/isr/jt/s/"",""gender"":""M"",""hiddenPlayer"":false,""birthYear"":2009,""rankMovement"":2,""rank"":325,""rankEqualFlag"":"""",""tournamentsPlayed"":23,""points"":248.5,""profileImage"":""/media/1490/itf-uk-profile-placeholder-male.jpg?anchor=center&mode=crop&width=54&height=72&rnd=132174204480000000"",""tournamentsPlayedSingles"":null,""tournamentsPlayedDoubles"":null,""pointsRankingSingles"":null,""pointsRankingDoubles"":null,""pointsRankingTotal"":null}"
800599131,Edoardo Barbalaco,Edoardo,Barbalaco,M,B,ITA,Italy,,2008,2026,,https://www.itftennis.com/en/players/edoardo-barbalaco/800599131/ita/jt/s/,326,247.5,2026-06-02,2026-06-08,"{""playerId"":800599131,""playerFamilyName"":""Barbalaco"",""playerGivenName"":""Edoardo"",""playerNationalityCode"":""ITA"",""playerNationality"":""Italy"",""profileLink"":""/en/players/edoardo-barbalaco/800599131/ita/jt/s/"",""gender"":""M"",""hiddenPlayer"":false,""birthYear"":2008,""rankMovement"":3,""rank"":326,""rankEqualFlag"":"""",""tournamentsPlayed"":26,""points"":247.5,""profileImage"":""/media/1490/itf-uk-profile-placeholder-male.jpg?anchor=center&mode=crop&width=54&height=72&rnd=132174204480000000"",""tournamentsPlayedSingles"":null,""tournamentsPlayedDoubles"":null,""pointsRankingSingles"":null,""pointsRankingDoubles"":null,""pointsRankingTotal"":null}"
800597356,Oliver Page,Oliver,Page,M,B,GBR,Great Britain,,2008,2026,,https://www.itftennis.com/en/players/oliver-page/800597356/gbr/jt/s/,327,247.25,2026-06-02,2026-06-08,"{""playerId"":800597356,""playerFamilyName"":""Page"",""playerGivenName"":""Oliver"",""playerNationalityCode"":""GBR"",""playerNationality"":""Great Britain"",""profileLink"":""/en/players/oliver-page/800597356/gbr/jt/s/"",""gender"":""M"",""hiddenPlayer"":false,""birthYear"":2008,""rankMovement"":3,""rank"":327,""rankEqualFlag"":"""",""tournamentsPlayed"":31,""points"":247.25,""profileImage"":""/media/1490/itf-uk-profile-placeholder-male.jpg?anchor=center&mode=crop&width=54&height=72&rnd=132174204480000000"",""tournamentsPlayedSingles"":null,""tournamentsPlayedDoubles"":null,""pointsRankingSingles"":null,""pointsRankingDoubles"":null,""pointsRankingTotal"":null}"
800714127,Enoch Lin,Enoch,Lin,M,B,CAN,Canada,,2008,2026,,https://www.itftennis.com/en/players/enoch-lin/800714127/can/jt/s/,328,247,2026-06-02,2026-06-08,"{""playerId"":800714127,""playerFamilyName"":""Lin"",""playerGivenName"":""Enoch"",""playerNationalityCode"":""CAN"",""playerNationality"":""Canada"",""profileLink"":""/en/players/enoch-lin/800714127/can/jt/s/"",""gender"":""M"",""hiddenPlayer"":false,""birthYear"":2008,""rankMovement"":-4,""rank"":328,""rankEqualFlag"":"""",""tournamentsPlayed"":19,""points"":247,""profileImage"":""/media/1490/itf-uk-profile-placeholder-male.jpg?anchor=center&mode=crop&width=54&height=72&rnd=132174204480000000"",""tournamentsPlayedSingles"":null,""tournamentsPlayedDoubles"":null,""pointsRankingSingles"":null,""pointsRankingDoubles"":null,""pointsRankingTotal"":null}"
800660335,Pavel JR Joromsky,Pavel JR,Joromsky,M,B,RUS,Russia,,2010,2028,,https://www.itftennis.com/en/players/pavel-jr-joromsky/800660335/rus/jt/s/,329,246.5,2026-06-02,2026-06-08,"{""playerId"":800660335,""playerFamilyName"":""Joromsky"",""playerGivenName"":""Pavel JR"",""playerNationalityCode"":""RUS"",""playerNationality"":""Russia"",""profileLink"":""/en/players/pavel-jr-joromsky/800660335/rus/jt/s/"",""gender"":""M"",""hiddenPlayer"":false,""birthYear"":2010,""rankMovement"":2,""rank"":329,""rankEqualFlag"":"""",""tournamentsPlayed"":35,""points"":246.5,""profileImage"":""/media/1490/itf-uk-profile-placeholder-male.jpg?anchor=center&mode=crop&width=54&height=72&rnd=132174204480000000"",""tournamentsPlayedSingles"":null,""tournamentsPlayedDoubles"":null,""pointsRankingSingles"":null,""pointsRankingDoubles"":null,""pointsRankingTotal"":null}"
800601986,Nikolai Shibani,Nikolai,Shibani,M,B,NOR,Norway,,2008,2026,,https://www.itftennis.com/en/players/nikolai-shibani/800601986/nor/jt/s/,330,246,2026-06-02,2026-06-08,"{""playerId"":800601986,""playerFamilyName"":""Shibani"",""playerGivenName"":""Nikolai"",""playerNationalityCode"":""NOR"",""playerNationality"":""Norway"",""profileLink"":""/en/players/nikolai-shibani/800601986/nor/jt/s/"",""gender"":""M"",""hiddenPlayer"":false,""birthYear"":2008,""rankMovement"":11,""rank"":330,""rankEqualFlag"":"""",""tournamentsPlayed"":37,""points"":246,""profileImage"":""/media/1490/itf-uk-profile-placeholder-male.jpg?anchor=center&mode=crop&width=54&height=72&rnd=132174204480000000"",""tournamentsPlayedSingles"":null,""tournamentsPlayedDoubles"":null,""pointsRankingSingles"":null,""pointsRankingDoubles"":null,""pointsRankingTotal"":null}"
800638434,Eriks Valeinis,Eriks,Valeinis,M,B,LAT,Latvia,,2009,2027,,https://www.itftennis.com/en/players/eriks-valeinis/800638434/lat/jt/s/,331,244.5,2026-06-02,2026-06-08,"{""playerId"":800638434,""playerFamilyName"":""Valeinis"",""playerGivenName"":""Eriks"",""playerNationalityCode"":""LAT"",""playerNationality"":""Latvia"",""profileLink"":""/en/players/eriks-valeinis/800638434/lat/jt/s/"",""gender"":""M"",""hiddenPlayer"":false,""birthYear"":2009,""rankMovement"":2,""rank"":331,""rankEqualFlag"":"""",""tournamentsPlayed"":36,""points"":244.5,""profileImage"":""/media/1490/itf-uk-profile-placeholder-male.jpg?anchor=center&mode=crop&width=54&height=72&rnd=132174204480000000"",""tournamentsPlayedSingles"":null,""tournamentsPlayedDoubles"":null,""pointsRankingSingles"":null,""pointsRankingDoubles"":null,""pointsRankingTotal"":null}"
800573486,Krystof Kominek,Krystof,Kominek,M,B,CZE,Czechia,,2008,2026,,https://www.itftennis.com/en/players/krystof-kominek/800573486/cze/jt/s/,332,244.5,2026-06-02,2026-06-08,"{""playerId"":800573486,""playerFamilyName"":""Kominek"",""playerGivenName"":""Krystof"",""playerNationalityCode"":""CZE"",""playerNationality"":""Czechia"",""profileLink"":""/en/players/krystof-kominek/800573486/cze/jt/s/"",""gender"":""M"",""hiddenPlayer"":false,""birthYear"":2008,""rankMovement"":2,""rank"":332,""rankEqualFlag"":"""",""tournamentsPlayed"":33,""points"":244.5,""profileImage"":""/media/1490/itf-uk-profile-placeholder-male.jpg?anchor=center&mode=crop&width=54&height=72&rnd=132174204480000000"",""tournamentsPlayedSingles"":null,""tournamentsPlayedDoubles"":null,""pointsRankingSingles"":null,""pointsRankingDoubles"":null,""pointsRankingTotal"":null}"
800647867,Ivan Samstyka,Ivan,Samstyka,M,B,BLR,Belarus,,2009,2027,,https://www.itftennis.com/en/players/ivan-samstyka/800647867/blr/jt/s/,333,244,2026-06-02,2026-06-08,"{""playerId"":800647867,""playerFamilyName"":""Samstyka"",""playerGivenName"":""Ivan"",""playerNationalityCode"":""BLR"",""playerNationality"":""Belarus"",""profileLink"":""/en/players/ivan-samstyka/800647867/blr/jt/s/"",""gender"":""M"",""hiddenPlayer"":false,""birthYear"":2009,""rankMovement"":-27,""rank"":333,""rankEqualFlag"":"""",""tournamentsPlayed"":37,""points"":244,""profileImage"":""/media/1490/itf-uk-profile-placeholder-male.jpg?anchor=center&mode=crop&width=54&height=72&rnd=132174204480000000"",""tournamentsPlayedSingles"":null,""tournamentsPlayedDoubles"":null,""pointsRankingSingles"":null,""pointsRankingDoubles"":null,""pointsRankingTotal"":null}"
800646430,Nicolas Fays,Nicolas,Fays,M,B,BEL,Belgium,,2008,2026,,https://www.itftennis.com/en/players/nicolas-fays/800646430/bel/jt/s/,334,242.5,2026-06-02,2026-06-08,"{""playerId"":800646430,""playerFamilyName"":""Fays"",""playerGivenName"":""Nicolas"",""playerNationalityCode"":""BEL"",""playerNationality"":""Belgium"",""profileLink"":""/en/players/nicolas-fays/800646430/bel/jt/s/"",""gender"":""M"",""hiddenPlayer"":false,""birthYear"":2008,""rankMovement"":1,""rank"":334,""rankEqualFlag"":"""",""tournamentsPlayed"":34,""points"":242.5,""profileImage"":""/media/1490/itf-uk-profile-placeholder-male.jpg?anchor=center&mode=crop&width=54&height=72&rnd=132174204480000000"",""tournamentsPlayedSingles"":null,""tournamentsPlayedDoubles"":null,""pointsRankingSingles"":null,""pointsRankingDoubles"":null,""pointsRankingTotal"":null}"
800661552,Pavle Stojiljkovic,Pavle,Stojiljkovic,M,B,SRB,Serbia,,2010,2028,,https://www.itftennis.com/en/players/pavle-stojiljkovic/800661552/srb/jt/s/,335,242.5,2026-06-02,2026-06-08,"{""playerId"":800661552,""playerFamilyName"":""Stojiljkovic"",""playerGivenName"":""Pavle"",""playerNationalityCode"":""SRB"",""playerNationality"":""Serbia"",""profileLink"":""/en/players/pavle-stojiljkovic/800661552/srb/jt/s/"",""gender"":""M"",""hiddenPlayer"":false,""birthYear"":2010,""rankMovement"":1,""rank"":335,""rankEqualFlag"":"""",""tournamentsPlayed"":22,""points"":242.5,""profileImage"":""/media/1490/itf-uk-profile-placeholder-male.jpg?anchor=center&mode=crop&width=54&height=72&rnd=132174204480000000"",""tournamentsPlayedSingles"":null,""tournamentsPlayedDoubles"":null,""pointsRankingSingles"":null,""pointsRankingDoubles"":null,""pointsRankingTotal"":null}"
800710317,Makhmudbek Beknazarov,Makhmudbek,Beknazarov,M,B,UZB,Uzbekistan,,2010,2028,,https://www.itftennis.com/en/players/makhmudbek-beknazarov/800710317/uzb/jt/s/,336,241.5,2026-06-02,2026-06-08,"{""playerId"":800710317,""playerFamilyName"":""Beknazarov"",""playerGivenName"":""Makhmudbek"",""playerNationalityCode"":""UZB"",""playerNationality"":""Uzbekistan"",""profileLink"":""/en/players/makhmudbek-beknazarov/800710317/uzb/jt/s/"",""gender"":""M"",""hiddenPlayer"":false,""birthYear"":2010,""rankMovement"":69,""rank"":336,""rankEqualFlag"":"""",""tournamentsPlayed"":34,""points"":241.5,""profileImage"":""/media/1490/itf-uk-profile-placeholder-male.jpg?anchor=center&mode=crop&width=54&height=72&rnd=132174204480000000"",""tournamentsPlayedSingles"":null,""tournamentsPlayedDoubles"":null,""pointsRankingSingles"":null,""pointsRankingDoubles"":null,""pointsRankingTotal"":null}"
800599348,Georgios Mitalas,Georgios,Mitalas,M,B,GRE,Greece,,2008,2026,,https://www.itftennis.com/en/players/georgios-mitalas/800599348/gre/jt/s/,337,240.5,2026-06-02,2026-06-08,"{""playerId"":800599348,""playerFamilyName"":""Mitalas"",""playerGivenName"":""Georgios"",""playerNationalityCode"":""GRE"",""playerNationality"":""Greece"",""profileLink"":""/en/players/georgios-mitalas/800599348/gre/jt/s/"",""gender"":""M"",""hiddenPlayer"":false,""birthYear"":2008,""rankMovement"":0,""rank"":337,""rankEqualFlag"":"""",""tournamentsPlayed"":37,""points"":240.5,""profileImage"":""/media/1490/itf-uk-profile-placeholder-male.jpg?anchor=center&mode=crop&width=54&height=72&rnd=132174204480000000"",""tournamentsPlayedSingles"":null,""tournamentsPlayedDoubles"":null,""pointsRankingSingles"":null,""pointsRankingDoubles"":null,""pointsRankingTotal"":null}"
800639390,Vincent Fletcher,Vincent,Fletcher,M,B,GBR,Great Britain,,2009,2027,,https://www.itftennis.com/en/players/vincent-fletcher/800639390/gbr/jt/s/,338,240.5,2026-06-02,2026-06-08,"{""playerId"":800639390,""playerFamilyName"":""Fletcher"",""playerGivenName"":""Vincent"",""playerNationalityCode"":""GBR"",""playerNationality"":""Great Britain"",""profileLink"":""/en/players/vincent-fletcher/800639390/gbr/jt/s/"",""gender"":""M"",""hiddenPlayer"":false,""birthYear"":2009,""rankMovement"":0,""rank"":338,""rankEqualFlag"":"""",""tournamentsPlayed"":26,""points"":240.5,""profileImage"":""/media/1490/itf-uk-profile-placeholder-male.jpg?anchor=center&mode=crop&width=54&height=72&rnd=132174204480000000"",""tournamentsPlayedSingles"":null,""tournamentsPlayedDoubles"":null,""pointsRankingSingles"":null,""pointsRankingDoubles"":null,""pointsRankingTotal"":null}"
800593318,Mattia Aiassa,Mattia,Aiassa,M,B,SRB,Serbia,,2008,2026,,https://www.itftennis.com/en/players/mattia-aiassa/800593318/srb/jt/s/,339,238.5,2026-06-02,2026-06-08,"{""playerId"":800593318,""playerFamilyName"":""Aiassa"",""playerGivenName"":""Mattia"",""playerNationalityCode"":""SRB"",""playerNationality"":""Serbia"",""profileLink"":""/en/players/mattia-aiassa/800593318/srb/jt/s/"",""gender"":""M"",""hiddenPlayer"":false,""birthYear"":2008,""rankMovement"":0,""rank"":339,""rankEqualFlag"":"""",""tournamentsPlayed"":36,""points"":238.5,""profileImage"":""/media/1490/itf-uk-profile-placeholder-male.jpg?anchor=center&mode=crop&width=54&height=72&rnd=132174204480000000"",""tournamentsPlayedSingles"":null,""tournamentsPlayedDoubles"":null,""pointsRankingSingles"":null,""pointsRankingDoubles"":null,""pointsRankingTotal"":null}"
800624793,Adrian Oltean Achacollo,Adrian,Oltean Achacollo,M,B,ESP,Spain,,2008,2026,,https://www.itftennis.com/en/players/adrian-oltean-achacollo/800624793/esp/jt/s/,340,238,2026-06-02,2026-06-08,"{""playerId"":800624793,""playerFamilyName"":""Oltean Achacollo"",""playerGivenName"":""Adrian"",""playerNationalityCode"":""ESP"",""playerNationality"":""Spain"",""profileLink"":""/en/players/adrian-oltean-achacollo/800624793/esp/jt/s/"",""gender"":""M"",""hiddenPlayer"":false,""birthYear"":2008,""rankMovement"":0,""rank"":340,""rankEqualFlag"":"""",""tournamentsPlayed"":45,""points"":238,""profileImage"":""/media/1490/itf-uk-profile-placeholder-male.jpg?anchor=center&mode=crop&width=54&height=72&rnd=132174204480000000"",""tournamentsPlayedSingles"":null,""tournamentsPlayedDoubles"":null,""pointsRankingSingles"":null,""pointsRankingDoubles"":null,""pointsRankingTotal"":null}"
800717269,Nicolas Pedraza,Nicolas,Pedraza,M,B,USA,USA,,2009,2027,,https://www.itftennis.com/en/players/nicolas-pedraza/800717269/usa/jt/s/,341,238,2026-06-02,2026-06-08,"{""playerId"":800717269,""playerFamilyName"":""Pedraza"",""playerGivenName"":""Nicolas"",""playerNationalityCode"":""USA"",""playerNationality"":""USA"",""profileLink"":""/en/players/nicolas-pedraza/800717269/usa/jt/s/"",""gender"":""M"",""hiddenPlayer"":false,""birthYear"":2009,""rankMovement"":-9,""rank"":341,""rankEqualFlag"":"""",""tournamentsPlayed"":25,""points"":238,""profileImage"":""/media/1490/itf-uk-profile-placeholder-male.jpg?anchor=center&mode=crop&width=54&height=72&rnd=132174204480000000"",""tournamentsPlayedSingles"":null,""tournamentsPlayedDoubles"":null,""pointsRankingSingles"":null,""pointsRankingDoubles"":null,""pointsRankingTotal"":null}"
800661025,Thomas PIOT,Thomas,PIOT,M,B,FRA,France,,2009,2027,,https://www.itftennis.com/en/players/thomas-piot/800661025/fra/jt/s/,342,237.5,2026-06-02,2026-06-08,"{""playerId"":800661025,""playerFamilyName"":""PIOT"",""playerGivenName"":""Thomas"",""playerNationalityCode"":""FRA"",""playerNationality"":""France"",""profileLink"":""/en/players/thomas-piot/800661025/fra/jt/s/"",""gender"":""M"",""hiddenPlayer"":false,""birthYear"":2009,""rankMovement"":0,""rank"":342,""rankEqualFlag"":"""",""tournamentsPlayed"":42,""points"":237.5,""profileImage"":""/media/1490/itf-uk-profile-placeholder-male.jpg?anchor=center&mode=crop&width=54&height=72&rnd=132174204480000000"",""tournamentsPlayedSingles"":null,""tournamentsPlayedDoubles"":null,""pointsRankingSingles"":null,""pointsRankingDoubles"":null,""pointsRankingTotal"":null}"
800695236,Patrick Breen,Patrick,Breen,M,B,IRL,Ireland,,2010,2028,,https://www.itftennis.com/en/players/patrick-breen/800695236/irl/jt/s/,343,237.5,2026-06-02,2026-06-08,"{""playerId"":800695236,""playerFamilyName"":""Breen"",""playerGivenName"":""Patrick"",""playerNationalityCode"":""IRL"",""playerNationality"":""Ireland"",""profileLink"":""/en/players/patrick-breen/800695236/irl/jt/s/"",""gender"":""M"",""hiddenPlayer"":false,""birthYear"":2010,""rankMovement"":0,""rank"":343,""rankEqualFlag"":"""",""tournamentsPlayed"":17,""points"":237.5,""profileImage"":""/media/1490/itf-uk-profile-placeholder-male.jpg?anchor=center&mode=crop&width=54&height=72&rnd=132174204480000000"",""tournamentsPlayedSingles"":null,""tournamentsPlayedDoubles"":null,""pointsRankingSingles"":null,""pointsRankingDoubles"":null,""pointsRankingTotal"":null}"
800699552,Israel Dowie,Israel,Dowie,M,B,NAM,Namibia,,2010,2028,,https://www.itftennis.com/en/players/israel-dowie/800699552/nam/jt/s/,344,235.5,2026-06-02,2026-06-08,"{""playerId"":800699552,""playerFamilyName"":""Dowie"",""playerGivenName"":""Israel"",""playerNationalityCode"":""NAM"",""playerNationality"":""Namibia"",""profileLink"":""/en/players/israel-dowie/800699552/nam/jt/s/"",""gender"":""M"",""hiddenPlayer"":false,""birthYear"":2010,""rankMovement"":107,""rank"":344,""rankEqualFlag"":"""",""tournamentsPlayed"":27,""points"":235.5,""profileImage"":""/media/1490/itf-uk-profile-placeholder-male.jpg?anchor=center&mode=crop&width=54&height=72&rnd=132174204480000000"",""tournamentsPlayedSingles"":null,""tournamentsPlayedDoubles"":null,""pointsRankingSingles"":null,""pointsRankingDoubles"":null,""pointsRankingTotal"":null}"
800665745,Luka Ceramilac,Luka,Ceramilac,M,B,SRB,Serbia,,2009,2027,,https://www.itftennis.com/en/players/luka-ceramilac/800665745/srb/jt/s/,345,234.5,2026-06-02,2026-06-08,"{""playerId"":800665745,""playerFamilyName"":""Ceramilac"",""playerGivenName"":""Luka"",""playerNationalityCode"":""SRB"",""playerNationality"":""Serbia"",""profileLink"":""/en/players/luka-ceramilac/800665745/srb/jt/s/"",""gender"":""M"",""hiddenPlayer"":false,""birthYear"":2009,""rankMovement"":0,""rank"":345,""rankEqualFlag"":"""",""tournamentsPlayed"":32,""points"":234.5,""profileImage"":""/media/1490/itf-uk-profile-placeholder-male.jpg?anchor=center&mode=crop&width=54&height=72&rnd=132174204480000000"",""tournamentsPlayedSingles"":null,""tournamentsPlayedDoubles"":null,""pointsRankingSingles"":null,""pointsRankingDoubles"":null,""pointsRankingTotal"":null}"
800682340,Pratik Navin,Pratik,Navin,M,B,AUS,Australia,,2009,2027,,https://www.itftennis.com/en/players/pratik-navin/800682340/aus/jt/s/,346,234.5,2026-06-02,2026-06-08,"{""playerId"":800682340,""playerFamilyName"":""Navin"",""playerGivenName"":""Pratik"",""playerNationalityCode"":""AUS"",""playerNationality"":""Australia"",""profileLink"":""/en/players/pratik-navin/800682340/aus/jt/s/"",""gender"":""M"",""hiddenPlayer"":false,""birthYear"":2009,""rankMovement"":-25,""rank"":346,""rankEqualFlag"":"""",""tournamentsPlayed"":25,""points"":234.5,""profileImage"":""/media/1490/itf-uk-profile-placeholder-male.jpg?anchor=center&mode=crop&width=54&height=72&rnd=132174204480000000"",""tournamentsPlayedSingles"":null,""tournamentsPlayedDoubles"":null,""pointsRankingSingles"":null,""pointsRankingDoubles"":null,""pointsRankingTotal"":null}"
800621194,Aleksey Petushynskyy,Aleksey,Petushynskyy,M,B,UKR,Ukraine,,2009,2027,,https://www.itftennis.com/en/players/aleksey-petushynskyy/800621194/ukr/jt/s/,347,234.25,2026-06-02,2026-06-08,"{""playerId"":800621194,""playerFamilyName"":""Petushynskyy"",""playerGivenName"":""Aleksey"",""playerNationalityCode"":""UKR"",""playerNationality"":""Ukraine"",""profileLink"":""/en/players/aleksey-petushynskyy/800621194/ukr/jt/s/"",""gender"":""M"",""hiddenPlayer"":false,""birthYear"":2009,""rankMovement"":-1,""rank"":347,""rankEqualFlag"":"""",""tournamentsPlayed"":26,""points"":234.25,""profileImage"":""/media/1490/itf-uk-profile-placeholder-male.jpg?anchor=center&mode=crop&width=54&height=72&rnd=132174204480000000"",""tournamentsPlayedSingles"":null,""tournamentsPlayedDoubles"":null,""pointsRankingSingles"":null,""pointsRankingDoubles"":null,""pointsRankingTotal"":null}"
800625149,Nicolai Eie Worren,Nicolai Eie,Worren,M,B,NOR,Norway,,2008,2026,,https://www.itftennis.com/en/players/nicolai-eie-worren/800625149/nor/jt/s/,348,233.75,2026-06-02,2026-06-08,"{""playerId"":800625149,""playerFamilyName"":""Worren"",""playerGivenName"":""Nicolai Eie"",""playerNationalityCode"":""NOR"",""playerNationality"":""Norway"",""profileLink"":""/en/players/nicolai-eie-worren/800625149/nor/jt/s/"",""gender"":""M"",""hiddenPlayer"":false,""birthYear"":2008,""rankMovement"":-1,""rank"":348,""rankEqualFlag"":"""",""tournamentsPlayed"":32,""points"":233.75,""profileImage"":""/media/1490/itf-uk-profile-placeholder-male.jpg?anchor=center&mode=crop&width=54&height=72&rnd=132174204480000000"",""tournamentsPlayedSingles"":null,""tournamentsPlayedDoubles"":null,""pointsRankingSingles"":null,""pointsRankingDoubles"":null,""pointsRankingTotal"":null}"
800708152,Daniel Brink,Daniel,Brink,M,B,RSA,South Africa,,2010,2028,,https://www.itftennis.com/en/players/daniel-brink/800708152/rsa/jt/s/,349,233.5,2026-06-02,2026-06-08,"{""playerId"":800708152,""playerFamilyName"":""Brink"",""playerGivenName"":""Daniel"",""playerNationalityCode"":""RSA"",""playerNationality"":""South Africa"",""profileLink"":""/en/players/daniel-brink/800708152/rsa/jt/s/"",""gender"":""M"",""hiddenPlayer"":false,""birthYear"":2010,""rankMovement"":-1,""rank"":349,""rankEqualFlag"":"""",""tournamentsPlayed"":23,""points"":233.5,""profileImage"":""/media/1490/itf-uk-profile-placeholder-male.jpg?anchor=center&mode=crop&width=54&height=72&rnd=132174204480000000"",""tournamentsPlayedSingles"":null,""tournamentsPlayedDoubles"":null,""pointsRankingSingles"":null,""pointsRankingDoubles"":null,""pointsRankingTotal"":null}"
800667545,Filip Hesser,Filip,Hesser,M,B,SWE,Sweden,,2008,2026,,https://www.itftennis.com/en/players/filip-hesser/800667545/swe/jt/s/,350,233.25,2026-06-02,2026-06-08,"{""playerId"":800667545,""playerFamilyName"":""Hesser"",""playerGivenName"":""Filip"",""playerNationalityCode"":""SWE"",""playerNationality"":""Sweden"",""profileLink"":""/en/players/filip-hesser/800667545/swe/jt/s/"",""gender"":""M"",""hiddenPlayer"":false,""birthYear"":2008,""rankMovement"":-1,""rank"":350,""rankEqualFlag"":"""",""tournamentsPlayed"":31,""points"":233.25,""profileImage"":""/media/1490/itf-uk-profile-placeholder-male.jpg?anchor=center&mode=crop&width=54&height=72&rnd=132174204480000000"",""tournamentsPlayedSingles"":null,""tournamentsPlayedDoubles"":null,""pointsRankingSingles"":null,""pointsRankingDoubles"":null,""pointsRankingTotal"":null}"
800660210,Rodolfo Federico De Andreis,Rodolfo Federico,De Andreis,M,B,VEN,Venezuela,,2009,2027,,https://www.itftennis.com/en/players/rodolfo-federico-de-andreis/800660210/ven/jt/s/,351,232,2026-06-02,2026-06-08,"{""playerId"":800660210,""playerFamilyName"":""De Andreis"",""playerGivenName"":""Rodolfo Federico"",""playerNationalityCode"":""VEN"",""playerNationality"":""Venezuela"",""profileLink"":""/en/players/rodolfo-federico-de-andreis/800660210/ven/jt/s/"",""gender"":""M"",""hiddenPlayer"":false,""birthYear"":2009,""rankMovement"":-1,""rank"":351,""rankEqualFlag"":"""",""tournamentsPlayed"":24,""points"":232,""profileImage"":""/media/1490/itf-uk-profile-placeholder-male.jpg?anchor=center&mode=crop&width=54&height=72&rnd=132174204480000000"",""tournamentsPlayedSingles"":null,""tournamentsPlayedDoubles"":null,""pointsRankingSingles"":null,""pointsRankingDoubles"":null,""pointsRankingTotal"":null}"
800720296,Matthew Shapiro,Matthew,Shapiro,M,B,USA,USA,,2008,2026,,https://www.itftennis.com/en/players/matthew-shapiro/800720296/usa/jt/s/,352,232,2026-06-02,2026-06-08,"{""playerId"":800720296,""playerFamilyName"":""Shapiro"",""playerGivenName"":""Matthew"",""playerNationalityCode"":""USA"",""playerNationality"":""USA"",""profileLink"":""/en/players/matthew-shapiro/800720296/usa/jt/s/"",""gender"":""M"",""hiddenPlayer"":false,""birthYear"":2008,""rankMovement"":-1,""rank"":352,""rankEqualFlag"":"""",""tournamentsPlayed"":31,""points"":232,""profileImage"":""/media/1490/itf-uk-profile-placeholder-male.jpg?anchor=center&mode=crop&width=54&height=72&rnd=132174204480000000"",""tournamentsPlayedSingles"":null,""tournamentsPlayedDoubles"":null,""pointsRankingSingles"":null,""pointsRankingDoubles"":null,""pointsRankingTotal"":null}"
800700749,Cristobal Plasencia Robles,Cristobal,Plasencia Robles,M,B,MEX,Mexico,,2009,2027,,https://www.itftennis.com/en/players/cristobal-plasencia-robles/800700749/mex/jt/s/,353,231.75,2026-06-02,2026-06-08,"{""playerId"":800700749,""playerFamilyName"":""Plasencia Robles"",""playerGivenName"":""Cristobal"",""playerNationalityCode"":""MEX"",""playerNationality"":""Mexico"",""profileLink"":""/en/players/cristobal-plasencia-robles/800700749/mex/jt/s/"",""gender"":""M"",""hiddenPlayer"":false,""birthYear"":2009,""rankMovement"":-1,""rank"":353,""rankEqualFlag"":"""",""tournamentsPlayed"":26,""points"":231.75,""profileImage"":""/media/1490/itf-uk-profile-placeholder-male.jpg?anchor=center&mode=crop&width=54&height=72&rnd=132174204480000000"",""tournamentsPlayedSingles"":null,""tournamentsPlayedDoubles"":null,""pointsRankingSingles"":null,""pointsRankingDoubles"":null,""pointsRankingTotal"":null}"
800660842,Jost Pecovnik,Jost,Pecovnik,M,B,SLO,Slovenia,,2008,2026,,https://www.itftennis.com/en/players/jost-pecovnik/800660842/slo/jt/s/,354,229,2026-06-02,2026-06-08,"{""playerId"":800660842,""playerFamilyName"":""Pecovnik"",""playerGivenName"":""Jost"",""playerNationalityCode"":""SLO"",""playerNationality"":""Slovenia"",""profileLink"":""/en/players/jost-pecovnik/800660842/slo/jt/s/"",""gender"":""M"",""hiddenPlayer"":false,""birthYear"":2008,""rankMovement"":1,""rank"":354,""rankEqualFlag"":"""",""tournamentsPlayed"":45,""points"":229,""profileImage"":""/media/1490/itf-uk-profile-placeholder-male.jpg?anchor=center&mode=crop&width=54&height=72&rnd=132174204480000000"",""tournamentsPlayedSingles"":null,""tournamentsPlayedDoubles"":null,""pointsRankingSingles"":null,""pointsRankingDoubles"":null,""pointsRankingTotal"":null}"
800727016,Ruochen Gao,Ruochen,Gao,M,B,CHN,"China, P.R.",,2009,2027,,https://www.itftennis.com/en/players/ruochen-gao/800727016/chn/jt/s/,355,227.75,2026-06-02,2026-06-08,"{""playerId"":800727016,""playerFamilyName"":""Gao"",""playerGivenName"":""Ruochen"",""playerNationalityCode"":""CHN"",""playerNationality"":""China, P.R."",""profileLink"":""/en/players/ruochen-gao/800727016/chn/jt/s/"",""gender"":""M"",""hiddenPlayer"":false,""birthYear"":2009,""rankMovement"":40,""rank"":355,""rankEqualFlag"":"""",""tournamentsPlayed"":32,""points"":227.75,""profileImage"":""/media/1490/itf-uk-profile-placeholder-male.jpg?anchor=center&mode=crop&width=54&height=72&rnd=132174204480000000"",""tournamentsPlayedSingles"":null,""tournamentsPlayedDoubles"":null,""pointsRankingSingles"":null,""pointsRankingDoubles"":null,""pointsRankingTotal"":null}"
800722358,ghali salah-eddine,ghali,salah-eddine,M,B,MAR,Morocco,,2009,2027,,https://www.itftennis.com/en/players/ghali-salah-eddine/800722358/mar/jt/s/,356,227.5,2026-06-02,2026-06-08,"{""playerId"":800722358,""playerFamilyName"":""salah-eddine"",""playerGivenName"":""ghali"",""playerNationalityCode"":""MAR"",""playerNationality"":""Morocco"",""profileLink"":""/en/players/ghali-salah-eddine/800722358/mar/jt/s/"",""gender"":""M"",""hiddenPlayer"":false,""birthYear"":2009,""rankMovement"":0,""rank"":356,""rankEqualFlag"":"""",""tournamentsPlayed"":27,""points"":227.5,""profileImage"":""/media/1490/itf-uk-profile-placeholder-male.jpg?anchor=center&mode=crop&width=54&height=72&rnd=132174204480000000"",""tournamentsPlayedSingles"":null,""tournamentsPlayedDoubles"":null,""pointsRankingSingles"":null,""pointsRankingDoubles"":null,""pointsRankingTotal"":null}"
800543490,Timur Saulenko,Timur,Saulenko,M,B,KAZ,Kazakhstan,,2008,2026,,https://www.itftennis.com/en/players/timur-saulenko/800543490/kaz/jt/s/,357,226.5,2026-06-02,2026-06-08,"{""playerId"":800543490,""playerFamilyName"":""Saulenko"",""playerGivenName"":""Timur"",""playerNationalityCode"":""KAZ"",""playerNationality"":""Kazakhstan"",""profileLink"":""/en/players/timur-saulenko/800543490/kaz/jt/s/"",""gender"":""M"",""hiddenPlayer"":false,""birthYear"":2008,""rankMovement"":0,""rank"":357,""rankEqualFlag"":"""",""tournamentsPlayed"":38,""points"":226.5,""profileImage"":""/media/1490/itf-uk-profile-placeholder-male.jpg?anchor=center&mode=crop&width=54&height=72&rnd=132174204480000000"",""tournamentsPlayedSingles"":null,""tournamentsPlayedDoubles"":null,""pointsRankingSingles"":null,""pointsRankingDoubles"":null,""pointsRankingTotal"":null}"
800700226,Faustino Boffelli,Faustino,Boffelli,M,B,ARG,Argentina,,2008,2026,,https://www.itftennis.com/en/players/faustino-boffelli/800700226/arg/jt/s/,358,226,2026-06-02,2026-06-08,"{""playerId"":800700226,""playerFamilyName"":""Boffelli"",""playerGivenName"":""Faustino"",""playerNationalityCode"":""ARG"",""playerNationality"":""Argentina"",""profileLink"":""/en/players/faustino-boffelli/800700226/arg/jt/s/"",""gender"":""M"",""hiddenPlayer"":false,""birthYear"":2008,""rankMovement"":-35,""rank"":358,""rankEqualFlag"":"""",""tournamentsPlayed"":21,""points"":226,""profileImage"":""/media/1490/itf-uk-profile-placeholder-male.jpg?anchor=center&mode=crop&width=54&height=72&rnd=132174204480000000"",""tournamentsPlayedSingles"":null,""tournamentsPlayedDoubles"":null,""pointsRankingSingles"":null,""pointsRankingDoubles"":null,""pointsRankingTotal"":null}"
800703955,Tobias Cank,Tobias,Cank,M,B,CZE,Czechia,,2008,2026,,https://www.itftennis.com/en/players/tobias-cank/800703955/cze/jt/s/,359,226,2026-06-02,2026-06-08,"{""playerId"":800703955,""playerFamilyName"":""Cank"",""playerGivenName"":""Tobias"",""playerNationalityCode"":""CZE"",""playerNationality"":""Czechia"",""profileLink"":""/en/players/tobias-cank/800703955/cze/jt/s/"",""gender"":""M"",""hiddenPlayer"":false,""birthYear"":2008,""rankMovement"":-1,""rank"":359,""rankEqualFlag"":"""",""tournamentsPlayed"":24,""points"":226,""profileImage"":""/media/1490/itf-uk-profile-placeholder-male.jpg?anchor=center&mode=crop&width=54&height=72&rnd=132174204480000000"",""tournamentsPlayedSingles"":null,""tournamentsPlayedDoubles"":null,""pointsRankingSingles"":null,""pointsRankingDoubles"":null,""pointsRankingTotal"":null}"
800636613,Carl Filip Bak Weller,Carl Filip Bak,Weller,M,B,DEN,Denmark,,2009,2027,,https://www.itftennis.com/en/players/carl-filip-bak-weller/800636613/den/jt/s/,360,226,2026-06-02,2026-06-08,"{""playerId"":800636613,""playerFamilyName"":""Weller"",""playerGivenName"":""Carl Filip Bak"",""playerNationalityCode"":""DEN"",""playerNationality"":""Denmark"",""profileLink"":""/en/players/carl-filip-bak-weller/800636613/den/jt/s/"",""gender"":""M"",""hiddenPlayer"":false,""birthYear"":2009,""rankMovement"":-1,""rank"":360,""rankEqualFlag"":"""",""tournamentsPlayed"":28,""points"":226,""profileImage"":""/media/1490/itf-uk-profile-placeholder-male.jpg?anchor=center&mode=crop&width=54&height=72&rnd=132174204480000000"",""tournamentsPlayedSingles"":null,""tournamentsPlayedDoubles"":null,""pointsRankingSingles"":null,""pointsRankingDoubles"":null,""pointsRankingTotal"":null}"
800654322,ADRIA VELAZQUEZ FARRE,ADRIA,VELAZQUEZ FARRE,M,B,ESP,Spain,,2009,2027,,https://www.itftennis.com/en/players/adria-velazquez-farre/800654322/esp/jt/s/,361,225.75,2026-06-02,2026-06-08,"{""playerId"":800654322,""playerFamilyName"":""VELAZQUEZ FARRE"",""playerGivenName"":""ADRIA"",""playerNationalityCode"":""ESP"",""playerNationality"":""Spain"",""profileLink"":""/en/players/adria-velazquez-farre/800654322/esp/jt/s/"",""gender"":""M"",""hiddenPlayer"":false,""birthYear"":2009,""rankMovement"":-1,""rank"":361,""rankEqualFlag"":"""",""tournamentsPlayed"":27,""points"":225.75,""profileImage"":""/media/1490/itf-uk-profile-placeholder-male.jpg?anchor=center&mode=crop&width=54&height=72&rnd=132174204480000000"",""tournamentsPlayedSingles"":null,""tournamentsPlayedDoubles"":null,""pointsRankingSingles"":null,""pointsRankingDoubles"":null,""pointsRankingTotal"":null}"
800718607,SEHUN PARK,SEHUN,PARK,M,B,AUS,Australia,,2010,2028,,https://www.itftennis.com/en/players/sehun-park/800718607/aus/jt/s/,362,225,2026-06-02,2026-06-08,"{""playerId"":800718607,""playerFamilyName"":""PARK"",""playerGivenName"":""SEHUN"",""playerNationalityCode"":""AUS"",""playerNationality"":""Australia"",""profileLink"":""/en/players/sehun-park/800718607/aus/jt/s/"",""gender"":""M"",""hiddenPlayer"":false,""birthYear"":2010,""rankMovement"":-1,""rank"":362,""rankEqualFlag"":"""",""tournamentsPlayed"":31,""points"":225,""profileImage"":""/media/1490/itf-uk-profile-placeholder-male.jpg?anchor=center&mode=crop&width=54&height=72&rnd=132174204480000000"",""tournamentsPlayedSingles"":null,""tournamentsPlayedDoubles"":null,""pointsRankingSingles"":null,""pointsRankingDoubles"":null,""pointsRankingTotal"":null}"
800644047,Marco Meacci,Marco,Meacci,M,B,ITA,Italy,,2009,2027,,https://www.itftennis.com/en/players/marco-meacci/800644047/ita/jt/s/,363,224.25,2026-06-02,2026-06-08,"{""playerId"":800644047,""playerFamilyName"":""Meacci"",""playerGivenName"":""Marco"",""playerNationalityCode"":""ITA"",""playerNationality"":""Italy"",""profileLink"":""/en/players/marco-meacci/800644047/ita/jt/s/"",""gender"":""M"",""hiddenPlayer"":false,""birthYear"":2009,""rankMovement"":102,""rank"":363,""rankEqualFlag"":"""",""tournamentsPlayed"":35,""points"":224.25,""profileImage"":""/media/1490/itf-uk-profile-placeholder-male.jpg?anchor=center&mode=crop&width=54&height=72&rnd=132174204480000000"",""tournamentsPlayedSingles"":null,""tournamentsPlayedDoubles"":null,""pointsRankingSingles"":null,""pointsRankingDoubles"":null,""pointsRankingTotal"":null}"
800655677,Sebastian Tejerina,Sebastian,Tejerina,M,B,POL,Poland,,2010,2028,,https://www.itftennis.com/en/players/sebastian-tejerina/800655677/pol/jt/s/,364,224,2026-06-02,2026-06-08,"{""playerId"":800655677,""playerFamilyName"":""Tejerina"",""playerGivenName"":""Sebastian"",""playerNationalityCode"":""POL"",""playerNationality"":""Poland"",""profileLink"":""/en/players/sebastian-tejerina/800655677/pol/jt/s/"",""gender"":""M"",""hiddenPlayer"":false,""birthYear"":2010,""rankMovement"":0,""rank"":364,""rankEqualFlag"":"""",""tournamentsPlayed"":18,""points"":224,""profileImage"":""/media/1490/itf-uk-profile-placeholder-male.jpg?anchor=center&mode=crop&width=54&height=72&rnd=132174204480000000"",""tournamentsPlayedSingles"":null,""tournamentsPlayedDoubles"":null,""pointsRankingSingles"":null,""pointsRankingDoubles"":null,""pointsRankingTotal"":null}"
800598049,Alex Lap Hang Hui,Alex Lap Hang,Hui,M,B,HKG,"Hong Kong, China",,2009,2027,,https://www.itftennis.com/en/players/alex-lap-hang-hui/800598049/hkg/jt/s/,365,224,2026-06-02,2026-06-08,"{""playerId"":800598049,""playerFamilyName"":""Hui"",""playerGivenName"":""Alex Lap Hang"",""playerNationalityCode"":""HKG"",""playerNationality"":""Hong Kong, China"",""profileLink"":""/en/players/alex-lap-hang-hui/800598049/hkg/jt/s/"",""gender"":""M"",""hiddenPlayer"":false,""birthYear"":2009,""rankMovement"":0,""rank"":365,""rankEqualFlag"":"""",""tournamentsPlayed"":41,""points"":224,""profileImage"":""/media/1490/itf-uk-profile-placeholder-male.jpg?anchor=center&mode=crop&width=54&height=72&rnd=132174204480000000"",""tournamentsPlayedSingles"":null,""tournamentsPlayedDoubles"":null,""pointsRankingSingles"":null,""pointsRankingDoubles"":null,""pointsRankingTotal"":null}"
800710169,Lachlan King,Lachlan,King,M,B,AUS,Australia,,2009,2027,,https://www.itftennis.com/en/players/lachlan-king/800710169/aus/jt/s/,366,223.75,2026-06-02,2026-06-08,"{""playerId"":800710169,""playerFamilyName"":""King"",""playerGivenName"":""Lachlan"",""playerNationalityCode"":""AUS"",""playerNationality"":""Australia"",""profileLink"":""/en/players/lachlan-king/800710169/aus/jt/s/"",""gender"":""M"",""hiddenPlayer"":false,""birthYear"":2009,""rankMovement"":0,""rank"":366,""rankEqualFlag"":"""",""tournamentsPlayed"":18,""points"":223.75,""profileImage"":""/media/1490/itf-uk-profile-placeholder-male.jpg?anchor=center&mode=crop&width=54&height=72&rnd=132174204480000000"",""tournamentsPlayedSingles"":null,""tournamentsPlayedDoubles"":null,""pointsRankingSingles"":null,""pointsRankingDoubles"":null,""pointsRankingTotal"":null}"
800668264,Panagiotis-Gerasimos Grammatikakis,Panagiotis-Gerasimos,Grammatikakis,M,B,GRE,Greece,,2008,2026,,https://www.itftennis.com/en/players/panagiotis-gerasimos-grammatikakis/800668264/gre/jt/s/,367,222.25,2026-06-02,2026-06-08,"{""playerId"":800668264,""playerFamilyName"":""Grammatikakis"",""playerGivenName"":""Panagiotis-Gerasimos"",""playerNationalityCode"":""GRE"",""playerNationality"":""Greece"",""profileLink"":""/en/players/panagiotis-gerasimos-grammatikakis/800668264/gre/jt/s/"",""gender"":""M"",""hiddenPlayer"":false,""birthYear"":2008,""rankMovement"":0,""rank"":367,""rankEqualFlag"":"""",""tournamentsPlayed"":30,""points"":222.25,""profileImage"":""/media/1490/itf-uk-profile-placeholder-male.jpg?anchor=center&mode=crop&width=54&height=72&rnd=132174204480000000"",""tournamentsPlayedSingles"":null,""tournamentsPlayedDoubles"":null,""pointsRankingSingles"":null,""pointsRankingDoubles"":null,""pointsRankingTotal"":null}"
800631800,Xingyu Chen,Xingyu,Chen,M,B,CHN,"China, P.R.",,2008,2026,,https://www.itftennis.com/en/players/xingyu-chen/800631800/chn/jt/s/,368,222,2026-06-02,2026-06-08,"{""playerId"":800631800,""playerFamilyName"":""Chen"",""playerGivenName"":""Xingyu"",""playerNationalityCode"":""CHN"",""playerNationality"":""China, P.R."",""profileLink"":""/en/players/xingyu-chen/800631800/chn/jt/s/"",""gender"":""M"",""hiddenPlayer"":false,""birthYear"":2008,""rankMovement"":0,""rank"":368,""rankEqualFlag"":"""",""tournamentsPlayed"":33,""points"":222,""profileImage"":""/media/1490/itf-uk-profile-placeholder-male.jpg?anchor=center&mode=crop&width=54&height=72&rnd=132174204480000000"",""tournamentsPlayedSingles"":null,""tournamentsPlayedDoubles"":null,""pointsRankingSingles"":null,""pointsRankingDoubles"":null,""pointsRankingTotal"":null}"
800599918,Nand Vandepoele,Nand,Vandepoele,M,B,BEL,Belgium,,2008,2026,,https://www.itftennis.com/en/players/nand-vandepoele/800599918/bel/jt/s/,369,222,2026-06-02,2026-06-08,"{""playerId"":800599918,""playerFamilyName"":""Vandepoele"",""playerGivenName"":""Nand"",""playerNationalityCode"":""BEL"",""playerNationality"":""Belgium"",""profileLink"":""/en/players/nand-vandepoele/800599918/bel/jt/s/"",""gender"":""M"",""hiddenPlayer"":false,""birthYear"":2008,""rankMovement"":0,""rank"":369,""rankEqualFlag"":"""",""tournamentsPlayed"":40,""points"":222,""profileImage"":""/media/1490/itf-uk-profile-placeholder-male.jpg?anchor=center&mode=crop&width=54&height=72&rnd=132174204480000000"",""tournamentsPlayedSingles"":null,""tournamentsPlayedDoubles"":null,""pointsRankingSingles"":null,""pointsRankingDoubles"":null,""pointsRankingTotal"":null}"
800742693,Dehan Van Deventer,Dehan,Van Deventer,M,B,RSA,South Africa,,2009,2027,,https://www.itftennis.com/en/players/dehan-van-deventer/800742693/rsa/jt/s/,370,221.75,2026-06-02,2026-06-08,"{""playerId"":800742693,""playerFamilyName"":""Van Deventer"",""playerGivenName"":""Dehan"",""playerNationalityCode"":""RSA"",""playerNationality"":""South Africa"",""profileLink"":""/en/players/dehan-van-deventer/800742693/rsa/jt/s/"",""gender"":""M"",""hiddenPlayer"":false,""birthYear"":2009,""rankMovement"":0,""rank"":370,""rankEqualFlag"":"""",""tournamentsPlayed"":26,""points"":221.75,""profileImage"":""/media/1490/itf-uk-profile-placeholder-male.jpg?anchor=center&mode=crop&width=54&height=72&rnd=132174204480000000"",""tournamentsPlayedSingles"":null,""tournamentsPlayedDoubles"":null,""pointsRankingSingles"":null,""pointsRankingDoubles"":null,""pointsRankingTotal"":null}"
800646769,Rodion Chetverikov,Rodion,Chetverikov,M,B,UKR,Ukraine,,2008,2026,,https://www.itftennis.com/en/players/rodion-chetverikov/800646769/ukr/jt/s/,371,220,2026-06-02,2026-06-08,"{""playerId"":800646769,""playerFamilyName"":""Chetverikov"",""playerGivenName"":""Rodion"",""playerNationalityCode"":""UKR"",""playerNationality"":""Ukraine"",""profileLink"":""/en/players/rodion-chetverikov/800646769/ukr/jt/s/"",""gender"":""M"",""hiddenPlayer"":false,""birthYear"":2008,""rankMovement"":1,""rank"":371,""rankEqualFlag"":"""",""tournamentsPlayed"":34,""points"":220,""profileImage"":""/media/1490/itf-uk-profile-placeholder-male.jpg?anchor=center&mode=crop&width=54&height=72&rnd=132174204480000000"",""tournamentsPlayedSingles"":null,""tournamentsPlayedDoubles"":null,""pointsRankingSingles"":null,""pointsRankingDoubles"":null,""pointsRankingTotal"":null}"
800622304,Iaroslav Klishin,Iaroslav,Klishin,M,B,RUS,Russia,,2009,2027,,https://www.itftennis.com/en/players/iaroslav-klishin/800622304/rus/jt/s/,372,220,2026-06-02,2026-06-08,"{""playerId"":800622304,""playerFamilyName"":""Klishin"",""playerGivenName"":""Iaroslav"",""playerNationalityCode"":""RUS"",""playerNationality"":""Russia"",""profileLink"":""/en/players/iaroslav-klishin/800622304/rus/jt/s/"",""gender"":""M"",""hiddenPlayer"":false,""birthYear"":2009,""rankMovement"":-19,""rank"":372,""rankEqualFlag"":"""",""tournamentsPlayed"":22,""points"":220,""profileImage"":""/media/1490/itf-uk-profile-placeholder-male.jpg?anchor=center&mode=crop&width=54&height=72&rnd=132174204480000000"",""tournamentsPlayedSingles"":null,""tournamentsPlayedDoubles"":null,""pointsRankingSingles"":null,""pointsRankingDoubles"":null,""pointsRankingTotal"":null}"
800648404,Plamen Kolev,Plamen,Kolev,M,B,BUL,Bulgaria,,2010,2028,,https://www.itftennis.com/en/players/plamen-kolev/800648404/bul/jt/s/,373,219,2026-06-02,2026-06-08,"{""playerId"":800648404,""playerFamilyName"":""Kolev"",""playerGivenName"":""Plamen"",""playerNationalityCode"":""BUL"",""playerNationality"":""Bulgaria"",""profileLink"":""/en/players/plamen-kolev/800648404/bul/jt/s/"",""gender"":""M"",""hiddenPlayer"":false,""birthYear"":2010,""rankMovement"":0,""rank"":373,""rankEqualFlag"":"""",""tournamentsPlayed"":26,""points"":219,""profileImage"":""/media/1490/itf-uk-profile-placeholder-male.jpg?anchor=center&mode=crop&width=54&height=72&rnd=132174204480000000"",""tournamentsPlayedSingles"":null,""tournamentsPlayedDoubles"":null,""pointsRankingSingles"":null,""pointsRankingDoubles"":null,""pointsRankingTotal"":null}"
800713998,felipe gonzalez,felipe,gonzalez,M,B,ARG,Argentina,,2008,2026,,https://www.itftennis.com/en/players/felipe-gonzalez/800713998/arg/jt/s/,374,218.75,2026-06-02,2026-06-08,"{""playerId"":800713998,""playerFamilyName"":""gonzalez"",""playerGivenName"":""felipe"",""playerNationalityCode"":""ARG"",""playerNationality"":""Argentina"",""profileLink"":""/en/players/felipe-gonzalez/800713998/arg/jt/s/"",""gender"":""M"",""hiddenPlayer"":false,""birthYear"":2008,""rankMovement"":-20,""rank"":374,""rankEqualFlag"":"""",""tournamentsPlayed"":17,""points"":218.75,""profileImage"":""/media/1490/itf-uk-profile-placeholder-male.jpg?anchor=center&mode=crop&width=54&height=72&rnd=132174204480000000"",""tournamentsPlayedSingles"":null,""tournamentsPlayedDoubles"":null,""pointsRankingSingles"":null,""pointsRankingDoubles"":null,""pointsRankingTotal"":null}"
800623299,Akhmadjon Toshmukhamedov,Akhmadjon,Toshmukhamedov,M,B,UZB,Uzbekistan,,2008,2026,,https://www.itftennis.com/en/players/akhmadjon-toshmukhamedov/800623299/uzb/jt/s/,375,218,2026-06-02,2026-06-08,"{""playerId"":800623299,""playerFamilyName"":""Toshmukhamedov"",""playerGivenName"":""Akhmadjon"",""playerNationalityCode"":""UZB"",""playerNationality"":""Uzbekistan"",""profileLink"":""/en/players/akhmadjon-toshmukhamedov/800623299/uzb/jt/s/"",""gender"":""M"",""hiddenPlayer"":false,""birthYear"":2008,""rankMovement"":-1,""rank"":375,""rankEqualFlag"":"""",""tournamentsPlayed"":31,""points"":218,""profileImage"":""/media/1490/itf-uk-profile-placeholder-male.jpg?anchor=center&mode=crop&width=54&height=72&rnd=132174204480000000"",""tournamentsPlayedSingles"":null,""tournamentsPlayedDoubles"":null,""pointsRankingSingles"":null,""pointsRankingDoubles"":null,""pointsRankingTotal"":null}"
800694107,Cruz Hewitt,Cruz,Hewitt,M,B,AUS,Australia,,2008,2026,,https://www.itftennis.com/en/players/cruz-hewitt/800694107/aus/jt/s/,376,217.5,2026-06-02,2026-06-08,"{""playerId"":800694107,""playerFamilyName"":""Hewitt"",""playerGivenName"":""Cruz"",""playerNationalityCode"":""AUS"",""playerNationality"":""Australia"",""profileLink"":""/en/players/cruz-hewitt/800694107/aus/jt/s/"",""gender"":""M"",""hiddenPlayer"":false,""birthYear"":2008,""rankMovement"":-48,""rank"":376,""rankEqualFlag"":"""",""tournamentsPlayed"":6,""points"":217.5,""profileImage"":""/media/1490/itf-uk-profile-placeholder-male.jpg?anchor=center&mode=crop&width=54&height=72&rnd=132174204480000000"",""tournamentsPlayedSingles"":null,""tournamentsPlayedDoubles"":null,""pointsRankingSingles"":null,""pointsRankingDoubles"":null,""pointsRankingTotal"":null}"
800719604,Akhmadi Makhanov,Akhmadi,Makhanov,M,B,KAZ,Kazakhstan,,2011,2029,,https://www.itftennis.com/en/players/akhmadi-makhanov/800719604/kaz/jt/s/,377,217.5,2026-06-02,2026-06-08,"{""playerId"":800719604,""playerFamilyName"":""Makhanov"",""playerGivenName"":""Akhmadi"",""playerNationalityCode"":""KAZ"",""playerNationality"":""Kazakhstan"",""profileLink"":""/en/players/akhmadi-makhanov/800719604/kaz/jt/s/"",""gender"":""M"",""hiddenPlayer"":false,""birthYear"":2011,""rankMovement"":-2,""rank"":377,""rankEqualFlag"":"""",""tournamentsPlayed"":25,""points"":217.5,""profileImage"":""/media/1490/itf-uk-profile-placeholder-male.jpg?anchor=center&mode=crop&width=54&height=72&rnd=132174204480000000"",""tournamentsPlayedSingles"":null,""tournamentsPlayedDoubles"":null,""pointsRankingSingles"":null,""pointsRankingDoubles"":null,""pointsRankingTotal"":null}"
800688517,Loic Massotte,Loic,Massotte,M,B,CAN,Canada,,2008,2026,,https://www.itftennis.com/en/players/loic-massotte/800688517/can/jt/s/,378,217,2026-06-02,2026-06-08,"{""playerId"":800688517,""playerFamilyName"":""Massotte"",""playerGivenName"":""Loic"",""playerNationalityCode"":""CAN"",""playerNationality"":""Canada"",""profileLink"":""/en/players/loic-massotte/800688517/can/jt/s/"",""gender"":""M"",""hiddenPlayer"":false,""birthYear"":2008,""rankMovement"":-2,""rank"":378,""rankEqualFlag"":"""",""tournamentsPlayed"":40,""points"":217,""profileImage"":""/media/1490/itf-uk-profile-placeholder-male.jpg?anchor=center&mode=crop&width=54&height=72&rnd=132174204480000000"",""tournamentsPlayedSingles"":null,""tournamentsPlayedDoubles"":null,""pointsRankingSingles"":null,""pointsRankingDoubles"":null,""pointsRankingTotal"":null}"
800749167,Yiyuan Su,Yiyuan,Su,M,B,CHN,"China, P.R.",,2009,2027,,https://www.itftennis.com/en/players/yiyuan-su/800749167/chn/jt/s/,379,216.5,2026-06-02,2026-06-08,"{""playerId"":800749167,""playerFamilyName"":""Su"",""playerGivenName"":""Yiyuan"",""playerNationalityCode"":""CHN"",""playerNationality"":""China, P.R."",""profileLink"":""/en/players/yiyuan-su/800749167/chn/jt/s/"",""gender"":""M"",""hiddenPlayer"":false,""birthYear"":2009,""rankMovement"":-2,""rank"":379,""rankEqualFlag"":"""",""tournamentsPlayed"":27,""points"":216.5,""profileImage"":""/media/1490/itf-uk-profile-placeholder-male.jpg?anchor=center&mode=crop&width=54&height=72&rnd=132174204480000000"",""tournamentsPlayedSingles"":null,""tournamentsPlayedDoubles"":null,""pointsRankingSingles"":null,""pointsRankingDoubles"":null,""pointsRankingTotal"":null}"
800752669,Platon Tsarenko,Platon,Tsarenko,M,B,UKR,Ukraine,,2008,2026,,https://www.itftennis.com/en/players/platon-tsarenko/800752669/ukr/jt/s/,380,216.5,2026-06-02,2026-06-08,"{""playerId"":800752669,""playerFamilyName"":""Tsarenko"",""playerGivenName"":""Platon"",""playerNationalityCode"":""UKR"",""playerNationality"":""Ukraine"",""profileLink"":""/en/players/platon-tsarenko/800752669/ukr/jt/s/"",""gender"":""M"",""hiddenPlayer"":false,""birthYear"":2008,""rankMovement"":-2,""rank"":380,""rankEqualFlag"":"""",""tournamentsPlayed"":23,""points"":216.5,""profileImage"":""/media/1490/itf-uk-profile-placeholder-male.jpg?anchor=center&mode=crop&width=54&height=72&rnd=132174204480000000"",""tournamentsPlayedSingles"":null,""tournamentsPlayedDoubles"":null,""pointsRankingSingles"":null,""pointsRankingDoubles"":null,""pointsRankingTotal"":null}"
800670012,Leonardo Suarez,Leonardo,Suarez,M,B,BOL,Bolivia,,2008,2026,,https://www.itftennis.com/en/players/leonardo-suarez/800670012/bol/jt/s/,381,214.5,2026-06-02,2026-06-08,"{""playerId"":800670012,""playerFamilyName"":""Suarez"",""playerGivenName"":""Leonardo"",""playerNationalityCode"":""BOL"",""playerNationality"":""Bolivia"",""profileLink"":""/en/players/leonardo-suarez/800670012/bol/jt/s/"",""gender"":""M"",""hiddenPlayer"":false,""birthYear"":2008,""rankMovement"":-2,""rank"":381,""rankEqualFlag"":"""",""tournamentsPlayed"":35,""points"":214.5,""profileImage"":""/media/1490/itf-uk-profile-placeholder-male.jpg?anchor=center&mode=crop&width=54&height=72&rnd=132174204480000000"",""tournamentsPlayedSingles"":null,""tournamentsPlayedDoubles"":null,""pointsRankingSingles"":null,""pointsRankingDoubles"":null,""pointsRankingTotal"":null}"
800732400,VINCENT WEAVER,VINCENT,WEAVER,M,B,USA,USA,,2008,2026,,https://www.itftennis.com/en/players/vincent-weaver/800732400/usa/jt/s/,382,214.5,2026-06-02,2026-06-08,"{""playerId"":800732400,""playerFamilyName"":""WEAVER"",""playerGivenName"":""VINCENT"",""playerNationalityCode"":""USA"",""playerNationality"":""USA"",""profileLink"":""/en/players/vincent-weaver/800732400/usa/jt/s/"",""gender"":""M"",""hiddenPlayer"":false,""birthYear"":2008,""rankMovement"":-2,""rank"":382,""rankEqualFlag"":"""",""tournamentsPlayed"":26,""points"":214.5,""profileImage"":""/media/1490/itf-uk-profile-placeholder-male.jpg?anchor=center&mode=crop&width=54&height=72&rnd=132174204480000000"",""tournamentsPlayedSingles"":null,""tournamentsPlayedDoubles"":null,""pointsRankingSingles"":null,""pointsRankingDoubles"":null,""pointsRankingTotal"":null}"
800740257,Fu Wang Choi,Fu Wang,Choi,M,B,HKG,"Hong Kong, China",,2011,2029,,https://www.itftennis.com/en/players/fu-wang-choi/800740257/hkg/jt/s/,383,214.25,2026-06-02,2026-06-08,"{""playerId"":800740257,""playerFamilyName"":""Choi"",""playerGivenName"":""Fu Wang"",""playerNationalityCode"":""HKG"",""playerNationality"":""Hong Kong, China"",""profileLink"":""/en/players/fu-wang-choi/800740257/hkg/jt/s/"",""gender"":""M"",""hiddenPlayer"":false,""birthYear"":2011,""rankMovement"":-1,""rank"":383,""rankEqualFlag"":"""",""tournamentsPlayed"":21,""points"":214.25,""profileImage"":""/media/1490/itf-uk-profile-placeholder-male.jpg?anchor=center&mode=crop&width=54&height=72&rnd=132174204480000000"",""tournamentsPlayedSingles"":null,""tournamentsPlayedDoubles"":null,""pointsRankingSingles"":null,""pointsRankingDoubles"":null,""pointsRankingTotal"":null}"
800740436,Jerald Carroll,Jerald,Carroll,M,B,USA,USA,,2008,2026,,https://www.itftennis.com/en/players/jerald-carroll/800740436/usa/jt/s/,384,213.5,2026-06-02,2026-06-08,"{""playerId"":800740436,""playerFamilyName"":""Carroll"",""playerGivenName"":""Jerald"",""playerNationalityCode"":""USA"",""playerNationality"":""USA"",""profileLink"":""/en/players/jerald-carroll/800740436/usa/jt/s/"",""gender"":""M"",""hiddenPlayer"":false,""birthYear"":2008,""rankMovement"":-1,""rank"":384,""rankEqualFlag"":"""",""tournamentsPlayed"":12,""points"":213.5,""profileImage"":""/media/1490/itf-uk-profile-placeholder-male.jpg?anchor=center&mode=crop&width=54&height=72&rnd=132174204480000000"",""tournamentsPlayedSingles"":null,""tournamentsPlayedDoubles"":null,""pointsRankingSingles"":null,""pointsRankingDoubles"":null,""pointsRankingTotal"":null}"
800742444,Victor Pignaton,Victor,Pignaton,M,B,BRA,Brazil,,2010,2028,,https://www.itftennis.com/en/players/victor-pignaton/800742444/bra/jt/s/,385,212.5,2026-06-02,2026-06-08,"{""playerId"":800742444,""playerFamilyName"":""Pignaton"",""playerGivenName"":""Victor"",""playerNationalityCode"":""BRA"",""playerNationality"":""Brazil"",""profileLink"":""/en/players/victor-pignaton/800742444/bra/jt/s/"",""gender"":""M"",""hiddenPlayer"":false,""birthYear"":2010,""rankMovement"":-4,""rank"":385,""rankEqualFlag"":"""",""tournamentsPlayed"":27,""points"":212.5,""profileImage"":""/media/1490/itf-uk-profile-placeholder-male.jpg?anchor=center&mode=crop&width=54&height=72&rnd=132174204480000000"",""tournamentsPlayedSingles"":null,""tournamentsPlayedDoubles"":null,""pointsRankingSingles"":null,""pointsRankingDoubles"":null,""pointsRankingTotal"":null}"
800707748,Dan Milburn,Dan,Milburn,M,B,NZL,New Zealand,,2008,2026,,https://www.itftennis.com/en/players/dan-milburn/800707748/nzl/jt/s/,386,211.75,2026-06-02,2026-06-08,"{""playerId"":800707748,""playerFamilyName"":""Milburn"",""playerGivenName"":""Dan"",""playerNationalityCode"":""NZL"",""playerNationality"":""New Zealand"",""profileLink"":""/en/players/dan-milburn/800707748/nzl/jt/s/"",""gender"":""M"",""hiddenPlayer"":false,""birthYear"":2008,""rankMovement"":0,""rank"":386,""rankEqualFlag"":"""",""tournamentsPlayed"":26,""points"":211.75,""profileImage"":""/media/1490/itf-uk-profile-placeholder-male.jpg?anchor=center&mode=crop&width=54&height=72&rnd=132174204480000000"",""tournamentsPlayedSingles"":null,""tournamentsPlayedDoubles"":null,""pointsRankingSingles"":null,""pointsRankingDoubles"":null,""pointsRankingTotal"":null}"
800672512,Samuel Pelletier,Samuel,Pelletier,M,B,CAN,Canada,,2009,2027,,https://www.itftennis.com/en/players/samuel-pelletier/800672512/can/jt/s/,387,210.5,2026-06-02,2026-06-08,"{""playerId"":800672512,""playerFamilyName"":""Pelletier"",""playerGivenName"":""Samuel"",""playerNationalityCode"":""CAN"",""playerNationality"":""Canada"",""profileLink"":""/en/players/samuel-pelletier/800672512/can/jt/s/"",""gender"":""M"",""hiddenPlayer"":false,""birthYear"":2009,""rankMovement"":1,""rank"":387,""rankEqualFlag"":"""",""tournamentsPlayed"":30,""points"":210.5,""profileImage"":""/media/1490/itf-uk-profile-placeholder-male.jpg?anchor=center&mode=crop&width=54&height=72&rnd=132174204480000000"",""tournamentsPlayedSingles"":null,""tournamentsPlayedDoubles"":null,""pointsRankingSingles"":null,""pointsRankingDoubles"":null,""pointsRankingTotal"":null}"
800661962,Rafael Gama,Rafael,Gama,M,B,BRA,Brazil,,2009,2027,,https://www.itftennis.com/en/players/rafael-gama/800661962/bra/jt/s/,388,210,2026-06-02,2026-06-08,"{""playerId"":800661962,""playerFamilyName"":""Gama"",""playerGivenName"":""Rafael"",""playerNationalityCode"":""BRA"",""playerNationality"":""Brazil"",""profileLink"":""/en/players/rafael-gama/800661962/bra/jt/s/"",""gender"":""M"",""hiddenPlayer"":false,""birthYear"":2009,""rankMovement"":1,""rank"":388,""rankEqualFlag"":"""",""tournamentsPlayed"":20,""points"":210,""profileImage"":""/media/1490/itf-uk-profile-placeholder-male.jpg?anchor=center&mode=crop&width=54&height=72&rnd=132174204480000000"",""tournamentsPlayedSingles"":null,""tournamentsPlayedDoubles"":null,""pointsRankingSingles"":null,""pointsRankingDoubles"":null,""pointsRankingTotal"":null}"
800667513,Jaume Casas Blasi,Jaume,Casas Blasi,M,B,ESP,Spain,,2008,2026,,https://www.itftennis.com/en/players/jaume-casas-blasi/800667513/esp/jt/s/,389,208.5,2026-06-02,2026-06-08,"{""playerId"":800667513,""playerFamilyName"":""Casas Blasi"",""playerGivenName"":""Jaume"",""playerNationalityCode"":""ESP"",""playerNationality"":""Spain"",""profileLink"":""/en/players/jaume-casas-blasi/800667513/esp/jt/s/"",""gender"":""M"",""hiddenPlayer"":false,""birthYear"":2008,""rankMovement"":2,""rank"":389,""rankEqualFlag"":"""",""tournamentsPlayed"":36,""points"":208.5,""profileImage"":""/media/1490/itf-uk-profile-placeholder-male.jpg?anchor=center&mode=crop&width=54&height=72&rnd=132174204480000000"",""tournamentsPlayedSingles"":null,""tournamentsPlayedDoubles"":null,""pointsRankingSingles"":null,""pointsRankingDoubles"":null,""pointsRankingTotal"":null}"
800627084,Jules Rimbaud,Jules,Rimbaud,M,B,FRA,France,,2009,2027,,https://www.itftennis.com/en/players/jules-rimbaud/800627084/fra/jt/s/,390,207,2026-06-02,2026-06-08,"{""playerId"":800627084,""playerFamilyName"":""Rimbaud"",""playerGivenName"":""Jules"",""playerNationalityCode"":""FRA"",""playerNationality"":""France"",""profileLink"":""/en/players/jules-rimbaud/800627084/fra/jt/s/"",""gender"":""M"",""hiddenPlayer"":false,""birthYear"":2009,""rankMovement"":3,""rank"":390,""rankEqualFlag"":"""",""tournamentsPlayed"":38,""points"":207,""profileImage"":""/media/1490/itf-uk-profile-placeholder-male.jpg?anchor=center&mode=crop&width=54&height=72&rnd=132174204480000000"",""tournamentsPlayedSingles"":null,""tournamentsPlayedDoubles"":null,""pointsRankingSingles"":null,""pointsRankingDoubles"":null,""pointsRankingTotal"":null}"
800722085,TZU-YUAN TSENG,TZU-YUAN,TSENG,M,B,TPE,Chinese Taipei,,2008,2026,,https://www.itftennis.com/en/players/tzu-yuan-tseng/800722085/tpe/jt/s/,391,206.75,2026-06-02,2026-06-08,"{""playerId"":800722085,""playerFamilyName"":""TSENG"",""playerGivenName"":""TZU-YUAN"",""playerNationalityCode"":""TPE"",""playerNationality"":""Chinese Taipei"",""profileLink"":""/en/players/tzu-yuan-tseng/800722085/tpe/jt/s/"",""gender"":""M"",""hiddenPlayer"":false,""birthYear"":2008,""rankMovement"":-1,""rank"":391,""rankEqualFlag"":"""",""tournamentsPlayed"":32,""points"":206.75,""profileImage"":""/media/1490/itf-uk-profile-placeholder-male.jpg?anchor=center&mode=crop&width=54&height=72&rnd=132174204480000000"",""tournamentsPlayedSingles"":null,""tournamentsPlayedDoubles"":null,""pointsRankingSingles"":null,""pointsRankingDoubles"":null,""pointsRankingTotal"":null}"
800680306,Heaton Pann,Heaton,Pann,M,B,AUS,Australia,,2010,2028,,https://www.itftennis.com/en/players/heaton-pann/800680306/aus/jt/s/,392,206.5,2026-06-02,2026-06-08,"{""playerId"":800680306,""playerFamilyName"":""Pann"",""playerGivenName"":""Heaton"",""playerNationalityCode"":""AUS"",""playerNationality"":""Australia"",""profileLink"":""/en/players/heaton-pann/800680306/aus/jt/s/"",""gender"":""M"",""hiddenPlayer"":false,""birthYear"":2010,""rankMovement"":2,""rank"":392,""rankEqualFlag"":"""",""tournamentsPlayed"":27,""points"":206.5,""profileImage"":""/media/1490/itf-uk-profile-placeholder-male.jpg?anchor=center&mode=crop&width=54&height=72&rnd=132174204480000000"",""tournamentsPlayedSingles"":null,""tournamentsPlayedDoubles"":null,""pointsRankingSingles"":null,""pointsRankingDoubles"":null,""pointsRankingTotal"":null}"
800667575,Alexandr Tiutchenko,Alexandr,Tiutchenko,M,B,UKR,Ukraine,,2010,2028,,https://www.itftennis.com/en/players/alexandr-tiutchenko/800667575/ukr/jt/s/,393,206,2026-06-02,2026-06-08,"{""playerId"":800667575,""playerFamilyName"":""Tiutchenko"",""playerGivenName"":""Alexandr"",""playerNationalityCode"":""UKR"",""playerNationality"":""Ukraine"",""profileLink"":""/en/players/alexandr-tiutchenko/800667575/ukr/jt/s/"",""gender"":""M"",""hiddenPlayer"":false,""birthYear"":2010,""rankMovement"":3,""rank"":393,""rankEqualFlag"":"""",""tournamentsPlayed"":33,""points"":206,""profileImage"":""/media/1490/itf-uk-profile-placeholder-male.jpg?anchor=center&mode=crop&width=54&height=72&rnd=132174204480000000"",""tournamentsPlayedSingles"":null,""tournamentsPlayedDoubles"":null,""pointsRankingSingles"":null,""pointsRankingDoubles"":null,""pointsRankingTotal"":null}"
800661090,Toni Escarda Pineiro,Toni,Escarda Pineiro,M,B,ESP,Spain,,2010,2028,,https://www.itftennis.com/en/players/toni-escarda-pineiro/800661090/esp/jt/s/,394,205.5,2026-06-02,2026-06-08,"{""playerId"":800661090,""playerFamilyName"":""Escarda Pineiro"",""playerGivenName"":""Toni"",""playerNationalityCode"":""ESP"",""playerNationality"":""Spain"",""profileLink"":""/en/players/toni-escarda-pineiro/800661090/esp/jt/s/"",""gender"":""M"",""hiddenPlayer"":false,""birthYear"":2010,""rankMovement"":3,""rank"":394,""rankEqualFlag"":"""",""tournamentsPlayed"":24,""points"":205.5,""profileImage"":""/media/1490/itf-uk-profile-placeholder-male.jpg?anchor=center&mode=crop&width=54&height=72&rnd=132174204480000000"",""tournamentsPlayedSingles"":null,""tournamentsPlayedDoubles"":null,""pointsRankingSingles"":null,""pointsRankingDoubles"":null,""pointsRankingTotal"":null}"
800680775,Roger Koike,Roger,Koike,M,B,JPN,Japan,,2008,2026,,https://www.itftennis.com/en/players/roger-koike/800680775/jpn/jt/s/,395,204,2026-06-02,2026-06-08,"{""playerId"":800680775,""playerFamilyName"":""Koike"",""playerGivenName"":""Roger"",""playerNationalityCode"":""JPN"",""playerNationality"":""Japan"",""profileLink"":""/en/players/roger-koike/800680775/jpn/jt/s/"",""gender"":""M"",""hiddenPlayer"":false,""birthYear"":2008,""rankMovement"":-32,""rank"":395,""rankEqualFlag"":"""",""tournamentsPlayed"":36,""points"":204,""profileImage"":""/media/1490/itf-uk-profile-placeholder-male.jpg?anchor=center&mode=crop&width=54&height=72&rnd=132174204480000000"",""tournamentsPlayedSingles"":null,""tournamentsPlayedDoubles"":null,""pointsRankingSingles"":null,""pointsRankingDoubles"":null,""pointsRankingTotal"":null}"
800647666,Tymur Chukanov,Tymur,Chukanov,M,B,UKR,Ukraine,,2009,2027,,https://www.itftennis.com/en/players/tymur-chukanov/800647666/ukr/jt/s/,396,204,2026-06-02,2026-06-08,"{""playerId"":800647666,""playerFamilyName"":""Chukanov"",""playerGivenName"":""Tymur"",""playerNationalityCode"":""UKR"",""playerNationality"":""Ukraine"",""profileLink"":""/en/players/tymur-chukanov/800647666/ukr/jt/s/"",""gender"":""M"",""hiddenPlayer"":false,""birthYear"":2009,""rankMovement"":3,""rank"":396,""rankEqualFlag"":"""",""tournamentsPlayed"":32,""points"":204,""profileImage"":""/media/1490/itf-uk-profile-placeholder-male.jpg?anchor=center&mode=crop&width=54&height=72&rnd=132174204480000000"",""tournamentsPlayedSingles"":null,""tournamentsPlayedDoubles"":null,""pointsRankingSingles"":null,""pointsRankingDoubles"":null,""pointsRankingTotal"":null}"
800599350,Juchan Hwang,Juchan,Hwang,M,B,KOR,"Korea, Rep.",,2008,2026,,https://www.itftennis.com/en/players/juchan-hwang/800599350/kor/jt/s/,397,202.75,2026-06-02,2026-06-08,"{""playerId"":800599350,""playerFamilyName"":""Hwang"",""playerGivenName"":""Juchan"",""playerNationalityCode"":""KOR"",""playerNationality"":""Korea, Rep."",""profileLink"":""/en/players/juchan-hwang/800599350/kor/jt/s/"",""gender"":""M"",""hiddenPlayer"":false,""birthYear"":2008,""rankMovement"":7,""rank"":397,""rankEqualFlag"":"""",""tournamentsPlayed"":13,""points"":202.75,""profileImage"":""/media/1490/itf-uk-profile-placeholder-male.jpg?anchor=center&mode=crop&width=54&height=72&rnd=132174204480000000"",""tournamentsPlayedSingles"":null,""tournamentsPlayedDoubles"":null,""pointsRankingSingles"":null,""pointsRankingDoubles"":null,""pointsRankingTotal"":null}"
800598778,Archie Gray,Archie,Gray,M,B,GBR,Great Britain,,2008,2026,,https://www.itftennis.com/en/players/archie-gray/800598778/gbr/jt/s/,398,202.25,2026-06-02,2026-06-08,"{""playerId"":800598778,""playerFamilyName"":""Gray"",""playerGivenName"":""Archie"",""playerNationalityCode"":""GBR"",""playerNationality"":""Great Britain"",""profileLink"":""/en/players/archie-gray/800598778/gbr/jt/s/"",""gender"":""M"",""hiddenPlayer"":false,""birthYear"":2008,""rankMovement"":2,""rank"":398,""rankEqualFlag"":"""",""tournamentsPlayed"":25,""points"":202.25,""profileImage"":""/media/1490/itf-uk-profile-placeholder-male.jpg?anchor=center&mode=crop&width=54&height=72&rnd=132174204480000000"",""tournamentsPlayedSingles"":null,""tournamentsPlayedDoubles"":null,""pointsRankingSingles"":null,""pointsRankingDoubles"":null,""pointsRankingTotal"":null}"
800695229,Lucas Castan Moscatto,Lucas,Castan Moscatto,M,B,BRA,Brazil,,2009,2027,,https://www.itftennis.com/en/players/lucas-castan-moscatto/800695229/bra/jt/s/,399,201.75,2026-06-02,2026-06-08,"{""playerId"":800695229,""playerFamilyName"":""Castan Moscatto"",""playerGivenName"":""Lucas"",""playerNationalityCode"":""BRA"",""playerNationality"":""Brazil"",""profileLink"":""/en/players/lucas-castan-moscatto/800695229/bra/jt/s/"",""gender"":""M"",""hiddenPlayer"":false,""birthYear"":2009,""rankMovement"":2,""rank"":399,""rankEqualFlag"":"""",""tournamentsPlayed"":42,""points"":201.75,""profileImage"":""/media/1490/itf-uk-profile-placeholder-male.jpg?anchor=center&mode=crop&width=54&height=72&rnd=132174204480000000"",""tournamentsPlayedSingles"":null,""tournamentsPlayedDoubles"":null,""pointsRankingSingles"":null,""pointsRankingDoubles"":null,""pointsRankingTotal"":null}"
800597371,Aleksandar Tolev,Aleksandar,Tolev,M,B,BUL,Bulgaria,,2009,2027,,https://www.itftennis.com/en/players/aleksandar-tolev/800597371/bul/jt/s/,400,200,2026-06-02,2026-06-08,"{""playerId"":800597371,""playerFamilyName"":""Tolev"",""playerGivenName"":""Aleksandar"",""playerNationalityCode"":""BUL"",""playerNationality"":""Bulgaria"",""profileLink"":""/en/players/aleksandar-tolev/800597371/bul/jt/s/"",""gender"":""M"",""hiddenPlayer"":false,""birthYear"":2009,""rankMovement"":3,""rank"":400,""rankEqualFlag"":"""",""tournamentsPlayed"":22,""points"":200,""profileImage"":""/media/1490/itf-uk-profile-placeholder-male.jpg?anchor=center&mode=crop&width=54&height=72&rnd=132174204480000000"",""tournamentsPlayedSingles"":null,""tournamentsPlayedDoubles"":null,""pointsRankingSingles"":null,""pointsRankingDoubles"":null,""pointsRankingTotal"":null}"
800625534,Clement Hemery,Clement,Hemery,M,B,FRA,France,,2009,2027,,https://www.itftennis.com/en/players/clement-hemery/800625534/fra/jt/s/,401,198.75,2026-06-02,2026-06-08,"{""playerId"":800625534,""playerFamilyName"":""Hemery"",""playerGivenName"":""Clement"",""playerNationalityCode"":""FRA"",""playerNationality"":""France"",""profileLink"":""/en/players/clement-hemery/800625534/fra/jt/s/"",""gender"":""M"",""hiddenPlayer"":false,""birthYear"":2009,""rankMovement"":-30,""rank"":401,""rankEqualFlag"":"""",""tournamentsPlayed"":31,""points"":198.75,""profileImage"":""/media/1490/itf-uk-profile-placeholder-male.jpg?anchor=center&mode=crop&width=54&height=72&rnd=132174204480000000"",""tournamentsPlayedSingles"":null,""tournamentsPlayedDoubles"":null,""pointsRankingSingles"":null,""pointsRankingDoubles"":null,""pointsRankingTotal"":null}"
800632385,Paul Hjorteland,Paul,Hjorteland,M,B,NOR,Norway,,2009,2027,,https://www.itftennis.com/en/players/paul-hjorteland/800632385/nor/jt/s/,402,198.75,2026-06-02,2026-06-08,"{""playerId"":800632385,""playerFamilyName"":""Hjorteland"",""playerGivenName"":""Paul"",""playerNationalityCode"":""NOR"",""playerNationality"":""Norway"",""profileLink"":""/en/players/paul-hjorteland/800632385/nor/jt/s/"",""gender"":""M"",""hiddenPlayer"":false,""birthYear"":2009,""rankMovement"":4,""rank"":402,""rankEqualFlag"":"""",""tournamentsPlayed"":28,""points"":198.75,""profileImage"":""/media/1490/itf-uk-profile-placeholder-male.jpg?anchor=center&mode=crop&width=54&height=72&rnd=132174204480000000"",""tournamentsPlayedSingles"":null,""tournamentsPlayedDoubles"":null,""pointsRankingSingles"":null,""pointsRankingDoubles"":null,""pointsRankingTotal"":null}"
800743167,Jaime Gomez Lopez,Jaime,Gomez Lopez,M,B,MEX,Mexico,,2010,2028,,https://www.itftennis.com/en/players/jaime-gomez-lopez/800743167/mex/jt/s/,403,198.75,2026-06-02,2026-06-08,"{""playerId"":800743167,""playerFamilyName"":""Gomez Lopez"",""playerGivenName"":""Jaime"",""playerNationalityCode"":""MEX"",""playerNationality"":""Mexico"",""profileLink"":""/en/players/jaime-gomez-lopez/800743167/mex/jt/s/"",""gender"":""M"",""hiddenPlayer"":false,""birthYear"":2010,""rankMovement"":4,""rank"":403,""rankEqualFlag"":"""",""tournamentsPlayed"":30,""points"":198.75,""profileImage"":""/media/1490/itf-uk-profile-placeholder-male.jpg?anchor=center&mode=crop&width=54&height=72&rnd=132174204480000000"",""tournamentsPlayedSingles"":null,""tournamentsPlayedDoubles"":null,""pointsRankingSingles"":null,""pointsRankingDoubles"":null,""pointsRankingTotal"":null}"
800738302,Oluhle Senti,Oluhle,Senti,M,B,RSA,South Africa,,2008,2026,,https://www.itftennis.com/en/players/oluhle-senti/800738302/rsa/jt/s/,404,197.5,2026-06-02,2026-06-08,"{""playerId"":800738302,""playerFamilyName"":""Senti"",""playerGivenName"":""Oluhle"",""playerNationalityCode"":""RSA"",""playerNationality"":""South Africa"",""profileLink"":""/en/players/oluhle-senti/800738302/rsa/jt/s/"",""gender"":""M"",""hiddenPlayer"":false,""birthYear"":2008,""rankMovement"":14,""rank"":404,""rankEqualFlag"":"""",""tournamentsPlayed"":34,""points"":197.5,""profileImage"":""/media/1490/itf-uk-profile-placeholder-male.jpg?anchor=center&mode=crop&width=54&height=72&rnd=132174204480000000"",""tournamentsPlayedSingles"":null,""tournamentsPlayedDoubles"":null,""pointsRankingSingles"":null,""pointsRankingDoubles"":null,""pointsRankingTotal"":null}"
800695748,Ander Gomez Salas Villegas,Ander,Gomez Salas Villegas,M,B,MEX,Mexico,,2009,2027,,https://www.itftennis.com/en/players/ander-gomez-salas-villegas/800695748/mex/jt/s/,405,197.5,2026-06-02,2026-06-08,"{""playerId"":800695748,""playerFamilyName"":""Gomez Salas Villegas"",""playerGivenName"":""Ander"",""playerNationalityCode"":""MEX"",""playerNationality"":""Mexico"",""profileLink"":""/en/players/ander-gomez-salas-villegas/800695748/mex/jt/s/"",""gender"":""M"",""hiddenPlayer"":false,""birthYear"":2009,""rankMovement"":3,""rank"":405,""rankEqualFlag"":"""",""tournamentsPlayed"":32,""points"":197.5,""profileImage"":""/media/1490/itf-uk-profile-placeholder-male.jpg?anchor=center&mode=crop&width=54&height=72&rnd=132174204480000000"",""tournamentsPlayedSingles"":null,""tournamentsPlayedDoubles"":null,""pointsRankingSingles"":null,""pointsRankingDoubles"":null,""pointsRankingTotal"":null}"
800653617,Joao Cunha Cunha,Joao Cunha,Cunha,M,B,BRA,Brazil,,2008,2026,,https://www.itftennis.com/en/players/joao-cunha-cunha/800653617/bra/jt/s/,406,196.75,2026-06-02,2026-06-08,"{""playerId"":800653617,""playerFamilyName"":""Cunha"",""playerGivenName"":""Joao Cunha"",""playerNationalityCode"":""BRA"",""playerNationality"":""Brazil"",""profileLink"":""/en/players/joao-cunha-cunha/800653617/bra/jt/s/"",""gender"":""M"",""hiddenPlayer"":false,""birthYear"":2008,""rankMovement"":3,""rank"":406,""rankEqualFlag"":"""",""tournamentsPlayed"":28,""points"":196.75,""profileImage"":""/media/1490/itf-uk-profile-placeholder-male.jpg?anchor=center&mode=crop&width=54&height=72&rnd=132174204480000000"",""tournamentsPlayedSingles"":null,""tournamentsPlayedDoubles"":null,""pointsRankingSingles"":null,""pointsRankingDoubles"":null,""pointsRankingTotal"":null}"
800621787,Kristian Vukovic,Kristian,Vukovic,M,B,FRA,France,,2009,2027,,https://www.itftennis.com/en/players/kristian-vukovic/800621787/fra/jt/s/,407,196.75,2026-06-02,2026-06-08,"{""playerId"":800621787,""playerFamilyName"":""Vukovic"",""playerGivenName"":""Kristian"",""playerNationalityCode"":""FRA"",""playerNationality"":""France"",""profileLink"":""/en/players/kristian-vukovic/800621787/fra/jt/s/"",""gender"":""M"",""hiddenPlayer"":false,""birthYear"":2009,""rankMovement"":3,""rank"":407,""rankEqualFlag"":"""",""tournamentsPlayed"":26,""points"":196.75,""profileImage"":""/media/1490/itf-uk-profile-placeholder-male.jpg?anchor=center&mode=crop&width=54&height=72&rnd=132174204480000000"",""tournamentsPlayedSingles"":null,""tournamentsPlayedDoubles"":null,""pointsRankingSingles"":null,""pointsRankingDoubles"":null,""pointsRankingTotal"":null}"
800670278,Nicolas Moravec,Nicolas,Moravec,M,B,CZE,Czechia,,2009,2027,,https://www.itftennis.com/en/players/nicolas-moravec/800670278/cze/jt/s/,408,196.5,2026-06-02,2026-06-08,"{""playerId"":800670278,""playerFamilyName"":""Moravec"",""playerGivenName"":""Nicolas"",""playerNationalityCode"":""CZE"",""playerNationality"":""Czechia"",""profileLink"":""/en/players/nicolas-moravec/800670278/cze/jt/s/"",""gender"":""M"",""hiddenPlayer"":false,""birthYear"":2009,""rankMovement"":3,""rank"":408,""rankEqualFlag"":"""",""tournamentsPlayed"":29,""points"":196.5,""profileImage"":""/media/1490/itf-uk-profile-placeholder-male.jpg?anchor=center&mode=crop&width=54&height=72&rnd=132174204480000000"",""tournamentsPlayedSingles"":null,""tournamentsPlayedDoubles"":null,""pointsRankingSingles"":null,""pointsRankingDoubles"":null,""pointsRankingTotal"":null}"
800739119,Zichen Shao,Zichen,Shao,M,B,CHN,"China, P.R.",,2008,2026,,https://www.itftennis.com/en/players/zichen-shao/800739119/chn/jt/s/,409,195.5,2026-06-02,2026-06-08,"{""playerId"":800739119,""playerFamilyName"":""Shao"",""playerGivenName"":""Zichen"",""playerNationalityCode"":""CHN"",""playerNationality"":""China, P.R."",""profileLink"":""/en/players/zichen-shao/800739119/chn/jt/s/"",""gender"":""M"",""hiddenPlayer"":false,""birthYear"":2008,""rankMovement"":-22,""rank"":409,""rankEqualFlag"":"""",""tournamentsPlayed"":25,""points"":195.5,""profileImage"":""/media/1490/itf-uk-profile-placeholder-male.jpg?anchor=center&mode=crop&width=54&height=72&rnd=132174204480000000"",""tournamentsPlayedSingles"":null,""tournamentsPlayedDoubles"":null,""pointsRankingSingles"":null,""pointsRankingDoubles"":null,""pointsRankingTotal"":null}"
800695975,Sava Grozdev,Sava,Grozdev,M,B,BEL,Belgium,,2010,2028,,https://www.itftennis.com/en/players/sava-grozdev/800695975/bel/jt/s/,410,194.5,2026-06-02,2026-06-08,"{""playerId"":800695975,""playerFamilyName"":""Grozdev"",""playerGivenName"":""Sava"",""playerNationalityCode"":""BEL"",""playerNationality"":""Belgium"",""profileLink"":""/en/players/sava-grozdev/800695975/bel/jt/s/"",""gender"":""M"",""hiddenPlayer"":false,""birthYear"":2010,""rankMovement"":2,""rank"":410,""rankEqualFlag"":"""",""tournamentsPlayed"":34,""points"":194.5,""profileImage"":""/media/1490/itf-uk-profile-placeholder-male.jpg?anchor=center&mode=crop&width=54&height=72&rnd=132174204480000000"",""tournamentsPlayedSingles"":null,""tournamentsPlayedDoubles"":null,""pointsRankingSingles"":null,""pointsRankingDoubles"":null,""pointsRankingTotal"":null}"
800644124,kuzey kerem bayrak,kuzey kerem,bayrak,M,B,TUR,Turkiye,,2010,2028,,https://www.itftennis.com/en/players/kuzey-kerem-bayrak/800644124/tur/jt/s/,411,194.25,2026-06-08,2026-06-08,"{""playerId"":800644124,""playerFamilyName"":""bayrak"",""playerGivenName"":""kuzey kerem"",""playerNationalityCode"":""TUR"",""playerNationality"":""Turkiye"",""profileLink"":""/en/players/kuzey-kerem-bayrak/800644124/tur/jt/s/"",""gender"":""M"",""hiddenPlayer"":false,""birthYear"":2010,""rankMovement"":148,""rank"":411,""rankEqualFlag"":"""",""tournamentsPlayed"":12,""points"":194.25,""profileImage"":""/media/1490/itf-uk-profile-placeholder-male.jpg?anchor=center&mode=crop&width=54&height=72&rnd=132174204480000000"",""tournamentsPlayedSingles"":null,""tournamentsPlayedDoubles"":null,""pointsRankingSingles"":null,""pointsRankingDoubles"":null,""pointsRankingTotal"":null}"
800631032,Dennis Ciprian Spircu,Dennis Ciprian,Spircu,M,B,ROU,Romania,,2009,2027,,https://www.itftennis.com/en/players/dennis-ciprian-spircu/800631032/rou/jt/s/,412,193.75,2026-06-02,2026-06-08,"{""playerId"":800631032,""playerFamilyName"":""Spircu"",""playerGivenName"":""Dennis Ciprian"",""playerNationalityCode"":""ROU"",""playerNationality"":""Romania"",""profileLink"":""/en/players/dennis-ciprian-spircu/800631032/rou/jt/s/"",""gender"":""M"",""hiddenPlayer"":false,""birthYear"":2009,""rankMovement"":1,""rank"":412,""rankEqualFlag"":"""",""tournamentsPlayed"":16,""points"":193.75,""profileImage"":""/media/1490/itf-uk-profile-placeholder-male.jpg?anchor=center&mode=crop&width=54&height=72&rnd=132174204480000000"",""tournamentsPlayedSingles"":null,""tournamentsPlayedDoubles"":null,""pointsRankingSingles"":null,""pointsRankingDoubles"":null,""pointsRankingTotal"":null}"
800742090,Mingwei Qiu,Mingwei,Qiu,M,B,CHN,"China, P.R.",,2009,2027,,https://www.itftennis.com/en/players/mingwei-qiu/800742090/chn/jt/s/,413,192.5,2026-06-02,2026-06-08,"{""playerId"":800742090,""playerFamilyName"":""Qiu"",""playerGivenName"":""Mingwei"",""playerNationalityCode"":""CHN"",""playerNationality"":""China, P.R."",""profileLink"":""/en/players/mingwei-qiu/800742090/chn/jt/s/"",""gender"":""M"",""hiddenPlayer"":false,""birthYear"":2009,""rankMovement"":7,""rank"":413,""rankEqualFlag"":"""",""tournamentsPlayed"":41,""points"":192.5,""profileImage"":""/media/1490/itf-uk-profile-placeholder-male.jpg?anchor=center&mode=crop&width=54&height=72&rnd=132174204480000000"",""tournamentsPlayedSingles"":null,""tournamentsPlayedDoubles"":null,""pointsRankingSingles"":null,""pointsRankingDoubles"":null,""pointsRankingTotal"":null}"
800771874,Maximus Muller,Maximus,Muller,M,B,SWE,Sweden,,2008,2026,,https://www.itftennis.com/en/players/maximus-muller/800771874/swe/jt/s/,414,191.5,2026-06-02,2026-06-08,"{""playerId"":800771874,""playerFamilyName"":""Muller"",""playerGivenName"":""Maximus"",""playerNationalityCode"":""SWE"",""playerNationality"":""Sweden"",""profileLink"":""/en/players/maximus-muller/800771874/swe/jt/s/"",""gender"":""M"",""hiddenPlayer"":false,""birthYear"":2008,""rankMovement"":0,""rank"":414,""rankEqualFlag"":"""",""tournamentsPlayed"":32,""points"":191.5,""profileImage"":""/media/1490/itf-uk-profile-placeholder-male.jpg?anchor=center&mode=crop&width=54&height=72&rnd=132174204480000000"",""tournamentsPlayedSingles"":null,""tournamentsPlayedDoubles"":null,""pointsRankingSingles"":null,""pointsRankingDoubles"":null,""pointsRankingTotal"":null}"
800708119,Sean Grosman,Sean,Grosman,M,B,USA,USA,,2008,2026,,https://www.itftennis.com/en/players/sean-grosman/800708119/usa/jt/s/,415,191.25,2026-06-02,2026-06-08,"{""playerId"":800708119,""playerFamilyName"":""Grosman"",""playerGivenName"":""Sean"",""playerNationalityCode"":""USA"",""playerNationality"":""USA"",""profileLink"":""/en/players/sean-grosman/800708119/usa/jt/s/"",""gender"":""M"",""hiddenPlayer"":false,""birthYear"":2008,""rankMovement"":-93,""rank"":415,""rankEqualFlag"":"""",""tournamentsPlayed"":23,""points"":191.25,""profileImage"":""/media/1490/itf-uk-profile-placeholder-male.jpg?anchor=center&mode=crop&width=54&height=72&rnd=132174204480000000"",""tournamentsPlayedSingles"":null,""tournamentsPlayedDoubles"":null,""pointsRankingSingles"":null,""pointsRankingDoubles"":null,""pointsRankingTotal"":null}"
800670196,Aatu Niemelae,Aatu,Niemelae,M,B,FIN,Finland,,2010,2028,,https://www.itftennis.com/en/players/aatu-niemelae/800670196/fin/jt/s/,416,190.75,2026-06-02,2026-06-08,"{""playerId"":800670196,""playerFamilyName"":""Niemelae"",""playerGivenName"":""Aatu"",""playerNationalityCode"":""FIN"",""playerNationality"":""Finland"",""profileLink"":""/en/players/aatu-niemelae/800670196/fin/jt/s/"",""gender"":""M"",""hiddenPlayer"":false,""birthYear"":2010,""rankMovement"":-1,""rank"":416,""rankEqualFlag"":"""",""tournamentsPlayed"":25,""points"":190.75,""profileImage"":""/media/1490/itf-uk-profile-placeholder-male.jpg?anchor=center&mode=crop&width=54&height=72&rnd=132174204480000000"",""tournamentsPlayedSingles"":null,""tournamentsPlayedDoubles"":null,""pointsRankingSingles"":null,""pointsRankingDoubles"":null,""pointsRankingTotal"":null}"
800644919,Volodymyr Revenko,Volodymyr,Revenko,M,B,UKR,Ukraine,,2009,2027,,https://www.itftennis.com/en/players/volodymyr-revenko/800644919/ukr/jt/s/,417,190.5,2026-06-02,2026-06-08,"{""playerId"":800644919,""playerFamilyName"":""Revenko"",""playerGivenName"":""Volodymyr"",""playerNationalityCode"":""UKR"",""playerNationality"":""Ukraine"",""profileLink"":""/en/players/volodymyr-revenko/800644919/ukr/jt/s/"",""gender"":""M"",""hiddenPlayer"":false,""birthYear"":2009,""rankMovement"":-1,""rank"":417,""rankEqualFlag"":"""",""tournamentsPlayed"":32,""points"":190.5,""profileImage"":""/media/1490/itf-uk-profile-placeholder-male.jpg?anchor=center&mode=crop&width=54&height=72&rnd=132174204480000000"",""tournamentsPlayedSingles"":null,""tournamentsPlayedDoubles"":null,""pointsRankingSingles"":null,""pointsRankingDoubles"":null,""pointsRankingTotal"":null}"
800738751,Hongjin Qi,Hongjin,Qi,M,B,CHN,"China, P.R.",,2010,2028,,https://www.itftennis.com/en/players/hongjin-qi/800738751/chn/jt/s/,418,190.25,2026-06-02,2026-06-08,"{""playerId"":800738751,""playerFamilyName"":""Qi"",""playerGivenName"":""Hongjin"",""playerNationalityCode"":""CHN"",""playerNationality"":""China, P.R."",""profileLink"":""/en/players/hongjin-qi/800738751/chn/jt/s/"",""gender"":""M"",""hiddenPlayer"":false,""birthYear"":2010,""rankMovement"":-1,""rank"":418,""rankEqualFlag"":"""",""tournamentsPlayed"":25,""points"":190.25,""profileImage"":""/media/1490/itf-uk-profile-placeholder-male.jpg?anchor=center&mode=crop&width=54&height=72&rnd=132174204480000000"",""tournamentsPlayedSingles"":null,""tournamentsPlayedDoubles"":null,""pointsRankingSingles"":null,""pointsRankingDoubles"":null,""pointsRankingTotal"":null}"
800693309,Elijah Dikkenberg,Elijah,Dikkenberg,M,B,AUS,Australia,,2008,2026,,https://www.itftennis.com/en/players/elijah-dikkenberg/800693309/aus/jt/s/,419,190,2026-06-02,2026-06-08,"{""playerId"":800693309,""playerFamilyName"":""Dikkenberg"",""playerGivenName"":""Elijah"",""playerNationalityCode"":""AUS"",""playerNationality"":""Australia"",""profileLink"":""/en/players/elijah-dikkenberg/800693309/aus/jt/s/"",""gender"":""M"",""hiddenPlayer"":false,""birthYear"":2008,""rankMovement"":-17,""rank"":419,""rankEqualFlag"":"""",""tournamentsPlayed"":13,""points"":190,""profileImage"":""/media/1490/itf-uk-profile-placeholder-male.jpg?anchor=center&mode=crop&width=54&height=72&rnd=132174204480000000"",""tournamentsPlayedSingles"":null,""tournamentsPlayedDoubles"":null,""pointsRankingSingles"":null,""pointsRankingDoubles"":null,""pointsRankingTotal"":null}"
800660572,Akmal Abdullaev,Akmal,Abdullaev,M,B,UZB,Uzbekistan,,2009,2027,,https://www.itftennis.com/en/players/akmal-abdullaev/800660572/uzb/jt/s/,420,190,2026-06-02,2026-06-08,"{""playerId"":800660572,""playerFamilyName"":""Abdullaev"",""playerGivenName"":""Akmal"",""playerNationalityCode"":""UZB"",""playerNationality"":""Uzbekistan"",""profileLink"":""/en/players/akmal-abdullaev/800660572/uzb/jt/s/"",""gender"":""M"",""hiddenPlayer"":false,""birthYear"":2009,""rankMovement"":8,""rank"":420,""rankEqualFlag"":"""",""tournamentsPlayed"":38,""points"":190,""profileImage"":""/media/1490/itf-uk-profile-placeholder-male.jpg?anchor=center&mode=crop&width=54&height=72&rnd=132174204480000000"",""tournamentsPlayedSingles"":null,""tournamentsPlayedDoubles"":null,""pointsRankingSingles"":null,""pointsRankingDoubles"":null,""pointsRankingTotal"":null}"
800683679,Miko Koeppen,Miko,Koeppen,M,B,GER,Germany,,2010,2028,,https://www.itftennis.com/en/players/miko-koeppen/800683679/ger/jt/s/,421,189.75,2026-06-02,2026-06-08,"{""playerId"":800683679,""playerFamilyName"":""Koeppen"",""playerGivenName"":""Miko"",""playerNationalityCode"":""GER"",""playerNationality"":""Germany"",""profileLink"":""/en/players/miko-koeppen/800683679/ger/jt/s/"",""gender"":""M"",""hiddenPlayer"":false,""birthYear"":2010,""rankMovement"":-2,""rank"":421,""rankEqualFlag"":"""",""tournamentsPlayed"":36,""points"":189.75,""profileImage"":""/media/1490/itf-uk-profile-placeholder-male.jpg?anchor=center&mode=crop&width=54&height=72&rnd=132174204480000000"",""tournamentsPlayedSingles"":null,""tournamentsPlayedDoubles"":null,""pointsRankingSingles"":null,""pointsRankingDoubles"":null,""pointsRankingTotal"":null}"
800715160,Samy IRAQI,Samy,IRAQI,M,B,MAR,Morocco,,2010,2028,,https://www.itftennis.com/en/players/samy-iraqi/800715160/mar/jt/s/,422,188.5,2026-06-02,2026-06-08,"{""playerId"":800715160,""playerFamilyName"":""IRAQI"",""playerGivenName"":""Samy"",""playerNationalityCode"":""MAR"",""playerNationality"":""Morocco"",""profileLink"":""/en/players/samy-iraqi/800715160/mar/jt/s/"",""gender"":""M"",""hiddenPlayer"":false,""birthYear"":2010,""rankMovement"":-1,""rank"":422,""rankEqualFlag"":"""",""tournamentsPlayed"":31,""points"":188.5,""profileImage"":""/media/1490/itf-uk-profile-placeholder-male.jpg?anchor=center&mode=crop&width=54&height=72&rnd=132174204480000000"",""tournamentsPlayedSingles"":null,""tournamentsPlayedDoubles"":null,""pointsRankingSingles"":null,""pointsRankingDoubles"":null,""pointsRankingTotal"":null}"
800776989,David Mas Masia Lopez,David,Mas Masia Lopez,M,B,ESP,Spain,,2008,2026,,https://www.itftennis.com/en/players/david-mas-masia-lopez/800776989/esp/jt/s/,423,188.5,2026-06-02,2026-06-08,"{""playerId"":800776989,""playerFamilyName"":""Mas Masia Lopez"",""playerGivenName"":""David"",""playerNationalityCode"":""ESP"",""playerNationality"":""Spain"",""profileLink"":""/en/players/david-mas-masia-lopez/800776989/esp/jt/s/"",""gender"":""M"",""hiddenPlayer"":false,""birthYear"":2008,""rankMovement"":-1,""rank"":423,""rankEqualFlag"":"""",""tournamentsPlayed"":41,""points"":188.5,""profileImage"":""/media/1490/itf-uk-profile-placeholder-male.jpg?anchor=center&mode=crop&width=54&height=72&rnd=132174204480000000"",""tournamentsPlayedSingles"":null,""tournamentsPlayedDoubles"":null,""pointsRankingSingles"":null,""pointsRankingDoubles"":null,""pointsRankingTotal"":null}"
800811858,Kynan Enwright,Kynan,Enwright,M,B,AUS,Australia,,2010,2028,,https://www.itftennis.com/en/players/kynan-enwright/800811858/aus/jt/s/,424,188,2026-06-02,2026-06-08,"{""playerId"":800811858,""playerFamilyName"":""Enwright"",""playerGivenName"":""Kynan"",""playerNationalityCode"":""AUS"",""playerNationality"":""Australia"",""profileLink"":""/en/players/kynan-enwright/800811858/aus/jt/s/"",""gender"":""M"",""hiddenPlayer"":false,""birthYear"":2010,""rankMovement"":-1,""rank"":424,""rankEqualFlag"":"""",""tournamentsPlayed"":22,""points"":188,""profileImage"":""/media/1490/itf-uk-profile-placeholder-male.jpg?anchor=center&mode=crop&width=54&height=72&rnd=132174204480000000"",""tournamentsPlayedSingles"":null,""tournamentsPlayedDoubles"":null,""pointsRankingSingles"":null,""pointsRankingDoubles"":null,""pointsRankingTotal"":null}"
800670249,Lourenco Silva E Costa,Lourenco,Silva E Costa,M,B,POR,Portugal,,2009,2027,,https://www.itftennis.com/en/players/lourenco-silva-e-costa/800670249/por/jt/s/,425,187.5,2026-06-02,2026-06-08,"{""playerId"":800670249,""playerFamilyName"":""Silva E Costa"",""playerGivenName"":""Lourenco"",""playerNationalityCode"":""POR"",""playerNationality"":""Portugal"",""profileLink"":""/en/players/lourenco-silva-e-costa/800670249/por/jt/s/"",""gender"":""M"",""hiddenPlayer"":false,""birthYear"":2009,""rankMovement"":-1,""rank"":425,""rankEqualFlag"":"""",""tournamentsPlayed"":40,""points"":187.5,""profileImage"":""/media/1490/itf-uk-profile-placeholder-male.jpg?anchor=center&mode=crop&width=54&height=72&rnd=132174204480000000"",""tournamentsPlayedSingles"":null,""tournamentsPlayedDoubles"":null,""pointsRankingSingles"":null,""pointsRankingDoubles"":null,""pointsRankingTotal"":null}"
800559153,Damir Duisengazin,Damir,Duisengazin,M,B,KAZ,Kazakhstan,,2008,2026,,https://www.itftennis.com/en/players/damir-duisengazin/800559153/kaz/jt/s/,426,187.25,2026-06-02,2026-06-08,"{""playerId"":800559153,""playerFamilyName"":""Duisengazin"",""playerGivenName"":""Damir"",""playerNationalityCode"":""KAZ"",""playerNationality"":""Kazakhstan"",""profileLink"":""/en/players/damir-duisengazin/800559153/kaz/jt/s/"",""gender"":""M"",""hiddenPlayer"":false,""birthYear"":2008,""rankMovement"":-42,""rank"":426,""rankEqualFlag"":"""",""tournamentsPlayed"":26,""points"":187.25,""profileImage"":""/media/1490/itf-uk-profile-placeholder-male.jpg?anchor=center&mode=crop&width=54&height=72&rnd=132174204480000000"",""tournamentsPlayedSingles"":null,""tournamentsPlayedDoubles"":null,""pointsRankingSingles"":null,""pointsRankingDoubles"":null,""pointsRankingTotal"":null}"
800599012,Alkis Michalakopoulos,Alkis,Michalakopoulos,M,B,GRE,Greece,,2009,2027,,https://www.itftennis.com/en/players/alkis-michalakopoulos/800599012/gre/jt/s/,427,187,2026-06-02,2026-06-08,"{""playerId"":800599012,""playerFamilyName"":""Michalakopoulos"",""playerGivenName"":""Alkis"",""playerNationalityCode"":""GRE"",""playerNationality"":""Greece"",""profileLink"":""/en/players/alkis-michalakopoulos/800599012/gre/jt/s/"",""gender"":""M"",""hiddenPlayer"":false,""birthYear"":2009,""rankMovement"":-1,""rank"":427,""rankEqualFlag"":"""",""tournamentsPlayed"":20,""points"":187,""profileImage"":""/media/1490/itf-uk-profile-placeholder-male.jpg?anchor=center&mode=crop&width=54&height=72&rnd=132174204480000000"",""tournamentsPlayedSingles"":null,""tournamentsPlayedDoubles"":null,""pointsRankingSingles"":null,""pointsRankingDoubles"":null,""pointsRankingTotal"":null}"
800732116,Mingrui Shi,Mingrui,Shi,M,B,CHN,"China, P.R.",,2009,2027,,https://www.itftennis.com/en/players/mingrui-shi/800732116/chn/jt/s/,428,186,2026-06-02,2026-06-08,"{""playerId"":800732116,""playerFamilyName"":""Shi"",""playerGivenName"":""Mingrui"",""playerNationalityCode"":""CHN"",""playerNationality"":""China, P.R."",""profileLink"":""/en/players/mingrui-shi/800732116/chn/jt/s/"",""gender"":""M"",""hiddenPlayer"":false,""birthYear"":2009,""rankMovement"":7,""rank"":428,""rankEqualFlag"":"""",""tournamentsPlayed"":48,""points"":186,""profileImage"":""/media/1490/itf-uk-profile-placeholder-male.jpg?anchor=center&mode=crop&width=54&height=72&rnd=132174204480000000"",""tournamentsPlayedSingles"":null,""tournamentsPlayedDoubles"":null,""pointsRankingSingles"":null,""pointsRankingDoubles"":null,""pointsRankingTotal"":null}"
800671394,Rafael Bote,Rafael,Bote,M,B,CAN,Canada,,2009,2027,,https://www.itftennis.com/en/players/rafael-bote/800671394/can/jt/s/,429,186,2026-06-08,2026-06-08,"{""playerId"":800671394,""playerFamilyName"":""Bote"",""playerGivenName"":""Rafael"",""playerNationalityCode"":""CAN"",""playerNationality"":""Canada"",""profileLink"":""/en/players/rafael-bote/800671394/can/jt/s/"",""gender"":""M"",""hiddenPlayer"":false,""birthYear"":2009,""rankMovement"":124,""rank"":429,""rankEqualFlag"":"""",""tournamentsPlayed"":17,""points"":186,""profileImage"":""/media/1490/itf-uk-profile-placeholder-male.jpg?anchor=center&mode=crop&width=54&height=72&rnd=132174204480000000"",""tournamentsPlayedSingles"":null,""tournamentsPlayedDoubles"":null,""pointsRankingSingles"":null,""pointsRankingDoubles"":null,""pointsRankingTotal"":null}"
800748774,Simon Hayal,Simon,Hayal,M,B,USA,USA,,2009,2027,,https://www.itftennis.com/en/players/simon-hayal/800748774/usa/jt/s/,430,185.5,2026-06-02,2026-06-08,"{""playerId"":800748774,""playerFamilyName"":""Hayal"",""playerGivenName"":""Simon"",""playerNationalityCode"":""USA"",""playerNationality"":""USA"",""profileLink"":""/en/players/simon-hayal/800748774/usa/jt/s/"",""gender"":""M"",""hiddenPlayer"":false,""birthYear"":2009,""rankMovement"":-3,""rank"":430,""rankEqualFlag"":"""",""tournamentsPlayed"":25,""points"":185.5,""profileImage"":""/media/1490/itf-uk-profile-placeholder-male.jpg?anchor=center&mode=crop&width=54&height=72&rnd=132174204480000000"",""tournamentsPlayedSingles"":null,""tournamentsPlayedDoubles"":null,""pointsRankingSingles"":null,""pointsRankingDoubles"":null,""pointsRankingTotal"":null}"
800711438,DEMIAN AGUSTIN LUNA,DEMIAN AGUSTIN,LUNA,M,B,ARG,Argentina,,2010,2028,,https://www.itftennis.com/en/players/demian-agustin-luna/800711438/arg/jt/s/,431,184.5,2026-06-02,2026-06-08,"{""playerId"":800711438,""playerFamilyName"":""LUNA"",""playerGivenName"":""DEMIAN AGUSTIN"",""playerNationalityCode"":""ARG"",""playerNationality"":""Argentina"",""profileLink"":""/en/players/demian-agustin-luna/800711438/arg/jt/s/"",""gender"":""M"",""hiddenPlayer"":false,""birthYear"":2010,""rankMovement"":-2,""rank"":431,""rankEqualFlag"":"""",""tournamentsPlayed"":25,""points"":184.5,""profileImage"":""/media/1490/itf-uk-profile-placeholder-male.jpg?anchor=center&mode=crop&width=54&height=72&rnd=132174204480000000"",""tournamentsPlayedSingles"":null,""tournamentsPlayedDoubles"":null,""pointsRankingSingles"":null,""pointsRankingDoubles"":null,""pointsRankingTotal"":null}"
800716262,Estanislao Lassaga,Estanislao,Lassaga,M,B,ARG,Argentina,,2008,2026,,https://www.itftennis.com/en/players/estanislao-lassaga/800716262/arg/jt/s/,432,184.5,2026-06-02,2026-06-08,"{""playerId"":800716262,""playerFamilyName"":""Lassaga"",""playerGivenName"":""Estanislao"",""playerNationalityCode"":""ARG"",""playerNationality"":""Argentina"",""profileLink"":""/en/players/estanislao-lassaga/800716262/arg/jt/s/"",""gender"":""M"",""hiddenPlayer"":false,""birthYear"":2008,""rankMovement"":-2,""rank"":432,""rankEqualFlag"":"""",""tournamentsPlayed"":42,""points"":184.5,""profileImage"":""/media/1490/itf-uk-profile-placeholder-male.jpg?anchor=center&mode=crop&width=54&height=72&rnd=132174204480000000"",""tournamentsPlayedSingles"":null,""tournamentsPlayedDoubles"":null,""pointsRankingSingles"":null,""pointsRankingDoubles"":null,""pointsRankingTotal"":null}"
800597524,Raul Clarijs,Raul,Clarijs,M,B,NED,Netherlands,,2008,2026,,https://www.itftennis.com/en/players/raul-clarijs/800597524/ned/jt/s/,433,184.5,2026-06-02,2026-06-08,"{""playerId"":800597524,""playerFamilyName"":""Clarijs"",""playerGivenName"":""Raul"",""playerNationalityCode"":""NED"",""playerNationality"":""Netherlands"",""profileLink"":""/en/players/raul-clarijs/800597524/ned/jt/s/"",""gender"":""M"",""hiddenPlayer"":false,""birthYear"":2008,""rankMovement"":-2,""rank"":433,""rankEqualFlag"":"""",""tournamentsPlayed"":40,""points"":184.5,""profileImage"":""/media/1490/itf-uk-profile-placeholder-male.jpg?anchor=center&mode=crop&width=54&height=72&rnd=132174204480000000"",""tournamentsPlayedSingles"":null,""tournamentsPlayedDoubles"":null,""pointsRankingSingles"":null,""pointsRankingDoubles"":null,""pointsRankingTotal"":null}"
800589851,Leo Scheffer,Leo,Scheffer,M,B,GER,Germany,,2008,2026,,https://www.itftennis.com/en/players/leo-scheffer/800589851/ger/jt/s/,434,184.25,2026-06-02,2026-06-08,"{""playerId"":800589851,""playerFamilyName"":""Scheffer"",""playerGivenName"":""Leo"",""playerNationalityCode"":""GER"",""playerNationality"":""Germany"",""profileLink"":""/en/players/leo-scheffer/800589851/ger/jt/s/"",""gender"":""M"",""hiddenPlayer"":false,""birthYear"":2008,""rankMovement"":-2,""rank"":434,""rankEqualFlag"":"""",""tournamentsPlayed"":34,""points"":184.25,""profileImage"":""/media/1490/itf-uk-profile-placeholder-male.jpg?anchor=center&mode=crop&width=54&height=72&rnd=132174204480000000"",""tournamentsPlayedSingles"":null,""tournamentsPlayedDoubles"":null,""pointsRankingSingles"":null,""pointsRankingDoubles"":null,""pointsRankingTotal"":null}"
800678231,Dario Ruiz Cruz,Dario,Ruiz Cruz,M,B,ESP,Spain,,2010,2028,,https://www.itftennis.com/en/players/dario-ruiz-cruz/800678231/esp/jt/s/,435,183.75,2026-06-02,2026-06-08,"{""playerId"":800678231,""playerFamilyName"":""Ruiz Cruz"",""playerGivenName"":""Dario"",""playerNationalityCode"":""ESP"",""playerNationality"":""Spain"",""profileLink"":""/en/players/dario-ruiz-cruz/800678231/esp/jt/s/"",""gender"":""M"",""hiddenPlayer"":false,""birthYear"":2010,""rankMovement"":-2,""rank"":435,""rankEqualFlag"":"""",""tournamentsPlayed"":18,""points"":183.75,""profileImage"":""/media/1490/itf-uk-profile-placeholder-male.jpg?anchor=center&mode=crop&width=54&height=72&rnd=132174204480000000"",""tournamentsPlayedSingles"":null,""tournamentsPlayedDoubles"":null,""pointsRankingSingles"":null,""pointsRankingDoubles"":null,""pointsRankingTotal"":null}"
800668525,SungMin Lee,SungMin,Lee,M,B,KOR,"Korea, Rep.",,2009,2027,,https://www.itftennis.com/en/players/sungmin-lee/800668525/kor/jt/s/,436,183,2026-06-02,2026-06-08,"{""playerId"":800668525,""playerFamilyName"":""Lee"",""playerGivenName"":""SungMin"",""playerNationalityCode"":""KOR"",""playerNationality"":""Korea, Rep."",""profileLink"":""/en/players/sungmin-lee/800668525/kor/jt/s/"",""gender"":""M"",""hiddenPlayer"":false,""birthYear"":2009,""rankMovement"":-38,""rank"":436,""rankEqualFlag"":"""",""tournamentsPlayed"":27,""points"":183,""profileImage"":""/media/1490/itf-uk-profile-placeholder-male.jpg?anchor=center&mode=crop&width=54&height=72&rnd=132174204480000000"",""tournamentsPlayedSingles"":null,""tournamentsPlayedDoubles"":null,""pointsRankingSingles"":null,""pointsRankingDoubles"":null,""pointsRankingTotal"":null}"
800603106,Charlie Bazil,Charlie,Bazil,M,B,SUI,Switzerland,,2008,2026,,https://www.itftennis.com/en/players/charlie-bazil/800603106/sui/jt/s/,437,183,2026-06-02,2026-06-08,"{""playerId"":800603106,""playerFamilyName"":""Bazil"",""playerGivenName"":""Charlie"",""playerNationalityCode"":""SUI"",""playerNationality"":""Switzerland"",""profileLink"":""/en/players/charlie-bazil/800603106/sui/jt/s/"",""gender"":""M"",""hiddenPlayer"":false,""birthYear"":2008,""rankMovement"":-3,""rank"":437,""rankEqualFlag"":"""",""tournamentsPlayed"":37,""points"":183,""profileImage"":""/media/1490/itf-uk-profile-placeholder-male.jpg?anchor=center&mode=crop&width=54&height=72&rnd=132174204480000000"",""tournamentsPlayedSingles"":null,""tournamentsPlayedDoubles"":null,""pointsRankingSingles"":null,""pointsRankingDoubles"":null,""pointsRankingTotal"":null}"
800667373,Motoharu Abe,Motoharu,Abe,M,B,JPN,Japan,,2009,2027,,https://www.itftennis.com/en/players/motoharu-abe/800667373/jpn/jt/s/,438,182,2026-06-02,2026-06-08,"{""playerId"":800667373,""playerFamilyName"":""Abe"",""playerGivenName"":""Motoharu"",""playerNationalityCode"":""JPN"",""playerNationality"":""Japan"",""profileLink"":""/en/players/motoharu-abe/800667373/jpn/jt/s/"",""gender"":""M"",""hiddenPlayer"":false,""birthYear"":2009,""rankMovement"":-2,""rank"":438,""rankEqualFlag"":"""",""tournamentsPlayed"":33,""points"":182,""profileImage"":""/media/1490/itf-uk-profile-placeholder-male.jpg?anchor=center&mode=crop&width=54&height=72&rnd=132174204480000000"",""tournamentsPlayedSingles"":null,""tournamentsPlayedDoubles"":null,""pointsRankingSingles"":null,""pointsRankingDoubles"":null,""pointsRankingTotal"":null}"
800709862,Dharma Pantaratorn,Dharma,Pantaratorn,M,B,THA,Thailand,,2010,2028,,https://www.itftennis.com/en/players/dharma-pantaratorn/800709862/tha/jt/s/,439,182,2026-06-02,2026-06-08,"{""playerId"":800709862,""playerFamilyName"":""Pantaratorn"",""playerGivenName"":""Dharma"",""playerNationalityCode"":""THA"",""playerNationality"":""Thailand"",""profileLink"":""/en/players/dharma-pantaratorn/800709862/tha/jt/s/"",""gender"":""M"",""hiddenPlayer"":false,""birthYear"":2010,""rankMovement"":-2,""rank"":439,""rankEqualFlag"":"""",""tournamentsPlayed"":35,""points"":182,""profileImage"":""/media/1490/itf-uk-profile-placeholder-male.jpg?anchor=center&mode=crop&width=54&height=72&rnd=132174204480000000"",""tournamentsPlayedSingles"":null,""tournamentsPlayedDoubles"":null,""pointsRankingSingles"":null,""pointsRankingDoubles"":null,""pointsRankingTotal"":null}"
800777511,Michal Pielat,Michal,Pielat,M,B,POL,Poland,,2009,2027,,https://www.itftennis.com/en/players/michal-pielat/800777511/pol/jt/s/,440,182,2026-06-02,2026-06-08,"{""playerId"":800777511,""playerFamilyName"":""Pielat"",""playerGivenName"":""Michal"",""playerNationalityCode"":""POL"",""playerNationality"":""Poland"",""profileLink"":""/en/players/michal-pielat/800777511/pol/jt/s/"",""gender"":""M"",""hiddenPlayer"":false,""birthYear"":2009,""rankMovement"":-2,""rank"":440,""rankEqualFlag"":"""",""tournamentsPlayed"":34,""points"":182,""profileImage"":""/media/1490/itf-uk-profile-placeholder-male.jpg?anchor=center&mode=crop&width=54&height=72&rnd=132174204480000000"",""tournamentsPlayedSingles"":null,""tournamentsPlayedDoubles"":null,""pointsRankingSingles"":null,""pointsRankingDoubles"":null,""pointsRankingTotal"":null}"
800660722,Marek Smejcky,Marek,Smejcky,M,B,CZE,Czechia,,2010,2028,,https://www.itftennis.com/en/players/marek-smejcky/800660722/cze/jt/s/,441,181.5,2026-06-02,2026-06-08,"{""playerId"":800660722,""playerFamilyName"":""Smejcky"",""playerGivenName"":""Marek"",""playerNationalityCode"":""CZE"",""playerNationality"":""Czechia"",""profileLink"":""/en/players/marek-smejcky/800660722/cze/jt/s/"",""gender"":""M"",""hiddenPlayer"":false,""birthYear"":2010,""rankMovement"":-49,""rank"":441,""rankEqualFlag"":"""",""tournamentsPlayed"":22,""points"":181.5,""profileImage"":""/media/1490/itf-uk-profile-placeholder-male.jpg?anchor=center&mode=crop&width=54&height=72&rnd=132174204480000000"",""tournamentsPlayedSingles"":null,""tournamentsPlayedDoubles"":null,""pointsRankingSingles"":null,""pointsRankingDoubles"":null,""pointsRankingTotal"":null}"
800716194,William Zhang,William,Zhang,M,B,USA,USA,,2008,2026,,https://www.itftennis.com/en/players/william-zhang/800716194/usa/jt/s/,442,181.25,2026-06-02,2026-06-08,"{""playerId"":800716194,""playerFamilyName"":""Zhang"",""playerGivenName"":""William"",""playerNationalityCode"":""USA"",""playerNationality"":""USA"",""profileLink"":""/en/players/william-zhang/800716194/usa/jt/s/"",""gender"":""M"",""hiddenPlayer"":false,""birthYear"":2008,""rankMovement"":-3,""rank"":442,""rankEqualFlag"":"""",""tournamentsPlayed"":5,""points"":181.25,""profileImage"":""/media/1490/itf-uk-profile-placeholder-male.jpg?anchor=center&mode=crop&width=54&height=72&rnd=132174204480000000"",""tournamentsPlayedSingles"":null,""tournamentsPlayedDoubles"":null,""pointsRankingSingles"":null,""pointsRankingDoubles"":null,""pointsRankingTotal"":null}"
800718989,Niccolo Magagnin,Niccolo,Magagnin,M,B,ITA,Italy,,2009,2027,,https://www.itftennis.com/en/players/niccolo-magagnin/800718989/ita/jt/s/,443,181,2026-06-02,2026-06-08,"{""playerId"":800718989,""playerFamilyName"":""Magagnin"",""playerGivenName"":""Niccolo"",""playerNationalityCode"":""ITA"",""playerNationality"":""Italy"",""profileLink"":""/en/players/niccolo-magagnin/800718989/ita/jt/s/"",""gender"":""M"",""hiddenPlayer"":false,""birthYear"":2009,""rankMovement"":-3,""rank"":443,""rankEqualFlag"":"""",""tournamentsPlayed"":36,""points"":181,""profileImage"":""/media/1490/itf-uk-profile-placeholder-male.jpg?anchor=center&mode=crop&width=54&height=72&rnd=132174204480000000"",""tournamentsPlayedSingles"":null,""tournamentsPlayedDoubles"":null,""pointsRankingSingles"":null,""pointsRankingDoubles"":null,""pointsRankingTotal"":null}"
800674576,Rodion Traigel,Rodion,Traigel,M,B,KAZ,Kazakhstan,,2010,2028,,https://www.itftennis.com/en/players/rodion-traigel/800674576/kaz/jt/s/,444,180.5,2026-06-02,2026-06-08,"{""playerId"":800674576,""playerFamilyName"":""Traigel"",""playerGivenName"":""Rodion"",""playerNationalityCode"":""KAZ"",""playerNationality"":""Kazakhstan"",""profileLink"":""/en/players/rodion-traigel/800674576/kaz/jt/s/"",""gender"":""M"",""hiddenPlayer"":false,""birthYear"":2010,""rankMovement"":-3,""rank"":444,""rankEqualFlag"":"""",""tournamentsPlayed"":31,""points"":180.5,""profileImage"":""/media/1490/itf-uk-profile-placeholder-male.jpg?anchor=center&mode=crop&width=54&height=72&rnd=132174204480000000"",""tournamentsPlayedSingles"":null,""tournamentsPlayedDoubles"":null,""pointsRankingSingles"":null,""pointsRankingDoubles"":null,""pointsRankingTotal"":null}"
800656188,Franco Davila Blotte,Franco,Davila Blotte,M,B,PER,Peru,,2008,2026,,https://www.itftennis.com/en/players/franco-davila-blotte/800656188/per/jt/s/,445,180,2026-06-02,2026-06-08,"{""playerId"":800656188,""playerFamilyName"":""Davila Blotte"",""playerGivenName"":""Franco"",""playerNationalityCode"":""PER"",""playerNationality"":""Peru"",""profileLink"":""/en/players/franco-davila-blotte/800656188/per/jt/s/"",""gender"":""M"",""hiddenPlayer"":false,""birthYear"":2008,""rankMovement"":-3,""rank"":445,""rankEqualFlag"":"""",""tournamentsPlayed"":36,""points"":180,""profileImage"":""/media/1490/itf-uk-profile-placeholder-male.jpg?anchor=center&mode=crop&width=54&height=72&rnd=132174204480000000"",""tournamentsPlayedSingles"":null,""tournamentsPlayedDoubles"":null,""pointsRankingSingles"":null,""pointsRankingDoubles"":null,""pointsRankingTotal"":null}"
800708495,Abdurakhmon Karimov,Abdurakhmon,Karimov,M,B,UZB,Uzbekistan,,2010,2028,,https://www.itftennis.com/en/players/abdurakhmon-karimov/800708495/uzb/jt/s/,446,180,2026-06-02,2026-06-08,"{""playerId"":800708495,""playerFamilyName"":""Karimov"",""playerGivenName"":""Abdurakhmon"",""playerNationalityCode"":""UZB"",""playerNationality"":""Uzbekistan"",""profileLink"":""/en/players/abdurakhmon-karimov/800708495/uzb/jt/s/"",""gender"":""M"",""hiddenPlayer"":false,""birthYear"":2010,""rankMovement"":-1,""rank"":446,""rankEqualFlag"":"""",""tournamentsPlayed"":27,""points"":180,""profileImage"":""/media/1490/itf-uk-profile-placeholder-male.jpg?anchor=center&mode=crop&width=54&height=72&rnd=132174204480000000"",""tournamentsPlayedSingles"":null,""tournamentsPlayedDoubles"":null,""pointsRankingSingles"":null,""pointsRankingDoubles"":null,""pointsRankingTotal"":null}"
800643778,Andrei Radu,Andrei,Radu,M,B,ROU,Romania,,2010,2028,,https://www.itftennis.com/en/players/andrei-radu/800643778/rou/jt/s/,447,180,2026-06-02,2026-06-08,"{""playerId"":800643778,""playerFamilyName"":""Radu"",""playerGivenName"":""Andrei"",""playerNationalityCode"":""ROU"",""playerNationality"":""Romania"",""profileLink"":""/en/players/andrei-radu/800643778/rou/jt/s/"",""gender"":""M"",""hiddenPlayer"":false,""birthYear"":2010,""rankMovement"":50,""rank"":447,""rankEqualFlag"":"""",""tournamentsPlayed"":39,""points"":180,""profileImage"":""/media/1490/itf-uk-profile-placeholder-male.jpg?anchor=center&mode=crop&width=54&height=72&rnd=132174204480000000"",""tournamentsPlayedSingles"":null,""tournamentsPlayedDoubles"":null,""pointsRankingSingles"":null,""pointsRankingDoubles"":null,""pointsRankingTotal"":null}"
800632383,Roman Kulpin,Roman,Kulpin,M,B,RUS,Russia,,2009,2027,,https://www.itftennis.com/en/players/roman-kulpin/800632383/rus/jt/s/,448,178.5,2026-06-02,2026-06-08,"{""playerId"":800632383,""playerFamilyName"":""Kulpin"",""playerGivenName"":""Roman"",""playerNationalityCode"":""RUS"",""playerNationality"":""Russia"",""profileLink"":""/en/players/roman-kulpin/800632383/rus/jt/s/"",""gender"":""M"",""hiddenPlayer"":false,""birthYear"":2009,""rankMovement"":-5,""rank"":448,""rankEqualFlag"":"""",""tournamentsPlayed"":28,""points"":178.5,""profileImage"":""/media/1490/itf-uk-profile-placeholder-male.jpg?anchor=center&mode=crop&width=54&height=72&rnd=132174204480000000"",""tournamentsPlayedSingles"":null,""tournamentsPlayedDoubles"":null,""pointsRankingSingles"":null,""pointsRankingDoubles"":null,""pointsRankingTotal"":null}"
800708776,ADITYA MOR,ADITYA,MOR,M,B,IND,India,,2008,2026,,https://www.itftennis.com/en/players/aditya-mor/800708776/ind/jt/s/,449,178.25,2026-06-02,2026-06-08,"{""playerId"":800708776,""playerFamilyName"":""MOR"",""playerGivenName"":""ADITYA"",""playerNationalityCode"":""IND"",""playerNationality"":""India"",""profileLink"":""/en/players/aditya-mor/800708776/ind/jt/s/"",""gender"":""M"",""hiddenPlayer"":false,""birthYear"":2008,""rankMovement"":-5,""rank"":449,""rankEqualFlag"":"""",""tournamentsPlayed"":24,""points"":178.25,""profileImage"":""/media/1490/itf-uk-profile-placeholder-male.jpg?anchor=center&mode=crop&width=54&height=72&rnd=132174204480000000"",""tournamentsPlayedSingles"":null,""tournamentsPlayedDoubles"":null,""pointsRankingSingles"":null,""pointsRankingDoubles"":null,""pointsRankingTotal"":null}"
800720051,ENRIQUE SANTIAGO CHORA BAYON,ENRIQUE SANTIAGO,CHORA BAYON,M,B,MEX,Mexico,,2009,2027,,https://www.itftennis.com/en/players/enrique-santiago-chora-bayon/800720051/mex/jt/s/,450,178,2026-06-02,2026-06-08,"{""playerId"":800720051,""playerFamilyName"":""CHORA BAYON"",""playerGivenName"":""ENRIQUE SANTIAGO"",""playerNationalityCode"":""MEX"",""playerNationality"":""Mexico"",""profileLink"":""/en/players/enrique-santiago-chora-bayon/800720051/mex/jt/s/"",""gender"":""M"",""hiddenPlayer"":false,""birthYear"":2009,""rankMovement"":-4,""rank"":450,""rankEqualFlag"":"""",""tournamentsPlayed"":34,""points"":178,""profileImage"":""/media/1490/itf-uk-profile-placeholder-male.jpg?anchor=center&mode=crop&width=54&height=72&rnd=132174204480000000"",""tournamentsPlayedSingles"":null,""tournamentsPlayedDoubles"":null,""pointsRankingSingles"":null,""pointsRankingDoubles"":null,""pointsRankingTotal"":null}"
800652309,Nicolas Eduardo Barros Corredor,Nicolas Eduardo,Barros Corredor,M,B,COL,Colombia,,2008,2026,,https://www.itftennis.com/en/players/nicolas-eduardo-barros-corredor/800652309/col/jt/s/,451,177.75,2026-06-02,2026-06-08,"{""playerId"":800652309,""playerFamilyName"":""Barros Corredor"",""playerGivenName"":""Nicolas Eduardo"",""playerNationalityCode"":""COL"",""playerNationality"":""Colombia"",""profileLink"":""/en/players/nicolas-eduardo-barros-corredor/800652309/col/jt/s/"",""gender"":""M"",""hiddenPlayer"":false,""birthYear"":2008,""rankMovement"":-4,""rank"":451,""rankEqualFlag"":"""",""tournamentsPlayed"":17,""points"":177.75,""profileImage"":""/media/1490/itf-uk-profile-placeholder-male.jpg?anchor=center&mode=crop&width=54&height=72&rnd=132174204480000000"",""tournamentsPlayedSingles"":null,""tournamentsPlayedDoubles"":null,""pointsRankingSingles"":null,""pointsRankingDoubles"":null,""pointsRankingTotal"":null}"
800677723,Filip Malis,Filip,Malis,M,B,CAN,Canada,,2009,2027,,https://www.itftennis.com/en/players/filip-malis/800677723/can/jt/s/,452,177.5,2026-06-02,2026-06-08,"{""playerId"":800677723,""playerFamilyName"":""Malis"",""playerGivenName"":""Filip"",""playerNationalityCode"":""CAN"",""playerNationality"":""Canada"",""profileLink"":""/en/players/filip-malis/800677723/can/jt/s/"",""gender"":""M"",""hiddenPlayer"":false,""birthYear"":2009,""rankMovement"":-4,""rank"":452,""rankEqualFlag"":"""",""tournamentsPlayed"":27,""points"":177.5,""profileImage"":""/media/1490/itf-uk-profile-placeholder-male.jpg?anchor=center&mode=crop&width=54&height=72&rnd=132174204480000000"",""tournamentsPlayedSingles"":null,""tournamentsPlayedDoubles"":null,""pointsRankingSingles"":null,""pointsRankingDoubles"":null,""pointsRankingTotal"":null}"
800655160,Ivan Charnyshou,Ivan,Charnyshou,M,B,BLR,Belarus,,2010,2028,,https://www.itftennis.com/en/players/ivan-charnyshou/800655160/blr/jt/s/,453,176.5,2026-06-02,2026-06-08,"{""playerId"":800655160,""playerFamilyName"":""Charnyshou"",""playerGivenName"":""Ivan"",""playerNationalityCode"":""BLR"",""playerNationality"":""Belarus"",""profileLink"":""/en/players/ivan-charnyshou/800655160/blr/jt/s/"",""gender"":""M"",""hiddenPlayer"":false,""birthYear"":2010,""rankMovement"":-3,""rank"":453,""rankEqualFlag"":"""",""tournamentsPlayed"":20,""points"":176.5,""profileImage"":""/media/1490/itf-uk-profile-placeholder-male.jpg?anchor=center&mode=crop&width=54&height=72&rnd=132174204480000000"",""tournamentsPlayedSingles"":null,""tournamentsPlayedDoubles"":null,""pointsRankingSingles"":null,""pointsRankingDoubles"":null,""pointsRankingTotal"":null}"
800673094,Josef Lebis,Josef,Lebis,M,B,CZE,Czechia,,2008,2026,,https://www.itftennis.com/en/players/josef-lebis/800673094/cze/jt/s/,454,175.25,2026-06-02,2026-06-08,"{""playerId"":800673094,""playerFamilyName"":""Lebis"",""playerGivenName"":""Josef"",""playerNationalityCode"":""CZE"",""playerNationality"":""Czechia"",""profileLink"":""/en/players/josef-lebis/800673094/cze/jt/s/"",""gender"":""M"",""hiddenPlayer"":false,""birthYear"":2008,""rankMovement"":-2,""rank"":454,""rankEqualFlag"":"""",""tournamentsPlayed"":27,""points"":175.25,""profileImage"":""/media/1490/itf-uk-profile-placeholder-male.jpg?anchor=center&mode=crop&width=54&height=72&rnd=132174204480000000"",""tournamentsPlayedSingles"":null,""tournamentsPlayedDoubles"":null,""pointsRankingSingles"":null,""pointsRankingDoubles"":null,""pointsRankingTotal"":null}"
800734045,Thomas O'Neill,Thomas,O'Neill,M,B,CAN,Canada,,2010,2028,,https://www.itftennis.com/en/players/thomas-oneill/800734045/can/jt/s/,455,175.25,2026-06-02,2026-06-08,"{""playerId"":800734045,""playerFamilyName"":""O'Neill"",""playerGivenName"":""Thomas"",""playerNationalityCode"":""CAN"",""playerNationality"":""Canada"",""profileLink"":""/en/players/thomas-oneill/800734045/can/jt/s/"",""gender"":""M"",""hiddenPlayer"":false,""birthYear"":2010,""rankMovement"":-2,""rank"":455,""rankEqualFlag"":"""",""tournamentsPlayed"":38,""points"":175.25,""profileImage"":""/media/1490/itf-uk-profile-placeholder-male.jpg?anchor=center&mode=crop&width=54&height=72&rnd=132174204480000000"",""tournamentsPlayedSingles"":null,""tournamentsPlayedDoubles"":null,""pointsRankingSingles"":null,""pointsRankingDoubles"":null,""pointsRankingTotal"":null}"
800576306,Somon Amonov,Somon,Amonov,M,B,TJK,Tajikistan,,2008,2026,,https://www.itftennis.com/en/players/somon-amonov/800576306/tjk/jt/s/,456,175,2026-06-02,2026-06-08,"{""playerId"":800576306,""playerFamilyName"":""Amonov"",""playerGivenName"":""Somon"",""playerNationalityCode"":""TJK"",""playerNationality"":""Tajikistan"",""profileLink"":""/en/players/somon-amonov/800576306/tjk/jt/s/"",""gender"":""M"",""hiddenPlayer"":false,""birthYear"":2008,""rankMovement"":-2,""rank"":456,""rankEqualFlag"":"""",""tournamentsPlayed"":42,""points"":175,""profileImage"":""/media/1490/itf-uk-profile-placeholder-male.jpg?anchor=center&mode=crop&width=54&height=72&rnd=132174204480000000"",""tournamentsPlayedSingles"":null,""tournamentsPlayedDoubles"":null,""pointsRankingSingles"":null,""pointsRankingDoubles"":null,""pointsRankingTotal"":null}"
800660765,Antonio Blanco Epple,Antonio,Blanco Epple,M,B,CHI,Chile,,2009,2027,,https://www.itftennis.com/en/players/antonio-blanco-epple/800660765/chi/jt/s/,457,174.75,2026-06-02,2026-06-08,"{""playerId"":800660765,""playerFamilyName"":""Blanco Epple"",""playerGivenName"":""Antonio"",""playerNationalityCode"":""CHI"",""playerNationality"":""Chile"",""profileLink"":""/en/players/antonio-blanco-epple/800660765/chi/jt/s/"",""gender"":""M"",""hiddenPlayer"":false,""birthYear"":2009,""rankMovement"":-2,""rank"":457,""rankEqualFlag"":"""",""tournamentsPlayed"":39,""points"":174.75,""profileImage"":""/media/1490/itf-uk-profile-placeholder-male.jpg?anchor=center&mode=crop&width=54&height=72&rnd=132174204480000000"",""tournamentsPlayedSingles"":null,""tournamentsPlayedDoubles"":null,""pointsRankingSingles"":null,""pointsRankingDoubles"":null,""pointsRankingTotal"":null}"
800693111,Prakaash Sarran,Prakaash,Sarran,M,B,IND,India,,2009,2027,,https://www.itftennis.com/en/players/prakaash-sarran/800693111/ind/jt/s/,458,174.5,2026-06-08,2026-06-08,"{""playerId"":800693111,""playerFamilyName"":""Sarran"",""playerGivenName"":""Prakaash"",""playerNationalityCode"":""IND"",""playerNationality"":""India"",""profileLink"":""/en/players/prakaash-sarran/800693111/ind/jt/s/"",""gender"":""M"",""hiddenPlayer"":false,""birthYear"":2009,""rankMovement"":63,""rank"":458,""rankEqualFlag"":"""",""tournamentsPlayed"":29,""points"":174.5,""profileImage"":""/media/1490/itf-uk-profile-placeholder-male.jpg?anchor=center&mode=crop&width=54&height=72&rnd=132174204480000000"",""tournamentsPlayedSingles"":null,""tournamentsPlayedDoubles"":null,""pointsRankingSingles"":null,""pointsRankingDoubles"":null,""pointsRankingTotal"":null}"
800592340,Oleg Covian,Oleg,Covian,M,B,ESP,Spain,,2009,2027,,https://www.itftennis.com/en/players/oleg-covian/800592340/esp/jt/s/,459,174.5,2026-06-02,2026-06-08,"{""playerId"":800592340,""playerFamilyName"":""Covian"",""playerGivenName"":""Oleg"",""playerNationalityCode"":""ESP"",""playerNationality"":""Spain"",""profileLink"":""/en/players/oleg-covian/800592340/esp/jt/s/"",""gender"":""M"",""hiddenPlayer"":false,""birthYear"":2009,""rankMovement"":-3,""rank"":459,""rankEqualFlag"":"""",""tournamentsPlayed"":37,""points"":174.5,""profileImage"":""/media/1490/itf-uk-profile-placeholder-male.jpg?anchor=center&mode=crop&width=54&height=72&rnd=132174204480000000"",""tournamentsPlayedSingles"":null,""tournamentsPlayedDoubles"":null,""pointsRankingSingles"":null,""pointsRankingDoubles"":null,""pointsRankingTotal"":null}"
800738422,Shijie Chen,Shijie,Chen,M,B,CHN,"China, P.R.",,2008,2026,,https://www.itftennis.com/en/players/shijie-chen/800738422/chn/jt/s/,460,173.5,2026-06-02,2026-06-08,"{""playerId"":800738422,""playerFamilyName"":""Chen"",""playerGivenName"":""Shijie"",""playerNationalityCode"":""CHN"",""playerNationality"":""China, P.R."",""profileLink"":""/en/players/shijie-chen/800738422/chn/jt/s/"",""gender"":""M"",""hiddenPlayer"":false,""birthYear"":2008,""rankMovement"":-3,""rank"":460,""rankEqualFlag"":"""",""tournamentsPlayed"":34,""points"":173.5,""profileImage"":""/media/1490/itf-uk-profile-placeholder-male.jpg?anchor=center&mode=crop&width=54&height=72&rnd=132174204480000000"",""tournamentsPlayedSingles"":null,""tournamentsPlayedDoubles"":null,""pointsRankingSingles"":null,""pointsRankingDoubles"":null,""pointsRankingTotal"":null}"
800588272,Jesse Clarkson,Jesse,Clarkson,M,B,GBR,Great Britain,,2008,2026,,https://www.itftennis.com/en/players/jesse-clarkson/800588272/gbr/jt/s/,461,173.25,2026-06-02,2026-06-08,"{""playerId"":800588272,""playerFamilyName"":""Clarkson"",""playerGivenName"":""Jesse"",""playerNationalityCode"":""GBR"",""playerNationality"":""Great Britain"",""profileLink"":""/en/players/jesse-clarkson/800588272/gbr/jt/s/"",""gender"":""M"",""hiddenPlayer"":false,""birthYear"":2008,""rankMovement"":-3,""rank"":461,""rankEqualFlag"":"""",""tournamentsPlayed"":28,""points"":173.25,""profileImage"":""/media/1490/itf-uk-profile-placeholder-male.jpg?anchor=center&mode=crop&width=54&height=72&rnd=132174204480000000"",""tournamentsPlayedSingles"":null,""tournamentsPlayedDoubles"":null,""pointsRankingSingles"":null,""pointsRankingDoubles"":null,""pointsRankingTotal"":null}"
800752829,Pedro Queiroz,Pedro,Queiroz,M,B,BRA,Brazil,,2009,2027,,https://www.itftennis.com/en/players/pedro-queiroz/800752829/bra/jt/s/,462,172.5,2026-06-02,2026-06-08,"{""playerId"":800752829,""playerFamilyName"":""Queiroz"",""playerGivenName"":""Pedro"",""playerNationalityCode"":""BRA"",""playerNationality"":""Brazil"",""profileLink"":""/en/players/pedro-queiroz/800752829/bra/jt/s/"",""gender"":""M"",""hiddenPlayer"":false,""birthYear"":2009,""rankMovement"":-3,""rank"":462,""rankEqualFlag"":"""",""tournamentsPlayed"":35,""points"":172.5,""profileImage"":""/media/1490/itf-uk-profile-placeholder-male.jpg?anchor=center&mode=crop&width=54&height=72&rnd=132174204480000000"",""tournamentsPlayedSingles"":null,""tournamentsPlayedDoubles"":null,""pointsRankingSingles"":null,""pointsRankingDoubles"":null,""pointsRankingTotal"":null}"
800693132,Aziz Missaoui,Aziz,Missaoui,M,B,TUN,Tunisia,,2008,2026,,https://www.itftennis.com/en/players/aziz-missaoui/800693132/tun/jt/s/,463,172,2026-06-02,2026-06-08,"{""playerId"":800693132,""playerFamilyName"":""Missaoui"",""playerGivenName"":""Aziz"",""playerNationalityCode"":""TUN"",""playerNationality"":""Tunisia"",""profileLink"":""/en/players/aziz-missaoui/800693132/tun/jt/s/"",""gender"":""M"",""hiddenPlayer"":false,""birthYear"":2008,""rankMovement"":-3,""rank"":463,""rankEqualFlag"":"""",""tournamentsPlayed"":29,""points"":172,""profileImage"":""/media/1490/itf-uk-profile-placeholder-male.jpg?anchor=center&mode=crop&width=54&height=72&rnd=132174204480000000"",""tournamentsPlayedSingles"":null,""tournamentsPlayedDoubles"":null,""pointsRankingSingles"":null,""pointsRankingDoubles"":null,""pointsRankingTotal"":null}"
800684702,Mateus Nogueira,Mateus,Nogueira,M,B,BRA,Brazil,,2008,2026,,https://www.itftennis.com/en/players/mateus-nogueira/800684702/bra/jt/s/,464,171.75,2026-06-02,2026-06-08,"{""playerId"":800684702,""playerFamilyName"":""Nogueira"",""playerGivenName"":""Mateus"",""playerNationalityCode"":""BRA"",""playerNationality"":""Brazil"",""profileLink"":""/en/players/mateus-nogueira/800684702/bra/jt/s/"",""gender"":""M"",""hiddenPlayer"":false,""birthYear"":2008,""rankMovement"":18,""rank"":464,""rankEqualFlag"":"""",""tournamentsPlayed"":42,""points"":171.75,""profileImage"":""/media/1490/itf-uk-profile-placeholder-male.jpg?anchor=center&mode=crop&width=54&height=72&rnd=132174204480000000"",""tournamentsPlayedSingles"":null,""tournamentsPlayedDoubles"":null,""pointsRankingSingles"":null,""pointsRankingDoubles"":null,""pointsRankingTotal"":null}"
800636397,Laurentiu Albert Cristian Badea,Laurentiu Albert Cristian,Badea,M,B,ROU,Romania,,2009,2027,,https://www.itftennis.com/en/players/laurentiu-albert-cristian-badea/800636397/rou/jt/s/,465,170.25,2026-06-02,2026-06-08,"{""playerId"":800636397,""playerFamilyName"":""Badea"",""playerGivenName"":""Laurentiu Albert Cristian"",""playerNationalityCode"":""ROU"",""playerNationality"":""Romania"",""profileLink"":""/en/players/laurentiu-albert-cristian-badea/800636397/rou/jt/s/"",""gender"":""M"",""hiddenPlayer"":false,""birthYear"":2009,""rankMovement"":-4,""rank"":465,""rankEqualFlag"":"""",""tournamentsPlayed"":19,""points"":170.25,""profileImage"":""/media/1490/itf-uk-profile-placeholder-male.jpg?anchor=center&mode=crop&width=54&height=72&rnd=132174204480000000"",""tournamentsPlayedSingles"":null,""tournamentsPlayedDoubles"":null,""pointsRankingSingles"":null,""pointsRankingDoubles"":null,""pointsRankingTotal"":null}"
800640458,Evgenii Kafelnikov,Evgenii,Kafelnikov,M,B,RUS,Russia,,2010,2028,,https://www.itftennis.com/en/players/evgenii-kafelnikov/800640458/rus/jt/s/,466,170,2026-06-02,2026-06-08,"{""playerId"":800640458,""playerFamilyName"":""Kafelnikov"",""playerGivenName"":""Evgenii"",""playerNationalityCode"":""RUS"",""playerNationality"":""Russia"",""profileLink"":""/en/players/evgenii-kafelnikov/800640458/rus/jt/s/"",""gender"":""M"",""hiddenPlayer"":false,""birthYear"":2010,""rankMovement"":-4,""rank"":466,""rankEqualFlag"":"""",""tournamentsPlayed"":38,""points"":170,""profileImage"":""/media/1490/itf-uk-profile-placeholder-male.jpg?anchor=center&mode=crop&width=54&height=72&rnd=132174204480000000"",""tournamentsPlayedSingles"":null,""tournamentsPlayedDoubles"":null,""pointsRankingSingles"":null,""pointsRankingDoubles"":null,""pointsRankingTotal"":null}"
800664821,Eric Lorimer,Eric,Lorimer,M,B,GBR,Great Britain,,2010,2028,,https://www.itftennis.com/en/players/eric-lorimer/800664821/gbr/jt/s/,467,170,2026-06-02,2026-06-08,"{""playerId"":800664821,""playerFamilyName"":""Lorimer"",""playerGivenName"":""Eric"",""playerNationalityCode"":""GBR"",""playerNationality"":""Great Britain"",""profileLink"":""/en/players/eric-lorimer/800664821/gbr/jt/s/"",""gender"":""M"",""hiddenPlayer"":false,""birthYear"":2010,""rankMovement"":-4,""rank"":467,""rankEqualFlag"":"""",""tournamentsPlayed"":26,""points"":170,""profileImage"":""/media/1490/itf-uk-profile-placeholder-male.jpg?anchor=center&mode=crop&width=54&height=72&rnd=132174204480000000"",""tournamentsPlayedSingles"":null,""tournamentsPlayedDoubles"":null,""pointsRankingSingles"":null,""pointsRankingDoubles"":null,""pointsRankingTotal"":null}"
800624194,Luke Jie Xi Ho,Luke Jie Xi,Ho,M,B,SGP,Singapore,,2009,2027,,https://www.itftennis.com/en/players/luke-jie-xi-ho/800624194/sgp/jt/s/,468,170,2026-06-02,2026-06-08,"{""playerId"":800624194,""playerFamilyName"":""Ho"",""playerGivenName"":""Luke Jie Xi"",""playerNationalityCode"":""SGP"",""playerNationality"":""Singapore"",""profileLink"":""/en/players/luke-jie-xi-ho/800624194/sgp/jt/s/"",""gender"":""M"",""hiddenPlayer"":false,""birthYear"":2009,""rankMovement"":-19,""rank"":468,""rankEqualFlag"":"""",""tournamentsPlayed"":41,""points"":170,""profileImage"":""/media/1490/itf-uk-profile-placeholder-male.jpg?anchor=center&mode=crop&width=54&height=72&rnd=132174204480000000"",""tournamentsPlayedSingles"":null,""tournamentsPlayedDoubles"":null,""pointsRankingSingles"":null,""pointsRankingDoubles"":null,""pointsRankingTotal"":null}"
800728578,Gabriel Jessup,Gabriel,Jessup,M,B,USA,USA,,2008,2026,,https://www.itftennis.com/en/players/gabriel-jessup/800728578/usa/jt/s/,469,169.25,2026-06-02,2026-06-08,"{""playerId"":800728578,""playerFamilyName"":""Jessup"",""playerGivenName"":""Gabriel"",""playerNationalityCode"":""USA"",""playerNationality"":""USA"",""profileLink"":""/en/players/gabriel-jessup/800728578/usa/jt/s/"",""gender"":""M"",""hiddenPlayer"":false,""birthYear"":2008,""rankMovement"":-5,""rank"":469,""rankEqualFlag"":"""",""tournamentsPlayed"":9,""points"":169.25,""profileImage"":""/media/1490/itf-uk-profile-placeholder-male.jpg?anchor=center&mode=crop&width=54&height=72&rnd=132174204480000000"",""tournamentsPlayedSingles"":null,""tournamentsPlayedDoubles"":null,""pointsRankingSingles"":null,""pointsRankingDoubles"":null,""pointsRankingTotal"":null}"
800756384,Youssef Mourid,Youssef,Mourid,M,B,EGY,Egypt,,2010,2028,,https://www.itftennis.com/en/players/youssef-mourid/800756384/egy/jt/s/,470,169,2026-06-02,2026-06-08,"{""playerId"":800756384,""playerFamilyName"":""Mourid"",""playerGivenName"":""Youssef"",""playerNationalityCode"":""EGY"",""playerNationality"":""Egypt"",""profileLink"":""/en/players/youssef-mourid/800756384/egy/jt/s/"",""gender"":""M"",""hiddenPlayer"":false,""birthYear"":2010,""rankMovement"":-4,""rank"":470,""rankEqualFlag"":"""",""tournamentsPlayed"":34,""points"":169,""profileImage"":""/media/1490/itf-uk-profile-placeholder-male.jpg?anchor=center&mode=crop&width=54&height=72&rnd=132174204480000000"",""tournamentsPlayedSingles"":null,""tournamentsPlayedDoubles"":null,""pointsRankingSingles"":null,""pointsRankingDoubles"":null,""pointsRankingTotal"":null}"
800705298,Alejandro Pena,Alejandro,Pena,M,B,COL,Colombia,,2008,2026,,https://www.itftennis.com/en/players/alejandro-pena/800705298/col/jt/s/,471,169,2026-06-02,2026-06-08,"{""playerId"":800705298,""playerFamilyName"":""Pena"",""playerGivenName"":""Alejandro"",""playerNationalityCode"":""COL"",""playerNationality"":""Colombia"",""profileLink"":""/en/players/alejandro-pena/800705298/col/jt/s/"",""gender"":""M"",""hiddenPlayer"":false,""birthYear"":2008,""rankMovement"":-4,""rank"":471,""rankEqualFlag"":"""",""tournamentsPlayed"":15,""points"":169,""profileImage"":""/media/1490/itf-uk-profile-placeholder-male.jpg?anchor=center&mode=crop&width=54&height=72&rnd=132174204480000000"",""tournamentsPlayedSingles"":null,""tournamentsPlayedDoubles"":null,""pointsRankingSingles"":null,""pointsRankingDoubles"":null,""pointsRankingTotal"":null}"
800753060,Matias Quintero Tobon,Matias,Quintero Tobon,M,B,COL,Colombia,,2009,2027,,https://www.itftennis.com/en/players/matias-quintero-tobon/800753060/col/jt/s/,472,168.5,2026-06-02,2026-06-08,"{""playerId"":800753060,""playerFamilyName"":""Quintero Tobon"",""playerGivenName"":""Matias"",""playerNationalityCode"":""COL"",""playerNationality"":""Colombia"",""profileLink"":""/en/players/matias-quintero-tobon/800753060/col/jt/s/"",""gender"":""M"",""hiddenPlayer"":false,""birthYear"":2009,""rankMovement"":-3,""rank"":472,""rankEqualFlag"":"""",""tournamentsPlayed"":39,""points"":168.5,""profileImage"":""/media/1490/itf-uk-profile-placeholder-male.jpg?anchor=center&mode=crop&width=54&height=72&rnd=132174204480000000"",""tournamentsPlayedSingles"":null,""tournamentsPlayedDoubles"":null,""pointsRankingSingles"":null,""pointsRankingDoubles"":null,""pointsRankingTotal"":null}"
800678746,Petar Ciangherotti,Petar,Ciangherotti,M,B,ITA,Italy,,2009,2027,,https://www.itftennis.com/en/players/petar-ciangherotti/800678746/ita/jt/s/,473,168.5,2026-06-02,2026-06-08,"{""playerId"":800678746,""playerFamilyName"":""Ciangherotti"",""playerGivenName"":""Petar"",""playerNationalityCode"":""ITA"",""playerNationality"":""Italy"",""profileLink"":""/en/players/petar-ciangherotti/800678746/ita/jt/s/"",""gender"":""M"",""hiddenPlayer"":false,""birthYear"":2009,""rankMovement"":-5,""rank"":473,""rankEqualFlag"":"""",""tournamentsPlayed"":30,""points"":168.5,""profileImage"":""/media/1490/itf-uk-profile-placeholder-male.jpg?anchor=center&mode=crop&width=54&height=72&rnd=132174204480000000"",""tournamentsPlayedSingles"":null,""tournamentsPlayedDoubles"":null,""pointsRankingSingles"":null,""pointsRankingDoubles"":null,""pointsRankingTotal"":null}"
800765322,Shaan A Majeed,Shaan A,Majeed,M,B,USA,USA,,2009,2027,,https://www.itftennis.com/en/players/shaan-a-majeed/800765322/usa/jt/s/,474,168,2026-06-02,2026-06-08,"{""playerId"":800765322,""playerFamilyName"":""Majeed"",""playerGivenName"":""Shaan A"",""playerNationalityCode"":""USA"",""playerNationality"":""USA"",""profileLink"":""/en/players/shaan-a-majeed/800765322/usa/jt/s/"",""gender"":""M"",""hiddenPlayer"":false,""birthYear"":2009,""rankMovement"":-4,""rank"":474,""rankEqualFlag"":"""",""tournamentsPlayed"":15,""points"":168,""profileImage"":""/media/1490/itf-uk-profile-placeholder-male.jpg?anchor=center&mode=crop&width=54&height=72&rnd=132174204480000000"",""tournamentsPlayedSingles"":null,""tournamentsPlayedDoubles"":null,""pointsRankingSingles"":null,""pointsRankingDoubles"":null,""pointsRankingTotal"":null}"
800691051,Rafael Pagonis,Rafael,Pagonis,M,B,GRE,Greece,,2011,2029,,https://www.itftennis.com/en/players/rafael-pagonis/800691051/gre/jt/s/,475,168,2026-06-02,2026-06-08,"{""playerId"":800691051,""playerFamilyName"":""Pagonis"",""playerGivenName"":""Rafael"",""playerNationalityCode"":""GRE"",""playerNationality"":""Greece"",""profileLink"":""/en/players/rafael-pagonis/800691051/gre/jt/s/"",""gender"":""M"",""hiddenPlayer"":false,""birthYear"":2011,""rankMovement"":-4,""rank"":475,""rankEqualFlag"":"""",""tournamentsPlayed"":11,""points"":168,""profileImage"":""/media/1490/itf-uk-profile-placeholder-male.jpg?anchor=center&mode=crop&width=54&height=72&rnd=132174204480000000"",""tournamentsPlayedSingles"":null,""tournamentsPlayedDoubles"":null,""pointsRankingSingles"":null,""pointsRankingDoubles"":null,""pointsRankingTotal"":null}"
800725172,AbuBakar Talha,AbuBakar,Talha,M,B,PAK,Pakistan,,2010,2028,,https://www.itftennis.com/en/players/abubakar-talha/800725172/pak/jt/s/,476,168,2026-06-02,2026-06-08,"{""playerId"":800725172,""playerFamilyName"":""Talha"",""playerGivenName"":""AbuBakar"",""playerNationalityCode"":""PAK"",""playerNationality"":""Pakistan"",""profileLink"":""/en/players/abubakar-talha/800725172/pak/jt/s/"",""gender"":""M"",""hiddenPlayer"":false,""birthYear"":2010,""rankMovement"":-4,""rank"":476,""rankEqualFlag"":"""",""tournamentsPlayed"":16,""points"":168,""profileImage"":""/media/1490/itf-uk-profile-placeholder-male.jpg?anchor=center&mode=crop&width=54&height=72&rnd=132174204480000000"",""tournamentsPlayedSingles"":null,""tournamentsPlayedDoubles"":null,""pointsRankingSingles"":null,""pointsRankingDoubles"":null,""pointsRankingTotal"":null}"
800586051,Filip Ladman,Filip,Ladman,M,B,CZE,Czechia,,2009,2027,,https://www.itftennis.com/en/players/filip-ladman/800586051/cze/jt/s/,477,167.5,2026-06-02,2026-06-08,"{""playerId"":800586051,""playerFamilyName"":""Ladman"",""playerGivenName"":""Filip"",""playerNationalityCode"":""CZE"",""playerNationality"":""Czechia"",""profileLink"":""/en/players/filip-ladman/800586051/cze/jt/s/"",""gender"":""M"",""hiddenPlayer"":false,""birthYear"":2009,""rankMovement"":-52,""rank"":477,""rankEqualFlag"":"""",""tournamentsPlayed"":36,""points"":167.5,""profileImage"":""/media/1490/itf-uk-profile-placeholder-male.jpg?anchor=center&mode=crop&width=54&height=72&rnd=132174204480000000"",""tournamentsPlayedSingles"":null,""tournamentsPlayedDoubles"":null,""pointsRankingSingles"":null,""pointsRankingDoubles"":null,""pointsRankingTotal"":null}"
800597641,Ethan David Zapp,Ethan David,Zapp,M,B,INA,Indonesia,,2008,2026,,https://www.itftennis.com/en/players/ethan-david-zapp/800597641/ina/jt/s/,478,167,2026-06-02,2026-06-08,"{""playerId"":800597641,""playerFamilyName"":""Zapp"",""playerGivenName"":""Ethan David"",""playerNationalityCode"":""INA"",""playerNationality"":""Indonesia"",""profileLink"":""/en/players/ethan-david-zapp/800597641/ina/jt/s/"",""gender"":""M"",""hiddenPlayer"":false,""birthYear"":2008,""rankMovement"":-5,""rank"":478,""rankEqualFlag"":"""",""tournamentsPlayed"":32,""points"":167,""profileImage"":""/media/1490/itf-uk-profile-placeholder-male.jpg?anchor=center&mode=crop&width=54&height=72&rnd=132174204480000000"",""tournamentsPlayedSingles"":null,""tournamentsPlayedDoubles"":null,""pointsRankingSingles"":null,""pointsRankingDoubles"":null,""pointsRankingTotal"":null}"
800593314,Artem Semenov,Artem,Semenov,M,B,RUS,Russia,,2009,2027,,https://www.itftennis.com/en/players/artem-semenov/800593314/rus/jt/s/,479,166.5,2026-06-02,2026-06-08,"{""playerId"":800593314,""playerFamilyName"":""Semenov"",""playerGivenName"":""Artem"",""playerNationalityCode"":""RUS"",""playerNationality"":""Russia"",""profileLink"":""/en/players/artem-semenov/800593314/rus/jt/s/"",""gender"":""M"",""hiddenPlayer"":false,""birthYear"":2009,""rankMovement"":-5,""rank"":479,""rankEqualFlag"":"""",""tournamentsPlayed"":26,""points"":166.5,""profileImage"":""/media/1490/itf-uk-profile-placeholder-male.jpg?anchor=center&mode=crop&width=54&height=72&rnd=132174204480000000"",""tournamentsPlayedSingles"":null,""tournamentsPlayedDoubles"":null,""pointsRankingSingles"":null,""pointsRankingDoubles"":null,""pointsRankingTotal"":null}"
800733684,Jian Huang,Jian,Huang,M,B,CHN,"China, P.R.",,2008,2026,,https://www.itftennis.com/en/players/jian-huang/800733684/chn/jt/s/,480,166.25,2026-06-02,2026-06-08,"{""playerId"":800733684,""playerFamilyName"":""Huang"",""playerGivenName"":""Jian"",""playerNationalityCode"":""CHN"",""playerNationality"":""China, P.R."",""profileLink"":""/en/players/jian-huang/800733684/chn/jt/s/"",""gender"":""M"",""hiddenPlayer"":false,""birthYear"":2008,""rankMovement"":-5,""rank"":480,""rankEqualFlag"":"""",""tournamentsPlayed"":41,""points"":166.25,""profileImage"":""/media/1490/itf-uk-profile-placeholder-male.jpg?anchor=center&mode=crop&width=54&height=72&rnd=132174204480000000"",""tournamentsPlayedSingles"":null,""tournamentsPlayedDoubles"":null,""pointsRankingSingles"":null,""pointsRankingDoubles"":null,""pointsRankingTotal"":null}"
800710227,Nemanja Savic,Nemanja,Savic,M,B,AUS,Australia,,2008,2026,,https://www.itftennis.com/en/players/nemanja-savic/800710227/aus/jt/s/,481,164.75,2026-06-02,2026-06-08,"{""playerId"":800710227,""playerFamilyName"":""Savic"",""playerGivenName"":""Nemanja"",""playerNationalityCode"":""AUS"",""playerNationality"":""Australia"",""profileLink"":""/en/players/nemanja-savic/800710227/aus/jt/s/"",""gender"":""M"",""hiddenPlayer"":false,""birthYear"":2008,""rankMovement"":18,""rank"":481,""rankEqualFlag"":"""",""tournamentsPlayed"":20,""points"":164.75,""profileImage"":""/media/1490/itf-uk-profile-placeholder-male.jpg?anchor=center&mode=crop&width=54&height=72&rnd=132174204480000000"",""tournamentsPlayedSingles"":null,""tournamentsPlayedDoubles"":null,""pointsRankingSingles"":null,""pointsRankingDoubles"":null,""pointsRankingTotal"":null}"
800621925,Matija Putic,Matija,Putic,M,B,SRB,Serbia,,2009,2027,,https://www.itftennis.com/en/players/matija-putic/800621925/srb/jt/s/,482,164.25,2026-06-02,2026-06-08,"{""playerId"":800621925,""playerFamilyName"":""Putic"",""playerGivenName"":""Matija"",""playerNationalityCode"":""SRB"",""playerNationality"":""Serbia"",""profileLink"":""/en/players/matija-putic/800621925/srb/jt/s/"",""gender"":""M"",""hiddenPlayer"":false,""birthYear"":2009,""rankMovement"":-6,""rank"":482,""rankEqualFlag"":"""",""tournamentsPlayed"":28,""points"":164.25,""profileImage"":""/media/1490/itf-uk-profile-placeholder-male.jpg?anchor=center&mode=crop&width=54&height=72&rnd=132174204480000000"",""tournamentsPlayedSingles"":null,""tournamentsPlayedDoubles"":null,""pointsRankingSingles"":null,""pointsRankingDoubles"":null,""pointsRankingTotal"":null}"
800797145,John Murphy,John,Murphy,M,B,USA,USA,,2009,2027,,https://www.itftennis.com/en/players/john-murphy/800797145/usa/jt/s/,483,164,2026-06-02,2026-06-08,"{""playerId"":800797145,""playerFamilyName"":""Murphy"",""playerGivenName"":""John"",""playerNationalityCode"":""USA"",""playerNationality"":""USA"",""profileLink"":""/en/players/john-murphy/800797145/usa/jt/s/"",""gender"":""M"",""hiddenPlayer"":false,""birthYear"":2009,""rankMovement"":-6,""rank"":483,""rankEqualFlag"":"""",""tournamentsPlayed"":28,""points"":164,""profileImage"":""/media/1490/itf-uk-profile-placeholder-male.jpg?anchor=center&mode=crop&width=54&height=72&rnd=132174204480000000"",""tournamentsPlayedSingles"":null,""tournamentsPlayedDoubles"":null,""pointsRankingSingles"":null,""pointsRankingDoubles"":null,""pointsRankingTotal"":null}"
800754775,TING-HO YANG,TING-HO,YANG,M,B,TPE,Chinese Taipei,,2009,2027,,https://www.itftennis.com/en/players/ting-ho-yang/800754775/tpe/jt/s/,484,163.5,2026-06-02,2026-06-08,"{""playerId"":800754775,""playerFamilyName"":""YANG"",""playerGivenName"":""TING-HO"",""playerNationalityCode"":""TPE"",""playerNationality"":""Chinese Taipei"",""profileLink"":""/en/players/ting-ho-yang/800754775/tpe/jt/s/"",""gender"":""M"",""hiddenPlayer"":false,""birthYear"":2009,""rankMovement"":-6,""rank"":484,""rankEqualFlag"":"""",""tournamentsPlayed"":32,""points"":163.5,""profileImage"":""/media/1490/itf-uk-profile-placeholder-male.jpg?anchor=center&mode=crop&width=54&height=72&rnd=132174204480000000"",""tournamentsPlayedSingles"":null,""tournamentsPlayedDoubles"":null,""pointsRankingSingles"":null,""pointsRankingDoubles"":null,""pointsRankingTotal"":null}"
800746757,Macksimus Malhotra,Macksimus,Malhotra,M,B,USA,USA,,2009,2027,,https://www.itftennis.com/en/players/macksimus-malhotra/800746757/usa/jt/s/,485,163.25,2026-06-02,2026-06-08,"{""playerId"":800746757,""playerFamilyName"":""Malhotra"",""playerGivenName"":""Macksimus"",""playerNationalityCode"":""USA"",""playerNationality"":""USA"",""profileLink"":""/en/players/macksimus-malhotra/800746757/usa/jt/s/"",""gender"":""M"",""hiddenPlayer"":false,""birthYear"":2009,""rankMovement"":-6,""rank"":485,""rankEqualFlag"":"""",""tournamentsPlayed"":21,""points"":163.25,""profileImage"":""/media/1490/itf-uk-profile-placeholder-male.jpg?anchor=center&mode=crop&width=54&height=72&rnd=132174204480000000"",""tournamentsPlayedSingles"":null,""tournamentsPlayedDoubles"":null,""pointsRankingSingles"":null,""pointsRankingDoubles"":null,""pointsRankingTotal"":null}"
800758943,Daisuke Hashimoto,Daisuke,Hashimoto,M,B,JPN,Japan,,2010,2028,,https://www.itftennis.com/en/players/daisuke-hashimoto/800758943/jpn/jt/s/,486,162.75,2026-06-08,2026-06-08,"{""playerId"":800758943,""playerFamilyName"":""Hashimoto"",""playerGivenName"":""Daisuke"",""playerNationalityCode"":""JPN"",""playerNationality"":""Japan"",""profileLink"":""/en/players/daisuke-hashimoto/800758943/jpn/jt/s/"",""gender"":""M"",""hiddenPlayer"":false,""birthYear"":2010,""rankMovement"":17,""rank"":486,""rankEqualFlag"":"""",""tournamentsPlayed"":29,""points"":162.75,""profileImage"":""/media/1490/itf-uk-profile-placeholder-male.jpg?anchor=center&mode=crop&width=54&height=72&rnd=132174204480000000"",""tournamentsPlayedSingles"":null,""tournamentsPlayedDoubles"":null,""pointsRankingSingles"":null,""pointsRankingDoubles"":null,""pointsRankingTotal"":null}"
800712076,Gonzalo Corrales Chavarria,Gonzalo,Corrales Chavarria,M,B,ESP,Spain,,2010,2028,,https://www.itftennis.com/en/players/gonzalo-corrales-chavarria/800712076/esp/jt/s/,487,162.75,2026-06-02,2026-06-08,"{""playerId"":800712076,""playerFamilyName"":""Corrales Chavarria"",""playerGivenName"":""Gonzalo"",""playerNationalityCode"":""ESP"",""playerNationality"":""Spain"",""profileLink"":""/en/players/gonzalo-corrales-chavarria/800712076/esp/jt/s/"",""gender"":""M"",""hiddenPlayer"":false,""birthYear"":2010,""rankMovement"":-7,""rank"":487,""rankEqualFlag"":"""",""tournamentsPlayed"":24,""points"":162.75,""profileImage"":""/media/1490/itf-uk-profile-placeholder-male.jpg?anchor=center&mode=crop&width=54&height=72&rnd=132174204480000000"",""tournamentsPlayedSingles"":null,""tournamentsPlayedDoubles"":null,""pointsRankingSingles"":null,""pointsRankingDoubles"":null,""pointsRankingTotal"":null}"
800753720,Alvin Na,Alvin,Na,M,B,NZL,New Zealand,,2010,2028,,https://www.itftennis.com/en/players/alvin-na/800753720/nzl/jt/s/,488,162.5,2026-06-02,2026-06-08,"{""playerId"":800753720,""playerFamilyName"":""Na"",""playerGivenName"":""Alvin"",""playerNationalityCode"":""NZL"",""playerNationality"":""New Zealand"",""profileLink"":""/en/players/alvin-na/800753720/nzl/jt/s/"",""gender"":""M"",""hiddenPlayer"":false,""birthYear"":2010,""rankMovement"":12,""rank"":488,""rankEqualFlag"":"""",""tournamentsPlayed"":27,""points"":162.5,""profileImage"":""/media/1490/itf-uk-profile-placeholder-male.jpg?anchor=center&mode=crop&width=54&height=72&rnd=132174204480000000"",""tournamentsPlayedSingles"":null,""tournamentsPlayedDoubles"":null,""pointsRankingSingles"":null,""pointsRankingDoubles"":null,""pointsRankingTotal"":null}"
800780744,Boshi Wang,Boshi,Wang,M,B,CHN,"China, P.R.",,2011,2029,,https://www.itftennis.com/en/players/boshi-wang/800780744/chn/jt/s/,489,162.25,2026-06-08,2026-06-08,"{""playerId"":800780744,""playerFamilyName"":""Wang"",""playerGivenName"":""Boshi"",""playerNationalityCode"":""CHN"",""playerNationality"":""China, P.R."",""profileLink"":""/en/players/boshi-wang/800780744/chn/jt/s/"",""gender"":""M"",""hiddenPlayer"":false,""birthYear"":2011,""rankMovement"":102,""rank"":489,""rankEqualFlag"":"""",""tournamentsPlayed"":28,""points"":162.25,""profileImage"":""/media/1490/itf-uk-profile-placeholder-male.jpg?anchor=center&mode=crop&width=54&height=72&rnd=132174204480000000"",""tournamentsPlayedSingles"":null,""tournamentsPlayedDoubles"":null,""pointsRankingSingles"":null,""pointsRankingDoubles"":null,""pointsRankingTotal"":null}"
800737788,Bruno Rodrigues,Bruno,Rodrigues,M,B,BRA,Brazil,,2008,2026,,https://www.itftennis.com/en/players/bruno-rodrigues/800737788/bra/jt/s/,490,161.5,2026-06-02,2026-06-08,"{""playerId"":800737788,""playerFamilyName"":""Rodrigues"",""playerGivenName"":""Bruno"",""playerNationalityCode"":""BRA"",""playerNationality"":""Brazil"",""profileLink"":""/en/players/bruno-rodrigues/800737788/bra/jt/s/"",""gender"":""M"",""hiddenPlayer"":false,""birthYear"":2008,""rankMovement"":-9,""rank"":490,""rankEqualFlag"":"""",""tournamentsPlayed"":25,""points"":161.5,""profileImage"":""/media/1490/itf-uk-profile-placeholder-male.jpg?anchor=center&mode=crop&width=54&height=72&rnd=132174204480000000"",""tournamentsPlayedSingles"":null,""tournamentsPlayedDoubles"":null,""pointsRankingSingles"":null,""pointsRankingDoubles"":null,""pointsRankingTotal"":null}"
800675149,Jakob Joggerst,Jakob,Joggerst,M,B,GER,Germany,,2009,2027,,https://www.itftennis.com/en/players/jakob-joggerst/800675149/ger/jt/s/,491,161,2026-06-02,2026-06-08,"{""playerId"":800675149,""playerFamilyName"":""Joggerst"",""playerGivenName"":""Jakob"",""playerNationalityCode"":""GER"",""playerNationality"":""Germany"",""profileLink"":""/en/players/jakob-joggerst/800675149/ger/jt/s/"",""gender"":""M"",""hiddenPlayer"":false,""birthYear"":2009,""rankMovement"":-8,""rank"":491,""rankEqualFlag"":"""",""tournamentsPlayed"":39,""points"":161,""profileImage"":""/media/1490/itf-uk-profile-placeholder-male.jpg?anchor=center&mode=crop&width=54&height=72&rnd=132174204480000000"",""tournamentsPlayedSingles"":null,""tournamentsPlayedDoubles"":null,""pointsRankingSingles"":null,""pointsRankingDoubles"":null,""pointsRankingTotal"":null}"
800627137,Yuta Amano,Yuta,Amano,M,B,JPN,Japan,,2009,2027,,https://www.itftennis.com/en/players/yuta-amano/800627137/jpn/jt/s/,492,160.75,2026-06-02,2026-06-08,"{""playerId"":800627137,""playerFamilyName"":""Amano"",""playerGivenName"":""Yuta"",""playerNationalityCode"":""JPN"",""playerNationality"":""Japan"",""profileLink"":""/en/players/yuta-amano/800627137/jpn/jt/s/"",""gender"":""M"",""hiddenPlayer"":false,""birthYear"":2009,""rankMovement"":-7,""rank"":492,""rankEqualFlag"":"""",""tournamentsPlayed"":38,""points"":160.75,""profileImage"":""/media/1490/itf-uk-profile-placeholder-male.jpg?anchor=center&mode=crop&width=54&height=72&rnd=132174204480000000"",""tournamentsPlayedSingles"":null,""tournamentsPlayedDoubles"":null,""pointsRankingSingles"":null,""pointsRankingDoubles"":null,""pointsRankingTotal"":null}"
800676649,Knut Andersch,Knut,Andersch,M,B,SWE,Sweden,,2009,2027,,https://www.itftennis.com/en/players/knut-andersch/800676649/swe/jt/s/,493,160.5,2026-06-02,2026-06-08,"{""playerId"":800676649,""playerFamilyName"":""Andersch"",""playerGivenName"":""Knut"",""playerNationalityCode"":""SWE"",""playerNationality"":""Sweden"",""profileLink"":""/en/players/knut-andersch/800676649/swe/jt/s/"",""gender"":""M"",""hiddenPlayer"":false,""birthYear"":2009,""rankMovement"":-7,""rank"":493,""rankEqualFlag"":"""",""tournamentsPlayed"":15,""points"":160.5,""profileImage"":""/media/1490/itf-uk-profile-placeholder-male.jpg?anchor=center&mode=crop&width=54&height=72&rnd=132174204480000000"",""tournamentsPlayedSingles"":null,""tournamentsPlayedDoubles"":null,""pointsRankingSingles"":null,""pointsRankingDoubles"":null,""pointsRankingTotal"":null}"
800638904,Marko Savija,Marko,Savija,M,B,SRB,Serbia,,2008,2026,,https://www.itftennis.com/en/players/marko-savija/800638904/srb/jt/s/,494,160.25,2026-06-02,2026-06-08,"{""playerId"":800638904,""playerFamilyName"":""Savija"",""playerGivenName"":""Marko"",""playerNationalityCode"":""SRB"",""playerNationality"":""Serbia"",""profileLink"":""/en/players/marko-savija/800638904/srb/jt/s/"",""gender"":""M"",""hiddenPlayer"":false,""birthYear"":2008,""rankMovement"":-7,""rank"":494,""rankEqualFlag"":"""",""tournamentsPlayed"":31,""points"":160.25,""profileImage"":""/media/1490/itf-uk-profile-placeholder-male.jpg?anchor=center&mode=crop&width=54&height=72&rnd=132174204480000000"",""tournamentsPlayedSingles"":null,""tournamentsPlayedDoubles"":null,""pointsRankingSingles"":null,""pointsRankingDoubles"":null,""pointsRankingTotal"":null}"
800585584,Sion Ji,Sion,Ji,M,B,KOR,"Korea, Rep.",,2008,2026,,https://www.itftennis.com/en/players/sion-ji/800585584/kor/jt/s/,495,160.25,2026-06-02,2026-06-08,"{""playerId"":800585584,""playerFamilyName"":""Ji"",""playerGivenName"":""Sion"",""playerNationalityCode"":""KOR"",""playerNationality"":""Korea, Rep."",""profileLink"":""/en/players/sion-ji/800585584/kor/jt/s/"",""gender"":""M"",""hiddenPlayer"":false,""birthYear"":2008,""rankMovement"":-7,""rank"":495,""rankEqualFlag"":"""",""tournamentsPlayed"":10,""points"":160.25,""profileImage"":""/media/1490/itf-uk-profile-placeholder-male.jpg?anchor=center&mode=crop&width=54&height=72&rnd=132174204480000000"",""tournamentsPlayedSingles"":null,""tournamentsPlayedDoubles"":null,""pointsRankingSingles"":null,""pointsRankingDoubles"":null,""pointsRankingTotal"":null}"
800651342,Kasra Nathaniel Shirazi,Kasra Nathaniel,Shirazi,M,B,GBR,Great Britain,,2009,2027,,https://www.itftennis.com/en/players/kasra-nathaniel-shirazi/800651342/gbr/jt/s/,496,160,2026-06-02,2026-06-08,"{""playerId"":800651342,""playerFamilyName"":""Shirazi"",""playerGivenName"":""Kasra Nathaniel"",""playerNationalityCode"":""GBR"",""playerNationality"":""Great Britain"",""profileLink"":""/en/players/kasra-nathaniel-shirazi/800651342/gbr/jt/s/"",""gender"":""M"",""hiddenPlayer"":false,""birthYear"":2009,""rankMovement"":-7,""rank"":496,""rankEqualFlag"":"""",""tournamentsPlayed"":37,""points"":160,""profileImage"":""/media/1490/itf-uk-profile-placeholder-male.jpg?anchor=center&mode=crop&width=54&height=72&rnd=132174204480000000"",""tournamentsPlayedSingles"":null,""tournamentsPlayedDoubles"":null,""pointsRankingSingles"":null,""pointsRankingDoubles"":null,""pointsRankingTotal"":null}"
800739462,Siyun Kim,Siyun,Kim,M,B,KOR,"Korea, Rep.",,2011,2029,,https://www.itftennis.com/en/players/siyun-kim/800739462/kor/jt/s/,497,159.75,2026-06-08,2026-06-08,"{""playerId"":800739462,""playerFamilyName"":""Kim"",""playerGivenName"":""Siyun"",""playerNationalityCode"":""KOR"",""playerNationality"":""Korea, Rep."",""profileLink"":""/en/players/siyun-kim/800739462/kor/jt/s/"",""gender"":""M"",""hiddenPlayer"":false,""birthYear"":2011,""rankMovement"":92,""rank"":497,""rankEqualFlag"":"""",""tournamentsPlayed"":22,""points"":159.75,""profileImage"":""/media/1490/itf-uk-profile-placeholder-male.jpg?anchor=center&mode=crop&width=54&height=72&rnd=132174204480000000"",""tournamentsPlayedSingles"":null,""tournamentsPlayedDoubles"":null,""pointsRankingSingles"":null,""pointsRankingDoubles"":null,""pointsRankingTotal"":null}"
800626846,LORENZO ELIA,LORENZO,ELIA,M,B,ITA,Italy,,2008,2026,,https://www.itftennis.com/en/players/lorenzo-elia/800626846/ita/jt/s/,498,159.5,2026-06-02,2026-06-08,"{""playerId"":800626846,""playerFamilyName"":""ELIA"",""playerGivenName"":""LORENZO"",""playerNationalityCode"":""ITA"",""playerNationality"":""Italy"",""profileLink"":""/en/players/lorenzo-elia/800626846/ita/jt/s/"",""gender"":""M"",""hiddenPlayer"":false,""birthYear"":2008,""rankMovement"":-8,""rank"":498,""rankEqualFlag"":"""",""tournamentsPlayed"":28,""points"":159.5,""profileImage"":""/media/1490/itf-uk-profile-placeholder-male.jpg?anchor=center&mode=crop&width=54&height=72&rnd=132174204480000000"",""tournamentsPlayedSingles"":null,""tournamentsPlayedDoubles"":null,""pointsRankingSingles"":null,""pointsRankingDoubles"":null,""pointsRankingTotal"":null}"
800692775,Sebastian Bielen,Sebastian,Bielen,M,B,USA,USA,,2008,2026,,https://www.itftennis.com/en/players/sebastian-bielen/800692775/usa/jt/s/,499,159.25,2026-06-02,2026-06-08,"{""playerId"":800692775,""playerFamilyName"":""Bielen"",""playerGivenName"":""Sebastian"",""playerNationalityCode"":""USA"",""playerNationality"":""USA"",""profileLink"":""/en/players/sebastian-bielen/800692775/usa/jt/s/"",""gender"":""M"",""hiddenPlayer"":false,""birthYear"":2008,""rankMovement"":-8,""rank"":499,""rankEqualFlag"":"""",""tournamentsPlayed"":8,""points"":159.25,""profileImage"":""/media/1490/itf-uk-profile-placeholder-male.jpg?anchor=center&mode=crop&width=54&height=72&rnd=132174204480000000"",""tournamentsPlayedSingles"":null,""tournamentsPlayedDoubles"":null,""pointsRankingSingles"":null,""pointsRankingDoubles"":null,""pointsRankingTotal"":null}"
800774005,Peter Nistad,Peter,Nistad,M,B,USA,USA,,2009,2027,,https://www.itftennis.com/en/players/peter-nistad/800774005/usa/jt/s/,500,159.25,2026-06-02,2026-06-08,"{""playerId"":800774005,""playerFamilyName"":""Nistad"",""playerGivenName"":""Peter"",""playerNationalityCode"":""USA"",""playerNationality"":""USA"",""profileLink"":""/en/players/peter-nistad/800774005/usa/jt/s/"",""gender"":""M"",""hiddenPlayer"":false,""birthYear"":2009,""rankMovement"":-16,""rank"":500,""rankEqualFlag"":"""",""tournamentsPlayed"":16,""points"":159.25,""profileImage"":""/media/1490/itf-uk-profile-placeholder-male.jpg?anchor=center&mode=crop&width=54&height=72&rnd=132174204480000000"",""tournamentsPlayedSingles"":null,""tournamentsPlayedDoubles"":null,""pointsRankingSingles"":null,""pointsRankingDoubles"":null,""pointsRankingTotal"":null}"
800677732,Xinran Sun,Xinran,Sun,F,G,CHN,"China, P.R.",,2010,2028,,https://www.itftennis.com/en/players/xinran-sun/800677732/chn/jt/s/,1,2903.5,2026-06-02,2026-06-08,"{""playerId"":800677732,""playerFamilyName"":""Sun"",""playerGivenName"":""Xinran"",""playerNationalityCode"":""CHN"",""playerNationality"":""China, P.R."",""profileLink"":""/en/players/xinran-sun/800677732/chn/jt/s/"",""gender"":""F"",""hiddenPlayer"":false,""birthYear"":2010,""rankMovement"":1,""rank"":1,""rankEqualFlag"":"""",""tournamentsPlayed"":23,""points"":2903.5,""profileImage"":""/remote.axd/media.itftennis.com/assetbank-itf/servlet/display?file=22137aa7e1210866987cfd3e.jpg&filename=unwatermarked_Xinran_Sun_CHN-098.JPG?crop=0.30336469974519065,0.05127416294929002,0.30659497201099284,0.21037789058093373&cropmode=percentage&width=54&height=72&rnd=134120879460000000"",""tournamentsPlayedSingles"":null,""tournamentsPlayedDoubles"":null,""pointsRankingSingles"":null,""pointsRankingDoubles"":null,""pointsRankingTotal"":null}"
800591535,Ksenia Efremova,Ksenia,Efremova,F,G,FRA,France,,2009,2027,,https://www.itftennis.com/en/players/ksenia-efremova/800591535/fra/jt/s/,2,2718,2026-06-02,2026-06-08,"{""playerId"":800591535,""playerFamilyName"":""Efremova"",""playerGivenName"":""Ksenia"",""playerNationalityCode"":""FRA"",""playerNationality"":""France"",""profileLink"":""/en/players/ksenia-efremova/800591535/fra/jt/s/"",""gender"":""F"",""hiddenPlayer"":false,""birthYear"":2009,""rankMovement"":-1,""rank"":2,""rankEqualFlag"":"""",""tournamentsPlayed"":18,""points"":2718,""profileImage"":""/remote.axd/media.itftennis.com/assetbank-itf/servlet/display?file=22137aa7fd2108488c7bff18.jpg?crop=0.32742155525238648,0.0454752160072759,0.34515688949522705,0.29968167348795116&cropmode=percentage&width=54&height=72&rnd=134037116360000000"",""tournamentsPlayedSingles"":null,""tournamentsPlayedDoubles"":null,""pointsRankingSingles"":null,""pointsRankingDoubles"":null,""pointsRankingTotal"":null}"
800655335,Victoria Luiza Barros,Victoria Luiza,Barros,F,G,BRA,Brazil,,2009,2027,,https://www.itftennis.com/en/players/victoria-luiza-barros/800655335/bra/jt/s/,3,2526.5,2026-06-02,2026-06-08,"{""playerId"":800655335,""playerFamilyName"":""Barros"",""playerGivenName"":""Victoria Luiza"",""playerNationalityCode"":""BRA"",""playerNationality"":""Brazil"",""profileLink"":""/en/players/victoria-luiza-barros/800655335/bra/jt/s/"",""gender"":""F"",""hiddenPlayer"":false,""birthYear"":2009,""rankMovement"":1,""rank"":3,""rankEqualFlag"":"""",""tournamentsPlayed"":20,""points"":2526.5,""profileImage"":""/remote.axd/media.itftennis.com/assetbank-itf/servlet/display?file=22137aa7e12108669834fd3e.jpg?crop=0.28507847590953239,0.042612123149036042,0.30973581397332928,0.19036966016831522&cropmode=percentage&width=54&height=72&rnd=133722609080000000"",""tournamentsPlayedSingles"":null,""tournamentsPlayedDoubles"":null,""pointsRankingSingles"":null,""pointsRankingDoubles"":null,""pointsRankingTotal"":null}"
800661515,Jana Kovackova,Jana,Kovackova,F,G,CZE,Czechia,,2010,2028,,https://www.itftennis.com/en/players/jana-kovackova/800661515/cze/jt/s/,4,2506,2026-06-02,2026-06-08,"{""playerId"":800661515,""playerFamilyName"":""Kovackova"",""playerGivenName"":""Jana"",""playerNationalityCode"":""CZE"",""playerNationality"":""Czechia"",""profileLink"":""/en/players/jana-kovackova/800661515/cze/jt/s/"",""gender"":""F"",""hiddenPlayer"":false,""birthYear"":2010,""rankMovement"":2,""rank"":4,""rankEqualFlag"":"""",""tournamentsPlayed"":17,""points"":2506,""profileImage"":""/remote.axd/media.itftennis.com/assetbank-itf/servlet/display?file=22137aa7e12108768c7aff18.jpg?crop=0.33602777829634023,0.066865249749535061,0.30106222114361236,0.24614462573350279&cropmode=percentage&width=54&height=72&rnd=133881578830000000"",""tournamentsPlayedSingles"":null,""tournamentsPlayedDoubles"":null,""pointsRankingSingles"":null,""pointsRankingDoubles"":null,""pointsRankingTotal"":null}"
800572951,Alena Kovackova,Alena,Kovackova,F,G,CZE,Czechia,,2008,2026,,https://www.itftennis.com/en/players/alena-kovackova/800572951/cze/jt/s/,5,2034.75,2026-06-02,2026-06-08,"{""playerId"":800572951,""playerFamilyName"":""Kovackova"",""playerGivenName"":""Alena"",""playerNationalityCode"":""CZE"",""playerNationality"":""Czechia"",""profileLink"":""/en/players/alena-kovackova/800572951/cze/jt/s/"",""gender"":""F"",""hiddenPlayer"":false,""birthYear"":2008,""rankMovement"":-2,""rank"":5,""rankEqualFlag"":"""",""tournamentsPlayed"":14,""points"":2034.75,""profileImage"":""/remote.axd/media.itftennis.com/assetbank-itf/servlet/display?file=22137ab7c3660b76987efd2e.jpg?crop=0.3365797313674011,0.044954442424650548,0.29985735205008968,0.631878520613119&cropmode=percentage&width=54&height=72&rnd=133493735560000000"",""tournamentsPlayedSingles"":null,""tournamentsPlayedDoubles"":null,""pointsRankingSingles"":null,""pointsRankingDoubles"":null,""pointsRankingTotal"":null}"
800627475,Mia Pohankova,Mia,Pohankova,F,G,SVK,Slovakia,,2008,2026,,https://www.itftennis.com/en/players/mia-pohankova/800627475/svk/jt/s/,6,1917.5,2026-06-02,2026-06-08,"{""playerId"":800627475,""playerFamilyName"":""Pohankova"",""playerGivenName"":""Mia"",""playerNationalityCode"":""SVK"",""playerNationality"":""Slovakia"",""profileLink"":""/en/players/mia-pohankova/800627475/svk/jt/s/"",""gender"":""F"",""hiddenPlayer"":false,""birthYear"":2008,""rankMovement"":-1,""rank"":6,""rankEqualFlag"":"""",""tournamentsPlayed"":7,""points"":1917.5,""profileImage"":""/remote.axd/media.itftennis.com/assetbank-itf/servlet/display?file=22137aa7e1210876ba39ff08.jpg?crop=0.25434782608695655,0,0.21739130434782603,0&cropmode=percentage&width=54&height=72&rnd=133722608580000000"",""tournamentsPlayedSingles"":null,""tournamentsPlayedDoubles"":null,""pointsRankingSingles"":null,""pointsRankingDoubles"":null,""pointsRankingTotal"":null}"
800695060,Nauhany Vitoria Leme Da Silva,Nauhany Vitoria,Leme Da Silva,F,G,BRA,Brazil,,2010,2028,,https://www.itftennis.com/en/players/nauhany-vitoria-leme-da-silva/800695060/bra/jt/s/,7,1866.75,2026-06-02,2026-06-08,"{""playerId"":800695060,""playerFamilyName"":""Leme Da Silva"",""playerGivenName"":""Nauhany Vitoria"",""playerNationalityCode"":""BRA"",""playerNationality"":""Brazil"",""profileLink"":""/en/players/nauhany-vitoria-leme-da-silva/800695060/bra/jt/s/"",""gender"":""F"",""hiddenPlayer"":false,""birthYear"":2010,""rankMovement"":2,""rank"":7,""rankEqualFlag"":"""",""tournamentsPlayed"":17,""points"":1866.75,""profileImage"":""/remote.axd/media.itftennis.com/assetbank-itf/servlet/display?file=22137aa7f1220b669c7cfd08.jpg&filename=unwatermarked_Nauhany_Victoria_Leme_da_Silva_01.jpg?crop=0.32383662028820109,0.022306988779584681,0.35566528128223907,0.656472372794396&cropmode=percentage&width=54&height=72&rnd=134084588260000000"",""tournamentsPlayedSingles"":null,""tournamentsPlayedDoubles"":null,""pointsRankingSingles"":null,""pointsRankingDoubles"":null,""pointsRankingTotal"":null}"
800598140,Anastasija Cvetkovic,Anastasija,Cvetkovic,F,G,SRB,Serbia,,2008,2026,,https://www.itftennis.com/en/players/anastasija-cvetkovic/800598140/srb/jt/s/,8,1827.75,2026-06-02,2026-06-08,"{""playerId"":800598140,""playerFamilyName"":""Cvetkovic"",""playerGivenName"":""Anastasija"",""playerNationalityCode"":""SRB"",""playerNationality"":""Serbia"",""profileLink"":""/en/players/anastasija-cvetkovic/800598140/srb/jt/s/"",""gender"":""F"",""hiddenPlayer"":false,""birthYear"":2008,""rankMovement"":4,""rank"":8,""rankEqualFlag"":"""",""tournamentsPlayed"":30,""points"":1827.75,""profileImage"":""/remote.axd/media.itftennis.com/assetbank-itf/servlet/display?file=22137ab7c3660958ba7dfd2e.jpg&filename=unwatermarked_MQA34290.jpg?crop=0.30464584920030535,0.033849538800033926,0.23838537699923665,0.559955995599559&cropmode=percentage&width=54&height=72&rnd=134084135560000000"",""tournamentsPlayedSingles"":null,""tournamentsPlayedDoubles"":null,""pointsRankingSingles"":null,""pointsRankingDoubles"":null,""pointsRankingTotal"":null}"
800719373,Kristina Penickova,Kristina,Penickova,F,G,USA,USA,,2009,2027,,https://www.itftennis.com/en/players/kristina-penickova/800719373/usa/jt/s/,9,1813.75,2026-06-02,2026-06-08,"{""playerId"":800719373,""playerFamilyName"":""Penickova"",""playerGivenName"":""Kristina"",""playerNationalityCode"":""USA"",""playerNationality"":""USA"",""profileLink"":""/en/players/kristina-penickova/800719373/usa/jt/s/"",""gender"":""F"",""hiddenPlayer"":false,""birthYear"":2009,""rankMovement"":-1,""rank"":9,""rankEqualFlag"":"""",""tournamentsPlayed"":10,""points"":1813.75,""profileImage"":""/remote.axd/media.itftennis.com/assetbank-itf/servlet/display?file=22137aa7e1210876887aff08.jpg?crop=0.25651162576884629,0.058739221352881961,0.29666167127896986,0.095415991165617789&cropmode=percentage&width=54&height=72&rnd=133722617570000000"",""tournamentsPlayedSingles"":null,""tournamentsPlayedDoubles"":null,""pointsRankingSingles"":null,""pointsRankingDoubles"":null,""pointsRankingTotal"":null}"
800644962,Mariia Makarova,Mariia,Makarova,F,G,RUS,Russia,,2010,2028,,https://www.itftennis.com/en/players/mariia-makarova/800644962/rus/jt/s/,10,1760.5,2026-06-02,2026-06-08,"{""playerId"":800644962,""playerFamilyName"":""Makarova"",""playerGivenName"":""Mariia"",""playerNationalityCode"":""RUS"",""playerNationality"":""Russia"",""profileLink"":""/en/players/mariia-makarova/800644962/rus/jt/s/"",""gender"":""F"",""hiddenPlayer"":false,""birthYear"":2010,""rankMovement"":4,""rank"":10,""rankEqualFlag"":"""",""tournamentsPlayed"":16,""points"":1760.5,""profileImage"":""/media/1489/itf-uk-profile-placeholder-female.jpg?anchor=center&mode=crop&width=54&height=72&rnd=132174204480000000"",""tournamentsPlayedSingles"":null,""tournamentsPlayedDoubles"":null,""pointsRankingSingles"":null,""pointsRankingDoubles"":null,""pointsRankingTotal"":null}"
800659876,Sol Ailin Larraya Guidi,Sol Ailin,Larraya Guidi,F,G,ARG,Argentina,,2008,2026,,https://www.itftennis.com/en/players/sol-ailin-larraya-guidi/800659876/arg/jt/s/,11,1689,2026-06-02,2026-06-08,"{""playerId"":800659876,""playerFamilyName"":""Larraya Guidi"",""playerGivenName"":""Sol Ailin"",""playerNationalityCode"":""ARG"",""playerNationality"":""Argentina"",""profileLink"":""/en/players/sol-ailin-larraya-guidi/800659876/arg/jt/s/"",""gender"":""F"",""hiddenPlayer"":false,""birthYear"":2008,""rankMovement"":2,""rank"":11,""rankEqualFlag"":"""",""tournamentsPlayed"":40,""points"":1689,""profileImage"":""/media/1489/itf-uk-profile-placeholder-female.jpg?anchor=center&mode=crop&width=54&height=72&rnd=132174204480000000"",""tournamentsPlayedSingles"":null,""tournamentsPlayedDoubles"":null,""pointsRankingSingles"":null,""pointsRankingDoubles"":null,""pointsRankingTotal"":null}"
800601474,Mariella Thamm,Mariella,Thamm,F,G,GER,Germany,,2009,2027,,https://www.itftennis.com/en/players/mariella-thamm/800601474/ger/jt/s/,12,1631.25,2026-06-02,2026-06-08,"{""playerId"":800601474,""playerFamilyName"":""Thamm"",""playerGivenName"":""Mariella"",""playerNationalityCode"":""GER"",""playerNationality"":""Germany"",""profileLink"":""/en/players/mariella-thamm/800601474/ger/jt/s/"",""gender"":""F"",""hiddenPlayer"":false,""birthYear"":2009,""rankMovement"":3,""rank"":12,""rankEqualFlag"":"""",""tournamentsPlayed"":22,""points"":1631.25,""profileImage"":""/media/1489/itf-uk-profile-placeholder-female.jpg?anchor=center&mode=crop&width=54&height=72&rnd=132174204480000000"",""tournamentsPlayedSingles"":null,""tournamentsPlayedDoubles"":null,""pointsRankingSingles"":null,""pointsRankingDoubles"":null,""pointsRankingTotal"":null}"
800672253,Charo Esquiva Banuls,Charo,Esquiva Banuls,F,G,ESP,Spain,,2008,2026,,https://www.itftennis.com/en/players/charo-esquiva-banuls/800672253/esp/jt/s/,13,1603.75,2026-06-02,2026-06-08,"{""playerId"":800672253,""playerFamilyName"":""Esquiva Banuls"",""playerGivenName"":""Charo"",""playerNationalityCode"":""ESP"",""playerNationality"":""Spain"",""profileLink"":""/en/players/charo-esquiva-banuls/800672253/esp/jt/s/"",""gender"":""F"",""hiddenPlayer"":false,""birthYear"":2008,""rankMovement"":3,""rank"":13,""rankEqualFlag"":"""",""tournamentsPlayed"":15,""points"":1603.75,""profileImage"":""/remote.axd/media.itftennis.com/assetbank-itf/servlet/display?file=22137ab7c3660b66be7bfd08.jpg?crop=0.22668393782383489,0.028785261945883794,0.19041450777201824,0.45308002302820793&cropmode=percentage&width=54&height=72&rnd=134037984020000000"",""tournamentsPlayedSingles"":null,""tournamentsPlayedDoubles"":null,""pointsRankingSingles"":null,""pointsRankingDoubles"":null,""pointsRankingTotal"":null}"
800656554,Paola Pinera Celorio,Paola,Pinera Celorio,F,G,ESP,Spain,,2010,2028,,https://www.itftennis.com/en/players/paola-pinera-celorio/800656554/esp/jt/s/,14,1499.75,2026-06-02,2026-06-08,"{""playerId"":800656554,""playerFamilyName"":""Pinera Celorio"",""playerGivenName"":""Paola"",""playerNationalityCode"":""ESP"",""playerNationality"":""Spain"",""profileLink"":""/en/players/paola-pinera-celorio/800656554/esp/jt/s/"",""gender"":""F"",""hiddenPlayer"":false,""birthYear"":2010,""rankMovement"":5,""rank"":14,""rankEqualFlag"":"""",""tournamentsPlayed"":34,""points"":1499.75,""profileImage"":""/media/1489/itf-uk-profile-placeholder-female.jpg?anchor=center&mode=crop&width=54&height=72&rnd=132174204480000000"",""tournamentsPlayedSingles"":null,""tournamentsPlayedDoubles"":null,""pointsRankingSingles"":null,""pointsRankingDoubles"":null,""pointsRankingTotal"":null}"
800666095,Kanon Sawashiro,Kanon,Sawashiro,F,G,JPN,Japan,,2008,2026,,https://www.itftennis.com/en/players/kanon-sawashiro/800666095/jpn/jt/s/,15,1473,2026-06-02,2026-06-08,"{""playerId"":800666095,""playerFamilyName"":""Sawashiro"",""playerGivenName"":""Kanon"",""playerNationalityCode"":""JPN"",""playerNationality"":""Japan"",""profileLink"":""/en/players/kanon-sawashiro/800666095/jpn/jt/s/"",""gender"":""F"",""hiddenPlayer"":false,""birthYear"":2008,""rankMovement"":3,""rank"":15,""rankEqualFlag"":"""",""tournamentsPlayed"":25,""points"":1473,""profileImage"":""/media/1489/itf-uk-profile-placeholder-female.jpg?anchor=center&mode=crop&width=54&height=72&rnd=132174204480000000"",""tournamentsPlayedSingles"":null,""tournamentsPlayedDoubles"":null,""pointsRankingSingles"":null,""pointsRankingDoubles"":null,""pointsRankingTotal"":null}"
800721825,Felitsata Dorofeeva-Rybas,Felitsata,Dorofeeva-Rybas,F,G,RUS,Russia,,2009,2027,,https://www.itftennis.com/en/players/felitsata-dorofeeva-rybas/800721825/rus/jt/s/,16,1462.25,2026-06-02,2026-06-08,"{""playerId"":800721825,""playerFamilyName"":""Dorofeeva-Rybas"",""playerGivenName"":""Felitsata"",""playerNationalityCode"":""RUS"",""playerNationality"":""Russia"",""profileLink"":""/en/players/felitsata-dorofeeva-rybas/800721825/rus/jt/s/"",""gender"":""F"",""hiddenPlayer"":false,""birthYear"":2009,""rankMovement"":5,""rank"":16,""rankEqualFlag"":"""",""tournamentsPlayed"":26,""points"":1462.25,""profileImage"":""/media/1489/itf-uk-profile-placeholder-female.jpg?anchor=center&mode=crop&width=54&height=72&rnd=132174204480000000"",""tournamentsPlayedSingles"":null,""tournamentsPlayedDoubles"":null,""pointsRankingSingles"":null,""pointsRankingDoubles"":null,""pointsRankingTotal"":null}"
800671481,Ida Wobker,Ida,Wobker,F,G,GER,Germany,,2010,2028,,https://www.itftennis.com/en/players/ida-wobker/800671481/ger/jt/s/,17,1376.5,2026-06-02,2026-06-08,"{""playerId"":800671481,""playerFamilyName"":""Wobker"",""playerGivenName"":""Ida"",""playerNationalityCode"":""GER"",""playerNationality"":""Germany"",""profileLink"":""/en/players/ida-wobker/800671481/ger/jt/s/"",""gender"":""F"",""hiddenPlayer"":false,""birthYear"":2010,""rankMovement"":3,""rank"":17,""rankEqualFlag"":"""",""tournamentsPlayed"":18,""points"":1376.5,""profileImage"":""/media/1489/itf-uk-profile-placeholder-female.jpg?anchor=center&mode=crop&width=54&height=72&rnd=132174204480000000"",""tournamentsPlayedSingles"":null,""tournamentsPlayedDoubles"":null,""pointsRankingSingles"":null,""pointsRankingDoubles"":null,""pointsRankingTotal"":null}"
800579453,Julia Stusek,Julia,Stusek,F,G,GER,Germany,,2008,2026,,https://www.itftennis.com/en/players/julia-stusek/800579453/ger/jt/s/,18,1375.5,2026-06-02,2026-06-08,"{""playerId"":800579453,""playerFamilyName"":""Stusek"",""playerGivenName"":""Julia"",""playerNationalityCode"":""GER"",""playerNationality"":""Germany"",""profileLink"":""/en/players/julia-stusek/800579453/ger/jt/s/"",""gender"":""F"",""hiddenPlayer"":false,""birthYear"":2008,""rankMovement"":-7,""rank"":18,""rankEqualFlag"":"""",""tournamentsPlayed"":10,""points"":1375.5,""profileImage"":""/remote.axd/media.itftennis.com/assetbank-itf/servlet/display?file=22137aa7f16b0848ba7cfd18.jpg&filename=unwatermarked_Julia_Stusek.jpg?crop=0.28075253256150506,0.021256038647343004,0.27306603684862613,0.58156345437990431&cropmode=percentage&width=54&height=72&rnd=134120860800000000"",""tournamentsPlayedSingles"":null,""tournamentsPlayedDoubles"":null,""pointsRankingSingles"":null,""pointsRankingDoubles"":null,""pointsRankingTotal"":null}"
800692835,Julieta Pareja,Julieta,Pareja,F,G,USA,USA,,2009,2027,,https://www.itftennis.com/en/players/julieta-pareja/800692835/usa/jt/s/,19,1350.5,2026-06-02,2026-06-08,"{""playerId"":800692835,""playerFamilyName"":""Pareja"",""playerGivenName"":""Julieta"",""playerNationalityCode"":""USA"",""playerNationality"":""USA"",""profileLink"":""/en/players/julieta-pareja/800692835/usa/jt/s/"",""gender"":""F"",""hiddenPlayer"":false,""birthYear"":2009,""rankMovement"":-9,""rank"":19,""rankEqualFlag"":"""",""tournamentsPlayed"":5,""points"":1350.5,""profileImage"":""/remote.axd/media.itftennis.com/assetbank-itf/servlet/display?file=22137aa7e5200b58ba7cfe2e.jpg?crop=0.24950099800399259,0.11643379906852988,0.30139720558882077,0.484364604125082&cropmode=percentage&width=54&height=72&rnd=133881426080000000"",""tournamentsPlayedSingles"":null,""tournamentsPlayedDoubles"":null,""pointsRankingSingles"":null,""pointsRankingDoubles"":null,""pointsRankingTotal"":null}"
800636696,Anna Pushkareva,Anna,Pushkareva,F,G,RUS,Russia,,2009,2027,,https://www.itftennis.com/en/players/anna-pushkareva/800636696/rus/jt/s/,20,1349.75,2026-06-02,2026-06-08,"{""playerId"":800636696,""playerFamilyName"":""Pushkareva"",""playerGivenName"":""Anna"",""playerNationalityCode"":""RUS"",""playerNationality"":""Russia"",""profileLink"":""/en/players/anna-pushkareva/800636696/rus/jt/s/"",""gender"":""F"",""hiddenPlayer"":false,""birthYear"":2009,""rankMovement"":4,""rank"":20,""rankEqualFlag"":"""",""tournamentsPlayed"":24,""points"":1349.75,""profileImage"":""/media/1489/itf-uk-profile-placeholder-female.jpg?anchor=center&mode=crop&width=54&height=72&rnd=132174204480000000"",""tournamentsPlayedSingles"":null,""tournamentsPlayedDoubles"":null,""pointsRankingSingles"":null,""pointsRankingDoubles"":null,""pointsRankingTotal"":null}"
800631038,Hannah Klugman,Hannah,Klugman,F,G,GBR,Great Britain,,2009,2027,,https://www.itftennis.com/en/players/hannah-klugman/800631038/gbr/jt/s/,21,1347.5,2026-06-02,2026-06-08,"{""playerId"":800631038,""playerFamilyName"":""Klugman"",""playerGivenName"":""Hannah"",""playerNationalityCode"":""GBR"",""playerNationality"":""Great Britain"",""profileLink"":""/en/players/hannah-klugman/800631038/gbr/jt/s/"",""gender"":""F"",""hiddenPlayer"":false,""birthYear"":2009,""rankMovement"":-14,""rank"":21,""rankEqualFlag"":"""",""tournamentsPlayed"":5,""points"":1347.5,""profileImage"":""/remote.axd/media.itftennis.com/assetbank-itf/servlet/display?file=22137aa7f1690848887bfe2e.jpg?crop=0.090923172242874745,0,0.090768277571252623,0.0000000000000011842378929335&cropmode=percentage&width=54&height=72&rnd=134039581310000000"",""tournamentsPlayedSingles"":null,""tournamentsPlayedDoubles"":null,""pointsRankingSingles"":null,""pointsRankingDoubles"":null,""pointsRankingTotal"":null}"
800758791,Janae Preston,Janae,Preston,F,G,USA,USA,,2010,2028,,https://www.itftennis.com/en/players/janae-preston/800758791/usa/jt/s/,22,1327.75,2026-06-02,2026-06-08,"{""playerId"":800758791,""playerFamilyName"":""Preston"",""playerGivenName"":""Janae"",""playerNationalityCode"":""USA"",""playerNationality"":""USA"",""profileLink"":""/en/players/janae-preston/800758791/usa/jt/s/"",""gender"":""F"",""hiddenPlayer"":false,""birthYear"":2010,""rankMovement"":0,""rank"":22,""rankEqualFlag"":"""",""tournamentsPlayed"":21,""points"":1327.75,""profileImage"":""/media/1489/itf-uk-profile-placeholder-female.jpg?anchor=center&mode=crop&width=54&height=72&rnd=132174204480000000"",""tournamentsPlayedSingles"":null,""tournamentsPlayedDoubles"":null,""pointsRankingSingles"":null,""pointsRankingDoubles"":null,""pointsRankingTotal"":null}"
800640357,Giulia Safina Popa,Giulia Safina,Popa,F,G,ROU,Romania,,2009,2027,,https://www.itftennis.com/en/players/giulia-safina-popa/800640357/rou/jt/s/,23,1326,2026-06-02,2026-06-08,"{""playerId"":800640357,""playerFamilyName"":""Popa"",""playerGivenName"":""Giulia Safina"",""playerNationalityCode"":""ROU"",""playerNationality"":""Romania"",""profileLink"":""/en/players/giulia-safina-popa/800640357/rou/jt/s/"",""gender"":""F"",""hiddenPlayer"":false,""birthYear"":2009,""rankMovement"":0,""rank"":23,""rankEqualFlag"":"""",""tournamentsPlayed"":28,""points"":1326,""profileImage"":""/remote.axd/media.itftennis.com/assetbank-itf/servlet/display?file=22137aa7e5210948ba36fd08.jpg&filename=unwatermarked_Photo_2024-Davis-Cup-Juniors_BJK_Cup_Juniors_Antalya_Turkiye_13112024_05588.JPG?crop=0.2698062300711313,0.065407570926334868,0.28869266617610834,0.54214700351565592&cropmode=percentage&width=54&height=72&rnd=134084134160000000"",""tournamentsPlayedSingles"":null,""tournamentsPlayedDoubles"":null,""pointsRankingSingles"":null,""pointsRankingDoubles"":null,""pointsRankingTotal"":null}"
800646432,Jordyn Hazelitt,Jordyn,Hazelitt,F,G,USA,USA,,2010,2028,,https://www.itftennis.com/en/players/jordyn-hazelitt/800646432/usa/jt/s/,24,1326,2026-06-02,2026-06-08,"{""playerId"":800646432,""playerFamilyName"":""Hazelitt"",""playerGivenName"":""Jordyn"",""playerNationalityCode"":""USA"",""playerNationality"":""USA"",""profileLink"":""/en/players/jordyn-hazelitt/800646432/usa/jt/s/"",""gender"":""F"",""hiddenPlayer"":false,""birthYear"":2010,""rankMovement"":5,""rank"":24,""rankEqualFlag"":"""",""tournamentsPlayed"":33,""points"":1326,""profileImage"":""/media/1489/itf-uk-profile-placeholder-female.jpg?anchor=center&mode=crop&width=54&height=72&rnd=132174204480000000"",""tournamentsPlayedSingles"":null,""tournamentsPlayedDoubles"":null,""pointsRankingSingles"":null,""pointsRankingDoubles"":null,""pointsRankingTotal"":null}"
800586389,Ha Eum Lee,Ha Eum,Lee,F,G,KOR,"Korea, Rep.",,2008,2026,,https://www.itftennis.com/en/players/ha-eum-lee/800586389/kor/jt/s/,25,1324.75,2026-06-02,2026-06-08,"{""playerId"":800586389,""playerFamilyName"":""Lee"",""playerGivenName"":""Ha Eum"",""playerNationalityCode"":""KOR"",""playerNationality"":""Korea, Rep."",""profileLink"":""/en/players/ha-eum-lee/800586389/kor/jt/s/"",""gender"":""F"",""hiddenPlayer"":false,""birthYear"":2008,""rankMovement"":19,""rank"":25,""rankEqualFlag"":"""",""tournamentsPlayed"":32,""points"":1324.75,""profileImage"":""/media/1489/itf-uk-profile-placeholder-female.jpg?anchor=center&mode=crop&width=54&height=72&rnd=132174204480000000"",""tournamentsPlayedSingles"":null,""tournamentsPlayedDoubles"":null,""pointsRankingSingles"":null,""pointsRankingDoubles"":null,""pointsRankingTotal"":null}"
800705703,Welles Newman,Welles,Newman,F,G,USA,USA,,2010,2028,,https://www.itftennis.com/en/players/welles-newman/800705703/usa/jt/s/,26,1286,2026-06-02,2026-06-08,"{""playerId"":800705703,""playerFamilyName"":""Newman"",""playerGivenName"":""Welles"",""playerNationalityCode"":""USA"",""playerNationality"":""USA"",""profileLink"":""/en/players/welles-newman/800705703/usa/jt/s/"",""gender"":""F"",""hiddenPlayer"":false,""birthYear"":2010,""rankMovement"":4,""rank"":26,""rankEqualFlag"":"""",""tournamentsPlayed"":24,""points"":1286,""profileImage"":""/media/1489/itf-uk-profile-placeholder-female.jpg?anchor=center&mode=crop&width=54&height=72&rnd=132174204480000000"",""tournamentsPlayedSingles"":null,""tournamentsPlayedDoubles"":null,""pointsRankingSingles"":null,""pointsRankingDoubles"":null,""pointsRankingTotal"":null}"
800731351,Yushan Shao,Yushan,Shao,F,G,CHN,"China, P.R.",,2008,2026,,https://www.itftennis.com/en/players/yushan-shao/800731351/chn/jt/s/,27,1278,2026-06-02,2026-06-08,"{""playerId"":800731351,""playerFamilyName"":""Shao"",""playerGivenName"":""Yushan"",""playerNationalityCode"":""CHN"",""playerNationality"":""China, P.R."",""profileLink"":""/en/players/yushan-shao/800731351/chn/jt/s/"",""gender"":""F"",""hiddenPlayer"":false,""birthYear"":2008,""rankMovement"":-2,""rank"":27,""rankEqualFlag"":"""",""tournamentsPlayed"":23,""points"":1278,""profileImage"":""/remote.axd/media.itftennis.com/assetbank-itf/servlet/display?file=22137aa7e5200b48987dfd2e.jpg?crop=0.33347523768979775,0.0804124686627881,0.28338299985809418,0.579017075824227&cropmode=percentage&width=54&height=72&rnd=134037989090000000"",""tournamentsPlayedSingles"":null,""tournamentsPlayedDoubles"":null,""pointsRankingSingles"":null,""pointsRankingDoubles"":null,""pointsRankingTotal"":null}"
800635479,Alexandra Malova,Alexandra,Malova,F,G,RUS,Russia,,2008,2026,,https://www.itftennis.com/en/players/alexandra-malova/800635479/rus/jt/s/,28,1232.25,2026-06-02,2026-06-08,"{""playerId"":800635479,""playerFamilyName"":""Malova"",""playerGivenName"":""Alexandra"",""playerNationalityCode"":""RUS"",""playerNationality"":""Russia"",""profileLink"":""/en/players/alexandra-malova/800635479/rus/jt/s/"",""gender"":""F"",""hiddenPlayer"":false,""birthYear"":2008,""rankMovement"":-1,""rank"":28,""rankEqualFlag"":"""",""tournamentsPlayed"":28,""points"":1232.25,""profileImage"":""/media/1489/itf-uk-profile-placeholder-female.jpg?anchor=center&mode=crop&width=54&height=72&rnd=132174204480000000"",""tournamentsPlayedSingles"":null,""tournamentsPlayedDoubles"":null,""pointsRankingSingles"":null,""pointsRankingDoubles"":null,""pointsRankingTotal"":null}"
800638346,Denisa Zoldakova,Denisa,Zoldakova,F,G,CZE,Czechia,,2008,2026,,https://www.itftennis.com/en/players/denisa-zoldakova/800638346/cze/jt/s/,29,1231.75,2026-06-02,2026-06-08,"{""playerId"":800638346,""playerFamilyName"":""Zoldakova"",""playerGivenName"":""Denisa"",""playerNationalityCode"":""CZE"",""playerNationality"":""Czechia"",""profileLink"":""/en/players/denisa-zoldakova/800638346/cze/jt/s/"",""gender"":""F"",""hiddenPlayer"":false,""birthYear"":2008,""rankMovement"":8,""rank"":29,""rankEqualFlag"":"""",""tournamentsPlayed"":27,""points"":1231.75,""profileImage"":""/media/1489/itf-uk-profile-placeholder-female.jpg?anchor=center&mode=crop&width=54&height=72&rnd=132174204480000000"",""tournamentsPlayedSingles"":null,""tournamentsPlayedDoubles"":null,""pointsRankingSingles"":null,""pointsRankingDoubles"":null,""pointsRankingTotal"":null}"
800632131,Maaya Rajeshwaran Revathi,Maaya,Rajeshwaran Revathi,F,G,IND,India,,2009,2027,,https://www.itftennis.com/en/players/maaya-rajeshwaran-revathi/800632131/ind/jt/s/,30,1227.25,2026-06-02,2026-06-08,"{""playerId"":800632131,""playerFamilyName"":""Rajeshwaran Revathi"",""playerGivenName"":""Maaya"",""playerNationalityCode"":""IND"",""playerNationality"":""India"",""profileLink"":""/en/players/maaya-rajeshwaran-revathi/800632131/ind/jt/s/"",""gender"":""F"",""hiddenPlayer"":false,""birthYear"":2009,""rankMovement"":-2,""rank"":30,""rankEqualFlag"":"""",""tournamentsPlayed"":34,""points"":1227.25,""profileImage"":""/media/1489/itf-uk-profile-placeholder-female.jpg?anchor=center&mode=crop&width=54&height=72&rnd=132174204480000000"",""tournamentsPlayedSingles"":null,""tournamentsPlayedDoubles"":null,""pointsRankingSingles"":null,""pointsRankingDoubles"":null,""pointsRankingTotal"":null}"
800667265,Polina Skliar,Polina,Skliar,F,G,UKR,Ukraine,,2010,2028,,https://www.itftennis.com/en/players/polina-skliar/800667265/ukr/jt/s/,31,1196.75,2026-06-02,2026-06-08,"{""playerId"":800667265,""playerFamilyName"":""Skliar"",""playerGivenName"":""Polina"",""playerNationalityCode"":""UKR"",""playerNationality"":""Ukraine"",""profileLink"":""/en/players/polina-skliar/800667265/ukr/jt/s/"",""gender"":""F"",""hiddenPlayer"":false,""birthYear"":2010,""rankMovement"":0,""rank"":31,""rankEqualFlag"":"""",""tournamentsPlayed"":25,""points"":1196.75,""profileImage"":""/media/1489/itf-uk-profile-placeholder-female.jpg?anchor=center&mode=crop&width=54&height=72&rnd=132174204480000000"",""tournamentsPlayedSingles"":null,""tournamentsPlayedDoubles"":null,""pointsRankingSingles"":null,""pointsRankingDoubles"":null,""pointsRankingTotal"":null}"
800702416,Thea Frodin,Thea,Frodin,F,G,USA,USA,,2008,2026,,https://www.itftennis.com/en/players/thea-frodin/800702416/usa/jt/s/,32,1170.5,2026-06-02,2026-06-08,"{""playerId"":800702416,""playerFamilyName"":""Frodin"",""playerGivenName"":""Thea"",""playerNationalityCode"":""USA"",""playerNationality"":""USA"",""profileLink"":""/en/players/thea-frodin/800702416/usa/jt/s/"",""gender"":""F"",""hiddenPlayer"":false,""birthYear"":2008,""rankMovement"":-6,""rank"":32,""rankEqualFlag"":"""",""tournamentsPlayed"":18,""points"":1170.5,""profileImage"":""/remote.axd/media.itftennis.com/assetbank-itf/servlet/display?file=22137aa7e12108669c7fff08.jpg?crop=0.26413043478260873,0,0.20760869565217385,0&cropmode=percentage&width=54&height=72&rnd=133722611360000000"",""tournamentsPlayedSingles"":null,""tournamentsPlayedDoubles"":null,""pointsRankingSingles"":null,""pointsRankingDoubles"":null,""pointsRankingTotal"":null}"
800589857,Anastasia Lizunova,Anastasia,Lizunova,F,G,RUS,Russia,,2008,2026,,https://www.itftennis.com/en/players/anastasia-lizunova/800589857/rus/jt/s/,33,1158.5,2026-06-02,2026-06-08,"{""playerId"":800589857,""playerFamilyName"":""Lizunova"",""playerGivenName"":""Anastasia"",""playerNationalityCode"":""RUS"",""playerNationality"":""Russia"",""profileLink"":""/en/players/anastasia-lizunova/800589857/rus/jt/s/"",""gender"":""F"",""hiddenPlayer"":false,""birthYear"":2008,""rankMovement"":0,""rank"":33,""rankEqualFlag"":"""",""tournamentsPlayed"":20,""points"":1158.5,""profileImage"":""/media/1489/itf-uk-profile-placeholder-female.jpg?anchor=center&mode=crop&width=54&height=72&rnd=132174204480000000"",""tournamentsPlayedSingles"":null,""tournamentsPlayedDoubles"":null,""pointsRankingSingles"":null,""pointsRankingDoubles"":null,""pointsRankingTotal"":null}"
800636281,Maia Ilinca Burcescu,Maia Ilinca,Burcescu,F,G,ROU,Romania,,2009,2027,,https://www.itftennis.com/en/players/maia-ilinca-burcescu/800636281/rou/jt/s/,34,1155.5,2026-06-02,2026-06-08,"{""playerId"":800636281,""playerFamilyName"":""Burcescu"",""playerGivenName"":""Maia Ilinca"",""playerNationalityCode"":""ROU"",""playerNationality"":""Romania"",""profileLink"":""/en/players/maia-ilinca-burcescu/800636281/rou/jt/s/"",""gender"":""F"",""hiddenPlayer"":false,""birthYear"":2009,""rankMovement"":4,""rank"":34,""rankEqualFlag"":"""",""tournamentsPlayed"":24,""points"":1155.5,""profileImage"":""/media/1489/itf-uk-profile-placeholder-female.jpg?anchor=center&mode=crop&width=54&height=72&rnd=132174204480000000"",""tournamentsPlayedSingles"":null,""tournamentsPlayedDoubles"":null,""pointsRankingSingles"":null,""pointsRankingDoubles"":null,""pointsRankingTotal"":null}"
800587900,Rada Zolotareva,Rada,Zolotareva,F,G,RUS,Russia,,2008,2026,,https://www.itftennis.com/en/players/rada-zolotareva/800587900/rus/jt/s/,35,1134.25,2026-06-02,2026-06-08,"{""playerId"":800587900,""playerFamilyName"":""Zolotareva"",""playerGivenName"":""Rada"",""playerNationalityCode"":""RUS"",""playerNationality"":""Russia"",""profileLink"":""/en/players/rada-zolotareva/800587900/rus/jt/s/"",""gender"":""F"",""hiddenPlayer"":false,""birthYear"":2008,""rankMovement"":-3,""rank"":35,""rankEqualFlag"":"""",""tournamentsPlayed"":6,""points"":1134.25,""profileImage"":""/media/1489/itf-uk-profile-placeholder-female.jpg?anchor=center&mode=crop&width=54&height=72&rnd=132174204480000000"",""tournamentsPlayedSingles"":null,""tournamentsPlayedDoubles"":null,""pointsRankingSingles"":null,""pointsRankingDoubles"":null,""pointsRankingTotal"":null}"
800701055,Renee Alame,Renee,Alame,F,G,AUS,Australia,,2009,2027,,https://www.itftennis.com/en/players/renee-alame/800701055/aus/jt/s/,36,1129,2026-06-02,2026-06-08,"{""playerId"":800701055,""playerFamilyName"":""Alame"",""playerGivenName"":""Renee"",""playerNationalityCode"":""AUS"",""playerNationality"":""Australia"",""profileLink"":""/en/players/renee-alame/800701055/aus/jt/s/"",""gender"":""F"",""hiddenPlayer"":false,""birthYear"":2009,""rankMovement"":-2,""rank"":36,""rankEqualFlag"":"""",""tournamentsPlayed"":33,""points"":1129,""profileImage"":""/media/1489/itf-uk-profile-placeholder-female.jpg?anchor=center&mode=crop&width=54&height=72&rnd=132174204480000000"",""tournamentsPlayedSingles"":null,""tournamentsPlayedDoubles"":null,""pointsRankingSingles"":null,""pointsRankingDoubles"":null,""pointsRankingTotal"":null}"
800592997,Adelina Lacinova,Adelina,Lacinova,F,G,LAT,Latvia,,2008,2026,,https://www.itftennis.com/en/players/adelina-lacinova/800592997/lat/jt/s/,37,1120,2026-06-02,2026-06-08,"{""playerId"":800592997,""playerFamilyName"":""Lacinova"",""playerGivenName"":""Adelina"",""playerNationalityCode"":""LAT"",""playerNationality"":""Latvia"",""profileLink"":""/en/players/adelina-lacinova/800592997/lat/jt/s/"",""gender"":""F"",""hiddenPlayer"":false,""birthYear"":2008,""rankMovement"":-2,""rank"":37,""rankEqualFlag"":"""",""tournamentsPlayed"":29,""points"":1120,""profileImage"":""/remote.axd/media.itftennis.com/assetbank-itf/servlet/display?file=22137ab7f12508768c37fe18.jpg?crop=0.3703703703703693,0.10592344576719545,0.31216931216931421,0.25915591931217147&cropmode=percentage&width=54&height=72&rnd=133353580060000000"",""tournamentsPlayedSingles"":null,""tournamentsPlayedDoubles"":null,""pointsRankingSingles"":null,""pointsRankingDoubles"":null,""pointsRankingTotal"":null}"
800739107,Yu Jun Lin,Yu Jun,Lin,F,G,CHN,"China, P.R.",,2010,2028,,https://www.itftennis.com/en/players/yu-jun-lin/800739107/chn/jt/s/,38,1116,2026-06-02,2026-06-08,"{""playerId"":800739107,""playerFamilyName"":""Lin"",""playerGivenName"":""Yu Jun"",""playerNationalityCode"":""CHN"",""playerNationality"":""China, P.R."",""profileLink"":""/en/players/yu-jun-lin/800739107/chn/jt/s/"",""gender"":""F"",""hiddenPlayer"":false,""birthYear"":2010,""rankMovement"":2,""rank"":38,""rankEqualFlag"":"""",""tournamentsPlayed"":30,""points"":1116,""profileImage"":""/media/1489/itf-uk-profile-placeholder-female.jpg?anchor=center&mode=crop&width=54&height=72&rnd=132174204480000000"",""tournamentsPlayedSingles"":null,""tournamentsPlayedDoubles"":null,""pointsRankingSingles"":null,""pointsRankingDoubles"":null,""pointsRankingTotal"":null}"
800631529,Ruien Zhang,Ruien,Zhang,F,G,CHN,"China, P.R.",,2008,2026,,https://www.itftennis.com/en/players/ruien-zhang/800631529/chn/jt/s/,39,1114.75,2026-06-02,2026-06-08,"{""playerId"":800631529,""playerFamilyName"":""Zhang"",""playerGivenName"":""Ruien"",""playerNationalityCode"":""CHN"",""playerNationality"":""China, P.R."",""profileLink"":""/en/players/ruien-zhang/800631529/chn/jt/s/"",""gender"":""F"",""hiddenPlayer"":false,""birthYear"":2008,""rankMovement"":-3,""rank"":39,""rankEqualFlag"":"""",""tournamentsPlayed"":17,""points"":1114.75,""profileImage"":""/remote.axd/media.itftennis.com/assetbank-itf/servlet/display?file=22137aa7e5210948847cfd08.jpg?crop=0.31461381154632756,0.094384143463898257,0.26065754286613024,0.52807928268050874&cropmode=percentage&width=54&height=72&rnd=134037987360000000"",""tournamentsPlayedSingles"":null,""tournamentsPlayedDoubles"":null,""pointsRankingSingles"":null,""pointsRankingDoubles"":null,""pointsRankingTotal"":null}"
800726989,Yihan Qu,Yihan,Qu,F,G,CHN,"China, P.R.",,2009,2027,,https://www.itftennis.com/en/players/yihan-qu/800726989/chn/jt/s/,40,1098,2026-06-02,2026-06-08,"{""playerId"":800726989,""playerFamilyName"":""Qu"",""playerGivenName"":""Yihan"",""playerNationalityCode"":""CHN"",""playerNationality"":""China, P.R."",""profileLink"":""/en/players/yihan-qu/800726989/chn/jt/s/"",""gender"":""F"",""hiddenPlayer"":false,""birthYear"":2009,""rankMovement"":-1,""rank"":40,""rankEqualFlag"":"""",""tournamentsPlayed"":28,""points"":1098,""profileImage"":""/media/1489/itf-uk-profile-placeholder-female.jpg?anchor=center&mode=crop&width=54&height=72&rnd=132174204480000000"",""tournamentsPlayedSingles"":null,""tournamentsPlayedDoubles"":null,""pointsRankingSingles"":null,""pointsRankingDoubles"":null,""pointsRankingTotal"":null}"
800677532,Ekaterina Dotsenko,Ekaterina,Dotsenko,F,G,RUS,Russia,,2011,2029,,https://www.itftennis.com/en/players/ekaterina-dotsenko/800677532/rus/jt/s/,41,1088.5,2026-06-02,2026-06-08,"{""playerId"":800677532,""playerFamilyName"":""Dotsenko"",""playerGivenName"":""Ekaterina"",""playerNationalityCode"":""RUS"",""playerNationality"":""Russia"",""profileLink"":""/en/players/ekaterina-dotsenko/800677532/rus/jt/s/"",""gender"":""F"",""hiddenPlayer"":false,""birthYear"":2011,""rankMovement"":37,""rank"":41,""rankEqualFlag"":"""",""tournamentsPlayed"":28,""points"":1088.5,""profileImage"":""/media/1489/itf-uk-profile-placeholder-female.jpg?anchor=center&mode=crop&width=54&height=72&rnd=132174204480000000"",""tournamentsPlayedSingles"":null,""tournamentsPlayedDoubles"":null,""pointsRankingSingles"":null,""pointsRankingDoubles"":null,""pointsRankingTotal"":null}"
800638930,Nadia Lagaev,Nadia,Lagaev,F,G,CAN,Canada,,2008,2026,,https://www.itftennis.com/en/players/nadia-lagaev/800638930/can/jt/s/,42,1086.25,2026-06-02,2026-06-08,"{""playerId"":800638930,""playerFamilyName"":""Lagaev"",""playerGivenName"":""Nadia"",""playerNationalityCode"":""CAN"",""playerNationality"":""Canada"",""profileLink"":""/en/players/nadia-lagaev/800638930/can/jt/s/"",""gender"":""F"",""hiddenPlayer"":false,""birthYear"":2008,""rankMovement"":-1,""rank"":42,""rankEqualFlag"":"""",""tournamentsPlayed"":30,""points"":1086.25,""profileImage"":""/media/1489/itf-uk-profile-placeholder-female.jpg?anchor=center&mode=crop&width=54&height=72&rnd=132174204480000000"",""tournamentsPlayedSingles"":null,""tournamentsPlayedDoubles"":null,""pointsRankingSingles"":null,""pointsRankingDoubles"":null,""pointsRankingTotal"":null}"
800656226,Katerina Zajickova,Katerina,Zajickova,F,G,CZE,Czechia,,2010,2028,,https://www.itftennis.com/en/players/katerina-zajickova/800656226/cze/jt/s/,43,1083,2026-06-02,2026-06-08,"{""playerId"":800656226,""playerFamilyName"":""Zajickova"",""playerGivenName"":""Katerina"",""playerNationalityCode"":""CZE"",""playerNationality"":""Czechia"",""profileLink"":""/en/players/katerina-zajickova/800656226/cze/jt/s/"",""gender"":""F"",""hiddenPlayer"":false,""birthYear"":2010,""rankMovement"":23,""rank"":43,""rankEqualFlag"":"""",""tournamentsPlayed"":38,""points"":1083,""profileImage"":""/media/1489/itf-uk-profile-placeholder-female.jpg?anchor=center&mode=crop&width=54&height=72&rnd=132174204480000000"",""tournamentsPlayedSingles"":null,""tournamentsPlayedDoubles"":null,""pointsRankingSingles"":null,""pointsRankingDoubles"":null,""pointsRankingTotal"":null}"
800597362,Antonina Sushkova,Antonina,Sushkova,F,G,UKR,Ukraine,,2008,2026,,https://www.itftennis.com/en/players/antonina-sushkova/800597362/ukr/jt/s/,44,1073,2026-06-02,2026-06-08,"{""playerId"":800597362,""playerFamilyName"":""Sushkova"",""playerGivenName"":""Antonina"",""playerNationalityCode"":""UKR"",""playerNationality"":""Ukraine"",""profileLink"":""/en/players/antonina-sushkova/800597362/ukr/jt/s/"",""gender"":""F"",""hiddenPlayer"":false,""birthYear"":2008,""rankMovement"":-2,""rank"":44,""rankEqualFlag"":"""",""tournamentsPlayed"":30,""points"":1073,""profileImage"":""/media/1489/itf-uk-profile-placeholder-female.jpg?anchor=center&mode=crop&width=54&height=72&rnd=132174204480000000"",""tournamentsPlayedSingles"":null,""tournamentsPlayedDoubles"":null,""pointsRankingSingles"":null,""pointsRankingDoubles"":null,""pointsRankingTotal"":null}"
800604444,Sofie Hettlerova,Sofie,Hettlerova,F,G,CZE,Czechia,,2009,2027,,https://www.itftennis.com/en/players/sofie-hettlerova/800604444/cze/jt/s/,45,1071.75,2026-06-02,2026-06-08,"{""playerId"":800604444,""playerFamilyName"":""Hettlerova"",""playerGivenName"":""Sofie"",""playerNationalityCode"":""CZE"",""playerNationality"":""Czechia"",""profileLink"":""/en/players/sofie-hettlerova/800604444/cze/jt/s/"",""gender"":""F"",""hiddenPlayer"":false,""birthYear"":2009,""rankMovement"":-2,""rank"":45,""rankEqualFlag"":"""",""tournamentsPlayed"":28,""points"":1071.75,""profileImage"":""/media/1489/itf-uk-profile-placeholder-female.jpg?anchor=center&mode=crop&width=54&height=72&rnd=132174204480000000"",""tournamentsPlayedSingles"":null,""tournamentsPlayedDoubles"":null,""pointsRankingSingles"":null,""pointsRankingDoubles"":null,""pointsRankingTotal"":null}"
800719735,Chukwumelije Clarke,Chukwumelije,Clarke,F,G,USA,USA,,2009,2027,,https://www.itftennis.com/en/players/chukwumelije-clarke/800719735/usa/jt/s/,46,1046.75,2026-06-02,2026-06-08,"{""playerId"":800719735,""playerFamilyName"":""Clarke"",""playerGivenName"":""Chukwumelije"",""playerNationalityCode"":""USA"",""playerNationality"":""USA"",""profileLink"":""/en/players/chukwumelije-clarke/800719735/usa/jt/s/"",""gender"":""F"",""hiddenPlayer"":false,""birthYear"":2009,""rankMovement"":0,""rank"":46,""rankEqualFlag"":"""",""tournamentsPlayed"":29,""points"":1046.75,""profileImage"":""/media/1489/itf-uk-profile-placeholder-female.jpg?anchor=center&mode=crop&width=54&height=72&rnd=132174204480000000"",""tournamentsPlayedSingles"":null,""tournamentsPlayedDoubles"":null,""pointsRankingSingles"":null,""pointsRankingDoubles"":null,""pointsRankingTotal"":null}"
800664506,Maria Valentina Pop,Maria Valentina,Pop,F,G,ROU,Romania,,2010,2028,,https://www.itftennis.com/en/players/maria-valentina-pop/800664506/rou/jt/s/,47,1038.75,2026-06-02,2026-06-08,"{""playerId"":800664506,""playerFamilyName"":""Pop"",""playerGivenName"":""Maria Valentina"",""playerNationalityCode"":""ROU"",""playerNationality"":""Romania"",""profileLink"":""/en/players/maria-valentina-pop/800664506/rou/jt/s/"",""gender"":""F"",""hiddenPlayer"":false,""birthYear"":2010,""rankMovement"":-2,""rank"":47,""rankEqualFlag"":"""",""tournamentsPlayed"":37,""points"":1038.75,""profileImage"":""/media/1489/itf-uk-profile-placeholder-female.jpg?anchor=center&mode=crop&width=54&height=72&rnd=132174204480000000"",""tournamentsPlayedSingles"":null,""tournamentsPlayedDoubles"":null,""pointsRankingSingles"":null,""pointsRankingDoubles"":null,""pointsRankingTotal"":null}"
800693920,Alyssa James,Alyssa,James,F,G,JAM,Jamaica,,2008,2026,,https://www.itftennis.com/en/players/alyssa-james/800693920/jam/jt/s/,48,1027.25,2026-06-02,2026-06-08,"{""playerId"":800693920,""playerFamilyName"":""James"",""playerGivenName"":""Alyssa"",""playerNationalityCode"":""JAM"",""playerNationality"":""Jamaica"",""profileLink"":""/en/players/alyssa-james/800693920/jam/jt/s/"",""gender"":""F"",""hiddenPlayer"":false,""birthYear"":2008,""rankMovement"":-1,""rank"":48,""rankEqualFlag"":"""",""tournamentsPlayed"":32,""points"":1027.25,""profileImage"":""/media/1489/itf-uk-profile-placeholder-female.jpg?anchor=center&mode=crop&width=54&height=72&rnd=132174204480000000"",""tournamentsPlayedSingles"":null,""tournamentsPlayedDoubles"":null,""pointsRankingSingles"":null,""pointsRankingDoubles"":null,""pointsRankingTotal"":null}"
800661849,Hollie Smart,Hollie,Smart,F,G,GBR,Great Britain,,2009,2027,,https://www.itftennis.com/en/players/hollie-smart/800661849/gbr/jt/s/,49,1017.25,2026-06-02,2026-06-08,"{""playerId"":800661849,""playerFamilyName"":""Smart"",""playerGivenName"":""Hollie"",""playerNationalityCode"":""GBR"",""playerNationality"":""Great Britain"",""profileLink"":""/en/players/hollie-smart/800661849/gbr/jt/s/"",""gender"":""F"",""hiddenPlayer"":false,""birthYear"":2009,""rankMovement"":2,""rank"":49,""rankEqualFlag"":"""",""tournamentsPlayed"":36,""points"":1017.25,""profileImage"":""/media/1489/itf-uk-profile-placeholder-female.jpg?anchor=center&mode=crop&width=54&height=72&rnd=132174204480000000"",""tournamentsPlayedSingles"":null,""tournamentsPlayedDoubles"":null,""pointsRankingSingles"":null,""pointsRankingDoubles"":null,""pointsRankingTotal"":null}"
800636563,Lea Nilsson,Lea,Nilsson,F,G,SWE,Sweden,,2008,2026,,https://www.itftennis.com/en/players/lea-nilsson/800636563/swe/jt/s/,50,1005,2026-06-02,2026-06-08,"{""playerId"":800636563,""playerFamilyName"":""Nilsson"",""playerGivenName"":""Lea"",""playerNationalityCode"":""SWE"",""playerNationality"":""Sweden"",""profileLink"":""/en/players/lea-nilsson/800636563/swe/jt/s/"",""gender"":""F"",""hiddenPlayer"":false,""birthYear"":2008,""rankMovement"":8,""rank"":50,""rankEqualFlag"":"""",""tournamentsPlayed"":12,""points"":1005,""profileImage"":""/remote.axd/media.itftennis.com/assetbank-itf/servlet/display?file=22137ab7c36609489837fd3e.jpg?crop=0.35693039857227904,0.066123301951309138,0.28613920285544192,0.61660523265110956&cropmode=percentage&width=54&height=72&rnd=133512689180000000"",""tournamentsPlayedSingles"":null,""tournamentsPlayedDoubles"":null,""pointsRankingSingles"":null,""pointsRankingDoubles"":null,""pointsRankingTotal"":null}"
800593679,Alisa Oktiabreva,Alisa,Oktiabreva,F,G,RUS,Russia,,2008,2026,,https://www.itftennis.com/en/players/alisa-oktiabreva/800593679/rus/jt/s/,51,1000,2026-06-08,2026-06-08,"{""playerId"":800593679,""playerFamilyName"":""Oktiabreva"",""playerGivenName"":""Alisa"",""playerNationalityCode"":""RUS"",""playerNationality"":""Russia"",""profileLink"":""/en/players/alisa-oktiabreva/800593679/rus/jt/s/"",""gender"":""F"",""hiddenPlayer"":false,""birthYear"":2008,""rankMovement"":0,""rank"":51,""rankEqualFlag"":"""",""tournamentsPlayed"":1,""points"":1000,""profileImage"":""/media/1489/itf-uk-profile-placeholder-female.jpg?anchor=center&mode=crop&width=54&height=72&rnd=132174204480000000"",""tournamentsPlayedSingles"":null,""tournamentsPlayedDoubles"":null,""pointsRankingSingles"":null,""pointsRankingDoubles"":null,""pointsRankingTotal"":null}"
800708800,Yu-Chen Lin,Yu-Chen,Lin,F,G,TPE,Chinese Taipei,,2009,2027,,https://www.itftennis.com/en/players/yu-chen-lin/800708800/tpe/jt/s/,52,998,2026-06-02,2026-06-08,"{""playerId"":800708800,""playerFamilyName"":""Lin"",""playerGivenName"":""Yu-Chen"",""playerNationalityCode"":""TPE"",""playerNationality"":""Chinese Taipei"",""profileLink"":""/en/players/yu-chen-lin/800708800/tpe/jt/s/"",""gender"":""F"",""hiddenPlayer"":false,""birthYear"":2009,""rankMovement"":-3,""rank"":52,""rankEqualFlag"":"""",""tournamentsPlayed"":30,""points"":998,""profileImage"":""/media/1489/itf-uk-profile-placeholder-female.jpg?anchor=center&mode=crop&width=54&height=72&rnd=132174204480000000"",""tournamentsPlayedSingles"":null,""tournamentsPlayedDoubles"":null,""pointsRankingSingles"":null,""pointsRankingDoubles"":null,""pointsRankingTotal"":null}"
800624123,Polina Berezina,Polina,Berezina,F,G,RUS,Russia,,2009,2027,,https://www.itftennis.com/en/players/polina-berezina/800624123/rus/jt/s/,53,987.25,2026-06-02,2026-06-08,"{""playerId"":800624123,""playerFamilyName"":""Berezina"",""playerGivenName"":""Polina"",""playerNationalityCode"":""RUS"",""playerNationality"":""Russia"",""profileLink"":""/en/players/polina-berezina/800624123/rus/jt/s/"",""gender"":""F"",""hiddenPlayer"":false,""birthYear"":2009,""rankMovement"":-3,""rank"":53,""rankEqualFlag"":"""",""tournamentsPlayed"":27,""points"":987.25,""profileImage"":""/media/1489/itf-uk-profile-placeholder-female.jpg?anchor=center&mode=crop&width=54&height=72&rnd=132174204480000000"",""tournamentsPlayedSingles"":null,""tournamentsPlayedDoubles"":null,""pointsRankingSingles"":null,""pointsRankingDoubles"":null,""pointsRankingTotal"":null}"
800598679,Emily Victoria Eigelsbach,Emily Victoria,Eigelsbach,F,G,GER,Germany,,2008,2026,,https://www.itftennis.com/en/players/emily-victoria-eigelsbach/800598679/ger/jt/s/,54,979.75,2026-06-02,2026-06-08,"{""playerId"":800598679,""playerFamilyName"":""Eigelsbach"",""playerGivenName"":""Emily Victoria"",""playerNationalityCode"":""GER"",""playerNationality"":""Germany"",""profileLink"":""/en/players/emily-victoria-eigelsbach/800598679/ger/jt/s/"",""gender"":""F"",""hiddenPlayer"":false,""birthYear"":2008,""rankMovement"":-2,""rank"":54,""rankEqualFlag"":"""",""tournamentsPlayed"":48,""points"":979.75,""profileImage"":""/media/1489/itf-uk-profile-placeholder-female.jpg?anchor=center&mode=crop&width=54&height=72&rnd=132174204480000000"",""tournamentsPlayedSingles"":null,""tournamentsPlayedDoubles"":null,""pointsRankingSingles"":null,""pointsRankingDoubles"":null,""pointsRankingTotal"":null}"
800651337,UI SU JEONG,UI SU,JEONG,F,G,KOR,"Korea, Rep.",,2008,2026,,https://www.itftennis.com/en/players/ui-su-jeong/800651337/kor/jt/s/,55,971.25,2026-06-02,2026-06-08,"{""playerId"":800651337,""playerFamilyName"":""JEONG"",""playerGivenName"":""UI SU"",""playerNationalityCode"":""KOR"",""playerNationality"":""Korea, Rep."",""profileLink"":""/en/players/ui-su-jeong/800651337/kor/jt/s/"",""gender"":""F"",""hiddenPlayer"":false,""birthYear"":2008,""rankMovement"":2,""rank"":55,""rankEqualFlag"":"""",""tournamentsPlayed"":23,""points"":971.25,""profileImage"":""/media/1489/itf-uk-profile-placeholder-female.jpg?anchor=center&mode=crop&width=54&height=72&rnd=132174204480000000"",""tournamentsPlayedSingles"":null,""tournamentsPlayedDoubles"":null,""pointsRankingSingles"":null,""pointsRankingDoubles"":null,""pointsRankingTotal"":null}"
800632134,Kristina Liutova,Kristina,Liutova,F,G,RUS,Russia,,2010,2028,,https://www.itftennis.com/en/players/kristina-liutova/800632134/rus/jt/s/,56,968,2026-06-02,2026-06-08,"{""playerId"":800632134,""playerFamilyName"":""Liutova"",""playerGivenName"":""Kristina"",""playerNationalityCode"":""RUS"",""playerNationality"":""Russia"",""profileLink"":""/en/players/kristina-liutova/800632134/rus/jt/s/"",""gender"":""F"",""hiddenPlayer"":false,""birthYear"":2010,""rankMovement"":-3,""rank"":56,""rankEqualFlag"":"""",""tournamentsPlayed"":4,""points"":968,""profileImage"":""/media/1489/itf-uk-profile-placeholder-female.jpg?anchor=center&mode=crop&width=54&height=72&rnd=132174204480000000"",""tournamentsPlayedSingles"":null,""tournamentsPlayedDoubles"":null,""pointsRankingSingles"":null,""pointsRankingDoubles"":null,""pointsRankingTotal"":null}"
800672579,Tereza Hermanova,Tereza,Hermanova,F,G,CZE,Czechia,,2009,2027,,https://www.itftennis.com/en/players/tereza-hermanova/800672579/cze/jt/s/,57,967.25,2026-06-02,2026-06-08,"{""playerId"":800672579,""playerFamilyName"":""Hermanova"",""playerGivenName"":""Tereza"",""playerNationalityCode"":""CZE"",""playerNationality"":""Czechia"",""profileLink"":""/en/players/tereza-hermanova/800672579/cze/jt/s/"",""gender"":""F"",""hiddenPlayer"":false,""birthYear"":2009,""rankMovement"":-3,""rank"":57,""rankEqualFlag"":"""",""tournamentsPlayed"":38,""points"":967.25,""profileImage"":""/media/1489/itf-uk-profile-placeholder-female.jpg?anchor=center&mode=crop&width=54&height=72&rnd=132174204480000000"",""tournamentsPlayedSingles"":null,""tournamentsPlayedDoubles"":null,""pointsRankingSingles"":null,""pointsRankingDoubles"":null,""pointsRankingTotal"":null}"
800709314,Lani Chang,Lani,Chang,F,G,USA,USA,,2010,2028,,https://www.itftennis.com/en/players/lani-chang/800709314/usa/jt/s/,58,961.75,2026-06-02,2026-06-08,"{""playerId"":800709314,""playerFamilyName"":""Chang"",""playerGivenName"":""Lani"",""playerNationalityCode"":""USA"",""playerNationality"":""USA"",""profileLink"":""/en/players/lani-chang/800709314/usa/jt/s/"",""gender"":""F"",""hiddenPlayer"":false,""birthYear"":2010,""rankMovement"":-3,""rank"":58,""rankEqualFlag"":"""",""tournamentsPlayed"":33,""points"":961.75,""profileImage"":""/media/1489/itf-uk-profile-placeholder-female.jpg?anchor=center&mode=crop&width=54&height=72&rnd=132174204480000000"",""tournamentsPlayedSingles"":null,""tournamentsPlayedDoubles"":null,""pointsRankingSingles"":null,""pointsRankingDoubles"":null,""pointsRankingTotal"":null}"
800571280,Ekaterina Tupitsyna,Ekaterina,Tupitsyna,F,G,RUS,Russia,,2008,2026,,https://www.itftennis.com/en/players/ekaterina-tupitsyna/800571280/rus/jt/s/,59,956.75,2026-06-02,2026-06-08,"{""playerId"":800571280,""playerFamilyName"":""Tupitsyna"",""playerGivenName"":""Ekaterina"",""playerNationalityCode"":""RUS"",""playerNationality"":""Russia"",""profileLink"":""/en/players/ekaterina-tupitsyna/800571280/rus/jt/s/"",""gender"":""F"",""hiddenPlayer"":false,""birthYear"":2008,""rankMovement"":-3,""rank"":59,""rankEqualFlag"":"""",""tournamentsPlayed"":12,""points"":956.75,""profileImage"":""/media/1489/itf-uk-profile-placeholder-female.jpg?anchor=center&mode=crop&width=54&height=72&rnd=132174204480000000"",""tournamentsPlayedSingles"":null,""tournamentsPlayedDoubles"":null,""pointsRankingSingles"":null,""pointsRankingDoubles"":null,""pointsRankingTotal"":null}"
800705172,Sofiia Bielinska,Sofiia,Bielinska,F,G,UKR,Ukraine,,2011,2029,,https://www.itftennis.com/en/players/sofiia-bielinska/800705172/ukr/jt/s/,60,947.5,2026-06-02,2026-06-08,"{""playerId"":800705172,""playerFamilyName"":""Bielinska"",""playerGivenName"":""Sofiia"",""playerNationalityCode"":""UKR"",""playerNationality"":""Ukraine"",""profileLink"":""/en/players/sofiia-bielinska/800705172/ukr/jt/s/"",""gender"":""F"",""hiddenPlayer"":false,""birthYear"":2011,""rankMovement"":-1,""rank"":60,""rankEqualFlag"":"""",""tournamentsPlayed"":28,""points"":947.5,""profileImage"":""/media/1489/itf-uk-profile-placeholder-female.jpg?anchor=center&mode=crop&width=54&height=72&rnd=132174204480000000"",""tournamentsPlayedSingles"":null,""tournamentsPlayedDoubles"":null,""pointsRankingSingles"":null,""pointsRankingDoubles"":null,""pointsRankingTotal"":null}"
800703935,Anita Tu,Anita,Tu,F,G,USA,USA,,2009,2027,,https://www.itftennis.com/en/players/anita-tu/800703935/usa/jt/s/,61,946.75,2026-06-02,2026-06-08,"{""playerId"":800703935,""playerFamilyName"":""Tu"",""playerGivenName"":""Anita"",""playerNationalityCode"":""USA"",""playerNationality"":""USA"",""profileLink"":""/en/players/anita-tu/800703935/usa/jt/s/"",""gender"":""F"",""hiddenPlayer"":false,""birthYear"":2009,""rankMovement"":-1,""rank"":61,""rankEqualFlag"":"""",""tournamentsPlayed"":38,""points"":946.75,""profileImage"":""/media/1489/itf-uk-profile-placeholder-female.jpg?anchor=center&mode=crop&width=54&height=72&rnd=132174204480000000"",""tournamentsPlayedSingles"":null,""tournamentsPlayedDoubles"":null,""pointsRankingSingles"":null,""pointsRankingDoubles"":null,""pointsRankingTotal"":null}"
800640047,Veronika Sekerkova,Veronika,Sekerkova,F,G,CZE,Czechia,,2009,2027,,https://www.itftennis.com/en/players/veronika-sekerkova/800640047/cze/jt/s/,62,939.25,2026-06-02,2026-06-08,"{""playerId"":800640047,""playerFamilyName"":""Sekerkova"",""playerGivenName"":""Veronika"",""playerNationalityCode"":""CZE"",""playerNationality"":""Czechia"",""profileLink"":""/en/players/veronika-sekerkova/800640047/cze/jt/s/"",""gender"":""F"",""hiddenPlayer"":false,""birthYear"":2009,""rankMovement"":-1,""rank"":62,""rankEqualFlag"":"""",""tournamentsPlayed"":36,""points"":939.25,""profileImage"":""/media/1489/itf-uk-profile-placeholder-female.jpg?anchor=center&mode=crop&width=54&height=72&rnd=132174204480000000"",""tournamentsPlayedSingles"":null,""tournamentsPlayedDoubles"":null,""pointsRankingSingles"":null,""pointsRankingDoubles"":null,""pointsRankingTotal"":null}"
800629808,Iva Marinkovic,Iva,Marinkovic,F,G,SWE,Sweden,,2008,2026,,https://www.itftennis.com/en/players/iva-marinkovic/800629808/swe/jt/s/,63,934.25,2026-06-02,2026-06-08,"{""playerId"":800629808,""playerFamilyName"":""Marinkovic"",""playerGivenName"":""Iva"",""playerNationalityCode"":""SWE"",""playerNationality"":""Sweden"",""profileLink"":""/en/players/iva-marinkovic/800629808/swe/jt/s/"",""gender"":""F"",""hiddenPlayer"":false,""birthYear"":2008,""rankMovement"":0,""rank"":63,""rankEqualFlag"":"""",""tournamentsPlayed"":35,""points"":934.25,""profileImage"":""/media/1489/itf-uk-profile-placeholder-female.jpg?anchor=center&mode=crop&width=54&height=72&rnd=132174204480000000"",""tournamentsPlayedSingles"":null,""tournamentsPlayedDoubles"":null,""pointsRankingSingles"":null,""pointsRankingDoubles"":null,""pointsRankingTotal"":null}"
800696508,Olivia Traynor,Olivia,Traynor,F,G,USA,USA,,2008,2026,,https://www.itftennis.com/en/players/olivia-traynor/800696508/usa/jt/s/,64,929.25,2026-06-02,2026-06-08,"{""playerId"":800696508,""playerFamilyName"":""Traynor"",""playerGivenName"":""Olivia"",""playerNationalityCode"":""USA"",""playerNationality"":""USA"",""profileLink"":""/en/players/olivia-traynor/800696508/usa/jt/s/"",""gender"":""F"",""hiddenPlayer"":false,""birthYear"":2008,""rankMovement"":1,""rank"":64,""rankEqualFlag"":"""",""tournamentsPlayed"":33,""points"":929.25,""profileImage"":""/media/1489/itf-uk-profile-placeholder-female.jpg?anchor=center&mode=crop&width=54&height=72&rnd=132174204480000000"",""tournamentsPlayedSingles"":null,""tournamentsPlayedDoubles"":null,""pointsRankingSingles"":null,""pointsRankingDoubles"":null,""pointsRankingTotal"":null}"
800656578,Oliwia Sybicka,Oliwia,Sybicka,F,G,POL,Poland,,2009,2027,,https://www.itftennis.com/en/players/oliwia-sybicka/800656578/pol/jt/s/,65,927.25,2026-06-02,2026-06-08,"{""playerId"":800656578,""playerFamilyName"":""Sybicka"",""playerGivenName"":""Oliwia"",""playerNationalityCode"":""POL"",""playerNationality"":""Poland"",""profileLink"":""/en/players/oliwia-sybicka/800656578/pol/jt/s/"",""gender"":""F"",""hiddenPlayer"":false,""birthYear"":2009,""rankMovement"":-3,""rank"":65,""rankEqualFlag"":"""",""tournamentsPlayed"":27,""points"":927.25,""profileImage"":""/media/1489/itf-uk-profile-placeholder-female.jpg?anchor=center&mode=crop&width=54&height=72&rnd=132174204480000000"",""tournamentsPlayedSingles"":null,""tournamentsPlayedDoubles"":null,""pointsRankingSingles"":null,""pointsRankingDoubles"":null,""pointsRankingTotal"":null}"
800730824,Zhang-Qian Wei,Zhang-Qian,Wei,F,G,CHN,"China, P.R.",,2008,2026,,https://www.itftennis.com/en/players/zhang-qian-wei/800730824/chn/jt/s/,66,925.25,2026-06-02,2026-06-08,"{""playerId"":800730824,""playerFamilyName"":""Wei"",""playerGivenName"":""Zhang-Qian"",""playerNationalityCode"":""CHN"",""playerNationality"":""China, P.R."",""profileLink"":""/en/players/zhang-qian-wei/800730824/chn/jt/s/"",""gender"":""F"",""hiddenPlayer"":false,""birthYear"":2008,""rankMovement"":-2,""rank"":66,""rankEqualFlag"":"""",""tournamentsPlayed"":36,""points"":925.25,""profileImage"":""/media/1489/itf-uk-profile-placeholder-female.jpg?anchor=center&mode=crop&width=54&height=72&rnd=132174204480000000"",""tournamentsPlayedSingles"":null,""tournamentsPlayedDoubles"":null,""pointsRankingSingles"":null,""pointsRankingDoubles"":null,""pointsRankingTotal"":null}"
800661652,Alena Kharchenko,Alena,Kharchenko,F,G,RUS,Russia,,2010,2028,,https://www.itftennis.com/en/players/alena-kharchenko/800661652/rus/jt/s/,67,909.25,2026-06-02,2026-06-08,"{""playerId"":800661652,""playerFamilyName"":""Kharchenko"",""playerGivenName"":""Alena"",""playerNationalityCode"":""RUS"",""playerNationality"":""Russia"",""profileLink"":""/en/players/alena-kharchenko/800661652/rus/jt/s/"",""gender"":""F"",""hiddenPlayer"":false,""birthYear"":2010,""rankMovement"":1,""rank"":67,""rankEqualFlag"":"""",""tournamentsPlayed"":26,""points"":909.25,""profileImage"":""/media/1489/itf-uk-profile-placeholder-female.jpg?anchor=center&mode=crop&width=54&height=72&rnd=132174204480000000"",""tournamentsPlayedSingles"":null,""tournamentsPlayedDoubles"":null,""pointsRankingSingles"":null,""pointsRankingDoubles"":null,""pointsRankingTotal"":null}"
800655734,Pietra Rivoli,Pietra,Rivoli,F,G,BRA,Brazil,,2008,2026,,https://www.itftennis.com/en/players/pietra-rivoli/800655734/bra/jt/s/,68,902.75,2026-06-02,2026-06-08,"{""playerId"":800655734,""playerFamilyName"":""Rivoli"",""playerGivenName"":""Pietra"",""playerNationalityCode"":""BRA"",""playerNationality"":""Brazil"",""profileLink"":""/en/players/pietra-rivoli/800655734/bra/jt/s/"",""gender"":""F"",""hiddenPlayer"":false,""birthYear"":2008,""rankMovement"":2,""rank"":68,""rankEqualFlag"":"""",""tournamentsPlayed"":32,""points"":902.75,""profileImage"":""/media/1489/itf-uk-profile-placeholder-female.jpg?anchor=center&mode=crop&width=54&height=72&rnd=132174204480000000"",""tournamentsPlayedSingles"":null,""tournamentsPlayedDoubles"":null,""pointsRankingSingles"":null,""pointsRankingDoubles"":null,""pointsRankingTotal"":null}"
800667963,Siyoen Sim,Siyoen,Sim,F,G,KOR,"Korea, Rep.",,2010,2028,,https://www.itftennis.com/en/players/siyoen-sim/800667963/kor/jt/s/,69,897.5,2026-06-02,2026-06-08,"{""playerId"":800667963,""playerFamilyName"":""Sim"",""playerGivenName"":""Siyoen"",""playerNationalityCode"":""KOR"",""playerNationality"":""Korea, Rep."",""profileLink"":""/en/players/siyoen-sim/800667963/kor/jt/s/"",""gender"":""F"",""hiddenPlayer"":false,""birthYear"":2010,""rankMovement"":0,""rank"":69,""rankEqualFlag"":"""",""tournamentsPlayed"":25,""points"":897.5,""profileImage"":""/media/1489/itf-uk-profile-placeholder-female.jpg?anchor=center&mode=crop&width=54&height=72&rnd=132174204480000000"",""tournamentsPlayedSingles"":null,""tournamentsPlayedDoubles"":null,""pointsRankingSingles"":null,""pointsRankingDoubles"":null,""pointsRankingTotal"":null}"
800772612,Hannah Ayrault,Hannah,Ayrault,F,G,USA,USA,,2010,2028,,https://www.itftennis.com/en/players/hannah-ayrault/800772612/usa/jt/s/,70,892.5,2026-06-02,2026-06-08,"{""playerId"":800772612,""playerFamilyName"":""Ayrault"",""playerGivenName"":""Hannah"",""playerNationalityCode"":""USA"",""playerNationality"":""USA"",""profileLink"":""/en/players/hannah-ayrault/800772612/usa/jt/s/"",""gender"":""F"",""hiddenPlayer"":false,""birthYear"":2010,""rankMovement"":1,""rank"":70,""rankEqualFlag"":"""",""tournamentsPlayed"":24,""points"":892.5,""profileImage"":""/media/1489/itf-uk-profile-placeholder-female.jpg?anchor=center&mode=crop&width=54&height=72&rnd=132174204480000000"",""tournamentsPlayedSingles"":null,""tournamentsPlayedDoubles"":null,""pointsRankingSingles"":null,""pointsRankingDoubles"":null,""pointsRankingTotal"":null}"
800587881,Ilary Pistola,Ilary,Pistola,F,G,ITA,Italy,,2008,2026,,https://www.itftennis.com/en/players/ilary-pistola/800587881/ita/jt/s/,71,890.5,2026-06-02,2026-06-08,"{""playerId"":800587881,""playerFamilyName"":""Pistola"",""playerGivenName"":""Ilary"",""playerNationalityCode"":""ITA"",""playerNationality"":""Italy"",""profileLink"":""/en/players/ilary-pistola/800587881/ita/jt/s/"",""gender"":""F"",""hiddenPlayer"":false,""birthYear"":2008,""rankMovement"":5,""rank"":71,""rankEqualFlag"":"""",""tournamentsPlayed"":39,""points"":890.5,""profileImage"":""/media/1489/itf-uk-profile-placeholder-female.jpg?anchor=center&mode=crop&width=54&height=72&rnd=132174204480000000"",""tournamentsPlayedSingles"":null,""tournamentsPlayedDoubles"":null,""pointsRankingSingles"":null,""pointsRankingDoubles"":null,""pointsRankingTotal"":null}"
800595363,Sofia Meabe,Sofia,Meabe,F,G,ARG,Argentina,,2008,2026,,https://www.itftennis.com/en/players/sofia-meabe/800595363/arg/jt/s/,72,885.5,2026-06-02,2026-06-08,"{""playerId"":800595363,""playerFamilyName"":""Meabe"",""playerGivenName"":""Sofia"",""playerNationalityCode"":""ARG"",""playerNationality"":""Argentina"",""profileLink"":""/en/players/sofia-meabe/800595363/arg/jt/s/"",""gender"":""F"",""hiddenPlayer"":false,""birthYear"":2008,""rankMovement"":0,""rank"":72,""rankEqualFlag"":"""",""tournamentsPlayed"":37,""points"":885.5,""profileImage"":""/media/1489/itf-uk-profile-placeholder-female.jpg?anchor=center&mode=crop&width=54&height=72&rnd=132174204480000000"",""tournamentsPlayedSingles"":null,""tournamentsPlayedDoubles"":null,""pointsRankingSingles"":null,""pointsRankingDoubles"":null,""pointsRankingTotal"":null}"
800701856,Nancy Lee,Nancy,Lee,F,G,USA,USA,,2009,2027,,https://www.itftennis.com/en/players/nancy-lee/800701856/usa/jt/s/,73,874.75,2026-06-02,2026-06-08,"{""playerId"":800701856,""playerFamilyName"":""Lee"",""playerGivenName"":""Nancy"",""playerNationalityCode"":""USA"",""playerNationality"":""USA"",""profileLink"":""/en/players/nancy-lee/800701856/usa/jt/s/"",""gender"":""F"",""hiddenPlayer"":false,""birthYear"":2009,""rankMovement"":0,""rank"":73,""rankEqualFlag"":"""",""tournamentsPlayed"":33,""points"":874.75,""profileImage"":""/media/1489/itf-uk-profile-placeholder-female.jpg?anchor=center&mode=crop&width=54&height=72&rnd=132174204480000000"",""tournamentsPlayedSingles"":null,""tournamentsPlayedDoubles"":null,""pointsRankingSingles"":null,""pointsRankingDoubles"":null,""pointsRankingTotal"":null}"
800587892,Daphnee Mpetshi Perricard,Daphnee,Mpetshi Perricard,F,G,FRA,France,,2008,2026,,https://www.itftennis.com/en/players/daphnee-mpetshi-perricard/800587892/fra/jt/s/,74,873.75,2026-06-02,2026-06-08,"{""playerId"":800587892,""playerFamilyName"":""Mpetshi Perricard"",""playerGivenName"":""Daphnee"",""playerNationalityCode"":""FRA"",""playerNationality"":""France"",""profileLink"":""/en/players/daphnee-mpetshi-perricard/800587892/fra/jt/s/"",""gender"":""F"",""hiddenPlayer"":false,""birthYear"":2008,""rankMovement"":0,""rank"":74,""rankEqualFlag"":"""",""tournamentsPlayed"":17,""points"":873.75,""profileImage"":""/media/1489/itf-uk-profile-placeholder-female.jpg?anchor=center&mode=crop&width=54&height=72&rnd=132174204480000000"",""tournamentsPlayedSingles"":null,""tournamentsPlayedDoubles"":null,""pointsRankingSingles"":null,""pointsRankingDoubles"":null,""pointsRankingTotal"":null}"
800636609,Fleur De Bresser,Fleur,De Bresser,F,G,NED,Netherlands,,2009,2027,,https://www.itftennis.com/en/players/fleur-de-bresser/800636609/ned/jt/s/,75,873,2026-06-02,2026-06-08,"{""playerId"":800636609,""playerFamilyName"":""De Bresser"",""playerGivenName"":""Fleur"",""playerNationalityCode"":""NED"",""playerNationality"":""Netherlands"",""profileLink"":""/en/players/fleur-de-bresser/800636609/ned/jt/s/"",""gender"":""F"",""hiddenPlayer"":false,""birthYear"":2009,""rankMovement"":0,""rank"":75,""rankEqualFlag"":"""",""tournamentsPlayed"":44,""points"":873,""profileImage"":""/media/1489/itf-uk-profile-placeholder-female.jpg?anchor=center&mode=crop&width=54&height=72&rnd=132174204480000000"",""tournamentsPlayedSingles"":null,""tournamentsPlayedDoubles"":null,""pointsRankingSingles"":null,""pointsRankingDoubles"":null,""pointsRankingTotal"":null}"
800665507,Daniella Britton,Daniella,Britton,F,G,GBR,Great Britain,,2010,2028,,https://www.itftennis.com/en/players/daniella-britton/800665507/gbr/jt/s/,76,865.5,2026-06-02,2026-06-08,"{""playerId"":800665507,""playerFamilyName"":""Britton"",""playerGivenName"":""Daniella"",""playerNationalityCode"":""GBR"",""playerNationality"":""Great Britain"",""profileLink"":""/en/players/daniella-britton/800665507/gbr/jt/s/"",""gender"":""F"",""hiddenPlayer"":false,""birthYear"":2010,""rankMovement"":1,""rank"":76,""rankEqualFlag"":"""",""tournamentsPlayed"":28,""points"":865.5,""profileImage"":""/media/1489/itf-uk-profile-placeholder-female.jpg?anchor=center&mode=crop&width=54&height=72&rnd=132174204480000000"",""tournamentsPlayedSingles"":null,""tournamentsPlayedDoubles"":null,""pointsRankingSingles"":null,""pointsRankingDoubles"":null,""pointsRankingTotal"":null}"
800639340,Camila Rodero,Camila,Rodero,F,G,CHI,Chile,,2008,2026,,https://www.itftennis.com/en/players/camila-rodero/800639340/chi/jt/s/,77,853.75,2026-06-02,2026-06-08,"{""playerId"":800639340,""playerFamilyName"":""Rodero"",""playerGivenName"":""Camila"",""playerNationalityCode"":""CHI"",""playerNationality"":""Chile"",""profileLink"":""/en/players/camila-rodero/800639340/chi/jt/s/"",""gender"":""F"",""hiddenPlayer"":false,""birthYear"":2008,""rankMovement"":2,""rank"":77,""rankEqualFlag"":"""",""tournamentsPlayed"":35,""points"":853.75,""profileImage"":""/media/1489/itf-uk-profile-placeholder-female.jpg?anchor=center&mode=crop&width=54&height=72&rnd=132174204480000000"",""tournamentsPlayedSingles"":null,""tournamentsPlayedDoubles"":null,""pointsRankingSingles"":null,""pointsRankingDoubles"":null,""pointsRankingTotal"":null}"
800676754,Alisa Terentyeva,Alisa,Terentyeva,F,G,RUS,Russia,,2010,2028,,https://www.itftennis.com/en/players/alisa-terentyeva/800676754/rus/jt/s/,78,853.5,2026-06-02,2026-06-08,"{""playerId"":800676754,""playerFamilyName"":""Terentyeva"",""playerGivenName"":""Alisa"",""playerNationalityCode"":""RUS"",""playerNationality"":""Russia"",""profileLink"":""/en/players/alisa-terentyeva/800676754/rus/jt/s/"",""gender"":""F"",""hiddenPlayer"":false,""birthYear"":2010,""rankMovement"":2,""rank"":78,""rankEqualFlag"":"""",""tournamentsPlayed"":27,""points"":853.5,""profileImage"":""/media/1489/itf-uk-profile-placeholder-female.jpg?anchor=center&mode=crop&width=54&height=72&rnd=132174204480000000"",""tournamentsPlayedSingles"":null,""tournamentsPlayedDoubles"":null,""pointsRankingSingles"":null,""pointsRankingDoubles"":null,""pointsRankingTotal"":null}"
800737952,Margaret Sohns,Margaret,Sohns,F,G,USA,USA,,2010,2028,,https://www.itftennis.com/en/players/margaret-sohns/800737952/usa/jt/s/,79,849.25,2026-06-02,2026-06-08,"{""playerId"":800737952,""playerFamilyName"":""Sohns"",""playerGivenName"":""Margaret"",""playerNationalityCode"":""USA"",""playerNationality"":""USA"",""profileLink"":""/en/players/margaret-sohns/800737952/usa/jt/s/"",""gender"":""F"",""hiddenPlayer"":false,""birthYear"":2010,""rankMovement"":2,""rank"":79,""rankEqualFlag"":"""",""tournamentsPlayed"":39,""points"":849.25,""profileImage"":""/media/1489/itf-uk-profile-placeholder-female.jpg?anchor=center&mode=crop&width=54&height=72&rnd=132174204480000000"",""tournamentsPlayedSingles"":null,""tournamentsPlayedDoubles"":null,""pointsRankingSingles"":null,""pointsRankingDoubles"":null,""pointsRankingTotal"":null}"
800731574,Sarah Ye,Sarah,Ye,F,G,USA,USA,,2010,2028,,https://www.itftennis.com/en/players/sarah-ye/800731574/usa/jt/s/,80,847.5,2026-06-02,2026-06-08,"{""playerId"":800731574,""playerFamilyName"":""Ye"",""playerGivenName"":""Sarah"",""playerNationalityCode"":""USA"",""playerNationality"":""USA"",""profileLink"":""/en/players/sarah-ye/800731574/usa/jt/s/"",""gender"":""F"",""hiddenPlayer"":false,""birthYear"":2010,""rankMovement"":2,""rank"":80,""rankEqualFlag"":"""",""tournamentsPlayed"":28,""points"":847.5,""profileImage"":""/media/1489/itf-uk-profile-placeholder-female.jpg?anchor=center&mode=crop&width=54&height=72&rnd=132174204480000000"",""tournamentsPlayedSingles"":null,""tournamentsPlayedDoubles"":null,""pointsRankingSingles"":null,""pointsRankingDoubles"":null,""pointsRankingTotal"":null}"
800595539,Iulia Maria Buculei,Iulia Maria,Buculei,F,G,ROU,Romania,,2008,2026,,https://www.itftennis.com/en/players/iulia-maria-buculei/800595539/rou/jt/s/,81,845,2026-06-02,2026-06-08,"{""playerId"":800595539,""playerFamilyName"":""Buculei"",""playerGivenName"":""Iulia Maria"",""playerNationalityCode"":""ROU"",""playerNationality"":""Romania"",""profileLink"":""/en/players/iulia-maria-buculei/800595539/rou/jt/s/"",""gender"":""F"",""hiddenPlayer"":false,""birthYear"":2008,""rankMovement"":3,""rank"":81,""rankEqualFlag"":"""",""tournamentsPlayed"":48,""points"":845,""profileImage"":""/media/1489/itf-uk-profile-placeholder-female.jpg?anchor=center&mode=crop&width=54&height=72&rnd=132174204480000000"",""tournamentsPlayedSingles"":null,""tournamentsPlayedDoubles"":null,""pointsRankingSingles"":null,""pointsRankingDoubles"":null,""pointsRankingTotal"":null}"
800671760,Riyo Yoshida,Riyo,Yoshida,F,G,JPN,Japan,,2008,2026,,https://www.itftennis.com/en/players/riyo-yoshida/800671760/jpn/jt/s/,82,833,2026-06-02,2026-06-08,"{""playerId"":800671760,""playerFamilyName"":""Yoshida"",""playerGivenName"":""Riyo"",""playerNationalityCode"":""JPN"",""playerNationality"":""Japan"",""profileLink"":""/en/players/riyo-yoshida/800671760/jpn/jt/s/"",""gender"":""F"",""hiddenPlayer"":false,""birthYear"":2008,""rankMovement"":3,""rank"":82,""rankEqualFlag"":"""",""tournamentsPlayed"":55,""points"":833,""profileImage"":""/media/1489/itf-uk-profile-placeholder-female.jpg?anchor=center&mode=crop&width=54&height=72&rnd=132174204480000000"",""tournamentsPlayedSingles"":null,""tournamentsPlayedDoubles"":null,""pointsRankingSingles"":null,""pointsRankingDoubles"":null,""pointsRankingTotal"":null}"
800644753,Luna Maria Cinalli,Luna Maria,Cinalli,F,G,ARG,Argentina,,2008,2026,,https://www.itftennis.com/en/players/luna-maria-cinalli/800644753/arg/jt/s/,83,832.75,2026-06-02,2026-06-08,"{""playerId"":800644753,""playerFamilyName"":""Cinalli"",""playerGivenName"":""Luna Maria"",""playerNationalityCode"":""ARG"",""playerNationality"":""Argentina"",""profileLink"":""/en/players/luna-maria-cinalli/800644753/arg/jt/s/"",""gender"":""F"",""hiddenPlayer"":false,""birthYear"":2008,""rankMovement"":-35,""rank"":83,""rankEqualFlag"":"""",""tournamentsPlayed"":18,""points"":832.75,""profileImage"":""/remote.axd/media.itftennis.com/assetbank-itf/servlet/display?file=22137aa7e1210876847dfd3e.jpg?crop=0.30416732275148622,0.068702215155708873,0.32253641750805334,0.22464642895699982&cropmode=percentage&width=54&height=72&rnd=133722612100000000"",""tournamentsPlayedSingles"":null,""tournamentsPlayedDoubles"":null,""pointsRankingSingles"":null,""pointsRankingDoubles"":null,""pointsRankingTotal"":null}"
800621244,Barbara Kostecka,Barbara,Kostecka,F,G,POL,Poland,,2009,2027,,https://www.itftennis.com/en/players/barbara-kostecka/800621244/pol/jt/s/,84,827.75,2026-06-02,2026-06-08,"{""playerId"":800621244,""playerFamilyName"":""Kostecka"",""playerGivenName"":""Barbara"",""playerNationalityCode"":""POL"",""playerNationality"":""Poland"",""profileLink"":""/en/players/barbara-kostecka/800621244/pol/jt/s/"",""gender"":""F"",""hiddenPlayer"":false,""birthYear"":2009,""rankMovement"":2,""rank"":84,""rankEqualFlag"":"""",""tournamentsPlayed"":34,""points"":827.75,""profileImage"":""/media/1489/itf-uk-profile-placeholder-female.jpg?anchor=center&mode=crop&width=54&height=72&rnd=132174204480000000"",""tournamentsPlayedSingles"":null,""tournamentsPlayedDoubles"":null,""pointsRankingSingles"":null,""pointsRankingDoubles"":null,""pointsRankingTotal"":null}"
800647979,Anna Pircher,Anna,Pircher,F,G,AUT,Austria,,2010,2028,,https://www.itftennis.com/en/players/anna-pircher/800647979/aut/jt/s/,85,797.5,2026-06-02,2026-06-08,"{""playerId"":800647979,""playerFamilyName"":""Pircher"",""playerGivenName"":""Anna"",""playerNationalityCode"":""AUT"",""playerNationality"":""Austria"",""profileLink"":""/en/players/anna-pircher/800647979/aut/jt/s/"",""gender"":""F"",""hiddenPlayer"":false,""birthYear"":2010,""rankMovement"":2,""rank"":85,""rankEqualFlag"":"""",""tournamentsPlayed"":13,""points"":797.5,""profileImage"":""/media/1489/itf-uk-profile-placeholder-female.jpg?anchor=center&mode=crop&width=54&height=72&rnd=132174204480000000"",""tournamentsPlayedSingles"":null,""tournamentsPlayedDoubles"":null,""pointsRankingSingles"":null,""pointsRankingDoubles"":null,""pointsRankingTotal"":null}"
800597508,Marija Lauva,Marija,Lauva,F,G,LAT,Latvia,,2008,2026,,https://www.itftennis.com/en/players/marija-lauva/800597508/lat/jt/s/,86,795.25,2026-06-02,2026-06-08,"{""playerId"":800597508,""playerFamilyName"":""Lauva"",""playerGivenName"":""Marija"",""playerNationalityCode"":""LAT"",""playerNationality"":""Latvia"",""profileLink"":""/en/players/marija-lauva/800597508/lat/jt/s/"",""gender"":""F"",""hiddenPlayer"":false,""birthYear"":2008,""rankMovement"":2,""rank"":86,""rankEqualFlag"":"""",""tournamentsPlayed"":33,""points"":795.25,""profileImage"":""/media/1489/itf-uk-profile-placeholder-female.jpg?anchor=center&mode=crop&width=54&height=72&rnd=132174204480000000"",""tournamentsPlayedSingles"":null,""tournamentsPlayedDoubles"":null,""pointsRankingSingles"":null,""pointsRankingDoubles"":null,""pointsRankingTotal"":null}"
800732202,Carrie-Anne Hoo,Carrie-Anne,Hoo,F,G,USA,USA,,2009,2027,,https://www.itftennis.com/en/players/carrie-anne-hoo/800732202/usa/jt/s/,87,792.25,2026-06-02,2026-06-08,"{""playerId"":800732202,""playerFamilyName"":""Hoo"",""playerGivenName"":""Carrie-Anne"",""playerNationalityCode"":""USA"",""playerNationality"":""USA"",""profileLink"":""/en/players/carrie-anne-hoo/800732202/usa/jt/s/"",""gender"":""F"",""hiddenPlayer"":false,""birthYear"":2009,""rankMovement"":2,""rank"":87,""rankEqualFlag"":"""",""tournamentsPlayed"":42,""points"":792.25,""profileImage"":""/media/1489/itf-uk-profile-placeholder-female.jpg?anchor=center&mode=crop&width=54&height=72&rnd=132174204480000000"",""tournamentsPlayedSingles"":null,""tournamentsPlayedDoubles"":null,""pointsRankingSingles"":null,""pointsRankingDoubles"":null,""pointsRankingTotal"":null}"
800781002,Tea Kovacevic,Tea,Kovacevic,F,G,BIH,Bosnia and Herzegovina,,2010,2028,,https://www.itftennis.com/en/players/tea-kovacevic/800781002/bih/jt/s/,88,789.25,2026-06-02,2026-06-08,"{""playerId"":800781002,""playerFamilyName"":""Kovacevic"",""playerGivenName"":""Tea"",""playerNationalityCode"":""BIH"",""playerNationality"":""Bosnia and Herzegovina"",""profileLink"":""/en/players/tea-kovacevic/800781002/bih/jt/s/"",""gender"":""F"",""hiddenPlayer"":false,""birthYear"":2010,""rankMovement"":2,""rank"":88,""rankEqualFlag"":"""",""tournamentsPlayed"":34,""points"":789.25,""profileImage"":""/media/1489/itf-uk-profile-placeholder-female.jpg?anchor=center&mode=crop&width=54&height=72&rnd=132174204480000000"",""tournamentsPlayedSingles"":null,""tournamentsPlayedDoubles"":null,""pointsRankingSingles"":null,""pointsRankingDoubles"":null,""pointsRankingTotal"":null}"
800693144,Yael Saffar,Yael,Saffar,F,G,USA,USA,,2008,2026,,https://www.itftennis.com/en/players/yael-saffar/800693144/usa/jt/s/,89,772.5,2026-06-02,2026-06-08,"{""playerId"":800693144,""playerFamilyName"":""Saffar"",""playerGivenName"":""Yael"",""playerNationalityCode"":""USA"",""playerNationality"":""USA"",""profileLink"":""/en/players/yael-saffar/800693144/usa/jt/s/"",""gender"":""F"",""hiddenPlayer"":false,""birthYear"":2008,""rankMovement"":2,""rank"":89,""rankEqualFlag"":"""",""tournamentsPlayed"":35,""points"":772.5,""profileImage"":""/media/1489/itf-uk-profile-placeholder-female.jpg?anchor=center&mode=crop&width=54&height=72&rnd=132174204480000000"",""tournamentsPlayedSingles"":null,""tournamentsPlayedDoubles"":null,""pointsRankingSingles"":null,""pointsRankingDoubles"":null,""pointsRankingTotal"":null}"
800595543,Klara Blazkova,Klara,Blazkova,F,G,CZE,Czechia,,2008,2026,,https://www.itftennis.com/en/players/klara-blazkova/800595543/cze/jt/s/,90,765.25,2026-06-02,2026-06-08,"{""playerId"":800595543,""playerFamilyName"":""Blazkova"",""playerGivenName"":""Klara"",""playerNationalityCode"":""CZE"",""playerNationality"":""Czechia"",""profileLink"":""/en/players/klara-blazkova/800595543/cze/jt/s/"",""gender"":""F"",""hiddenPlayer"":false,""birthYear"":2008,""rankMovement"":2,""rank"":90,""rankEqualFlag"":"""",""tournamentsPlayed"":31,""points"":765.25,""profileImage"":""/remote.axd/media.itftennis.com/assetbank-itf/servlet/display?file=22137aa7cb250b589434fe08.jpg&filename=unwatermarked_Klara_Blazkova_(CZE).jpg?crop=0.33372716380749895,0.0806625080662508,0.52094003905052566,0.53215745321574537&cropmode=percentage&width=54&height=72&rnd=134166779900000000"",""tournamentsPlayedSingles"":null,""tournamentsPlayedDoubles"":null,""pointsRankingSingles"":null,""pointsRankingDoubles"":null,""pointsRankingTotal"":null}"
800655687,Marianne Angel,Marianne,Angel,F,G,MEX,Mexico,,2008,2026,,https://www.itftennis.com/en/players/marianne-angel/800655687/mex/jt/s/,91,763,2026-06-02,2026-06-08,"{""playerId"":800655687,""playerFamilyName"":""Angel"",""playerGivenName"":""Marianne"",""playerNationalityCode"":""MEX"",""playerNationality"":""Mexico"",""profileLink"":""/en/players/marianne-angel/800655687/mex/jt/s/"",""gender"":""F"",""hiddenPlayer"":false,""birthYear"":2008,""rankMovement"":2,""rank"":91,""rankEqualFlag"":"""",""tournamentsPlayed"":37,""points"":763,""profileImage"":""/media/1489/itf-uk-profile-placeholder-female.jpg?anchor=center&mode=crop&width=54&height=72&rnd=132174204480000000"",""tournamentsPlayedSingles"":null,""tournamentsPlayedDoubles"":null,""pointsRankingSingles"":null,""pointsRankingDoubles"":null,""pointsRankingTotal"":null}"
800590696,Arina Malygina,Arina,Malygina,F,G,RUS,Russia,,2008,2026,,https://www.itftennis.com/en/players/arina-malygina/800590696/rus/jt/s/,92,763,2026-06-02,2026-06-08,"{""playerId"":800590696,""playerFamilyName"":""Malygina"",""playerGivenName"":""Arina"",""playerNationalityCode"":""RUS"",""playerNationality"":""Russia"",""profileLink"":""/en/players/arina-malygina/800590696/rus/jt/s/"",""gender"":""F"",""hiddenPlayer"":false,""birthYear"":2008,""rankMovement"":2,""rank"":92,""rankEqualFlag"":"""",""tournamentsPlayed"":28,""points"":763,""profileImage"":""/media/1489/itf-uk-profile-placeholder-female.jpg?anchor=center&mode=crop&width=54&height=72&rnd=132174204480000000"",""tournamentsPlayedSingles"":null,""tournamentsPlayedDoubles"":null,""pointsRankingSingles"":null,""pointsRankingDoubles"":null,""pointsRankingTotal"":null}"
800666178,Lana Virc,Lana,Virc,F,G,SRB,Serbia,,2008,2026,,https://www.itftennis.com/en/players/lana-virc/800666178/srb/jt/s/,93,760.25,2026-06-02,2026-06-08,"{""playerId"":800666178,""playerFamilyName"":""Virc"",""playerGivenName"":""Lana"",""playerNationalityCode"":""SRB"",""playerNationality"":""Serbia"",""profileLink"":""/en/players/lana-virc/800666178/srb/jt/s/"",""gender"":""F"",""hiddenPlayer"":false,""birthYear"":2008,""rankMovement"":2,""rank"":93,""rankEqualFlag"":"""",""tournamentsPlayed"":21,""points"":760.25,""profileImage"":""/media/1489/itf-uk-profile-placeholder-female.jpg?anchor=center&mode=crop&width=54&height=72&rnd=132174204480000000"",""tournamentsPlayedSingles"":null,""tournamentsPlayedDoubles"":null,""pointsRankingSingles"":null,""pointsRankingDoubles"":null,""pointsRankingTotal"":null}"
800785739,Emery Combs,Emery,Combs,F,G,USA,USA,,2011,2029,,https://www.itftennis.com/en/players/emery-combs/800785739/usa/jt/s/,94,759.5,2026-06-02,2026-06-08,"{""playerId"":800785739,""playerFamilyName"":""Combs"",""playerGivenName"":""Emery"",""playerNationalityCode"":""USA"",""playerNationality"":""USA"",""profileLink"":""/en/players/emery-combs/800785739/usa/jt/s/"",""gender"":""F"",""hiddenPlayer"":false,""birthYear"":2011,""rankMovement"":2,""rank"":94,""rankEqualFlag"":"""",""tournamentsPlayed"":31,""points"":759.5,""profileImage"":""/media/1489/itf-uk-profile-placeholder-female.jpg?anchor=center&mode=crop&width=54&height=72&rnd=132174204480000000"",""tournamentsPlayedSingles"":null,""tournamentsPlayedDoubles"":null,""pointsRankingSingles"":null,""pointsRankingDoubles"":null,""pointsRankingTotal"":null}"
800725207,Jizelle Sibai,Jizelle,Sibai,F,G,AUS,Australia,,2009,2027,,https://www.itftennis.com/en/players/jizelle-sibai/800725207/aus/jt/s/,95,755,2026-06-02,2026-06-08,"{""playerId"":800725207,""playerFamilyName"":""Sibai"",""playerGivenName"":""Jizelle"",""playerNationalityCode"":""AUS"",""playerNationality"":""Australia"",""profileLink"":""/en/players/jizelle-sibai/800725207/aus/jt/s/"",""gender"":""F"",""hiddenPlayer"":false,""birthYear"":2009,""rankMovement"":2,""rank"":95,""rankEqualFlag"":"""",""tournamentsPlayed"":41,""points"":755,""profileImage"":""/media/1489/itf-uk-profile-placeholder-female.jpg?anchor=center&mode=crop&width=54&height=72&rnd=132174204480000000"",""tournamentsPlayedSingles"":null,""tournamentsPlayedDoubles"":null,""pointsRankingSingles"":null,""pointsRankingDoubles"":null,""pointsRankingTotal"":null}"
800694788,Jahnie Van Zyl,Jahnie,Van Zyl,F,G,RSA,South Africa,,2009,2027,,https://www.itftennis.com/en/players/jahnie-van-zyl/800694788/rsa/jt/s/,96,750.5,2026-06-02,2026-06-08,"{""playerId"":800694788,""playerFamilyName"":""Van Zyl"",""playerGivenName"":""Jahnie"",""playerNationalityCode"":""RSA"",""playerNationality"":""South Africa"",""profileLink"":""/en/players/jahnie-van-zyl/800694788/rsa/jt/s/"",""gender"":""F"",""hiddenPlayer"":false,""birthYear"":2009,""rankMovement"":2,""rank"":96,""rankEqualFlag"":"""",""tournamentsPlayed"":26,""points"":750.5,""profileImage"":""/media/1489/itf-uk-profile-placeholder-female.jpg?anchor=center&mode=crop&width=54&height=72&rnd=132174204480000000"",""tournamentsPlayedSingles"":null,""tournamentsPlayedDoubles"":null,""pointsRankingSingles"":null,""pointsRankingDoubles"":null,""pointsRankingTotal"":null}"
800727956,Ireland O'Brien,Ireland,O'Brien,F,G,USA,USA,,2008,2026,,https://www.itftennis.com/en/players/ireland-obrien/800727956/usa/jt/s/,97,749,2026-06-02,2026-06-08,"{""playerId"":800727956,""playerFamilyName"":""O'Brien"",""playerGivenName"":""Ireland"",""playerNationalityCode"":""USA"",""playerNationality"":""USA"",""profileLink"":""/en/players/ireland-obrien/800727956/usa/jt/s/"",""gender"":""F"",""hiddenPlayer"":false,""birthYear"":2008,""rankMovement"":2,""rank"":97,""rankEqualFlag"":"""",""tournamentsPlayed"":47,""points"":749,""profileImage"":""/media/1489/itf-uk-profile-placeholder-female.jpg?anchor=center&mode=crop&width=54&height=72&rnd=132174204480000000"",""tournamentsPlayedSingles"":null,""tournamentsPlayedDoubles"":null,""pointsRankingSingles"":null,""pointsRankingDoubles"":null,""pointsRankingTotal"":null}"
800665797,Yeri Hong,Yeri,Hong,F,G,KOR,"Korea, Rep.",,2011,2029,,https://www.itftennis.com/en/players/yeri-hong/800665797/kor/jt/s/,98,744.75,2026-06-02,2026-06-08,"{""playerId"":800665797,""playerFamilyName"":""Hong"",""playerGivenName"":""Yeri"",""playerNationalityCode"":""KOR"",""playerNationality"":""Korea, Rep."",""profileLink"":""/en/players/yeri-hong/800665797/kor/jt/s/"",""gender"":""F"",""hiddenPlayer"":false,""birthYear"":2011,""rankMovement"":2,""rank"":98,""rankEqualFlag"":"""",""tournamentsPlayed"":28,""points"":744.75,""profileImage"":""/media/1489/itf-uk-profile-placeholder-female.jpg?anchor=center&mode=crop&width=54&height=72&rnd=132174204480000000"",""tournamentsPlayedSingles"":null,""tournamentsPlayedDoubles"":null,""pointsRankingSingles"":null,""pointsRankingDoubles"":null,""pointsRankingTotal"":null}"
800664341,Kristyna Dulikova,Kristyna,Dulikova,F,G,CZE,Czechia,,2009,2027,,https://www.itftennis.com/en/players/kristyna-dulikova/800664341/cze/jt/s/,99,743.75,2026-06-02,2026-06-08,"{""playerId"":800664341,""playerFamilyName"":""Dulikova"",""playerGivenName"":""Kristyna"",""playerNationalityCode"":""CZE"",""playerNationality"":""Czechia"",""profileLink"":""/en/players/kristyna-dulikova/800664341/cze/jt/s/"",""gender"":""F"",""hiddenPlayer"":false,""birthYear"":2009,""rankMovement"":2,""rank"":99,""rankEqualFlag"":"""",""tournamentsPlayed"":34,""points"":743.75,""profileImage"":""/media/1489/itf-uk-profile-placeholder-female.jpg?anchor=center&mode=crop&width=54&height=72&rnd=132174204480000000"",""tournamentsPlayedSingles"":null,""tournamentsPlayedDoubles"":null,""pointsRankingSingles"":null,""pointsRankingDoubles"":null,""pointsRankingTotal"":null}"
800765496,Kennedy Drenser-Hagmann,Kennedy,Drenser-Hagmann,F,G,USA,USA,,2009,2027,,https://www.itftennis.com/en/players/kennedy-drenser-hagmann/800765496/usa/jt/s/,100,733,2026-06-02,2026-06-08,"{""playerId"":800765496,""playerFamilyName"":""Drenser-Hagmann"",""playerGivenName"":""Kennedy"",""playerNationalityCode"":""USA"",""playerNationality"":""USA"",""profileLink"":""/en/players/kennedy-drenser-hagmann/800765496/usa/jt/s/"",""gender"":""F"",""hiddenPlayer"":false,""birthYear"":2009,""rankMovement"":2,""rank"":100,""rankEqualFlag"":"""",""tournamentsPlayed"":26,""points"":733,""profileImage"":""/media/1489/itf-uk-profile-placeholder-female.jpg?anchor=center&mode=crop&width=54&height=72&rnd=132174204480000000"",""tournamentsPlayedSingles"":null,""tournamentsPlayedDoubles"":null,""pointsRankingSingles"":null,""pointsRankingDoubles"":null,""pointsRankingTotal"":null}"
800660470,Elfya Ba,Elfya,Ba,F,G,BEL,Belgium,,2009,2027,,https://www.itftennis.com/en/players/elfya-ba/800660470/bel/jt/s/,101,724.75,2026-06-02,2026-06-08,"{""playerId"":800660470,""playerFamilyName"":""Ba"",""playerGivenName"":""Elfya"",""playerNationalityCode"":""BEL"",""playerNationality"":""Belgium"",""profileLink"":""/en/players/elfya-ba/800660470/bel/jt/s/"",""gender"":""F"",""hiddenPlayer"":false,""birthYear"":2009,""rankMovement"":2,""rank"":101,""rankEqualFlag"":"""",""tournamentsPlayed"":22,""points"":724.75,""profileImage"":""/media/1489/itf-uk-profile-placeholder-female.jpg?anchor=center&mode=crop&width=54&height=72&rnd=132174204480000000"",""tournamentsPlayedSingles"":null,""tournamentsPlayedDoubles"":null,""pointsRankingSingles"":null,""pointsRankingDoubles"":null,""pointsRankingTotal"":null}"
800660727,Noelia Manta,Noelia,Manta,F,G,SUI,Switzerland,,2009,2027,,https://www.itftennis.com/en/players/noelia-manta/800660727/sui/jt/s/,102,722.25,2026-06-02,2026-06-08,"{""playerId"":800660727,""playerFamilyName"":""Manta"",""playerGivenName"":""Noelia"",""playerNationalityCode"":""SUI"",""playerNationality"":""Switzerland"",""profileLink"":""/en/players/noelia-manta/800660727/sui/jt/s/"",""gender"":""F"",""hiddenPlayer"":false,""birthYear"":2009,""rankMovement"":2,""rank"":102,""rankEqualFlag"":"""",""tournamentsPlayed"":37,""points"":722.25,""profileImage"":""/media/1489/itf-uk-profile-placeholder-female.jpg?anchor=center&mode=crop&width=54&height=72&rnd=132174204480000000"",""tournamentsPlayedSingles"":null,""tournamentsPlayedDoubles"":null,""pointsRankingSingles"":null,""pointsRankingDoubles"":null,""pointsRankingTotal"":null}"
800598381,Michelle Khomich,Michelle,Khomich,F,G,GER,Germany,,2008,2026,,https://www.itftennis.com/en/players/michelle-khomich/800598381/ger/jt/s/,103,721.75,2026-06-02,2026-06-08,"{""playerId"":800598381,""playerFamilyName"":""Khomich"",""playerGivenName"":""Michelle"",""playerNationalityCode"":""GER"",""playerNationality"":""Germany"",""profileLink"":""/en/players/michelle-khomich/800598381/ger/jt/s/"",""gender"":""F"",""hiddenPlayer"":false,""birthYear"":2008,""rankMovement"":2,""rank"":103,""rankEqualFlag"":"""",""tournamentsPlayed"":34,""points"":721.75,""profileImage"":""/media/1489/itf-uk-profile-placeholder-female.jpg?anchor=center&mode=crop&width=54&height=72&rnd=132174204480000000"",""tournamentsPlayedSingles"":null,""tournamentsPlayedDoubles"":null,""pointsRankingSingles"":null,""pointsRankingDoubles"":null,""pointsRankingTotal"":null}"
800656994,Pavla Sviglerova,Pavla,Sviglerova,F,G,CZE,Czechia,,2008,2026,,https://www.itftennis.com/en/players/pavla-sviglerova/800656994/cze/jt/s/,104,719.5,2026-06-02,2026-06-08,"{""playerId"":800656994,""playerFamilyName"":""Sviglerova"",""playerGivenName"":""Pavla"",""playerNationalityCode"":""CZE"",""playerNationality"":""Czechia"",""profileLink"":""/en/players/pavla-sviglerova/800656994/cze/jt/s/"",""gender"":""F"",""hiddenPlayer"":false,""birthYear"":2008,""rankMovement"":2,""rank"":104,""rankEqualFlag"":"""",""tournamentsPlayed"":43,""points"":719.5,""profileImage"":""/media/1489/itf-uk-profile-placeholder-female.jpg?anchor=center&mode=crop&width=54&height=72&rnd=132174204480000000"",""tournamentsPlayedSingles"":null,""tournamentsPlayedDoubles"":null,""pointsRankingSingles"":null,""pointsRankingDoubles"":null,""pointsRankingTotal"":null}"
800602615,Ana Petkovic,Ana,Petkovic,F,G,CRO,Croatia,,2009,2027,,https://www.itftennis.com/en/players/ana-petkovic/800602615/cro/jt/s/,105,710,2026-06-02,2026-06-08,"{""playerId"":800602615,""playerFamilyName"":""Petkovic"",""playerGivenName"":""Ana"",""playerNationalityCode"":""CRO"",""playerNationality"":""Croatia"",""profileLink"":""/en/players/ana-petkovic/800602615/cro/jt/s/"",""gender"":""F"",""hiddenPlayer"":false,""birthYear"":2009,""rankMovement"":2,""rank"":105,""rankEqualFlag"":"""",""tournamentsPlayed"":33,""points"":710,""profileImage"":""/media/1489/itf-uk-profile-placeholder-female.jpg?anchor=center&mode=crop&width=54&height=72&rnd=132174204480000000"",""tournamentsPlayedSingles"":null,""tournamentsPlayedDoubles"":null,""pointsRankingSingles"":null,""pointsRankingDoubles"":null,""pointsRankingTotal"":null}"
800726871,Avery Alexander,Avery,Alexander,F,G,CAN,Canada,,2009,2027,,https://www.itftennis.com/en/players/avery-alexander/800726871/can/jt/s/,106,703.5,2026-06-02,2026-06-08,"{""playerId"":800726871,""playerFamilyName"":""Alexander"",""playerGivenName"":""Avery"",""playerNationalityCode"":""CAN"",""playerNationality"":""Canada"",""profileLink"":""/en/players/avery-alexander/800726871/can/jt/s/"",""gender"":""F"",""hiddenPlayer"":false,""birthYear"":2009,""rankMovement"":2,""rank"":106,""rankEqualFlag"":"""",""tournamentsPlayed"":27,""points"":703.5,""profileImage"":""/media/1489/itf-uk-profile-placeholder-female.jpg?anchor=center&mode=crop&width=54&height=72&rnd=132174204480000000"",""tournamentsPlayedSingles"":null,""tournamentsPlayedDoubles"":null,""pointsRankingSingles"":null,""pointsRankingDoubles"":null,""pointsRankingTotal"":null}"
800750798,Mailuodi Lei,Mailuodi,Lei,F,G,CHN,"China, P.R.",,2009,2027,,https://www.itftennis.com/en/players/mailuodi-lei/800750798/chn/jt/s/,107,698,2026-06-02,2026-06-08,"{""playerId"":800750798,""playerFamilyName"":""Lei"",""playerGivenName"":""Mailuodi"",""playerNationalityCode"":""CHN"",""playerNationality"":""China, P.R."",""profileLink"":""/en/players/mailuodi-lei/800750798/chn/jt/s/"",""gender"":""F"",""hiddenPlayer"":false,""birthYear"":2009,""rankMovement"":2,""rank"":107,""rankEqualFlag"":"""",""tournamentsPlayed"":37,""points"":698,""profileImage"":""/media/1489/itf-uk-profile-placeholder-female.jpg?anchor=center&mode=crop&width=54&height=72&rnd=132174204480000000"",""tournamentsPlayedSingles"":null,""tournamentsPlayedDoubles"":null,""pointsRankingSingles"":null,""pointsRankingDoubles"":null,""pointsRankingTotal"":null}"
800645834,Mika Stojsavljevic,Mika,Stojsavljevic,F,G,GBR,Great Britain,,2008,2026,,https://www.itftennis.com/en/players/mika-stojsavljevic/800645834/gbr/jt/s/,108,697.5,2026-06-02,2026-06-08,"{""playerId"":800645834,""playerFamilyName"":""Stojsavljevic"",""playerGivenName"":""Mika"",""playerNationalityCode"":""GBR"",""playerNationality"":""Great Britain"",""profileLink"":""/en/players/mika-stojsavljevic/800645834/gbr/jt/s/"",""gender"":""F"",""hiddenPlayer"":false,""birthYear"":2008,""rankMovement"":2,""rank"":108,""rankEqualFlag"":"""",""tournamentsPlayed"":5,""points"":697.5,""profileImage"":""/remote.axd/media.itftennis.com/assetbank-itf/servlet/display?file=22137aa7e5200858907cfe2e.jpg?crop=0.27347089817031489,0,0.23405304163816623,0.52925315727908917&cropmode=percentage&width=54&height=72&rnd=133814165980000000"",""tournamentsPlayedSingles"":null,""tournamentsPlayedDoubles"":null,""pointsRankingSingles"":null,""pointsRankingDoubles"":null,""pointsRankingTotal"":null}"
800595274,Sofie Maresova,Sofie,Maresova,F,G,CZE,Czechia,,2009,2027,,https://www.itftennis.com/en/players/sofie-maresova/800595274/cze/jt/s/,109,697.25,2026-06-02,2026-06-08,"{""playerId"":800595274,""playerFamilyName"":""Maresova"",""playerGivenName"":""Sofie"",""playerNationalityCode"":""CZE"",""playerNationality"":""Czechia"",""profileLink"":""/en/players/sofie-maresova/800595274/cze/jt/s/"",""gender"":""F"",""hiddenPlayer"":false,""birthYear"":2009,""rankMovement"":2,""rank"":109,""rankEqualFlag"":"""",""tournamentsPlayed"":31,""points"":697.25,""profileImage"":""/media/1489/itf-uk-profile-placeholder-female.jpg?anchor=center&mode=crop&width=54&height=72&rnd=132174204480000000"",""tournamentsPlayedSingles"":null,""tournamentsPlayedDoubles"":null,""pointsRankingSingles"":null,""pointsRankingDoubles"":null,""pointsRankingTotal"":null}"
800668234,Adla Lopez,Adla,Lopez,F,G,USA,USA,,2008,2026,,https://www.itftennis.com/en/players/adla-lopez/800668234/usa/jt/s/,110,696.25,2026-06-02,2026-06-08,"{""playerId"":800668234,""playerFamilyName"":""Lopez"",""playerGivenName"":""Adla"",""playerNationalityCode"":""USA"",""playerNationality"":""USA"",""profileLink"":""/en/players/adla-lopez/800668234/usa/jt/s/"",""gender"":""F"",""hiddenPlayer"":false,""birthYear"":2008,""rankMovement"":2,""rank"":110,""rankEqualFlag"":"""",""tournamentsPlayed"":29,""points"":696.25,""profileImage"":""/media/1489/itf-uk-profile-placeholder-female.jpg?anchor=center&mode=crop&width=54&height=72&rnd=132174204480000000"",""tournamentsPlayedSingles"":null,""tournamentsPlayedDoubles"":null,""pointsRankingSingles"":null,""pointsRankingDoubles"":null,""pointsRankingTotal"":null}"
800598981,Maja Pawelska,Maja,Pawelska,F,G,POL,Poland,,2008,2026,,https://www.itftennis.com/en/players/maja-pawelska/800598981/pol/jt/s/,111,690.25,2026-06-02,2026-06-08,"{""playerId"":800598981,""playerFamilyName"":""Pawelska"",""playerGivenName"":""Maja"",""playerNationalityCode"":""POL"",""playerNationality"":""Poland"",""profileLink"":""/en/players/maja-pawelska/800598981/pol/jt/s/"",""gender"":""F"",""hiddenPlayer"":false,""birthYear"":2008,""rankMovement"":2,""rank"":111,""rankEqualFlag"":"""",""tournamentsPlayed"":33,""points"":690.25,""profileImage"":""/media/1489/itf-uk-profile-placeholder-female.jpg?anchor=center&mode=crop&width=54&height=72&rnd=132174204480000000"",""tournamentsPlayedSingles"":null,""tournamentsPlayedDoubles"":null,""pointsRankingSingles"":null,""pointsRankingDoubles"":null,""pointsRankingTotal"":null}"
800640040,Nikola Farkasova,Nikola,Farkasova,F,G,SVK,Slovakia,,2009,2027,,https://www.itftennis.com/en/players/nikola-farkasova/800640040/svk/jt/s/,112,688.75,2026-06-02,2026-06-08,"{""playerId"":800640040,""playerFamilyName"":""Farkasova"",""playerGivenName"":""Nikola"",""playerNationalityCode"":""SVK"",""playerNationality"":""Slovakia"",""profileLink"":""/en/players/nikola-farkasova/800640040/svk/jt/s/"",""gender"":""F"",""hiddenPlayer"":false,""birthYear"":2009,""rankMovement"":2,""rank"":112,""rankEqualFlag"":"""",""tournamentsPlayed"":20,""points"":688.75,""profileImage"":""/media/1489/itf-uk-profile-placeholder-female.jpg?anchor=center&mode=crop&width=54&height=72&rnd=132174204480000000"",""tournamentsPlayedSingles"":null,""tournamentsPlayedDoubles"":null,""pointsRankingSingles"":null,""pointsRankingDoubles"":null,""pointsRankingTotal"":null}"
800691106,Londyn McCord,Londyn,McCord,F,G,USA,USA,,2009,2027,,https://www.itftennis.com/en/players/londyn-mccord/800691106/usa/jt/s/,113,678,2026-06-02,2026-06-08,"{""playerId"":800691106,""playerFamilyName"":""McCord"",""playerGivenName"":""Londyn"",""playerNationalityCode"":""USA"",""playerNationality"":""USA"",""profileLink"":""/en/players/londyn-mccord/800691106/usa/jt/s/"",""gender"":""F"",""hiddenPlayer"":false,""birthYear"":2009,""rankMovement"":2,""rank"":113,""rankEqualFlag"":"""",""tournamentsPlayed"":31,""points"":678,""profileImage"":""/media/1489/itf-uk-profile-placeholder-female.jpg?anchor=center&mode=crop&width=54&height=72&rnd=132174204480000000"",""tournamentsPlayedSingles"":null,""tournamentsPlayedDoubles"":null,""pointsRankingSingles"":null,""pointsRankingDoubles"":null,""pointsRankingTotal"":null}"
800664895,Sofia Barhacova,Sofia,Barhacova,F,G,SVK,Slovakia,,2009,2027,,https://www.itftennis.com/en/players/sofia-barhacova/800664895/svk/jt/s/,114,673,2026-06-02,2026-06-08,"{""playerId"":800664895,""playerFamilyName"":""Barhacova"",""playerGivenName"":""Sofia"",""playerNationalityCode"":""SVK"",""playerNationality"":""Slovakia"",""profileLink"":""/en/players/sofia-barhacova/800664895/svk/jt/s/"",""gender"":""F"",""hiddenPlayer"":false,""birthYear"":2009,""rankMovement"":2,""rank"":114,""rankEqualFlag"":"""",""tournamentsPlayed"":36,""points"":673,""profileImage"":""/media/1489/itf-uk-profile-placeholder-female.jpg?anchor=center&mode=crop&width=54&height=72&rnd=132174204480000000"",""tournamentsPlayedSingles"":null,""tournamentsPlayedDoubles"":null,""pointsRankingSingles"":null,""pointsRankingDoubles"":null,""pointsRankingTotal"":null}"
800595691,Sonja Zhenikhova,Sonja,Zhenikhova,F,G,GER,Germany,,2008,2026,,https://www.itftennis.com/en/players/sonja-zhenikhova/800595691/ger/jt/s/,115,670.5,2026-06-02,2026-06-08,"{""playerId"":800595691,""playerFamilyName"":""Zhenikhova"",""playerGivenName"":""Sonja"",""playerNationalityCode"":""GER"",""playerNationality"":""Germany"",""profileLink"":""/en/players/sonja-zhenikhova/800595691/ger/jt/s/"",""gender"":""F"",""hiddenPlayer"":false,""birthYear"":2008,""rankMovement"":-48,""rank"":115,""rankEqualFlag"":"""",""tournamentsPlayed"":19,""points"":670.5,""profileImage"":""/media/1489/itf-uk-profile-placeholder-female.jpg?anchor=center&mode=crop&width=54&height=72&rnd=132174204480000000"",""tournamentsPlayedSingles"":null,""tournamentsPlayedDoubles"":null,""pointsRankingSingles"":null,""pointsRankingDoubles"":null,""pointsRankingTotal"":null}"
800742299,Thara Gowda,Thara,Gowda,F,G,USA,USA,,2009,2027,,https://www.itftennis.com/en/players/thara-gowda/800742299/usa/jt/s/,116,668,2026-06-02,2026-06-08,"{""playerId"":800742299,""playerFamilyName"":""Gowda"",""playerGivenName"":""Thara"",""playerNationalityCode"":""USA"",""playerNationality"":""USA"",""profileLink"":""/en/players/thara-gowda/800742299/usa/jt/s/"",""gender"":""F"",""hiddenPlayer"":false,""birthYear"":2009,""rankMovement"":1,""rank"":116,""rankEqualFlag"":"""",""tournamentsPlayed"":24,""points"":668,""profileImage"":""/media/1489/itf-uk-profile-placeholder-female.jpg?anchor=center&mode=crop&width=54&height=72&rnd=132174204480000000"",""tournamentsPlayedSingles"":null,""tournamentsPlayedDoubles"":null,""pointsRankingSingles"":null,""pointsRankingDoubles"":null,""pointsRankingTotal"":null}"
800672091,Giselle Isabella Guillen,Giselle Isabella,Guillen,F,G,AUS,Australia,,2008,2026,,https://www.itftennis.com/en/players/giselle-isabella-guillen/800672091/aus/jt/s/,117,666,2026-06-02,2026-06-08,"{""playerId"":800672091,""playerFamilyName"":""Guillen"",""playerGivenName"":""Giselle Isabella"",""playerNationalityCode"":""AUS"",""playerNationality"":""Australia"",""profileLink"":""/en/players/giselle-isabella-guillen/800672091/aus/jt/s/"",""gender"":""F"",""hiddenPlayer"":false,""birthYear"":2008,""rankMovement"":1,""rank"":117,""rankEqualFlag"":"""",""tournamentsPlayed"":16,""points"":666,""profileImage"":""/media/1489/itf-uk-profile-placeholder-female.jpg?anchor=center&mode=crop&width=54&height=72&rnd=132174204480000000"",""tournamentsPlayedSingles"":null,""tournamentsPlayedDoubles"":null,""pointsRankingSingles"":null,""pointsRankingDoubles"":null,""pointsRankingTotal"":null}"
800693459,Xinle Geng,Xinle,Geng,F,G,CHN,"China, P.R.",,2010,2028,,https://www.itftennis.com/en/players/xinle-geng/800693459/chn/jt/s/,118,658.75,2026-06-02,2026-06-08,"{""playerId"":800693459,""playerFamilyName"":""Geng"",""playerGivenName"":""Xinle"",""playerNationalityCode"":""CHN"",""playerNationality"":""China, P.R."",""profileLink"":""/en/players/xinle-geng/800693459/chn/jt/s/"",""gender"":""F"",""hiddenPlayer"":false,""birthYear"":2010,""rankMovement"":1,""rank"":118,""rankEqualFlag"":"""",""tournamentsPlayed"":16,""points"":658.75,""profileImage"":""/media/1489/itf-uk-profile-placeholder-female.jpg?anchor=center&mode=crop&width=54&height=72&rnd=132174204480000000"",""tournamentsPlayedSingles"":null,""tournamentsPlayedDoubles"":null,""pointsRankingSingles"":null,""pointsRankingDoubles"":null,""pointsRankingTotal"":null}"
800710011,Miku Kitaoka,Miku,Kitaoka,F,G,JPN,Japan,,2009,2027,,https://www.itftennis.com/en/players/miku-kitaoka/800710011/jpn/jt/s/,119,658.5,2026-06-02,2026-06-08,"{""playerId"":800710011,""playerFamilyName"":""Kitaoka"",""playerGivenName"":""Miku"",""playerNationalityCode"":""JPN"",""playerNationality"":""Japan"",""profileLink"":""/en/players/miku-kitaoka/800710011/jpn/jt/s/"",""gender"":""F"",""hiddenPlayer"":false,""birthYear"":2009,""rankMovement"":1,""rank"":119,""rankEqualFlag"":"""",""tournamentsPlayed"":32,""points"":658.5,""profileImage"":""/media/1489/itf-uk-profile-placeholder-female.jpg?anchor=center&mode=crop&width=54&height=72&rnd=132174204480000000"",""tournamentsPlayedSingles"":null,""tournamentsPlayedDoubles"":null,""pointsRankingSingles"":null,""pointsRankingDoubles"":null,""pointsRankingTotal"":null}"
800655655,Elsa Bonelli,Elsa,Bonelli,F,G,SUI,Switzerland,,2009,2027,,https://www.itftennis.com/en/players/elsa-bonelli/800655655/sui/jt/s/,120,657.25,2026-06-02,2026-06-08,"{""playerId"":800655655,""playerFamilyName"":""Bonelli"",""playerGivenName"":""Elsa"",""playerNationalityCode"":""SUI"",""playerNationality"":""Switzerland"",""profileLink"":""/en/players/elsa-bonelli/800655655/sui/jt/s/"",""gender"":""F"",""hiddenPlayer"":false,""birthYear"":2009,""rankMovement"":1,""rank"":120,""rankEqualFlag"":"""",""tournamentsPlayed"":30,""points"":657.25,""profileImage"":""/media/1489/itf-uk-profile-placeholder-female.jpg?anchor=center&mode=crop&width=54&height=72&rnd=132174204480000000"",""tournamentsPlayedSingles"":null,""tournamentsPlayedDoubles"":null,""pointsRankingSingles"":null,""pointsRankingDoubles"":null,""pointsRankingTotal"":null}"
800665359,Lujza Beviz,Lujza,Beviz,F,G,HUN,Hungary,,2009,2027,,https://www.itftennis.com/en/players/lujza-beviz/800665359/hun/jt/s/,121,648.25,2026-06-02,2026-06-08,"{""playerId"":800665359,""playerFamilyName"":""Beviz"",""playerGivenName"":""Lujza"",""playerNationalityCode"":""HUN"",""playerNationality"":""Hungary"",""profileLink"":""/en/players/lujza-beviz/800665359/hun/jt/s/"",""gender"":""F"",""hiddenPlayer"":false,""birthYear"":2009,""rankMovement"":1,""rank"":121,""rankEqualFlag"":"""",""tournamentsPlayed"":30,""points"":648.25,""profileImage"":""/media/1489/itf-uk-profile-placeholder-female.jpg?anchor=center&mode=crop&width=54&height=72&rnd=132174204480000000"",""tournamentsPlayedSingles"":null,""tournamentsPlayedDoubles"":null,""pointsRankingSingles"":null,""pointsRankingDoubles"":null,""pointsRankingTotal"":null}"
800661601,Ayse Bal,Ayse,Bal,F,G,TUR,Turkiye,,2010,2028,,https://www.itftennis.com/en/players/ayse-bal/800661601/tur/jt/s/,122,645,2026-06-02,2026-06-08,"{""playerId"":800661601,""playerFamilyName"":""Bal"",""playerGivenName"":""Ayse"",""playerNationalityCode"":""TUR"",""playerNationality"":""Turkiye"",""profileLink"":""/en/players/ayse-bal/800661601/tur/jt/s/"",""gender"":""F"",""hiddenPlayer"":false,""birthYear"":2010,""rankMovement"":1,""rank"":122,""rankEqualFlag"":"""",""tournamentsPlayed"":35,""points"":645,""profileImage"":""/media/1489/itf-uk-profile-placeholder-female.jpg?anchor=center&mode=crop&width=54&height=72&rnd=132174204480000000"",""tournamentsPlayedSingles"":null,""tournamentsPlayedDoubles"":null,""pointsRankingSingles"":null,""pointsRankingDoubles"":null,""pointsRankingTotal"":null}"
800829633,Carlota Moreno,Carlota,Moreno,F,G,USA,USA,,2008,2026,,https://www.itftennis.com/en/players/carlota-moreno/800829633/usa/jt/s/,123,636.25,2026-06-02,2026-06-08,"{""playerId"":800829633,""playerFamilyName"":""Moreno"",""playerGivenName"":""Carlota"",""playerNationalityCode"":""USA"",""playerNationality"":""USA"",""profileLink"":""/en/players/carlota-moreno/800829633/usa/jt/s/"",""gender"":""F"",""hiddenPlayer"":false,""birthYear"":2008,""rankMovement"":1,""rank"":123,""rankEqualFlag"":"""",""tournamentsPlayed"":20,""points"":636.25,""profileImage"":""/media/1489/itf-uk-profile-placeholder-female.jpg?anchor=center&mode=crop&width=54&height=72&rnd=132174204480000000"",""tournamentsPlayedSingles"":null,""tournamentsPlayedDoubles"":null,""pointsRankingSingles"":null,""pointsRankingDoubles"":null,""pointsRankingTotal"":null}"
800660315,Isabelle Thi DeLuccia DeLuccia,Isabelle Thi DeLuccia,DeLuccia,F,G,USA,USA,,2008,2026,,https://www.itftennis.com/en/players/isabelle-thi-deluccia-deluccia/800660315/usa/jt/s/,124,634.25,2026-06-02,2026-06-08,"{""playerId"":800660315,""playerFamilyName"":""DeLuccia"",""playerGivenName"":""Isabelle Thi DeLuccia"",""playerNationalityCode"":""USA"",""playerNationality"":""USA"",""profileLink"":""/en/players/isabelle-thi-deluccia-deluccia/800660315/usa/jt/s/"",""gender"":""F"",""hiddenPlayer"":false,""birthYear"":2008,""rankMovement"":1,""rank"":124,""rankEqualFlag"":"""",""tournamentsPlayed"":42,""points"":634.25,""profileImage"":""/media/1489/itf-uk-profile-placeholder-female.jpg?anchor=center&mode=crop&width=54&height=72&rnd=132174204480000000"",""tournamentsPlayedSingles"":null,""tournamentsPlayedDoubles"":null,""pointsRankingSingles"":null,""pointsRankingDoubles"":null,""pointsRankingTotal"":null}"
800643318,Ophelia Korpanec Davies,Ophelia,Korpanec Davies,F,G,GBR,Great Britain,,2009,2027,,https://www.itftennis.com/en/players/ophelia-korpanec-davies/800643318/gbr/jt/s/,125,629,2026-06-02,2026-06-08,"{""playerId"":800643318,""playerFamilyName"":""Korpanec Davies"",""playerGivenName"":""Ophelia"",""playerNationalityCode"":""GBR"",""playerNationality"":""Great Britain"",""profileLink"":""/en/players/ophelia-korpanec-davies/800643318/gbr/jt/s/"",""gender"":""F"",""hiddenPlayer"":false,""birthYear"":2009,""rankMovement"":1,""rank"":125,""rankEqualFlag"":"""",""tournamentsPlayed"":45,""points"":629,""profileImage"":""/media/1489/itf-uk-profile-placeholder-female.jpg?anchor=center&mode=crop&width=54&height=72&rnd=132174204480000000"",""tournamentsPlayedSingles"":null,""tournamentsPlayedDoubles"":null,""pointsRankingSingles"":null,""pointsRankingDoubles"":null,""pointsRankingTotal"":null}"
800652356,Aishi Das,Aishi,Das,F,G,NZL,New Zealand,,2008,2026,,https://www.itftennis.com/en/players/aishi-das/800652356/nzl/jt/s/,126,628,2026-06-02,2026-06-08,"{""playerId"":800652356,""playerFamilyName"":""Das"",""playerGivenName"":""Aishi"",""playerNationalityCode"":""NZL"",""playerNationality"":""New Zealand"",""profileLink"":""/en/players/aishi-das/800652356/nzl/jt/s/"",""gender"":""F"",""hiddenPlayer"":false,""birthYear"":2008,""rankMovement"":1,""rank"":126,""rankEqualFlag"":"""",""tournamentsPlayed"":18,""points"":628,""profileImage"":""/media/1489/itf-uk-profile-placeholder-female.jpg?anchor=center&mode=crop&width=54&height=72&rnd=132174204480000000"",""tournamentsPlayedSingles"":null,""tournamentsPlayedDoubles"":null,""pointsRankingSingles"":null,""pointsRankingDoubles"":null,""pointsRankingTotal"":null}"
800753704,Ru Xi Wu,Ru Xi,Wu,F,G,CHN,"China, P.R.",,2008,2026,,https://www.itftennis.com/en/players/ru-xi-wu/800753704/chn/jt/s/,127,627.5,2026-06-02,2026-06-08,"{""playerId"":800753704,""playerFamilyName"":""Wu"",""playerGivenName"":""Ru Xi"",""playerNationalityCode"":""CHN"",""playerNationality"":""China, P.R."",""profileLink"":""/en/players/ru-xi-wu/800753704/chn/jt/s/"",""gender"":""F"",""hiddenPlayer"":false,""birthYear"":2008,""rankMovement"":1,""rank"":127,""rankEqualFlag"":"""",""tournamentsPlayed"":30,""points"":627.5,""profileImage"":""/media/1489/itf-uk-profile-placeholder-female.jpg?anchor=center&mode=crop&width=54&height=72&rnd=132174204480000000"",""tournamentsPlayedSingles"":null,""tournamentsPlayedDoubles"":null,""pointsRankingSingles"":null,""pointsRankingDoubles"":null,""pointsRankingTotal"":null}"
800672327,Sophie Triquart,Sophie,Triquart,F,G,GER,Germany,,2010,2028,,https://www.itftennis.com/en/players/sophie-triquart/800672327/ger/jt/s/,128,620.5,2026-06-02,2026-06-08,"{""playerId"":800672327,""playerFamilyName"":""Triquart"",""playerGivenName"":""Sophie"",""playerNationalityCode"":""GER"",""playerNationality"":""Germany"",""profileLink"":""/en/players/sophie-triquart/800672327/ger/jt/s/"",""gender"":""F"",""hiddenPlayer"":false,""birthYear"":2010,""rankMovement"":1,""rank"":128,""rankEqualFlag"":"""",""tournamentsPlayed"":38,""points"":620.5,""profileImage"":""/media/1489/itf-uk-profile-placeholder-female.jpg?anchor=center&mode=crop&width=54&height=72&rnd=132174204480000000"",""tournamentsPlayedSingles"":null,""tournamentsPlayedDoubles"":null,""pointsRankingSingles"":null,""pointsRankingDoubles"":null,""pointsRankingTotal"":null}"
800585002,Nehir Dogan,Nehir,Dogan,F,G,TUR,Turkiye,,2008,2026,,https://www.itftennis.com/en/players/nehir-dogan/800585002/tur/jt/s/,129,618.75,2026-06-02,2026-06-08,"{""playerId"":800585002,""playerFamilyName"":""Dogan"",""playerGivenName"":""Nehir"",""playerNationalityCode"":""TUR"",""playerNationality"":""Turkiye"",""profileLink"":""/en/players/nehir-dogan/800585002/tur/jt/s/"",""gender"":""F"",""hiddenPlayer"":false,""birthYear"":2008,""rankMovement"":1,""rank"":129,""rankEqualFlag"":"""",""tournamentsPlayed"":40,""points"":618.75,""profileImage"":""/media/1489/itf-uk-profile-placeholder-female.jpg?anchor=center&mode=crop&width=54&height=72&rnd=132174204480000000"",""tournamentsPlayedSingles"":null,""tournamentsPlayedDoubles"":null,""pointsRankingSingles"":null,""pointsRankingDoubles"":null,""pointsRankingTotal"":null}"
800764262,Sofia Iakukhina,Sofia,Iakukhina,F,G,RUS,Russia,,2010,2028,,https://www.itftennis.com/en/players/sofia-iakukhina/800764262/rus/jt/s/,130,617.5,2026-06-02,2026-06-08,"{""playerId"":800764262,""playerFamilyName"":""Iakukhina"",""playerGivenName"":""Sofia"",""playerNationalityCode"":""RUS"",""playerNationality"":""Russia"",""profileLink"":""/en/players/sofia-iakukhina/800764262/rus/jt/s/"",""gender"":""F"",""hiddenPlayer"":false,""birthYear"":2010,""rankMovement"":1,""rank"":130,""rankEqualFlag"":"""",""tournamentsPlayed"":29,""points"":617.5,""profileImage"":""/media/1489/itf-uk-profile-placeholder-female.jpg?anchor=center&mode=crop&width=54&height=72&rnd=132174204480000000"",""tournamentsPlayedSingles"":null,""tournamentsPlayedDoubles"":null,""pointsRankingSingles"":null,""pointsRankingDoubles"":null,""pointsRankingTotal"":null}"
800696293,Elizaveta Anikina,Elizaveta,Anikina,F,G,EST,Estonia,,2012,2030,,https://www.itftennis.com/en/players/elizaveta-anikina/800696293/est/jt/s/,131,617.5,2026-06-02,2026-06-08,"{""playerId"":800696293,""playerFamilyName"":""Anikina"",""playerGivenName"":""Elizaveta"",""playerNationalityCode"":""EST"",""playerNationality"":""Estonia"",""profileLink"":""/en/players/elizaveta-anikina/800696293/est/jt/s/"",""gender"":""F"",""hiddenPlayer"":false,""birthYear"":2012,""rankMovement"":1,""rank"":131,""rankEqualFlag"":"""",""tournamentsPlayed"":21,""points"":617.5,""profileImage"":""/remote.axd/media.itftennis.com/assetbank-itf/servlet/display?file=22137aa7cf6808489c39fe08.jpg&filename=unwatermarked_shared_image.jpg?crop=0.18789928598271372,0.14405611925341386,0.30477264186395925,0.40498559438807319&cropmode=percentage&width=54&height=72&rnd=134235673110000000"",""tournamentsPlayedSingles"":null,""tournamentsPlayedDoubles"":null,""pointsRankingSingles"":null,""pointsRankingDoubles"":null,""pointsRankingTotal"":null}"
800587914,Masa Jankovic,Masa,Jankovic,F,G,SRB,Serbia,,2008,2026,,https://www.itftennis.com/en/players/masa-jankovic/800587914/srb/jt/s/,132,616.75,2026-06-02,2026-06-08,"{""playerId"":800587914,""playerFamilyName"":""Jankovic"",""playerGivenName"":""Masa"",""playerNationalityCode"":""SRB"",""playerNationality"":""Serbia"",""profileLink"":""/en/players/masa-jankovic/800587914/srb/jt/s/"",""gender"":""F"",""hiddenPlayer"":false,""birthYear"":2008,""rankMovement"":1,""rank"":132,""rankEqualFlag"":"""",""tournamentsPlayed"":33,""points"":616.75,""profileImage"":""/media/1489/itf-uk-profile-placeholder-female.jpg?anchor=center&mode=crop&width=54&height=72&rnd=132174204480000000"",""tournamentsPlayedSingles"":null,""tournamentsPlayedDoubles"":null,""pointsRankingSingles"":null,""pointsRankingDoubles"":null,""pointsRankingTotal"":null}"
800687687,Nathalia Pontes Tourinho,Nathalia,Pontes Tourinho,F,G,BRA,Brazil,,2010,2028,,https://www.itftennis.com/en/players/nathalia-pontes-tourinho/800687687/bra/jt/s/,133,616,2026-06-02,2026-06-08,"{""playerId"":800687687,""playerFamilyName"":""Pontes Tourinho"",""playerGivenName"":""Nathalia"",""playerNationalityCode"":""BRA"",""playerNationality"":""Brazil"",""profileLink"":""/en/players/nathalia-pontes-tourinho/800687687/bra/jt/s/"",""gender"":""F"",""hiddenPlayer"":false,""birthYear"":2010,""rankMovement"":1,""rank"":133,""rankEqualFlag"":"""",""tournamentsPlayed"":32,""points"":616,""profileImage"":""/media/1489/itf-uk-profile-placeholder-female.jpg?anchor=center&mode=crop&width=54&height=72&rnd=132174204480000000"",""tournamentsPlayedSingles"":null,""tournamentsPlayedDoubles"":null,""pointsRankingSingles"":null,""pointsRankingDoubles"":null,""pointsRankingTotal"":null}"
800711402,Sakino Miyazawa,Sakino,Miyazawa,F,G,JPN,Japan,,2011,2029,,https://www.itftennis.com/en/players/sakino-miyazawa/800711402/jpn/jt/s/,134,612.5,2026-06-02,2026-06-08,"{""playerId"":800711402,""playerFamilyName"":""Miyazawa"",""playerGivenName"":""Sakino"",""playerNationalityCode"":""JPN"",""playerNationality"":""Japan"",""profileLink"":""/en/players/sakino-miyazawa/800711402/jpn/jt/s/"",""gender"":""F"",""hiddenPlayer"":false,""birthYear"":2011,""rankMovement"":1,""rank"":134,""rankEqualFlag"":"""",""tournamentsPlayed"":22,""points"":612.5,""profileImage"":""/media/1489/itf-uk-profile-placeholder-female.jpg?anchor=center&mode=crop&width=54&height=72&rnd=132174204480000000"",""tournamentsPlayedSingles"":null,""tournamentsPlayedDoubles"":null,""pointsRankingSingles"":null,""pointsRankingDoubles"":null,""pointsRankingTotal"":null}"
800792877,Allison Wang,Allison,Wang,F,G,USA,USA,,2011,2029,,https://www.itftennis.com/en/players/allison-wang/800792877/usa/jt/s/,135,609.75,2026-06-02,2026-06-08,"{""playerId"":800792877,""playerFamilyName"":""Wang"",""playerGivenName"":""Allison"",""playerNationalityCode"":""USA"",""playerNationality"":""USA"",""profileLink"":""/en/players/allison-wang/800792877/usa/jt/s/"",""gender"":""F"",""hiddenPlayer"":false,""birthYear"":2011,""rankMovement"":1,""rank"":135,""rankEqualFlag"":"""",""tournamentsPlayed"":21,""points"":609.75,""profileImage"":""/media/1489/itf-uk-profile-placeholder-female.jpg?anchor=center&mode=crop&width=54&height=72&rnd=132174204480000000"",""tournamentsPlayedSingles"":null,""tournamentsPlayedDoubles"":null,""pointsRankingSingles"":null,""pointsRankingDoubles"":null,""pointsRankingTotal"":null}"
800596280,Sona Depesova,Sona,Depesova,F,G,SVK,Slovakia,,2008,2026,,https://www.itftennis.com/en/players/sona-depesova/800596280/svk/jt/s/,136,609,2026-06-02,2026-06-08,"{""playerId"":800596280,""playerFamilyName"":""Depesova"",""playerGivenName"":""Sona"",""playerNationalityCode"":""SVK"",""playerNationality"":""Slovakia"",""profileLink"":""/en/players/sona-depesova/800596280/svk/jt/s/"",""gender"":""F"",""hiddenPlayer"":false,""birthYear"":2008,""rankMovement"":1,""rank"":136,""rankEqualFlag"":"""",""tournamentsPlayed"":31,""points"":609,""profileImage"":""/media/1489/itf-uk-profile-placeholder-female.jpg?anchor=center&mode=crop&width=54&height=72&rnd=132174204480000000"",""tournamentsPlayedSingles"":null,""tournamentsPlayedDoubles"":null,""pointsRankingSingles"":null,""pointsRankingDoubles"":null,""pointsRankingTotal"":null}"
800591943,Ada Kumru,Ada,Kumru,F,G,TUR,Turkiye,,2008,2026,,https://www.itftennis.com/en/players/ada-kumru/800591943/tur/jt/s/,137,608.5,2026-06-02,2026-06-08,"{""playerId"":800591943,""playerFamilyName"":""Kumru"",""playerGivenName"":""Ada"",""playerNationalityCode"":""TUR"",""playerNationality"":""Turkiye"",""profileLink"":""/en/players/ada-kumru/800591943/tur/jt/s/"",""gender"":""F"",""hiddenPlayer"":false,""birthYear"":2008,""rankMovement"":1,""rank"":137,""rankEqualFlag"":"""",""tournamentsPlayed"":20,""points"":608.5,""profileImage"":""/media/1489/itf-uk-profile-placeholder-female.jpg?anchor=center&mode=crop&width=54&height=72&rnd=132174204480000000"",""tournamentsPlayedSingles"":null,""tournamentsPlayedDoubles"":null,""pointsRankingSingles"":null,""pointsRankingDoubles"":null,""pointsRankingTotal"":null}"
800737888,Camille Allegre,Camille,Allegre,F,G,USA,USA,,2009,2027,,https://www.itftennis.com/en/players/camille-allegre/800737888/usa/jt/s/,138,606.5,2026-06-02,2026-06-08,"{""playerId"":800737888,""playerFamilyName"":""Allegre"",""playerGivenName"":""Camille"",""playerNationalityCode"":""USA"",""playerNationality"":""USA"",""profileLink"":""/en/players/camille-allegre/800737888/usa/jt/s/"",""gender"":""F"",""hiddenPlayer"":false,""birthYear"":2009,""rankMovement"":1,""rank"":138,""rankEqualFlag"":"""",""tournamentsPlayed"":34,""points"":606.5,""profileImage"":""/media/1489/itf-uk-profile-placeholder-female.jpg?anchor=center&mode=crop&width=54&height=72&rnd=132174204480000000"",""tournamentsPlayedSingles"":null,""tournamentsPlayedDoubles"":null,""pointsRankingSingles"":null,""pointsRankingDoubles"":null,""pointsRankingTotal"":null}"
800587951,Daria Kuznetsova,Daria,Kuznetsova,F,G,RUS,Russia,,2008,2026,,https://www.itftennis.com/en/players/daria-kuznetsova/800587951/rus/jt/s/,139,604,2026-06-02,2026-06-08,"{""playerId"":800587951,""playerFamilyName"":""Kuznetsova"",""playerGivenName"":""Daria"",""playerNationalityCode"":""RUS"",""playerNationality"":""Russia"",""profileLink"":""/en/players/daria-kuznetsova/800587951/rus/jt/s/"",""gender"":""F"",""hiddenPlayer"":false,""birthYear"":2008,""rankMovement"":1,""rank"":139,""rankEqualFlag"":"""",""tournamentsPlayed"":22,""points"":604,""profileImage"":""/media/1489/itf-uk-profile-placeholder-female.jpg?anchor=center&mode=crop&width=54&height=72&rnd=132174204480000000"",""tournamentsPlayedSingles"":null,""tournamentsPlayedDoubles"":null,""pointsRankingSingles"":null,""pointsRankingDoubles"":null,""pointsRankingTotal"":null}"
800679611,Sarah Mildren,Sarah,Mildren,F,G,AUS,Australia,,2008,2026,,https://www.itftennis.com/en/players/sarah-mildren/800679611/aus/jt/s/,140,603,2026-06-02,2026-06-08,"{""playerId"":800679611,""playerFamilyName"":""Mildren"",""playerGivenName"":""Sarah"",""playerNationalityCode"":""AUS"",""playerNationality"":""Australia"",""profileLink"":""/en/players/sarah-mildren/800679611/aus/jt/s/"",""gender"":""F"",""hiddenPlayer"":false,""birthYear"":2008,""rankMovement"":1,""rank"":140,""rankEqualFlag"":"""",""tournamentsPlayed"":18,""points"":603,""profileImage"":""/media/1489/itf-uk-profile-placeholder-female.jpg?anchor=center&mode=crop&width=54&height=72&rnd=132174204480000000"",""tournamentsPlayedSingles"":null,""tournamentsPlayedDoubles"":null,""pointsRankingSingles"":null,""pointsRankingDoubles"":null,""pointsRankingTotal"":null}"
800654767,Kali Supova,Kali,Supova,F,G,SVK,Slovakia,,2009,2027,,https://www.itftennis.com/en/players/kali-supova/800654767/svk/jt/s/,141,588.5,2026-06-02,2026-06-08,"{""playerId"":800654767,""playerFamilyName"":""Supova"",""playerGivenName"":""Kali"",""playerNationalityCode"":""SVK"",""playerNationality"":""Slovakia"",""profileLink"":""/en/players/kali-supova/800654767/svk/jt/s/"",""gender"":""F"",""hiddenPlayer"":false,""birthYear"":2009,""rankMovement"":1,""rank"":141,""rankEqualFlag"":"""",""tournamentsPlayed"":18,""points"":588.5,""profileImage"":""/media/1489/itf-uk-profile-placeholder-female.jpg?anchor=center&mode=crop&width=54&height=72&rnd=132174204480000000"",""tournamentsPlayedSingles"":null,""tournamentsPlayedDoubles"":null,""pointsRankingSingles"":null,""pointsRankingDoubles"":null,""pointsRankingTotal"":null}"
800638511,Candela Vazquez,Candela,Vazquez,F,G,ARG,Argentina,,2008,2026,,https://www.itftennis.com/en/players/candela-vazquez/800638511/arg/jt/s/,142,587.5,2026-06-02,2026-06-08,"{""playerId"":800638511,""playerFamilyName"":""Vazquez"",""playerGivenName"":""Candela"",""playerNationalityCode"":""ARG"",""playerNationality"":""Argentina"",""profileLink"":""/en/players/candela-vazquez/800638511/arg/jt/s/"",""gender"":""F"",""hiddenPlayer"":false,""birthYear"":2008,""rankMovement"":1,""rank"":142,""rankEqualFlag"":"""",""tournamentsPlayed"":9,""points"":587.5,""profileImage"":""/media/1489/itf-uk-profile-placeholder-female.jpg?anchor=center&mode=crop&width=54&height=72&rnd=132174204480000000"",""tournamentsPlayedSingles"":null,""tournamentsPlayedDoubles"":null,""pointsRankingSingles"":null,""pointsRankingDoubles"":null,""pointsRankingTotal"":null}"
800662436,Keisija Berzina,Keisija,Berzina,F,G,LAT,Latvia,,2010,2028,,https://www.itftennis.com/en/players/keisija-berzina/800662436/lat/jt/s/,143,580.5,2026-06-02,2026-06-08,"{""playerId"":800662436,""playerFamilyName"":""Berzina"",""playerGivenName"":""Keisija"",""playerNationalityCode"":""LAT"",""playerNationality"":""Latvia"",""profileLink"":""/en/players/keisija-berzina/800662436/lat/jt/s/"",""gender"":""F"",""hiddenPlayer"":false,""birthYear"":2010,""rankMovement"":1,""rank"":143,""rankEqualFlag"":"""",""tournamentsPlayed"":33,""points"":580.5,""profileImage"":""/media/1489/itf-uk-profile-placeholder-female.jpg?anchor=center&mode=crop&width=54&height=72&rnd=132174204480000000"",""tournamentsPlayedSingles"":null,""tournamentsPlayedDoubles"":null,""pointsRankingSingles"":null,""pointsRankingDoubles"":null,""pointsRankingTotal"":null}"
800589634,Laura Valentine Pop,Laura Valentine,Pop,F,G,FRA,France,,2009,2027,,https://www.itftennis.com/en/players/laura-valentine-pop/800589634/fra/jt/s/,144,578.75,2026-06-02,2026-06-08,"{""playerId"":800589634,""playerFamilyName"":""Pop"",""playerGivenName"":""Laura Valentine"",""playerNationalityCode"":""FRA"",""playerNationality"":""France"",""profileLink"":""/en/players/laura-valentine-pop/800589634/fra/jt/s/"",""gender"":""F"",""hiddenPlayer"":false,""birthYear"":2009,""rankMovement"":2,""rank"":144,""rankEqualFlag"":"""",""tournamentsPlayed"":42,""points"":578.75,""profileImage"":""/media/1489/itf-uk-profile-placeholder-female.jpg?anchor=center&mode=crop&width=54&height=72&rnd=132174204480000000"",""tournamentsPlayedSingles"":null,""tournamentsPlayedDoubles"":null,""pointsRankingSingles"":null,""pointsRankingDoubles"":null,""pointsRankingTotal"":null}"
800692381,Diya Ramesh Ramesh,Diya Ramesh,Ramesh,F,G,IND,India,,2009,2027,,https://www.itftennis.com/en/players/diya-ramesh-ramesh/800692381/ind/jt/s/,145,577.5,2026-06-02,2026-06-08,"{""playerId"":800692381,""playerFamilyName"":""Ramesh"",""playerGivenName"":""Diya Ramesh"",""playerNationalityCode"":""IND"",""playerNationality"":""India"",""profileLink"":""/en/players/diya-ramesh-ramesh/800692381/ind/jt/s/"",""gender"":""F"",""hiddenPlayer"":false,""birthYear"":2009,""rankMovement"":2,""rank"":145,""rankEqualFlag"":"""",""tournamentsPlayed"":37,""points"":577.5,""profileImage"":""/media/1489/itf-uk-profile-placeholder-female.jpg?anchor=center&mode=crop&width=54&height=72&rnd=132174204480000000"",""tournamentsPlayedSingles"":null,""tournamentsPlayedDoubles"":null,""pointsRankingSingles"":null,""pointsRankingDoubles"":null,""pointsRankingTotal"":null}"
800687278,Darina Matvejeva,Darina,Matvejeva,F,G,LAT,Latvia,,2011,2029,,https://www.itftennis.com/en/players/darina-matvejeva/800687278/lat/jt/s/,146,572.75,2026-06-02,2026-06-08,"{""playerId"":800687278,""playerFamilyName"":""Matvejeva"",""playerGivenName"":""Darina"",""playerNationalityCode"":""LAT"",""playerNationality"":""Latvia"",""profileLink"":""/en/players/darina-matvejeva/800687278/lat/jt/s/"",""gender"":""F"",""hiddenPlayer"":false,""birthYear"":2011,""rankMovement"":2,""rank"":146,""rankEqualFlag"":"""",""tournamentsPlayed"":17,""points"":572.75,""profileImage"":""/media/1489/itf-uk-profile-placeholder-female.jpg?anchor=center&mode=crop&width=54&height=72&rnd=132174204480000000"",""tournamentsPlayedSingles"":null,""tournamentsPlayedDoubles"":null,""pointsRankingSingles"":null,""pointsRankingDoubles"":null,""pointsRankingTotal"":null}"
800630721,Capucine Cedillo- Vayson de Pradenne,Capucine,Cedillo- Vayson de Pradenne,F,G,FRA,France,,2009,2027,,https://www.itftennis.com/en/players/capucine-cedillo-vayson-de-pradenne/800630721/fra/jt/s/,147,568.5,2026-06-02,2026-06-08,"{""playerId"":800630721,""playerFamilyName"":""Cedillo- Vayson de Pradenne"",""playerGivenName"":""Capucine"",""playerNationalityCode"":""FRA"",""playerNationality"":""France"",""profileLink"":""/en/players/capucine-cedillo-vayson-de-pradenne/800630721/fra/jt/s/"",""gender"":""F"",""hiddenPlayer"":false,""birthYear"":2009,""rankMovement"":2,""rank"":147,""rankEqualFlag"":"""",""tournamentsPlayed"":37,""points"":568.5,""profileImage"":""/media/1489/itf-uk-profile-placeholder-female.jpg?anchor=center&mode=crop&width=54&height=72&rnd=132174204480000000"",""tournamentsPlayedSingles"":null,""tournamentsPlayedDoubles"":null,""pointsRankingSingles"":null,""pointsRankingDoubles"":null,""pointsRankingTotal"":null}"
800654350,Isabella Angelina Abendroth,Isabella Angelina,Abendroth,F,G,GER,Germany,,2010,2028,,https://www.itftennis.com/en/players/isabella-angelina-abendroth/800654350/ger/jt/s/,148,567.75,2026-06-02,2026-06-08,"{""playerId"":800654350,""playerFamilyName"":""Abendroth"",""playerGivenName"":""Isabella Angelina"",""playerNationalityCode"":""GER"",""playerNationality"":""Germany"",""profileLink"":""/en/players/isabella-angelina-abendroth/800654350/ger/jt/s/"",""gender"":""F"",""hiddenPlayer"":false,""birthYear"":2010,""rankMovement"":2,""rank"":148,""rankEqualFlag"":"""",""tournamentsPlayed"":20,""points"":567.75,""profileImage"":""/media/1489/itf-uk-profile-placeholder-female.jpg?anchor=center&mode=crop&width=54&height=72&rnd=132174204480000000"",""tournamentsPlayedSingles"":null,""tournamentsPlayedDoubles"":null,""pointsRankingSingles"":null,""pointsRankingDoubles"":null,""pointsRankingTotal"":null}"
800708388,Ran Wakana,Ran,Wakana,F,G,JPN,Japan,,2010,2028,,https://www.itftennis.com/en/players/ran-wakana/800708388/jpn/jt/s/,149,566.5,2026-06-02,2026-06-08,"{""playerId"":800708388,""playerFamilyName"":""Wakana"",""playerGivenName"":""Ran"",""playerNationalityCode"":""JPN"",""playerNationality"":""Japan"",""profileLink"":""/en/players/ran-wakana/800708388/jpn/jt/s/"",""gender"":""F"",""hiddenPlayer"":false,""birthYear"":2010,""rankMovement"":2,""rank"":149,""rankEqualFlag"":"""",""tournamentsPlayed"":16,""points"":566.5,""profileImage"":""/media/1489/itf-uk-profile-placeholder-female.jpg?anchor=center&mode=crop&width=54&height=72&rnd=132174204480000000"",""tournamentsPlayedSingles"":null,""tournamentsPlayedDoubles"":null,""pointsRankingSingles"":null,""pointsRankingDoubles"":null,""pointsRankingTotal"":null}"
800726353,Karlin Schock,Karlin,Schock,F,G,USA,USA,,2008,2026,,https://www.itftennis.com/en/players/karlin-schock/800726353/usa/jt/s/,150,565.75,2026-06-02,2026-06-08,"{""playerId"":800726353,""playerFamilyName"":""Schock"",""playerGivenName"":""Karlin"",""playerNationalityCode"":""USA"",""playerNationality"":""USA"",""profileLink"":""/en/players/karlin-schock/800726353/usa/jt/s/"",""gender"":""F"",""hiddenPlayer"":false,""birthYear"":2008,""rankMovement"":2,""rank"":150,""rankEqualFlag"":"""",""tournamentsPlayed"":33,""points"":565.75,""profileImage"":""/media/1489/itf-uk-profile-placeholder-female.jpg?anchor=center&mode=crop&width=54&height=72&rnd=132174204480000000"",""tournamentsPlayedSingles"":null,""tournamentsPlayedDoubles"":null,""pointsRankingSingles"":null,""pointsRankingDoubles"":null,""pointsRankingTotal"":null}"
800681271,Kori Montoya,Kori,Montoya,F,G,USA,USA,,2008,2026,,https://www.itftennis.com/en/players/kori-montoya/800681271/usa/jt/s/,151,565.5,2026-06-02,2026-06-08,"{""playerId"":800681271,""playerFamilyName"":""Montoya"",""playerGivenName"":""Kori"",""playerNationalityCode"":""USA"",""playerNationality"":""USA"",""profileLink"":""/en/players/kori-montoya/800681271/usa/jt/s/"",""gender"":""F"",""hiddenPlayer"":false,""birthYear"":2008,""rankMovement"":2,""rank"":151,""rankEqualFlag"":"""",""tournamentsPlayed"":42,""points"":565.5,""profileImage"":""/media/1489/itf-uk-profile-placeholder-female.jpg?anchor=center&mode=crop&width=54&height=72&rnd=132174204480000000"",""tournamentsPlayedSingles"":null,""tournamentsPlayedDoubles"":null,""pointsRankingSingles"":null,""pointsRankingDoubles"":null,""pointsRankingTotal"":null}"
800586889,Alexandra Cheishvili,Alexandra,Cheishvili,F,G,RUS,Russia,,2008,2026,,https://www.itftennis.com/en/players/alexandra-cheishvili/800586889/rus/jt/s/,152,555.5,2026-06-02,2026-06-08,"{""playerId"":800586889,""playerFamilyName"":""Cheishvili"",""playerGivenName"":""Alexandra"",""playerNationalityCode"":""RUS"",""playerNationality"":""Russia"",""profileLink"":""/en/players/alexandra-cheishvili/800586889/rus/jt/s/"",""gender"":""F"",""hiddenPlayer"":false,""birthYear"":2008,""rankMovement"":2,""rank"":152,""rankEqualFlag"":"""",""tournamentsPlayed"":35,""points"":555.5,""profileImage"":""/media/1489/itf-uk-profile-placeholder-female.jpg?anchor=center&mode=crop&width=54&height=72&rnd=132174204480000000"",""tournamentsPlayedSingles"":null,""tournamentsPlayedDoubles"":null,""pointsRankingSingles"":null,""pointsRankingDoubles"":null,""pointsRankingTotal"":null}"
800696764,Kokona Ishii,Kokona,Ishii,F,G,JPN,Japan,,2010,2028,,https://www.itftennis.com/en/players/kokona-ishii/800696764/jpn/jt/s/,153,554.25,2026-06-02,2026-06-08,"{""playerId"":800696764,""playerFamilyName"":""Ishii"",""playerGivenName"":""Kokona"",""playerNationalityCode"":""JPN"",""playerNationality"":""Japan"",""profileLink"":""/en/players/kokona-ishii/800696764/jpn/jt/s/"",""gender"":""F"",""hiddenPlayer"":false,""birthYear"":2010,""rankMovement"":2,""rank"":153,""rankEqualFlag"":"""",""tournamentsPlayed"":21,""points"":554.25,""profileImage"":""/media/1489/itf-uk-profile-placeholder-female.jpg?anchor=center&mode=crop&width=54&height=72&rnd=132174204480000000"",""tournamentsPlayedSingles"":null,""tournamentsPlayedDoubles"":null,""pointsRankingSingles"":null,""pointsRankingDoubles"":null,""pointsRankingTotal"":null}"
800684996,Andrea Cabio,Andrea,Cabio,F,G,CAN,Canada,,2009,2027,,https://www.itftennis.com/en/players/andrea-cabio/800684996/can/jt/s/,154,554.25,2026-06-02,2026-06-08,"{""playerId"":800684996,""playerFamilyName"":""Cabio"",""playerGivenName"":""Andrea"",""playerNationalityCode"":""CAN"",""playerNationality"":""Canada"",""profileLink"":""/en/players/andrea-cabio/800684996/can/jt/s/"",""gender"":""F"",""hiddenPlayer"":false,""birthYear"":2009,""rankMovement"":2,""rank"":154,""rankEqualFlag"":"""",""tournamentsPlayed"":39,""points"":554.25,""profileImage"":""/media/1489/itf-uk-profile-placeholder-female.jpg?anchor=center&mode=crop&width=54&height=72&rnd=132174204480000000"",""tournamentsPlayedSingles"":null,""tournamentsPlayedDoubles"":null,""pointsRankingSingles"":null,""pointsRankingDoubles"":null,""pointsRankingTotal"":null}"
800653329,Capucine Jauffret,Capucine,Jauffret,F,G,USA,USA,,2008,2026,,https://www.itftennis.com/en/players/capucine-jauffret/800653329/usa/jt/s/,155,552.75,2026-06-02,2026-06-08,"{""playerId"":800653329,""playerFamilyName"":""Jauffret"",""playerGivenName"":""Capucine"",""playerNationalityCode"":""USA"",""playerNationality"":""USA"",""profileLink"":""/en/players/capucine-jauffret/800653329/usa/jt/s/"",""gender"":""F"",""hiddenPlayer"":false,""birthYear"":2008,""rankMovement"":-10,""rank"":155,""rankEqualFlag"":"""",""tournamentsPlayed"":27,""points"":552.75,""profileImage"":""/media/1489/itf-uk-profile-placeholder-female.jpg?anchor=center&mode=crop&width=54&height=72&rnd=132174204480000000"",""tournamentsPlayedSingles"":null,""tournamentsPlayedDoubles"":null,""pointsRankingSingles"":null,""pointsRankingDoubles"":null,""pointsRankingTotal"":null}"
800732376,Xiaotong Wang,Xiaotong,Wang,F,G,CHN,"China, P.R.",,2009,2027,,https://www.itftennis.com/en/players/xiaotong-wang/800732376/chn/jt/s/,156,546.25,2026-06-02,2026-06-08,"{""playerId"":800732376,""playerFamilyName"":""Wang"",""playerGivenName"":""Xiaotong"",""playerNationalityCode"":""CHN"",""playerNationality"":""China, P.R."",""profileLink"":""/en/players/xiaotong-wang/800732376/chn/jt/s/"",""gender"":""F"",""hiddenPlayer"":false,""birthYear"":2009,""rankMovement"":2,""rank"":156,""rankEqualFlag"":"""",""tournamentsPlayed"":40,""points"":546.25,""profileImage"":""/media/1489/itf-uk-profile-placeholder-female.jpg?anchor=center&mode=crop&width=54&height=72&rnd=132174204480000000"",""tournamentsPlayedSingles"":null,""tournamentsPlayedDoubles"":null,""pointsRankingSingles"":null,""pointsRankingDoubles"":null,""pointsRankingTotal"":null}"
800778327,Anya Arora,Anya,Arora,F,G,USA,USA,,2011,2029,,https://www.itftennis.com/en/players/anya-arora/800778327/usa/jt/s/,157,546,2026-06-02,2026-06-08,"{""playerId"":800778327,""playerFamilyName"":""Arora"",""playerGivenName"":""Anya"",""playerNationalityCode"":""USA"",""playerNationality"":""USA"",""profileLink"":""/en/players/anya-arora/800778327/usa/jt/s/"",""gender"":""F"",""hiddenPlayer"":false,""birthYear"":2011,""rankMovement"":2,""rank"":157,""rankEqualFlag"":"""",""tournamentsPlayed"":23,""points"":546,""profileImage"":""/media/1489/itf-uk-profile-placeholder-female.jpg?anchor=center&mode=crop&width=54&height=72&rnd=132174204480000000"",""tournamentsPlayedSingles"":null,""tournamentsPlayedDoubles"":null,""pointsRankingSingles"":null,""pointsRankingDoubles"":null,""pointsRankingTotal"":null}"
800587831,Anna Kartseva,Anna,Kartseva,F,G,RUS,Russia,,2008,2026,,https://www.itftennis.com/en/players/anna-kartseva/800587831/rus/jt/s/,158,544.25,2026-06-02,2026-06-08,"{""playerId"":800587831,""playerFamilyName"":""Kartseva"",""playerGivenName"":""Anna"",""playerNationalityCode"":""RUS"",""playerNationality"":""Russia"",""profileLink"":""/en/players/anna-kartseva/800587831/rus/jt/s/"",""gender"":""F"",""hiddenPlayer"":false,""birthYear"":2008,""rankMovement"":2,""rank"":158,""rankEqualFlag"":"""",""tournamentsPlayed"":17,""points"":544.25,""profileImage"":""/media/1489/itf-uk-profile-placeholder-female.jpg?anchor=center&mode=crop&width=54&height=72&rnd=132174204480000000"",""tournamentsPlayedSingles"":null,""tournamentsPlayedDoubles"":null,""pointsRankingSingles"":null,""pointsRankingDoubles"":null,""pointsRankingTotal"":null}"
800805629,Polina Orlova,Polina,Orlova,F,G,RUS,Russia,,2011,2029,,https://www.itftennis.com/en/players/polina-orlova/800805629/rus/jt/s/,159,541,2026-06-02,2026-06-08,"{""playerId"":800805629,""playerFamilyName"":""Orlova"",""playerGivenName"":""Polina"",""playerNationalityCode"":""RUS"",""playerNationality"":""Russia"",""profileLink"":""/en/players/polina-orlova/800805629/rus/jt/s/"",""gender"":""F"",""hiddenPlayer"":false,""birthYear"":2011,""rankMovement"":2,""rank"":159,""rankEqualFlag"":"""",""tournamentsPlayed"":23,""points"":541,""profileImage"":""/media/1489/itf-uk-profile-placeholder-female.jpg?anchor=center&mode=crop&width=54&height=72&rnd=132174204480000000"",""tournamentsPlayedSingles"":null,""tournamentsPlayedDoubles"":null,""pointsRankingSingles"":null,""pointsRankingDoubles"":null,""pointsRankingTotal"":null}"
800644108,Anna Bazderova,Anna,Bazderova,F,G,RUS,Russia,,2009,2027,,https://www.itftennis.com/en/players/anna-bazderova/800644108/rus/jt/s/,160,539,2026-06-02,2026-06-08,"{""playerId"":800644108,""playerFamilyName"":""Bazderova"",""playerGivenName"":""Anna"",""playerNationalityCode"":""RUS"",""playerNationality"":""Russia"",""profileLink"":""/en/players/anna-bazderova/800644108/rus/jt/s/"",""gender"":""F"",""hiddenPlayer"":false,""birthYear"":2009,""rankMovement"":3,""rank"":160,""rankEqualFlag"":"""",""tournamentsPlayed"":15,""points"":539,""profileImage"":""/media/1489/itf-uk-profile-placeholder-female.jpg?anchor=center&mode=crop&width=54&height=72&rnd=132174204480000000"",""tournamentsPlayedSingles"":null,""tournamentsPlayedDoubles"":null,""pointsRankingSingles"":null,""pointsRankingDoubles"":null,""pointsRankingTotal"":null}"
800642724,Rira Kosaka,Rira,Kosaka,F,G,JPN,Japan,,2008,2026,,https://www.itftennis.com/en/players/rira-kosaka/800642724/jpn/jt/s/,161,538.25,2026-06-02,2026-06-08,"{""playerId"":800642724,""playerFamilyName"":""Kosaka"",""playerGivenName"":""Rira"",""playerNationalityCode"":""JPN"",""playerNationality"":""Japan"",""profileLink"":""/en/players/rira-kosaka/800642724/jpn/jt/s/"",""gender"":""F"",""hiddenPlayer"":false,""birthYear"":2008,""rankMovement"":3,""rank"":161,""rankEqualFlag"":"""",""tournamentsPlayed"":31,""points"":538.25,""profileImage"":""/media/1489/itf-uk-profile-placeholder-female.jpg?anchor=center&mode=crop&width=54&height=72&rnd=132174204480000000"",""tournamentsPlayedSingles"":null,""tournamentsPlayedDoubles"":null,""pointsRankingSingles"":null,""pointsRankingDoubles"":null,""pointsRankingTotal"":null}"
800662490,Caroline Hermanns,Caroline,Hermanns,F,G,DEN,Denmark,,2009,2027,,https://www.itftennis.com/en/players/caroline-hermanns/800662490/den/jt/s/,162,534.75,2026-06-02,2026-06-08,"{""playerId"":800662490,""playerFamilyName"":""Hermanns"",""playerGivenName"":""Caroline"",""playerNationalityCode"":""DEN"",""playerNationality"":""Denmark"",""profileLink"":""/en/players/caroline-hermanns/800662490/den/jt/s/"",""gender"":""F"",""hiddenPlayer"":false,""birthYear"":2009,""rankMovement"":3,""rank"":162,""rankEqualFlag"":"""",""tournamentsPlayed"":41,""points"":534.75,""profileImage"":""/media/1489/itf-uk-profile-placeholder-female.jpg?anchor=center&mode=crop&width=54&height=72&rnd=132174204480000000"",""tournamentsPlayedSingles"":null,""tournamentsPlayedDoubles"":null,""pointsRankingSingles"":null,""pointsRankingDoubles"":null,""pointsRankingTotal"":null}"
800708129,Yui Komada,Yui,Komada,F,G,JPN,Japan,,2010,2028,,https://www.itftennis.com/en/players/yui-komada/800708129/jpn/jt/s/,163,533.75,2026-06-02,2026-06-08,"{""playerId"":800708129,""playerFamilyName"":""Komada"",""playerGivenName"":""Yui"",""playerNationalityCode"":""JPN"",""playerNationality"":""Japan"",""profileLink"":""/en/players/yui-komada/800708129/jpn/jt/s/"",""gender"":""F"",""hiddenPlayer"":false,""birthYear"":2010,""rankMovement"":13,""rank"":163,""rankEqualFlag"":"""",""tournamentsPlayed"":27,""points"":533.75,""profileImage"":""/media/1489/itf-uk-profile-placeholder-female.jpg?anchor=center&mode=crop&width=54&height=72&rnd=132174204480000000"",""tournamentsPlayedSingles"":null,""tournamentsPlayedDoubles"":null,""pointsRankingSingles"":null,""pointsRankingDoubles"":null,""pointsRankingTotal"":null}"
800598811,Dusica Popovski,Dusica,Popovski,F,G,SRB,Serbia,,2009,2027,,https://www.itftennis.com/en/players/dusica-popovski/800598811/srb/jt/s/,164,531.5,2026-06-02,2026-06-08,"{""playerId"":800598811,""playerFamilyName"":""Popovski"",""playerGivenName"":""Dusica"",""playerNationalityCode"":""SRB"",""playerNationality"":""Serbia"",""profileLink"":""/en/players/dusica-popovski/800598811/srb/jt/s/"",""gender"":""F"",""hiddenPlayer"":false,""birthYear"":2009,""rankMovement"":2,""rank"":164,""rankEqualFlag"":"""",""tournamentsPlayed"":24,""points"":531.5,""profileImage"":""/media/1489/itf-uk-profile-placeholder-female.jpg?anchor=center&mode=crop&width=54&height=72&rnd=132174204480000000"",""tournamentsPlayedSingles"":null,""tournamentsPlayedDoubles"":null,""pointsRankingSingles"":null,""pointsRankingDoubles"":null,""pointsRankingTotal"":null}"
800725103,Ellery Mendell,Ellery,Mendell,F,G,USA,USA,,2009,2027,,https://www.itftennis.com/en/players/ellery-mendell/800725103/usa/jt/s/,165,530.75,2026-06-02,2026-06-08,"{""playerId"":800725103,""playerFamilyName"":""Mendell"",""playerGivenName"":""Ellery"",""playerNationalityCode"":""USA"",""playerNationality"":""USA"",""profileLink"":""/en/players/ellery-mendell/800725103/usa/jt/s/"",""gender"":""F"",""hiddenPlayer"":false,""birthYear"":2009,""rankMovement"":33,""rank"":165,""rankEqualFlag"":"""",""tournamentsPlayed"":21,""points"":530.75,""profileImage"":""/media/1489/itf-uk-profile-placeholder-female.jpg?anchor=center&mode=crop&width=54&height=72&rnd=132174204480000000"",""tournamentsPlayedSingles"":null,""tournamentsPlayedDoubles"":null,""pointsRankingSingles"":null,""pointsRankingDoubles"":null,""pointsRankingTotal"":null}"
800684523,Ellen Hirschi,Ellen,Hirschi,F,G,AUS,Australia,,2008,2026,,https://www.itftennis.com/en/players/ellen-hirschi/800684523/aus/jt/s/,166,529.25,2026-06-02,2026-06-08,"{""playerId"":800684523,""playerFamilyName"":""Hirschi"",""playerGivenName"":""Ellen"",""playerNationalityCode"":""AUS"",""playerNationality"":""Australia"",""profileLink"":""/en/players/ellen-hirschi/800684523/aus/jt/s/"",""gender"":""F"",""hiddenPlayer"":false,""birthYear"":2008,""rankMovement"":1,""rank"":166,""rankEqualFlag"":"""",""tournamentsPlayed"":53,""points"":529.25,""profileImage"":""/media/1489/itf-uk-profile-placeholder-female.jpg?anchor=center&mode=crop&width=54&height=72&rnd=132174204480000000"",""tournamentsPlayedSingles"":null,""tournamentsPlayedDoubles"":null,""pointsRankingSingles"":null,""pointsRankingDoubles"":null,""pointsRankingTotal"":null}"
800600260,Gwendolyn Fedel,Gwendolyn,Fedel,F,G,GER,Germany,,2008,2026,,https://www.itftennis.com/en/players/gwendolyn-fedel/800600260/ger/jt/s/,167,526.5,2026-06-02,2026-06-08,"{""playerId"":800600260,""playerFamilyName"":""Fedel"",""playerGivenName"":""Gwendolyn"",""playerNationalityCode"":""GER"",""playerNationality"":""Germany"",""profileLink"":""/en/players/gwendolyn-fedel/800600260/ger/jt/s/"",""gender"":""F"",""hiddenPlayer"":false,""birthYear"":2008,""rankMovement"":1,""rank"":167,""rankEqualFlag"":"""",""tournamentsPlayed"":33,""points"":526.5,""profileImage"":""/media/1489/itf-uk-profile-placeholder-female.jpg?anchor=center&mode=crop&width=54&height=72&rnd=132174204480000000"",""tournamentsPlayedSingles"":null,""tournamentsPlayedDoubles"":null,""pointsRankingSingles"":null,""pointsRankingDoubles"":null,""pointsRankingTotal"":null}"
800589402,Nina Andronicou,Nina,Andronicou,F,G,CYP,Cyprus,,2008,2026,,https://www.itftennis.com/en/players/nina-andronicou/800589402/cyp/jt/s/,168,525,2026-06-02,2026-06-08,"{""playerId"":800589402,""playerFamilyName"":""Andronicou"",""playerGivenName"":""Nina"",""playerNationalityCode"":""CYP"",""playerNationality"":""Cyprus"",""profileLink"":""/en/players/nina-andronicou/800589402/cyp/jt/s/"",""gender"":""F"",""hiddenPlayer"":false,""birthYear"":2008,""rankMovement"":1,""rank"":168,""rankEqualFlag"":"""",""tournamentsPlayed"":28,""points"":525,""profileImage"":""/media/1489/itf-uk-profile-placeholder-female.jpg?anchor=center&mode=crop&width=54&height=72&rnd=132174204480000000"",""tournamentsPlayedSingles"":null,""tournamentsPlayedDoubles"":null,""pointsRankingSingles"":null,""pointsRankingDoubles"":null,""pointsRankingTotal"":null}"
800785150,Olivia De Los Reyes,Olivia,De Los Reyes,F,G,USA,USA,,2011,2029,,https://www.itftennis.com/en/players/olivia-de-los-reyes/800785150/usa/jt/s/,169,524.5,2026-06-02,2026-06-08,"{""playerId"":800785150,""playerFamilyName"":""De Los Reyes"",""playerGivenName"":""Olivia"",""playerNationalityCode"":""USA"",""playerNationality"":""USA"",""profileLink"":""/en/players/olivia-de-los-reyes/800785150/usa/jt/s/"",""gender"":""F"",""hiddenPlayer"":false,""birthYear"":2011,""rankMovement"":1,""rank"":169,""rankEqualFlag"":"""",""tournamentsPlayed"":32,""points"":524.5,""profileImage"":""/media/1489/itf-uk-profile-placeholder-female.jpg?anchor=center&mode=crop&width=54&height=72&rnd=132174204480000000"",""tournamentsPlayedSingles"":null,""tournamentsPlayedDoubles"":null,""pointsRankingSingles"":null,""pointsRankingDoubles"":null,""pointsRankingTotal"":null}"
800675688,Tahlia Kokkinis,Tahlia,Kokkinis,F,G,AUS,Australia,,2008,2026,,https://www.itftennis.com/en/players/tahlia-kokkinis/800675688/aus/jt/s/,170,520,2026-06-02,2026-06-08,"{""playerId"":800675688,""playerFamilyName"":""Kokkinis"",""playerGivenName"":""Tahlia"",""playerNationalityCode"":""AUS"",""playerNationality"":""Australia"",""profileLink"":""/en/players/tahlia-kokkinis/800675688/aus/jt/s/"",""gender"":""F"",""hiddenPlayer"":false,""birthYear"":2008,""rankMovement"":-8,""rank"":170,""rankEqualFlag"":"""",""tournamentsPlayed"":9,""points"":520,""profileImage"":""/remote.axd/media.itftennis.com/assetbank-itf/servlet/display?file=22137ab7c36609489c39ff18.jpg?crop=0.38095238095238165,0.055050546151620472,0.27619047619047488,0.64018754908647424&cropmode=percentage&width=54&height=72&rnd=133512691660000000"",""tournamentsPlayedSingles"":null,""tournamentsPlayedDoubles"":null,""pointsRankingSingles"":null,""pointsRankingDoubles"":null,""pointsRankingTotal"":null}"
800632088,Lucia Rodriguez,Lucia,Rodriguez,F,G,ESP,Spain,,2009,2027,,https://www.itftennis.com/en/players/lucia-rodriguez/800632088/esp/jt/s/,171,511.5,2026-06-02,2026-06-08,"{""playerId"":800632088,""playerFamilyName"":""Rodriguez"",""playerGivenName"":""Lucia"",""playerNationalityCode"":""ESP"",""playerNationality"":""Spain"",""profileLink"":""/en/players/lucia-rodriguez/800632088/esp/jt/s/"",""gender"":""F"",""hiddenPlayer"":false,""birthYear"":2009,""rankMovement"":0,""rank"":171,""rankEqualFlag"":"""",""tournamentsPlayed"":22,""points"":511.5,""profileImage"":""/media/1489/itf-uk-profile-placeholder-female.jpg?anchor=center&mode=crop&width=54&height=72&rnd=132174204480000000"",""tournamentsPlayedSingles"":null,""tournamentsPlayedDoubles"":null,""pointsRankingSingles"":null,""pointsRankingDoubles"":null,""pointsRankingTotal"":null}"
800626636,Nehira Sanon,Nehira,Sanon,F,G,FRA,France,,2009,2027,,https://www.itftennis.com/en/players/nehira-sanon/800626636/fra/jt/s/,172,511,2026-06-02,2026-06-08,"{""playerId"":800626636,""playerFamilyName"":""Sanon"",""playerGivenName"":""Nehira"",""playerNationalityCode"":""FRA"",""playerNationality"":""France"",""profileLink"":""/en/players/nehira-sanon/800626636/fra/jt/s/"",""gender"":""F"",""hiddenPlayer"":false,""birthYear"":2009,""rankMovement"":41,""rank"":172,""rankEqualFlag"":"""",""tournamentsPlayed"":23,""points"":511,""profileImage"":""/media/1489/itf-uk-profile-placeholder-female.jpg?anchor=center&mode=crop&width=54&height=72&rnd=132174204480000000"",""tournamentsPlayedSingles"":null,""tournamentsPlayedDoubles"":null,""pointsRankingSingles"":null,""pointsRankingDoubles"":null,""pointsRankingTotal"":null}"
800764753,Scarlett Fagan,Scarlett,Fagan,F,G,USA,USA,,2010,2028,,https://www.itftennis.com/en/players/scarlett-fagan/800764753/usa/jt/s/,173,511,2026-06-02,2026-06-08,"{""playerId"":800764753,""playerFamilyName"":""Fagan"",""playerGivenName"":""Scarlett"",""playerNationalityCode"":""USA"",""playerNationality"":""USA"",""profileLink"":""/en/players/scarlett-fagan/800764753/usa/jt/s/"",""gender"":""F"",""hiddenPlayer"":false,""birthYear"":2010,""rankMovement"":0,""rank"":173,""rankEqualFlag"":"""",""tournamentsPlayed"":30,""points"":511,""profileImage"":""/media/1489/itf-uk-profile-placeholder-female.jpg?anchor=center&mode=crop&width=54&height=72&rnd=132174204480000000"",""tournamentsPlayedSingles"":null,""tournamentsPlayedDoubles"":null,""pointsRankingSingles"":null,""pointsRankingDoubles"":null,""pointsRankingTotal"":null}"
800678384,Clemence Mercier,Clemence,Mercier,F,G,CAN,Canada,,2008,2026,,https://www.itftennis.com/en/players/clemence-mercier/800678384/can/jt/s/,174,506.75,2026-06-02,2026-06-08,"{""playerId"":800678384,""playerFamilyName"":""Mercier"",""playerGivenName"":""Clemence"",""playerNationalityCode"":""CAN"",""playerNationality"":""Canada"",""profileLink"":""/en/players/clemence-mercier/800678384/can/jt/s/"",""gender"":""F"",""hiddenPlayer"":false,""birthYear"":2008,""rankMovement"":0,""rank"":174,""rankEqualFlag"":"""",""tournamentsPlayed"":35,""points"":506.75,""profileImage"":""/media/1489/itf-uk-profile-placeholder-female.jpg?anchor=center&mode=crop&width=54&height=72&rnd=132174204480000000"",""tournamentsPlayedSingles"":null,""tournamentsPlayedDoubles"":null,""pointsRankingSingles"":null,""pointsRankingDoubles"":null,""pointsRankingTotal"":null}"
800622037,Gabriela Paun,Gabriela,Paun,F,G,ESP,Spain,,2008,2026,,https://www.itftennis.com/en/players/gabriela-paun/800622037/esp/jt/s/,175,503.75,2026-06-02,2026-06-08,"{""playerId"":800622037,""playerFamilyName"":""Paun"",""playerGivenName"":""Gabriela"",""playerNationalityCode"":""ESP"",""playerNationality"":""Spain"",""profileLink"":""/en/players/gabriela-paun/800622037/esp/jt/s/"",""gender"":""F"",""hiddenPlayer"":false,""birthYear"":2008,""rankMovement"":0,""rank"":175,""rankEqualFlag"":"""",""tournamentsPlayed"":24,""points"":503.75,""profileImage"":""/media/1489/itf-uk-profile-placeholder-female.jpg?anchor=center&mode=crop&width=54&height=72&rnd=132174204480000000"",""tournamentsPlayedSingles"":null,""tournamentsPlayedDoubles"":null,""pointsRankingSingles"":null,""pointsRankingDoubles"":null,""pointsRankingTotal"":null}"
800730101,Brooke Wallman,Brooke,Wallman,F,G,USA,USA,,2008,2026,,https://www.itftennis.com/en/players/brooke-wallman/800730101/usa/jt/s/,176,502,2026-06-02,2026-06-08,"{""playerId"":800730101,""playerFamilyName"":""Wallman"",""playerGivenName"":""Brooke"",""playerNationalityCode"":""USA"",""playerNationality"":""USA"",""profileLink"":""/en/players/brooke-wallman/800730101/usa/jt/s/"",""gender"":""F"",""hiddenPlayer"":false,""birthYear"":2008,""rankMovement"":1,""rank"":176,""rankEqualFlag"":"""",""tournamentsPlayed"":35,""points"":502,""profileImage"":""/media/1489/itf-uk-profile-placeholder-female.jpg?anchor=center&mode=crop&width=54&height=72&rnd=132174204480000000"",""tournamentsPlayedSingles"":null,""tournamentsPlayedDoubles"":null,""pointsRankingSingles"":null,""pointsRankingDoubles"":null,""pointsRankingTotal"":null}"
800598087,Sarina Schnyder,Sarina,Schnyder,F,G,SUI,Switzerland,,2008,2026,,https://www.itftennis.com/en/players/sarina-schnyder/800598087/sui/jt/s/,177,501.5,2026-06-02,2026-06-08,"{""playerId"":800598087,""playerFamilyName"":""Schnyder"",""playerGivenName"":""Sarina"",""playerNationalityCode"":""SUI"",""playerNationality"":""Switzerland"",""profileLink"":""/en/players/sarina-schnyder/800598087/sui/jt/s/"",""gender"":""F"",""hiddenPlayer"":false,""birthYear"":2008,""rankMovement"":1,""rank"":177,""rankEqualFlag"":"""",""tournamentsPlayed"":34,""points"":501.5,""profileImage"":""/media/1489/itf-uk-profile-placeholder-female.jpg?anchor=center&mode=crop&width=54&height=72&rnd=132174204480000000"",""tournamentsPlayedSingles"":null,""tournamentsPlayedDoubles"":null,""pointsRankingSingles"":null,""pointsRankingDoubles"":null,""pointsRankingTotal"":null}"
800639382,Ioana Stefania Boian,Ioana Stefania,Boian,F,G,ROU,Romania,,2009,2027,,https://www.itftennis.com/en/players/ioana-stefania-boian/800639382/rou/jt/s/,178,500.5,2026-06-02,2026-06-08,"{""playerId"":800639382,""playerFamilyName"":""Boian"",""playerGivenName"":""Ioana Stefania"",""playerNationalityCode"":""ROU"",""playerNationality"":""Romania"",""profileLink"":""/en/players/ioana-stefania-boian/800639382/rou/jt/s/"",""gender"":""F"",""hiddenPlayer"":false,""birthYear"":2009,""rankMovement"":1,""rank"":178,""rankEqualFlag"":"""",""tournamentsPlayed"":33,""points"":500.5,""profileImage"":""/media/1489/itf-uk-profile-placeholder-female.jpg?anchor=center&mode=crop&width=54&height=72&rnd=132174204480000000"",""tournamentsPlayedSingles"":null,""tournamentsPlayedDoubles"":null,""pointsRankingSingles"":null,""pointsRankingDoubles"":null,""pointsRankingTotal"":null}"
800660486,Sabrina Balderrama,Sabrina,Balderrama,F,G,VEN,Venezuela,,2009,2027,,https://www.itftennis.com/en/players/sabrina-balderrama/800660486/ven/jt/s/,179,495.5,2026-06-02,2026-06-08,"{""playerId"":800660486,""playerFamilyName"":""Balderrama"",""playerGivenName"":""Sabrina"",""playerNationalityCode"":""VEN"",""playerNationality"":""Venezuela"",""profileLink"":""/en/players/sabrina-balderrama/800660486/ven/jt/s/"",""gender"":""F"",""hiddenPlayer"":false,""birthYear"":2009,""rankMovement"":-7,""rank"":179,""rankEqualFlag"":"""",""tournamentsPlayed"":30,""points"":495.5,""profileImage"":""/media/1489/itf-uk-profile-placeholder-female.jpg?anchor=center&mode=crop&width=54&height=72&rnd=132174204480000000"",""tournamentsPlayedSingles"":null,""tournamentsPlayedDoubles"":null,""pointsRankingSingles"":null,""pointsRankingDoubles"":null,""pointsRankingTotal"":null}"
800758765,Armira Kockinis,Armira,Kockinis,F,G,USA,USA,,2009,2027,,https://www.itftennis.com/en/players/armira-kockinis/800758765/usa/jt/s/,180,495,2026-06-02,2026-06-08,"{""playerId"":800758765,""playerFamilyName"":""Kockinis"",""playerGivenName"":""Armira"",""playerNationalityCode"":""USA"",""playerNationality"":""USA"",""profileLink"":""/en/players/armira-kockinis/800758765/usa/jt/s/"",""gender"":""F"",""hiddenPlayer"":false,""birthYear"":2009,""rankMovement"":0,""rank"":180,""rankEqualFlag"":"""",""tournamentsPlayed"":21,""points"":495,""profileImage"":""/media/1489/itf-uk-profile-placeholder-female.jpg?anchor=center&mode=crop&width=54&height=72&rnd=132174204480000000"",""tournamentsPlayedSingles"":null,""tournamentsPlayedDoubles"":null,""pointsRankingSingles"":null,""pointsRankingDoubles"":null,""pointsRankingTotal"":null}"
800655608,Catalina Delmas Schaerer,Catalina,Delmas Schaerer,F,G,PAR,Paraguay,,2009,2027,,https://www.itftennis.com/en/players/catalina-delmas-schaerer/800655608/par/jt/s/,181,490.75,2026-06-02,2026-06-08,"{""playerId"":800655608,""playerFamilyName"":""Delmas Schaerer"",""playerGivenName"":""Catalina"",""playerNationalityCode"":""PAR"",""playerNationality"":""Paraguay"",""profileLink"":""/en/players/catalina-delmas-schaerer/800655608/par/jt/s/"",""gender"":""F"",""hiddenPlayer"":false,""birthYear"":2009,""rankMovement"":0,""rank"":181,""rankEqualFlag"":"""",""tournamentsPlayed"":36,""points"":490.75,""profileImage"":""/media/1489/itf-uk-profile-placeholder-female.jpg?anchor=center&mode=crop&width=54&height=72&rnd=132174204480000000"",""tournamentsPlayedSingles"":null,""tournamentsPlayedDoubles"":null,""pointsRankingSingles"":null,""pointsRankingDoubles"":null,""pointsRankingTotal"":null}"
800712922,Audrey Kao,Audrey,Kao,F,G,TPE,Chinese Taipei,,2009,2027,,https://www.itftennis.com/en/players/audrey-kao/800712922/tpe/jt/s/,182,488.5,2026-06-02,2026-06-08,"{""playerId"":800712922,""playerFamilyName"":""Kao"",""playerGivenName"":""Audrey"",""playerNationalityCode"":""TPE"",""playerNationality"":""Chinese Taipei"",""profileLink"":""/en/players/audrey-kao/800712922/tpe/jt/s/"",""gender"":""F"",""hiddenPlayer"":false,""birthYear"":2009,""rankMovement"":0,""rank"":182,""rankEqualFlag"":"""",""tournamentsPlayed"":33,""points"":488.5,""profileImage"":""/media/1489/itf-uk-profile-placeholder-female.jpg?anchor=center&mode=crop&width=54&height=72&rnd=132174204480000000"",""tournamentsPlayedSingles"":null,""tournamentsPlayedDoubles"":null,""pointsRankingSingles"":null,""pointsRankingDoubles"":null,""pointsRankingTotal"":null}"
800741292,Jensi Dipakbhai Kanabar,Jensi,Dipakbhai Kanabar,F,G,IND,India,,2011,2029,,https://www.itftennis.com/en/players/jensi-dipakbhai-kanabar/800741292/ind/jt/s/,183,486,2026-06-02,2026-06-08,"{""playerId"":800741292,""playerFamilyName"":""Dipakbhai Kanabar"",""playerGivenName"":""Jensi"",""playerNationalityCode"":""IND"",""playerNationality"":""India"",""profileLink"":""/en/players/jensi-dipakbhai-kanabar/800741292/ind/jt/s/"",""gender"":""F"",""hiddenPlayer"":false,""birthYear"":2011,""rankMovement"":0,""rank"":183,""rankEqualFlag"":"""",""tournamentsPlayed"":9,""points"":486,""profileImage"":""/media/1489/itf-uk-profile-placeholder-female.jpg?anchor=center&mode=crop&width=54&height=72&rnd=132174204480000000"",""tournamentsPlayedSingles"":null,""tournamentsPlayedDoubles"":null,""pointsRankingSingles"":null,""pointsRankingDoubles"":null,""pointsRankingTotal"":null}"
800665091,Nadia Affelt,Nadia,Affelt,F,G,POL,Poland,,2008,2026,,https://www.itftennis.com/en/players/nadia-affelt/800665091/pol/jt/s/,184,481.25,2026-06-02,2026-06-08,"{""playerId"":800665091,""playerFamilyName"":""Affelt"",""playerGivenName"":""Nadia"",""playerNationalityCode"":""POL"",""playerNationality"":""Poland"",""profileLink"":""/en/players/nadia-affelt/800665091/pol/jt/s/"",""gender"":""F"",""hiddenPlayer"":false,""birthYear"":2008,""rankMovement"":28,""rank"":184,""rankEqualFlag"":"""",""tournamentsPlayed"":25,""points"":481.25,""profileImage"":""/media/1489/itf-uk-profile-placeholder-female.jpg?anchor=center&mode=crop&width=54&height=72&rnd=132174204480000000"",""tournamentsPlayedSingles"":null,""tournamentsPlayedDoubles"":null,""pointsRankingSingles"":null,""pointsRankingDoubles"":null,""pointsRankingTotal"":null}"
800672692,Leticia Alessia Bazan Bazan,Leticia Alessia,Bazan Bazan,F,G,PER,Peru,,2009,2027,,https://www.itftennis.com/en/players/leticia-alessia-bazan-bazan/800672692/per/jt/s/,185,479,2026-06-02,2026-06-08,"{""playerId"":800672692,""playerFamilyName"":""Bazan Bazan"",""playerGivenName"":""Leticia Alessia"",""playerNationalityCode"":""PER"",""playerNationality"":""Peru"",""profileLink"":""/en/players/leticia-alessia-bazan-bazan/800672692/per/jt/s/"",""gender"":""F"",""hiddenPlayer"":false,""birthYear"":2009,""rankMovement"":-1,""rank"":185,""rankEqualFlag"":"""",""tournamentsPlayed"":28,""points"":479,""profileImage"":""/media/1489/itf-uk-profile-placeholder-female.jpg?anchor=center&mode=crop&width=54&height=72&rnd=132174204480000000"",""tournamentsPlayedSingles"":null,""tournamentsPlayedDoubles"":null,""pointsRankingSingles"":null,""pointsRankingDoubles"":null,""pointsRankingTotal"":null}"
800668189,Ena Ilic,Ena,Ilic,F,G,SRB,Serbia,,2010,2028,,https://www.itftennis.com/en/players/ena-ilic/800668189/srb/jt/s/,186,477.25,2026-06-02,2026-06-08,"{""playerId"":800668189,""playerFamilyName"":""Ilic"",""playerGivenName"":""Ena"",""playerNationalityCode"":""SRB"",""playerNationality"":""Serbia"",""profileLink"":""/en/players/ena-ilic/800668189/srb/jt/s/"",""gender"":""F"",""hiddenPlayer"":false,""birthYear"":2010,""rankMovement"":-1,""rank"":186,""rankEqualFlag"":"""",""tournamentsPlayed"":21,""points"":477.25,""profileImage"":""/media/1489/itf-uk-profile-placeholder-female.jpg?anchor=center&mode=crop&width=54&height=72&rnd=132174204480000000"",""tournamentsPlayedSingles"":null,""tournamentsPlayedDoubles"":null,""pointsRankingSingles"":null,""pointsRankingDoubles"":null,""pointsRankingTotal"":null}"
800676215,Carla Vazquez Alcudia,Carla,Vazquez Alcudia,F,G,ESP,Spain,,2009,2027,,https://www.itftennis.com/en/players/carla-vazquez-alcudia/800676215/esp/jt/s/,187,477,2026-06-02,2026-06-08,"{""playerId"":800676215,""playerFamilyName"":""Vazquez Alcudia"",""playerGivenName"":""Carla"",""playerNationalityCode"":""ESP"",""playerNationality"":""Spain"",""profileLink"":""/en/players/carla-vazquez-alcudia/800676215/esp/jt/s/"",""gender"":""F"",""hiddenPlayer"":false,""birthYear"":2009,""rankMovement"":-1,""rank"":187,""rankEqualFlag"":"""",""tournamentsPlayed"":33,""points"":477,""profileImage"":""/media/1489/itf-uk-profile-placeholder-female.jpg?anchor=center&mode=crop&width=54&height=72&rnd=132174204480000000"",""tournamentsPlayedSingles"":null,""tournamentsPlayedDoubles"":null,""pointsRankingSingles"":null,""pointsRankingDoubles"":null,""pointsRankingTotal"":null}"
800780175,Vasilisa Taranova,Vasilisa,Taranova,F,G,RUS,Russia,,2010,2028,,https://www.itftennis.com/en/players/vasilisa-taranova/800780175/rus/jt/s/,188,472.5,2026-06-02,2026-06-08,"{""playerId"":800780175,""playerFamilyName"":""Taranova"",""playerGivenName"":""Vasilisa"",""playerNationalityCode"":""RUS"",""playerNationality"":""Russia"",""profileLink"":""/en/players/vasilisa-taranova/800780175/rus/jt/s/"",""gender"":""F"",""hiddenPlayer"":false,""birthYear"":2010,""rankMovement"":0,""rank"":188,""rankEqualFlag"":"""",""tournamentsPlayed"":17,""points"":472.5,""profileImage"":""/media/1489/itf-uk-profile-placeholder-female.jpg?anchor=center&mode=crop&width=54&height=72&rnd=132174204480000000"",""tournamentsPlayedSingles"":null,""tournamentsPlayedDoubles"":null,""pointsRankingSingles"":null,""pointsRankingDoubles"":null,""pointsRankingTotal"":null}"
800691563,Kseniia Akhrameeva,Kseniia,Akhrameeva,F,G,RUS,Russia,,2010,2028,,https://www.itftennis.com/en/players/kseniia-akhrameeva/800691563/rus/jt/s/,189,466,2026-06-02,2026-06-08,"{""playerId"":800691563,""playerFamilyName"":""Akhrameeva"",""playerGivenName"":""Kseniia"",""playerNationalityCode"":""RUS"",""playerNationality"":""Russia"",""profileLink"":""/en/players/kseniia-akhrameeva/800691563/rus/jt/s/"",""gender"":""F"",""hiddenPlayer"":false,""birthYear"":2010,""rankMovement"":0,""rank"":189,""rankEqualFlag"":"""",""tournamentsPlayed"":32,""points"":466,""profileImage"":""/media/1489/itf-uk-profile-placeholder-female.jpg?anchor=center&mode=crop&width=54&height=72&rnd=132174204480000000"",""tournamentsPlayedSingles"":null,""tournamentsPlayedDoubles"":null,""pointsRankingSingles"":null,""pointsRankingDoubles"":null,""pointsRankingTotal"":null}"
800655000,ofir manhard,ofir,manhard,F,G,ISR,Israel,,2011,2029,,https://www.itftennis.com/en/players/ofir-manhard/800655000/isr/jt/s/,190,461.5,2026-06-02,2026-06-08,"{""playerId"":800655000,""playerFamilyName"":""manhard"",""playerGivenName"":""ofir"",""playerNationalityCode"":""ISR"",""playerNationality"":""Israel"",""profileLink"":""/en/players/ofir-manhard/800655000/isr/jt/s/"",""gender"":""F"",""hiddenPlayer"":false,""birthYear"":2011,""rankMovement"":2,""rank"":190,""rankEqualFlag"":"""",""tournamentsPlayed"":27,""points"":461.5,""profileImage"":""/media/1489/itf-uk-profile-placeholder-female.jpg?anchor=center&mode=crop&width=54&height=72&rnd=132174204480000000"",""tournamentsPlayedSingles"":null,""tournamentsPlayedDoubles"":null,""pointsRankingSingles"":null,""pointsRankingDoubles"":null,""pointsRankingTotal"":null}"
800642979,Vittoria Vignolini,Vittoria,Vignolini,F,G,ITA,Italy,,2009,2027,,https://www.itftennis.com/en/players/vittoria-vignolini/800642979/ita/jt/s/,191,459.75,2026-06-02,2026-06-08,"{""playerId"":800642979,""playerFamilyName"":""Vignolini"",""playerGivenName"":""Vittoria"",""playerNationalityCode"":""ITA"",""playerNationality"":""Italy"",""profileLink"":""/en/players/vittoria-vignolini/800642979/ita/jt/s/"",""gender"":""F"",""hiddenPlayer"":false,""birthYear"":2009,""rankMovement"":2,""rank"":191,""rankEqualFlag"":"""",""tournamentsPlayed"":20,""points"":459.75,""profileImage"":""/media/1489/itf-uk-profile-placeholder-female.jpg?anchor=center&mode=crop&width=54&height=72&rnd=132174204480000000"",""tournamentsPlayedSingles"":null,""tournamentsPlayedDoubles"":null,""pointsRankingSingles"":null,""pointsRankingDoubles"":null,""pointsRankingTotal"":null}"
800713288,Maria Eduarda Carbone dos Santos,Maria Eduarda,Carbone dos Santos,F,G,BRA,Brazil,,2010,2028,,https://www.itftennis.com/en/players/maria-eduarda-carbone-dos-santos/800713288/bra/jt/s/,192,457.5,2026-06-02,2026-06-08,"{""playerId"":800713288,""playerFamilyName"":""Carbone dos Santos"",""playerGivenName"":""Maria Eduarda"",""playerNationalityCode"":""BRA"",""playerNationality"":""Brazil"",""profileLink"":""/en/players/maria-eduarda-carbone-dos-santos/800713288/bra/jt/s/"",""gender"":""F"",""hiddenPlayer"":false,""birthYear"":2010,""rankMovement"":2,""rank"":192,""rankEqualFlag"":"""",""tournamentsPlayed"":28,""points"":457.5,""profileImage"":""/media/1489/itf-uk-profile-placeholder-female.jpg?anchor=center&mode=crop&width=54&height=72&rnd=132174204480000000"",""tournamentsPlayedSingles"":null,""tournamentsPlayedDoubles"":null,""pointsRankingSingles"":null,""pointsRankingDoubles"":null,""pointsRankingTotal"":null}"
800598081,Sophie Bekker,Sophie,Bekker,F,G,GBR,Great Britain,,2008,2026,,https://www.itftennis.com/en/players/sophie-bekker/800598081/gbr/jt/s/,193,457.25,2026-06-02,2026-06-08,"{""playerId"":800598081,""playerFamilyName"":""Bekker"",""playerGivenName"":""Sophie"",""playerNationalityCode"":""GBR"",""playerNationality"":""Great Britain"",""profileLink"":""/en/players/sophie-bekker/800598081/gbr/jt/s/"",""gender"":""F"",""hiddenPlayer"":false,""birthYear"":2008,""rankMovement"":2,""rank"":193,""rankEqualFlag"":"""",""tournamentsPlayed"":19,""points"":457.25,""profileImage"":""/media/1489/itf-uk-profile-placeholder-female.jpg?anchor=center&mode=crop&width=54&height=72&rnd=132174204480000000"",""tournamentsPlayedSingles"":null,""tournamentsPlayedDoubles"":null,""pointsRankingSingles"":null,""pointsRankingDoubles"":null,""pointsRankingTotal"":null}"
800719372,Annika Penickova,Annika,Penickova,F,G,USA,USA,,2009,2027,,https://www.itftennis.com/en/players/annika-penickova/800719372/usa/jt/s/,194,455.5,2026-06-02,2026-06-08,"{""playerId"":800719372,""playerFamilyName"":""Penickova"",""playerGivenName"":""Annika"",""playerNationalityCode"":""USA"",""playerNationality"":""USA"",""profileLink"":""/en/players/annika-penickova/800719372/usa/jt/s/"",""gender"":""F"",""hiddenPlayer"":false,""birthYear"":2009,""rankMovement"":-37,""rank"":194,""rankEqualFlag"":"""",""tournamentsPlayed"":7,""points"":455.5,""profileImage"":""/remote.axd/media.itftennis.com/assetbank-itf/servlet/display?file=22137aa7e1210848ba34ff08.jpg?crop=0.27300318840244614,0.035243532811729178,0.28017010864536995,0.11891167970677057&cropmode=percentage&width=54&height=72&rnd=133722607820000000"",""tournamentsPlayedSingles"":null,""tournamentsPlayedDoubles"":null,""pointsRankingSingles"":null,""pointsRankingDoubles"":null,""pointsRankingTotal"":null}"
800722126,Elicia Lin,Elicia,Lin,F,G,CAN,Canada,,2009,2027,,https://www.itftennis.com/en/players/elicia-lin/800722126/can/jt/s/,195,455.5,2026-06-02,2026-06-08,"{""playerId"":800722126,""playerFamilyName"":""Lin"",""playerGivenName"":""Elicia"",""playerNationalityCode"":""CAN"",""playerNationality"":""Canada"",""profileLink"":""/en/players/elicia-lin/800722126/can/jt/s/"",""gender"":""F"",""hiddenPlayer"":false,""birthYear"":2009,""rankMovement"":1,""rank"":195,""rankEqualFlag"":"""",""tournamentsPlayed"":32,""points"":455.5,""profileImage"":""/media/1489/itf-uk-profile-placeholder-female.jpg?anchor=center&mode=crop&width=54&height=72&rnd=132174204480000000"",""tournamentsPlayedSingles"":null,""tournamentsPlayedDoubles"":null,""pointsRankingSingles"":null,""pointsRankingDoubles"":null,""pointsRankingTotal"":null}"
800632255,Eva Korysheva,Eva,Korysheva,F,G,KAZ,Kazakhstan,,2009,2027,,https://www.itftennis.com/en/players/eva-korysheva/800632255/kaz/jt/s/,196,455,2026-06-02,2026-06-08,"{""playerId"":800632255,""playerFamilyName"":""Korysheva"",""playerGivenName"":""Eva"",""playerNationalityCode"":""KAZ"",""playerNationality"":""Kazakhstan"",""profileLink"":""/en/players/eva-korysheva/800632255/kaz/jt/s/"",""gender"":""F"",""hiddenPlayer"":false,""birthYear"":2009,""rankMovement"":1,""rank"":196,""rankEqualFlag"":"""",""tournamentsPlayed"":31,""points"":455,""profileImage"":""/media/1489/itf-uk-profile-placeholder-female.jpg?anchor=center&mode=crop&width=54&height=72&rnd=132174204480000000"",""tournamentsPlayedSingles"":null,""tournamentsPlayedDoubles"":null,""pointsRankingSingles"":null,""pointsRankingDoubles"":null,""pointsRankingTotal"":null}"
800718202,Isidora Lisboa,Isidora,Lisboa,F,G,CHI,Chile,,2009,2027,,https://www.itftennis.com/en/players/isidora-lisboa/800718202/chi/jt/s/,197,453.75,2026-06-02,2026-06-08,"{""playerId"":800718202,""playerFamilyName"":""Lisboa"",""playerGivenName"":""Isidora"",""playerNationalityCode"":""CHI"",""playerNationality"":""Chile"",""profileLink"":""/en/players/isidora-lisboa/800718202/chi/jt/s/"",""gender"":""F"",""hiddenPlayer"":false,""birthYear"":2009,""rankMovement"":2,""rank"":197,""rankEqualFlag"":"""",""tournamentsPlayed"":22,""points"":453.75,""profileImage"":""/media/1489/itf-uk-profile-placeholder-female.jpg?anchor=center&mode=crop&width=54&height=72&rnd=132174204480000000"",""tournamentsPlayedSingles"":null,""tournamentsPlayedDoubles"":null,""pointsRankingSingles"":null,""pointsRankingDoubles"":null,""pointsRankingTotal"":null}"
800667997,Anastasiia Nikolaieva,Anastasiia,Nikolaieva,F,G,UKR,Ukraine,,2010,2028,,https://www.itftennis.com/en/players/anastasiia-nikolaieva/800667997/ukr/jt/s/,198,450.5,2026-06-02,2026-06-08,"{""playerId"":800667997,""playerFamilyName"":""Nikolaieva"",""playerGivenName"":""Anastasiia"",""playerNationalityCode"":""UKR"",""playerNationality"":""Ukraine"",""profileLink"":""/en/players/anastasiia-nikolaieva/800667997/ukr/jt/s/"",""gender"":""F"",""hiddenPlayer"":false,""birthYear"":2010,""rankMovement"":2,""rank"":198,""rankEqualFlag"":"""",""tournamentsPlayed"":30,""points"":450.5,""profileImage"":""/media/1489/itf-uk-profile-placeholder-female.jpg?anchor=center&mode=crop&width=54&height=72&rnd=132174204480000000"",""tournamentsPlayedSingles"":null,""tournamentsPlayedDoubles"":null,""pointsRankingSingles"":null,""pointsRankingDoubles"":null,""pointsRankingTotal"":null}"
800725240,Roxy Bredenkamp,Roxy,Bredenkamp,F,G,RSA,South Africa,,2009,2027,,https://www.itftennis.com/en/players/roxy-bredenkamp/800725240/rsa/jt/s/,199,449.5,2026-06-02,2026-06-08,"{""playerId"":800725240,""playerFamilyName"":""Bredenkamp"",""playerGivenName"":""Roxy"",""playerNationalityCode"":""RSA"",""playerNationality"":""South Africa"",""profileLink"":""/en/players/roxy-bredenkamp/800725240/rsa/jt/s/"",""gender"":""F"",""hiddenPlayer"":false,""birthYear"":2009,""rankMovement"":11,""rank"":199,""rankEqualFlag"":"""",""tournamentsPlayed"":32,""points"":449.5,""profileImage"":""/media/1489/itf-uk-profile-placeholder-female.jpg?anchor=center&mode=crop&width=54&height=72&rnd=132174204480000000"",""tournamentsPlayedSingles"":null,""tournamentsPlayedDoubles"":null,""pointsRankingSingles"":null,""pointsRankingDoubles"":null,""pointsRankingTotal"":null}"
800604494,Yleymi Lugiana Muelle Valdez,Yleymi Lugiana,Muelle Valdez,F,G,PER,Peru,,2008,2026,,https://www.itftennis.com/en/players/yleymi-lugiana-muelle-valdez/800604494/per/jt/s/,200,449,2026-06-02,2026-06-08,"{""playerId"":800604494,""playerFamilyName"":""Muelle Valdez"",""playerGivenName"":""Yleymi Lugiana"",""playerNationalityCode"":""PER"",""playerNationality"":""Peru"",""profileLink"":""/en/players/yleymi-lugiana-muelle-valdez/800604494/per/jt/s/"",""gender"":""F"",""hiddenPlayer"":false,""birthYear"":2008,""rankMovement"":1,""rank"":200,""rankEqualFlag"":"""",""tournamentsPlayed"":13,""points"":449,""profileImage"":""/media/1489/itf-uk-profile-placeholder-female.jpg?anchor=center&mode=crop&width=54&height=72&rnd=132174204480000000"",""tournamentsPlayedSingles"":null,""tournamentsPlayedDoubles"":null,""pointsRankingSingles"":null,""pointsRankingDoubles"":null,""pointsRankingTotal"":null}"
800639234,Valeria Garnevska,Valeria,Garnevska,F,G,BUL,Bulgaria,,2008,2026,,https://www.itftennis.com/en/players/valeria-garnevska/800639234/bul/jt/s/,201,449,2026-06-02,2026-06-08,"{""playerId"":800639234,""playerFamilyName"":""Garnevska"",""playerGivenName"":""Valeria"",""playerNationalityCode"":""BUL"",""playerNationality"":""Bulgaria"",""profileLink"":""/en/players/valeria-garnevska/800639234/bul/jt/s/"",""gender"":""F"",""hiddenPlayer"":false,""birthYear"":2008,""rankMovement"":1,""rank"":201,""rankEqualFlag"":"""",""tournamentsPlayed"":19,""points"":449,""profileImage"":""/media/1489/itf-uk-profile-placeholder-female.jpg?anchor=center&mode=crop&width=54&height=72&rnd=132174204480000000"",""tournamentsPlayedSingles"":null,""tournamentsPlayedDoubles"":null,""pointsRankingSingles"":null,""pointsRankingDoubles"":null,""pointsRankingTotal"":null}"
800734391,Daria Bilyk,Daria,Bilyk,F,G,UKR,Ukraine,,2010,2028,,https://www.itftennis.com/en/players/daria-bilyk/800734391/ukr/jt/s/,202,441.5,2026-06-02,2026-06-08,"{""playerId"":800734391,""playerFamilyName"":""Bilyk"",""playerGivenName"":""Daria"",""playerNationalityCode"":""UKR"",""playerNationality"":""Ukraine"",""profileLink"":""/en/players/daria-bilyk/800734391/ukr/jt/s/"",""gender"":""F"",""hiddenPlayer"":false,""birthYear"":2010,""rankMovement"":1,""rank"":202,""rankEqualFlag"":"""",""tournamentsPlayed"":32,""points"":441.5,""profileImage"":""/media/1489/itf-uk-profile-placeholder-female.jpg?anchor=center&mode=crop&width=54&height=72&rnd=132174204480000000"",""tournamentsPlayedSingles"":null,""tournamentsPlayedDoubles"":null,""pointsRankingSingles"":null,""pointsRankingDoubles"":null,""pointsRankingTotal"":null}"
800732065,Laura Masarykova,Laura,Masarykova,F,G,SVK,Slovakia,,2011,2029,,https://www.itftennis.com/en/players/laura-masarykova/800732065/svk/jt/s/,203,440,2026-06-02,2026-06-08,"{""playerId"":800732065,""playerFamilyName"":""Masarykova"",""playerGivenName"":""Laura"",""playerNationalityCode"":""SVK"",""playerNationality"":""Slovakia"",""profileLink"":""/en/players/laura-masarykova/800732065/svk/jt/s/"",""gender"":""F"",""hiddenPlayer"":false,""birthYear"":2011,""rankMovement"":1,""rank"":203,""rankEqualFlag"":"""",""tournamentsPlayed"":23,""points"":440,""profileImage"":""/media/1489/itf-uk-profile-placeholder-female.jpg?anchor=center&mode=crop&width=54&height=72&rnd=132174204480000000"",""tournamentsPlayedSingles"":null,""tournamentsPlayedDoubles"":null,""pointsRankingSingles"":null,""pointsRankingDoubles"":null,""pointsRankingTotal"":null}"
800652535,Vanessa Svobodova,Vanessa,Svobodova,F,G,CZE,Czechia,,2009,2027,,https://www.itftennis.com/en/players/vanessa-svobodova/800652535/cze/jt/s/,204,437,2026-06-02,2026-06-08,"{""playerId"":800652535,""playerFamilyName"":""Svobodova"",""playerGivenName"":""Vanessa"",""playerNationalityCode"":""CZE"",""playerNationality"":""Czechia"",""profileLink"":""/en/players/vanessa-svobodova/800652535/cze/jt/s/"",""gender"":""F"",""hiddenPlayer"":false,""birthYear"":2009,""rankMovement"":2,""rank"":204,""rankEqualFlag"":"""",""tournamentsPlayed"":39,""points"":437,""profileImage"":""/media/1489/itf-uk-profile-placeholder-female.jpg?anchor=center&mode=crop&width=54&height=72&rnd=132174204480000000"",""tournamentsPlayedSingles"":null,""tournamentsPlayedDoubles"":null,""pointsRankingSingles"":null,""pointsRankingDoubles"":null,""pointsRankingTotal"":null}"
800771032,Minami Suzuki,Minami,Suzuki,F,G,JPN,Japan,,2010,2028,,https://www.itftennis.com/en/players/minami-suzuki/800771032/jpn/jt/s/,205,436.75,2026-06-02,2026-06-08,"{""playerId"":800771032,""playerFamilyName"":""Suzuki"",""playerGivenName"":""Minami"",""playerNationalityCode"":""JPN"",""playerNationality"":""Japan"",""profileLink"":""/en/players/minami-suzuki/800771032/jpn/jt/s/"",""gender"":""F"",""hiddenPlayer"":false,""birthYear"":2010,""rankMovement"":-18,""rank"":205,""rankEqualFlag"":"""",""tournamentsPlayed"":13,""points"":436.75,""profileImage"":""/media/1489/itf-uk-profile-placeholder-female.jpg?anchor=center&mode=crop&width=54&height=72&rnd=132174204480000000"",""tournamentsPlayedSingles"":null,""tournamentsPlayedDoubles"":null,""pointsRankingSingles"":null,""pointsRankingDoubles"":null,""pointsRankingTotal"":null}"
800664865,Edie Griffiths,Edie,Griffiths,F,G,GBR,Great Britain,,2009,2027,,https://www.itftennis.com/en/players/edie-griffiths/800664865/gbr/jt/s/,206,436,2026-06-02,2026-06-08,"{""playerId"":800664865,""playerFamilyName"":""Griffiths"",""playerGivenName"":""Edie"",""playerNationalityCode"":""GBR"",""playerNationality"":""Great Britain"",""profileLink"":""/en/players/edie-griffiths/800664865/gbr/jt/s/"",""gender"":""F"",""hiddenPlayer"":false,""birthYear"":2009,""rankMovement"":1,""rank"":206,""rankEqualFlag"":"""",""tournamentsPlayed"":32,""points"":436,""profileImage"":""/media/1489/itf-uk-profile-placeholder-female.jpg?anchor=center&mode=crop&width=54&height=72&rnd=132174204480000000"",""tournamentsPlayedSingles"":null,""tournamentsPlayedDoubles"":null,""pointsRankingSingles"":null,""pointsRankingDoubles"":null,""pointsRankingTotal"":null}"
800662933,LYDIA PANAGIOTIDOU,LYDIA,PANAGIOTIDOU,F,G,GRE,Greece,,2010,2028,,https://www.itftennis.com/en/players/lydia-panagiotidou/800662933/gre/jt/s/,207,427.5,2026-06-02,2026-06-08,"{""playerId"":800662933,""playerFamilyName"":""PANAGIOTIDOU"",""playerGivenName"":""LYDIA"",""playerNationalityCode"":""GRE"",""playerNationality"":""Greece"",""profileLink"":""/en/players/lydia-panagiotidou/800662933/gre/jt/s/"",""gender"":""F"",""hiddenPlayer"":false,""birthYear"":2010,""rankMovement"":1,""rank"":207,""rankEqualFlag"":"""",""tournamentsPlayed"":31,""points"":427.5,""profileImage"":""/media/1489/itf-uk-profile-placeholder-female.jpg?anchor=center&mode=crop&width=54&height=72&rnd=132174204480000000"",""tournamentsPlayedSingles"":null,""tournamentsPlayedDoubles"":null,""pointsRankingSingles"":null,""pointsRankingDoubles"":null,""pointsRankingTotal"":null}"
800652919,Ana Avramovic,Ana,Avramovic,F,G,USA,USA,,2009,2027,,https://www.itftennis.com/en/players/ana-avramovic/800652919/usa/jt/s/,208,426.25,2026-06-02,2026-06-08,"{""playerId"":800652919,""playerFamilyName"":""Avramovic"",""playerGivenName"":""Ana"",""playerNationalityCode"":""USA"",""playerNationality"":""USA"",""profileLink"":""/en/players/ana-avramovic/800652919/usa/jt/s/"",""gender"":""F"",""hiddenPlayer"":false,""birthYear"":2009,""rankMovement"":1,""rank"":208,""rankEqualFlag"":"""",""tournamentsPlayed"":42,""points"":426.25,""profileImage"":""/media/1489/itf-uk-profile-placeholder-female.jpg?anchor=center&mode=crop&width=54&height=72&rnd=132174204480000000"",""tournamentsPlayedSingles"":null,""tournamentsPlayedDoubles"":null,""pointsRankingSingles"":null,""pointsRankingDoubles"":null,""pointsRankingTotal"":null}"
800630879,Polina Nikitina,Polina,Nikitina,F,G,RUS,Russia,,2009,2027,,https://www.itftennis.com/en/players/polina-nikitina/800630879/rus/jt/s/,209,425,2026-06-02,2026-06-08,"{""playerId"":800630879,""playerFamilyName"":""Nikitina"",""playerGivenName"":""Polina"",""playerNationalityCode"":""RUS"",""playerNationality"":""Russia"",""profileLink"":""/en/players/polina-nikitina/800630879/rus/jt/s/"",""gender"":""F"",""hiddenPlayer"":false,""birthYear"":2009,""rankMovement"":2,""rank"":209,""rankEqualFlag"":"""",""tournamentsPlayed"":21,""points"":425,""profileImage"":""/media/1489/itf-uk-profile-placeholder-female.jpg?anchor=center&mode=crop&width=54&height=72&rnd=132174204480000000"",""tournamentsPlayedSingles"":null,""tournamentsPlayedDoubles"":null,""pointsRankingSingles"":null,""pointsRankingDoubles"":null,""pointsRankingTotal"":null}"
800702424,Natsuki Irokawa,Natsuki,Irokawa,F,G,JPN,Japan,,2010,2028,,https://www.itftennis.com/en/players/natsuki-irokawa/800702424/jpn/jt/s/,210,420.5,2026-06-02,2026-06-08,"{""playerId"":800702424,""playerFamilyName"":""Irokawa"",""playerGivenName"":""Natsuki"",""playerNationalityCode"":""JPN"",""playerNationality"":""Japan"",""profileLink"":""/en/players/natsuki-irokawa/800702424/jpn/jt/s/"",""gender"":""F"",""hiddenPlayer"":false,""birthYear"":2010,""rankMovement"":-19,""rank"":210,""rankEqualFlag"":"""",""tournamentsPlayed"":16,""points"":420.5,""profileImage"":""/media/1489/itf-uk-profile-placeholder-female.jpg?anchor=center&mode=crop&width=54&height=72&rnd=132174204480000000"",""tournamentsPlayedSingles"":null,""tournamentsPlayedDoubles"":null,""pointsRankingSingles"":null,""pointsRankingDoubles"":null,""pointsRankingTotal"":null}"
800712943,Peien Deng,Peien,Deng,F,G,CHN,"China, P.R.",,2008,2026,,https://www.itftennis.com/en/players/peien-deng/800712943/chn/jt/s/,211,419.5,2026-06-02,2026-06-08,"{""playerId"":800712943,""playerFamilyName"":""Deng"",""playerGivenName"":""Peien"",""playerNationalityCode"":""CHN"",""playerNationality"":""China, P.R."",""profileLink"":""/en/players/peien-deng/800712943/chn/jt/s/"",""gender"":""F"",""hiddenPlayer"":false,""birthYear"":2008,""rankMovement"":3,""rank"":211,""rankEqualFlag"":"""",""tournamentsPlayed"":20,""points"":419.5,""profileImage"":""/media/1489/itf-uk-profile-placeholder-female.jpg?anchor=center&mode=crop&width=54&height=72&rnd=132174204480000000"",""tournamentsPlayedSingles"":null,""tournamentsPlayedDoubles"":null,""pointsRankingSingles"":null,""pointsRankingDoubles"":null,""pointsRankingTotal"":null}"
800688060,Romina Dominguez Garcia,Romina,Dominguez Garcia,F,G,MEX,Mexico,,2009,2027,,https://www.itftennis.com/en/players/romina-dominguez-garcia/800688060/mex/jt/s/,212,418.5,2026-06-02,2026-06-08,"{""playerId"":800688060,""playerFamilyName"":""Dominguez Garcia"",""playerGivenName"":""Romina"",""playerNationalityCode"":""MEX"",""playerNationality"":""Mexico"",""profileLink"":""/en/players/romina-dominguez-garcia/800688060/mex/jt/s/"",""gender"":""F"",""hiddenPlayer"":false,""birthYear"":2009,""rankMovement"":3,""rank"":212,""rankEqualFlag"":"""",""tournamentsPlayed"":35,""points"":418.5,""profileImage"":""/media/1489/itf-uk-profile-placeholder-female.jpg?anchor=center&mode=crop&width=54&height=72&rnd=132174204480000000"",""tournamentsPlayedSingles"":null,""tournamentsPlayedDoubles"":null,""pointsRankingSingles"":null,""pointsRankingDoubles"":null,""pointsRankingTotal"":null}"
800594116,Fabiola Marino,Fabiola,Marino,F,G,ITA,Italy,,2008,2026,,https://www.itftennis.com/en/players/fabiola-marino/800594116/ita/jt/s/,213,417.5,2026-06-02,2026-06-08,"{""playerId"":800594116,""playerFamilyName"":""Marino"",""playerGivenName"":""Fabiola"",""playerNationalityCode"":""ITA"",""playerNationality"":""Italy"",""profileLink"":""/en/players/fabiola-marino/800594116/ita/jt/s/"",""gender"":""F"",""hiddenPlayer"":false,""birthYear"":2008,""rankMovement"":3,""rank"":213,""rankEqualFlag"":"""",""tournamentsPlayed"":21,""points"":417.5,""profileImage"":""/media/1489/itf-uk-profile-placeholder-female.jpg?anchor=center&mode=crop&width=54&height=72&rnd=132174204480000000"",""tournamentsPlayedSingles"":null,""tournamentsPlayedDoubles"":null,""pointsRankingSingles"":null,""pointsRankingDoubles"":null,""pointsRankingTotal"":null}"
800672178,Eliska Drevojanova,Eliska,Drevojanova,F,G,CZE,Czechia,,2009,2027,,https://www.itftennis.com/en/players/eliska-drevojanova/800672178/cze/jt/s/,214,413.5,2026-06-02,2026-06-08,"{""playerId"":800672178,""playerFamilyName"":""Drevojanova"",""playerGivenName"":""Eliska"",""playerNationalityCode"":""CZE"",""playerNationality"":""Czechia"",""profileLink"":""/en/players/eliska-drevojanova/800672178/cze/jt/s/"",""gender"":""F"",""hiddenPlayer"":false,""birthYear"":2009,""rankMovement"":4,""rank"":214,""rankEqualFlag"":"""",""tournamentsPlayed"":33,""points"":413.5,""profileImage"":""/media/1489/itf-uk-profile-placeholder-female.jpg?anchor=center&mode=crop&width=54&height=72&rnd=132174204480000000"",""tournamentsPlayedSingles"":null,""tournamentsPlayedDoubles"":null,""pointsRankingSingles"":null,""pointsRankingDoubles"":null,""pointsRankingTotal"":null}"
800671706,Gloria Reusch,Gloria,Reusch,F,G,GER,Germany,,2009,2027,,https://www.itftennis.com/en/players/gloria-reusch/800671706/ger/jt/s/,215,411.75,2026-06-02,2026-06-08,"{""playerId"":800671706,""playerFamilyName"":""Reusch"",""playerGivenName"":""Gloria"",""playerNationalityCode"":""GER"",""playerNationality"":""Germany"",""profileLink"":""/en/players/gloria-reusch/800671706/ger/jt/s/"",""gender"":""F"",""hiddenPlayer"":false,""birthYear"":2009,""rankMovement"":4,""rank"":215,""rankEqualFlag"":"""",""tournamentsPlayed"":33,""points"":411.75,""profileImage"":""/media/1489/itf-uk-profile-placeholder-female.jpg?anchor=center&mode=crop&width=54&height=72&rnd=132174204480000000"",""tournamentsPlayedSingles"":null,""tournamentsPlayedDoubles"":null,""pointsRankingSingles"":null,""pointsRankingDoubles"":null,""pointsRankingTotal"":null}"
800637116,Angelica Sara,Angelica,Sara,F,G,ITA,Italy,,2009,2027,,https://www.itftennis.com/en/players/angelica-sara/800637116/ita/jt/s/,216,411.5,2026-06-02,2026-06-08,"{""playerId"":800637116,""playerFamilyName"":""Sara"",""playerGivenName"":""Angelica"",""playerNationalityCode"":""ITA"",""playerNationality"":""Italy"",""profileLink"":""/en/players/angelica-sara/800637116/ita/jt/s/"",""gender"":""F"",""hiddenPlayer"":false,""birthYear"":2009,""rankMovement"":4,""rank"":216,""rankEqualFlag"":"""",""tournamentsPlayed"":22,""points"":411.5,""profileImage"":""/media/1489/itf-uk-profile-placeholder-female.jpg?anchor=center&mode=crop&width=54&height=72&rnd=132174204480000000"",""tournamentsPlayedSingles"":null,""tournamentsPlayedDoubles"":null,""pointsRankingSingles"":null,""pointsRankingDoubles"":null,""pointsRankingTotal"":null}"
800543426,Albina Kakenova,Albina,Kakenova,F,G,KAZ,Kazakhstan,,2008,2026,,https://www.itftennis.com/en/players/albina-kakenova/800543426/kaz/jt/s/,217,409.5,2026-06-02,2026-06-08,"{""playerId"":800543426,""playerFamilyName"":""Kakenova"",""playerGivenName"":""Albina"",""playerNationalityCode"":""KAZ"",""playerNationality"":""Kazakhstan"",""profileLink"":""/en/players/albina-kakenova/800543426/kaz/jt/s/"",""gender"":""F"",""hiddenPlayer"":false,""birthYear"":2008,""rankMovement"":4,""rank"":217,""rankEqualFlag"":"""",""tournamentsPlayed"":36,""points"":409.5,""profileImage"":""/media/1489/itf-uk-profile-placeholder-female.jpg?anchor=center&mode=crop&width=54&height=72&rnd=132174204480000000"",""tournamentsPlayedSingles"":null,""tournamentsPlayedDoubles"":null,""pointsRankingSingles"":null,""pointsRankingDoubles"":null,""pointsRankingTotal"":null}"
800683370,Varvara Vinogradova,Varvara,Vinogradova,F,G,RUS,Russia,,2010,2028,,https://www.itftennis.com/en/players/varvara-vinogradova/800683370/rus/jt/s/,218,409.25,2026-06-02,2026-06-08,"{""playerId"":800683370,""playerFamilyName"":""Vinogradova"",""playerGivenName"":""Varvara"",""playerNationalityCode"":""RUS"",""playerNationality"":""Russia"",""profileLink"":""/en/players/varvara-vinogradova/800683370/rus/jt/s/"",""gender"":""F"",""hiddenPlayer"":false,""birthYear"":2010,""rankMovement"":4,""rank"":218,""rankEqualFlag"":"""",""tournamentsPlayed"":22,""points"":409.25,""profileImage"":""/media/1489/itf-uk-profile-placeholder-female.jpg?anchor=center&mode=crop&width=54&height=72&rnd=132174204480000000"",""tournamentsPlayedSingles"":null,""tournamentsPlayedDoubles"":null,""pointsRankingSingles"":null,""pointsRankingDoubles"":null,""pointsRankingTotal"":null}"
800718567,Filipa Delgado,Filipa,Delgado,F,G,USA,USA,,2009,2027,,https://www.itftennis.com/en/players/filipa-delgado/800718567/usa/jt/s/,219,406,2026-06-02,2026-06-08,"{""playerId"":800718567,""playerFamilyName"":""Delgado"",""playerGivenName"":""Filipa"",""playerNationalityCode"":""USA"",""playerNationality"":""USA"",""profileLink"":""/en/players/filipa-delgado/800718567/usa/jt/s/"",""gender"":""F"",""hiddenPlayer"":false,""birthYear"":2009,""rankMovement"":4,""rank"":219,""rankEqualFlag"":"""",""tournamentsPlayed"":42,""points"":406,""profileImage"":""/media/1489/itf-uk-profile-placeholder-female.jpg?anchor=center&mode=crop&width=54&height=72&rnd=132174204480000000"",""tournamentsPlayedSingles"":null,""tournamentsPlayedDoubles"":null,""pointsRankingSingles"":null,""pointsRankingDoubles"":null,""pointsRankingTotal"":null}"
800689372,Rahaf Mostafa,Rahaf,Mostafa,F,G,EGY,Egypt,,2008,2026,,https://www.itftennis.com/en/players/rahaf-mostafa/800689372/egy/jt/s/,220,404.75,2026-06-02,2026-06-08,"{""playerId"":800689372,""playerFamilyName"":""Mostafa"",""playerGivenName"":""Rahaf"",""playerNationalityCode"":""EGY"",""playerNationality"":""Egypt"",""profileLink"":""/en/players/rahaf-mostafa/800689372/egy/jt/s/"",""gender"":""F"",""hiddenPlayer"":false,""birthYear"":2008,""rankMovement"":4,""rank"":220,""rankEqualFlag"":"""",""tournamentsPlayed"":24,""points"":404.75,""profileImage"":""/media/1489/itf-uk-profile-placeholder-female.jpg?anchor=center&mode=crop&width=54&height=72&rnd=132174204480000000"",""tournamentsPlayedSingles"":null,""tournamentsPlayedDoubles"":null,""pointsRankingSingles"":null,""pointsRankingDoubles"":null,""pointsRankingTotal"":null}"
800675131,Tatyana Golovina,Tatyana,Golovina,F,G,RUS,Russia,,2010,2028,,https://www.itftennis.com/en/players/tatyana-golovina/800675131/rus/jt/s/,221,404.5,2026-06-02,2026-06-08,"{""playerId"":800675131,""playerFamilyName"":""Golovina"",""playerGivenName"":""Tatyana"",""playerNationalityCode"":""RUS"",""playerNationality"":""Russia"",""profileLink"":""/en/players/tatyana-golovina/800675131/rus/jt/s/"",""gender"":""F"",""hiddenPlayer"":false,""birthYear"":2010,""rankMovement"":4,""rank"":221,""rankEqualFlag"":"""",""tournamentsPlayed"":18,""points"":404.5,""profileImage"":""/media/1489/itf-uk-profile-placeholder-female.jpg?anchor=center&mode=crop&width=54&height=72&rnd=132174204480000000"",""tournamentsPlayedSingles"":null,""tournamentsPlayedDoubles"":null,""pointsRankingSingles"":null,""pointsRankingDoubles"":null,""pointsRankingTotal"":null}"
800685082,Daniel Baranes,Daniel,Baranes,F,G,FRA,France,,2011,2029,,https://www.itftennis.com/en/players/daniel-baranes/800685082/fra/jt/s/,222,401.5,2026-06-02,2026-06-08,"{""playerId"":800685082,""playerFamilyName"":""Baranes"",""playerGivenName"":""Daniel"",""playerNationalityCode"":""FRA"",""playerNationality"":""France"",""profileLink"":""/en/players/daniel-baranes/800685082/fra/jt/s/"",""gender"":""F"",""hiddenPlayer"":false,""birthYear"":2011,""rankMovement"":4,""rank"":222,""rankEqualFlag"":"""",""tournamentsPlayed"":27,""points"":401.5,""profileImage"":""/media/1489/itf-uk-profile-placeholder-female.jpg?anchor=center&mode=crop&width=54&height=72&rnd=132174204480000000"",""tournamentsPlayedSingles"":null,""tournamentsPlayedDoubles"":null,""pointsRankingSingles"":null,""pointsRankingDoubles"":null,""pointsRankingTotal"":null}"
800564568,Lilli Tagger,Lilli,Tagger,F,G,AUT,Austria,,2008,2026,,https://www.itftennis.com/en/players/lilli-tagger/800564568/aut/jt/s/,223,400,2026-06-02,2026-06-08,"{""playerId"":800564568,""playerFamilyName"":""Tagger"",""playerGivenName"":""Lilli"",""playerNationalityCode"":""AUT"",""playerNationality"":""Austria"",""profileLink"":""/en/players/lilli-tagger/800564568/aut/jt/s/"",""gender"":""F"",""hiddenPlayer"":false,""birthYear"":2008,""rankMovement"":-206,""rank"":223,""rankEqualFlag"":"""",""tournamentsPlayed"":3,""points"":400,""profileImage"":""/remote.axd/media.itftennis.com/assetbank-itf/servlet/display?file=22137aa7e12108768437fd3e.jpg?crop=0.3140175735911942,0.090985187611457116,0.33992224326748977,0.25392146158605167&cropmode=percentage&width=54&height=72&rnd=133722608360000000"",""tournamentsPlayedSingles"":null,""tournamentsPlayedDoubles"":null,""pointsRankingSingles"":null,""pointsRankingDoubles"":null,""pointsRankingTotal"":null}"
800771024,Caroline Shao,Caroline,Shao,F,G,USA,USA,,2011,2029,,https://www.itftennis.com/en/players/caroline-shao/800771024/usa/jt/s/,224,398.5,2026-06-02,2026-06-08,"{""playerId"":800771024,""playerFamilyName"":""Shao"",""playerGivenName"":""Caroline"",""playerNationalityCode"":""USA"",""playerNationality"":""USA"",""profileLink"":""/en/players/caroline-shao/800771024/usa/jt/s/"",""gender"":""F"",""hiddenPlayer"":false,""birthYear"":2011,""rankMovement"":4,""rank"":224,""rankEqualFlag"":"""",""tournamentsPlayed"":21,""points"":398.5,""profileImage"":""/media/1489/itf-uk-profile-placeholder-female.jpg?anchor=center&mode=crop&width=54&height=72&rnd=132174204480000000"",""tournamentsPlayedSingles"":null,""tournamentsPlayedDoubles"":null,""pointsRankingSingles"":null,""pointsRankingDoubles"":null,""pointsRankingTotal"":null}"
800668351,Megan Knight,Megan,Knight,F,G,GBR,Great Britain,,2011,2029,,https://www.itftennis.com/en/players/megan-knight/800668351/gbr/jt/s/,225,398.5,2026-06-02,2026-06-08,"{""playerId"":800668351,""playerFamilyName"":""Knight"",""playerGivenName"":""Megan"",""playerNationalityCode"":""GBR"",""playerNationality"":""Great Britain"",""profileLink"":""/en/players/megan-knight/800668351/gbr/jt/s/"",""gender"":""F"",""hiddenPlayer"":false,""birthYear"":2011,""rankMovement"":4,""rank"":225,""rankEqualFlag"":"""",""tournamentsPlayed"":25,""points"":398.5,""profileImage"":""/media/1489/itf-uk-profile-placeholder-female.jpg?anchor=center&mode=crop&width=54&height=72&rnd=132174204480000000"",""tournamentsPlayedSingles"":null,""tournamentsPlayedDoubles"":null,""pointsRankingSingles"":null,""pointsRankingDoubles"":null,""pointsRankingTotal"":null}"
800802849,Kathryn Cragg,Kathryn,Cragg,F,G,USA,USA,,2011,2029,,https://www.itftennis.com/en/players/kathryn-cragg/800802849/usa/jt/s/,226,398,2026-06-02,2026-06-08,"{""playerId"":800802849,""playerFamilyName"":""Cragg"",""playerGivenName"":""Kathryn"",""playerNationalityCode"":""USA"",""playerNationality"":""USA"",""profileLink"":""/en/players/kathryn-cragg/800802849/usa/jt/s/"",""gender"":""F"",""hiddenPlayer"":false,""birthYear"":2011,""rankMovement"":4,""rank"":226,""rankEqualFlag"":"""",""tournamentsPlayed"":17,""points"":398,""profileImage"":""/media/1489/itf-uk-profile-placeholder-female.jpg?anchor=center&mode=crop&width=54&height=72&rnd=132174204480000000"",""tournamentsPlayedSingles"":null,""tournamentsPlayedDoubles"":null,""pointsRankingSingles"":null,""pointsRankingDoubles"":null,""pointsRankingTotal"":null}"
800708405,Miyu Nishiwaki,Miyu,Nishiwaki,F,G,JPN,Japan,,2010,2028,,https://www.itftennis.com/en/players/miyu-nishiwaki/800708405/jpn/jt/s/,227,396.25,2026-06-02,2026-06-08,"{""playerId"":800708405,""playerFamilyName"":""Nishiwaki"",""playerGivenName"":""Miyu"",""playerNationalityCode"":""JPN"",""playerNationality"":""Japan"",""profileLink"":""/en/players/miyu-nishiwaki/800708405/jpn/jt/s/"",""gender"":""F"",""hiddenPlayer"":false,""birthYear"":2010,""rankMovement"":29,""rank"":227,""rankEqualFlag"":"""",""tournamentsPlayed"":28,""points"":396.25,""profileImage"":""/media/1489/itf-uk-profile-placeholder-female.jpg?anchor=center&mode=crop&width=54&height=72&rnd=132174204480000000"",""tournamentsPlayedSingles"":null,""tournamentsPlayedDoubles"":null,""pointsRankingSingles"":null,""pointsRankingDoubles"":null,""pointsRankingTotal"":null}"
800646526,Sara Oliveriusova,Sara,Oliveriusova,F,G,CZE,Czechia,,2009,2027,,https://www.itftennis.com/en/players/sara-oliveriusova/800646526/cze/jt/s/,228,395.75,2026-06-02,2026-06-08,"{""playerId"":800646526,""playerFamilyName"":""Oliveriusova"",""playerGivenName"":""Sara"",""playerNationalityCode"":""CZE"",""playerNationality"":""Czechia"",""profileLink"":""/en/players/sara-oliveriusova/800646526/cze/jt/s/"",""gender"":""F"",""hiddenPlayer"":false,""birthYear"":2009,""rankMovement"":-11,""rank"":228,""rankEqualFlag"":"""",""tournamentsPlayed"":37,""points"":395.75,""profileImage"":""/media/1489/itf-uk-profile-placeholder-female.jpg?anchor=center&mode=crop&width=54&height=72&rnd=132174204480000000"",""tournamentsPlayedSingles"":null,""tournamentsPlayedDoubles"":null,""pointsRankingSingles"":null,""pointsRankingDoubles"":null,""pointsRankingTotal"":null}"
800650824,Anastasiia Sorska,Anastasiia,Sorska,F,G,UKR,Ukraine,,2008,2026,,https://www.itftennis.com/en/players/anastasiia-sorska/800650824/ukr/jt/s/,229,394.5,2026-06-02,2026-06-08,"{""playerId"":800650824,""playerFamilyName"":""Sorska"",""playerGivenName"":""Anastasiia"",""playerNationalityCode"":""UKR"",""playerNationality"":""Ukraine"",""profileLink"":""/en/players/anastasiia-sorska/800650824/ukr/jt/s/"",""gender"":""F"",""hiddenPlayer"":false,""birthYear"":2008,""rankMovement"":2,""rank"":229,""rankEqualFlag"":"""",""tournamentsPlayed"":22,""points"":394.5,""profileImage"":""/media/1489/itf-uk-profile-placeholder-female.jpg?anchor=center&mode=crop&width=54&height=72&rnd=132174204480000000"",""tournamentsPlayedSingles"":null,""tournamentsPlayedDoubles"":null,""pointsRankingSingles"":null,""pointsRankingDoubles"":null,""pointsRankingTotal"":null}"
800765119,Clara Coura,Clara,Coura,F,G,BRA,Brazil,,2011,2029,,https://www.itftennis.com/en/players/clara-coura/800765119/bra/jt/s/,230,394.5,2026-06-02,2026-06-08,"{""playerId"":800765119,""playerFamilyName"":""Coura"",""playerGivenName"":""Clara"",""playerNationalityCode"":""BRA"",""playerNationality"":""Brazil"",""profileLink"":""/en/players/clara-coura/800765119/bra/jt/s/"",""gender"":""F"",""hiddenPlayer"":false,""birthYear"":2011,""rankMovement"":2,""rank"":230,""rankEqualFlag"":"""",""tournamentsPlayed"":28,""points"":394.5,""profileImage"":""/media/1489/itf-uk-profile-placeholder-female.jpg?anchor=center&mode=crop&width=54&height=72&rnd=132174204480000000"",""tournamentsPlayedSingles"":null,""tournamentsPlayedDoubles"":null,""pointsRankingSingles"":null,""pointsRankingDoubles"":null,""pointsRankingTotal"":null}"
800640605,Azuna Ichioka,Azuna,Ichioka,F,G,JPN,Japan,,2008,2026,,https://www.itftennis.com/en/players/azuna-ichioka/800640605/jpn/jt/s/,231,394,2026-06-02,2026-06-08,"{""playerId"":800640605,""playerFamilyName"":""Ichioka"",""playerGivenName"":""Azuna"",""playerNationalityCode"":""JPN"",""playerNationality"":""Japan"",""profileLink"":""/en/players/azuna-ichioka/800640605/jpn/jt/s/"",""gender"":""F"",""hiddenPlayer"":false,""birthYear"":2008,""rankMovement"":2,""rank"":231,""rankEqualFlag"":"""",""tournamentsPlayed"":16,""points"":394,""profileImage"":""/media/1489/itf-uk-profile-placeholder-female.jpg?anchor=center&mode=crop&width=54&height=72&rnd=132174204480000000"",""tournamentsPlayedSingles"":null,""tournamentsPlayedDoubles"":null,""pointsRankingSingles"":null,""pointsRankingDoubles"":null,""pointsRankingTotal"":null}"
800747553,Tori Russell,Tori,Russell,F,G,AUS,Australia,,2010,2028,,https://www.itftennis.com/en/players/tori-russell/800747553/aus/jt/s/,232,393,2026-06-02,2026-06-08,"{""playerId"":800747553,""playerFamilyName"":""Russell"",""playerGivenName"":""Tori"",""playerNationalityCode"":""AUS"",""playerNationality"":""Australia"",""profileLink"":""/en/players/tori-russell/800747553/aus/jt/s/"",""gender"":""F"",""hiddenPlayer"":false,""birthYear"":2010,""rankMovement"":-5,""rank"":232,""rankEqualFlag"":"""",""tournamentsPlayed"":27,""points"":393,""profileImage"":""/media/1489/itf-uk-profile-placeholder-female.jpg?anchor=center&mode=crop&width=54&height=72&rnd=132174204480000000"",""tournamentsPlayedSingles"":null,""tournamentsPlayedDoubles"":null,""pointsRankingSingles"":null,""pointsRankingDoubles"":null,""pointsRankingTotal"":null}"
800692442,Hannelore Daniels,Hannelore,Daniels,F,G,BEL,Belgium,,2011,2029,,https://www.itftennis.com/en/players/hannelore-daniels/800692442/bel/jt/s/,233,389.75,2026-06-02,2026-06-08,"{""playerId"":800692442,""playerFamilyName"":""Daniels"",""playerGivenName"":""Hannelore"",""playerNationalityCode"":""BEL"",""playerNationality"":""Belgium"",""profileLink"":""/en/players/hannelore-daniels/800692442/bel/jt/s/"",""gender"":""F"",""hiddenPlayer"":false,""birthYear"":2011,""rankMovement"":1,""rank"":233,""rankEqualFlag"":"""",""tournamentsPlayed"":25,""points"":389.75,""profileImage"":""/media/1489/itf-uk-profile-placeholder-female.jpg?anchor=center&mode=crop&width=54&height=72&rnd=132174204480000000"",""tournamentsPlayedSingles"":null,""tournamentsPlayedDoubles"":null,""pointsRankingSingles"":null,""pointsRankingDoubles"":null,""pointsRankingTotal"":null}"
800756485,JiaLi Dong,JiaLi,Dong,F,G,CHN,"China, P.R.",,2010,2028,,https://www.itftennis.com/en/players/jiali-dong/800756485/chn/jt/s/,234,388.5,2026-06-02,2026-06-08,"{""playerId"":800756485,""playerFamilyName"":""Dong"",""playerGivenName"":""JiaLi"",""playerNationalityCode"":""CHN"",""playerNationality"":""China, P.R."",""profileLink"":""/en/players/jiali-dong/800756485/chn/jt/s/"",""gender"":""F"",""hiddenPlayer"":false,""birthYear"":2010,""rankMovement"":1,""rank"":234,""rankEqualFlag"":"""",""tournamentsPlayed"":30,""points"":388.5,""profileImage"":""/media/1489/itf-uk-profile-placeholder-female.jpg?anchor=center&mode=crop&width=54&height=72&rnd=132174204480000000"",""tournamentsPlayedSingles"":null,""tournamentsPlayedDoubles"":null,""pointsRankingSingles"":null,""pointsRankingDoubles"":null,""pointsRankingTotal"":null}"
800702391,Lingling Zhu,Lingling,Zhu,F,G,CHN,"China, P.R.",,2009,2027,,https://www.itftennis.com/en/players/lingling-zhu/800702391/chn/jt/s/,235,387,2026-06-02,2026-06-08,"{""playerId"":800702391,""playerFamilyName"":""Zhu"",""playerGivenName"":""Lingling"",""playerNationalityCode"":""CHN"",""playerNationality"":""China, P.R."",""profileLink"":""/en/players/lingling-zhu/800702391/chn/jt/s/"",""gender"":""F"",""hiddenPlayer"":false,""birthYear"":2009,""rankMovement"":1,""rank"":235,""rankEqualFlag"":"""",""tournamentsPlayed"":35,""points"":387,""profileImage"":""/media/1489/itf-uk-profile-placeholder-female.jpg?anchor=center&mode=crop&width=54&height=72&rnd=132174204480000000"",""tournamentsPlayedSingles"":null,""tournamentsPlayedDoubles"":null,""pointsRankingSingles"":null,""pointsRankingDoubles"":null,""pointsRankingTotal"":null}"
800693517,Kalista Papadopoulos,Kalista,Papadopoulos,F,G,USA,USA,,2009,2027,,https://www.itftennis.com/en/players/kalista-papadopoulos/800693517/usa/jt/s/,236,387,2026-06-02,2026-06-08,"{""playerId"":800693517,""playerFamilyName"":""Papadopoulos"",""playerGivenName"":""Kalista"",""playerNationalityCode"":""USA"",""playerNationality"":""USA"",""profileLink"":""/en/players/kalista-papadopoulos/800693517/usa/jt/s/"",""gender"":""F"",""hiddenPlayer"":false,""birthYear"":2009,""rankMovement"":1,""rank"":236,""rankEqualFlag"":"""",""tournamentsPlayed"":46,""points"":387,""profileImage"":""/media/1489/itf-uk-profile-placeholder-female.jpg?anchor=center&mode=crop&width=54&height=72&rnd=132174204480000000"",""tournamentsPlayedSingles"":null,""tournamentsPlayedDoubles"":null,""pointsRankingSingles"":null,""pointsRankingDoubles"":null,""pointsRankingTotal"":null}"
800731468,Anna Yang,Anna,Yang,F,G,CHN,"China, P.R.",,2008,2026,,https://www.itftennis.com/en/players/anna-yang/800731468/chn/jt/s/,237,387,2026-06-02,2026-06-08,"{""playerId"":800731468,""playerFamilyName"":""Yang"",""playerGivenName"":""Anna"",""playerNationalityCode"":""CHN"",""playerNationality"":""China, P.R."",""profileLink"":""/en/players/anna-yang/800731468/chn/jt/s/"",""gender"":""F"",""hiddenPlayer"":false,""birthYear"":2008,""rankMovement"":1,""rank"":237,""rankEqualFlag"":"""",""tournamentsPlayed"":24,""points"":387,""profileImage"":""/media/1489/itf-uk-profile-placeholder-female.jpg?anchor=center&mode=crop&width=54&height=72&rnd=132174204480000000"",""tournamentsPlayedSingles"":null,""tournamentsPlayedDoubles"":null,""pointsRankingSingles"":null,""pointsRankingDoubles"":null,""pointsRankingTotal"":null}"
800632483,Antonia Stoyanov,Antonia,Stoyanov,F,G,NED,Netherlands,,2009,2027,,https://www.itftennis.com/en/players/antonia-stoyanov/800632483/ned/jt/s/,238,386.25,2026-06-02,2026-06-08,"{""playerId"":800632483,""playerFamilyName"":""Stoyanov"",""playerGivenName"":""Antonia"",""playerNationalityCode"":""NED"",""playerNationality"":""Netherlands"",""profileLink"":""/en/players/antonia-stoyanov/800632483/ned/jt/s/"",""gender"":""F"",""hiddenPlayer"":false,""birthYear"":2009,""rankMovement"":1,""rank"":238,""rankEqualFlag"":"""",""tournamentsPlayed"":8,""points"":386.25,""profileImage"":""/media/1489/itf-uk-profile-placeholder-female.jpg?anchor=center&mode=crop&width=54&height=72&rnd=132174204480000000"",""tournamentsPlayedSingles"":null,""tournamentsPlayedDoubles"":null,""pointsRankingSingles"":null,""pointsRankingDoubles"":null,""pointsRankingTotal"":null}"
800738190,Yi-En Hua,Yi-En,Hua,F,G,TPE,Chinese Taipei,,2009,2027,,https://www.itftennis.com/en/players/yi-en-hua/800738190/tpe/jt/s/,239,386.25,2026-06-02,2026-06-08,"{""playerId"":800738190,""playerFamilyName"":""Hua"",""playerGivenName"":""Yi-En"",""playerNationalityCode"":""TPE"",""playerNationality"":""Chinese Taipei"",""profileLink"":""/en/players/yi-en-hua/800738190/tpe/jt/s/"",""gender"":""F"",""hiddenPlayer"":false,""birthYear"":2009,""rankMovement"":1,""rank"":239,""rankEqualFlag"":"""",""tournamentsPlayed"":32,""points"":386.25,""profileImage"":""/media/1489/itf-uk-profile-placeholder-female.jpg?anchor=center&mode=crop&width=54&height=72&rnd=132174204480000000"",""tournamentsPlayedSingles"":null,""tournamentsPlayedDoubles"":null,""pointsRankingSingles"":null,""pointsRankingDoubles"":null,""pointsRankingTotal"":null}"
800646012,Lucie Slamenikova,Lucie,Slamenikova,F,G,CZE,Czechia,,2009,2027,,https://www.itftennis.com/en/players/lucie-slamenikova/800646012/cze/jt/s/,240,385.5,2026-06-02,2026-06-08,"{""playerId"":800646012,""playerFamilyName"":""Slamenikova"",""playerGivenName"":""Lucie"",""playerNationalityCode"":""CZE"",""playerNationality"":""Czechia"",""profileLink"":""/en/players/lucie-slamenikova/800646012/cze/jt/s/"",""gender"":""F"",""hiddenPlayer"":false,""birthYear"":2009,""rankMovement"":1,""rank"":240,""rankEqualFlag"":"""",""tournamentsPlayed"":42,""points"":385.5,""profileImage"":""/media/1489/itf-uk-profile-placeholder-female.jpg?anchor=center&mode=crop&width=54&height=72&rnd=132174204480000000"",""tournamentsPlayedSingles"":null,""tournamentsPlayedDoubles"":null,""pointsRankingSingles"":null,""pointsRankingDoubles"":null,""pointsRankingTotal"":null}"
800639865,Kseniia Ruchkina,Kseniia,Ruchkina,F,G,RUS,Russia,,2010,2028,,https://www.itftennis.com/en/players/kseniia-ruchkina/800639865/rus/jt/s/,241,384.75,2026-06-02,2026-06-08,"{""playerId"":800639865,""playerFamilyName"":""Ruchkina"",""playerGivenName"":""Kseniia"",""playerNationalityCode"":""RUS"",""playerNationality"":""Russia"",""profileLink"":""/en/players/kseniia-ruchkina/800639865/rus/jt/s/"",""gender"":""F"",""hiddenPlayer"":false,""birthYear"":2010,""rankMovement"":1,""rank"":241,""rankEqualFlag"":"""",""tournamentsPlayed"":14,""points"":384.75,""profileImage"":""/media/1489/itf-uk-profile-placeholder-female.jpg?anchor=center&mode=crop&width=54&height=72&rnd=132174204480000000"",""tournamentsPlayedSingles"":null,""tournamentsPlayedDoubles"":null,""pointsRankingSingles"":null,""pointsRankingDoubles"":null,""pointsRankingTotal"":null}"
800648436,Aleksandra Barmicheva,Aleksandra,Barmicheva,F,G,UZB,Uzbekistan,,2010,2028,,https://www.itftennis.com/en/players/aleksandra-barmicheva/800648436/uzb/jt/s/,242,379,2026-06-02,2026-06-08,"{""playerId"":800648436,""playerFamilyName"":""Barmicheva"",""playerGivenName"":""Aleksandra"",""playerNationalityCode"":""UZB"",""playerNationality"":""Uzbekistan"",""profileLink"":""/en/players/aleksandra-barmicheva/800648436/uzb/jt/s/"",""gender"":""F"",""hiddenPlayer"":false,""birthYear"":2010,""rankMovement"":1,""rank"":242,""rankEqualFlag"":"""",""tournamentsPlayed"":20,""points"":379,""profileImage"":""/media/1489/itf-uk-profile-placeholder-female.jpg?anchor=center&mode=crop&width=54&height=72&rnd=132174204480000000"",""tournamentsPlayedSingles"":null,""tournamentsPlayedDoubles"":null,""pointsRankingSingles"":null,""pointsRankingDoubles"":null,""pointsRankingTotal"":null}"
800647681,Hanne Estrada Cortes,Hanne,Estrada Cortes,F,G,MEX,Mexico,,2009,2027,,https://www.itftennis.com/en/players/hanne-estrada-cortes/800647681/mex/jt/s/,243,379,2026-06-02,2026-06-08,"{""playerId"":800647681,""playerFamilyName"":""Estrada Cortes"",""playerGivenName"":""Hanne"",""playerNationalityCode"":""MEX"",""playerNationality"":""Mexico"",""profileLink"":""/en/players/hanne-estrada-cortes/800647681/mex/jt/s/"",""gender"":""F"",""hiddenPlayer"":false,""birthYear"":2009,""rankMovement"":20,""rank"":243,""rankEqualFlag"":"""",""tournamentsPlayed"":38,""points"":379,""profileImage"":""/media/1489/itf-uk-profile-placeholder-female.jpg?anchor=center&mode=crop&width=54&height=72&rnd=132174204480000000"",""tournamentsPlayedSingles"":null,""tournamentsPlayedDoubles"":null,""pointsRankingSingles"":null,""pointsRankingDoubles"":null,""pointsRankingTotal"":null}"
800631835,Eva Kaliadina,Eva,Kaliadina,F,G,RUS,Russia,,2010,2028,,https://www.itftennis.com/en/players/eva-kaliadina/800631835/rus/jt/s/,244,378,2026-06-02,2026-06-08,"{""playerId"":800631835,""playerFamilyName"":""Kaliadina"",""playerGivenName"":""Eva"",""playerNationalityCode"":""RUS"",""playerNationality"":""Russia"",""profileLink"":""/en/players/eva-kaliadina/800631835/rus/jt/s/"",""gender"":""F"",""hiddenPlayer"":false,""birthYear"":2010,""rankMovement"":0,""rank"":244,""rankEqualFlag"":"""",""tournamentsPlayed"":28,""points"":378,""profileImage"":""/media/1489/itf-uk-profile-placeholder-female.jpg?anchor=center&mode=crop&width=54&height=72&rnd=132174204480000000"",""tournamentsPlayedSingles"":null,""tournamentsPlayedDoubles"":null,""pointsRankingSingles"":null,""pointsRankingDoubles"":null,""pointsRankingTotal"":null}"
800674315,Sarra Attig,Sarra,Attig,F,G,TUN,Tunisia,,2009,2027,,https://www.itftennis.com/en/players/sarra-attig/800674315/tun/jt/s/,245,376,2026-06-02,2026-06-08,"{""playerId"":800674315,""playerFamilyName"":""Attig"",""playerGivenName"":""Sarra"",""playerNationalityCode"":""TUN"",""playerNationality"":""Tunisia"",""profileLink"":""/en/players/sarra-attig/800674315/tun/jt/s/"",""gender"":""F"",""hiddenPlayer"":false,""birthYear"":2009,""rankMovement"":0,""rank"":245,""rankEqualFlag"":"""",""tournamentsPlayed"":32,""points"":376,""profileImage"":""/media/1489/itf-uk-profile-placeholder-female.jpg?anchor=center&mode=crop&width=54&height=72&rnd=132174204480000000"",""tournamentsPlayedSingles"":null,""tournamentsPlayedDoubles"":null,""pointsRankingSingles"":null,""pointsRankingDoubles"":null,""pointsRankingTotal"":null}"
800668434,Julie Pastikova,Julie,Pastikova,F,G,CZE,Czechia,,2008,2026,,https://www.itftennis.com/en/players/julie-pastikova/800668434/cze/jt/s/,246,375.25,2026-06-02,2026-06-08,"{""playerId"":800668434,""playerFamilyName"":""Pastikova"",""playerGivenName"":""Julie"",""playerNationalityCode"":""CZE"",""playerNationality"":""Czechia"",""profileLink"":""/en/players/julie-pastikova/800668434/cze/jt/s/"",""gender"":""F"",""hiddenPlayer"":false,""birthYear"":2008,""rankMovement"":-56,""rank"":246,""rankEqualFlag"":"""",""tournamentsPlayed"":7,""points"":375.25,""profileImage"":""/remote.axd/media.itftennis.com/assetbank-itf/servlet/display?file=22137aa7e1210876887ffd3e.jpg?crop=0.24456521739130438,0,0.2271739130434782,0&cropmode=percentage&width=54&height=72&rnd=133722613150000000"",""tournamentsPlayedSingles"":null,""tournamentsPlayedDoubles"":null,""pointsRankingSingles"":null,""pointsRankingDoubles"":null,""pointsRankingTotal"":null}"
800745722,Mai Sasaki,Mai,Sasaki,F,G,JPN,Japan,,2010,2028,,https://www.itftennis.com/en/players/mai-sasaki/800745722/jpn/jt/s/,247,374.5,2026-06-02,2026-06-08,"{""playerId"":800745722,""playerFamilyName"":""Sasaki"",""playerGivenName"":""Mai"",""playerNationalityCode"":""JPN"",""playerNationality"":""Japan"",""profileLink"":""/en/players/mai-sasaki/800745722/jpn/jt/s/"",""gender"":""F"",""hiddenPlayer"":false,""birthYear"":2010,""rankMovement"":-1,""rank"":247,""rankEqualFlag"":"""",""tournamentsPlayed"":30,""points"":374.5,""profileImage"":""/media/1489/itf-uk-profile-placeholder-female.jpg?anchor=center&mode=crop&width=54&height=72&rnd=132174204480000000"",""tournamentsPlayedSingles"":null,""tournamentsPlayedDoubles"":null,""pointsRankingSingles"":null,""pointsRankingDoubles"":null,""pointsRankingTotal"":null}"
800663836,Liv Zingg,Liv,Zingg,F,G,GBR,Great Britain,,2011,2029,,https://www.itftennis.com/en/players/liv-zingg/800663836/gbr/jt/s/,248,374.5,2026-06-02,2026-06-08,"{""playerId"":800663836,""playerFamilyName"":""Zingg"",""playerGivenName"":""Liv"",""playerNationalityCode"":""GBR"",""playerNationality"":""Great Britain"",""profileLink"":""/en/players/liv-zingg/800663836/gbr/jt/s/"",""gender"":""F"",""hiddenPlayer"":false,""birthYear"":2011,""rankMovement"":-1,""rank"":248,""rankEqualFlag"":"""",""tournamentsPlayed"":30,""points"":374.5,""profileImage"":""/media/1489/itf-uk-profile-placeholder-female.jpg?anchor=center&mode=crop&width=54&height=72&rnd=132174204480000000"",""tournamentsPlayedSingles"":null,""tournamentsPlayedDoubles"":null,""pointsRankingSingles"":null,""pointsRankingDoubles"":null,""pointsRankingTotal"":null}"
800694619,Ailish Garcia Fernandez,Ailish,Garcia Fernandez,F,G,ESP,Spain,,2010,2028,,https://www.itftennis.com/en/players/ailish-garcia-fernandez/800694619/esp/jt/s/,249,373.5,2026-06-02,2026-06-08,"{""playerId"":800694619,""playerFamilyName"":""Garcia Fernandez"",""playerGivenName"":""Ailish"",""playerNationalityCode"":""ESP"",""playerNationality"":""Spain"",""profileLink"":""/en/players/ailish-garcia-fernandez/800694619/esp/jt/s/"",""gender"":""F"",""hiddenPlayer"":false,""birthYear"":2010,""rankMovement"":-1,""rank"":249,""rankEqualFlag"":"""",""tournamentsPlayed"":32,""points"":373.5,""profileImage"":""/media/1489/itf-uk-profile-placeholder-female.jpg?anchor=center&mode=crop&width=54&height=72&rnd=132174204480000000"",""tournamentsPlayedSingles"":null,""tournamentsPlayedDoubles"":null,""pointsRankingSingles"":null,""pointsRankingDoubles"":null,""pointsRankingTotal"":null}"
800679181,Allegra van der Walt,Allegra,van der Walt,F,G,RSA,South Africa,,2008,2026,,https://www.itftennis.com/en/players/allegra-van-der-walt/800679181/rsa/jt/s/,250,370.75,2026-06-02,2026-06-08,"{""playerId"":800679181,""playerFamilyName"":""van der Walt"",""playerGivenName"":""Allegra"",""playerNationalityCode"":""RSA"",""playerNationality"":""South Africa"",""profileLink"":""/en/players/allegra-van-der-walt/800679181/rsa/jt/s/"",""gender"":""F"",""hiddenPlayer"":false,""birthYear"":2008,""rankMovement"":-45,""rank"":250,""rankEqualFlag"":"""",""tournamentsPlayed"":12,""points"":370.75,""profileImage"":""/media/1489/itf-uk-profile-placeholder-female.jpg?anchor=center&mode=crop&width=54&height=72&rnd=132174204480000000"",""tournamentsPlayedSingles"":null,""tournamentsPlayedDoubles"":null,""pointsRankingSingles"":null,""pointsRankingDoubles"":null,""pointsRankingTotal"":null}"
800596707,Constanza Fernandez Rincon,Constanza,Fernandez Rincon,F,G,MEX,Mexico,,2008,2026,,https://www.itftennis.com/en/players/constanza-fernandez-rincon/800596707/mex/jt/s/,251,370,2026-06-02,2026-06-08,"{""playerId"":800596707,""playerFamilyName"":""Fernandez Rincon"",""playerGivenName"":""Constanza"",""playerNationalityCode"":""MEX"",""playerNationality"":""Mexico"",""profileLink"":""/en/players/constanza-fernandez-rincon/800596707/mex/jt/s/"",""gender"":""F"",""hiddenPlayer"":false,""birthYear"":2008,""rankMovement"":-2,""rank"":251,""rankEqualFlag"":"""",""tournamentsPlayed"":28,""points"":370,""profileImage"":""/media/1489/itf-uk-profile-placeholder-female.jpg?anchor=center&mode=crop&width=54&height=72&rnd=132174204480000000"",""tournamentsPlayedSingles"":null,""tournamentsPlayedDoubles"":null,""pointsRankingSingles"":null,""pointsRankingDoubles"":null,""pointsRankingTotal"":null}"
800601508,Ana Ioana Varsa,Ana Ioana,Varsa,F,G,ROU,Romania,,2009,2027,,https://www.itftennis.com/en/players/ana-ioana-varsa/800601508/rou/jt/s/,252,367.5,2026-06-02,2026-06-08,"{""playerId"":800601508,""playerFamilyName"":""Varsa"",""playerGivenName"":""Ana Ioana"",""playerNationalityCode"":""ROU"",""playerNationality"":""Romania"",""profileLink"":""/en/players/ana-ioana-varsa/800601508/rou/jt/s/"",""gender"":""F"",""hiddenPlayer"":false,""birthYear"":2009,""rankMovement"":-2,""rank"":252,""rankEqualFlag"":"""",""tournamentsPlayed"":35,""points"":367.5,""profileImage"":""/media/1489/itf-uk-profile-placeholder-female.jpg?anchor=center&mode=crop&width=54&height=72&rnd=132174204480000000"",""tournamentsPlayedSingles"":null,""tournamentsPlayedDoubles"":null,""pointsRankingSingles"":null,""pointsRankingDoubles"":null,""pointsRankingTotal"":null}"
800593756,Anna Mihalka,Anna,Mihalka,F,G,HUN,Hungary,,2009,2027,,https://www.itftennis.com/en/players/anna-mihalka/800593756/hun/jt/s/,253,367.25,2026-06-02,2026-06-08,"{""playerId"":800593756,""playerFamilyName"":""Mihalka"",""playerGivenName"":""Anna"",""playerNationalityCode"":""HUN"",""playerNationality"":""Hungary"",""profileLink"":""/en/players/anna-mihalka/800593756/hun/jt/s/"",""gender"":""F"",""hiddenPlayer"":false,""birthYear"":2009,""rankMovement"":-2,""rank"":253,""rankEqualFlag"":"""",""tournamentsPlayed"":35,""points"":367.25,""profileImage"":""/media/1489/itf-uk-profile-placeholder-female.jpg?anchor=center&mode=crop&width=54&height=72&rnd=132174204480000000"",""tournamentsPlayedSingles"":null,""tournamentsPlayedDoubles"":null,""pointsRankingSingles"":null,""pointsRankingDoubles"":null,""pointsRankingTotal"":null}"
800796000,Mia Brayotta,Mia,Brayotta,F,G,ARG,Argentina,,2009,2027,,https://www.itftennis.com/en/players/mia-brayotta/800796000/arg/jt/s/,254,367,2026-06-08,2026-06-08,"{""playerId"":800796000,""playerFamilyName"":""Brayotta"",""playerGivenName"":""Mia"",""playerNationalityCode"":""ARG"",""playerNationality"":""Argentina"",""profileLink"":""/en/players/mia-brayotta/800796000/arg/jt/s/"",""gender"":""F"",""hiddenPlayer"":false,""birthYear"":2009,""rankMovement"":24,""rank"":254,""rankEqualFlag"":"""",""tournamentsPlayed"":27,""points"":367,""profileImage"":""/media/1489/itf-uk-profile-placeholder-female.jpg?anchor=center&mode=crop&width=54&height=72&rnd=132174204480000000"",""tournamentsPlayedSingles"":null,""tournamentsPlayedDoubles"":null,""pointsRankingSingles"":null,""pointsRankingDoubles"":null,""pointsRankingTotal"":null}"
800775735,Jiayi Sun,Jiayi,Sun,F,G,CHN,"China, P.R.",,2010,2028,,https://www.itftennis.com/en/players/jiayi-sun/800775735/chn/jt/s/,255,364.5,2026-06-02,2026-06-08,"{""playerId"":800775735,""playerFamilyName"":""Sun"",""playerGivenName"":""Jiayi"",""playerNationalityCode"":""CHN"",""playerNationality"":""China, P.R."",""profileLink"":""/en/players/jiayi-sun/800775735/chn/jt/s/"",""gender"":""F"",""hiddenPlayer"":false,""birthYear"":2010,""rankMovement"":-3,""rank"":255,""rankEqualFlag"":"""",""tournamentsPlayed"":22,""points"":364.5,""profileImage"":""/media/1489/itf-uk-profile-placeholder-female.jpg?anchor=center&mode=crop&width=54&height=72&rnd=132174204480000000"",""tournamentsPlayedSingles"":null,""tournamentsPlayedDoubles"":null,""pointsRankingSingles"":null,""pointsRankingDoubles"":null,""pointsRankingTotal"":null}"
800659996,Tamina Kochta,Tamina,Kochta,F,G,GER,Germany,,2009,2027,,https://www.itftennis.com/en/players/tamina-kochta/800659996/ger/jt/s/,256,361.75,2026-06-02,2026-06-08,"{""playerId"":800659996,""playerFamilyName"":""Kochta"",""playerGivenName"":""Tamina"",""playerNationalityCode"":""GER"",""playerNationality"":""Germany"",""profileLink"":""/en/players/tamina-kochta/800659996/ger/jt/s/"",""gender"":""F"",""hiddenPlayer"":false,""birthYear"":2009,""rankMovement"":-3,""rank"":256,""rankEqualFlag"":"""",""tournamentsPlayed"":36,""points"":361.75,""profileImage"":""/media/1489/itf-uk-profile-placeholder-female.jpg?anchor=center&mode=crop&width=54&height=72&rnd=132174204480000000"",""tournamentsPlayedSingles"":null,""tournamentsPlayedDoubles"":null,""pointsRankingSingles"":null,""pointsRankingDoubles"":null,""pointsRankingTotal"":null}"
800715977,Iva Ivankovic,Iva,Ivankovic,F,G,SUI,Switzerland,,2010,2028,,https://www.itftennis.com/en/players/iva-ivankovic/800715977/sui/jt/s/,257,361.5,2026-06-02,2026-06-08,"{""playerId"":800715977,""playerFamilyName"":""Ivankovic"",""playerGivenName"":""Iva"",""playerNationalityCode"":""SUI"",""playerNationality"":""Switzerland"",""profileLink"":""/en/players/iva-ivankovic/800715977/sui/jt/s/"",""gender"":""F"",""hiddenPlayer"":false,""birthYear"":2010,""rankMovement"":-3,""rank"":257,""rankEqualFlag"":"""",""tournamentsPlayed"":32,""points"":361.5,""profileImage"":""/media/1489/itf-uk-profile-placeholder-female.jpg?anchor=center&mode=crop&width=54&height=72&rnd=132174204480000000"",""tournamentsPlayedSingles"":null,""tournamentsPlayedDoubles"":null,""pointsRankingSingles"":null,""pointsRankingDoubles"":null,""pointsRankingTotal"":null}"
800653761,Micaela Moro Pleuss,Micaela,Moro Pleuss,F,G,PER,Peru,,2008,2026,,https://www.itftennis.com/en/players/micaela-moro-pleuss/800653761/per/jt/s/,258,361,2026-06-02,2026-06-08,"{""playerId"":800653761,""playerFamilyName"":""Moro Pleuss"",""playerGivenName"":""Micaela"",""playerNationalityCode"":""PER"",""playerNationality"":""Peru"",""profileLink"":""/en/players/micaela-moro-pleuss/800653761/per/jt/s/"",""gender"":""F"",""hiddenPlayer"":false,""birthYear"":2008,""rankMovement"":-3,""rank"":258,""rankEqualFlag"":"""",""tournamentsPlayed"":28,""points"":361,""profileImage"":""/media/1489/itf-uk-profile-placeholder-female.jpg?anchor=center&mode=crop&width=54&height=72&rnd=132174204480000000"",""tournamentsPlayedSingles"":null,""tournamentsPlayedDoubles"":null,""pointsRankingSingles"":null,""pointsRankingDoubles"":null,""pointsRankingTotal"":null}"
800700177,Ciara Harding,Ciara,Harding,F,G,USA,USA,,2009,2027,,https://www.itftennis.com/en/players/ciara-harding/800700177/usa/jt/s/,259,360.5,2026-06-02,2026-06-08,"{""playerId"":800700177,""playerFamilyName"":""Harding"",""playerGivenName"":""Ciara"",""playerNationalityCode"":""USA"",""playerNationality"":""USA"",""profileLink"":""/en/players/ciara-harding/800700177/usa/jt/s/"",""gender"":""F"",""hiddenPlayer"":false,""birthYear"":2009,""rankMovement"":-2,""rank"":259,""rankEqualFlag"":"""",""tournamentsPlayed"":36,""points"":360.5,""profileImage"":""/media/1489/itf-uk-profile-placeholder-female.jpg?anchor=center&mode=crop&width=54&height=72&rnd=132174204480000000"",""tournamentsPlayedSingles"":null,""tournamentsPlayedDoubles"":null,""pointsRankingSingles"":null,""pointsRankingDoubles"":null,""pointsRankingTotal"":null}"
800715880,Charlize Celebrini,Charlize,Celebrini,F,G,CAN,Canada,,2009,2027,,https://www.itftennis.com/en/players/charlize-celebrini/800715880/can/jt/s/,260,359,2026-06-02,2026-06-08,"{""playerId"":800715880,""playerFamilyName"":""Celebrini"",""playerGivenName"":""Charlize"",""playerNationalityCode"":""CAN"",""playerNationality"":""Canada"",""profileLink"":""/en/players/charlize-celebrini/800715880/can/jt/s/"",""gender"":""F"",""hiddenPlayer"":false,""birthYear"":2009,""rankMovement"":-1,""rank"":260,""rankEqualFlag"":"""",""tournamentsPlayed"":29,""points"":359,""profileImage"":""/media/1489/itf-uk-profile-placeholder-female.jpg?anchor=center&mode=crop&width=54&height=72&rnd=132174204480000000"",""tournamentsPlayedSingles"":null,""tournamentsPlayedDoubles"":null,""pointsRankingSingles"":null,""pointsRankingDoubles"":null,""pointsRankingTotal"":null}"
800699757,Sera Park,Sera,Park,F,G,KOR,"Korea, Rep.",,2010,2028,,https://www.itftennis.com/en/players/sera-park/800699757/kor/jt/s/,261,358.5,2026-06-02,2026-06-08,"{""playerId"":800699757,""playerFamilyName"":""Park"",""playerGivenName"":""Sera"",""playerNationalityCode"":""KOR"",""playerNationality"":""Korea, Rep."",""profileLink"":""/en/players/sera-park/800699757/kor/jt/s/"",""gender"":""F"",""hiddenPlayer"":false,""birthYear"":2010,""rankMovement"":-1,""rank"":261,""rankEqualFlag"":"""",""tournamentsPlayed"":33,""points"":358.5,""profileImage"":""/media/1489/itf-uk-profile-placeholder-female.jpg?anchor=center&mode=crop&width=54&height=72&rnd=132174204480000000"",""tournamentsPlayedSingles"":null,""tournamentsPlayedDoubles"":null,""pointsRankingSingles"":null,""pointsRankingDoubles"":null,""pointsRankingTotal"":null}"
800708182,Ching Ying Chen,Ching Ying,Chen,F,G,TPE,Chinese Taipei,,2009,2027,,https://www.itftennis.com/en/players/ching-ying-chen/800708182/tpe/jt/s/,262,358.5,2026-06-02,2026-06-08,"{""playerId"":800708182,""playerFamilyName"":""Chen"",""playerGivenName"":""Ching Ying"",""playerNationalityCode"":""TPE"",""playerNationality"":""Chinese Taipei"",""profileLink"":""/en/players/ching-ying-chen/800708182/tpe/jt/s/"",""gender"":""F"",""hiddenPlayer"":false,""birthYear"":2009,""rankMovement"":-1,""rank"":262,""rankEqualFlag"":"""",""tournamentsPlayed"":31,""points"":358.5,""profileImage"":""/media/1489/itf-uk-profile-placeholder-female.jpg?anchor=center&mode=crop&width=54&height=72&rnd=132174204480000000"",""tournamentsPlayedSingles"":null,""tournamentsPlayedDoubles"":null,""pointsRankingSingles"":null,""pointsRankingDoubles"":null,""pointsRankingTotal"":null}"
800684509,Rito Arima,Rito,Arima,F,G,JPN,Japan,,2008,2026,,https://www.itftennis.com/en/players/rito-arima/800684509/jpn/jt/s/,263,357,2026-06-02,2026-06-08,"{""playerId"":800684509,""playerFamilyName"":""Arima"",""playerGivenName"":""Rito"",""playerNationalityCode"":""JPN"",""playerNationality"":""Japan"",""profileLink"":""/en/players/rito-arima/800684509/jpn/jt/s/"",""gender"":""F"",""hiddenPlayer"":false,""birthYear"":2008,""rankMovement"":-1,""rank"":263,""rankEqualFlag"":"""",""tournamentsPlayed"":43,""points"":357,""profileImage"":""/media/1489/itf-uk-profile-placeholder-female.jpg?anchor=center&mode=crop&width=54&height=72&rnd=132174204480000000"",""tournamentsPlayedSingles"":null,""tournamentsPlayedDoubles"":null,""pointsRankingSingles"":null,""pointsRankingDoubles"":null,""pointsRankingTotal"":null}"
800672826,Emerson Jones,Emerson,Jones,F,G,AUS,Australia,,2008,2026,,https://www.itftennis.com/en/players/emerson-jones/800672826/aus/jt/s/,264,356.25,2026-06-02,2026-06-08,"{""playerId"":800672826,""playerFamilyName"":""Jones"",""playerGivenName"":""Emerson"",""playerNationalityCode"":""AUS"",""playerNationality"":""Australia"",""profileLink"":""/en/players/emerson-jones/800672826/aus/jt/s/"",""gender"":""F"",""hiddenPlayer"":false,""birthYear"":2008,""rankMovement"":-181,""rank"":264,""rankEqualFlag"":"""",""tournamentsPlayed"":2,""points"":356.25,""profileImage"":""/remote.axd/media.itftennis.com/assetbank-itf/servlet/display?file=22137aa7e1210876987efd2e.jpg?crop=0.28955232554882332,0.023495688541152786,0.26362097149899277,0.13065952397734695&cropmode=percentage&width=54&height=72&rnd=133722558610000000"",""tournamentsPlayedSingles"":null,""tournamentsPlayedDoubles"":null,""pointsRankingSingles"":null,""pointsRankingDoubles"":null,""pointsRankingTotal"":null}"
800778567,Ziyu Zhou,Ziyu,Zhou,F,G,CHN,"China, P.R.",,2009,2027,,https://www.itftennis.com/en/players/ziyu-zhou/800778567/chn/jt/s/,265,355,2026-06-02,2026-06-08,"{""playerId"":800778567,""playerFamilyName"":""Zhou"",""playerGivenName"":""Ziyu"",""playerNationalityCode"":""CHN"",""playerNationality"":""China, P.R."",""profileLink"":""/en/players/ziyu-zhou/800778567/chn/jt/s/"",""gender"":""F"",""hiddenPlayer"":false,""birthYear"":2009,""rankMovement"":5,""rank"":265,""rankEqualFlag"":"""",""tournamentsPlayed"":29,""points"":355,""profileImage"":""/media/1489/itf-uk-profile-placeholder-female.jpg?anchor=center&mode=crop&width=54&height=72&rnd=132174204480000000"",""tournamentsPlayedSingles"":null,""tournamentsPlayedDoubles"":null,""pointsRankingSingles"":null,""pointsRankingDoubles"":null,""pointsRankingTotal"":null}"
800671701,Nouk Kleinenberg,Nouk,Kleinenberg,F,G,NED,Netherlands,,2009,2027,,https://www.itftennis.com/en/players/nouk-kleinenberg/800671701/ned/jt/s/,266,355,2026-06-02,2026-06-08,"{""playerId"":800671701,""playerFamilyName"":""Kleinenberg"",""playerGivenName"":""Nouk"",""playerNationalityCode"":""NED"",""playerNationality"":""Netherlands"",""profileLink"":""/en/players/nouk-kleinenberg/800671701/ned/jt/s/"",""gender"":""F"",""hiddenPlayer"":false,""birthYear"":2009,""rankMovement"":-2,""rank"":266,""rankEqualFlag"":"""",""tournamentsPlayed"":34,""points"":355,""profileImage"":""/media/1489/itf-uk-profile-placeholder-female.jpg?anchor=center&mode=crop&width=54&height=72&rnd=132174204480000000"",""tournamentsPlayedSingles"":null,""tournamentsPlayedDoubles"":null,""pointsRankingSingles"":null,""pointsRankingDoubles"":null,""pointsRankingTotal"":null}"
800636229,Mariia Lazarenko,Mariia,Lazarenko,F,G,UKR,Ukraine,,2008,2026,,https://www.itftennis.com/en/players/mariia-lazarenko/800636229/ukr/jt/s/,267,354.75,2026-06-02,2026-06-08,"{""playerId"":800636229,""playerFamilyName"":""Lazarenko"",""playerGivenName"":""Mariia"",""playerNationalityCode"":""UKR"",""playerNationality"":""Ukraine"",""profileLink"":""/en/players/mariia-lazarenko/800636229/ukr/jt/s/"",""gender"":""F"",""hiddenPlayer"":false,""birthYear"":2008,""rankMovement"":-2,""rank"":267,""rankEqualFlag"":"""",""tournamentsPlayed"":5,""points"":354.75,""profileImage"":""/media/1489/itf-uk-profile-placeholder-female.jpg?anchor=center&mode=crop&width=54&height=72&rnd=132174204480000000"",""tournamentsPlayedSingles"":null,""tournamentsPlayedDoubles"":null,""pointsRankingSingles"":null,""pointsRankingDoubles"":null,""pointsRankingTotal"":null}"
800743801,FANGYU SHANG,FANGYU,SHANG,F,G,CHN,"China, P.R.",,2010,2028,,https://www.itftennis.com/en/players/fangyu-shang/800743801/chn/jt/s/,268,353,2026-06-02,2026-06-08,"{""playerId"":800743801,""playerFamilyName"":""SHANG"",""playerGivenName"":""FANGYU"",""playerNationalityCode"":""CHN"",""playerNationality"":""China, P.R."",""profileLink"":""/en/players/fangyu-shang/800743801/chn/jt/s/"",""gender"":""F"",""hiddenPlayer"":false,""birthYear"":2010,""rankMovement"":-2,""rank"":268,""rankEqualFlag"":"""",""tournamentsPlayed"":28,""points"":353,""profileImage"":""/media/1489/itf-uk-profile-placeholder-female.jpg?anchor=center&mode=crop&width=54&height=72&rnd=132174204480000000"",""tournamentsPlayedSingles"":null,""tournamentsPlayedDoubles"":null,""pointsRankingSingles"":null,""pointsRankingDoubles"":null,""pointsRankingTotal"":null}"
800746388,Sophia Budacsek,Sophia,Budacsek,F,G,USA,USA,,2009,2027,,https://www.itftennis.com/en/players/sophia-budacsek/800746388/usa/jt/s/,269,350.25,2026-06-02,2026-06-08,"{""playerId"":800746388,""playerFamilyName"":""Budacsek"",""playerGivenName"":""Sophia"",""playerNationalityCode"":""USA"",""playerNationality"":""USA"",""profileLink"":""/en/players/sophia-budacsek/800746388/usa/jt/s/"",""gender"":""F"",""hiddenPlayer"":false,""birthYear"":2009,""rankMovement"":-2,""rank"":269,""rankEqualFlag"":"""",""tournamentsPlayed"":40,""points"":350.25,""profileImage"":""/media/1489/itf-uk-profile-placeholder-female.jpg?anchor=center&mode=crop&width=54&height=72&rnd=132174204480000000"",""tournamentsPlayedSingles"":null,""tournamentsPlayedDoubles"":null,""pointsRankingSingles"":null,""pointsRankingDoubles"":null,""pointsRankingTotal"":null}"
800632505,Aleksandra Khomitskaya,Aleksandra,Khomitskaya,F,G,RUS,Russia,,2009,2027,,https://www.itftennis.com/en/players/aleksandra-khomitskaya/800632505/rus/jt/s/,270,349.5,2026-06-02,2026-06-08,"{""playerId"":800632505,""playerFamilyName"":""Khomitskaya"",""playerGivenName"":""Aleksandra"",""playerNationalityCode"":""RUS"",""playerNationality"":""Russia"",""profileLink"":""/en/players/aleksandra-khomitskaya/800632505/rus/jt/s/"",""gender"":""F"",""hiddenPlayer"":false,""birthYear"":2009,""rankMovement"":-1,""rank"":270,""rankEqualFlag"":"""",""tournamentsPlayed"":28,""points"":349.5,""profileImage"":""/media/1489/itf-uk-profile-placeholder-female.jpg?anchor=center&mode=crop&width=54&height=72&rnd=132174204480000000"",""tournamentsPlayedSingles"":null,""tournamentsPlayedDoubles"":null,""pointsRankingSingles"":null,""pointsRankingDoubles"":null,""pointsRankingTotal"":null}"
800732157,Yen-Ni Chiang,Yen-Ni,Chiang,F,G,TPE,Chinese Taipei,,2010,2028,,https://www.itftennis.com/en/players/yen-ni-chiang/800732157/tpe/jt/s/,271,348.5,2026-06-02,2026-06-08,"{""playerId"":800732157,""playerFamilyName"":""Chiang"",""playerGivenName"":""Yen-Ni"",""playerNationalityCode"":""TPE"",""playerNationality"":""Chinese Taipei"",""profileLink"":""/en/players/yen-ni-chiang/800732157/tpe/jt/s/"",""gender"":""F"",""hiddenPlayer"":false,""birthYear"":2010,""rankMovement"":0,""rank"":271,""rankEqualFlag"":"""",""tournamentsPlayed"":32,""points"":348.5,""profileImage"":""/media/1489/itf-uk-profile-placeholder-female.jpg?anchor=center&mode=crop&width=54&height=72&rnd=132174204480000000"",""tournamentsPlayedSingles"":null,""tournamentsPlayedDoubles"":null,""pointsRankingSingles"":null,""pointsRankingDoubles"":null,""pointsRankingTotal"":null}"
800598122,Karina Kovalchuk,Karina,Kovalchuk,F,G,UKR,Ukraine,,2008,2026,,https://www.itftennis.com/en/players/karina-kovalchuk/800598122/ukr/jt/s/,272,347.5,2026-06-02,2026-06-08,"{""playerId"":800598122,""playerFamilyName"":""Kovalchuk"",""playerGivenName"":""Karina"",""playerNationalityCode"":""UKR"",""playerNationality"":""Ukraine"",""profileLink"":""/en/players/karina-kovalchuk/800598122/ukr/jt/s/"",""gender"":""F"",""hiddenPlayer"":false,""birthYear"":2008,""rankMovement"":0,""rank"":272,""rankEqualFlag"":"""",""tournamentsPlayed"":31,""points"":347.5,""profileImage"":""/media/1489/itf-uk-profile-placeholder-female.jpg?anchor=center&mode=crop&width=54&height=72&rnd=132174204480000000"",""tournamentsPlayedSingles"":null,""tournamentsPlayedDoubles"":null,""pointsRankingSingles"":null,""pointsRankingDoubles"":null,""pointsRankingTotal"":null}"
800687360,Maria Badache,Maria,Badache,F,G,ALG,Algeria,,2008,2026,,https://www.itftennis.com/en/players/maria-badache/800687360/alg/jt/s/,273,347.25,2026-06-02,2026-06-08,"{""playerId"":800687360,""playerFamilyName"":""Badache"",""playerGivenName"":""Maria"",""playerNationalityCode"":""ALG"",""playerNationality"":""Algeria"",""profileLink"":""/en/players/maria-badache/800687360/alg/jt/s/"",""gender"":""F"",""hiddenPlayer"":false,""birthYear"":2008,""rankMovement"":0,""rank"":273,""rankEqualFlag"":"""",""tournamentsPlayed"":17,""points"":347.25,""profileImage"":""/media/1489/itf-uk-profile-placeholder-female.jpg?anchor=center&mode=crop&width=54&height=72&rnd=132174204480000000"",""tournamentsPlayedSingles"":null,""tournamentsPlayedDoubles"":null,""pointsRankingSingles"":null,""pointsRankingDoubles"":null,""pointsRankingTotal"":null}"
800725197,Anastasia Malysheva,Anastasia,Malysheva,F,G,CAN,Canada,,2009,2027,,https://www.itftennis.com/en/players/anastasia-malysheva/800725197/can/jt/s/,274,346.75,2026-06-02,2026-06-08,"{""playerId"":800725197,""playerFamilyName"":""Malysheva"",""playerGivenName"":""Anastasia"",""playerNationalityCode"":""CAN"",""playerNationality"":""Canada"",""profileLink"":""/en/players/anastasia-malysheva/800725197/can/jt/s/"",""gender"":""F"",""hiddenPlayer"":false,""birthYear"":2009,""rankMovement"":0,""rank"":274,""rankEqualFlag"":"""",""tournamentsPlayed"":22,""points"":346.75,""profileImage"":""/media/1489/itf-uk-profile-placeholder-female.jpg?anchor=center&mode=crop&width=54&height=72&rnd=132174204480000000"",""tournamentsPlayedSingles"":null,""tournamentsPlayedDoubles"":null,""pointsRankingSingles"":null,""pointsRankingDoubles"":null,""pointsRankingTotal"":null}"
800655701,Sofia Ferraris,Sofia,Ferraris,F,G,ITA,Italy,,2010,2028,,https://www.itftennis.com/en/players/sofia-ferraris/800655701/ita/jt/s/,275,345.75,2026-06-02,2026-06-08,"{""playerId"":800655701,""playerFamilyName"":""Ferraris"",""playerGivenName"":""Sofia"",""playerNationalityCode"":""ITA"",""playerNationality"":""Italy"",""profileLink"":""/en/players/sofia-ferraris/800655701/ita/jt/s/"",""gender"":""F"",""hiddenPlayer"":false,""birthYear"":2010,""rankMovement"":0,""rank"":275,""rankEqualFlag"":"""",""tournamentsPlayed"":21,""points"":345.75,""profileImage"":""/media/1489/itf-uk-profile-placeholder-female.jpg?anchor=center&mode=crop&width=54&height=72&rnd=132174204480000000"",""tournamentsPlayedSingles"":null,""tournamentsPlayedDoubles"":null,""pointsRankingSingles"":null,""pointsRankingDoubles"":null,""pointsRankingTotal"":null}"
800654679,Alisha Ndukwu,Alisha,Ndukwu,F,G,POL,Poland,,2009,2027,,https://www.itftennis.com/en/players/alisha-ndukwu/800654679/pol/jt/s/,276,345.5,2026-06-02,2026-06-08,"{""playerId"":800654679,""playerFamilyName"":""Ndukwu"",""playerGivenName"":""Alisha"",""playerNationalityCode"":""POL"",""playerNationality"":""Poland"",""profileLink"":""/en/players/alisha-ndukwu/800654679/pol/jt/s/"",""gender"":""F"",""hiddenPlayer"":false,""birthYear"":2009,""rankMovement"":0,""rank"":276,""rankEqualFlag"":"""",""tournamentsPlayed"":36,""points"":345.5,""profileImage"":""/media/1489/itf-uk-profile-placeholder-female.jpg?anchor=center&mode=crop&width=54&height=72&rnd=132174204480000000"",""tournamentsPlayedSingles"":null,""tournamentsPlayedDoubles"":null,""pointsRankingSingles"":null,""pointsRankingDoubles"":null,""pointsRankingTotal"":null}"
800674757,daniela gonzales,daniela,gonzales,F,G,PER,Peru,,2009,2027,,https://www.itftennis.com/en/players/daniela-gonzales/800674757/per/jt/s/,277,344,2026-06-02,2026-06-08,"{""playerId"":800674757,""playerFamilyName"":""gonzales"",""playerGivenName"":""daniela"",""playerNationalityCode"":""PER"",""playerNationality"":""Peru"",""profileLink"":""/en/players/daniela-gonzales/800674757/per/jt/s/"",""gender"":""F"",""hiddenPlayer"":false,""birthYear"":2009,""rankMovement"":0,""rank"":277,""rankEqualFlag"":"""",""tournamentsPlayed"":20,""points"":344,""profileImage"":""/media/1489/itf-uk-profile-placeholder-female.jpg?anchor=center&mode=crop&width=54&height=72&rnd=132174204480000000"",""tournamentsPlayedSingles"":null,""tournamentsPlayedDoubles"":null,""pointsRankingSingles"":null,""pointsRankingDoubles"":null,""pointsRankingTotal"":null}"
800684114,Sena Yoon,Sena,Yoon,F,G,USA,USA,,2008,2026,,https://www.itftennis.com/en/players/sena-yoon/800684114/usa/jt/s/,278,342.75,2026-06-02,2026-06-08,"{""playerId"":800684114,""playerFamilyName"":""Yoon"",""playerGivenName"":""Sena"",""playerNationalityCode"":""USA"",""playerNationality"":""USA"",""profileLink"":""/en/players/sena-yoon/800684114/usa/jt/s/"",""gender"":""F"",""hiddenPlayer"":false,""birthYear"":2008,""rankMovement"":-10,""rank"":278,""rankEqualFlag"":"""",""tournamentsPlayed"":37,""points"":342.75,""profileImage"":""/media/1489/itf-uk-profile-placeholder-female.jpg?anchor=center&mode=crop&width=54&height=72&rnd=132174204480000000"",""tournamentsPlayedSingles"":null,""tournamentsPlayedDoubles"":null,""pointsRankingSingles"":null,""pointsRankingDoubles"":null,""pointsRankingTotal"":null}"
800740538,Isabella Ruyu Yan,Isabella Ruyu,Yan,F,G,CAN,Canada,,2011,2029,,https://www.itftennis.com/en/players/isabella-ruyu-yan/800740538/can/jt/s/,279,340.5,2026-06-02,2026-06-08,"{""playerId"":800740538,""playerFamilyName"":""Yan"",""playerGivenName"":""Isabella Ruyu"",""playerNationalityCode"":""CAN"",""playerNationality"":""Canada"",""profileLink"":""/en/players/isabella-ruyu-yan/800740538/can/jt/s/"",""gender"":""F"",""hiddenPlayer"":false,""birthYear"":2011,""rankMovement"":0,""rank"":279,""rankEqualFlag"":"""",""tournamentsPlayed"":22,""points"":340.5,""profileImage"":""/media/1489/itf-uk-profile-placeholder-female.jpg?anchor=center&mode=crop&width=54&height=72&rnd=132174204480000000"",""tournamentsPlayedSingles"":null,""tournamentsPlayedDoubles"":null,""pointsRankingSingles"":null,""pointsRankingDoubles"":null,""pointsRankingTotal"":null}"
800647044,Lisa Anzai,Lisa,Anzai,F,G,JPN,Japan,,2009,2027,,https://www.itftennis.com/en/players/lisa-anzai/800647044/jpn/jt/s/,280,339.5,2026-06-02,2026-06-08,"{""playerId"":800647044,""playerFamilyName"":""Anzai"",""playerGivenName"":""Lisa"",""playerNationalityCode"":""JPN"",""playerNationality"":""Japan"",""profileLink"":""/en/players/lisa-anzai/800647044/jpn/jt/s/"",""gender"":""F"",""hiddenPlayer"":false,""birthYear"":2009,""rankMovement"":8,""rank"":280,""rankEqualFlag"":"""",""tournamentsPlayed"":47,""points"":339.5,""profileImage"":""/media/1489/itf-uk-profile-placeholder-female.jpg?anchor=center&mode=crop&width=54&height=72&rnd=132174204480000000"",""tournamentsPlayedSingles"":null,""tournamentsPlayedDoubles"":null,""pointsRankingSingles"":null,""pointsRankingDoubles"":null,""pointsRankingTotal"":null}"
800732423,Xiran Lan,Xiran,Lan,F,G,CHN,"China, P.R.",,2009,2027,,https://www.itftennis.com/en/players/xiran-lan/800732423/chn/jt/s/,281,339,2026-06-02,2026-06-08,"{""playerId"":800732423,""playerFamilyName"":""Lan"",""playerGivenName"":""Xiran"",""playerNationalityCode"":""CHN"",""playerNationality"":""China, P.R."",""profileLink"":""/en/players/xiran-lan/800732423/chn/jt/s/"",""gender"":""F"",""hiddenPlayer"":false,""birthYear"":2009,""rankMovement"":-1,""rank"":281,""rankEqualFlag"":"""",""tournamentsPlayed"":27,""points"":339,""profileImage"":""/media/1489/itf-uk-profile-placeholder-female.jpg?anchor=center&mode=crop&width=54&height=72&rnd=132174204480000000"",""tournamentsPlayedSingles"":null,""tournamentsPlayedDoubles"":null,""pointsRankingSingles"":null,""pointsRankingDoubles"":null,""pointsRankingTotal"":null}"
800668270,Rozalie Vrajikova,Rozalie,Vrajikova,F,G,CZE,Czechia,,2009,2027,,https://www.itftennis.com/en/players/rozalie-vrajikova/800668270/cze/jt/s/,282,335.5,2026-06-02,2026-06-08,"{""playerId"":800668270,""playerFamilyName"":""Vrajikova"",""playerGivenName"":""Rozalie"",""playerNationalityCode"":""CZE"",""playerNationality"":""Czechia"",""profileLink"":""/en/players/rozalie-vrajikova/800668270/cze/jt/s/"",""gender"":""F"",""hiddenPlayer"":false,""birthYear"":2009,""rankMovement"":-24,""rank"":282,""rankEqualFlag"":"""",""tournamentsPlayed"":40,""points"":335.5,""profileImage"":""/media/1489/itf-uk-profile-placeholder-female.jpg?anchor=center&mode=crop&width=54&height=72&rnd=132174204480000000"",""tournamentsPlayedSingles"":null,""tournamentsPlayedDoubles"":null,""pointsRankingSingles"":null,""pointsRankingDoubles"":null,""pointsRankingTotal"":null}"
800712049,Emilie Chen,Emilie,Chen,F,G,AUS,Australia,,2010,2028,,https://www.itftennis.com/en/players/emilie-chen/800712049/aus/jt/s/,283,335,2026-06-02,2026-06-08,"{""playerId"":800712049,""playerFamilyName"":""Chen"",""playerGivenName"":""Emilie"",""playerNationalityCode"":""AUS"",""playerNationality"":""Australia"",""profileLink"":""/en/players/emilie-chen/800712049/aus/jt/s/"",""gender"":""F"",""hiddenPlayer"":false,""birthYear"":2010,""rankMovement"":-2,""rank"":283,""rankEqualFlag"":"""",""tournamentsPlayed"":37,""points"":335,""profileImage"":""/media/1489/itf-uk-profile-placeholder-female.jpg?anchor=center&mode=crop&width=54&height=72&rnd=132174204480000000"",""tournamentsPlayedSingles"":null,""tournamentsPlayedDoubles"":null,""pointsRankingSingles"":null,""pointsRankingDoubles"":null,""pointsRankingTotal"":null}"
800632085,Adiya Omarbek,Adiya,Omarbek,F,G,KAZ,Kazakhstan,,2009,2027,,https://www.itftennis.com/en/players/adiya-omarbek/800632085/kaz/jt/s/,284,332.5,2026-06-02,2026-06-08,"{""playerId"":800632085,""playerFamilyName"":""Omarbek"",""playerGivenName"":""Adiya"",""playerNationalityCode"":""KAZ"",""playerNationality"":""Kazakhstan"",""profileLink"":""/en/players/adiya-omarbek/800632085/kaz/jt/s/"",""gender"":""F"",""hiddenPlayer"":false,""birthYear"":2009,""rankMovement"":-2,""rank"":284,""rankEqualFlag"":"""",""tournamentsPlayed"":36,""points"":332.5,""profileImage"":""/media/1489/itf-uk-profile-placeholder-female.jpg?anchor=center&mode=crop&width=54&height=72&rnd=132174204480000000"",""tournamentsPlayedSingles"":null,""tournamentsPlayedDoubles"":null,""pointsRankingSingles"":null,""pointsRankingDoubles"":null,""pointsRankingTotal"":null}"
800654007,Haniya Aman Minhas,Haniya,Aman Minhas,F,G,KSA,Saudi Arabia,,2010,2028,,https://www.itftennis.com/en/players/haniya-aman-minhas/800654007/ksa/jt/s/,285,331,2026-06-02,2026-06-08,"{""playerId"":800654007,""playerFamilyName"":""Aman Minhas"",""playerGivenName"":""Haniya"",""playerNationalityCode"":""KSA"",""playerNationality"":""Saudi Arabia"",""profileLink"":""/en/players/haniya-aman-minhas/800654007/ksa/jt/s/"",""gender"":""F"",""hiddenPlayer"":false,""birthYear"":2010,""rankMovement"":-1,""rank"":285,""rankEqualFlag"":"""",""tournamentsPlayed"":23,""points"":331,""profileImage"":""/media/1489/itf-uk-profile-placeholder-female.jpg?anchor=center&mode=crop&width=54&height=72&rnd=132174204480000000"",""tournamentsPlayedSingles"":null,""tournamentsPlayedDoubles"":null,""pointsRankingSingles"":null,""pointsRankingDoubles"":null,""pointsRankingTotal"":null}"
800679348,lamiss Houas,lamiss,Houas,F,G,TUN,Tunisia,,2008,2026,,https://www.itftennis.com/en/players/lamiss-houas/800679348/tun/jt/s/,286,326,2026-06-02,2026-06-08,"{""playerId"":800679348,""playerFamilyName"":""Houas"",""playerGivenName"":""lamiss"",""playerNationalityCode"":""TUN"",""playerNationality"":""Tunisia"",""profileLink"":""/en/players/lamiss-houas/800679348/tun/jt/s/"",""gender"":""F"",""hiddenPlayer"":false,""birthYear"":2008,""rankMovement"":0,""rank"":286,""rankEqualFlag"":"""",""tournamentsPlayed"":20,""points"":326,""profileImage"":""/media/1489/itf-uk-profile-placeholder-female.jpg?anchor=center&mode=crop&width=54&height=72&rnd=132174204480000000"",""tournamentsPlayedSingles"":null,""tournamentsPlayedDoubles"":null,""pointsRankingSingles"":null,""pointsRankingDoubles"":null,""pointsRankingTotal"":null}"
800707529,Lily Rochon,Lily,Rochon,F,G,CAN,Canada,,2009,2027,,https://www.itftennis.com/en/players/lily-rochon/800707529/can/jt/s/,287,325.5,2026-06-02,2026-06-08,"{""playerId"":800707529,""playerFamilyName"":""Rochon"",""playerGivenName"":""Lily"",""playerNationalityCode"":""CAN"",""playerNationality"":""Canada"",""profileLink"":""/en/players/lily-rochon/800707529/can/jt/s/"",""gender"":""F"",""hiddenPlayer"":false,""birthYear"":2009,""rankMovement"":-2,""rank"":287,""rankEqualFlag"":"""",""tournamentsPlayed"":22,""points"":325.5,""profileImage"":""/media/1489/itf-uk-profile-placeholder-female.jpg?anchor=center&mode=crop&width=54&height=72&rnd=132174204480000000"",""tournamentsPlayedSingles"":null,""tournamentsPlayedDoubles"":null,""pointsRankingSingles"":null,""pointsRankingDoubles"":null,""pointsRankingTotal"":null}"
800694699,Camilla Olga Castracani,Camilla Olga,Castracani,F,G,ITA,Italy,,2010,2028,,https://www.itftennis.com/en/players/camilla-olga-castracani/800694699/ita/jt/s/,288,322,2026-06-02,2026-06-08,"{""playerId"":800694699,""playerFamilyName"":""Castracani"",""playerGivenName"":""Camilla Olga"",""playerNationalityCode"":""ITA"",""playerNationality"":""Italy"",""profileLink"":""/en/players/camilla-olga-castracani/800694699/ita/jt/s/"",""gender"":""F"",""hiddenPlayer"":false,""birthYear"":2010,""rankMovement"":2,""rank"":288,""rankEqualFlag"":"""",""tournamentsPlayed"":28,""points"":322,""profileImage"":""/media/1489/itf-uk-profile-placeholder-female.jpg?anchor=center&mode=crop&width=54&height=72&rnd=132174204480000000"",""tournamentsPlayedSingles"":null,""tournamentsPlayedDoubles"":null,""pointsRankingSingles"":null,""pointsRankingDoubles"":null,""pointsRankingTotal"":null}"
800668017,Anna-Adelina Nykyforuk,Anna-Adelina,Nykyforuk,F,G,UKR,Ukraine,,2009,2027,,https://www.itftennis.com/en/players/anna-adelina-nykyforuk/800668017/ukr/jt/s/,289,321,2026-06-02,2026-06-08,"{""playerId"":800668017,""playerFamilyName"":""Nykyforuk"",""playerGivenName"":""Anna-Adelina"",""playerNationalityCode"":""UKR"",""playerNationality"":""Ukraine"",""profileLink"":""/en/players/anna-adelina-nykyforuk/800668017/ukr/jt/s/"",""gender"":""F"",""hiddenPlayer"":false,""birthYear"":2009,""rankMovement"":3,""rank"":289,""rankEqualFlag"":"""",""tournamentsPlayed"":25,""points"":321,""profileImage"":""/media/1489/itf-uk-profile-placeholder-female.jpg?anchor=center&mode=crop&width=54&height=72&rnd=132174204480000000"",""tournamentsPlayedSingles"":null,""tournamentsPlayedDoubles"":null,""pointsRankingSingles"":null,""pointsRankingDoubles"":null,""pointsRankingTotal"":null}"
800741206,Angel Warang,Angel,Warang,F,G,AUS,Australia,,2010,2028,,https://www.itftennis.com/en/players/angel-warang/800741206/aus/jt/s/,290,320,2026-06-02,2026-06-08,"{""playerId"":800741206,""playerFamilyName"":""Warang"",""playerGivenName"":""Angel"",""playerNationalityCode"":""AUS"",""playerNationality"":""Australia"",""profileLink"":""/en/players/angel-warang/800741206/aus/jt/s/"",""gender"":""F"",""hiddenPlayer"":false,""birthYear"":2010,""rankMovement"":-1,""rank"":290,""rankEqualFlag"":"""",""tournamentsPlayed"":28,""points"":320,""profileImage"":""/media/1489/itf-uk-profile-placeholder-female.jpg?anchor=center&mode=crop&width=54&height=72&rnd=132174204480000000"",""tournamentsPlayedSingles"":null,""tournamentsPlayedDoubles"":null,""pointsRankingSingles"":null,""pointsRankingDoubles"":null,""pointsRankingTotal"":null}"
800628944,Maryia Kolas,Maryia,Kolas,F,G,BLR,Belarus,,2009,2027,,https://www.itftennis.com/en/players/maryia-kolas/800628944/blr/jt/s/,291,319.5,2026-06-02,2026-06-08,"{""playerId"":800628944,""playerFamilyName"":""Kolas"",""playerGivenName"":""Maryia"",""playerNationalityCode"":""BLR"",""playerNationality"":""Belarus"",""profileLink"":""/en/players/maryia-kolas/800628944/blr/jt/s/"",""gender"":""F"",""hiddenPlayer"":false,""birthYear"":2009,""rankMovement"":2,""rank"":291,""rankEqualFlag"":"""",""tournamentsPlayed"":24,""points"":319.5,""profileImage"":""/media/1489/itf-uk-profile-placeholder-female.jpg?anchor=center&mode=crop&width=54&height=72&rnd=132174204480000000"",""tournamentsPlayedSingles"":null,""tournamentsPlayedDoubles"":null,""pointsRankingSingles"":null,""pointsRankingDoubles"":null,""pointsRankingTotal"":null}"
800767494,Aarini Bhattacharya,Aarini,Bhattacharya,F,G,USA,USA,,2010,2028,,https://www.itftennis.com/en/players/aarini-bhattacharya/800767494/usa/jt/s/,292,319.25,2026-06-02,2026-06-08,"{""playerId"":800767494,""playerFamilyName"":""Bhattacharya"",""playerGivenName"":""Aarini"",""playerNationalityCode"":""USA"",""playerNationality"":""USA"",""profileLink"":""/en/players/aarini-bhattacharya/800767494/usa/jt/s/"",""gender"":""F"",""hiddenPlayer"":false,""birthYear"":2010,""rankMovement"":-9,""rank"":292,""rankEqualFlag"":"""",""tournamentsPlayed"":25,""points"":319.25,""profileImage"":""/media/1489/itf-uk-profile-placeholder-female.jpg?anchor=center&mode=crop&width=54&height=72&rnd=132174204480000000"",""tournamentsPlayedSingles"":null,""tournamentsPlayedDoubles"":null,""pointsRankingSingles"":null,""pointsRankingDoubles"":null,""pointsRankingTotal"":null}"
800738281,Yashwitha Reddy,Yashwitha,Reddy,F,G,NZL,New Zealand,,2010,2028,,https://www.itftennis.com/en/players/yashwitha-reddy/800738281/nzl/jt/s/,293,318,2026-06-02,2026-06-08,"{""playerId"":800738281,""playerFamilyName"":""Reddy"",""playerGivenName"":""Yashwitha"",""playerNationalityCode"":""NZL"",""playerNationality"":""New Zealand"",""profileLink"":""/en/players/yashwitha-reddy/800738281/nzl/jt/s/"",""gender"":""F"",""hiddenPlayer"":false,""birthYear"":2010,""rankMovement"":1,""rank"":293,""rankEqualFlag"":"""",""tournamentsPlayed"":22,""points"":318,""profileImage"":""/media/1489/itf-uk-profile-placeholder-female.jpg?anchor=center&mode=crop&width=54&height=72&rnd=132174204480000000"",""tournamentsPlayedSingles"":null,""tournamentsPlayedDoubles"":null,""pointsRankingSingles"":null,""pointsRankingDoubles"":null,""pointsRankingTotal"":null}"
800694994,Judy Tawila,Judy,Tawila,F,G,EGY,Egypt,,2008,2026,,https://www.itftennis.com/en/players/judy-tawila/800694994/egy/jt/s/,294,318,2026-06-02,2026-06-08,"{""playerId"":800694994,""playerFamilyName"":""Tawila"",""playerGivenName"":""Judy"",""playerNationalityCode"":""EGY"",""playerNationality"":""Egypt"",""profileLink"":""/en/players/judy-tawila/800694994/egy/jt/s/"",""gender"":""F"",""hiddenPlayer"":false,""birthYear"":2008,""rankMovement"":1,""rank"":294,""rankEqualFlag"":"""",""tournamentsPlayed"":22,""points"":318,""profileImage"":""/media/1489/itf-uk-profile-placeholder-female.jpg?anchor=center&mode=crop&width=54&height=72&rnd=132174204480000000"",""tournamentsPlayedSingles"":null,""tournamentsPlayedDoubles"":null,""pointsRankingSingles"":null,""pointsRankingDoubles"":null,""pointsRankingTotal"":null}"
800575413,Daria Koreshkova,Daria,Koreshkova,F,G,RUS,Russia,,2008,2026,,https://www.itftennis.com/en/players/daria-koreshkova/800575413/rus/jt/s/,295,316.25,2026-06-02,2026-06-08,"{""playerId"":800575413,""playerFamilyName"":""Koreshkova"",""playerGivenName"":""Daria"",""playerNationalityCode"":""RUS"",""playerNationality"":""Russia"",""profileLink"":""/en/players/daria-koreshkova/800575413/rus/jt/s/"",""gender"":""F"",""hiddenPlayer"":false,""birthYear"":2008,""rankMovement"":1,""rank"":295,""rankEqualFlag"":"""",""tournamentsPlayed"":21,""points"":316.25,""profileImage"":""/media/1489/itf-uk-profile-placeholder-female.jpg?anchor=center&mode=crop&width=54&height=72&rnd=132174204480000000"",""tournamentsPlayedSingles"":null,""tournamentsPlayedDoubles"":null,""pointsRankingSingles"":null,""pointsRankingDoubles"":null,""pointsRankingTotal"":null}"
800571556,Carla Giambelli,Carla,Giambelli,F,G,ITA,Italy,,2008,2026,,https://www.itftennis.com/en/players/carla-giambelli/800571556/ita/jt/s/,296,315,2026-06-02,2026-06-08,"{""playerId"":800571556,""playerFamilyName"":""Giambelli"",""playerGivenName"":""Carla"",""playerNationalityCode"":""ITA"",""playerNationality"":""Italy"",""profileLink"":""/en/players/carla-giambelli/800571556/ita/jt/s/"",""gender"":""F"",""hiddenPlayer"":false,""birthYear"":2008,""rankMovement"":1,""rank"":296,""rankEqualFlag"":"""",""tournamentsPlayed"":17,""points"":315,""profileImage"":""/media/1489/itf-uk-profile-placeholder-female.jpg?anchor=center&mode=crop&width=54&height=72&rnd=132174204480000000"",""tournamentsPlayedSingles"":null,""tournamentsPlayedDoubles"":null,""pointsRankingSingles"":null,""pointsRankingDoubles"":null,""pointsRankingTotal"":null}"
800695753,Ana Cruz,Ana,Cruz,F,G,BRA,Brazil,,2009,2027,,https://www.itftennis.com/en/players/ana-cruz/800695753/bra/jt/s/,297,315,2026-06-02,2026-06-08,"{""playerId"":800695753,""playerFamilyName"":""Cruz"",""playerGivenName"":""Ana"",""playerNationalityCode"":""BRA"",""playerNationality"":""Brazil"",""profileLink"":""/en/players/ana-cruz/800695753/bra/jt/s/"",""gender"":""F"",""hiddenPlayer"":false,""birthYear"":2009,""rankMovement"":1,""rank"":297,""rankEqualFlag"":"""",""tournamentsPlayed"":25,""points"":315,""profileImage"":""/media/1489/itf-uk-profile-placeholder-female.jpg?anchor=center&mode=crop&width=54&height=72&rnd=132174204480000000"",""tournamentsPlayedSingles"":null,""tournamentsPlayedDoubles"":null,""pointsRankingSingles"":null,""pointsRankingDoubles"":null,""pointsRankingTotal"":null}"
800632054,Nadine Hamrouni,Nadine,Hamrouni,F,G,TUN,Tunisia,,2009,2027,,https://www.itftennis.com/en/players/nadine-hamrouni/800632054/tun/jt/s/,298,315,2026-06-02,2026-06-08,"{""playerId"":800632054,""playerFamilyName"":""Hamrouni"",""playerGivenName"":""Nadine"",""playerNationalityCode"":""TUN"",""playerNationality"":""Tunisia"",""profileLink"":""/en/players/nadine-hamrouni/800632054/tun/jt/s/"",""gender"":""F"",""hiddenPlayer"":false,""birthYear"":2009,""rankMovement"":1,""rank"":298,""rankEqualFlag"":"""",""tournamentsPlayed"":27,""points"":315,""profileImage"":""/media/1489/itf-uk-profile-placeholder-female.jpg?anchor=center&mode=crop&width=54&height=72&rnd=132174204480000000"",""tournamentsPlayedSingles"":null,""tournamentsPlayedDoubles"":null,""pointsRankingSingles"":null,""pointsRankingDoubles"":null,""pointsRankingTotal"":null}"
800630863,Victoria Lopez Ocampos,Victoria,Lopez Ocampos,F,G,PAR,Paraguay,,2008,2026,,https://www.itftennis.com/en/players/victoria-lopez-ocampos/800630863/par/jt/s/,299,314.5,2026-06-02,2026-06-08,"{""playerId"":800630863,""playerFamilyName"":""Lopez Ocampos"",""playerGivenName"":""Victoria"",""playerNationalityCode"":""PAR"",""playerNationality"":""Paraguay"",""profileLink"":""/en/players/victoria-lopez-ocampos/800630863/par/jt/s/"",""gender"":""F"",""hiddenPlayer"":false,""birthYear"":2008,""rankMovement"":1,""rank"":299,""rankEqualFlag"":"""",""tournamentsPlayed"":33,""points"":314.5,""profileImage"":""/media/1489/itf-uk-profile-placeholder-female.jpg?anchor=center&mode=crop&width=54&height=72&rnd=132174204480000000"",""tournamentsPlayedSingles"":null,""tournamentsPlayedDoubles"":null,""pointsRankingSingles"":null,""pointsRankingDoubles"":null,""pointsRankingTotal"":null}"
800797140,Sylvana Jalbert,Sylvana,Jalbert,F,G,USA,USA,,2010,2028,,https://www.itftennis.com/en/players/sylvana-jalbert/800797140/usa/jt/s/,300,311.5,2026-06-02,2026-06-08,"{""playerId"":800797140,""playerFamilyName"":""Jalbert"",""playerGivenName"":""Sylvana"",""playerNationalityCode"":""USA"",""playerNationality"":""USA"",""profileLink"":""/en/players/sylvana-jalbert/800797140/usa/jt/s/"",""gender"":""F"",""hiddenPlayer"":false,""birthYear"":2010,""rankMovement"":1,""rank"":300,""rankEqualFlag"":"""",""tournamentsPlayed"":18,""points"":311.5,""profileImage"":""/media/1489/itf-uk-profile-placeholder-female.jpg?anchor=center&mode=crop&width=54&height=72&rnd=132174204480000000"",""tournamentsPlayedSingles"":null,""tournamentsPlayedDoubles"":null,""pointsRankingSingles"":null,""pointsRankingDoubles"":null,""pointsRankingTotal"":null}"
800594040,Lia Belibova,Lia,Belibova,F,G,MDA,Moldova,,2009,2027,,https://www.itftennis.com/en/players/lia-belibova/800594040/mda/jt/s/,301,310.5,2026-06-02,2026-06-08,"{""playerId"":800594040,""playerFamilyName"":""Belibova"",""playerGivenName"":""Lia"",""playerNationalityCode"":""MDA"",""playerNationality"":""Moldova"",""profileLink"":""/en/players/lia-belibova/800594040/mda/jt/s/"",""gender"":""F"",""hiddenPlayer"":false,""birthYear"":2009,""rankMovement"":1,""rank"":301,""rankEqualFlag"":"""",""tournamentsPlayed"":20,""points"":310.5,""profileImage"":""/media/1489/itf-uk-profile-placeholder-female.jpg?anchor=center&mode=crop&width=54&height=72&rnd=132174204480000000"",""tournamentsPlayedSingles"":null,""tournamentsPlayedDoubles"":null,""pointsRankingSingles"":null,""pointsRankingDoubles"":null,""pointsRankingTotal"":null}"
800653019,Valeria Galyaeva,Valeria,Galyaeva,F,G,RUS,Russia,,2009,2027,,https://www.itftennis.com/en/players/valeria-galyaeva/800653019/rus/jt/s/,302,309.5,2026-06-02,2026-06-08,"{""playerId"":800653019,""playerFamilyName"":""Galyaeva"",""playerGivenName"":""Valeria"",""playerNationalityCode"":""RUS"",""playerNationality"":""Russia"",""profileLink"":""/en/players/valeria-galyaeva/800653019/rus/jt/s/"",""gender"":""F"",""hiddenPlayer"":false,""birthYear"":2009,""rankMovement"":1,""rank"":302,""rankEqualFlag"":"""",""tournamentsPlayed"":28,""points"":309.5,""profileImage"":""/media/1489/itf-uk-profile-placeholder-female.jpg?anchor=center&mode=crop&width=54&height=72&rnd=132174204480000000"",""tournamentsPlayedSingles"":null,""tournamentsPlayedDoubles"":null,""pointsRankingSingles"":null,""pointsRankingDoubles"":null,""pointsRankingTotal"":null}"
800596523,Maja Wrobel,Maja,Wrobel,F,G,POL,Poland,,2008,2026,,https://www.itftennis.com/en/players/maja-wrobel/800596523/pol/jt/s/,303,308.75,2026-06-02,2026-06-08,"{""playerId"":800596523,""playerFamilyName"":""Wrobel"",""playerGivenName"":""Maja"",""playerNationalityCode"":""POL"",""playerNationality"":""Poland"",""profileLink"":""/en/players/maja-wrobel/800596523/pol/jt/s/"",""gender"":""F"",""hiddenPlayer"":false,""birthYear"":2008,""rankMovement"":-16,""rank"":303,""rankEqualFlag"":"""",""tournamentsPlayed"":23,""points"":308.75,""profileImage"":""/media/1489/itf-uk-profile-placeholder-female.jpg?anchor=center&mode=crop&width=54&height=72&rnd=132174204480000000"",""tournamentsPlayedSingles"":null,""tournamentsPlayedDoubles"":null,""pointsRankingSingles"":null,""pointsRankingDoubles"":null,""pointsRankingTotal"":null}"
800682591,Ava Beck,Ava,Beck,F,G,AUS,Australia,,2008,2026,,https://www.itftennis.com/en/players/ava-beck/800682591/aus/jt/s/,304,306.5,2026-06-02,2026-06-08,"{""playerId"":800682591,""playerFamilyName"":""Beck"",""playerGivenName"":""Ava"",""playerNationalityCode"":""AUS"",""playerNationality"":""Australia"",""profileLink"":""/en/players/ava-beck/800682591/aus/jt/s/"",""gender"":""F"",""hiddenPlayer"":false,""birthYear"":2008,""rankMovement"":0,""rank"":304,""rankEqualFlag"":"""",""tournamentsPlayed"":14,""points"":306.5,""profileImage"":""/media/1489/itf-uk-profile-placeholder-female.jpg?anchor=center&mode=crop&width=54&height=72&rnd=132174204480000000"",""tournamentsPlayedSingles"":null,""tournamentsPlayedDoubles"":null,""pointsRankingSingles"":null,""pointsRankingDoubles"":null,""pointsRankingTotal"":null}"
800693916,Luciana Luna,Luciana,Luna,F,G,PER,Peru,,2010,2028,,https://www.itftennis.com/en/players/luciana-luna/800693916/per/jt/s/,305,305.5,2026-06-02,2026-06-08,"{""playerId"":800693916,""playerFamilyName"":""Luna"",""playerGivenName"":""Luciana"",""playerNationalityCode"":""PER"",""playerNationality"":""Peru"",""profileLink"":""/en/players/luciana-luna/800693916/per/jt/s/"",""gender"":""F"",""hiddenPlayer"":false,""birthYear"":2010,""rankMovement"":1,""rank"":305,""rankEqualFlag"":"""",""tournamentsPlayed"":29,""points"":305.5,""profileImage"":""/media/1489/itf-uk-profile-placeholder-female.jpg?anchor=center&mode=crop&width=54&height=72&rnd=132174204480000000"",""tournamentsPlayedSingles"":null,""tournamentsPlayedDoubles"":null,""pointsRankingSingles"":null,""pointsRankingDoubles"":null,""pointsRankingTotal"":null}"
800655627,Silvana Fajardo,Silvana,Fajardo,F,G,PER,Peru,,2009,2027,,https://www.itftennis.com/en/players/silvana-fajardo/800655627/per/jt/s/,306,304.25,2026-06-02,2026-06-08,"{""playerId"":800655627,""playerFamilyName"":""Fajardo"",""playerGivenName"":""Silvana"",""playerNationalityCode"":""PER"",""playerNationality"":""Peru"",""profileLink"":""/en/players/silvana-fajardo/800655627/per/jt/s/"",""gender"":""F"",""hiddenPlayer"":false,""birthYear"":2009,""rankMovement"":1,""rank"":306,""rankEqualFlag"":"""",""tournamentsPlayed"":23,""points"":304.25,""profileImage"":""/media/1489/itf-uk-profile-placeholder-female.jpg?anchor=center&mode=crop&width=54&height=72&rnd=132174204480000000"",""tournamentsPlayedSingles"":null,""tournamentsPlayedDoubles"":null,""pointsRankingSingles"":null,""pointsRankingDoubles"":null,""pointsRankingTotal"":null}"
800671762,Elizaveta Nalesnik,Elizaveta,Nalesnik,F,G,RUS,Russia,,2011,2029,,https://www.itftennis.com/en/players/elizaveta-nalesnik/800671762/rus/jt/s/,307,302.5,2026-06-02,2026-06-08,"{""playerId"":800671762,""playerFamilyName"":""Nalesnik"",""playerGivenName"":""Elizaveta"",""playerNationalityCode"":""RUS"",""playerNationality"":""Russia"",""profileLink"":""/en/players/elizaveta-nalesnik/800671762/rus/jt/s/"",""gender"":""F"",""hiddenPlayer"":false,""birthYear"":2011,""rankMovement"":1,""rank"":307,""rankEqualFlag"":"""",""tournamentsPlayed"":24,""points"":302.5,""profileImage"":""/media/1489/itf-uk-profile-placeholder-female.jpg?anchor=center&mode=crop&width=54&height=72&rnd=132174204480000000"",""tournamentsPlayedSingles"":null,""tournamentsPlayedDoubles"":null,""pointsRankingSingles"":null,""pointsRankingDoubles"":null,""pointsRankingTotal"":null}"
800795881,Ziduan Zhao,Ziduan,Zhao,F,G,CHN,"China, P.R.",,2010,2028,,https://www.itftennis.com/en/players/ziduan-zhao/800795881/chn/jt/s/,308,300.5,2026-06-02,2026-06-08,"{""playerId"":800795881,""playerFamilyName"":""Zhao"",""playerGivenName"":""Ziduan"",""playerNationalityCode"":""CHN"",""playerNationality"":""China, P.R."",""profileLink"":""/en/players/ziduan-zhao/800795881/chn/jt/s/"",""gender"":""F"",""hiddenPlayer"":false,""birthYear"":2010,""rankMovement"":46,""rank"":308,""rankEqualFlag"":"""",""tournamentsPlayed"":22,""points"":300.5,""profileImage"":""/media/1489/itf-uk-profile-placeholder-female.jpg?anchor=center&mode=crop&width=54&height=72&rnd=132174204480000000"",""tournamentsPlayedSingles"":null,""tournamentsPlayedDoubles"":null,""pointsRankingSingles"":null,""pointsRankingDoubles"":null,""pointsRankingTotal"":null}"
800713070,Eve Thibault,Eve,Thibault,F,G,CAN,Canada,,2010,2028,,https://www.itftennis.com/en/players/eve-thibault/800713070/can/jt/s/,309,298,2026-06-02,2026-06-08,"{""playerId"":800713070,""playerFamilyName"":""Thibault"",""playerGivenName"":""Eve"",""playerNationalityCode"":""CAN"",""playerNationality"":""Canada"",""profileLink"":""/en/players/eve-thibault/800713070/can/jt/s/"",""gender"":""F"",""hiddenPlayer"":false,""birthYear"":2010,""rankMovement"":43,""rank"":309,""rankEqualFlag"":"""",""tournamentsPlayed"":34,""points"":298,""profileImage"":""/media/1489/itf-uk-profile-placeholder-female.jpg?anchor=center&mode=crop&width=54&height=72&rnd=132174204480000000"",""tournamentsPlayedSingles"":null,""tournamentsPlayedDoubles"":null,""pointsRankingSingles"":null,""pointsRankingDoubles"":null,""pointsRankingTotal"":null}"
800689265,Aoi Watanabe,Aoi,Watanabe,F,G,JPN,Japan,,2009,2027,,https://www.itftennis.com/en/players/aoi-watanabe/800689265/jpn/jt/s/,310,297.5,2026-06-02,2026-06-08,"{""playerId"":800689265,""playerFamilyName"":""Watanabe"",""playerGivenName"":""Aoi"",""playerNationalityCode"":""JPN"",""playerNationality"":""Japan"",""profileLink"":""/en/players/aoi-watanabe/800689265/jpn/jt/s/"",""gender"":""F"",""hiddenPlayer"":false,""birthYear"":2009,""rankMovement"":0,""rank"":310,""rankEqualFlag"":"""",""tournamentsPlayed"":29,""points"":297.5,""profileImage"":""/media/1489/itf-uk-profile-placeholder-female.jpg?anchor=center&mode=crop&width=54&height=72&rnd=132174204480000000"",""tournamentsPlayedSingles"":null,""tournamentsPlayedDoubles"":null,""pointsRankingSingles"":null,""pointsRankingDoubles"":null,""pointsRankingTotal"":null}"
800709080,Kaya Moe,Kaya,Moe,F,G,USA,USA,,2008,2026,,https://www.itftennis.com/en/players/kaya-moe/800709080/usa/jt/s/,311,296.75,2026-06-02,2026-06-08,"{""playerId"":800709080,""playerFamilyName"":""Moe"",""playerGivenName"":""Kaya"",""playerNationalityCode"":""USA"",""playerNationality"":""USA"",""profileLink"":""/en/players/kaya-moe/800709080/usa/jt/s/"",""gender"":""F"",""hiddenPlayer"":false,""birthYear"":2008,""rankMovement"":0,""rank"":311,""rankEqualFlag"":"""",""tournamentsPlayed"":15,""points"":296.75,""profileImage"":""/media/1489/itf-uk-profile-placeholder-female.jpg?anchor=center&mode=crop&width=54&height=72&rnd=132174204480000000"",""tournamentsPlayedSingles"":null,""tournamentsPlayedDoubles"":null,""pointsRankingSingles"":null,""pointsRankingDoubles"":null,""pointsRankingTotal"":null}"
800691559,Ameliia Kononenko,Ameliia,Kononenko,F,G,RUS,Russia,,2011,2029,,https://www.itftennis.com/en/players/ameliia-kononenko/800691559/rus/jt/s/,312,295,2026-06-02,2026-06-08,"{""playerId"":800691559,""playerFamilyName"":""Kononenko"",""playerGivenName"":""Ameliia"",""playerNationalityCode"":""RUS"",""playerNationality"":""Russia"",""profileLink"":""/en/players/ameliia-kononenko/800691559/rus/jt/s/"",""gender"":""F"",""hiddenPlayer"":false,""birthYear"":2011,""rankMovement"":0,""rank"":312,""rankEqualFlag"":"""",""tournamentsPlayed"":24,""points"":295,""profileImage"":""/media/1489/itf-uk-profile-placeholder-female.jpg?anchor=center&mode=crop&width=54&height=72&rnd=132174204480000000"",""tournamentsPlayedSingles"":null,""tournamentsPlayedDoubles"":null,""pointsRankingSingles"":null,""pointsRankingDoubles"":null,""pointsRankingTotal"":null}"
800670972,Lucia Gale,Lucia,Gale,F,G,NZL,New Zealand,,2008,2026,,https://www.itftennis.com/en/players/lucia-gale/800670972/nzl/jt/s/,313,294.25,2026-06-02,2026-06-08,"{""playerId"":800670972,""playerFamilyName"":""Gale"",""playerGivenName"":""Lucia"",""playerNationalityCode"":""NZL"",""playerNationality"":""New Zealand"",""profileLink"":""/en/players/lucia-gale/800670972/nzl/jt/s/"",""gender"":""F"",""hiddenPlayer"":false,""birthYear"":2008,""rankMovement"":0,""rank"":313,""rankEqualFlag"":"""",""tournamentsPlayed"":16,""points"":294.25,""profileImage"":""/media/1489/itf-uk-profile-placeholder-female.jpg?anchor=center&mode=crop&width=54&height=72&rnd=132174204480000000"",""tournamentsPlayedSingles"":null,""tournamentsPlayedDoubles"":null,""pointsRankingSingles"":null,""pointsRankingDoubles"":null,""pointsRankingTotal"":null}"
800651750,Vega Aguilar Ferrandez,Vega,Aguilar Ferrandez,F,G,ESP,Spain,,2009,2027,,https://www.itftennis.com/en/players/vega-aguilar-ferrandez/800651750/esp/jt/s/,314,293.75,2026-06-02,2026-06-08,"{""playerId"":800651750,""playerFamilyName"":""Aguilar Ferrandez"",""playerGivenName"":""Vega"",""playerNationalityCode"":""ESP"",""playerNationality"":""Spain"",""profileLink"":""/en/players/vega-aguilar-ferrandez/800651750/esp/jt/s/"",""gender"":""F"",""hiddenPlayer"":false,""birthYear"":2009,""rankMovement"":0,""rank"":314,""rankEqualFlag"":"""",""tournamentsPlayed"":36,""points"":293.75,""profileImage"":""/media/1489/itf-uk-profile-placeholder-female.jpg?anchor=center&mode=crop&width=54&height=72&rnd=132174204480000000"",""tournamentsPlayedSingles"":null,""tournamentsPlayedDoubles"":null,""pointsRankingSingles"":null,""pointsRankingDoubles"":null,""pointsRankingTotal"":null}"
800732650,Reiley Rhodes,Reiley,Rhodes,F,G,USA,USA,,2009,2027,,https://www.itftennis.com/en/players/reiley-rhodes/800732650/usa/jt/s/,315,292.5,2026-06-02,2026-06-08,"{""playerId"":800732650,""playerFamilyName"":""Rhodes"",""playerGivenName"":""Reiley"",""playerNationalityCode"":""USA"",""playerNationality"":""USA"",""profileLink"":""/en/players/reiley-rhodes/800732650/usa/jt/s/"",""gender"":""F"",""hiddenPlayer"":false,""birthYear"":2009,""rankMovement"":0,""rank"":315,""rankEqualFlag"":"""",""tournamentsPlayed"":23,""points"":292.5,""profileImage"":""/media/1489/itf-uk-profile-placeholder-female.jpg?anchor=center&mode=crop&width=54&height=72&rnd=132174204480000000"",""tournamentsPlayedSingles"":null,""tournamentsPlayedDoubles"":null,""pointsRankingSingles"":null,""pointsRankingDoubles"":null,""pointsRankingTotal"":null}"
800713253,Emanuela Lares,Emanuela,Lares,F,G,COL,Colombia,,2010,2028,,https://www.itftennis.com/en/players/emanuela-lares/800713253/col/jt/s/,316,292.5,2026-06-02,2026-06-08,"{""playerId"":800713253,""playerFamilyName"":""Lares"",""playerGivenName"":""Emanuela"",""playerNationalityCode"":""COL"",""playerNationality"":""Colombia"",""profileLink"":""/en/players/emanuela-lares/800713253/col/jt/s/"",""gender"":""F"",""hiddenPlayer"":false,""birthYear"":2010,""rankMovement"":22,""rank"":316,""rankEqualFlag"":"""",""tournamentsPlayed"":22,""points"":292.5,""profileImage"":""/media/1489/itf-uk-profile-placeholder-female.jpg?anchor=center&mode=crop&width=54&height=72&rnd=132174204480000000"",""tournamentsPlayedSingles"":null,""tournamentsPlayedDoubles"":null,""pointsRankingSingles"":null,""pointsRankingDoubles"":null,""pointsRankingTotal"":null}"
800734994,Anastasia Pleskun,Anastasia,Pleskun,F,G,USA,USA,,2009,2027,,https://www.itftennis.com/en/players/anastasia-pleskun/800734994/usa/jt/s/,317,292,2026-06-02,2026-06-08,"{""playerId"":800734994,""playerFamilyName"":""Pleskun"",""playerGivenName"":""Anastasia"",""playerNationalityCode"":""USA"",""playerNationality"":""USA"",""profileLink"":""/en/players/anastasia-pleskun/800734994/usa/jt/s/"",""gender"":""F"",""hiddenPlayer"":false,""birthYear"":2009,""rankMovement"":-1,""rank"":317,""rankEqualFlag"":"""",""tournamentsPlayed"":11,""points"":292,""profileImage"":""/media/1489/itf-uk-profile-placeholder-female.jpg?anchor=center&mode=crop&width=54&height=72&rnd=132174204480000000"",""tournamentsPlayedSingles"":null,""tournamentsPlayedDoubles"":null,""pointsRankingSingles"":null,""pointsRankingDoubles"":null,""pointsRankingTotal"":null}"
800686378,Ema Chladova,Ema,Chladova,F,G,CZE,Czechia,,2010,2028,,https://www.itftennis.com/en/players/ema-chladova/800686378/cze/jt/s/,318,292,2026-06-02,2026-06-08,"{""playerId"":800686378,""playerFamilyName"":""Chladova"",""playerGivenName"":""Ema"",""playerNationalityCode"":""CZE"",""playerNationality"":""Czechia"",""profileLink"":""/en/players/ema-chladova/800686378/cze/jt/s/"",""gender"":""F"",""hiddenPlayer"":false,""birthYear"":2010,""rankMovement"":-1,""rank"":318,""rankEqualFlag"":"""",""tournamentsPlayed"":17,""points"":292,""profileImage"":""/media/1489/itf-uk-profile-placeholder-female.jpg?anchor=center&mode=crop&width=54&height=72&rnd=132174204480000000"",""tournamentsPlayedSingles"":null,""tournamentsPlayedDoubles"":null,""pointsRankingSingles"":null,""pointsRankingDoubles"":null,""pointsRankingTotal"":null}"
800777696,Berrak Kocak,Berrak,Kocak,F,G,TUR,Turkiye,,2008,2026,,https://www.itftennis.com/en/players/berrak-kocak/800777696/tur/jt/s/,319,290.5,2026-06-02,2026-06-08,"{""playerId"":800777696,""playerFamilyName"":""Kocak"",""playerGivenName"":""Berrak"",""playerNationalityCode"":""TUR"",""playerNationality"":""Turkiye"",""profileLink"":""/en/players/berrak-kocak/800777696/tur/jt/s/"",""gender"":""F"",""hiddenPlayer"":false,""birthYear"":2008,""rankMovement"":-1,""rank"":319,""rankEqualFlag"":"""",""tournamentsPlayed"":27,""points"":290.5,""profileImage"":""/media/1489/itf-uk-profile-placeholder-female.jpg?anchor=center&mode=crop&width=54&height=72&rnd=132174204480000000"",""tournamentsPlayedSingles"":null,""tournamentsPlayedDoubles"":null,""pointsRankingSingles"":null,""pointsRankingDoubles"":null,""pointsRankingTotal"":null}"
800671198,Montserrat Marron Baruqui,Montserrat,Marron Baruqui,F,G,MEX,Mexico,,2008,2026,,https://www.itftennis.com/en/players/montserrat-marron-baruqui/800671198/mex/jt/s/,320,287.5,2026-06-02,2026-06-08,"{""playerId"":800671198,""playerFamilyName"":""Marron Baruqui"",""playerGivenName"":""Montserrat"",""playerNationalityCode"":""MEX"",""playerNationality"":""Mexico"",""profileLink"":""/en/players/montserrat-marron-baruqui/800671198/mex/jt/s/"",""gender"":""F"",""hiddenPlayer"":false,""birthYear"":2008,""rankMovement"":-1,""rank"":320,""rankEqualFlag"":"""",""tournamentsPlayed"":48,""points"":287.5,""profileImage"":""/media/1489/itf-uk-profile-placeholder-female.jpg?anchor=center&mode=crop&width=54&height=72&rnd=132174204480000000"",""tournamentsPlayedSingles"":null,""tournamentsPlayedDoubles"":null,""pointsRankingSingles"":null,""pointsRankingDoubles"":null,""pointsRankingTotal"":null}"
800681654,REI MIYAMOTO,REI,MIYAMOTO,F,G,JPN,Japan,,2010,2028,,https://www.itftennis.com/en/players/rei-miyamoto/800681654/jpn/jt/s/,321,287.5,2026-06-02,2026-06-08,"{""playerId"":800681654,""playerFamilyName"":""MIYAMOTO"",""playerGivenName"":""REI"",""playerNationalityCode"":""JPN"",""playerNationality"":""Japan"",""profileLink"":""/en/players/rei-miyamoto/800681654/jpn/jt/s/"",""gender"":""F"",""hiddenPlayer"":false,""birthYear"":2010,""rankMovement"":-1,""rank"":321,""rankEqualFlag"":"""",""tournamentsPlayed"":22,""points"":287.5,""profileImage"":""/media/1489/itf-uk-profile-placeholder-female.jpg?anchor=center&mode=crop&width=54&height=72&rnd=132174204480000000"",""tournamentsPlayedSingles"":null,""tournamentsPlayedDoubles"":null,""pointsRankingSingles"":null,""pointsRankingDoubles"":null,""pointsRankingTotal"":null}"
800668392,Rosie Cho,Rosie,Cho,F,G,GBR,Great Britain,,2010,2028,,https://www.itftennis.com/en/players/rosie-cho/800668392/gbr/jt/s/,322,286.25,2026-06-02,2026-06-08,"{""playerId"":800668392,""playerFamilyName"":""Cho"",""playerGivenName"":""Rosie"",""playerNationalityCode"":""GBR"",""playerNationality"":""Great Britain"",""profileLink"":""/en/players/rosie-cho/800668392/gbr/jt/s/"",""gender"":""F"",""hiddenPlayer"":false,""birthYear"":2010,""rankMovement"":-1,""rank"":322,""rankEqualFlag"":"""",""tournamentsPlayed"":20,""points"":286.25,""profileImage"":""/media/1489/itf-uk-profile-placeholder-female.jpg?anchor=center&mode=crop&width=54&height=72&rnd=132174204480000000"",""tournamentsPlayedSingles"":null,""tournamentsPlayedDoubles"":null,""pointsRankingSingles"":null,""pointsRankingDoubles"":null,""pointsRankingTotal"":null}"
800695465,Abril Cardenas Olivares,Abril,Cardenas Olivares,F,G,MEX,Mexico,,2009,2027,,https://www.itftennis.com/en/players/abril-cardenas-olivares/800695465/mex/jt/s/,323,286,2026-06-02,2026-06-08,"{""playerId"":800695465,""playerFamilyName"":""Cardenas Olivares"",""playerGivenName"":""Abril"",""playerNationalityCode"":""MEX"",""playerNationality"":""Mexico"",""profileLink"":""/en/players/abril-cardenas-olivares/800695465/mex/jt/s/"",""gender"":""F"",""hiddenPlayer"":false,""birthYear"":2009,""rankMovement"":-1,""rank"":323,""rankEqualFlag"":"""",""tournamentsPlayed"":34,""points"":286,""profileImage"":""/media/1489/itf-uk-profile-placeholder-female.jpg?anchor=center&mode=crop&width=54&height=72&rnd=132174204480000000"",""tournamentsPlayedSingles"":null,""tournamentsPlayedDoubles"":null,""pointsRankingSingles"":null,""pointsRankingDoubles"":null,""pointsRankingTotal"":null}"
800659780,Viktoria Novakova,Viktoria,Novakova,F,G,SVK,Slovakia,,2010,2028,,https://www.itftennis.com/en/players/viktoria-novakova/800659780/svk/jt/s/,324,284.75,2026-06-02,2026-06-08,"{""playerId"":800659780,""playerFamilyName"":""Novakova"",""playerGivenName"":""Viktoria"",""playerNationalityCode"":""SVK"",""playerNationality"":""Slovakia"",""profileLink"":""/en/players/viktoria-novakova/800659780/svk/jt/s/"",""gender"":""F"",""hiddenPlayer"":false,""birthYear"":2010,""rankMovement"":-1,""rank"":324,""rankEqualFlag"":"""",""tournamentsPlayed"":22,""points"":284.75,""profileImage"":""/media/1489/itf-uk-profile-placeholder-female.jpg?anchor=center&mode=crop&width=54&height=72&rnd=132174204480000000"",""tournamentsPlayedSingles"":null,""tournamentsPlayedDoubles"":null,""pointsRankingSingles"":null,""pointsRankingDoubles"":null,""pointsRankingTotal"":null}"
800638775,Greta Nemcsek,Greta,Nemcsek,F,G,HUN,Hungary,,2009,2027,,https://www.itftennis.com/en/players/greta-nemcsek/800638775/hun/jt/s/,325,284.5,2026-06-02,2026-06-08,"{""playerId"":800638775,""playerFamilyName"":""Nemcsek"",""playerGivenName"":""Greta"",""playerNationalityCode"":""HUN"",""playerNationality"":""Hungary"",""profileLink"":""/en/players/greta-nemcsek/800638775/hun/jt/s/"",""gender"":""F"",""hiddenPlayer"":false,""birthYear"":2009,""rankMovement"":-1,""rank"":325,""rankEqualFlag"":"""",""tournamentsPlayed"":18,""points"":284.5,""profileImage"":""/media/1489/itf-uk-profile-placeholder-female.jpg?anchor=center&mode=crop&width=54&height=72&rnd=132174204480000000"",""tournamentsPlayedSingles"":null,""tournamentsPlayedDoubles"":null,""pointsRankingSingles"":null,""pointsRankingDoubles"":null,""pointsRankingTotal"":null}"
800773164,Jinling Shi,Jinling,Shi,F,G,CHN,"China, P.R.",,2010,2028,,https://www.itftennis.com/en/players/jinling-shi/800773164/chn/jt/s/,326,284.5,2026-06-02,2026-06-08,"{""playerId"":800773164,""playerFamilyName"":""Shi"",""playerGivenName"":""Jinling"",""playerNationalityCode"":""CHN"",""playerNationality"":""China, P.R."",""profileLink"":""/en/players/jinling-shi/800773164/chn/jt/s/"",""gender"":""F"",""hiddenPlayer"":false,""birthYear"":2010,""rankMovement"":-1,""rank"":326,""rankEqualFlag"":"""",""tournamentsPlayed"":20,""points"":284.5,""profileImage"":""/media/1489/itf-uk-profile-placeholder-female.jpg?anchor=center&mode=crop&width=54&height=72&rnd=132174204480000000"",""tournamentsPlayedSingles"":null,""tournamentsPlayedDoubles"":null,""pointsRankingSingles"":null,""pointsRankingDoubles"":null,""pointsRankingTotal"":null}"
800636412,Victoria Khastsaeva,Victoria,Khastsaeva,F,G,RUS,Russia,,2010,2028,,https://www.itftennis.com/en/players/victoria-khastsaeva/800636412/rus/jt/s/,327,283.5,2026-06-02,2026-06-08,"{""playerId"":800636412,""playerFamilyName"":""Khastsaeva"",""playerGivenName"":""Victoria"",""playerNationalityCode"":""RUS"",""playerNationality"":""Russia"",""profileLink"":""/en/players/victoria-khastsaeva/800636412/rus/jt/s/"",""gender"":""F"",""hiddenPlayer"":false,""birthYear"":2010,""rankMovement"":-1,""rank"":327,""rankEqualFlag"":"""",""tournamentsPlayed"":24,""points"":283.5,""profileImage"":""/media/1489/itf-uk-profile-placeholder-female.jpg?anchor=center&mode=crop&width=54&height=72&rnd=132174204480000000"",""tournamentsPlayedSingles"":null,""tournamentsPlayedDoubles"":null,""pointsRankingSingles"":null,""pointsRankingDoubles"":null,""pointsRankingTotal"":null}"
800672181,Alessandra Fiorillo,Alessandra,Fiorillo,F,G,ITA,Italy,,2008,2026,,https://www.itftennis.com/en/players/alessandra-fiorillo/800672181/ita/jt/s/,328,282.75,2026-06-02,2026-06-08,"{""playerId"":800672181,""playerFamilyName"":""Fiorillo"",""playerGivenName"":""Alessandra"",""playerNationalityCode"":""ITA"",""playerNationality"":""Italy"",""profileLink"":""/en/players/alessandra-fiorillo/800672181/ita/jt/s/"",""gender"":""F"",""hiddenPlayer"":false,""birthYear"":2008,""rankMovement"":-1,""rank"":328,""rankEqualFlag"":"""",""tournamentsPlayed"":30,""points"":282.75,""profileImage"":""/media/1489/itf-uk-profile-placeholder-female.jpg?anchor=center&mode=crop&width=54&height=72&rnd=132174204480000000"",""tournamentsPlayedSingles"":null,""tournamentsPlayedDoubles"":null,""pointsRankingSingles"":null,""pointsRankingDoubles"":null,""pointsRankingTotal"":null}"
800635959,Sophie Ray,Sophie,Ray,F,G,NED,Netherlands,,2009,2027,,https://www.itftennis.com/en/players/sophie-ray/800635959/ned/jt/s/,329,281,2026-06-02,2026-06-08,"{""playerId"":800635959,""playerFamilyName"":""Ray"",""playerGivenName"":""Sophie"",""playerNationalityCode"":""NED"",""playerNationality"":""Netherlands"",""profileLink"":""/en/players/sophie-ray/800635959/ned/jt/s/"",""gender"":""F"",""hiddenPlayer"":false,""birthYear"":2009,""rankMovement"":-1,""rank"":329,""rankEqualFlag"":"""",""tournamentsPlayed"":35,""points"":281,""profileImage"":""/media/1489/itf-uk-profile-placeholder-female.jpg?anchor=center&mode=crop&width=54&height=72&rnd=132174204480000000"",""tournamentsPlayedSingles"":null,""tournamentsPlayedDoubles"":null,""pointsRankingSingles"":null,""pointsRankingDoubles"":null,""pointsRankingTotal"":null}"
800667968,Suha Lee,Suha,Lee,F,G,KOR,"Korea, Rep.",,2008,2026,,https://www.itftennis.com/en/players/suha-lee/800667968/kor/jt/s/,330,277.5,2026-06-02,2026-06-08,"{""playerId"":800667968,""playerFamilyName"":""Lee"",""playerGivenName"":""Suha"",""playerNationalityCode"":""KOR"",""playerNationality"":""Korea, Rep."",""profileLink"":""/en/players/suha-lee/800667968/kor/jt/s/"",""gender"":""F"",""hiddenPlayer"":false,""birthYear"":2008,""rankMovement"":-1,""rank"":330,""rankEqualFlag"":"""",""tournamentsPlayed"":4,""points"":277.5,""profileImage"":""/media/1489/itf-uk-profile-placeholder-female.jpg?anchor=center&mode=crop&width=54&height=72&rnd=132174204480000000"",""tournamentsPlayedSingles"":null,""tournamentsPlayedDoubles"":null,""pointsRankingSingles"":null,""pointsRankingDoubles"":null,""pointsRankingTotal"":null}"
800688040,Marta Gayoso de los Rios,Marta,Gayoso de los Rios,F,G,ESP,Spain,,2009,2027,,https://www.itftennis.com/en/players/marta-gayoso-de-los-rios/800688040/esp/jt/s/,331,277.25,2026-06-02,2026-06-08,"{""playerId"":800688040,""playerFamilyName"":""Gayoso de los Rios"",""playerGivenName"":""Marta"",""playerNationalityCode"":""ESP"",""playerNationality"":""Spain"",""profileLink"":""/en/players/marta-gayoso-de-los-rios/800688040/esp/jt/s/"",""gender"":""F"",""hiddenPlayer"":false,""birthYear"":2009,""rankMovement"":-1,""rank"":331,""rankEqualFlag"":"""",""tournamentsPlayed"":17,""points"":277.25,""profileImage"":""/media/1489/itf-uk-profile-placeholder-female.jpg?anchor=center&mode=crop&width=54&height=72&rnd=132174204480000000"",""tournamentsPlayedSingles"":null,""tournamentsPlayedDoubles"":null,""pointsRankingSingles"":null,""pointsRankingDoubles"":null,""pointsRankingTotal"":null}"
800594278,Luca Kalman,Luca,Kalman,F,G,HUN,Hungary,,2009,2027,,https://www.itftennis.com/en/players/luca-kalman/800594278/hun/jt/s/,332,276.5,2026-06-02,2026-06-08,"{""playerId"":800594278,""playerFamilyName"":""Kalman"",""playerGivenName"":""Luca"",""playerNationalityCode"":""HUN"",""playerNationality"":""Hungary"",""profileLink"":""/en/players/luca-kalman/800594278/hun/jt/s/"",""gender"":""F"",""hiddenPlayer"":false,""birthYear"":2009,""rankMovement"":-1,""rank"":332,""rankEqualFlag"":"""",""tournamentsPlayed"":31,""points"":276.5,""profileImage"":""/media/1489/itf-uk-profile-placeholder-female.jpg?anchor=center&mode=crop&width=54&height=72&rnd=132174204480000000"",""tournamentsPlayedSingles"":null,""tournamentsPlayedDoubles"":null,""pointsRankingSingles"":null,""pointsRankingDoubles"":null,""pointsRankingTotal"":null}"
800645387,Radmila Rakhmatullina,Radmila,Rakhmatullina,F,G,RUS,Russia,,2009,2027,,https://www.itftennis.com/en/players/radmila-rakhmatullina/800645387/rus/jt/s/,333,275,2026-06-02,2026-06-08,"{""playerId"":800645387,""playerFamilyName"":""Rakhmatullina"",""playerGivenName"":""Radmila"",""playerNationalityCode"":""RUS"",""playerNationality"":""Russia"",""profileLink"":""/en/players/radmila-rakhmatullina/800645387/rus/jt/s/"",""gender"":""F"",""hiddenPlayer"":false,""birthYear"":2009,""rankMovement"":-1,""rank"":333,""rankEqualFlag"":"""",""tournamentsPlayed"":32,""points"":275,""profileImage"":""/media/1489/itf-uk-profile-placeholder-female.jpg?anchor=center&mode=crop&width=54&height=72&rnd=132174204480000000"",""tournamentsPlayedSingles"":null,""tournamentsPlayedDoubles"":null,""pointsRankingSingles"":null,""pointsRankingDoubles"":null,""pointsRankingTotal"":null}"
800587894,Aishwarya Jadhav,Aishwarya,Jadhav,F,G,IND,India,,2008,2026,,https://www.itftennis.com/en/players/aishwarya-jadhav/800587894/ind/jt/s/,334,275,2026-06-02,2026-06-08,"{""playerId"":800587894,""playerFamilyName"":""Jadhav"",""playerGivenName"":""Aishwarya"",""playerNationalityCode"":""IND"",""playerNationality"":""India"",""profileLink"":""/en/players/aishwarya-jadhav/800587894/ind/jt/s/"",""gender"":""F"",""hiddenPlayer"":false,""birthYear"":2008,""rankMovement"":-1,""rank"":334,""rankEqualFlag"":"""",""tournamentsPlayed"":20,""points"":275,""profileImage"":""/media/1489/itf-uk-profile-placeholder-female.jpg?anchor=center&mode=crop&width=54&height=72&rnd=132174204480000000"",""tournamentsPlayedSingles"":null,""tournamentsPlayedDoubles"":null,""pointsRankingSingles"":null,""pointsRankingDoubles"":null,""pointsRankingTotal"":null}"
800655606,Hila Buhadana,Hila,Buhadana,F,G,ISR,Israel,,2010,2028,,https://www.itftennis.com/en/players/hila-buhadana/800655606/isr/jt/s/,335,275,2026-06-02,2026-06-08,"{""playerId"":800655606,""playerFamilyName"":""Buhadana"",""playerGivenName"":""Hila"",""playerNationalityCode"":""ISR"",""playerNationality"":""Israel"",""profileLink"":""/en/players/hila-buhadana/800655606/isr/jt/s/"",""gender"":""F"",""hiddenPlayer"":false,""birthYear"":2010,""rankMovement"":-1,""rank"":335,""rankEqualFlag"":"""",""tournamentsPlayed"":22,""points"":275,""profileImage"":""/media/1489/itf-uk-profile-placeholder-female.jpg?anchor=center&mode=crop&width=54&height=72&rnd=132174204480000000"",""tournamentsPlayedSingles"":null,""tournamentsPlayedDoubles"":null,""pointsRankingSingles"":null,""pointsRankingDoubles"":null,""pointsRankingTotal"":null}"
800638368,Gloria Pop,Gloria,Pop,F,G,ROU,Romania,,2009,2027,,https://www.itftennis.com/en/players/gloria-pop/800638368/rou/jt/s/,336,272.75,2026-06-02,2026-06-08,"{""playerId"":800638368,""playerFamilyName"":""Pop"",""playerGivenName"":""Gloria"",""playerNationalityCode"":""ROU"",""playerNationality"":""Romania"",""profileLink"":""/en/players/gloria-pop/800638368/rou/jt/s/"",""gender"":""F"",""hiddenPlayer"":false,""birthYear"":2009,""rankMovement"":-1,""rank"":336,""rankEqualFlag"":"""",""tournamentsPlayed"":13,""points"":272.75,""profileImage"":""/media/1489/itf-uk-profile-placeholder-female.jpg?anchor=center&mode=crop&width=54&height=72&rnd=132174204480000000"",""tournamentsPlayedSingles"":null,""tournamentsPlayedDoubles"":null,""pointsRankingSingles"":null,""pointsRankingDoubles"":null,""pointsRankingTotal"":null}"
800677160,larissa silenci,larissa,silenci,F,G,BRA,Brazil,,2010,2028,,https://www.itftennis.com/en/players/larissa-silenci/800677160/bra/jt/s/,337,271.5,2026-06-02,2026-06-08,"{""playerId"":800677160,""playerFamilyName"":""silenci"",""playerGivenName"":""larissa"",""playerNationalityCode"":""BRA"",""playerNationality"":""Brazil"",""profileLink"":""/en/players/larissa-silenci/800677160/bra/jt/s/"",""gender"":""F"",""hiddenPlayer"":false,""birthYear"":2010,""rankMovement"":-1,""rank"":337,""rankEqualFlag"":"""",""tournamentsPlayed"":29,""points"":271.5,""profileImage"":""/media/1489/itf-uk-profile-placeholder-female.jpg?anchor=center&mode=crop&width=54&height=72&rnd=132174204480000000"",""tournamentsPlayedSingles"":null,""tournamentsPlayedDoubles"":null,""pointsRankingSingles"":null,""pointsRankingDoubles"":null,""pointsRankingTotal"":null}"
800543453,Satima Toregen,Satima,Toregen,F,G,KAZ,Kazakhstan,,2008,2026,,https://www.itftennis.com/en/players/satima-toregen/800543453/kaz/jt/s/,338,271.5,2026-06-02,2026-06-08,"{""playerId"":800543453,""playerFamilyName"":""Toregen"",""playerGivenName"":""Satima"",""playerNationalityCode"":""KAZ"",""playerNationality"":""Kazakhstan"",""profileLink"":""/en/players/satima-toregen/800543453/kaz/jt/s/"",""gender"":""F"",""hiddenPlayer"":false,""birthYear"":2008,""rankMovement"":-47,""rank"":338,""rankEqualFlag"":"""",""tournamentsPlayed"":34,""points"":271.5,""profileImage"":""/media/1489/itf-uk-profile-placeholder-female.jpg?anchor=center&mode=crop&width=54&height=72&rnd=132174204480000000"",""tournamentsPlayedSingles"":null,""tournamentsPlayedDoubles"":null,""pointsRankingSingles"":null,""pointsRankingDoubles"":null,""pointsRankingTotal"":null}"
800668842,Yelyzaveta Dovhopol,Yelyzaveta,Dovhopol,F,G,UKR,Ukraine,,2010,2028,,https://www.itftennis.com/en/players/yelyzaveta-dovhopol/800668842/ukr/jt/s/,339,271.5,2026-06-02,2026-06-08,"{""playerId"":800668842,""playerFamilyName"":""Dovhopol"",""playerGivenName"":""Yelyzaveta"",""playerNationalityCode"":""UKR"",""playerNationality"":""Ukraine"",""profileLink"":""/en/players/yelyzaveta-dovhopol/800668842/ukr/jt/s/"",""gender"":""F"",""hiddenPlayer"":false,""birthYear"":2010,""rankMovement"":-2,""rank"":339,""rankEqualFlag"":"""",""tournamentsPlayed"":25,""points"":271.5,""profileImage"":""/media/1489/itf-uk-profile-placeholder-female.jpg?anchor=center&mode=crop&width=54&height=72&rnd=132174204480000000"",""tournamentsPlayedSingles"":null,""tournamentsPlayedDoubles"":null,""pointsRankingSingles"":null,""pointsRankingDoubles"":null,""pointsRankingTotal"":null}"
800647029,Gloria Levinsky,Gloria,Levinsky,F,G,CZE,Czechia,,2010,2028,,https://www.itftennis.com/en/players/gloria-levinsky/800647029/cze/jt/s/,340,270.5,2026-06-02,2026-06-08,"{""playerId"":800647029,""playerFamilyName"":""Levinsky"",""playerGivenName"":""Gloria"",""playerNationalityCode"":""CZE"",""playerNationality"":""Czechia"",""profileLink"":""/en/players/gloria-levinsky/800647029/cze/jt/s/"",""gender"":""F"",""hiddenPlayer"":false,""birthYear"":2010,""rankMovement"":-1,""rank"":340,""rankEqualFlag"":"""",""tournamentsPlayed"":26,""points"":270.5,""profileImage"":""/media/1489/itf-uk-profile-placeholder-female.jpg?anchor=center&mode=crop&width=54&height=72&rnd=132174204480000000"",""tournamentsPlayedSingles"":null,""tournamentsPlayedDoubles"":null,""pointsRankingSingles"":null,""pointsRankingDoubles"":null,""pointsRankingTotal"":null}"
800626938,Melis Yildirim,Melis,Yildirim,F,G,TUR,Turkiye,,2009,2027,,https://www.itftennis.com/en/players/melis-yildirim/800626938/tur/jt/s/,341,268.25,2026-06-02,2026-06-08,"{""playerId"":800626938,""playerFamilyName"":""Yildirim"",""playerGivenName"":""Melis"",""playerNationalityCode"":""TUR"",""playerNationality"":""Turkiye"",""profileLink"":""/en/players/melis-yildirim/800626938/tur/jt/s/"",""gender"":""F"",""hiddenPlayer"":false,""birthYear"":2009,""rankMovement"":-1,""rank"":341,""rankEqualFlag"":"""",""tournamentsPlayed"":27,""points"":268.25,""profileImage"":""/media/1489/itf-uk-profile-placeholder-female.jpg?anchor=center&mode=crop&width=54&height=72&rnd=132174204480000000"",""tournamentsPlayedSingles"":null,""tournamentsPlayedDoubles"":null,""pointsRankingSingles"":null,""pointsRankingDoubles"":null,""pointsRankingTotal"":null}"
800695604,Alicia Reichel,Alicia,Reichel,F,G,BRA,Brazil,,2009,2027,,https://www.itftennis.com/en/players/alicia-reichel/800695604/bra/jt/s/,342,268,2026-06-02,2026-06-08,"{""playerId"":800695604,""playerFamilyName"":""Reichel"",""playerGivenName"":""Alicia"",""playerNationalityCode"":""BRA"",""playerNationality"":""Brazil"",""profileLink"":""/en/players/alicia-reichel/800695604/bra/jt/s/"",""gender"":""F"",""hiddenPlayer"":false,""birthYear"":2009,""rankMovement"":-1,""rank"":342,""rankEqualFlag"":"""",""tournamentsPlayed"":36,""points"":268,""profileImage"":""/media/1489/itf-uk-profile-placeholder-female.jpg?anchor=center&mode=crop&width=54&height=72&rnd=132174204480000000"",""tournamentsPlayedSingles"":null,""tournamentsPlayedDoubles"":null,""pointsRankingSingles"":null,""pointsRankingDoubles"":null,""pointsRankingTotal"":null}"
800647963,Ninon Carpentier,Ninon,Carpentier,F,G,FRA,France,,2010,2028,,https://www.itftennis.com/en/players/ninon-carpentier/800647963/fra/jt/s/,343,268,2026-06-02,2026-06-08,"{""playerId"":800647963,""playerFamilyName"":""Carpentier"",""playerGivenName"":""Ninon"",""playerNationalityCode"":""FRA"",""playerNationality"":""France"",""profileLink"":""/en/players/ninon-carpentier/800647963/fra/jt/s/"",""gender"":""F"",""hiddenPlayer"":false,""birthYear"":2010,""rankMovement"":-1,""rank"":343,""rankEqualFlag"":"""",""tournamentsPlayed"":19,""points"":268,""profileImage"":""/media/1489/itf-uk-profile-placeholder-female.jpg?anchor=center&mode=crop&width=54&height=72&rnd=132174204480000000"",""tournamentsPlayedSingles"":null,""tournamentsPlayedDoubles"":null,""pointsRankingSingles"":null,""pointsRankingDoubles"":null,""pointsRankingTotal"":null}"
800671582,Ohunene Comfort Yakubu,Ohunene Comfort,Yakubu,F,G,NGR,Nigeria,,2008,2026,,https://www.itftennis.com/en/players/ohunene-comfort-yakubu/800671582/ngr/jt/s/,344,268,2026-06-02,2026-06-08,"{""playerId"":800671582,""playerFamilyName"":""Yakubu"",""playerGivenName"":""Ohunene Comfort"",""playerNationalityCode"":""NGR"",""playerNationality"":""Nigeria"",""profileLink"":""/en/players/ohunene-comfort-yakubu/800671582/ngr/jt/s/"",""gender"":""F"",""hiddenPlayer"":false,""birthYear"":2008,""rankMovement"":-1,""rank"":344,""rankEqualFlag"":"""",""tournamentsPlayed"":26,""points"":268,""profileImage"":""/media/1489/itf-uk-profile-placeholder-female.jpg?anchor=center&mode=crop&width=54&height=72&rnd=132174204480000000"",""tournamentsPlayedSingles"":null,""tournamentsPlayedDoubles"":null,""pointsRankingSingles"":null,""pointsRankingDoubles"":null,""pointsRankingTotal"":null}"
800659813,Camila Markus,Camila,Markus,F,G,ARG,Argentina,,2008,2026,,https://www.itftennis.com/en/players/camila-markus/800659813/arg/jt/s/,345,266.5,2026-06-02,2026-06-08,"{""playerId"":800659813,""playerFamilyName"":""Markus"",""playerGivenName"":""Camila"",""playerNationalityCode"":""ARG"",""playerNationality"":""Argentina"",""profileLink"":""/en/players/camila-markus/800659813/arg/jt/s/"",""gender"":""F"",""hiddenPlayer"":false,""birthYear"":2008,""rankMovement"":-1,""rank"":345,""rankEqualFlag"":"""",""tournamentsPlayed"":20,""points"":266.5,""profileImage"":""/media/1489/itf-uk-profile-placeholder-female.jpg?anchor=center&mode=crop&width=54&height=72&rnd=132174204480000000"",""tournamentsPlayedSingles"":null,""tournamentsPlayedDoubles"":null,""pointsRankingSingles"":null,""pointsRankingDoubles"":null,""pointsRankingTotal"":null}"
800603080,Cindy Langlais,Cindy,Langlais,F,G,FRA,France,,2009,2027,,https://www.itftennis.com/en/players/cindy-langlais/800603080/fra/jt/s/,346,266.25,2026-06-02,2026-06-08,"{""playerId"":800603080,""playerFamilyName"":""Langlais"",""playerGivenName"":""Cindy"",""playerNationalityCode"":""FRA"",""playerNationality"":""France"",""profileLink"":""/en/players/cindy-langlais/800603080/fra/jt/s/"",""gender"":""F"",""hiddenPlayer"":false,""birthYear"":2009,""rankMovement"":-37,""rank"":346,""rankEqualFlag"":"""",""tournamentsPlayed"":12,""points"":266.25,""profileImage"":""/media/1489/itf-uk-profile-placeholder-female.jpg?anchor=center&mode=crop&width=54&height=72&rnd=132174204480000000"",""tournamentsPlayedSingles"":null,""tournamentsPlayedDoubles"":null,""pointsRankingSingles"":null,""pointsRankingDoubles"":null,""pointsRankingTotal"":null}"
800713662,Scarlett Dattoli,Scarlett,Dattoli,F,G,AUS,Australia,,2009,2027,,https://www.itftennis.com/en/players/scarlett-dattoli/800713662/aus/jt/s/,347,266,2026-06-02,2026-06-08,"{""playerId"":800713662,""playerFamilyName"":""Dattoli"",""playerGivenName"":""Scarlett"",""playerNationalityCode"":""AUS"",""playerNationality"":""Australia"",""profileLink"":""/en/players/scarlett-dattoli/800713662/aus/jt/s/"",""gender"":""F"",""hiddenPlayer"":false,""birthYear"":2009,""rankMovement"":-2,""rank"":347,""rankEqualFlag"":"""",""tournamentsPlayed"":27,""points"":266,""profileImage"":""/media/1489/itf-uk-profile-placeholder-female.jpg?anchor=center&mode=crop&width=54&height=72&rnd=132174204480000000"",""tournamentsPlayedSingles"":null,""tournamentsPlayedDoubles"":null,""pointsRankingSingles"":null,""pointsRankingDoubles"":null,""pointsRankingTotal"":null}"
800720484,seohyeon kim,seohyeon,kim,F,G,KOR,"Korea, Rep.",,2012,2030,,https://www.itftennis.com/en/players/seohyeon-kim/800720484/kor/jt/s/,348,265.5,2026-06-02,2026-06-08,"{""playerId"":800720484,""playerFamilyName"":""kim"",""playerGivenName"":""seohyeon"",""playerNationalityCode"":""KOR"",""playerNationality"":""Korea, Rep."",""profileLink"":""/en/players/seohyeon-kim/800720484/kor/jt/s/"",""gender"":""F"",""hiddenPlayer"":false,""birthYear"":2012,""rankMovement"":54,""rank"":348,""rankEqualFlag"":"""",""tournamentsPlayed"":15,""points"":265.5,""profileImage"":""/media/1489/itf-uk-profile-placeholder-female.jpg?anchor=center&mode=crop&width=54&height=72&rnd=132174204480000000"",""tournamentsPlayedSingles"":null,""tournamentsPlayedDoubles"":null,""pointsRankingSingles"":null,""pointsRankingDoubles"":null,""pointsRankingTotal"":null}"
800668047,Annabel Wong,Annabel,Wong,F,G,GBR,Great Britain,,2010,2028,,https://www.itftennis.com/en/players/annabel-wong/800668047/gbr/jt/s/,349,264.75,2026-06-02,2026-06-08,"{""playerId"":800668047,""playerFamilyName"":""Wong"",""playerGivenName"":""Annabel"",""playerNationalityCode"":""GBR"",""playerNationality"":""Great Britain"",""profileLink"":""/en/players/annabel-wong/800668047/gbr/jt/s/"",""gender"":""F"",""hiddenPlayer"":false,""birthYear"":2010,""rankMovement"":-3,""rank"":349,""rankEqualFlag"":"""",""tournamentsPlayed"":23,""points"":264.75,""profileImage"":""/media/1489/itf-uk-profile-placeholder-female.jpg?anchor=center&mode=crop&width=54&height=72&rnd=132174204480000000"",""tournamentsPlayedSingles"":null,""tournamentsPlayedDoubles"":null,""pointsRankingSingles"":null,""pointsRankingDoubles"":null,""pointsRankingTotal"":null}"
800659796,Mariia Masliakova,Mariia,Masliakova,F,G,RUS,Russia,,2010,2028,,https://www.itftennis.com/en/players/mariia-masliakova/800659796/rus/jt/s/,350,264.5,2026-06-02,2026-06-08,"{""playerId"":800659796,""playerFamilyName"":""Masliakova"",""playerGivenName"":""Mariia"",""playerNationalityCode"":""RUS"",""playerNationality"":""Russia"",""profileLink"":""/en/players/mariia-masliakova/800659796/rus/jt/s/"",""gender"":""F"",""hiddenPlayer"":false,""birthYear"":2010,""rankMovement"":-3,""rank"":350,""rankEqualFlag"":"""",""tournamentsPlayed"":28,""points"":264.5,""profileImage"":""/media/1489/itf-uk-profile-placeholder-female.jpg?anchor=center&mode=crop&width=54&height=72&rnd=132174204480000000"",""tournamentsPlayedSingles"":null,""tournamentsPlayedDoubles"":null,""pointsRankingSingles"":null,""pointsRankingDoubles"":null,""pointsRankingTotal"":null}"
800701368,Georgia Campbell,Georgia,Campbell,F,G,AUS,Australia,,2009,2027,,https://www.itftennis.com/en/players/georgia-campbell/800701368/aus/jt/s/,351,264,2026-06-02,2026-06-08,"{""playerId"":800701368,""playerFamilyName"":""Campbell"",""playerGivenName"":""Georgia"",""playerNationalityCode"":""AUS"",""playerNationality"":""Australia"",""profileLink"":""/en/players/georgia-campbell/800701368/aus/jt/s/"",""gender"":""F"",""hiddenPlayer"":false,""birthYear"":2009,""rankMovement"":-46,""rank"":351,""rankEqualFlag"":"""",""tournamentsPlayed"":16,""points"":264,""profileImage"":""/media/1489/itf-uk-profile-placeholder-female.jpg?anchor=center&mode=crop&width=54&height=72&rnd=132174204480000000"",""tournamentsPlayedSingles"":null,""tournamentsPlayedDoubles"":null,""pointsRankingSingles"":null,""pointsRankingDoubles"":null,""pointsRankingTotal"":null}"
800667886,Sarah Stoyanov,Sarah,Stoyanov,F,G,USA,USA,,2008,2026,,https://www.itftennis.com/en/players/sarah-stoyanov/800667886/usa/jt/s/,352,263.5,2026-06-02,2026-06-08,"{""playerId"":800667886,""playerFamilyName"":""Stoyanov"",""playerGivenName"":""Sarah"",""playerNationalityCode"":""USA"",""playerNationality"":""USA"",""profileLink"":""/en/players/sarah-stoyanov/800667886/usa/jt/s/"",""gender"":""F"",""hiddenPlayer"":false,""birthYear"":2008,""rankMovement"":1,""rank"":352,""rankEqualFlag"":"""",""tournamentsPlayed"":52,""points"":263.5,""profileImage"":""/media/1489/itf-uk-profile-placeholder-female.jpg?anchor=center&mode=crop&width=54&height=72&rnd=132174204480000000"",""tournamentsPlayedSingles"":null,""tournamentsPlayedDoubles"":null,""pointsRankingSingles"":null,""pointsRankingDoubles"":null,""pointsRankingTotal"":null}"
800686554,HERMIONE Korpanec Davies,HERMIONE,Korpanec Davies,F,G,GBR,Great Britain,,2011,2029,,https://www.itftennis.com/en/players/hermione-korpanec-davies/800686554/gbr/jt/s/,353,263.5,2026-06-02,2026-06-08,"{""playerId"":800686554,""playerFamilyName"":""Korpanec Davies"",""playerGivenName"":""HERMIONE"",""playerNationalityCode"":""GBR"",""playerNationality"":""Great Britain"",""profileLink"":""/en/players/hermione-korpanec-davies/800686554/gbr/jt/s/"",""gender"":""F"",""hiddenPlayer"":false,""birthYear"":2011,""rankMovement"":-4,""rank"":353,""rankEqualFlag"":"""",""tournamentsPlayed"":29,""points"":263.5,""profileImage"":""/media/1489/itf-uk-profile-placeholder-female.jpg?anchor=center&mode=crop&width=54&height=72&rnd=132174204480000000"",""tournamentsPlayedSingles"":null,""tournamentsPlayedDoubles"":null,""pointsRankingSingles"":null,""pointsRankingDoubles"":null,""pointsRankingTotal"":null}"
800732240,Zeina Elgerby,Zeina,Elgerby,F,G,EGY,Egypt,,2009,2027,,https://www.itftennis.com/en/players/zeina-elgerby/800732240/egy/jt/s/,354,262.75,2026-06-02,2026-06-08,"{""playerId"":800732240,""playerFamilyName"":""Elgerby"",""playerGivenName"":""Zeina"",""playerNationalityCode"":""EGY"",""playerNationality"":""Egypt"",""profileLink"":""/en/players/zeina-elgerby/800732240/egy/jt/s/"",""gender"":""F"",""hiddenPlayer"":false,""birthYear"":2009,""rankMovement"":-4,""rank"":354,""rankEqualFlag"":"""",""tournamentsPlayed"":34,""points"":262.75,""profileImage"":""/media/1489/itf-uk-profile-placeholder-female.jpg?anchor=center&mode=crop&width=54&height=72&rnd=132174204480000000"",""tournamentsPlayedSingles"":null,""tournamentsPlayedDoubles"":null,""pointsRankingSingles"":null,""pointsRankingDoubles"":null,""pointsRankingTotal"":null}"
800657148,Valery Sumoya Lopez,Valery,Sumoya Lopez,F,G,BOL,Bolivia,,2009,2027,,https://www.itftennis.com/en/players/valery-sumoya-lopez/800657148/bol/jt/s/,355,258.5,2026-06-02,2026-06-08,"{""playerId"":800657148,""playerFamilyName"":""Sumoya Lopez"",""playerGivenName"":""Valery"",""playerNationalityCode"":""BOL"",""playerNationality"":""Bolivia"",""profileLink"":""/en/players/valery-sumoya-lopez/800657148/bol/jt/s/"",""gender"":""F"",""hiddenPlayer"":false,""birthYear"":2009,""rankMovement"":0,""rank"":355,""rankEqualFlag"":"""",""tournamentsPlayed"":29,""points"":258.5,""profileImage"":""/media/1489/itf-uk-profile-placeholder-female.jpg?anchor=center&mode=crop&width=54&height=72&rnd=132174204480000000"",""tournamentsPlayedSingles"":null,""tournamentsPlayedDoubles"":null,""pointsRankingSingles"":null,""pointsRankingDoubles"":null,""pointsRankingTotal"":null}"
800705480,Xiang Liu,Xiang,Liu,F,G,CHN,"China, P.R.",,2009,2027,,https://www.itftennis.com/en/players/xiang-liu/800705480/chn/jt/s/,356,258.5,2026-06-02,2026-06-08,"{""playerId"":800705480,""playerFamilyName"":""Liu"",""playerGivenName"":""Xiang"",""playerNationalityCode"":""CHN"",""playerNationality"":""China, P.R."",""profileLink"":""/en/players/xiang-liu/800705480/chn/jt/s/"",""gender"":""F"",""hiddenPlayer"":false,""birthYear"":2009,""rankMovement"":0,""rank"":356,""rankEqualFlag"":"""",""tournamentsPlayed"":25,""points"":258.5,""profileImage"":""/media/1489/itf-uk-profile-placeholder-female.jpg?anchor=center&mode=crop&width=54&height=72&rnd=132174204480000000"",""tournamentsPlayedSingles"":null,""tournamentsPlayedDoubles"":null,""pointsRankingSingles"":null,""pointsRankingDoubles"":null,""pointsRankingTotal"":null}"
800722835,SRISHTI KIRAN,SRISHTI,KIRAN,F,G,IND,India,,2012,2030,,https://www.itftennis.com/en/players/srishti-kiran/800722835/ind/jt/s/,357,258.25,2026-06-02,2026-06-08,"{""playerId"":800722835,""playerFamilyName"":""KIRAN"",""playerGivenName"":""SRISHTI"",""playerNationalityCode"":""IND"",""playerNationality"":""India"",""profileLink"":""/en/players/srishti-kiran/800722835/ind/jt/s/"",""gender"":""F"",""hiddenPlayer"":false,""birthYear"":2012,""rankMovement"":104,""rank"":357,""rankEqualFlag"":"""",""tournamentsPlayed"":16,""points"":258.25,""profileImage"":""/media/1489/itf-uk-profile-placeholder-female.jpg?anchor=center&mode=crop&width=54&height=72&rnd=132174204480000000"",""tournamentsPlayedSingles"":null,""tournamentsPlayedDoubles"":null,""pointsRankingSingles"":null,""pointsRankingDoubles"":null,""pointsRankingTotal"":null}"
800706118,Ariana Ikwueme,Ariana,Ikwueme,F,G,USA,USA,,2009,2027,,https://www.itftennis.com/en/players/ariana-ikwueme/800706118/usa/jt/s/,358,258,2026-06-02,2026-06-08,"{""playerId"":800706118,""playerFamilyName"":""Ikwueme"",""playerGivenName"":""Ariana"",""playerNationalityCode"":""USA"",""playerNationality"":""USA"",""profileLink"":""/en/players/ariana-ikwueme/800706118/usa/jt/s/"",""gender"":""F"",""hiddenPlayer"":false,""birthYear"":2009,""rankMovement"":19,""rank"":358,""rankEqualFlag"":"""",""tournamentsPlayed"":28,""points"":258,""profileImage"":""/media/1489/itf-uk-profile-placeholder-female.jpg?anchor=center&mode=crop&width=54&height=72&rnd=132174204480000000"",""tournamentsPlayedSingles"":null,""tournamentsPlayedDoubles"":null,""pointsRankingSingles"":null,""pointsRankingDoubles"":null,""pointsRankingTotal"":null}"
800824938,Daniella Sales,Daniella,Sales,F,G,USA,USA,,2011,2029,,https://www.itftennis.com/en/players/daniella-sales/800824938/usa/jt/s/,359,258,2026-06-02,2026-06-08,"{""playerId"":800824938,""playerFamilyName"":""Sales"",""playerGivenName"":""Daniella"",""playerNationalityCode"":""USA"",""playerNationality"":""USA"",""profileLink"":""/en/players/daniella-sales/800824938/usa/jt/s/"",""gender"":""F"",""hiddenPlayer"":false,""birthYear"":2011,""rankMovement"":-2,""rank"":359,""rankEqualFlag"":"""",""tournamentsPlayed"":22,""points"":258,""profileImage"":""/media/1489/itf-uk-profile-placeholder-female.jpg?anchor=center&mode=crop&width=54&height=72&rnd=132174204480000000"",""tournamentsPlayedSingles"":null,""tournamentsPlayedDoubles"":null,""pointsRankingSingles"":null,""pointsRankingDoubles"":null,""pointsRankingTotal"":null}"
800667717,Alessia Antici,Alessia,Antici,F,G,ITA,Italy,,2008,2026,,https://www.itftennis.com/en/players/alessia-antici/800667717/ita/jt/s/,360,257.5,2026-06-02,2026-06-08,"{""playerId"":800667717,""playerFamilyName"":""Antici"",""playerGivenName"":""Alessia"",""playerNationalityCode"":""ITA"",""playerNationality"":""Italy"",""profileLink"":""/en/players/alessia-antici/800667717/ita/jt/s/"",""gender"":""F"",""hiddenPlayer"":false,""birthYear"":2008,""rankMovement"":-2,""rank"":360,""rankEqualFlag"":"""",""tournamentsPlayed"":39,""points"":257.5,""profileImage"":""/media/1489/itf-uk-profile-placeholder-female.jpg?anchor=center&mode=crop&width=54&height=72&rnd=132174204480000000"",""tournamentsPlayedSingles"":null,""tournamentsPlayedDoubles"":null,""pointsRankingSingles"":null,""pointsRankingDoubles"":null,""pointsRankingTotal"":null}"
800783027,Julianny De La Cruz Champagne,Julianny,De La Cruz Champagne,F,G,DOM,Dominican Republic,,2011,2029,,https://www.itftennis.com/en/players/julianny-de-la-cruz-champagne/800783027/dom/jt/s/,361,257.5,2026-06-02,2026-06-08,"{""playerId"":800783027,""playerFamilyName"":""De La Cruz Champagne"",""playerGivenName"":""Julianny"",""playerNationalityCode"":""DOM"",""playerNationality"":""Dominican Republic"",""profileLink"":""/en/players/julianny-de-la-cruz-champagne/800783027/dom/jt/s/"",""gender"":""F"",""hiddenPlayer"":false,""birthYear"":2011,""rankMovement"":-2,""rank"":361,""rankEqualFlag"":"""",""tournamentsPlayed"":15,""points"":257.5,""profileImage"":""/media/1489/itf-uk-profile-placeholder-female.jpg?anchor=center&mode=crop&width=54&height=72&rnd=132174204480000000"",""tournamentsPlayedSingles"":null,""tournamentsPlayedDoubles"":null,""pointsRankingSingles"":null,""pointsRankingDoubles"":null,""pointsRankingTotal"":null}"
800599619,Snigdha Kanta,Snigdha,Kanta,F,G,IND,India,,2009,2027,,https://www.itftennis.com/en/players/snigdha-kanta/800599619/ind/jt/s/,362,256.75,2026-06-02,2026-06-08,"{""playerId"":800599619,""playerFamilyName"":""Kanta"",""playerGivenName"":""Snigdha"",""playerNationalityCode"":""IND"",""playerNationality"":""India"",""profileLink"":""/en/players/snigdha-kanta/800599619/ind/jt/s/"",""gender"":""F"",""hiddenPlayer"":false,""birthYear"":2009,""rankMovement"":-2,""rank"":362,""rankEqualFlag"":"""",""tournamentsPlayed"":22,""points"":256.75,""profileImage"":""/media/1489/itf-uk-profile-placeholder-female.jpg?anchor=center&mode=crop&width=54&height=72&rnd=132174204480000000"",""tournamentsPlayedSingles"":null,""tournamentsPlayedDoubles"":null,""pointsRankingSingles"":null,""pointsRankingDoubles"":null,""pointsRankingTotal"":null}"
800732563,Alicia Taylor,Alicia,Taylor,F,G,RSA,South Africa,,2009,2027,,https://www.itftennis.com/en/players/alicia-taylor/800732563/rsa/jt/s/,363,256,2026-06-02,2026-06-08,"{""playerId"":800732563,""playerFamilyName"":""Taylor"",""playerGivenName"":""Alicia"",""playerNationalityCode"":""RSA"",""playerNationality"":""South Africa"",""profileLink"":""/en/players/alicia-taylor/800732563/rsa/jt/s/"",""gender"":""F"",""hiddenPlayer"":false,""birthYear"":2009,""rankMovement"":-2,""rank"":363,""rankEqualFlag"":"""",""tournamentsPlayed"":27,""points"":256,""profileImage"":""/media/1489/itf-uk-profile-placeholder-female.jpg?anchor=center&mode=crop&width=54&height=72&rnd=132174204480000000"",""tournamentsPlayedSingles"":null,""tournamentsPlayedDoubles"":null,""pointsRankingSingles"":null,""pointsRankingDoubles"":null,""pointsRankingTotal"":null}"
800771484,Tsai-Jung Chiang,Tsai-Jung,Chiang,F,G,TPE,Chinese Taipei,,2011,2029,,https://www.itftennis.com/en/players/tsai-jung-chiang/800771484/tpe/jt/s/,364,255.5,2026-06-02,2026-06-08,"{""playerId"":800771484,""playerFamilyName"":""Chiang"",""playerGivenName"":""Tsai-Jung"",""playerNationalityCode"":""TPE"",""playerNationality"":""Chinese Taipei"",""profileLink"":""/en/players/tsai-jung-chiang/800771484/tpe/jt/s/"",""gender"":""F"",""hiddenPlayer"":false,""birthYear"":2011,""rankMovement"":-2,""rank"":364,""rankEqualFlag"":"""",""tournamentsPlayed"":26,""points"":255.5,""profileImage"":""/media/1489/itf-uk-profile-placeholder-female.jpg?anchor=center&mode=crop&width=54&height=72&rnd=132174204480000000"",""tournamentsPlayedSingles"":null,""tournamentsPlayedDoubles"":null,""pointsRankingSingles"":null,""pointsRankingDoubles"":null,""pointsRankingTotal"":null}"
800675163,Vendula Mojzisova,Vendula,Mojzisova,F,G,CZE,Czechia,,2009,2027,,https://www.itftennis.com/en/players/vendula-mojzisova/800675163/cze/jt/s/,365,254,2026-06-02,2026-06-08,"{""playerId"":800675163,""playerFamilyName"":""Mojzisova"",""playerGivenName"":""Vendula"",""playerNationalityCode"":""CZE"",""playerNationality"":""Czechia"",""profileLink"":""/en/players/vendula-mojzisova/800675163/cze/jt/s/"",""gender"":""F"",""hiddenPlayer"":false,""birthYear"":2009,""rankMovement"":-2,""rank"":365,""rankEqualFlag"":"""",""tournamentsPlayed"":30,""points"":254,""profileImage"":""/media/1489/itf-uk-profile-placeholder-female.jpg?anchor=center&mode=crop&width=54&height=72&rnd=132174204480000000"",""tournamentsPlayedSingles"":null,""tournamentsPlayedDoubles"":null,""pointsRankingSingles"":null,""pointsRankingDoubles"":null,""pointsRankingTotal"":null}"
800746289,Riho Goto,Riho,Goto,F,G,JPN,Japan,,2010,2028,,https://www.itftennis.com/en/players/riho-goto/800746289/jpn/jt/s/,366,252.5,2026-06-02,2026-06-08,"{""playerId"":800746289,""playerFamilyName"":""Goto"",""playerGivenName"":""Riho"",""playerNationalityCode"":""JPN"",""playerNationality"":""Japan"",""profileLink"":""/en/players/riho-goto/800746289/jpn/jt/s/"",""gender"":""F"",""hiddenPlayer"":false,""birthYear"":2010,""rankMovement"":-2,""rank"":366,""rankEqualFlag"":"""",""tournamentsPlayed"":27,""points"":252.5,""profileImage"":""/media/1489/itf-uk-profile-placeholder-female.jpg?anchor=center&mode=crop&width=54&height=72&rnd=132174204480000000"",""tournamentsPlayedSingles"":null,""tournamentsPlayedDoubles"":null,""pointsRankingSingles"":null,""pointsRankingDoubles"":null,""pointsRankingTotal"":null}"
800675091,Emmi Nehls,Emmi,Nehls,F,G,GER,Germany,,2009,2027,,https://www.itftennis.com/en/players/emmi-nehls/800675091/ger/jt/s/,367,252.5,2026-06-02,2026-06-08,"{""playerId"":800675091,""playerFamilyName"":""Nehls"",""playerGivenName"":""Emmi"",""playerNationalityCode"":""GER"",""playerNationality"":""Germany"",""profileLink"":""/en/players/emmi-nehls/800675091/ger/jt/s/"",""gender"":""F"",""hiddenPlayer"":false,""birthYear"":2009,""rankMovement"":-2,""rank"":367,""rankEqualFlag"":"""",""tournamentsPlayed"":37,""points"":252.5,""profileImage"":""/media/1489/itf-uk-profile-placeholder-female.jpg?anchor=center&mode=crop&width=54&height=72&rnd=132174204480000000"",""tournamentsPlayedSingles"":null,""tournamentsPlayedDoubles"":null,""pointsRankingSingles"":null,""pointsRankingDoubles"":null,""pointsRankingTotal"":null}"
800596629,Yerkezhan Zhanatayeva,Yerkezhan,Zhanatayeva,F,G,KAZ,Kazakhstan,,2009,2027,,https://www.itftennis.com/en/players/yerkezhan-zhanatayeva/800596629/kaz/jt/s/,368,251.5,2026-06-02,2026-06-08,"{""playerId"":800596629,""playerFamilyName"":""Zhanatayeva"",""playerGivenName"":""Yerkezhan"",""playerNationalityCode"":""KAZ"",""playerNationality"":""Kazakhstan"",""profileLink"":""/en/players/yerkezhan-zhanatayeva/800596629/kaz/jt/s/"",""gender"":""F"",""hiddenPlayer"":false,""birthYear"":2009,""rankMovement"":-2,""rank"":368,""rankEqualFlag"":"""",""tournamentsPlayed"":36,""points"":251.5,""profileImage"":""/media/1489/itf-uk-profile-placeholder-female.jpg?anchor=center&mode=crop&width=54&height=72&rnd=132174204480000000"",""tournamentsPlayedSingles"":null,""tournamentsPlayedDoubles"":null,""pointsRankingSingles"":null,""pointsRankingDoubles"":null,""pointsRankingTotal"":null}"
800696893,Misaki Sekido,Misaki,Sekido,F,G,JPN,Japan,,2011,2029,,https://www.itftennis.com/en/players/misaki-sekido/800696893/jpn/jt/s/,369,250.5,2026-06-02,2026-06-08,"{""playerId"":800696893,""playerFamilyName"":""Sekido"",""playerGivenName"":""Misaki"",""playerNationalityCode"":""JPN"",""playerNationality"":""Japan"",""profileLink"":""/en/players/misaki-sekido/800696893/jpn/jt/s/"",""gender"":""F"",""hiddenPlayer"":false,""birthYear"":2011,""rankMovement"":-2,""rank"":369,""rankEqualFlag"":"""",""tournamentsPlayed"":18,""points"":250.5,""profileImage"":""/media/1489/itf-uk-profile-placeholder-female.jpg?anchor=center&mode=crop&width=54&height=72&rnd=132174204480000000"",""tournamentsPlayedSingles"":null,""tournamentsPlayedDoubles"":null,""pointsRankingSingles"":null,""pointsRankingDoubles"":null,""pointsRankingTotal"":null}"
800654504,Vlada Razina,Vlada,Razina,F,G,BLR,Belarus,,2009,2027,,https://www.itftennis.com/en/players/vlada-razina/800654504/blr/jt/s/,370,248,2026-06-02,2026-06-08,"{""playerId"":800654504,""playerFamilyName"":""Razina"",""playerGivenName"":""Vlada"",""playerNationalityCode"":""BLR"",""playerNationality"":""Belarus"",""profileLink"":""/en/players/vlada-razina/800654504/blr/jt/s/"",""gender"":""F"",""hiddenPlayer"":false,""birthYear"":2009,""rankMovement"":-22,""rank"":370,""rankEqualFlag"":"""",""tournamentsPlayed"":28,""points"":248,""profileImage"":""/media/1489/itf-uk-profile-placeholder-female.jpg?anchor=center&mode=crop&width=54&height=72&rnd=132174204480000000"",""tournamentsPlayedSingles"":null,""tournamentsPlayedDoubles"":null,""pointsRankingSingles"":null,""pointsRankingDoubles"":null,""pointsRankingTotal"":null}"
800722831,YERIN LIM,YERIN,LIM,F,G,KOR,"Korea, Rep.",,2011,2029,,https://www.itftennis.com/en/players/yerin-lim/800722831/kor/jt/s/,371,247.75,2026-06-02,2026-06-08,"{""playerId"":800722831,""playerFamilyName"":""LIM"",""playerGivenName"":""YERIN"",""playerNationalityCode"":""KOR"",""playerNationality"":""Korea, Rep."",""profileLink"":""/en/players/yerin-lim/800722831/kor/jt/s/"",""gender"":""F"",""hiddenPlayer"":false,""birthYear"":2011,""rankMovement"":-20,""rank"":371,""rankEqualFlag"":"""",""tournamentsPlayed"":22,""points"":247.75,""profileImage"":""/media/1489/itf-uk-profile-placeholder-female.jpg?anchor=center&mode=crop&width=54&height=72&rnd=132174204480000000"",""tournamentsPlayedSingles"":null,""tournamentsPlayedDoubles"":null,""pointsRankingSingles"":null,""pointsRankingDoubles"":null,""pointsRankingTotal"":null}"
800756804,Eduarda Gomes,Eduarda,Gomes,F,G,BRA,Brazil,,2012,2030,,https://www.itftennis.com/en/players/eduarda-gomes/800756804/bra/jt/s/,372,246,2026-06-02,2026-06-08,"{""playerId"":800756804,""playerFamilyName"":""Gomes"",""playerGivenName"":""Eduarda"",""playerNationalityCode"":""BRA"",""playerNationality"":""Brazil"",""profileLink"":""/en/players/eduarda-gomes/800756804/bra/jt/s/"",""gender"":""F"",""hiddenPlayer"":false,""birthYear"":2012,""rankMovement"":-3,""rank"":372,""rankEqualFlag"":"""",""tournamentsPlayed"":16,""points"":246,""profileImage"":""/media/1489/itf-uk-profile-placeholder-female.jpg?anchor=center&mode=crop&width=54&height=72&rnd=132174204480000000"",""tournamentsPlayedSingles"":null,""tournamentsPlayedDoubles"":null,""pointsRankingSingles"":null,""pointsRankingDoubles"":null,""pointsRankingTotal"":null}"
800682923,Clara Gouvea Vieira Elkind,Clara,Gouvea Vieira Elkind,F,G,BRA,Brazil,,2009,2027,,https://www.itftennis.com/en/players/clara-gouvea-vieira-elkind/800682923/bra/jt/s/,373,245,2026-06-02,2026-06-08,"{""playerId"":800682923,""playerFamilyName"":""Gouvea Vieira Elkind"",""playerGivenName"":""Clara"",""playerNationalityCode"":""BRA"",""playerNationality"":""Brazil"",""profileLink"":""/en/players/clara-gouvea-vieira-elkind/800682923/bra/jt/s/"",""gender"":""F"",""hiddenPlayer"":false,""birthYear"":2009,""rankMovement"":-3,""rank"":373,""rankEqualFlag"":"""",""tournamentsPlayed"":37,""points"":245,""profileImage"":""/media/1489/itf-uk-profile-placeholder-female.jpg?anchor=center&mode=crop&width=54&height=72&rnd=132174204480000000"",""tournamentsPlayedSingles"":null,""tournamentsPlayedDoubles"":null,""pointsRankingSingles"":null,""pointsRankingDoubles"":null,""pointsRankingTotal"":null}"
800662079,Lujza Zimenova,Lujza,Zimenova,F,G,SVK,Slovakia,,2009,2027,,https://www.itftennis.com/en/players/lujza-zimenova/800662079/svk/jt/s/,374,244.5,2026-06-02,2026-06-08,"{""playerId"":800662079,""playerFamilyName"":""Zimenova"",""playerGivenName"":""Lujza"",""playerNationalityCode"":""SVK"",""playerNationality"":""Slovakia"",""profileLink"":""/en/players/lujza-zimenova/800662079/svk/jt/s/"",""gender"":""F"",""hiddenPlayer"":false,""birthYear"":2009,""rankMovement"":-2,""rank"":374,""rankEqualFlag"":"""",""tournamentsPlayed"":24,""points"":244.5,""profileImage"":""/media/1489/itf-uk-profile-placeholder-female.jpg?anchor=center&mode=crop&width=54&height=72&rnd=132174204480000000"",""tournamentsPlayedSingles"":null,""tournamentsPlayedDoubles"":null,""pointsRankingSingles"":null,""pointsRankingDoubles"":null,""pointsRankingTotal"":null}"
800663864,Marina Markina,Marina,Markina,F,G,LAT,Latvia,,2010,2028,,https://www.itftennis.com/en/players/marina-markina/800663864/lat/jt/s/,375,244.5,2026-06-02,2026-06-08,"{""playerId"":800663864,""playerFamilyName"":""Markina"",""playerGivenName"":""Marina"",""playerNationalityCode"":""LAT"",""playerNationality"":""Latvia"",""profileLink"":""/en/players/marina-markina/800663864/lat/jt/s/"",""gender"":""F"",""hiddenPlayer"":false,""birthYear"":2010,""rankMovement"":-2,""rank"":375,""rankEqualFlag"":"""",""tournamentsPlayed"":36,""points"":244.5,""profileImage"":""/media/1489/itf-uk-profile-placeholder-female.jpg?anchor=center&mode=crop&width=54&height=72&rnd=132174204480000000"",""tournamentsPlayedSingles"":null,""tournamentsPlayedDoubles"":null,""pointsRankingSingles"":null,""pointsRankingDoubles"":null,""pointsRankingTotal"":null}"
800629801,Alexandra Korneeva,Alexandra,Korneeva,F,G,ARM,Armenia,,2009,2027,,https://www.itftennis.com/en/players/alexandra-korneeva/800629801/arm/jt/s/,376,243.5,2026-06-02,2026-06-08,"{""playerId"":800629801,""playerFamilyName"":""Korneeva"",""playerGivenName"":""Alexandra"",""playerNationalityCode"":""ARM"",""playerNationality"":""Armenia"",""profileLink"":""/en/players/alexandra-korneeva/800629801/arm/jt/s/"",""gender"":""F"",""hiddenPlayer"":false,""birthYear"":2009,""rankMovement"":-2,""rank"":376,""rankEqualFlag"":"""",""tournamentsPlayed"":28,""points"":243.5,""profileImage"":""/media/1489/itf-uk-profile-placeholder-female.jpg?anchor=center&mode=crop&width=54&height=72&rnd=132174204480000000"",""tournamentsPlayedSingles"":null,""tournamentsPlayedDoubles"":null,""pointsRankingSingles"":null,""pointsRankingDoubles"":null,""pointsRankingTotal"":null}"
800645136,Zoja Peternel,Zoja,Peternel,F,G,SLO,Slovenia,,2009,2027,,https://www.itftennis.com/en/players/zoja-peternel/800645136/slo/jt/s/,377,242.5,2026-06-02,2026-06-08,"{""playerId"":800645136,""playerFamilyName"":""Peternel"",""playerGivenName"":""Zoja"",""playerNationalityCode"":""SLO"",""playerNationality"":""Slovenia"",""profileLink"":""/en/players/zoja-peternel/800645136/slo/jt/s/"",""gender"":""F"",""hiddenPlayer"":false,""birthYear"":2009,""rankMovement"":-2,""rank"":377,""rankEqualFlag"":"""",""tournamentsPlayed"":39,""points"":242.5,""profileImage"":""/media/1489/itf-uk-profile-placeholder-female.jpg?anchor=center&mode=crop&width=54&height=72&rnd=132174204480000000"",""tournamentsPlayedSingles"":null,""tournamentsPlayedDoubles"":null,""pointsRankingSingles"":null,""pointsRankingDoubles"":null,""pointsRankingTotal"":null}"
800662814,Zeliha Nil Cukurluoglu,Zeliha Nil,Cukurluoglu,F,G,TUR,Turkiye,,2011,2029,,https://www.itftennis.com/en/players/zeliha-nil-cukurluoglu/800662814/tur/jt/s/,378,242.5,2026-06-02,2026-06-08,"{""playerId"":800662814,""playerFamilyName"":""Cukurluoglu"",""playerGivenName"":""Zeliha Nil"",""playerNationalityCode"":""TUR"",""playerNationality"":""Turkiye"",""profileLink"":""/en/players/zeliha-nil-cukurluoglu/800662814/tur/jt/s/"",""gender"":""F"",""hiddenPlayer"":false,""birthYear"":2011,""rankMovement"":-2,""rank"":378,""rankEqualFlag"":"""",""tournamentsPlayed"":19,""points"":242.5,""profileImage"":""/media/1489/itf-uk-profile-placeholder-female.jpg?anchor=center&mode=crop&width=54&height=72&rnd=132174204480000000"",""tournamentsPlayedSingles"":null,""tournamentsPlayedDoubles"":null,""pointsRankingSingles"":null,""pointsRankingDoubles"":null,""pointsRankingTotal"":null}"
800698179,Milan Swanepoel,Milan,Swanepoel,F,G,RSA,South Africa,,2010,2028,,https://www.itftennis.com/en/players/milan-swanepoel/800698179/rsa/jt/s/,379,240.5,2026-06-02,2026-06-08,"{""playerId"":800698179,""playerFamilyName"":""Swanepoel"",""playerGivenName"":""Milan"",""playerNationalityCode"":""RSA"",""playerNationality"":""South Africa"",""profileLink"":""/en/players/milan-swanepoel/800698179/rsa/jt/s/"",""gender"":""F"",""hiddenPlayer"":false,""birthYear"":2010,""rankMovement"":-1,""rank"":379,""rankEqualFlag"":"""",""tournamentsPlayed"":27,""points"":240.5,""profileImage"":""/media/1489/itf-uk-profile-placeholder-female.jpg?anchor=center&mode=crop&width=54&height=72&rnd=132174204480000000"",""tournamentsPlayedSingles"":null,""tournamentsPlayedDoubles"":null,""pointsRankingSingles"":null,""pointsRankingDoubles"":null,""pointsRankingTotal"":null}"
800673054,Alison Julieta Oliva Ramirez,Alison Julieta,Oliva Ramirez,F,G,GUA,Guatemala,,2009,2027,,https://www.itftennis.com/en/players/alison-julieta-oliva-ramirez/800673054/gua/jt/s/,380,240.5,2026-06-02,2026-06-08,"{""playerId"":800673054,""playerFamilyName"":""Oliva Ramirez"",""playerGivenName"":""Alison Julieta"",""playerNationalityCode"":""GUA"",""playerNationality"":""Guatemala"",""profileLink"":""/en/players/alison-julieta-oliva-ramirez/800673054/gua/jt/s/"",""gender"":""F"",""hiddenPlayer"":false,""birthYear"":2009,""rankMovement"":-1,""rank"":380,""rankEqualFlag"":"""",""tournamentsPlayed"":26,""points"":240.5,""profileImage"":""/media/1489/itf-uk-profile-placeholder-female.jpg?anchor=center&mode=crop&width=54&height=72&rnd=132174204480000000"",""tournamentsPlayedSingles"":null,""tournamentsPlayedDoubles"":null,""pointsRankingSingles"":null,""pointsRankingDoubles"":null,""pointsRankingTotal"":null}"
800655598,Julieta Marcos Cattoni,Julieta,Marcos Cattoni,F,G,PAR,Paraguay,,2009,2027,,https://www.itftennis.com/en/players/julieta-marcos-cattoni/800655598/par/jt/s/,381,240,2026-06-02,2026-06-08,"{""playerId"":800655598,""playerFamilyName"":""Marcos Cattoni"",""playerGivenName"":""Julieta"",""playerNationalityCode"":""PAR"",""playerNationality"":""Paraguay"",""profileLink"":""/en/players/julieta-marcos-cattoni/800655598/par/jt/s/"",""gender"":""F"",""hiddenPlayer"":false,""birthYear"":2009,""rankMovement"":-1,""rank"":381,""rankEqualFlag"":"""",""tournamentsPlayed"":44,""points"":240,""profileImage"":""/media/1489/itf-uk-profile-placeholder-female.jpg?anchor=center&mode=crop&width=54&height=72&rnd=132174204480000000"",""tournamentsPlayedSingles"":null,""tournamentsPlayedDoubles"":null,""pointsRankingSingles"":null,""pointsRankingDoubles"":null,""pointsRankingTotal"":null}"
800741013,Bojia Zhang,Bojia,Zhang,F,G,CHN,"China, P.R.",,2009,2027,,https://www.itftennis.com/en/players/bojia-zhang/800741013/chn/jt/s/,382,238.75,2026-06-02,2026-06-08,"{""playerId"":800741013,""playerFamilyName"":""Zhang"",""playerGivenName"":""Bojia"",""playerNationalityCode"":""CHN"",""playerNationality"":""China, P.R."",""profileLink"":""/en/players/bojia-zhang/800741013/chn/jt/s/"",""gender"":""F"",""hiddenPlayer"":false,""birthYear"":2009,""rankMovement"":-1,""rank"":382,""rankEqualFlag"":"""",""tournamentsPlayed"":32,""points"":238.75,""profileImage"":""/media/1489/itf-uk-profile-placeholder-female.jpg?anchor=center&mode=crop&width=54&height=72&rnd=132174204480000000"",""tournamentsPlayedSingles"":null,""tournamentsPlayedDoubles"":null,""pointsRankingSingles"":null,""pointsRankingDoubles"":null,""pointsRankingTotal"":null}"
800672382,Laura Chlumska,Laura,Chlumska,F,G,CZE,Czechia,,2010,2028,,https://www.itftennis.com/en/players/laura-chlumska/800672382/cze/jt/s/,383,237.75,2026-06-02,2026-06-08,"{""playerId"":800672382,""playerFamilyName"":""Chlumska"",""playerGivenName"":""Laura"",""playerNationalityCode"":""CZE"",""playerNationality"":""Czechia"",""profileLink"":""/en/players/laura-chlumska/800672382/cze/jt/s/"",""gender"":""F"",""hiddenPlayer"":false,""birthYear"":2010,""rankMovement"":-1,""rank"":383,""rankEqualFlag"":"""",""tournamentsPlayed"":21,""points"":237.75,""profileImage"":""/media/1489/itf-uk-profile-placeholder-female.jpg?anchor=center&mode=crop&width=54&height=72&rnd=132174204480000000"",""tournamentsPlayedSingles"":null,""tournamentsPlayedDoubles"":null,""pointsRankingSingles"":null,""pointsRankingDoubles"":null,""pointsRankingTotal"":null}"
800602593,Emilija Lebedevaite,Emilija,Lebedevaite,F,G,GBR,Great Britain,,2009,2027,,https://www.itftennis.com/en/players/emilija-lebedevaite/800602593/gbr/jt/s/,384,237.5,2026-06-02,2026-06-08,"{""playerId"":800602593,""playerFamilyName"":""Lebedevaite"",""playerGivenName"":""Emilija"",""playerNationalityCode"":""GBR"",""playerNationality"":""Great Britain"",""profileLink"":""/en/players/emilija-lebedevaite/800602593/gbr/jt/s/"",""gender"":""F"",""hiddenPlayer"":false,""birthYear"":2009,""rankMovement"":-1,""rank"":384,""rankEqualFlag"":"""",""tournamentsPlayed"":33,""points"":237.5,""profileImage"":""/media/1489/itf-uk-profile-placeholder-female.jpg?anchor=center&mode=crop&width=54&height=72&rnd=132174204480000000"",""tournamentsPlayedSingles"":null,""tournamentsPlayedDoubles"":null,""pointsRankingSingles"":null,""pointsRankingDoubles"":null,""pointsRankingTotal"":null}"
800671177,Antonina Snochowska,Antonina,Snochowska,F,G,POL,Poland,,2010,2028,,https://www.itftennis.com/en/players/antonina-snochowska/800671177/pol/jt/s/,385,237,2026-06-02,2026-06-08,"{""playerId"":800671177,""playerFamilyName"":""Snochowska"",""playerGivenName"":""Antonina"",""playerNationalityCode"":""POL"",""playerNationality"":""Poland"",""profileLink"":""/en/players/antonina-snochowska/800671177/pol/jt/s/"",""gender"":""F"",""hiddenPlayer"":false,""birthYear"":2010,""rankMovement"":-1,""rank"":385,""rankEqualFlag"":"""",""tournamentsPlayed"":25,""points"":237,""profileImage"":""/media/1489/itf-uk-profile-placeholder-female.jpg?anchor=center&mode=crop&width=54&height=72&rnd=132174204480000000"",""tournamentsPlayedSingles"":null,""tournamentsPlayedDoubles"":null,""pointsRankingSingles"":null,""pointsRankingDoubles"":null,""pointsRankingTotal"":null}"
800767045,Julia Seversen,Julia,Seversen,F,G,USA,USA,,2010,2028,,https://www.itftennis.com/en/players/julia-seversen/800767045/usa/jt/s/,386,235.25,2026-06-02,2026-06-08,"{""playerId"":800767045,""playerFamilyName"":""Seversen"",""playerGivenName"":""Julia"",""playerNationalityCode"":""USA"",""playerNationality"":""USA"",""profileLink"":""/en/players/julia-seversen/800767045/usa/jt/s/"",""gender"":""F"",""hiddenPlayer"":false,""birthYear"":2010,""rankMovement"":-18,""rank"":386,""rankEqualFlag"":"""",""tournamentsPlayed"":21,""points"":235.25,""profileImage"":""/media/1489/itf-uk-profile-placeholder-female.jpg?anchor=center&mode=crop&width=54&height=72&rnd=132174204480000000"",""tournamentsPlayedSingles"":null,""tournamentsPlayedDoubles"":null,""pointsRankingSingles"":null,""pointsRankingDoubles"":null,""pointsRankingTotal"":null}"
800657164,Rishitha Reddy Basireddy,Rishitha Reddy,Basireddy,F,G,IND,India,,2008,2026,,https://www.itftennis.com/en/players/rishitha-reddy-basireddy/800657164/ind/jt/s/,387,234.5,2026-06-02,2026-06-08,"{""playerId"":800657164,""playerFamilyName"":""Basireddy"",""playerGivenName"":""Rishitha Reddy"",""playerNationalityCode"":""IND"",""playerNationality"":""India"",""profileLink"":""/en/players/rishitha-reddy-basireddy/800657164/ind/jt/s/"",""gender"":""F"",""hiddenPlayer"":false,""birthYear"":2008,""rankMovement"":-16,""rank"":387,""rankEqualFlag"":"""",""tournamentsPlayed"":10,""points"":234.5,""profileImage"":""/media/1489/itf-uk-profile-placeholder-female.jpg?anchor=center&mode=crop&width=54&height=72&rnd=132174204480000000"",""tournamentsPlayedSingles"":null,""tournamentsPlayedDoubles"":null,""pointsRankingSingles"":null,""pointsRankingDoubles"":null,""pointsRankingTotal"":null}"
800654422,Sara Mitevska,Sara,Mitevska,F,G,MKD,North Macedonia,,2010,2028,,https://www.itftennis.com/en/players/sara-mitevska/800654422/mkd/jt/s/,388,234,2026-06-02,2026-06-08,"{""playerId"":800654422,""playerFamilyName"":""Mitevska"",""playerGivenName"":""Sara"",""playerNationalityCode"":""MKD"",""playerNationality"":""North Macedonia"",""profileLink"":""/en/players/sara-mitevska/800654422/mkd/jt/s/"",""gender"":""F"",""hiddenPlayer"":false,""birthYear"":2010,""rankMovement"":-3,""rank"":388,""rankEqualFlag"":"""",""tournamentsPlayed"":24,""points"":234,""profileImage"":""/media/1489/itf-uk-profile-placeholder-female.jpg?anchor=center&mode=crop&width=54&height=72&rnd=132174204480000000"",""tournamentsPlayedSingles"":null,""tournamentsPlayedDoubles"":null,""pointsRankingSingles"":null,""pointsRankingDoubles"":null,""pointsRankingTotal"":null}"
800696136,Oliwia Kadzielska,Oliwia,Kadzielska,F,G,POL,Poland,,2011,2029,,https://www.itftennis.com/en/players/oliwia-kadzielska/800696136/pol/jt/s/,389,232,2026-06-02,2026-06-08,"{""playerId"":800696136,""playerFamilyName"":""Kadzielska"",""playerGivenName"":""Oliwia"",""playerNationalityCode"":""POL"",""playerNationality"":""Poland"",""profileLink"":""/en/players/oliwia-kadzielska/800696136/pol/jt/s/"",""gender"":""F"",""hiddenPlayer"":false,""birthYear"":2011,""rankMovement"":-3,""rank"":389,""rankEqualFlag"":"""",""tournamentsPlayed"":28,""points"":232,""profileImage"":""/media/1489/itf-uk-profile-placeholder-female.jpg?anchor=center&mode=crop&width=54&height=72&rnd=132174204480000000"",""tournamentsPlayedSingles"":null,""tournamentsPlayedDoubles"":null,""pointsRankingSingles"":null,""pointsRankingDoubles"":null,""pointsRankingTotal"":null}"
800664558,Veritsa Yaneva,Veritsa,Yaneva,F,G,SLO,Slovenia,,2009,2027,,https://www.itftennis.com/en/players/veritsa-yaneva/800664558/slo/jt/s/,390,231,2026-06-02,2026-06-08,"{""playerId"":800664558,""playerFamilyName"":""Yaneva"",""playerGivenName"":""Veritsa"",""playerNationalityCode"":""SLO"",""playerNationality"":""Slovenia"",""profileLink"":""/en/players/veritsa-yaneva/800664558/slo/jt/s/"",""gender"":""F"",""hiddenPlayer"":false,""birthYear"":2009,""rankMovement"":-3,""rank"":390,""rankEqualFlag"":"""",""tournamentsPlayed"":30,""points"":231,""profileImage"":""/media/1489/itf-uk-profile-placeholder-female.jpg?anchor=center&mode=crop&width=54&height=72&rnd=132174204480000000"",""tournamentsPlayedSingles"":null,""tournamentsPlayedDoubles"":null,""pointsRankingSingles"":null,""pointsRankingDoubles"":null,""pointsRankingTotal"":null}"
800751736,Pauline Ma,Pauline,Ma,F,G,AUS,Australia,,2010,2028,,https://www.itftennis.com/en/players/pauline-ma/800751736/aus/jt/s/,391,230.75,2026-06-08,2026-06-08,"{""playerId"":800751736,""playerFamilyName"":""Ma"",""playerGivenName"":""Pauline"",""playerNationalityCode"":""AUS"",""playerNationality"":""Australia"",""profileLink"":""/en/players/pauline-ma/800751736/aus/jt/s/"",""gender"":""F"",""hiddenPlayer"":false,""birthYear"":2010,""rankMovement"":154,""rank"":391,""rankEqualFlag"":"""",""tournamentsPlayed"":16,""points"":230.75,""profileImage"":""/media/1489/itf-uk-profile-placeholder-female.jpg?anchor=center&mode=crop&width=54&height=72&rnd=132174204480000000"",""tournamentsPlayedSingles"":null,""tournamentsPlayedDoubles"":null,""pointsRankingSingles"":null,""pointsRankingDoubles"":null,""pointsRankingTotal"":null}"
800665281,Aleksandra Rangelova,Aleksandra,Rangelova,F,G,BUL,Bulgaria,,2009,2027,,https://www.itftennis.com/en/players/aleksandra-rangelova/800665281/bul/jt/s/,392,230.5,2026-06-02,2026-06-08,"{""playerId"":800665281,""playerFamilyName"":""Rangelova"",""playerGivenName"":""Aleksandra"",""playerNationalityCode"":""BUL"",""playerNationality"":""Bulgaria"",""profileLink"":""/en/players/aleksandra-rangelova/800665281/bul/jt/s/"",""gender"":""F"",""hiddenPlayer"":false,""birthYear"":2009,""rankMovement"":-3,""rank"":392,""rankEqualFlag"":"""",""tournamentsPlayed"":27,""points"":230.5,""profileImage"":""/media/1489/itf-uk-profile-placeholder-female.jpg?anchor=center&mode=crop&width=54&height=72&rnd=132174204480000000"",""tournamentsPlayedSingles"":null,""tournamentsPlayedDoubles"":null,""pointsRankingSingles"":null,""pointsRankingDoubles"":null,""pointsRankingTotal"":null}"
800708722,Emma Fulvia Wiesenfeld,Emma Fulvia,Wiesenfeld,F,G,FRA,France,,2009,2027,,https://www.itftennis.com/en/players/emma-fulvia-wiesenfeld/800708722/fra/jt/s/,393,230,2026-06-02,2026-06-08,"{""playerId"":800708722,""playerFamilyName"":""Wiesenfeld"",""playerGivenName"":""Emma Fulvia"",""playerNationalityCode"":""FRA"",""playerNationality"":""France"",""profileLink"":""/en/players/emma-fulvia-wiesenfeld/800708722/fra/jt/s/"",""gender"":""F"",""hiddenPlayer"":false,""birthYear"":2009,""rankMovement"":-3,""rank"":393,""rankEqualFlag"":"""",""tournamentsPlayed"":39,""points"":230,""profileImage"":""/media/1489/itf-uk-profile-placeholder-female.jpg?anchor=center&mode=crop&width=54&height=72&rnd=132174204480000000"",""tournamentsPlayedSingles"":null,""tournamentsPlayedDoubles"":null,""pointsRankingSingles"":null,""pointsRankingDoubles"":null,""pointsRankingTotal"":null}"
800802797,Jiayi Wang,Jiayi,Wang,F,G,CHN,"China, P.R.",,2012,2030,,https://www.itftennis.com/en/players/jiayi-wang/800802797/chn/jt/s/,394,229,2026-06-02,2026-06-08,"{""playerId"":800802797,""playerFamilyName"":""Wang"",""playerGivenName"":""Jiayi"",""playerNationalityCode"":""CHN"",""playerNationality"":""China, P.R."",""profileLink"":""/en/players/jiayi-wang/800802797/chn/jt/s/"",""gender"":""F"",""hiddenPlayer"":false,""birthYear"":2012,""rankMovement"":-3,""rank"":394,""rankEqualFlag"":"""",""tournamentsPlayed"":20,""points"":229,""profileImage"":""/media/1489/itf-uk-profile-placeholder-female.jpg?anchor=center&mode=crop&width=54&height=72&rnd=132174204480000000"",""tournamentsPlayedSingles"":null,""tournamentsPlayedDoubles"":null,""pointsRankingSingles"":null,""pointsRankingDoubles"":null,""pointsRankingTotal"":null}"
800644838,Lora Kardos,Lora,Kardos,F,G,HUN,Hungary,,2009,2027,,https://www.itftennis.com/en/players/lora-kardos/800644838/hun/jt/s/,395,229,2026-06-02,2026-06-08,"{""playerId"":800644838,""playerFamilyName"":""Kardos"",""playerGivenName"":""Lora"",""playerNationalityCode"":""HUN"",""playerNationality"":""Hungary"",""profileLink"":""/en/players/lora-kardos/800644838/hun/jt/s/"",""gender"":""F"",""hiddenPlayer"":false,""birthYear"":2009,""rankMovement"":-3,""rank"":395,""rankEqualFlag"":"""",""tournamentsPlayed"":22,""points"":229,""profileImage"":""/media/1489/itf-uk-profile-placeholder-female.jpg?anchor=center&mode=crop&width=54&height=72&rnd=132174204480000000"",""tournamentsPlayedSingles"":null,""tournamentsPlayedDoubles"":null,""pointsRankingSingles"":null,""pointsRankingDoubles"":null,""pointsRankingTotal"":null}"
800692783,Leah Puk,Leah,Puk,F,G,IRL,Ireland,,2010,2028,,https://www.itftennis.com/en/players/leah-puk/800692783/irl/jt/s/,396,228,2026-06-02,2026-06-08,"{""playerId"":800692783,""playerFamilyName"":""Puk"",""playerGivenName"":""Leah"",""playerNationalityCode"":""IRL"",""playerNationality"":""Ireland"",""profileLink"":""/en/players/leah-puk/800692783/irl/jt/s/"",""gender"":""F"",""hiddenPlayer"":false,""birthYear"":2010,""rankMovement"":-3,""rank"":396,""rankEqualFlag"":"""",""tournamentsPlayed"":28,""points"":228,""profileImage"":""/media/1489/itf-uk-profile-placeholder-female.jpg?anchor=center&mode=crop&width=54&height=72&rnd=132174204480000000"",""tournamentsPlayedSingles"":null,""tournamentsPlayedDoubles"":null,""pointsRankingSingles"":null,""pointsRankingDoubles"":null,""pointsRankingTotal"":null}"
800654681,Alba Maria Coromina Boluda,Alba Maria,Coromina Boluda,F,G,ESP,Spain,,2009,2027,,https://www.itftennis.com/en/players/alba-maria-coromina-boluda/800654681/esp/jt/s/,397,227.75,2026-06-02,2026-06-08,"{""playerId"":800654681,""playerFamilyName"":""Coromina Boluda"",""playerGivenName"":""Alba Maria"",""playerNationalityCode"":""ESP"",""playerNationality"":""Spain"",""profileLink"":""/en/players/alba-maria-coromina-boluda/800654681/esp/jt/s/"",""gender"":""F"",""hiddenPlayer"":false,""birthYear"":2009,""rankMovement"":-3,""rank"":397,""rankEqualFlag"":"""",""tournamentsPlayed"":19,""points"":227.75,""profileImage"":""/media/1489/itf-uk-profile-placeholder-female.jpg?anchor=center&mode=crop&width=54&height=72&rnd=132174204480000000"",""tournamentsPlayedSingles"":null,""tournamentsPlayedDoubles"":null,""pointsRankingSingles"":null,""pointsRankingDoubles"":null,""pointsRankingTotal"":null}"
800765970,Carolina Castro,Carolina,Castro,F,G,PUR,Puerto Rico,,2009,2027,,https://www.itftennis.com/en/players/carolina-castro/800765970/pur/jt/s/,398,227.5,2026-06-02,2026-06-08,"{""playerId"":800765970,""playerFamilyName"":""Castro"",""playerGivenName"":""Carolina"",""playerNationalityCode"":""PUR"",""playerNationality"":""Puerto Rico"",""profileLink"":""/en/players/carolina-castro/800765970/pur/jt/s/"",""gender"":""F"",""hiddenPlayer"":false,""birthYear"":2009,""rankMovement"":-3,""rank"":398,""rankEqualFlag"":"""",""tournamentsPlayed"":18,""points"":227.5,""profileImage"":""/media/1489/itf-uk-profile-placeholder-female.jpg?anchor=center&mode=crop&width=54&height=72&rnd=132174204480000000"",""tournamentsPlayedSingles"":null,""tournamentsPlayedDoubles"":null,""pointsRankingSingles"":null,""pointsRankingDoubles"":null,""pointsRankingTotal"":null}"
800795255,Daria Podlipskaya,Daria,Podlipskaya,F,G,RUS,Russia,,2010,2028,,https://www.itftennis.com/en/players/daria-podlipskaya/800795255/rus/jt/s/,399,227.5,2026-06-02,2026-06-08,"{""playerId"":800795255,""playerFamilyName"":""Podlipskaya"",""playerGivenName"":""Daria"",""playerNationalityCode"":""RUS"",""playerNationality"":""Russia"",""profileLink"":""/en/players/daria-podlipskaya/800795255/rus/jt/s/"",""gender"":""F"",""hiddenPlayer"":false,""birthYear"":2010,""rankMovement"":-11,""rank"":399,""rankEqualFlag"":"""",""tournamentsPlayed"":21,""points"":227.5,""profileImage"":""/media/1489/itf-uk-profile-placeholder-female.jpg?anchor=center&mode=crop&width=54&height=72&rnd=132174204480000000"",""tournamentsPlayedSingles"":null,""tournamentsPlayedDoubles"":null,""pointsRankingSingles"":null,""pointsRankingDoubles"":null,""pointsRankingTotal"":null}"
800645604,Nelli Ivanova,Nelli,Ivanova,F,G,RUS,Russia,,2009,2027,,https://www.itftennis.com/en/players/nelli-ivanova/800645604/rus/jt/s/,400,227.25,2026-06-02,2026-06-08,"{""playerId"":800645604,""playerFamilyName"":""Ivanova"",""playerGivenName"":""Nelli"",""playerNationalityCode"":""RUS"",""playerNationality"":""Russia"",""profileLink"":""/en/players/nelli-ivanova/800645604/rus/jt/s/"",""gender"":""F"",""hiddenPlayer"":false,""birthYear"":2009,""rankMovement"":-4,""rank"":400,""rankEqualFlag"":"""",""tournamentsPlayed"":6,""points"":227.25,""profileImage"":""/media/1489/itf-uk-profile-placeholder-female.jpg?anchor=center&mode=crop&width=54&height=72&rnd=132174204480000000"",""tournamentsPlayedSingles"":null,""tournamentsPlayedDoubles"":null,""pointsRankingSingles"":null,""pointsRankingDoubles"":null,""pointsRankingTotal"":null}"
800640535,Alexandra Bayuschenko,Alexandra,Bayuschenko,F,G,BLR,Belarus,,2009,2027,,https://www.itftennis.com/en/players/alexandra-bayuschenko/800640535/blr/jt/s/,401,227,2026-06-02,2026-06-08,"{""playerId"":800640535,""playerFamilyName"":""Bayuschenko"",""playerGivenName"":""Alexandra"",""playerNationalityCode"":""BLR"",""playerNationality"":""Belarus"",""profileLink"":""/en/players/alexandra-bayuschenko/800640535/blr/jt/s/"",""gender"":""F"",""hiddenPlayer"":false,""birthYear"":2009,""rankMovement"":-4,""rank"":401,""rankEqualFlag"":"""",""tournamentsPlayed"":33,""points"":227,""profileImage"":""/media/1489/itf-uk-profile-placeholder-female.jpg?anchor=center&mode=crop&width=54&height=72&rnd=132174204480000000"",""tournamentsPlayedSingles"":null,""tournamentsPlayedDoubles"":null,""pointsRankingSingles"":null,""pointsRankingDoubles"":null,""pointsRankingTotal"":null}"
800637045,Kateryna Chuieshova,Kateryna,Chuieshova,F,G,UKR,Ukraine,,2009,2027,,https://www.itftennis.com/en/players/kateryna-chuieshova/800637045/ukr/jt/s/,402,224.5,2026-06-02,2026-06-08,"{""playerId"":800637045,""playerFamilyName"":""Chuieshova"",""playerGivenName"":""Kateryna"",""playerNationalityCode"":""UKR"",""playerNationality"":""Ukraine"",""profileLink"":""/en/players/kateryna-chuieshova/800637045/ukr/jt/s/"",""gender"":""F"",""hiddenPlayer"":false,""birthYear"":2009,""rankMovement"":-3,""rank"":402,""rankEqualFlag"":"""",""tournamentsPlayed"":34,""points"":224.5,""profileImage"":""/media/1489/itf-uk-profile-placeholder-female.jpg?anchor=center&mode=crop&width=54&height=72&rnd=132174204480000000"",""tournamentsPlayedSingles"":null,""tournamentsPlayedDoubles"":null,""pointsRankingSingles"":null,""pointsRankingDoubles"":null,""pointsRankingTotal"":null}"
800677161,CLARA BORRASCA,CLARA,BORRASCA,F,G,BRA,Brazil,,2009,2027,,https://www.itftennis.com/en/players/clara-borrasca/800677161/bra/jt/s/,403,224.5,2026-06-02,2026-06-08,"{""playerId"":800677161,""playerFamilyName"":""BORRASCA"",""playerGivenName"":""CLARA"",""playerNationalityCode"":""BRA"",""playerNationality"":""Brazil"",""profileLink"":""/en/players/clara-borrasca/800677161/bra/jt/s/"",""gender"":""F"",""hiddenPlayer"":false,""birthYear"":2009,""rankMovement"":-3,""rank"":403,""rankEqualFlag"":"""",""tournamentsPlayed"":29,""points"":224.5,""profileImage"":""/media/1489/itf-uk-profile-placeholder-female.jpg?anchor=center&mode=crop&width=54&height=72&rnd=132174204480000000"",""tournamentsPlayedSingles"":null,""tournamentsPlayedDoubles"":null,""pointsRankingSingles"":null,""pointsRankingDoubles"":null,""pointsRankingTotal"":null}"
800672510,Raya Kotseva,Raya,Kotseva,F,G,USA,USA,,2010,2028,,https://www.itftennis.com/en/players/raya-kotseva/800672510/usa/jt/s/,404,224.25,2026-06-02,2026-06-08,"{""playerId"":800672510,""playerFamilyName"":""Kotseva"",""playerGivenName"":""Raya"",""playerNationalityCode"":""USA"",""playerNationality"":""USA"",""profileLink"":""/en/players/raya-kotseva/800672510/usa/jt/s/"",""gender"":""F"",""hiddenPlayer"":false,""birthYear"":2010,""rankMovement"":-3,""rank"":404,""rankEqualFlag"":"""",""tournamentsPlayed"":29,""points"":224.25,""profileImage"":""/media/1489/itf-uk-profile-placeholder-female.jpg?anchor=center&mode=crop&width=54&height=72&rnd=132174204480000000"",""tournamentsPlayedSingles"":null,""tournamentsPlayedDoubles"":null,""pointsRankingSingles"":null,""pointsRankingDoubles"":null,""pointsRankingTotal"":null}"
800695706,Nikol Nuneva,Nikol,Nuneva,F,G,BUL,Bulgaria,,2010,2028,,https://www.itftennis.com/en/players/nikol-nuneva/800695706/bul/jt/s/,405,222,2026-06-02,2026-06-08,"{""playerId"":800695706,""playerFamilyName"":""Nuneva"",""playerGivenName"":""Nikol"",""playerNationalityCode"":""BUL"",""playerNationality"":""Bulgaria"",""profileLink"":""/en/players/nikol-nuneva/800695706/bul/jt/s/"",""gender"":""F"",""hiddenPlayer"":false,""birthYear"":2010,""rankMovement"":-2,""rank"":405,""rankEqualFlag"":"""",""tournamentsPlayed"":32,""points"":222,""profileImage"":""/media/1489/itf-uk-profile-placeholder-female.jpg?anchor=center&mode=crop&width=54&height=72&rnd=132174204480000000"",""tournamentsPlayedSingles"":null,""tournamentsPlayedDoubles"":null,""pointsRankingSingles"":null,""pointsRankingDoubles"":null,""pointsRankingTotal"":null}"
800677997,Marie Charlotte Monnier,Marie Charlotte,Monnier,F,G,POL,Poland,,2009,2027,,https://www.itftennis.com/en/players/marie-charlotte-monnier/800677997/pol/jt/s/,406,222,2026-06-02,2026-06-08,"{""playerId"":800677997,""playerFamilyName"":""Monnier"",""playerGivenName"":""Marie Charlotte"",""playerNationalityCode"":""POL"",""playerNationality"":""Poland"",""profileLink"":""/en/players/marie-charlotte-monnier/800677997/pol/jt/s/"",""gender"":""F"",""hiddenPlayer"":false,""birthYear"":2009,""rankMovement"":-2,""rank"":406,""rankEqualFlag"":"""",""tournamentsPlayed"":22,""points"":222,""profileImage"":""/media/1489/itf-uk-profile-placeholder-female.jpg?anchor=center&mode=crop&width=54&height=72&rnd=132174204480000000"",""tournamentsPlayedSingles"":null,""tournamentsPlayedDoubles"":null,""pointsRankingSingles"":null,""pointsRankingDoubles"":null,""pointsRankingTotal"":null}"
800681351,Pallavi Patel,Pallavi,Patel,F,G,IND,India,,2009,2027,,https://www.itftennis.com/en/players/pallavi-patel/800681351/ind/jt/s/,407,221.5,2026-06-02,2026-06-08,"{""playerId"":800681351,""playerFamilyName"":""Patel"",""playerGivenName"":""Pallavi"",""playerNationalityCode"":""IND"",""playerNationality"":""India"",""profileLink"":""/en/players/pallavi-patel/800681351/ind/jt/s/"",""gender"":""F"",""hiddenPlayer"":false,""birthYear"":2009,""rankMovement"":-2,""rank"":407,""rankEqualFlag"":"""",""tournamentsPlayed"":39,""points"":221.5,""profileImage"":""/media/1489/itf-uk-profile-placeholder-female.jpg?anchor=center&mode=crop&width=54&height=72&rnd=132174204480000000"",""tournamentsPlayedSingles"":null,""tournamentsPlayedDoubles"":null,""pointsRankingSingles"":null,""pointsRankingDoubles"":null,""pointsRankingTotal"":null}"
800759753,stephanie pumar,stephanie,pumar,F,G,VEN,Venezuela,,2011,2029,,https://www.itftennis.com/en/players/stephanie-pumar/800759753/ven/jt/s/,408,221,2026-06-02,2026-06-08,"{""playerId"":800759753,""playerFamilyName"":""pumar"",""playerGivenName"":""stephanie"",""playerNationalityCode"":""VEN"",""playerNationality"":""Venezuela"",""profileLink"":""/en/players/stephanie-pumar/800759753/ven/jt/s/"",""gender"":""F"",""hiddenPlayer"":false,""birthYear"":2011,""rankMovement"":-1,""rank"":408,""rankEqualFlag"":"""",""tournamentsPlayed"":25,""points"":221,""profileImage"":""/media/1489/itf-uk-profile-placeholder-female.jpg?anchor=center&mode=crop&width=54&height=72&rnd=132174204480000000"",""tournamentsPlayedSingles"":null,""tournamentsPlayedDoubles"":null,""pointsRankingSingles"":null,""pointsRankingDoubles"":null,""pointsRankingTotal"":null}"
800654180,Tina Manescu,Tina,Manescu,F,G,GER,Germany,,2010,2028,,https://www.itftennis.com/en/players/tina-manescu/800654180/ger/jt/s/,409,220.5,2026-06-02,2026-06-08,"{""playerId"":800654180,""playerFamilyName"":""Manescu"",""playerGivenName"":""Tina"",""playerNationalityCode"":""GER"",""playerNationality"":""Germany"",""profileLink"":""/en/players/tina-manescu/800654180/ger/jt/s/"",""gender"":""F"",""hiddenPlayer"":false,""birthYear"":2010,""rankMovement"":-1,""rank"":409,""rankEqualFlag"":"""",""tournamentsPlayed"":12,""points"":220.5,""profileImage"":""/media/1489/itf-uk-profile-placeholder-female.jpg?anchor=center&mode=crop&width=54&height=72&rnd=132174204480000000"",""tournamentsPlayedSingles"":null,""tournamentsPlayedDoubles"":null,""pointsRankingSingles"":null,""pointsRankingDoubles"":null,""pointsRankingTotal"":null}"
800624608,Dinara De Silva,Dinara,De Silva,F,G,SRI,Sri Lanka,,2008,2026,,https://www.itftennis.com/en/players/dinara-de-silva/800624608/sri/jt/s/,410,219.5,2026-06-02,2026-06-08,"{""playerId"":800624608,""playerFamilyName"":""De Silva"",""playerGivenName"":""Dinara"",""playerNationalityCode"":""SRI"",""playerNationality"":""Sri Lanka"",""profileLink"":""/en/players/dinara-de-silva/800624608/sri/jt/s/"",""gender"":""F"",""hiddenPlayer"":false,""birthYear"":2008,""rankMovement"":33,""rank"":410,""rankEqualFlag"":"""",""tournamentsPlayed"":28,""points"":219.5,""profileImage"":""/media/1489/itf-uk-profile-placeholder-female.jpg?anchor=center&mode=crop&width=54&height=72&rnd=132174204480000000"",""tournamentsPlayedSingles"":null,""tournamentsPlayedDoubles"":null,""pointsRankingSingles"":null,""pointsRankingDoubles"":null,""pointsRankingTotal"":null}"
800666093,Karolina Smidova,Karolina,Smidova,F,G,CZE,Czechia,,2010,2028,,https://www.itftennis.com/en/players/karolina-smidova/800666093/cze/jt/s/,411,219,2026-06-02,2026-06-08,"{""playerId"":800666093,""playerFamilyName"":""Smidova"",""playerGivenName"":""Karolina"",""playerNationalityCode"":""CZE"",""playerNationality"":""Czechia"",""profileLink"":""/en/players/karolina-smidova/800666093/cze/jt/s/"",""gender"":""F"",""hiddenPlayer"":false,""birthYear"":2010,""rankMovement"":-2,""rank"":411,""rankEqualFlag"":"""",""tournamentsPlayed"":29,""points"":219,""profileImage"":""/media/1489/itf-uk-profile-placeholder-female.jpg?anchor=center&mode=crop&width=54&height=72&rnd=132174204480000000"",""tournamentsPlayedSingles"":null,""tournamentsPlayedDoubles"":null,""pointsRankingSingles"":null,""pointsRankingDoubles"":null,""pointsRankingTotal"":null}"
800696224,Habiba Habib,Habiba,Habib,F,G,EGY,Egypt,,2009,2027,,https://www.itftennis.com/en/players/habiba-habib/800696224/egy/jt/s/,412,218.5,2026-06-02,2026-06-08,"{""playerId"":800696224,""playerFamilyName"":""Habib"",""playerGivenName"":""Habiba"",""playerNationalityCode"":""EGY"",""playerNationality"":""Egypt"",""profileLink"":""/en/players/habiba-habib/800696224/egy/jt/s/"",""gender"":""F"",""hiddenPlayer"":false,""birthYear"":2009,""rankMovement"":-6,""rank"":412,""rankEqualFlag"":"""",""tournamentsPlayed"":40,""points"":218.5,""profileImage"":""/media/1489/itf-uk-profile-placeholder-female.jpg?anchor=center&mode=crop&width=54&height=72&rnd=132174204480000000"",""tournamentsPlayedSingles"":null,""tournamentsPlayedDoubles"":null,""pointsRankingSingles"":null,""pointsRankingDoubles"":null,""pointsRankingTotal"":null}"
800602862,Lydia Brennan,Lydia,Brennan,F,G,IRL,Ireland,,2008,2026,,https://www.itftennis.com/en/players/lydia-brennan/800602862/irl/jt/s/,413,218.5,2026-06-02,2026-06-08,"{""playerId"":800602862,""playerFamilyName"":""Brennan"",""playerGivenName"":""Lydia"",""playerNationalityCode"":""IRL"",""playerNationality"":""Ireland"",""profileLink"":""/en/players/lydia-brennan/800602862/irl/jt/s/"",""gender"":""F"",""hiddenPlayer"":false,""birthYear"":2008,""rankMovement"":-3,""rank"":413,""rankEqualFlag"":"""",""tournamentsPlayed"":41,""points"":218.5,""profileImage"":""/media/1489/itf-uk-profile-placeholder-female.jpg?anchor=center&mode=crop&width=54&height=72&rnd=132174204480000000"",""tournamentsPlayedSingles"":null,""tournamentsPlayedDoubles"":null,""pointsRankingSingles"":null,""pointsRankingDoubles"":null,""pointsRankingTotal"":null}"
800676974,Yu-Ning Tsai,Yu-Ning,Tsai,F,G,TPE,Chinese Taipei,,2008,2026,,https://www.itftennis.com/en/players/yu-ning-tsai/800676974/tpe/jt/s/,414,218.5,2026-06-02,2026-06-08,"{""playerId"":800676974,""playerFamilyName"":""Tsai"",""playerGivenName"":""Yu-Ning"",""playerNationalityCode"":""TPE"",""playerNationality"":""Chinese Taipei"",""profileLink"":""/en/players/yu-ning-tsai/800676974/tpe/jt/s/"",""gender"":""F"",""hiddenPlayer"":false,""birthYear"":2008,""rankMovement"":-3,""rank"":414,""rankEqualFlag"":"""",""tournamentsPlayed"":20,""points"":218.5,""profileImage"":""/media/1489/itf-uk-profile-placeholder-female.jpg?anchor=center&mode=crop&width=54&height=72&rnd=132174204480000000"",""tournamentsPlayedSingles"":null,""tournamentsPlayedDoubles"":null,""pointsRankingSingles"":null,""pointsRankingDoubles"":null,""pointsRankingTotal"":null}"
800670459,Mischka Sinclaire Goenadi,Mischka Sinclaire,Goenadi,F,G,INA,Indonesia,,2008,2026,,https://www.itftennis.com/en/players/mischka-sinclaire-goenadi/800670459/ina/jt/s/,415,217.5,2026-06-02,2026-06-08,"{""playerId"":800670459,""playerFamilyName"":""Goenadi"",""playerGivenName"":""Mischka Sinclaire"",""playerNationalityCode"":""INA"",""playerNationality"":""Indonesia"",""profileLink"":""/en/players/mischka-sinclaire-goenadi/800670459/ina/jt/s/"",""gender"":""F"",""hiddenPlayer"":false,""birthYear"":2008,""rankMovement"":-3,""rank"":415,""rankEqualFlag"":"""",""tournamentsPlayed"":23,""points"":217.5,""profileImage"":""/media/1489/itf-uk-profile-placeholder-female.jpg?anchor=center&mode=crop&width=54&height=72&rnd=132174204480000000"",""tournamentsPlayedSingles"":null,""tournamentsPlayedDoubles"":null,""pointsRankingSingles"":null,""pointsRankingDoubles"":null,""pointsRankingTotal"":null}"
800686478,Sara Saad,Sara,Saad,F,G,EGY,Egypt,,2008,2026,,https://www.itftennis.com/en/players/sara-saad/800686478/egy/jt/s/,416,217.25,2026-06-02,2026-06-08,"{""playerId"":800686478,""playerFamilyName"":""Saad"",""playerGivenName"":""Sara"",""playerNationalityCode"":""EGY"",""playerNationality"":""Egypt"",""profileLink"":""/en/players/sara-saad/800686478/egy/jt/s/"",""gender"":""F"",""hiddenPlayer"":false,""birthYear"":2008,""rankMovement"":-3,""rank"":416,""rankEqualFlag"":"""",""tournamentsPlayed"":21,""points"":217.25,""profileImage"":""/media/1489/itf-uk-profile-placeholder-female.jpg?anchor=center&mode=crop&width=54&height=72&rnd=132174204480000000"",""tournamentsPlayedSingles"":null,""tournamentsPlayedDoubles"":null,""pointsRankingSingles"":null,""pointsRankingDoubles"":null,""pointsRankingTotal"":null}"
800678118,Taylah Lessue,Taylah,Lessue,F,G,AUS,Australia,,2008,2026,,https://www.itftennis.com/en/players/taylah-lessue/800678118/aus/jt/s/,417,216.25,2026-06-02,2026-06-08,"{""playerId"":800678118,""playerFamilyName"":""Lessue"",""playerGivenName"":""Taylah"",""playerNationalityCode"":""AUS"",""playerNationality"":""Australia"",""profileLink"":""/en/players/taylah-lessue/800678118/aus/jt/s/"",""gender"":""F"",""hiddenPlayer"":false,""birthYear"":2008,""rankMovement"":22,""rank"":417,""rankEqualFlag"":"""",""tournamentsPlayed"":28,""points"":216.25,""profileImage"":""/media/1489/itf-uk-profile-placeholder-female.jpg?anchor=center&mode=crop&width=54&height=72&rnd=132174204480000000"",""tournamentsPlayedSingles"":null,""tournamentsPlayedDoubles"":null,""pointsRankingSingles"":null,""pointsRankingDoubles"":null,""pointsRankingTotal"":null}"
800651945,Maria Isabel Suarez,Maria Isabel,Suarez,F,G,COL,Colombia,,2008,2026,,https://www.itftennis.com/en/players/maria-isabel-suarez/800651945/col/jt/s/,418,215.25,2026-06-02,2026-06-08,"{""playerId"":800651945,""playerFamilyName"":""Suarez"",""playerGivenName"":""Maria Isabel"",""playerNationalityCode"":""COL"",""playerNationality"":""Colombia"",""profileLink"":""/en/players/maria-isabel-suarez/800651945/col/jt/s/"",""gender"":""F"",""hiddenPlayer"":false,""birthYear"":2008,""rankMovement"":-4,""rank"":418,""rankEqualFlag"":"""",""tournamentsPlayed"":17,""points"":215.25,""profileImage"":""/media/1489/itf-uk-profile-placeholder-female.jpg?anchor=center&mode=crop&width=54&height=72&rnd=132174204480000000"",""tournamentsPlayedSingles"":null,""tournamentsPlayedDoubles"":null,""pointsRankingSingles"":null,""pointsRankingDoubles"":null,""pointsRankingTotal"":null}"
800810185,Catarina Braun,Catarina,Braun,F,G,POR,Portugal,,2011,2029,,https://www.itftennis.com/en/players/catarina-braun/800810185/por/jt/s/,419,215.25,2026-06-02,2026-06-08,"{""playerId"":800810185,""playerFamilyName"":""Braun"",""playerGivenName"":""Catarina"",""playerNationalityCode"":""POR"",""playerNationality"":""Portugal"",""profileLink"":""/en/players/catarina-braun/800810185/por/jt/s/"",""gender"":""F"",""hiddenPlayer"":false,""birthYear"":2011,""rankMovement"":-4,""rank"":419,""rankEqualFlag"":"""",""tournamentsPlayed"":22,""points"":215.25,""profileImage"":""/media/1489/itf-uk-profile-placeholder-female.jpg?anchor=center&mode=crop&width=54&height=72&rnd=132174204480000000"",""tournamentsPlayedSingles"":null,""tournamentsPlayedDoubles"":null,""pointsRankingSingles"":null,""pointsRankingDoubles"":null,""pointsRankingTotal"":null}"
800702429,AMINA NURMAKHAN,AMINA,NURMAKHAN,F,G,KAZ,Kazakhstan,,2011,2029,,https://www.itftennis.com/en/players/amina-nurmakhan/800702429/kaz/jt/s/,420,215.25,2026-06-02,2026-06-08,"{""playerId"":800702429,""playerFamilyName"":""NURMAKHAN"",""playerGivenName"":""AMINA"",""playerNationalityCode"":""KAZ"",""playerNationality"":""Kazakhstan"",""profileLink"":""/en/players/amina-nurmakhan/800702429/kaz/jt/s/"",""gender"":""F"",""hiddenPlayer"":false,""birthYear"":2011,""rankMovement"":-4,""rank"":420,""rankEqualFlag"":"""",""tournamentsPlayed"":28,""points"":215.25,""profileImage"":""/media/1489/itf-uk-profile-placeholder-female.jpg?anchor=center&mode=crop&width=54&height=72&rnd=132174204480000000"",""tournamentsPlayedSingles"":null,""tournamentsPlayedDoubles"":null,""pointsRankingSingles"":null,""pointsRankingDoubles"":null,""pointsRankingTotal"":null}"
800790888,Yulia Liakhava,Yulia,Liakhava,F,G,BLR,Belarus,,2009,2027,,https://www.itftennis.com/en/players/yulia-liakhava/800790888/blr/jt/s/,421,215,2026-06-02,2026-06-08,"{""playerId"":800790888,""playerFamilyName"":""Liakhava"",""playerGivenName"":""Yulia"",""playerNationalityCode"":""BLR"",""playerNationality"":""Belarus"",""profileLink"":""/en/players/yulia-liakhava/800790888/blr/jt/s/"",""gender"":""F"",""hiddenPlayer"":false,""birthYear"":2009,""rankMovement"":-4,""rank"":421,""rankEqualFlag"":"""",""tournamentsPlayed"":19,""points"":215,""profileImage"":""/media/1489/itf-uk-profile-placeholder-female.jpg?anchor=center&mode=crop&width=54&height=72&rnd=132174204480000000"",""tournamentsPlayedSingles"":null,""tournamentsPlayedDoubles"":null,""pointsRankingSingles"":null,""pointsRankingDoubles"":null,""pointsRankingTotal"":null}"
800695711,VIOLA SEVERI,VIOLA,SEVERI,F,G,ITA,Italy,,2011,2029,,https://www.itftennis.com/en/players/viola-severi/800695711/ita/jt/s/,422,214.75,2026-06-02,2026-06-08,"{""playerId"":800695711,""playerFamilyName"":""SEVERI"",""playerGivenName"":""VIOLA"",""playerNationalityCode"":""ITA"",""playerNationality"":""Italy"",""profileLink"":""/en/players/viola-severi/800695711/ita/jt/s/"",""gender"":""F"",""hiddenPlayer"":false,""birthYear"":2011,""rankMovement"":-4,""rank"":422,""rankEqualFlag"":"""",""tournamentsPlayed"":23,""points"":214.75,""profileImage"":""/media/1489/itf-uk-profile-placeholder-female.jpg?anchor=center&mode=crop&width=54&height=72&rnd=132174204480000000"",""tournamentsPlayedSingles"":null,""tournamentsPlayedDoubles"":null,""pointsRankingSingles"":null,""pointsRankingDoubles"":null,""pointsRankingTotal"":null}"
800690150,Kaya Baker,Kaya,Baker,F,G,USA,USA,,2008,2026,,https://www.itftennis.com/en/players/kaya-baker/800690150/usa/jt/s/,423,214.5,2026-06-02,2026-06-08,"{""playerId"":800690150,""playerFamilyName"":""Baker"",""playerGivenName"":""Kaya"",""playerNationalityCode"":""USA"",""playerNationality"":""USA"",""profileLink"":""/en/players/kaya-baker/800690150/usa/jt/s/"",""gender"":""F"",""hiddenPlayer"":false,""birthYear"":2008,""rankMovement"":-4,""rank"":423,""rankEqualFlag"":"""",""tournamentsPlayed"":34,""points"":214.5,""profileImage"":""/media/1489/itf-uk-profile-placeholder-female.jpg?anchor=center&mode=crop&width=54&height=72&rnd=132174204480000000"",""tournamentsPlayedSingles"":null,""tournamentsPlayedDoubles"":null,""pointsRankingSingles"":null,""pointsRankingDoubles"":null,""pointsRankingTotal"":null}"
800700921,Sofia Tatu,Sofia,Tatu,F,G,GBR,Great Britain,,2011,2029,,https://www.itftennis.com/en/players/sofia-tatu/800700921/gbr/jt/s/,424,214,2026-06-02,2026-06-08,"{""playerId"":800700921,""playerFamilyName"":""Tatu"",""playerGivenName"":""Sofia"",""playerNationalityCode"":""GBR"",""playerNationality"":""Great Britain"",""profileLink"":""/en/players/sofia-tatu/800700921/gbr/jt/s/"",""gender"":""F"",""hiddenPlayer"":false,""birthYear"":2011,""rankMovement"":-4,""rank"":424,""rankEqualFlag"":"""",""tournamentsPlayed"":22,""points"":214,""profileImage"":""/media/1489/itf-uk-profile-placeholder-female.jpg?anchor=center&mode=crop&width=54&height=72&rnd=132174204480000000"",""tournamentsPlayedSingles"":null,""tournamentsPlayedDoubles"":null,""pointsRankingSingles"":null,""pointsRankingDoubles"":null,""pointsRankingTotal"":null}"
800755673,Sydney Wright,Sydney,Wright,F,G,USA,USA,,2010,2028,,https://www.itftennis.com/en/players/sydney-wright/800755673/usa/jt/s/,425,214,2026-06-02,2026-06-08,"{""playerId"":800755673,""playerFamilyName"":""Wright"",""playerGivenName"":""Sydney"",""playerNationalityCode"":""USA"",""playerNationality"":""USA"",""profileLink"":""/en/players/sydney-wright/800755673/usa/jt/s/"",""gender"":""F"",""hiddenPlayer"":false,""birthYear"":2010,""rankMovement"":-4,""rank"":425,""rankEqualFlag"":"""",""tournamentsPlayed"":17,""points"":214,""profileImage"":""/media/1489/itf-uk-profile-placeholder-female.jpg?anchor=center&mode=crop&width=54&height=72&rnd=132174204480000000"",""tournamentsPlayedSingles"":null,""tournamentsPlayedDoubles"":null,""pointsRankingSingles"":null,""pointsRankingDoubles"":null,""pointsRankingTotal"":null}"
800654892,Liza Richterman,Liza,Richterman,F,G,ISR,Israel,,2010,2028,,https://www.itftennis.com/en/players/liza-richterman/800654892/isr/jt/s/,426,213.75,2026-06-02,2026-06-08,"{""playerId"":800654892,""playerFamilyName"":""Richterman"",""playerGivenName"":""Liza"",""playerNationalityCode"":""ISR"",""playerNationality"":""Israel"",""profileLink"":""/en/players/liza-richterman/800654892/isr/jt/s/"",""gender"":""F"",""hiddenPlayer"":false,""birthYear"":2010,""rankMovement"":-4,""rank"":426,""rankEqualFlag"":"""",""tournamentsPlayed"":24,""points"":213.75,""profileImage"":""/media/1489/itf-uk-profile-placeholder-female.jpg?anchor=center&mode=crop&width=54&height=72&rnd=132174204480000000"",""tournamentsPlayedSingles"":null,""tournamentsPlayedDoubles"":null,""pointsRankingSingles"":null,""pointsRankingDoubles"":null,""pointsRankingTotal"":null}"
800650753,Alexandra Talina,Alexandra,Talina,F,G,RUS,Russia,,2010,2028,,https://www.itftennis.com/en/players/alexandra-talina/800650753/rus/jt/s/,427,213.75,2026-06-02,2026-06-08,"{""playerId"":800650753,""playerFamilyName"":""Talina"",""playerGivenName"":""Alexandra"",""playerNationalityCode"":""RUS"",""playerNationality"":""Russia"",""profileLink"":""/en/players/alexandra-talina/800650753/rus/jt/s/"",""gender"":""F"",""hiddenPlayer"":false,""birthYear"":2010,""rankMovement"":5,""rank"":427,""rankEqualFlag"":"""",""tournamentsPlayed"":28,""points"":213.75,""profileImage"":""/media/1489/itf-uk-profile-placeholder-female.jpg?anchor=center&mode=crop&width=54&height=72&rnd=132174204480000000"",""tournamentsPlayedSingles"":null,""tournamentsPlayedDoubles"":null,""pointsRankingSingles"":null,""pointsRankingDoubles"":null,""pointsRankingTotal"":null}"
800720466,Aurora Lugo,Aurora,Lugo,F,G,PUR,Puerto Rico,,2009,2027,,https://www.itftennis.com/en/players/aurora-lugo/800720466/pur/jt/s/,428,213.5,2026-06-02,2026-06-08,"{""playerId"":800720466,""playerFamilyName"":""Lugo"",""playerGivenName"":""Aurora"",""playerNationalityCode"":""PUR"",""playerNationality"":""Puerto Rico"",""profileLink"":""/en/players/aurora-lugo/800720466/pur/jt/s/"",""gender"":""F"",""hiddenPlayer"":false,""birthYear"":2009,""rankMovement"":-5,""rank"":428,""rankEqualFlag"":"""",""tournamentsPlayed"":28,""points"":213.5,""profileImage"":""/media/1489/itf-uk-profile-placeholder-female.jpg?anchor=center&mode=crop&width=54&height=72&rnd=132174204480000000"",""tournamentsPlayedSingles"":null,""tournamentsPlayedDoubles"":null,""pointsRankingSingles"":null,""pointsRankingDoubles"":null,""pointsRankingTotal"":null}"
800722768,Emilia Henningsen,Emilia,Henningsen,F,G,DEN,Denmark,,2012,2030,,https://www.itftennis.com/en/players/emilia-henningsen/800722768/den/jt/s/,429,213.5,2026-06-02,2026-06-08,"{""playerId"":800722768,""playerFamilyName"":""Henningsen"",""playerGivenName"":""Emilia"",""playerNationalityCode"":""DEN"",""playerNationality"":""Denmark"",""profileLink"":""/en/players/emilia-henningsen/800722768/den/jt/s/"",""gender"":""F"",""hiddenPlayer"":false,""birthYear"":2012,""rankMovement"":-5,""rank"":429,""rankEqualFlag"":"""",""tournamentsPlayed"":11,""points"":213.5,""profileImage"":""/media/1489/itf-uk-profile-placeholder-female.jpg?anchor=center&mode=crop&width=54&height=72&rnd=132174204480000000"",""tournamentsPlayedSingles"":null,""tournamentsPlayedDoubles"":null,""pointsRankingSingles"":null,""pointsRankingDoubles"":null,""pointsRankingTotal"":null}"
800755324,Romy Gravenor,Romy,Gravenor,F,G,CAN,Canada,,2010,2028,,https://www.itftennis.com/en/players/romy-gravenor/800755324/can/jt/s/,430,213.5,2026-06-02,2026-06-08,"{""playerId"":800755324,""playerFamilyName"":""Gravenor"",""playerGivenName"":""Romy"",""playerNationalityCode"":""CAN"",""playerNationality"":""Canada"",""profileLink"":""/en/players/romy-gravenor/800755324/can/jt/s/"",""gender"":""F"",""hiddenPlayer"":false,""birthYear"":2010,""rankMovement"":-5,""rank"":430,""rankEqualFlag"":"""",""tournamentsPlayed"":30,""points"":213.5,""profileImage"":""/media/1489/itf-uk-profile-placeholder-female.jpg?anchor=center&mode=crop&width=54&height=72&rnd=132174204480000000"",""tournamentsPlayedSingles"":null,""tournamentsPlayedDoubles"":null,""pointsRankingSingles"":null,""pointsRankingDoubles"":null,""pointsRankingTotal"":null}"
800661516,Zoe Doldan,Zoe,Doldan,F,G,PAR,Paraguay,,2010,2028,,https://www.itftennis.com/en/players/zoe-doldan/800661516/par/jt/s/,431,213,2026-06-02,2026-06-08,"{""playerId"":800661516,""playerFamilyName"":""Doldan"",""playerGivenName"":""Zoe"",""playerNationalityCode"":""PAR"",""playerNationality"":""Paraguay"",""profileLink"":""/en/players/zoe-doldan/800661516/par/jt/s/"",""gender"":""F"",""hiddenPlayer"":false,""birthYear"":2010,""rankMovement"":-5,""rank"":431,""rankEqualFlag"":"""",""tournamentsPlayed"":31,""points"":213,""profileImage"":""/media/1489/itf-uk-profile-placeholder-female.jpg?anchor=center&mode=crop&width=54&height=72&rnd=132174204480000000"",""tournamentsPlayedSingles"":null,""tournamentsPlayedDoubles"":null,""pointsRankingSingles"":null,""pointsRankingDoubles"":null,""pointsRankingTotal"":null}"
800647015,Lara Quaglia,Lara,Quaglia,F,G,ARG,Argentina,,2008,2026,,https://www.itftennis.com/en/players/lara-quaglia/800647015/arg/jt/s/,432,212.75,2026-06-02,2026-06-08,"{""playerId"":800647015,""playerFamilyName"":""Quaglia"",""playerGivenName"":""Lara"",""playerNationalityCode"":""ARG"",""playerNationality"":""Argentina"",""profileLink"":""/en/players/lara-quaglia/800647015/arg/jt/s/"",""gender"":""F"",""hiddenPlayer"":false,""birthYear"":2008,""rankMovement"":-5,""rank"":432,""rankEqualFlag"":"""",""tournamentsPlayed"":16,""points"":212.75,""profileImage"":""/media/1489/itf-uk-profile-placeholder-female.jpg?anchor=center&mode=crop&width=54&height=72&rnd=132174204480000000"",""tournamentsPlayedSingles"":null,""tournamentsPlayedDoubles"":null,""pointsRankingSingles"":null,""pointsRankingDoubles"":null,""pointsRankingTotal"":null}"
800603748,Martina Cerbo,Martina,Cerbo,F,G,ITA,Italy,,2009,2027,,https://www.itftennis.com/en/players/martina-cerbo/800603748/ita/jt/s/,433,212,2026-06-02,2026-06-08,"{""playerId"":800603748,""playerFamilyName"":""Cerbo"",""playerGivenName"":""Martina"",""playerNationalityCode"":""ITA"",""playerNationality"":""Italy"",""profileLink"":""/en/players/martina-cerbo/800603748/ita/jt/s/"",""gender"":""F"",""hiddenPlayer"":false,""birthYear"":2009,""rankMovement"":-5,""rank"":433,""rankEqualFlag"":"""",""tournamentsPlayed"":26,""points"":212,""profileImage"":""/media/1489/itf-uk-profile-placeholder-female.jpg?anchor=center&mode=crop&width=54&height=72&rnd=132174204480000000"",""tournamentsPlayedSingles"":null,""tournamentsPlayedDoubles"":null,""pointsRankingSingles"":null,""pointsRankingDoubles"":null,""pointsRankingTotal"":null}"
800706799,Amy Shen,Amy,Shen,F,G,CAN,Canada,,2011,2029,,https://www.itftennis.com/en/players/amy-shen/800706799/can/jt/s/,434,211.25,2026-06-02,2026-06-08,"{""playerId"":800706799,""playerFamilyName"":""Shen"",""playerGivenName"":""Amy"",""playerNationalityCode"":""CAN"",""playerNationality"":""Canada"",""profileLink"":""/en/players/amy-shen/800706799/can/jt/s/"",""gender"":""F"",""hiddenPlayer"":false,""birthYear"":2011,""rankMovement"":-5,""rank"":434,""rankEqualFlag"":"""",""tournamentsPlayed"":29,""points"":211.25,""profileImage"":""/media/1489/itf-uk-profile-placeholder-female.jpg?anchor=center&mode=crop&width=54&height=72&rnd=132174204480000000"",""tournamentsPlayedSingles"":null,""tournamentsPlayedDoubles"":null,""pointsRankingSingles"":null,""pointsRankingDoubles"":null,""pointsRankingTotal"":null}"
800678956,Camila Zouein Yanez,Camila,Zouein Yanez,F,G,CHI,Chile,,2009,2027,,https://www.itftennis.com/en/players/camila-zouein-yanez/800678956/chi/jt/s/,435,210.5,2026-06-02,2026-06-08,"{""playerId"":800678956,""playerFamilyName"":""Zouein Yanez"",""playerGivenName"":""Camila"",""playerNationalityCode"":""CHI"",""playerNationality"":""Chile"",""profileLink"":""/en/players/camila-zouein-yanez/800678956/chi/jt/s/"",""gender"":""F"",""hiddenPlayer"":false,""birthYear"":2009,""rankMovement"":-4,""rank"":435,""rankEqualFlag"":"""",""tournamentsPlayed"":17,""points"":210.5,""profileImage"":""/media/1489/itf-uk-profile-placeholder-female.jpg?anchor=center&mode=crop&width=54&height=72&rnd=132174204480000000"",""tournamentsPlayedSingles"":null,""tournamentsPlayedDoubles"":null,""pointsRankingSingles"":null,""pointsRankingDoubles"":null,""pointsRankingTotal"":null}"
800651913,Beatriz Nahmias Melo Rodrigues,Beatriz,Nahmias Melo Rodrigues,F,G,BRA,Brazil,,2009,2027,,https://www.itftennis.com/en/players/beatriz-nahmias-melo-rodrigues/800651913/bra/jt/s/,436,210,2026-06-02,2026-06-08,"{""playerId"":800651913,""playerFamilyName"":""Nahmias Melo Rodrigues"",""playerGivenName"":""Beatriz"",""playerNationalityCode"":""BRA"",""playerNationality"":""Brazil"",""profileLink"":""/en/players/beatriz-nahmias-melo-rodrigues/800651913/bra/jt/s/"",""gender"":""F"",""hiddenPlayer"":false,""birthYear"":2009,""rankMovement"":-3,""rank"":436,""rankEqualFlag"":"""",""tournamentsPlayed"":37,""points"":210,""profileImage"":""/media/1489/itf-uk-profile-placeholder-female.jpg?anchor=center&mode=crop&width=54&height=72&rnd=132174204480000000"",""tournamentsPlayedSingles"":null,""tournamentsPlayedDoubles"":null,""pointsRankingSingles"":null,""pointsRankingDoubles"":null,""pointsRankingTotal"":null}"
800692269,Laura Carvalho e Silva Kracke,Laura,Carvalho e Silva Kracke,F,G,IRL,Ireland,,2010,2028,,https://www.itftennis.com/en/players/laura-carvalho-e-silva-kracke/800692269/irl/jt/s/,437,209.5,2026-06-02,2026-06-08,"{""playerId"":800692269,""playerFamilyName"":""Carvalho e Silva Kracke"",""playerGivenName"":""Laura"",""playerNationalityCode"":""IRL"",""playerNationality"":""Ireland"",""profileLink"":""/en/players/laura-carvalho-e-silva-kracke/800692269/irl/jt/s/"",""gender"":""F"",""hiddenPlayer"":false,""birthYear"":2010,""rankMovement"":-3,""rank"":437,""rankEqualFlag"":"""",""tournamentsPlayed"":30,""points"":209.5,""profileImage"":""/media/1489/itf-uk-profile-placeholder-female.jpg?anchor=center&mode=crop&width=54&height=72&rnd=132174204480000000"",""tournamentsPlayedSingles"":null,""tournamentsPlayedDoubles"":null,""pointsRankingSingles"":null,""pointsRankingDoubles"":null,""pointsRankingTotal"":null}"
800844714,Elizaveta Timokhina,Elizaveta,Timokhina,F,G,RUS,Russia,,2011,2029,,https://www.itftennis.com/en/players/elizaveta-timokhina/800844714/rus/jt/s/,438,208.75,2026-06-02,2026-06-08,"{""playerId"":800844714,""playerFamilyName"":""Timokhina"",""playerGivenName"":""Elizaveta"",""playerNationalityCode"":""RUS"",""playerNationality"":""Russia"",""profileLink"":""/en/players/elizaveta-timokhina/800844714/rus/jt/s/"",""gender"":""F"",""hiddenPlayer"":false,""birthYear"":2011,""rankMovement"":-2,""rank"":438,""rankEqualFlag"":"""",""tournamentsPlayed"":14,""points"":208.75,""profileImage"":""/media/1489/itf-uk-profile-placeholder-female.jpg?anchor=center&mode=crop&width=54&height=72&rnd=132174204480000000"",""tournamentsPlayedSingles"":null,""tournamentsPlayedDoubles"":null,""pointsRankingSingles"":null,""pointsRankingDoubles"":null,""pointsRankingTotal"":null}"
800661913,Jiyun Oh,Jiyun,Oh,F,G,KOR,"Korea, Rep.",,2010,2028,,https://www.itftennis.com/en/players/jiyun-oh/800661913/kor/jt/s/,439,208.5,2026-06-02,2026-06-08,"{""playerId"":800661913,""playerFamilyName"":""Oh"",""playerGivenName"":""Jiyun"",""playerNationalityCode"":""KOR"",""playerNationality"":""Korea, Rep."",""profileLink"":""/en/players/jiyun-oh/800661913/kor/jt/s/"",""gender"":""F"",""hiddenPlayer"":false,""birthYear"":2010,""rankMovement"":-2,""rank"":439,""rankEqualFlag"":"""",""tournamentsPlayed"":25,""points"":208.5,""profileImage"":""/media/1489/itf-uk-profile-placeholder-female.jpg?anchor=center&mode=crop&width=54&height=72&rnd=132174204480000000"",""tournamentsPlayedSingles"":null,""tournamentsPlayedDoubles"":null,""pointsRankingSingles"":null,""pointsRankingDoubles"":null,""pointsRankingTotal"":null}"
800656341,Tarita Hongsyok,Tarita,Hongsyok,F,G,THA,Thailand,,2009,2027,,https://www.itftennis.com/en/players/tarita-hongsyok/800656341/tha/jt/s/,440,208.5,2026-06-02,2026-06-08,"{""playerId"":800656341,""playerFamilyName"":""Hongsyok"",""playerGivenName"":""Tarita"",""playerNationalityCode"":""THA"",""playerNationality"":""Thailand"",""profileLink"":""/en/players/tarita-hongsyok/800656341/tha/jt/s/"",""gender"":""F"",""hiddenPlayer"":false,""birthYear"":2009,""rankMovement"":-2,""rank"":440,""rankEqualFlag"":"""",""tournamentsPlayed"":43,""points"":208.5,""profileImage"":""/media/1489/itf-uk-profile-placeholder-female.jpg?anchor=center&mode=crop&width=54&height=72&rnd=132174204480000000"",""tournamentsPlayedSingles"":null,""tournamentsPlayedDoubles"":null,""pointsRankingSingles"":null,""pointsRankingDoubles"":null,""pointsRankingTotal"":null}"
800603275,Briyana Ivanova,Briyana,Ivanova,F,G,BUL,Bulgaria,,2009,2027,,https://www.itftennis.com/en/players/briyana-ivanova/800603275/bul/jt/s/,441,208.25,2026-06-02,2026-06-08,"{""playerId"":800603275,""playerFamilyName"":""Ivanova"",""playerGivenName"":""Briyana"",""playerNationalityCode"":""BUL"",""playerNationality"":""Bulgaria"",""profileLink"":""/en/players/briyana-ivanova/800603275/bul/jt/s/"",""gender"":""F"",""hiddenPlayer"":false,""birthYear"":2009,""rankMovement"":0,""rank"":441,""rankEqualFlag"":"""",""tournamentsPlayed"":14,""points"":208.25,""profileImage"":""/media/1489/itf-uk-profile-placeholder-female.jpg?anchor=center&mode=crop&width=54&height=72&rnd=132174204480000000"",""tournamentsPlayedSingles"":null,""tournamentsPlayedDoubles"":null,""pointsRankingSingles"":null,""pointsRankingDoubles"":null,""pointsRankingTotal"":null}"
800640091,Anna Azarova,Anna,Azarova,F,G,LAT,Latvia,,2009,2027,,https://www.itftennis.com/en/players/anna-azarova/800640091/lat/jt/s/,442,207.5,2026-06-02,2026-06-08,"{""playerId"":800640091,""playerFamilyName"":""Azarova"",""playerGivenName"":""Anna"",""playerNationalityCode"":""LAT"",""playerNationality"":""Latvia"",""profileLink"":""/en/players/anna-azarova/800640091/lat/jt/s/"",""gender"":""F"",""hiddenPlayer"":false,""birthYear"":2009,""rankMovement"":0,""rank"":442,""rankEqualFlag"":"""",""tournamentsPlayed"":32,""points"":207.5,""profileImage"":""/media/1489/itf-uk-profile-placeholder-female.jpg?anchor=center&mode=crop&width=54&height=72&rnd=132174204480000000"",""tournamentsPlayedSingles"":null,""tournamentsPlayedDoubles"":null,""pointsRankingSingles"":null,""pointsRankingDoubles"":null,""pointsRankingTotal"":null}"
800588026,Celine Weynen,Celine,Weynen,F,G,BEL,Belgium,,2009,2027,,https://www.itftennis.com/en/players/celine-weynen/800588026/bel/jt/s/,443,207.5,2026-06-02,2026-06-08,"{""playerId"":800588026,""playerFamilyName"":""Weynen"",""playerGivenName"":""Celine"",""playerNationalityCode"":""BEL"",""playerNationality"":""Belgium"",""profileLink"":""/en/players/celine-weynen/800588026/bel/jt/s/"",""gender"":""F"",""hiddenPlayer"":false,""birthYear"":2009,""rankMovement"":1,""rank"":443,""rankEqualFlag"":"""",""tournamentsPlayed"":24,""points"":207.5,""profileImage"":""/media/1489/itf-uk-profile-placeholder-female.jpg?anchor=center&mode=crop&width=54&height=72&rnd=132174204480000000"",""tournamentsPlayedSingles"":null,""tournamentsPlayedDoubles"":null,""pointsRankingSingles"":null,""pointsRankingDoubles"":null,""pointsRankingTotal"":null}"
800621780,Anina Durrer,Anina,Durrer,F,G,SUI,Switzerland,,2008,2026,,https://www.itftennis.com/en/players/anina-durrer/800621780/sui/jt/s/,444,207.25,2026-06-02,2026-06-08,"{""playerId"":800621780,""playerFamilyName"":""Durrer"",""playerGivenName"":""Anina"",""playerNationalityCode"":""SUI"",""playerNationality"":""Switzerland"",""profileLink"":""/en/players/anina-durrer/800621780/sui/jt/s/"",""gender"":""F"",""hiddenPlayer"":false,""birthYear"":2008,""rankMovement"":1,""rank"":444,""rankEqualFlag"":"""",""tournamentsPlayed"":16,""points"":207.25,""profileImage"":""/media/1489/itf-uk-profile-placeholder-female.jpg?anchor=center&mode=crop&width=54&height=72&rnd=132174204480000000"",""tournamentsPlayedSingles"":null,""tournamentsPlayedDoubles"":null,""pointsRankingSingles"":null,""pointsRankingDoubles"":null,""pointsRankingTotal"":null}"
800750562,Chenming Zhang,Chenming,Zhang,F,G,CHN,"China, P.R.",,2009,2027,,https://www.itftennis.com/en/players/chenming-zhang/800750562/chn/jt/s/,445,207,2026-06-02,2026-06-08,"{""playerId"":800750562,""playerFamilyName"":""Zhang"",""playerGivenName"":""Chenming"",""playerNationalityCode"":""CHN"",""playerNationality"":""China, P.R."",""profileLink"":""/en/players/chenming-zhang/800750562/chn/jt/s/"",""gender"":""F"",""hiddenPlayer"":false,""birthYear"":2009,""rankMovement"":19,""rank"":445,""rankEqualFlag"":"""",""tournamentsPlayed"":25,""points"":207,""profileImage"":""/media/1489/itf-uk-profile-placeholder-female.jpg?anchor=center&mode=crop&width=54&height=72&rnd=132174204480000000"",""tournamentsPlayedSingles"":null,""tournamentsPlayedDoubles"":null,""pointsRankingSingles"":null,""pointsRankingDoubles"":null,""pointsRankingTotal"":null}"
800661952,ludovica casalino,ludovica,casalino,F,G,ITA,Italy,,2010,2028,,https://www.itftennis.com/en/players/ludovica-casalino/800661952/ita/jt/s/,446,207,2026-06-02,2026-06-08,"{""playerId"":800661952,""playerFamilyName"":""casalino"",""playerGivenName"":""ludovica"",""playerNationalityCode"":""ITA"",""playerNationality"":""Italy"",""profileLink"":""/en/players/ludovica-casalino/800661952/ita/jt/s/"",""gender"":""F"",""hiddenPlayer"":false,""birthYear"":2010,""rankMovement"":0,""rank"":446,""rankEqualFlag"":"""",""tournamentsPlayed"":20,""points"":207,""profileImage"":""/media/1489/itf-uk-profile-placeholder-female.jpg?anchor=center&mode=crop&width=54&height=72&rnd=132174204480000000"",""tournamentsPlayedSingles"":null,""tournamentsPlayedDoubles"":null,""pointsRankingSingles"":null,""pointsRankingDoubles"":null,""pointsRankingTotal"":null}"
800772860,Deepshika Vinayagamurthy,Deepshika,Vinayagamurthy,F,G,IND,India,,2010,2028,,https://www.itftennis.com/en/players/deepshika-vinayagamurthy/800772860/ind/jt/s/,447,206.5,2026-06-02,2026-06-08,"{""playerId"":800772860,""playerFamilyName"":""Vinayagamurthy"",""playerGivenName"":""Deepshika"",""playerNationalityCode"":""IND"",""playerNationality"":""India"",""profileLink"":""/en/players/deepshika-vinayagamurthy/800772860/ind/jt/s/"",""gender"":""F"",""hiddenPlayer"":false,""birthYear"":2010,""rankMovement"":0,""rank"":447,""rankEqualFlag"":"""",""tournamentsPlayed"":28,""points"":206.5,""profileImage"":""/media/1489/itf-uk-profile-placeholder-female.jpg?anchor=center&mode=crop&width=54&height=72&rnd=132174204480000000"",""tournamentsPlayedSingles"":null,""tournamentsPlayedDoubles"":null,""pointsRankingSingles"":null,""pointsRankingDoubles"":null,""pointsRankingTotal"":null}"
800661147,Ana Frommenwiler,Ana,Frommenwiler,F,G,SUI,Switzerland,,2009,2027,,https://www.itftennis.com/en/players/ana-frommenwiler/800661147/sui/jt/s/,448,206.5,2026-06-02,2026-06-08,"{""playerId"":800661147,""playerFamilyName"":""Frommenwiler"",""playerGivenName"":""Ana"",""playerNationalityCode"":""SUI"",""playerNationality"":""Switzerland"",""profileLink"":""/en/players/ana-frommenwiler/800661147/sui/jt/s/"",""gender"":""F"",""hiddenPlayer"":false,""birthYear"":2009,""rankMovement"":0,""rank"":448,""rankEqualFlag"":"""",""tournamentsPlayed"":35,""points"":206.5,""profileImage"":""/media/1489/itf-uk-profile-placeholder-female.jpg?anchor=center&mode=crop&width=54&height=72&rnd=132174204480000000"",""tournamentsPlayedSingles"":null,""tournamentsPlayedDoubles"":null,""pointsRankingSingles"":null,""pointsRankingDoubles"":null,""pointsRankingTotal"":null}"
800739041,Yerin Lee,Yerin,Lee,F,G,KOR,"Korea, Rep.",,2011,2029,,https://www.itftennis.com/en/players/yerin-lee/800739041/kor/jt/s/,449,206.5,2026-06-02,2026-06-08,"{""playerId"":800739041,""playerFamilyName"":""Lee"",""playerGivenName"":""Yerin"",""playerNationalityCode"":""KOR"",""playerNationality"":""Korea, Rep."",""profileLink"":""/en/players/yerin-lee/800739041/kor/jt/s/"",""gender"":""F"",""hiddenPlayer"":false,""birthYear"":2011,""rankMovement"":0,""rank"":449,""rankEqualFlag"":"""",""tournamentsPlayed"":14,""points"":206.5,""profileImage"":""/media/1489/itf-uk-profile-placeholder-female.jpg?anchor=center&mode=crop&width=54&height=72&rnd=132174204480000000"",""tournamentsPlayedSingles"":null,""tournamentsPlayedDoubles"":null,""pointsRankingSingles"":null,""pointsRankingDoubles"":null,""pointsRankingTotal"":null}"
800704178,Barbora Slavikova,Barbora,Slavikova,F,G,CZE,Czechia,,2008,2026,,https://www.itftennis.com/en/players/barbora-slavikova/800704178/cze/jt/s/,450,206.5,2026-06-02,2026-06-08,"{""playerId"":800704178,""playerFamilyName"":""Slavikova"",""playerGivenName"":""Barbora"",""playerNationalityCode"":""CZE"",""playerNationality"":""Czechia"",""profileLink"":""/en/players/barbora-slavikova/800704178/cze/jt/s/"",""gender"":""F"",""hiddenPlayer"":false,""birthYear"":2008,""rankMovement"":0,""rank"":450,""rankEqualFlag"":"""",""tournamentsPlayed"":20,""points"":206.5,""profileImage"":""/media/1489/itf-uk-profile-placeholder-female.jpg?anchor=center&mode=crop&width=54&height=72&rnd=132174204480000000"",""tournamentsPlayedSingles"":null,""tournamentsPlayedDoubles"":null,""pointsRankingSingles"":null,""pointsRankingDoubles"":null,""pointsRankingTotal"":null}"
800666224,Elizaveta Astafjeva,Elizaveta,Astafjeva,F,G,EST,Estonia,,2010,2028,,https://www.itftennis.com/en/players/elizaveta-astafjeva/800666224/est/jt/s/,451,206.25,2026-06-02,2026-06-08,"{""playerId"":800666224,""playerFamilyName"":""Astafjeva"",""playerGivenName"":""Elizaveta"",""playerNationalityCode"":""EST"",""playerNationality"":""Estonia"",""profileLink"":""/en/players/elizaveta-astafjeva/800666224/est/jt/s/"",""gender"":""F"",""hiddenPlayer"":false,""birthYear"":2010,""rankMovement"":0,""rank"":451,""rankEqualFlag"":"""",""tournamentsPlayed"":27,""points"":206.25,""profileImage"":""/media/1489/itf-uk-profile-placeholder-female.jpg?anchor=center&mode=crop&width=54&height=72&rnd=132174204480000000"",""tournamentsPlayedSingles"":null,""tournamentsPlayedDoubles"":null,""pointsRankingSingles"":null,""pointsRankingDoubles"":null,""pointsRankingTotal"":null}"
800631882,Kira Pleshivtseva,Kira,Pleshivtseva,F,G,RUS,Russia,,2009,2027,,https://www.itftennis.com/en/players/kira-pleshivtseva/800631882/rus/jt/s/,452,205.5,2026-06-02,2026-06-08,"{""playerId"":800631882,""playerFamilyName"":""Pleshivtseva"",""playerGivenName"":""Kira"",""playerNationalityCode"":""RUS"",""playerNationality"":""Russia"",""profileLink"":""/en/players/kira-pleshivtseva/800631882/rus/jt/s/"",""gender"":""F"",""hiddenPlayer"":false,""birthYear"":2009,""rankMovement"":0,""rank"":452,""rankEqualFlag"":"""",""tournamentsPlayed"":14,""points"":205.5,""profileImage"":""/media/1489/itf-uk-profile-placeholder-female.jpg?anchor=center&mode=crop&width=54&height=72&rnd=132174204480000000"",""tournamentsPlayedSingles"":null,""tournamentsPlayedDoubles"":null,""pointsRankingSingles"":null,""pointsRankingDoubles"":null,""pointsRankingTotal"":null}"
800596489,Romy Fohnen,Romy,Fohnen,F,G,BEL,Belgium,,2008,2026,,https://www.itftennis.com/en/players/romy-fohnen/800596489/bel/jt/s/,453,204.75,2026-06-02,2026-06-08,"{""playerId"":800596489,""playerFamilyName"":""Fohnen"",""playerGivenName"":""Romy"",""playerNationalityCode"":""BEL"",""playerNationality"":""Belgium"",""profileLink"":""/en/players/romy-fohnen/800596489/bel/jt/s/"",""gender"":""F"",""hiddenPlayer"":false,""birthYear"":2008,""rankMovement"":0,""rank"":453,""rankEqualFlag"":"""",""tournamentsPlayed"":8,""points"":204.75,""profileImage"":""/media/1489/itf-uk-profile-placeholder-female.jpg?anchor=center&mode=crop&width=54&height=72&rnd=132174204480000000"",""tournamentsPlayedSingles"":null,""tournamentsPlayedDoubles"":null,""pointsRankingSingles"":null,""pointsRankingDoubles"":null,""pointsRankingTotal"":null}"
800671927,Victoria Brand,Victoria,Brand,F,G,GER,Germany,,2010,2028,,https://www.itftennis.com/en/players/victoria-brand/800671927/ger/jt/s/,454,204.5,2026-06-02,2026-06-08,"{""playerId"":800671927,""playerFamilyName"":""Brand"",""playerGivenName"":""Victoria"",""playerNationalityCode"":""GER"",""playerNationality"":""Germany"",""profileLink"":""/en/players/victoria-brand/800671927/ger/jt/s/"",""gender"":""F"",""hiddenPlayer"":false,""birthYear"":2010,""rankMovement"":0,""rank"":454,""rankEqualFlag"":"""",""tournamentsPlayed"":20,""points"":204.5,""profileImage"":""/media/1489/itf-uk-profile-placeholder-female.jpg?anchor=center&mode=crop&width=54&height=72&rnd=132174204480000000"",""tournamentsPlayedSingles"":null,""tournamentsPlayedDoubles"":null,""pointsRankingSingles"":null,""pointsRankingDoubles"":null,""pointsRankingTotal"":null}"
800653276,Emilia Milash,Emilia,Milash,F,G,RUS,Russia,,2009,2027,,https://www.itftennis.com/en/players/emilia-milash/800653276/rus/jt/s/,455,204,2026-06-02,2026-06-08,"{""playerId"":800653276,""playerFamilyName"":""Milash"",""playerGivenName"":""Emilia"",""playerNationalityCode"":""RUS"",""playerNationality"":""Russia"",""profileLink"":""/en/players/emilia-milash/800653276/rus/jt/s/"",""gender"":""F"",""hiddenPlayer"":false,""birthYear"":2009,""rankMovement"":0,""rank"":455,""rankEqualFlag"":"""",""tournamentsPlayed"":28,""points"":204,""profileImage"":""/media/1489/itf-uk-profile-placeholder-female.jpg?anchor=center&mode=crop&width=54&height=72&rnd=132174204480000000"",""tournamentsPlayedSingles"":null,""tournamentsPlayedDoubles"":null,""pointsRankingSingles"":null,""pointsRankingDoubles"":null,""pointsRankingTotal"":null}"
800693680,Pui Yin Lung,Pui Yin,Lung,F,G,GBR,Great Britain,,2010,2028,,https://www.itftennis.com/en/players/pui-yin-lung/800693680/gbr/jt/s/,456,204,2026-06-02,2026-06-08,"{""playerId"":800693680,""playerFamilyName"":""Lung"",""playerGivenName"":""Pui Yin"",""playerNationalityCode"":""GBR"",""playerNationality"":""Great Britain"",""profileLink"":""/en/players/pui-yin-lung/800693680/gbr/jt/s/"",""gender"":""F"",""hiddenPlayer"":false,""birthYear"":2010,""rankMovement"":0,""rank"":456,""rankEqualFlag"":"""",""tournamentsPlayed"":20,""points"":204,""profileImage"":""/media/1489/itf-uk-profile-placeholder-female.jpg?anchor=center&mode=crop&width=54&height=72&rnd=132174204480000000"",""tournamentsPlayedSingles"":null,""tournamentsPlayedDoubles"":null,""pointsRankingSingles"":null,""pointsRankingDoubles"":null,""pointsRankingTotal"":null}"
800708283,Sara Nikolic,Sara,Nikolic,F,G,AUS,Australia,,2009,2027,,https://www.itftennis.com/en/players/sara-nikolic/800708283/aus/jt/s/,457,203,2026-06-02,2026-06-08,"{""playerId"":800708283,""playerFamilyName"":""Nikolic"",""playerGivenName"":""Sara"",""playerNationalityCode"":""AUS"",""playerNationality"":""Australia"",""profileLink"":""/en/players/sara-nikolic/800708283/aus/jt/s/"",""gender"":""F"",""hiddenPlayer"":false,""birthYear"":2009,""rankMovement"":-27,""rank"":457,""rankEqualFlag"":"""",""tournamentsPlayed"":25,""points"":203,""profileImage"":""/media/1489/itf-uk-profile-placeholder-female.jpg?anchor=center&mode=crop&width=54&height=72&rnd=132174204480000000"",""tournamentsPlayedSingles"":null,""tournamentsPlayedDoubles"":null,""pointsRankingSingles"":null,""pointsRankingDoubles"":null,""pointsRankingTotal"":null}"
800711127,Nina Tepic,Nina,Tepic,F,G,SRB,Serbia,,2011,2029,,https://www.itftennis.com/en/players/nina-tepic/800711127/srb/jt/s/,458,203,2026-06-02,2026-06-08,"{""playerId"":800711127,""playerFamilyName"":""Tepic"",""playerGivenName"":""Nina"",""playerNationalityCode"":""SRB"",""playerNationality"":""Serbia"",""profileLink"":""/en/players/nina-tepic/800711127/srb/jt/s/"",""gender"":""F"",""hiddenPlayer"":false,""birthYear"":2011,""rankMovement"":-1,""rank"":458,""rankEqualFlag"":"""",""tournamentsPlayed"":25,""points"":203,""profileImage"":""/media/1489/itf-uk-profile-placeholder-female.jpg?anchor=center&mode=crop&width=54&height=72&rnd=132174204480000000"",""tournamentsPlayedSingles"":null,""tournamentsPlayedDoubles"":null,""pointsRankingSingles"":null,""pointsRankingDoubles"":null,""pointsRankingTotal"":null}"
800601992,Hyejeong Ahn,Hyejeong,Ahn,F,G,KOR,"Korea, Rep.",,2008,2026,,https://www.itftennis.com/en/players/hyejeong-ahn/800601992/kor/jt/s/,459,202.75,2026-06-02,2026-06-08,"{""playerId"":800601992,""playerFamilyName"":""Ahn"",""playerGivenName"":""Hyejeong"",""playerNationalityCode"":""KOR"",""playerNationality"":""Korea, Rep."",""profileLink"":""/en/players/hyejeong-ahn/800601992/kor/jt/s/"",""gender"":""F"",""hiddenPlayer"":false,""birthYear"":2008,""rankMovement"":-19,""rank"":459,""rankEqualFlag"":"""",""tournamentsPlayed"":15,""points"":202.75,""profileImage"":""/media/1489/itf-uk-profile-placeholder-female.jpg?anchor=center&mode=crop&width=54&height=72&rnd=132174204480000000"",""tournamentsPlayedSingles"":null,""tournamentsPlayedDoubles"":null,""pointsRankingSingles"":null,""pointsRankingDoubles"":null,""pointsRankingTotal"":null}"
800636136,Julia Kolodziejska,Julia,Kolodziejska,F,G,POL,Poland,,2008,2026,,https://www.itftennis.com/en/players/julia-kolodziejska/800636136/pol/jt/s/,460,202,2026-06-02,2026-06-08,"{""playerId"":800636136,""playerFamilyName"":""Kolodziejska"",""playerGivenName"":""Julia"",""playerNationalityCode"":""POL"",""playerNationality"":""Poland"",""profileLink"":""/en/players/julia-kolodziejska/800636136/pol/jt/s/"",""gender"":""F"",""hiddenPlayer"":false,""birthYear"":2008,""rankMovement"":20,""rank"":460,""rankEqualFlag"":"""",""tournamentsPlayed"":33,""points"":202,""profileImage"":""/media/1489/itf-uk-profile-placeholder-female.jpg?anchor=center&mode=crop&width=54&height=72&rnd=132174204480000000"",""tournamentsPlayedSingles"":null,""tournamentsPlayedDoubles"":null,""pointsRankingSingles"":null,""pointsRankingDoubles"":null,""pointsRankingTotal"":null}"
800700950,Lilly Marie Greinert,Lilly Marie,Greinert,F,G,GER,Germany,,2011,2029,,https://www.itftennis.com/en/players/lilly-marie-greinert/800700950/ger/jt/s/,461,201.75,2026-06-02,2026-06-08,"{""playerId"":800700950,""playerFamilyName"":""Greinert"",""playerGivenName"":""Lilly Marie"",""playerNationalityCode"":""GER"",""playerNationality"":""Germany"",""profileLink"":""/en/players/lilly-marie-greinert/800700950/ger/jt/s/"",""gender"":""F"",""hiddenPlayer"":false,""birthYear"":2011,""rankMovement"":-3,""rank"":461,""rankEqualFlag"":"""",""tournamentsPlayed"":18,""points"":201.75,""profileImage"":""/media/1489/itf-uk-profile-placeholder-female.jpg?anchor=center&mode=crop&width=54&height=72&rnd=132174204480000000"",""tournamentsPlayedSingles"":null,""tournamentsPlayedDoubles"":null,""pointsRankingSingles"":null,""pointsRankingDoubles"":null,""pointsRankingTotal"":null}"
800632241,Anna Kmiecik,Anna,Kmiecik,F,G,POL,Poland,,2008,2026,,https://www.itftennis.com/en/players/anna-kmiecik/800632241/pol/jt/s/,462,201.5,2026-06-02,2026-06-08,"{""playerId"":800632241,""playerFamilyName"":""Kmiecik"",""playerGivenName"":""Anna"",""playerNationalityCode"":""POL"",""playerNationality"":""Poland"",""profileLink"":""/en/players/anna-kmiecik/800632241/pol/jt/s/"",""gender"":""F"",""hiddenPlayer"":false,""birthYear"":2008,""rankMovement"":-3,""rank"":462,""rankEqualFlag"":"""",""tournamentsPlayed"":13,""points"":201.5,""profileImage"":""/media/1489/itf-uk-profile-placeholder-female.jpg?anchor=center&mode=crop&width=54&height=72&rnd=132174204480000000"",""tournamentsPlayedSingles"":null,""tournamentsPlayedDoubles"":null,""pointsRankingSingles"":null,""pointsRankingDoubles"":null,""pointsRankingTotal"":null}"
800807287,Chen Yun Tsai,Chen Yun,Tsai,F,G,TPE,Chinese Taipei,,2011,2029,,https://www.itftennis.com/en/players/chen-yun-tsai/800807287/tpe/jt/s/,463,201.25,2026-06-02,2026-06-08,"{""playerId"":800807287,""playerFamilyName"":""Tsai"",""playerGivenName"":""Chen Yun"",""playerNationalityCode"":""TPE"",""playerNationality"":""Chinese Taipei"",""profileLink"":""/en/players/chen-yun-tsai/800807287/tpe/jt/s/"",""gender"":""F"",""hiddenPlayer"":false,""birthYear"":2011,""rankMovement"":-3,""rank"":463,""rankEqualFlag"":"""",""tournamentsPlayed"":25,""points"":201.25,""profileImage"":""/media/1489/itf-uk-profile-placeholder-female.jpg?anchor=center&mode=crop&width=54&height=72&rnd=132174204480000000"",""tournamentsPlayedSingles"":null,""tournamentsPlayedDoubles"":null,""pointsRankingSingles"":null,""pointsRankingDoubles"":null,""pointsRankingTotal"":null}"
800595930,Alisa Kodzhebash,Alisa,Kodzhebash,F,G,RUS,Russia,,2008,2026,,https://www.itftennis.com/en/players/alisa-kodzhebash/800595930/rus/jt/s/,464,201,2026-06-02,2026-06-08,"{""playerId"":800595930,""playerFamilyName"":""Kodzhebash"",""playerGivenName"":""Alisa"",""playerNationalityCode"":""RUS"",""playerNationality"":""Russia"",""profileLink"":""/en/players/alisa-kodzhebash/800595930/rus/jt/s/"",""gender"":""F"",""hiddenPlayer"":false,""birthYear"":2008,""rankMovement"":-29,""rank"":464,""rankEqualFlag"":"""",""tournamentsPlayed"":24,""points"":201,""profileImage"":""/media/1489/itf-uk-profile-placeholder-female.jpg?anchor=center&mode=crop&width=54&height=72&rnd=132174204480000000"",""tournamentsPlayedSingles"":null,""tournamentsPlayedDoubles"":null,""pointsRankingSingles"":null,""pointsRankingDoubles"":null,""pointsRankingTotal"":null}"
800662387,Stella Cinkanicova,Stella,Cinkanicova,F,G,SVK,Slovakia,,2008,2026,,https://www.itftennis.com/en/players/stella-cinkanicova/800662387/svk/jt/s/,465,200.5,2026-06-02,2026-06-08,"{""playerId"":800662387,""playerFamilyName"":""Cinkanicova"",""playerGivenName"":""Stella"",""playerNationalityCode"":""SVK"",""playerNationality"":""Slovakia"",""profileLink"":""/en/players/stella-cinkanicova/800662387/svk/jt/s/"",""gender"":""F"",""hiddenPlayer"":false,""birthYear"":2008,""rankMovement"":-2,""rank"":465,""rankEqualFlag"":"""",""tournamentsPlayed"":30,""points"":200.5,""profileImage"":""/media/1489/itf-uk-profile-placeholder-female.jpg?anchor=center&mode=crop&width=54&height=72&rnd=132174204480000000"",""tournamentsPlayedSingles"":null,""tournamentsPlayedDoubles"":null,""pointsRankingSingles"":null,""pointsRankingDoubles"":null,""pointsRankingTotal"":null}"
800679275,Alexandra Peralta Boenaes,Alexandra Peralta,Boenaes,F,G,DEN,Denmark,,2010,2028,,https://www.itftennis.com/en/players/alexandra-peralta-boenaes/800679275/den/jt/s/,466,200,2026-06-02,2026-06-08,"{""playerId"":800679275,""playerFamilyName"":""Boenaes"",""playerGivenName"":""Alexandra Peralta"",""playerNationalityCode"":""DEN"",""playerNationality"":""Denmark"",""profileLink"":""/en/players/alexandra-peralta-boenaes/800679275/den/jt/s/"",""gender"":""F"",""hiddenPlayer"":false,""birthYear"":2010,""rankMovement"":-68,""rank"":466,""rankEqualFlag"":"""",""tournamentsPlayed"":17,""points"":200,""profileImage"":""/media/1489/itf-uk-profile-placeholder-female.jpg?anchor=center&mode=crop&width=54&height=72&rnd=132174204480000000"",""tournamentsPlayedSingles"":null,""tournamentsPlayedDoubles"":null,""pointsRankingSingles"":null,""pointsRankingDoubles"":null,""pointsRankingTotal"":null}"
800660696,Victoria Carron,Victoria,Carron,F,G,SUI,Switzerland,,2010,2028,,https://www.itftennis.com/en/players/victoria-carron/800660696/sui/jt/s/,467,198.75,2026-06-02,2026-06-08,"{""playerId"":800660696,""playerFamilyName"":""Carron"",""playerGivenName"":""Victoria"",""playerNationalityCode"":""SUI"",""playerNationality"":""Switzerland"",""profileLink"":""/en/players/victoria-carron/800660696/sui/jt/s/"",""gender"":""F"",""hiddenPlayer"":false,""birthYear"":2010,""rankMovement"":-1,""rank"":467,""rankEqualFlag"":"""",""tournamentsPlayed"":26,""points"":198.75,""profileImage"":""/media/1489/itf-uk-profile-placeholder-female.jpg?anchor=center&mode=crop&width=54&height=72&rnd=132174204480000000"",""tournamentsPlayedSingles"":null,""tournamentsPlayedDoubles"":null,""pointsRankingSingles"":null,""pointsRankingDoubles"":null,""pointsRankingTotal"":null}"
800732562,Meri Sandenbergh,Meri,Sandenbergh,F,G,RSA,South Africa,,2008,2026,,https://www.itftennis.com/en/players/meri-sandenbergh/800732562/rsa/jt/s/,468,198.5,2026-06-02,2026-06-08,"{""playerId"":800732562,""playerFamilyName"":""Sandenbergh"",""playerGivenName"":""Meri"",""playerNationalityCode"":""RSA"",""playerNationality"":""South Africa"",""profileLink"":""/en/players/meri-sandenbergh/800732562/rsa/jt/s/"",""gender"":""F"",""hiddenPlayer"":false,""birthYear"":2008,""rankMovement"":-1,""rank"":468,""rankEqualFlag"":"""",""tournamentsPlayed"":27,""points"":198.5,""profileImage"":""/media/1489/itf-uk-profile-placeholder-female.jpg?anchor=center&mode=crop&width=54&height=72&rnd=132174204480000000"",""tournamentsPlayedSingles"":null,""tournamentsPlayedDoubles"":null,""pointsRankingSingles"":null,""pointsRankingDoubles"":null,""pointsRankingTotal"":null}"
800675498,Lina Freya Simonsen,Lina Freya,Simonsen,F,G,GER,Germany,,2010,2028,,https://www.itftennis.com/en/players/lina-freya-simonsen/800675498/ger/jt/s/,469,198,2026-06-02,2026-06-08,"{""playerId"":800675498,""playerFamilyName"":""Simonsen"",""playerGivenName"":""Lina Freya"",""playerNationalityCode"":""GER"",""playerNationality"":""Germany"",""profileLink"":""/en/players/lina-freya-simonsen/800675498/ger/jt/s/"",""gender"":""F"",""hiddenPlayer"":false,""birthYear"":2010,""rankMovement"":0,""rank"":469,""rankEqualFlag"":"""",""tournamentsPlayed"":28,""points"":198,""profileImage"":""/media/1489/itf-uk-profile-placeholder-female.jpg?anchor=center&mode=crop&width=54&height=72&rnd=132174204480000000"",""tournamentsPlayedSingles"":null,""tournamentsPlayedDoubles"":null,""pointsRankingSingles"":null,""pointsRankingDoubles"":null,""pointsRankingTotal"":null}"
800670966,Lea Haider-Maurer,Lea,Haider-Maurer,F,G,AUT,Austria,,2010,2028,,https://www.itftennis.com/en/players/lea-haider-maurer/800670966/aut/jt/s/,470,198,2026-06-02,2026-06-08,"{""playerId"":800670966,""playerFamilyName"":""Haider-Maurer"",""playerGivenName"":""Lea"",""playerNationalityCode"":""AUT"",""playerNationality"":""Austria"",""profileLink"":""/en/players/lea-haider-maurer/800670966/aut/jt/s/"",""gender"":""F"",""hiddenPlayer"":false,""birthYear"":2010,""rankMovement"":0,""rank"":470,""rankEqualFlag"":"""",""tournamentsPlayed"":27,""points"":198,""profileImage"":""/media/1489/itf-uk-profile-placeholder-female.jpg?anchor=center&mode=crop&width=54&height=72&rnd=132174204480000000"",""tournamentsPlayedSingles"":null,""tournamentsPlayedDoubles"":null,""pointsRankingSingles"":null,""pointsRankingDoubles"":null,""pointsRankingTotal"":null}"
800842309,Isha Manchala,Isha,Manchala,F,G,USA,USA,,2012,2030,,https://www.itftennis.com/en/players/isha-manchala/800842309/usa/jt/s/,471,197.5,2026-06-02,2026-06-08,"{""playerId"":800842309,""playerFamilyName"":""Manchala"",""playerGivenName"":""Isha"",""playerNationalityCode"":""USA"",""playerNationality"":""USA"",""profileLink"":""/en/players/isha-manchala/800842309/usa/jt/s/"",""gender"":""F"",""hiddenPlayer"":false,""birthYear"":2012,""rankMovement"":0,""rank"":471,""rankEqualFlag"":"""",""tournamentsPlayed"":12,""points"":197.5,""profileImage"":""/media/1489/itf-uk-profile-placeholder-female.jpg?anchor=center&mode=crop&width=54&height=72&rnd=132174204480000000"",""tournamentsPlayedSingles"":null,""tournamentsPlayedDoubles"":null,""pointsRankingSingles"":null,""pointsRankingDoubles"":null,""pointsRankingTotal"":null}"
800809404,Tanvi Pandey,Tanvi,Pandey,F,G,USA,USA,,2011,2029,,https://www.itftennis.com/en/players/tanvi-pandey/800809404/usa/jt/s/,472,197.25,2026-06-02,2026-06-08,"{""playerId"":800809404,""playerFamilyName"":""Pandey"",""playerGivenName"":""Tanvi"",""playerNationalityCode"":""USA"",""playerNationality"":""USA"",""profileLink"":""/en/players/tanvi-pandey/800809404/usa/jt/s/"",""gender"":""F"",""hiddenPlayer"":false,""birthYear"":2011,""rankMovement"":0,""rank"":472,""rankEqualFlag"":"""",""tournamentsPlayed"":17,""points"":197.25,""profileImage"":""/media/1489/itf-uk-profile-placeholder-female.jpg?anchor=center&mode=crop&width=54&height=72&rnd=132174204480000000"",""tournamentsPlayedSingles"":null,""tournamentsPlayedDoubles"":null,""pointsRankingSingles"":null,""pointsRankingDoubles"":null,""pointsRankingTotal"":null}"
800639867,Sophia Izabella Ragus,Sophia Izabella,Ragus,F,G,DEN,Denmark,,2008,2026,,https://www.itftennis.com/en/players/sophia-izabella-ragus/800639867/den/jt/s/,473,197.25,2026-06-02,2026-06-08,"{""playerId"":800639867,""playerFamilyName"":""Ragus"",""playerGivenName"":""Sophia Izabella"",""playerNationalityCode"":""DEN"",""playerNationality"":""Denmark"",""profileLink"":""/en/players/sophia-izabella-ragus/800639867/den/jt/s/"",""gender"":""F"",""hiddenPlayer"":false,""birthYear"":2008,""rankMovement"":-11,""rank"":473,""rankEqualFlag"":"""",""tournamentsPlayed"":15,""points"":197.25,""profileImage"":""/media/1489/itf-uk-profile-placeholder-female.jpg?anchor=center&mode=crop&width=54&height=72&rnd=132174204480000000"",""tournamentsPlayedSingles"":null,""tournamentsPlayedDoubles"":null,""pointsRankingSingles"":null,""pointsRankingDoubles"":null,""pointsRankingTotal"":null}"
800593280,Safina Khabibrakhmanova,Safina,Khabibrakhmanova,F,G,KGZ,Kyrgyzstan,,2008,2026,,https://www.itftennis.com/en/players/safina-khabibrakhmanova/800593280/kgz/jt/s/,474,196.75,2026-06-02,2026-06-08,"{""playerId"":800593280,""playerFamilyName"":""Khabibrakhmanova"",""playerGivenName"":""Safina"",""playerNationalityCode"":""KGZ"",""playerNationality"":""Kyrgyzstan"",""profileLink"":""/en/players/safina-khabibrakhmanova/800593280/kgz/jt/s/"",""gender"":""F"",""hiddenPlayer"":false,""birthYear"":2008,""rankMovement"":-1,""rank"":474,""rankEqualFlag"":"""",""tournamentsPlayed"":22,""points"":196.75,""profileImage"":""/media/1489/itf-uk-profile-placeholder-female.jpg?anchor=center&mode=crop&width=54&height=72&rnd=132174204480000000"",""tournamentsPlayedSingles"":null,""tournamentsPlayedDoubles"":null,""pointsRankingSingles"":null,""pointsRankingDoubles"":null,""pointsRankingTotal"":null}"
800643051,Martina Salaberry,Martina,Salaberry,F,G,BOL,Bolivia,,2008,2026,,https://www.itftennis.com/en/players/martina-salaberry/800643051/bol/jt/s/,475,196.5,2026-06-02,2026-06-08,"{""playerId"":800643051,""playerFamilyName"":""Salaberry"",""playerGivenName"":""Martina"",""playerNationalityCode"":""BOL"",""playerNationality"":""Bolivia"",""profileLink"":""/en/players/martina-salaberry/800643051/bol/jt/s/"",""gender"":""F"",""hiddenPlayer"":false,""birthYear"":2008,""rankMovement"":-7,""rank"":475,""rankEqualFlag"":"""",""tournamentsPlayed"":28,""points"":196.5,""profileImage"":""/media/1489/itf-uk-profile-placeholder-female.jpg?anchor=center&mode=crop&width=54&height=72&rnd=132174204480000000"",""tournamentsPlayedSingles"":null,""tournamentsPlayedDoubles"":null,""pointsRankingSingles"":null,""pointsRankingDoubles"":null,""pointsRankingTotal"":null}"
800655163,Morgan Jordaan,Morgan,Jordaan,F,G,RSA,South Africa,,2008,2026,,https://www.itftennis.com/en/players/morgan-jordaan/800655163/rsa/jt/s/,476,194.5,2026-06-02,2026-06-08,"{""playerId"":800655163,""playerFamilyName"":""Jordaan"",""playerGivenName"":""Morgan"",""playerNationalityCode"":""RSA"",""playerNationality"":""South Africa"",""profileLink"":""/en/players/morgan-jordaan/800655163/rsa/jt/s/"",""gender"":""F"",""hiddenPlayer"":false,""birthYear"":2008,""rankMovement"":0,""rank"":476,""rankEqualFlag"":"""",""tournamentsPlayed"":28,""points"":194.5,""profileImage"":""/media/1489/itf-uk-profile-placeholder-female.jpg?anchor=center&mode=crop&width=54&height=72&rnd=132174204480000000"",""tournamentsPlayedSingles"":null,""tournamentsPlayedDoubles"":null,""pointsRankingSingles"":null,""pointsRankingDoubles"":null,""pointsRankingTotal"":null}"
800693707,Sofi Plamenova Fitcheva,Sofi,Plamenova Fitcheva,F,G,BUL,Bulgaria,,2009,2027,,https://www.itftennis.com/en/players/sofi-plamenova-fitcheva/800693707/bul/jt/s/,477,193.75,2026-06-02,2026-06-08,"{""playerId"":800693707,""playerFamilyName"":""Plamenova Fitcheva"",""playerGivenName"":""Sofi"",""playerNationalityCode"":""BUL"",""playerNationality"":""Bulgaria"",""profileLink"":""/en/players/sofi-plamenova-fitcheva/800693707/bul/jt/s/"",""gender"":""F"",""hiddenPlayer"":false,""birthYear"":2009,""rankMovement"":0,""rank"":477,""rankEqualFlag"":"""",""tournamentsPlayed"":24,""points"":193.75,""profileImage"":""/media/1489/itf-uk-profile-placeholder-female.jpg?anchor=center&mode=crop&width=54&height=72&rnd=132174204480000000"",""tournamentsPlayedSingles"":null,""tournamentsPlayedDoubles"":null,""pointsRankingSingles"":null,""pointsRankingDoubles"":null,""pointsRankingTotal"":null}"
800695483,Maria Fernanda Lopes,Maria Fernanda,Lopes,F,G,BRA,Brazil,,2010,2028,,https://www.itftennis.com/en/players/maria-fernanda-lopes/800695483/bra/jt/s/,478,193.5,2026-06-02,2026-06-08,"{""playerId"":800695483,""playerFamilyName"":""Lopes"",""playerGivenName"":""Maria Fernanda"",""playerNationalityCode"":""BRA"",""playerNationality"":""Brazil"",""profileLink"":""/en/players/maria-fernanda-lopes/800695483/bra/jt/s/"",""gender"":""F"",""hiddenPlayer"":false,""birthYear"":2010,""rankMovement"":0,""rank"":478,""rankEqualFlag"":"""",""tournamentsPlayed"":30,""points"":193.5,""profileImage"":""/media/1489/itf-uk-profile-placeholder-female.jpg?anchor=center&mode=crop&width=54&height=72&rnd=132174204480000000"",""tournamentsPlayedSingles"":null,""tournamentsPlayedDoubles"":null,""pointsRankingSingles"":null,""pointsRankingDoubles"":null,""pointsRankingTotal"":null}"
800706062,Emese Serkedi,Emese,Serkedi,F,G,HUN,Hungary,,2010,2028,,https://www.itftennis.com/en/players/emese-serkedi/800706062/hun/jt/s/,479,193.5,2026-06-02,2026-06-08,"{""playerId"":800706062,""playerFamilyName"":""Serkedi"",""playerGivenName"":""Emese"",""playerNationalityCode"":""HUN"",""playerNationality"":""Hungary"",""profileLink"":""/en/players/emese-serkedi/800706062/hun/jt/s/"",""gender"":""F"",""hiddenPlayer"":false,""birthYear"":2010,""rankMovement"":0,""rank"":479,""rankEqualFlag"":"""",""tournamentsPlayed"":21,""points"":193.5,""profileImage"":""/media/1489/itf-uk-profile-placeholder-female.jpg?anchor=center&mode=crop&width=54&height=72&rnd=132174204480000000"",""tournamentsPlayedSingles"":null,""tournamentsPlayedDoubles"":null,""pointsRankingSingles"":null,""pointsRankingDoubles"":null,""pointsRankingTotal"":null}"
800736699,Ziyan Zhang,Ziyan,Zhang,F,G,CHN,"China, P.R.",,2008,2026,,https://www.itftennis.com/en/players/ziyan-zhang/800736699/chn/jt/s/,480,192.5,2026-06-02,2026-06-08,"{""playerId"":800736699,""playerFamilyName"":""Zhang"",""playerGivenName"":""Ziyan"",""playerNationalityCode"":""CHN"",""playerNationality"":""China, P.R."",""profileLink"":""/en/players/ziyan-zhang/800736699/chn/jt/s/"",""gender"":""F"",""hiddenPlayer"":false,""birthYear"":2008,""rankMovement"":-5,""rank"":480,""rankEqualFlag"":"""",""tournamentsPlayed"":40,""points"":192.5,""profileImage"":""/media/1489/itf-uk-profile-placeholder-female.jpg?anchor=center&mode=crop&width=54&height=72&rnd=132174204480000000"",""tournamentsPlayedSingles"":null,""tournamentsPlayedDoubles"":null,""pointsRankingSingles"":null,""pointsRankingDoubles"":null,""pointsRankingTotal"":null}"
800656713,Prisha Nikhil Shinde,Prisha Nikhil,Shinde,F,G,IND,India,,2009,2027,,https://www.itftennis.com/en/players/prisha-nikhil-shinde/800656713/ind/jt/s/,481,191,2026-06-02,2026-06-08,"{""playerId"":800656713,""playerFamilyName"":""Shinde"",""playerGivenName"":""Prisha Nikhil"",""playerNationalityCode"":""IND"",""playerNationality"":""India"",""profileLink"":""/en/players/prisha-nikhil-shinde/800656713/ind/jt/s/"",""gender"":""F"",""hiddenPlayer"":false,""birthYear"":2009,""rankMovement"":0,""rank"":481,""rankEqualFlag"":"""",""tournamentsPlayed"":19,""points"":191,""profileImage"":""/media/1489/itf-uk-profile-placeholder-female.jpg?anchor=center&mode=crop&width=54&height=72&rnd=132174204480000000"",""tournamentsPlayedSingles"":null,""tournamentsPlayedDoubles"":null,""pointsRankingSingles"":null,""pointsRankingDoubles"":null,""pointsRankingTotal"":null}"
800718209,Daania Daniella Hazli,Daania Daniella,Hazli,F,G,MAS,Malaysia,,2010,2028,,https://www.itftennis.com/en/players/daania-daniella-hazli/800718209/mas/jt/s/,482,191,2026-06-02,2026-06-08,"{""playerId"":800718209,""playerFamilyName"":""Hazli"",""playerGivenName"":""Daania Daniella"",""playerNationalityCode"":""MAS"",""playerNationality"":""Malaysia"",""profileLink"":""/en/players/daania-daniella-hazli/800718209/mas/jt/s/"",""gender"":""F"",""hiddenPlayer"":false,""birthYear"":2010,""rankMovement"":0,""rank"":482,""rankEqualFlag"":"""",""tournamentsPlayed"":28,""points"":191,""profileImage"":""/media/1489/itf-uk-profile-placeholder-female.jpg?anchor=center&mode=crop&width=54&height=72&rnd=132174204480000000"",""tournamentsPlayedSingles"":null,""tournamentsPlayedDoubles"":null,""pointsRankingSingles"":null,""pointsRankingDoubles"":null,""pointsRankingTotal"":null}"
800775976,Jia Liu,Jia,Liu,F,G,CHN,"China, P.R.",,2010,2028,,https://www.itftennis.com/en/players/jia-liu/800775976/chn/jt/s/,483,191,2026-06-02,2026-06-08,"{""playerId"":800775976,""playerFamilyName"":""Liu"",""playerGivenName"":""Jia"",""playerNationalityCode"":""CHN"",""playerNationality"":""China, P.R."",""profileLink"":""/en/players/jia-liu/800775976/chn/jt/s/"",""gender"":""F"",""hiddenPlayer"":false,""birthYear"":2010,""rankMovement"":0,""rank"":483,""rankEqualFlag"":"""",""tournamentsPlayed"":22,""points"":191,""profileImage"":""/media/1489/itf-uk-profile-placeholder-female.jpg?anchor=center&mode=crop&width=54&height=72&rnd=132174204480000000"",""tournamentsPlayedSingles"":null,""tournamentsPlayedDoubles"":null,""pointsRankingSingles"":null,""pointsRankingDoubles"":null,""pointsRankingTotal"":null}"
800682866,Jannat Chiripal,Jannat,Chiripal,F,G,IND,India,,2008,2026,,https://www.itftennis.com/en/players/jannat-chiripal/800682866/ind/jt/s/,484,191,2026-06-02,2026-06-08,"{""playerId"":800682866,""playerFamilyName"":""Chiripal"",""playerGivenName"":""Jannat"",""playerNationalityCode"":""IND"",""playerNationality"":""India"",""profileLink"":""/en/players/jannat-chiripal/800682866/ind/jt/s/"",""gender"":""F"",""hiddenPlayer"":false,""birthYear"":2008,""rankMovement"":0,""rank"":484,""rankEqualFlag"":"""",""tournamentsPlayed"":19,""points"":191,""profileImage"":""/media/1489/itf-uk-profile-placeholder-female.jpg?anchor=center&mode=crop&width=54&height=72&rnd=132174204480000000"",""tournamentsPlayedSingles"":null,""tournamentsPlayedDoubles"":null,""pointsRankingSingles"":null,""pointsRankingDoubles"":null,""pointsRankingTotal"":null}"
800751083,Musemma Cilek,Musemma,Cilek,F,G,AUS,Australia,,2011,2029,,https://www.itftennis.com/en/players/musemma-cilek/800751083/aus/jt/s/,485,190.5,2026-06-02,2026-06-08,"{""playerId"":800751083,""playerFamilyName"":""Cilek"",""playerGivenName"":""Musemma"",""playerNationalityCode"":""AUS"",""playerNationality"":""Australia"",""profileLink"":""/en/players/musemma-cilek/800751083/aus/jt/s/"",""gender"":""F"",""hiddenPlayer"":false,""birthYear"":2011,""rankMovement"":0,""rank"":485,""rankEqualFlag"":"""",""tournamentsPlayed"":16,""points"":190.5,""profileImage"":""/media/1489/itf-uk-profile-placeholder-female.jpg?anchor=center&mode=crop&width=54&height=72&rnd=132174204480000000"",""tournamentsPlayedSingles"":null,""tournamentsPlayedDoubles"":null,""pointsRankingSingles"":null,""pointsRankingDoubles"":null,""pointsRankingTotal"":null}"
800638613,Ana Paula Jativa,Ana Paula,Jativa,F,G,ECU,Ecuador,,2009,2027,,https://www.itftennis.com/en/players/ana-paula-jativa/800638613/ecu/jt/s/,486,189.5,2026-06-02,2026-06-08,"{""playerId"":800638613,""playerFamilyName"":""Jativa"",""playerGivenName"":""Ana Paula"",""playerNationalityCode"":""ECU"",""playerNationality"":""Ecuador"",""profileLink"":""/en/players/ana-paula-jativa/800638613/ecu/jt/s/"",""gender"":""F"",""hiddenPlayer"":false,""birthYear"":2009,""rankMovement"":0,""rank"":486,""rankEqualFlag"":"""",""tournamentsPlayed"":17,""points"":189.5,""profileImage"":""/media/1489/itf-uk-profile-placeholder-female.jpg?anchor=center&mode=crop&width=54&height=72&rnd=132174204480000000"",""tournamentsPlayedSingles"":null,""tournamentsPlayedDoubles"":null,""pointsRankingSingles"":null,""pointsRankingDoubles"":null,""pointsRankingTotal"":null}"
800671835,Ioana Maria Sandru,Ioana Maria,Sandru,F,G,ROU,Romania,,2009,2027,,https://www.itftennis.com/en/players/ioana-maria-sandru/800671835/rou/jt/s/,487,188.75,2026-06-02,2026-06-08,"{""playerId"":800671835,""playerFamilyName"":""Sandru"",""playerGivenName"":""Ioana Maria"",""playerNationalityCode"":""ROU"",""playerNationality"":""Romania"",""profileLink"":""/en/players/ioana-maria-sandru/800671835/rou/jt/s/"",""gender"":""F"",""hiddenPlayer"":false,""birthYear"":2009,""rankMovement"":0,""rank"":487,""rankEqualFlag"":"""",""tournamentsPlayed"":14,""points"":188.75,""profileImage"":""/media/1489/itf-uk-profile-placeholder-female.jpg?anchor=center&mode=crop&width=54&height=72&rnd=132174204480000000"",""tournamentsPlayedSingles"":null,""tournamentsPlayedDoubles"":null,""pointsRankingSingles"":null,""pointsRankingDoubles"":null,""pointsRankingTotal"":null}"
800648775,Gabriella Eie,Gabriella,Eie,F,G,NOR,Norway,,2009,2027,,https://www.itftennis.com/en/players/gabriella-eie/800648775/nor/jt/s/,488,188.5,2026-06-08,2026-06-08,"{""playerId"":800648775,""playerFamilyName"":""Eie"",""playerGivenName"":""Gabriella"",""playerNationalityCode"":""NOR"",""playerNationality"":""Norway"",""profileLink"":""/en/players/gabriella-eie/800648775/nor/jt/s/"",""gender"":""F"",""hiddenPlayer"":false,""birthYear"":2009,""rankMovement"":82,""rank"":488,""rankEqualFlag"":"""",""tournamentsPlayed"":26,""points"":188.5,""profileImage"":""/media/1489/itf-uk-profile-placeholder-female.jpg?anchor=center&mode=crop&width=54&height=72&rnd=132174204480000000"",""tournamentsPlayedSingles"":null,""tournamentsPlayedDoubles"":null,""pointsRankingSingles"":null,""pointsRankingDoubles"":null,""pointsRankingTotal"":null}"
800573301,Kristina Kruchenko,Kristina,Kruchenko,F,G,KAZ,Kazakhstan,,2009,2027,,https://www.itftennis.com/en/players/kristina-kruchenko/800573301/kaz/jt/s/,489,188.5,2026-06-08,2026-06-08,"{""playerId"":800573301,""playerFamilyName"":""Kruchenko"",""playerGivenName"":""Kristina"",""playerNationalityCode"":""KAZ"",""playerNationality"":""Kazakhstan"",""profileLink"":""/en/players/kristina-kruchenko/800573301/kaz/jt/s/"",""gender"":""F"",""hiddenPlayer"":false,""birthYear"":2009,""rankMovement"":183,""rank"":489,""rankEqualFlag"":"""",""tournamentsPlayed"":32,""points"":188.5,""profileImage"":""/media/1489/itf-uk-profile-placeholder-female.jpg?anchor=center&mode=crop&width=54&height=72&rnd=132174204480000000"",""tournamentsPlayedSingles"":null,""tournamentsPlayedDoubles"":null,""pointsRankingSingles"":null,""pointsRankingDoubles"":null,""pointsRankingTotal"":null}"
800756409,Ava Itaoui,Ava,Itaoui,F,G,AUS,Australia,,2010,2028,,https://www.itftennis.com/en/players/ava-itaoui/800756409/aus/jt/s/,490,188,2026-06-02,2026-06-08,"{""playerId"":800756409,""playerFamilyName"":""Itaoui"",""playerGivenName"":""Ava"",""playerNationalityCode"":""AUS"",""playerNationality"":""Australia"",""profileLink"":""/en/players/ava-itaoui/800756409/aus/jt/s/"",""gender"":""F"",""hiddenPlayer"":false,""birthYear"":2010,""rankMovement"":0,""rank"":490,""rankEqualFlag"":"""",""tournamentsPlayed"":26,""points"":188,""profileImage"":""/media/1489/itf-uk-profile-placeholder-female.jpg?anchor=center&mode=crop&width=54&height=72&rnd=132174204480000000"",""tournamentsPlayedSingles"":null,""tournamentsPlayedDoubles"":null,""pointsRankingSingles"":null,""pointsRankingDoubles"":null,""pointsRankingTotal"":null}"
800601838,Sonia Erika Butuc Cerchez,Sonia Erika,Butuc Cerchez,F,G,ROU,Romania,,2009,2027,,https://www.itftennis.com/en/players/sonia-erika-butuc-cerchez/800601838/rou/jt/s/,491,187.5,2026-06-02,2026-06-08,"{""playerId"":800601838,""playerFamilyName"":""Butuc Cerchez"",""playerGivenName"":""Sonia Erika"",""playerNationalityCode"":""ROU"",""playerNationality"":""Romania"",""profileLink"":""/en/players/sonia-erika-butuc-cerchez/800601838/rou/jt/s/"",""gender"":""F"",""hiddenPlayer"":false,""birthYear"":2009,""rankMovement"":0,""rank"":491,""rankEqualFlag"":"""",""tournamentsPlayed"":31,""points"":187.5,""profileImage"":""/media/1489/itf-uk-profile-placeholder-female.jpg?anchor=center&mode=crop&width=54&height=72&rnd=132174204480000000"",""tournamentsPlayedSingles"":null,""tournamentsPlayedDoubles"":null,""pointsRankingSingles"":null,""pointsRankingDoubles"":null,""pointsRankingTotal"":null}"
800738182,Ami Dalla Pozza,Ami,Dalla Pozza,F,G,AUS,Australia,,2011,2029,,https://www.itftennis.com/en/players/ami-dalla-pozza/800738182/aus/jt/s/,492,187.5,2026-06-02,2026-06-08,"{""playerId"":800738182,""playerFamilyName"":""Dalla Pozza"",""playerGivenName"":""Ami"",""playerNationalityCode"":""AUS"",""playerNationality"":""Australia"",""profileLink"":""/en/players/ami-dalla-pozza/800738182/aus/jt/s/"",""gender"":""F"",""hiddenPlayer"":false,""birthYear"":2011,""rankMovement"":0,""rank"":492,""rankEqualFlag"":"""",""tournamentsPlayed"":29,""points"":187.5,""profileImage"":""/media/1489/itf-uk-profile-placeholder-female.jpg?anchor=center&mode=crop&width=54&height=72&rnd=132174204480000000"",""tournamentsPlayedSingles"":null,""tournamentsPlayedDoubles"":null,""pointsRankingSingles"":null,""pointsRankingDoubles"":null,""pointsRankingTotal"":null}"
800770797,Emily Dunn,Emily,Dunn,F,G,NZL,New Zealand,,2009,2027,,https://www.itftennis.com/en/players/emily-dunn/800770797/nzl/jt/s/,493,187.5,2026-06-02,2026-06-08,"{""playerId"":800770797,""playerFamilyName"":""Dunn"",""playerGivenName"":""Emily"",""playerNationalityCode"":""NZL"",""playerNationality"":""New Zealand"",""profileLink"":""/en/players/emily-dunn/800770797/nzl/jt/s/"",""gender"":""F"",""hiddenPlayer"":false,""birthYear"":2009,""rankMovement"":0,""rank"":493,""rankEqualFlag"":"""",""tournamentsPlayed"":27,""points"":187.5,""profileImage"":""/media/1489/itf-uk-profile-placeholder-female.jpg?anchor=center&mode=crop&width=54&height=72&rnd=132174204480000000"",""tournamentsPlayedSingles"":null,""tournamentsPlayedDoubles"":null,""pointsRankingSingles"":null,""pointsRankingDoubles"":null,""pointsRankingTotal"":null}"
800623372,Viktoriia Sedenkova,Viktoriia,Sedenkova,F,G,RUS,Russia,,2009,2027,,https://www.itftennis.com/en/players/viktoriia-sedenkova/800623372/rus/jt/s/,494,187,2026-06-02,2026-06-08,"{""playerId"":800623372,""playerFamilyName"":""Sedenkova"",""playerGivenName"":""Viktoriia"",""playerNationalityCode"":""RUS"",""playerNationality"":""Russia"",""profileLink"":""/en/players/viktoriia-sedenkova/800623372/rus/jt/s/"",""gender"":""F"",""hiddenPlayer"":false,""birthYear"":2009,""rankMovement"":0,""rank"":494,""rankEqualFlag"":"""",""tournamentsPlayed"":22,""points"":187,""profileImage"":""/media/1489/itf-uk-profile-placeholder-female.jpg?anchor=center&mode=crop&width=54&height=72&rnd=132174204480000000"",""tournamentsPlayedSingles"":null,""tournamentsPlayedDoubles"":null,""pointsRankingSingles"":null,""pointsRankingDoubles"":null,""pointsRankingTotal"":null}"
800718678,Leila Shakhmuradova,Leila,Shakhmuradova,F,G,RUS,Russia,,2009,2027,,https://www.itftennis.com/en/players/leila-shakhmuradova/800718678/rus/jt/s/,495,187,2026-06-08,2026-06-08,"{""playerId"":800718678,""playerFamilyName"":""Shakhmuradova"",""playerGivenName"":""Leila"",""playerNationalityCode"":""RUS"",""playerNationality"":""Russia"",""profileLink"":""/en/players/leila-shakhmuradova/800718678/rus/jt/s/"",""gender"":""F"",""hiddenPlayer"":false,""birthYear"":2009,""rankMovement"":89,""rank"":495,""rankEqualFlag"":"""",""tournamentsPlayed"":18,""points"":187,""profileImage"":""/media/1489/itf-uk-profile-placeholder-female.jpg?anchor=center&mode=crop&width=54&height=72&rnd=132174204480000000"",""tournamentsPlayedSingles"":null,""tournamentsPlayedDoubles"":null,""pointsRankingSingles"":null,""pointsRankingDoubles"":null,""pointsRankingTotal"":null}"
800688667,Shivali Gurung,Shivali,Gurung,F,G,NEP,Nepal,,2011,2029,,https://www.itftennis.com/en/players/shivali-gurung/800688667/nep/jt/s/,496,186.5,2026-06-02,2026-06-08,"{""playerId"":800688667,""playerFamilyName"":""Gurung"",""playerGivenName"":""Shivali"",""playerNationalityCode"":""NEP"",""playerNationality"":""Nepal"",""profileLink"":""/en/players/shivali-gurung/800688667/nep/jt/s/"",""gender"":""F"",""hiddenPlayer"":false,""birthYear"":2011,""rankMovement"":-1,""rank"":496,""rankEqualFlag"":"""",""tournamentsPlayed"":16,""points"":186.5,""profileImage"":""/media/1489/itf-uk-profile-placeholder-female.jpg?anchor=center&mode=crop&width=54&height=72&rnd=132174204480000000"",""tournamentsPlayedSingles"":null,""tournamentsPlayedDoubles"":null,""pointsRankingSingles"":null,""pointsRankingDoubles"":null,""pointsRankingTotal"":null}"
800665681,Veronica Cervac,Veronica,Cervac,F,G,ROU,Romania,,2010,2028,,https://www.itftennis.com/en/players/veronica-cervac/800665681/rou/jt/s/,497,186.5,2026-06-02,2026-06-08,"{""playerId"":800665681,""playerFamilyName"":""Cervac"",""playerGivenName"":""Veronica"",""playerNationalityCode"":""ROU"",""playerNationality"":""Romania"",""profileLink"":""/en/players/veronica-cervac/800665681/rou/jt/s/"",""gender"":""F"",""hiddenPlayer"":false,""birthYear"":2010,""rankMovement"":-1,""rank"":497,""rankEqualFlag"":"""",""tournamentsPlayed"":24,""points"":186.5,""profileImage"":""/media/1489/itf-uk-profile-placeholder-female.jpg?anchor=center&mode=crop&width=54&height=72&rnd=132174204480000000"",""tournamentsPlayedSingles"":null,""tournamentsPlayedDoubles"":null,""pointsRankingSingles"":null,""pointsRankingDoubles"":null,""pointsRankingTotal"":null}"
800663534,Nicole Yekaterina Villa,Nicole Yekaterina,Villa,F,G,SUI,Switzerland,,2009,2027,,https://www.itftennis.com/en/players/nicole-yekaterina-villa/800663534/sui/jt/s/,498,186,2026-06-02,2026-06-08,"{""playerId"":800663534,""playerFamilyName"":""Villa"",""playerGivenName"":""Nicole Yekaterina"",""playerNationalityCode"":""SUI"",""playerNationality"":""Switzerland"",""profileLink"":""/en/players/nicole-yekaterina-villa/800663534/sui/jt/s/"",""gender"":""F"",""hiddenPlayer"":false,""birthYear"":2009,""rankMovement"":-1,""rank"":498,""rankEqualFlag"":"""",""tournamentsPlayed"":33,""points"":186,""profileImage"":""/media/1489/itf-uk-profile-placeholder-female.jpg?anchor=center&mode=crop&width=54&height=72&rnd=132174204480000000"",""tournamentsPlayedSingles"":null,""tournamentsPlayedDoubles"":null,""pointsRankingSingles"":null,""pointsRankingDoubles"":null,""pointsRankingTotal"":null}"
800675179,Mariana Andrea Pinzon Sampedro,Mariana Andrea,Pinzon Sampedro,F,G,COL,Colombia,,2009,2027,,https://www.itftennis.com/en/players/mariana-andrea-pinzon-sampedro/800675179/col/jt/s/,499,185.5,2026-06-02,2026-06-08,"{""playerId"":800675179,""playerFamilyName"":""Pinzon Sampedro"",""playerGivenName"":""Mariana Andrea"",""playerNationalityCode"":""COL"",""playerNationality"":""Colombia"",""profileLink"":""/en/players/mariana-andrea-pinzon-sampedro/800675179/col/jt/s/"",""gender"":""F"",""hiddenPlayer"":false,""birthYear"":2009,""rankMovement"":-1,""rank"":499,""rankEqualFlag"":"""",""tournamentsPlayed"":24,""points"":185.5,""profileImage"":""/media/1489/itf-uk-profile-placeholder-female.jpg?anchor=center&mode=crop&width=54&height=72&rnd=132174204480000000"",""tournamentsPlayedSingles"":null,""tournamentsPlayedDoubles"":null,""pointsRankingSingles"":null,""pointsRankingDoubles"":null,""pointsRankingTotal"":null}"
800692247,Maria Vidutova,Maria,Vidutova,F,G,RUS,Russia,,2011,2029,,https://www.itftennis.com/en/players/maria-vidutova/800692247/rus/jt/s/,500,184.75,2026-06-02,2026-06-08,"{""playerId"":800692247,""playerFamilyName"":""Vidutova"",""playerGivenName"":""Maria"",""playerNationalityCode"":""RUS"",""playerNationality"":""Russia"",""profileLink"":""/en/players/maria-vidutova/800692247/rus/jt/s/"",""gender"":""F"",""hiddenPlayer"":false,""birthYear"":2011,""rankMovement"":-1,""rank"":500,""rankEqualFlag"":"""",""tournamentsPlayed"":15,""points"":184.75,""profileImage"":""/media/1489/itf-uk-profile-placeholder-female.jpg?anchor=center&mode=crop&width=54&height=72&rnd=132174204480000000"",""tournamentsPlayedSingles"":null,""tournamentsPlayedDoubles"":null,""pointsRankingSingles"":null,""pointsRankingDoubles"":null,""pointsRankingTotal"":null}"
