ranking_date,gender,rank,player_id,player_name,country,country_name,birth_year,official_points,source_url,collected_at
2026-09-28,M,1,800680259,Luis Guto Miguel,BRA,Brazil,2009,3446.25,https://www.itftennis.com/tennis/api/PlayerRankApi/GetPlayerRankings?circuitCode=JT&playerTypeCode=B&ageCategoryCode=&juniorRankingType=itf&take=100&skip=0&isOrderAscending=true,2026-09-29T13:03:50.500Z
2026-09-28,M,2,800570117,Jamie Mackenzie,GER,Germany,2008,2607.25,https://www.itftennis.com/tennis/api/PlayerRankApi/GetPlayerRankings?circuitCode=JT&playerTypeCode=B&ageCategoryCode=&juniorRankingType=itf&take=100&skip=0&isOrderAscending=true,2026-09-29T13:03:50.500Z
2026-09-28,M,3,800589798,Thilo Behrmann,AUT,Austria,2008,2530.25,https://www.itftennis.com/tennis/api/PlayerRankApi/GetPlayerRankings?circuitCode=JT&playerTypeCode=B&ageCategoryCode=&juniorRankingType=itf&take=100&skip=0&isOrderAscending=true,2026-09-29T13:03:50.500Z
2026-09-28,M,4,800732018,Michael Antonius,USA,USA,2010,2333.75,https://www.itftennis.com/tennis/api/PlayerRankApi/GetPlayerRankings?circuitCode=JT&playerTypeCode=B&ageCategoryCode=&juniorRankingType=itf&take=100&skip=0&isOrderAscending=true,2026-09-29T13:03:50.500Z
2026-09-28,M,5,800657117,Keaton Hance,USA,USA,2008,2310.25,https://www.itftennis.com/tennis/api/PlayerRankApi/GetPlayerRankings?circuitCode=JT&playerTypeCode=B&ageCategoryCode=&juniorRankingType=itf&take=100&skip=0&isOrderAscending=true,2026-09-29T13:03:50.500Z
2026-09-28,M,6,800699673,Jordan Lee,USA,USA,2010,2266,https://www.itftennis.com/tennis/api/PlayerRankApi/GetPlayerRankings?circuitCode=JT&playerTypeCode=B&ageCategoryCode=&juniorRankingType=itf&take=100&skip=0&isOrderAscending=true,2026-09-29T13:03:50.500Z
2026-09-28,M,7,800704311,Marcel Latak,USA,USA,2009,2181.75,https://www.itftennis.com/tennis/api/PlayerRankApi/GetPlayerRankings?circuitCode=JT&playerTypeCode=B&ageCategoryCode=&juniorRankingType=itf&take=100&skip=0&isOrderAscending=true,2026-09-29T13:03:50.500Z
2026-09-28,M,8,800579895,Ziga Sesko,SLO,Slovenia,2008,2141.25,https://www.itftennis.com/tennis/api/PlayerRankApi/GetPlayerRankings?circuitCode=JT&playerTypeCode=B&ageCategoryCode=&juniorRankingType=itf&take=100&skip=0&isOrderAscending=true,2026-09-29T13:03:50.500Z
2026-09-28,M,9,800571859,Dimitar Kisimov,BUL,Bulgaria,2008,1873.75,https://www.itftennis.com/tennis/api/PlayerRankApi/GetPlayerRankings?circuitCode=JT&playerTypeCode=B&ageCategoryCode=&juniorRankingType=itf&take=100&skip=0&isOrderAscending=true,2026-09-29T13:03:50.500Z
2026-09-28,M,10,800564683,Yannick Theodor Alexandrescou,FRA,France,2008,1801.75,https://www.itftennis.com/tennis/api/PlayerRankApi/GetPlayerRankings?circuitCode=JT&playerTypeCode=B&ageCategoryCode=&juniorRankingType=itf&take=100&skip=0&isOrderAscending=true,2026-09-29T13:03:50.500Z
2026-09-28,M,11,800635903,Vincent Reisach,GER,Germany,2009,1763.75,https://www.itftennis.com/tennis/api/PlayerRankApi/GetPlayerRankings?circuitCode=JT&playerTypeCode=B&ageCategoryCode=&juniorRankingType=itf&take=100&skip=0&isOrderAscending=true,2026-09-29T13:03:50.500Z
2026-09-28,M,12,800696168,Yannik Alvarez,PUR,Puerto Rico,2008,1629.75,https://www.itftennis.com/tennis/api/PlayerRankApi/GetPlayerRankings?circuitCode=JT&playerTypeCode=B&ageCategoryCode=&juniorRankingType=itf&take=100&skip=0&isOrderAscending=true,2026-09-29T13:03:50.500Z
2026-09-28,M,13,800717286,Andrew Johnson,USA,USA,2009,1613.75,https://www.itftennis.com/tennis/api/PlayerRankApi/GetPlayerRankings?circuitCode=JT&playerTypeCode=B&ageCategoryCode=&juniorRankingType=itf&take=100&skip=0&isOrderAscending=true,2026-09-29T13:03:50.500Z
2026-09-28,M,14,800597355,Mathys Domenc,FRA,France,2009,1576,https://www.itftennis.com/tennis/api/PlayerRankApi/GetPlayerRankings?circuitCode=JT&playerTypeCode=B&ageCategoryCode=&juniorRankingType=itf&take=100&skip=0&isOrderAscending=true,2026-09-29T13:03:50.500Z
2026-09-28,M,15,800600773,Nicolas Baena,PER,Peru,2008,1548,https://www.itftennis.com/tennis/api/PlayerRankApi/GetPlayerRankings?circuitCode=JT&playerTypeCode=B&ageCategoryCode=&juniorRankingType=itf&take=100&skip=0&isOrderAscending=true,2026-09-29T13:03:50.500Z
2026-09-28,M,16,800573038,Arnav Paparkar,IND,India,2008,1538.5,https://www.itftennis.com/tennis/api/PlayerRankApi/GetPlayerRankings?circuitCode=JT&playerTypeCode=B&ageCategoryCode=&juniorRankingType=itf&take=100&skip=0&isOrderAscending=true,2026-09-29T13:03:50.500Z
2026-09-28,M,17,800543488,Zangar Nurlanuly,KAZ,Kazakhstan,2008,1518.75,https://www.itftennis.com/tennis/api/PlayerRankApi/GetPlayerRankings?circuitCode=JT&playerTypeCode=B&ageCategoryCode=&juniorRankingType=itf&take=100&skip=0&isOrderAscending=true,2026-09-29T13:03:50.500Z
2026-09-28,M,18,800692786,Jack Kennedy,USA,USA,2008,1489.75,https://www.itftennis.com/tennis/api/PlayerRankApi/GetPlayerRankings?circuitCode=JT&playerTypeCode=B&ageCategoryCode=&juniorRankingType=itf&take=100&skip=0&isOrderAscending=true,2026-09-29T13:03:50.500Z
2026-09-28,M,19,800646827,Mark Ceban,GBR,Great Britain,2009,1482.75,https://www.itftennis.com/tennis/api/PlayerRankApi/GetPlayerRankings?circuitCode=JT&playerTypeCode=B&ageCategoryCode=&juniorRankingType=itf&take=100&skip=0&isOrderAscending=true,2026-09-29T13:03:50.500Z
2026-09-28,M,20,800720203,Jack Secord,USA,USA,2008,1453.25,https://www.itftennis.com/tennis/api/PlayerRankApi/GetPlayerRankings?circuitCode=JT&playerTypeCode=B&ageCategoryCode=&juniorRankingType=itf&take=100&skip=0&isOrderAscending=true,2026-09-29T13:03:50.500Z
2026-09-28,M,21,800591436,Kai Thompson,HKG,"Hong Kong, China",2008,1411,https://www.itftennis.com/tennis/api/PlayerRankApi/GetPlayerRankings?circuitCode=JT&playerTypeCode=B&ageCategoryCode=&juniorRankingType=itf&take=100&skip=0&isOrderAscending=true,2026-09-29T13:03:50.500Z
2026-09-28,M,22,800681412,Daniel Jade,FRA,France,2009,1389.25,https://www.itftennis.com/tennis/api/PlayerRankApi/GetPlayerRankings?circuitCode=JT&playerTypeCode=B&ageCategoryCode=&juniorRankingType=itf&take=100&skip=0&isOrderAscending=true,2026-09-29T13:03:50.500Z
2026-09-28,M,23,800702395,Ntungamili RAGUIN,BOT,Botswana,2009,1377.75,https://www.itftennis.com/tennis/api/PlayerRankApi/GetPlayerRankings?circuitCode=JT&playerTypeCode=B&ageCategoryCode=&juniorRankingType=itf&take=100&skip=0&isOrderAscending=true,2026-09-29T13:03:50.500Z
2026-09-28,M,24,800658369,Dante Pagani,ARG,Argentina,2008,1376.75,https://www.itftennis.com/tennis/api/PlayerRankApi/GetPlayerRankings?circuitCode=JT&playerTypeCode=B&ageCategoryCode=&juniorRankingType=itf&take=100&skip=0&isOrderAscending=true,2026-09-29T13:03:50.500Z
2026-09-28,M,25,800668600,Simone Massellani,ITA,Italy,2008,1355.5,https://www.itftennis.com/tennis/api/PlayerRankApi/GetPlayerRankings?circuitCode=JT&playerTypeCode=B&ageCategoryCode=&juniorRankingType=itf&take=100&skip=0&isOrderAscending=true,2026-09-29T13:03:50.500Z
2026-09-28,M,26,800589799,Raffaele Ciurnelli,ITA,Italy,2008,1354.75,https://www.itftennis.com/tennis/api/PlayerRankApi/GetPlayerRankings?circuitCode=JT&playerTypeCode=B&ageCategoryCode=&juniorRankingType=itf&take=100&skip=0&isOrderAscending=true,2026-09-29T13:03:50.501Z
2026-09-28,M,27,800676504,Leonardo Storck Franca,BRA,Brazil,2009,1347.75,https://www.itftennis.com/tennis/api/PlayerRankApi/GetPlayerRankings?circuitCode=JT&playerTypeCode=B&ageCategoryCode=&juniorRankingType=itf&take=100&skip=0&isOrderAscending=true,2026-09-29T13:03:50.501Z
2026-09-28,M,28,800597132,Jakub Kusy,CZE,Czechia,2009,1333.75,https://www.itftennis.com/tennis/api/PlayerRankApi/GetPlayerRankings?circuitCode=JT&playerTypeCode=B&ageCategoryCode=&juniorRankingType=itf&take=100&skip=0&isOrderAscending=true,2026-09-29T13:03:50.501Z
2026-09-28,M,29,800793512,Tanishk Konduri,USA,USA,2009,1326.75,https://www.itftennis.com/tennis/api/PlayerRankApi/GetPlayerRankings?circuitCode=JT&playerTypeCode=B&ageCategoryCode=&juniorRankingType=itf&take=100&skip=0&isOrderAscending=true,2026-09-29T13:03:50.501Z
2026-09-28,M,30,800733775,Koki Nara,JPN,Japan,2009,1291,https://www.itftennis.com/tennis/api/PlayerRankApi/GetPlayerRankings?circuitCode=JT&playerTypeCode=B&ageCategoryCode=&juniorRankingType=itf&take=100&skip=0&isOrderAscending=true,2026-09-29T13:03:50.501Z
2026-09-28,M,31,800559166,Damir Zhalgasbay,KAZ,Kazakhstan,2008,1286.5,https://www.itftennis.com/tennis/api/PlayerRankApi/GetPlayerRankings?circuitCode=JT&playerTypeCode=B&ageCategoryCode=&juniorRankingType=itf&take=100&skip=0&isOrderAscending=true,2026-09-29T13:03:50.501Z
2026-09-28,M,32,800626357,Dan Brand,ISR,Israel,2009,1285.5,https://www.itftennis.com/tennis/api/PlayerRankApi/GetPlayerRankings?circuitCode=JT&playerTypeCode=B&ageCategoryCode=&juniorRankingType=itf&take=100&skip=0&isOrderAscending=true,2026-09-29T13:03:50.501Z
2026-09-28,M,33,800700658,Hyu Kawanishi,JPN,Japan,2008,1280.5,https://www.itftennis.com/tennis/api/PlayerRankApi/GetPlayerRankings?circuitCode=JT&playerTypeCode=B&ageCategoryCode=&juniorRankingType=itf&take=100&skip=0&isOrderAscending=true,2026-09-29T13:03:50.501Z
2026-09-28,M,34,800571129,Flynn Thomas,SUI,Switzerland,2008,1274.75,https://www.itftennis.com/tennis/api/PlayerRankApi/GetPlayerRankings?circuitCode=JT&playerTypeCode=B&ageCategoryCode=&juniorRankingType=itf&take=100&skip=0&isOrderAscending=true,2026-09-29T13:03:50.501Z
2026-09-28,M,35,800587925,Oliver Majdandzic,GER,Germany,2008,1274.75,https://www.itftennis.com/tennis/api/PlayerRankApi/GetPlayerRankings?circuitCode=JT&playerTypeCode=B&ageCategoryCode=&juniorRankingType=itf&take=100&skip=0&isOrderAscending=true,2026-09-29T13:03:50.501Z
2026-09-28,M,36,800583844,Ryo Tabata,JPN,Japan,2008,1270.5,https://www.itftennis.com/tennis/api/PlayerRankApi/GetPlayerRankings?circuitCode=JT&playerTypeCode=B&ageCategoryCode=&juniorRankingType=itf&take=100&skip=0&isOrderAscending=true,2026-09-29T13:03:50.501Z
2026-09-28,M,37,800692766,Kuan-Shou Chen,TPE,Chinese Taipei,2008,1255.75,https://www.itftennis.com/tennis/api/PlayerRankApi/GetPlayerRankings?circuitCode=JT&playerTypeCode=B&ageCategoryCode=&juniorRankingType=itf&take=100&skip=0&isOrderAscending=true,2026-09-29T13:03:50.501Z
2026-09-28,M,38,800575096,Thijs Boogaard,NED,Netherlands,2008,1230,https://www.itftennis.com/tennis/api/PlayerRankApi/GetPlayerRankings?circuitCode=JT&playerTypeCode=B&ageCategoryCode=&juniorRankingType=itf&take=100&skip=0&isOrderAscending=true,2026-09-29T13:03:50.501Z
2026-09-28,M,39,800594039,Valentin Gonzalez-Galino,ESP,Spain,2008,1211,https://www.itftennis.com/tennis/api/PlayerRankApi/GetPlayerRankings?circuitCode=JT&playerTypeCode=B&ageCategoryCode=&juniorRankingType=itf&take=100&skip=0&isOrderAscending=true,2026-09-29T13:03:50.501Z
2026-09-28,M,40,800721316,Ryan Cozad,USA,USA,2008,1188.5,https://www.itftennis.com/tennis/api/PlayerRankApi/GetPlayerRankings?circuitCode=JT&playerTypeCode=B&ageCategoryCode=&juniorRankingType=itf&take=100&skip=0&isOrderAscending=true,2026-09-29T13:03:50.501Z
2026-09-28,M,41,800654119,Connor Doig,RSA,South Africa,2008,1180.5,https://www.itftennis.com/tennis/api/PlayerRankApi/GetPlayerRankings?circuitCode=JT&playerTypeCode=B&ageCategoryCode=&juniorRankingType=itf&take=100&skip=0&isOrderAscending=true,2026-09-29T13:03:50.501Z
2026-09-28,M,42,800654359,Emilio Camacho,ECU,Ecuador,2009,1179.25,https://www.itftennis.com/tennis/api/PlayerRankApi/GetPlayerRankings?circuitCode=JT&playerTypeCode=B&ageCategoryCode=&juniorRankingType=itf&take=100&skip=0&isOrderAscending=true,2026-09-29T13:03:50.501Z
2026-09-28,M,43,800601948,Rhys Lawlor,GBR,Great Britain,2009,1171.75,https://www.itftennis.com/tennis/api/PlayerRankApi/GetPlayerRankings?circuitCode=JT&playerTypeCode=B&ageCategoryCode=&juniorRankingType=itf&take=100&skip=0&isOrderAscending=true,2026-09-29T13:03:50.501Z
2026-09-28,M,44,800731255,Vihaan Reddy,USA,USA,2009,1167.5,https://www.itftennis.com/tennis/api/PlayerRankApi/GetPlayerRankings?circuitCode=JT&playerTypeCode=B&ageCategoryCode=&juniorRankingType=itf&take=100&skip=0&isOrderAscending=true,2026-09-29T13:03:50.501Z
2026-09-28,M,45,800650301,Pedro Henrique Chabalgoity,BRA,Brazil,2008,1147.75,https://www.itftennis.com/tennis/api/PlayerRankApi/GetPlayerRankings?circuitCode=JT&playerTypeCode=B&ageCategoryCode=&juniorRankingType=itf&take=100&skip=0&isOrderAscending=true,2026-09-29T13:03:50.501Z
2026-09-28,M,46,800589300,Svit Suljic,SLO,Slovenia,2009,1146.75,https://www.itftennis.com/tennis/api/PlayerRankApi/GetPlayerRankings?circuitCode=JT&playerTypeCode=B&ageCategoryCode=&juniorRankingType=itf&take=100&skip=0&isOrderAscending=true,2026-09-29T13:03:50.501Z
2026-09-28,M,47,800626993,Mustafa Ege Sik,AUS,Australia,2009,1130.5,https://www.itftennis.com/tennis/api/PlayerRankApi/GetPlayerRankings?circuitCode=JT&playerTypeCode=B&ageCategoryCode=&juniorRankingType=itf&take=100&skip=0&isOrderAscending=true,2026-09-29T13:03:50.501Z
2026-09-28,M,48,800781872,Safir Azam,USA,USA,2009,1123,https://www.itftennis.com/tennis/api/PlayerRankApi/GetPlayerRankings?circuitCode=JT&playerTypeCode=B&ageCategoryCode=&juniorRankingType=itf&take=100&skip=0&isOrderAscending=true,2026-09-29T13:03:50.501Z
2026-09-28,M,49,800661936,Leon Sloboda,SVK,Slovakia,2009,1070.25,https://www.itftennis.com/tennis/api/PlayerRankApi/GetPlayerRankings?circuitCode=JT&playerTypeCode=B&ageCategoryCode=&juniorRankingType=itf&take=100&skip=0&isOrderAscending=true,2026-09-29T13:03:50.501Z
2026-09-28,M,50,800590474,Tito Chavez,ESP,Spain,2008,1064,https://www.itftennis.com/tennis/api/PlayerRankApi/GetPlayerRankings?circuitCode=JT&playerTypeCode=B&ageCategoryCode=&juniorRankingType=itf&take=100&skip=0&isOrderAscending=true,2026-09-29T13:03:50.501Z
2026-09-28,M,51,800706603,Felix Roussel,CAN,Canada,2008,1060,https://www.itftennis.com/tennis/api/PlayerRankApi/GetPlayerRankings?circuitCode=JT&playerTypeCode=B&ageCategoryCode=&juniorRankingType=itf&take=100&skip=0&isOrderAscending=true,2026-09-29T13:03:50.501Z
2026-09-28,M,52,800686514,Kanta Watanabe,JPN,Japan,2009,1058,https://www.itftennis.com/tennis/api/PlayerRankApi/GetPlayerRankings?circuitCode=JT&playerTypeCode=B&ageCategoryCode=&juniorRankingType=itf&take=100&skip=0&isOrderAscending=true,2026-09-29T13:03:50.501Z
2026-09-28,M,53,800705107,Matteo Gribaldo,ITA,Italy,2008,1055.5,https://www.itftennis.com/tennis/api/PlayerRankApi/GetPlayerRankings?circuitCode=JT&playerTypeCode=B&ageCategoryCode=&juniorRankingType=itf&take=100&skip=0&isOrderAscending=true,2026-09-29T13:03:50.501Z
2026-09-28,M,54,800602130,Jan Sadzik,POL,Poland,2008,1023.5,https://www.itftennis.com/tennis/api/PlayerRankApi/GetPlayerRankings?circuitCode=JT&playerTypeCode=B&ageCategoryCode=&juniorRankingType=itf&take=100&skip=0&isOrderAscending=true,2026-09-29T13:03:50.501Z
2026-09-28,M,55,800661358,Filippo Alfano,ITA,Italy,2008,1022.5,https://www.itftennis.com/tennis/api/PlayerRankApi/GetPlayerRankings?circuitCode=JT&playerTypeCode=B&ageCategoryCode=&juniorRankingType=itf&take=100&skip=0&isOrderAscending=true,2026-09-29T13:03:50.501Z
2026-09-28,M,56,800630877,Matei Victor Chelemen,ROU,Romania,2009,1008.5,https://www.itftennis.com/tennis/api/PlayerRankApi/GetPlayerRankings?circuitCode=JT&playerTypeCode=B&ageCategoryCode=&juniorRankingType=itf&take=100&skip=0&isOrderAscending=true,2026-09-29T13:03:50.501Z
2026-09-28,M,57,800652195,Juan Miguel Bolivar Idarraga,COL,Colombia,2009,998.75,https://www.itftennis.com/tennis/api/PlayerRankApi/GetPlayerRankings?circuitCode=JT&playerTypeCode=B&ageCategoryCode=&juniorRankingType=itf&take=100&skip=0&isOrderAscending=true,2026-09-29T13:03:50.501Z
2026-09-28,M,58,800661621,Joshua Adamson,CAN,Canada,2009,993.75,https://www.itftennis.com/tennis/api/PlayerRankApi/GetPlayerRankings?circuitCode=JT&playerTypeCode=B&ageCategoryCode=&juniorRankingType=itf&take=100&skip=0&isOrderAscending=true,2026-09-29T13:03:50.501Z
2026-09-28,M,59,800572955,Kirill Filaretov,RUS,Russia,2008,971.5,https://www.itftennis.com/tennis/api/PlayerRankApi/GetPlayerRankings?circuitCode=JT&playerTypeCode=B&ageCategoryCode=&juniorRankingType=itf&take=100&skip=0&isOrderAscending=true,2026-09-29T13:03:50.501Z
2026-09-28,M,60,800565895,Matei Todoran,ROU,Romania,2008,956,https://www.itftennis.com/tennis/api/PlayerRankApi/GetPlayerRankings?circuitCode=JT&playerTypeCode=B&ageCategoryCode=&juniorRankingType=itf&take=100&skip=0&isOrderAscending=true,2026-09-29T13:03:50.501Z
2026-09-28,M,61,800651243,Kaan Isik Kosaner,TUR,Turkiye,2009,951.25,https://www.itftennis.com/tennis/api/PlayerRankApi/GetPlayerRankings?circuitCode=JT&playerTypeCode=B&ageCategoryCode=&juniorRankingType=itf&take=100&skip=0&isOrderAscending=true,2026-09-29T13:03:50.501Z
2026-09-28,M,62,800630725,Richard Lacis,BLR,Belarus,2009,941.25,https://www.itftennis.com/tennis/api/PlayerRankApi/GetPlayerRankings?circuitCode=JT&playerTypeCode=B&ageCategoryCode=&juniorRankingType=itf&take=100&skip=0&isOrderAscending=true,2026-09-29T13:03:50.501Z
2026-09-28,M,63,800567149,Aaron Gabet,FRA,France,2008,939,https://www.itftennis.com/tennis/api/PlayerRankApi/GetPlayerRankings?circuitCode=JT&playerTypeCode=B&ageCategoryCode=&juniorRankingType=itf&take=100&skip=0&isOrderAscending=true,2026-09-29T13:03:50.501Z
2026-09-28,M,64,800593329,Florian Zimmer,AUT,Austria,2008,933.5,https://www.itftennis.com/tennis/api/PlayerRankApi/GetPlayerRankings?circuitCode=JT&playerTypeCode=B&ageCategoryCode=&juniorRankingType=itf&take=100&skip=0&isOrderAscending=true,2026-09-29T13:03:50.501Z
2026-09-28,M,65,800705312,Cooper Kose,AUS,Australia,2009,929.75,https://www.itftennis.com/tennis/api/PlayerRankApi/GetPlayerRankings?circuitCode=JT&playerTypeCode=B&ageCategoryCode=&juniorRankingType=itf&take=100&skip=0&isOrderAscending=true,2026-09-29T13:03:50.501Z
2026-09-28,M,66,800688505,Max Villar,ESP,Spain,2008,917.5,https://www.itftennis.com/tennis/api/PlayerRankApi/GetPlayerRankings?circuitCode=JT&playerTypeCode=B&ageCategoryCode=&juniorRankingType=itf&take=100&skip=0&isOrderAscending=true,2026-09-29T13:03:50.501Z
2026-09-28,M,67,800678621,John Bothma,RSA,South Africa,2008,899.75,https://www.itftennis.com/tennis/api/PlayerRankApi/GetPlayerRankings?circuitCode=JT&playerTypeCode=B&ageCategoryCode=&juniorRankingType=itf&take=100&skip=0&isOrderAscending=true,2026-09-29T13:03:50.501Z
2026-09-28,M,68,800754035,Gavin Goode,USA,USA,2008,899,https://www.itftennis.com/tennis/api/PlayerRankApi/GetPlayerRankings?circuitCode=JT&playerTypeCode=B&ageCategoryCode=&juniorRankingType=itf&take=100&skip=0&isOrderAscending=true,2026-09-29T13:03:50.501Z
2026-09-28,M,69,800698105,Maxi Carrascosa Diaz,ESP,Spain,2008,878.75,https://www.itftennis.com/tennis/api/PlayerRankApi/GetPlayerRankings?circuitCode=JT&playerTypeCode=B&ageCategoryCode=&juniorRankingType=itf&take=100&skip=0&isOrderAscending=true,2026-09-29T13:03:50.501Z
2026-09-28,M,70,800712851,Daniel Jovanovski,AUS,Australia,2008,867.5,https://www.itftennis.com/tennis/api/PlayerRankApi/GetPlayerRankings?circuitCode=JT&playerTypeCode=B&ageCategoryCode=&juniorRankingType=itf&take=100&skip=0&isOrderAscending=true,2026-09-29T13:03:50.501Z
2026-09-28,M,71,800679317,Eito Komada,JPN,Japan,2008,860.5,https://www.itftennis.com/tennis/api/PlayerRankApi/GetPlayerRankings?circuitCode=JT&playerTypeCode=B&ageCategoryCode=&juniorRankingType=itf&take=100&skip=0&isOrderAscending=true,2026-09-29T13:03:50.501Z
2026-09-28,M,72,800672226,Benjamin Azar,CAN,Canada,2008,859.25,https://www.itftennis.com/tennis/api/PlayerRankApi/GetPlayerRankings?circuitCode=JT&playerTypeCode=B&ageCategoryCode=&juniorRankingType=itf&take=100&skip=0&isOrderAscending=true,2026-09-29T13:03:50.501Z
2026-09-28,M,73,800626895,Eudald Gonzalez,ESP,Spain,2008,853,https://www.itftennis.com/tennis/api/PlayerRankApi/GetPlayerRankings?circuitCode=JT&playerTypeCode=B&ageCategoryCode=&juniorRankingType=itf&take=100&skip=0&isOrderAscending=true,2026-09-29T13:03:50.501Z
2026-09-28,M,74,800656311,Stan Put,NED,Netherlands,2010,851.25,https://www.itftennis.com/tennis/api/PlayerRankApi/GetPlayerRankings?circuitCode=JT&playerTypeCode=B&ageCategoryCode=&juniorRankingType=itf&take=100&skip=0&isOrderAscending=true,2026-09-29T13:03:50.501Z
2026-09-28,M,75,800746542,Taiki Takizawa,AUS,Australia,2010,849.25,https://www.itftennis.com/tennis/api/PlayerRankApi/GetPlayerRankings?circuitCode=JT&playerTypeCode=B&ageCategoryCode=&juniorRankingType=itf&take=100&skip=0&isOrderAscending=true,2026-09-29T13:03:50.501Z
2026-09-28,M,76,800596852,Christopher Thies,GER,Germany,2008,848,https://www.itftennis.com/tennis/api/PlayerRankApi/GetPlayerRankings?circuitCode=JT&playerTypeCode=B&ageCategoryCode=&juniorRankingType=itf&take=100&skip=0&isOrderAscending=true,2026-09-29T13:03:50.501Z
2026-09-28,M,77,800592189,Aleksander Blus,POL,Poland,2008,847.25,https://www.itftennis.com/tennis/api/PlayerRankApi/GetPlayerRankings?circuitCode=JT&playerTypeCode=B&ageCategoryCode=&juniorRankingType=itf&take=100&skip=0&isOrderAscending=true,2026-09-29T13:03:50.501Z
2026-09-28,M,78,800602679,Min Hyuk Cho,KOR,"Korea, Rep.",2009,844.25,https://www.itftennis.com/tennis/api/PlayerRankApi/GetPlayerRankings?circuitCode=JT&playerTypeCode=B&ageCategoryCode=&juniorRankingType=itf&take=100&skip=0&isOrderAscending=true,2026-09-29T13:03:50.501Z
2026-09-28,M,79,800621001,Eric Dylan Mueller,GER,Germany,2009,844.25,https://www.itftennis.com/tennis/api/PlayerRankApi/GetPlayerRankings?circuitCode=JT&playerTypeCode=B&ageCategoryCode=&juniorRankingType=itf&take=100&skip=0&isOrderAscending=true,2026-09-29T13:03:50.501Z
2026-09-28,M,80,800706578,Navneet Raghuram,USA,USA,2009,829.25,https://www.itftennis.com/tennis/api/PlayerRankApi/GetPlayerRankings?circuitCode=JT&playerTypeCode=B&ageCategoryCode=&juniorRankingType=itf&take=100&skip=0&isOrderAscending=true,2026-09-29T13:03:50.501Z
2026-09-28,M,81,800630549,Mattia Logrippo,ITA,Italy,2009,828,https://www.itftennis.com/tennis/api/PlayerRankApi/GetPlayerRankings?circuitCode=JT&playerTypeCode=B&ageCategoryCode=&juniorRankingType=itf&take=100&skip=0&isOrderAscending=true,2026-09-29T13:03:50.501Z
2026-09-28,M,82,800589275,Rihards Neimanis,LAT,Latvia,2008,826.75,https://www.itftennis.com/tennis/api/PlayerRankApi/GetPlayerRankings?circuitCode=JT&playerTypeCode=B&ageCategoryCode=&juniorRankingType=itf&take=100&skip=0&isOrderAscending=true,2026-09-29T13:03:50.501Z
2026-09-28,M,83,800597378,Tomas Krejci,CZE,Czechia,2009,818.5,https://www.itftennis.com/tennis/api/PlayerRankApi/GetPlayerRankings?circuitCode=JT&playerTypeCode=B&ageCategoryCode=&juniorRankingType=itf&take=100&skip=0&isOrderAscending=true,2026-09-29T13:03:50.501Z
2026-09-28,M,84,800695726,OLUWASEUN PETER OGUNSAKIN,NGR,Nigeria,2009,795.75,https://www.itftennis.com/tennis/api/PlayerRankApi/GetPlayerRankings?circuitCode=JT&playerTypeCode=B&ageCategoryCode=&juniorRankingType=itf&take=100&skip=0&isOrderAscending=true,2026-09-29T13:03:50.501Z
2026-09-28,M,85,800688513,Xavier Massotte,CAN,Canada,2008,787,https://www.itftennis.com/tennis/api/PlayerRankApi/GetPlayerRankings?circuitCode=JT&playerTypeCode=B&ageCategoryCode=&juniorRankingType=itf&take=100&skip=0&isOrderAscending=true,2026-09-29T13:03:50.501Z
2026-09-28,M,86,800755951,Takahiro Kawaguchi,JPN,Japan,2010,774.75,https://www.itftennis.com/tennis/api/PlayerRankApi/GetPlayerRankings?circuitCode=JT&playerTypeCode=B&ageCategoryCode=&juniorRankingType=itf&take=100&skip=0&isOrderAscending=true,2026-09-29T13:03:50.501Z
2026-09-28,M,87,800590813,Savva Rybkin,RUS,Russia,2009,770.5,https://www.itftennis.com/tennis/api/PlayerRankApi/GetPlayerRankings?circuitCode=JT&playerTypeCode=B&ageCategoryCode=&juniorRankingType=itf&take=100&skip=0&isOrderAscending=true,2026-09-29T13:03:50.501Z
2026-09-28,M,88,800670455,Ignacio De Armas,VEN,Venezuela,2009,768.5,https://www.itftennis.com/tennis/api/PlayerRankApi/GetPlayerRankings?circuitCode=JT&playerTypeCode=B&ageCategoryCode=&juniorRankingType=itf&take=100&skip=0&isOrderAscending=true,2026-09-29T13:03:50.501Z
2026-09-28,M,89,800654550,Alvaro Ariel Frutos Alonso,PAR,Paraguay,2008,765,https://www.itftennis.com/tennis/api/PlayerRankApi/GetPlayerRankings?circuitCode=JT&playerTypeCode=B&ageCategoryCode=&juniorRankingType=itf&take=100&skip=0&isOrderAscending=true,2026-09-29T13:03:50.501Z
2026-09-28,M,90,800624130,Alberto Pulido Moreno,ESP,Spain,2009,760,https://www.itftennis.com/tennis/api/PlayerRankApi/GetPlayerRankings?circuitCode=JT&playerTypeCode=B&ageCategoryCode=&juniorRankingType=itf&take=100&skip=0&isOrderAscending=true,2026-09-29T13:03:50.501Z
2026-09-28,M,91,800716347,Livas Eduardo De Carvalho Damazio,BRA,Brazil,2010,755,https://www.itftennis.com/tennis/api/PlayerRankApi/GetPlayerRankings?circuitCode=JT&playerTypeCode=B&ageCategoryCode=&juniorRankingType=itf&take=100&skip=0&isOrderAscending=true,2026-09-29T13:03:50.501Z
2026-09-28,M,92,800622039,Thomas Gunzinger,SUI,Switzerland,2008,755,https://www.itftennis.com/tennis/api/PlayerRankApi/GetPlayerRankings?circuitCode=JT&playerTypeCode=B&ageCategoryCode=&juniorRankingType=itf&take=100&skip=0&isOrderAscending=true,2026-09-29T13:03:50.501Z
2026-09-28,M,93,800631035,Samarth Sahita,IND,India,2008,742.5,https://www.itftennis.com/tennis/api/PlayerRankApi/GetPlayerRankings?circuitCode=JT&playerTypeCode=B&ageCategoryCode=&juniorRankingType=itf&take=100&skip=0&isOrderAscending=true,2026-09-29T13:03:50.501Z
2026-09-28,M,94,800626417,Samim Filiz,TUR,Turkiye,2009,741.75,https://www.itftennis.com/tennis/api/PlayerRankApi/GetPlayerRankings?circuitCode=JT&playerTypeCode=B&ageCategoryCode=&juniorRankingType=itf&take=100&skip=0&isOrderAscending=true,2026-09-29T13:03:50.501Z
2026-09-28,M,95,800599675,Odysseas Geladaris,GRE,Greece,2008,739,https://www.itftennis.com/tennis/api/PlayerRankApi/GetPlayerRankings?circuitCode=JT&playerTypeCode=B&ageCategoryCode=&juniorRankingType=itf&take=100&skip=0&isOrderAscending=true,2026-09-29T13:03:50.501Z
2026-09-28,M,96,800671311,Alessandro Rubini Garcia Belaunde,PER,Peru,2009,737.5,https://www.itftennis.com/tennis/api/PlayerRankApi/GetPlayerRankings?circuitCode=JT&playerTypeCode=B&ageCategoryCode=&juniorRankingType=itf&take=100&skip=0&isOrderAscending=true,2026-09-29T13:03:50.501Z
2026-09-28,M,97,800711858,Ymerali Ibraimi,AUS,Australia,2009,728,https://www.itftennis.com/tennis/api/PlayerRankApi/GetPlayerRankings?circuitCode=JT&playerTypeCode=B&ageCategoryCode=&juniorRankingType=itf&take=100&skip=0&isOrderAscending=true,2026-09-29T13:03:50.501Z
2026-09-28,M,98,800697653,Agassi Rusher,USA,USA,2008,715.5,https://www.itftennis.com/tennis/api/PlayerRankApi/GetPlayerRankings?circuitCode=JT&playerTypeCode=B&ageCategoryCode=&juniorRankingType=itf&take=100&skip=0&isOrderAscending=true,2026-09-29T13:03:50.501Z
2026-09-28,M,99,800626211,Roberto Perez socas,ESP,Spain,2008,715.5,https://www.itftennis.com/tennis/api/PlayerRankApi/GetPlayerRankings?circuitCode=JT&playerTypeCode=B&ageCategoryCode=&juniorRankingType=itf&take=100&skip=0&isOrderAscending=true,2026-09-29T13:03:50.501Z
2026-09-28,M,100,800578788,Tymon Litwic,POL,Poland,2008,714,https://www.itftennis.com/tennis/api/PlayerRankApi/GetPlayerRankings?circuitCode=JT&playerTypeCode=B&ageCategoryCode=&juniorRankingType=itf&take=100&skip=0&isOrderAscending=true,2026-09-29T13:03:50.501Z
2026-09-28,M,101,800629142,Francisco Fontes Damorim,BRA,Brazil,2008,708.25,https://www.itftennis.com/tennis/api/PlayerRankApi/GetPlayerRankings?circuitCode=JT&playerTypeCode=B&ageCategoryCode=&juniorRankingType=itf&take=100&skip=100&isOrderAscending=true,2026-09-29T13:03:51.293Z
2026-09-28,M,102,800665698,MATTIA BARONI,ITA,Italy,2009,708,https://www.itftennis.com/tennis/api/PlayerRankApi/GetPlayerRankings?circuitCode=JT&playerTypeCode=B&ageCategoryCode=&juniorRankingType=itf&take=100&skip=100&isOrderAscending=true,2026-09-29T13:03:51.293Z
2026-09-28,M,103,800597850,Carel Aubriel Ngounoue,USA,USA,2008,703.5,https://www.itftennis.com/tennis/api/PlayerRankApi/GetPlayerRankings?circuitCode=JT&playerTypeCode=B&ageCategoryCode=&juniorRankingType=itf&take=100&skip=100&isOrderAscending=true,2026-09-29T13:03:51.293Z
2026-09-28,M,104,800595243,Michael Savano,USA,USA,2008,700.5,https://www.itftennis.com/tennis/api/PlayerRankApi/GetPlayerRankings?circuitCode=JT&playerTypeCode=B&ageCategoryCode=&juniorRankingType=itf&take=100&skip=100&isOrderAscending=true,2026-09-29T13:03:51.293Z
2026-09-28,M,105,800672538,Dominik Macej,SVK,Slovakia,2009,700.5,https://www.itftennis.com/tennis/api/PlayerRankApi/GetPlayerRankings?circuitCode=JT&playerTypeCode=B&ageCategoryCode=&juniorRankingType=itf&take=100&skip=100&isOrderAscending=true,2026-09-29T13:03:51.293Z
2026-09-28,M,106,800694107,Cruz Hewitt,AUS,Australia,2008,700,https://www.itftennis.com/tennis/api/PlayerRankApi/GetPlayerRankings?circuitCode=JT&playerTypeCode=B&ageCategoryCode=&juniorRankingType=itf&take=100&skip=100&isOrderAscending=true,2026-09-29T13:03:51.293Z
2026-09-28,M,107,800573442,Marat Salbiev,RUS,Russia,2008,699.5,https://www.itftennis.com/tennis/api/PlayerRankApi/GetPlayerRankings?circuitCode=JT&playerTypeCode=B&ageCategoryCode=&juniorRankingType=itf&take=100&skip=100&isOrderAscending=true,2026-09-29T13:03:51.293Z
2026-09-28,M,108,800638980,Marko Bekeni,SVK,Slovakia,2008,699.25,https://www.itftennis.com/tennis/api/PlayerRankApi/GetPlayerRankings?circuitCode=JT&playerTypeCode=B&ageCategoryCode=&juniorRankingType=itf&take=100&skip=100&isOrderAscending=true,2026-09-29T13:03:51.293Z
2026-09-28,M,109,800595066,Lucas Yunez,ECU,Ecuador,2008,697.5,https://www.itftennis.com/tennis/api/PlayerRankApi/GetPlayerRankings?circuitCode=JT&playerTypeCode=B&ageCategoryCode=&juniorRankingType=itf&take=100&skip=100&isOrderAscending=true,2026-09-29T13:03:51.293Z
2026-09-28,M,110,800757262,Jia Hu,CHN,"China, P.R.",2009,697,https://www.itftennis.com/tennis/api/PlayerRankApi/GetPlayerRankings?circuitCode=JT&playerTypeCode=B&ageCategoryCode=&juniorRankingType=itf&take=100&skip=100&isOrderAscending=true,2026-09-29T13:03:51.293Z
2026-09-28,M,111,800602231,Ali Missoum,MAR,Morocco,2008,695.25,https://www.itftennis.com/tennis/api/PlayerRankApi/GetPlayerRankings?circuitCode=JT&playerTypeCode=B&ageCategoryCode=&juniorRankingType=itf&take=100&skip=100&isOrderAscending=true,2026-09-29T13:03:51.293Z
2026-09-28,M,112,800722515,Junseo Jang,KOR,"Korea, Rep.",2011,692.25,https://www.itftennis.com/tennis/api/PlayerRankApi/GetPlayerRankings?circuitCode=JT&playerTypeCode=B&ageCategoryCode=&juniorRankingType=itf&take=100&skip=100&isOrderAscending=true,2026-09-29T13:03:51.293Z
2026-09-28,M,113,800659993,Nikita Berdin,RUS,Russia,2011,686,https://www.itftennis.com/tennis/api/PlayerRankApi/GetPlayerRankings?circuitCode=JT&playerTypeCode=B&ageCategoryCode=&juniorRankingType=itf&take=100&skip=100&isOrderAscending=true,2026-09-29T13:03:51.293Z
2026-09-28,M,114,800543492,Daniel Tazabekov,KAZ,Kazakhstan,2008,681.5,https://www.itftennis.com/tennis/api/PlayerRankApi/GetPlayerRankings?circuitCode=JT&playerTypeCode=B&ageCategoryCode=&juniorRankingType=itf&take=100&skip=100&isOrderAscending=true,2026-09-29T13:03:51.293Z
2026-09-28,M,115,800594151,Felipe Vazquez,URU,Uruguay,2008,681,https://www.itftennis.com/tennis/api/PlayerRankApi/GetPlayerRankings?circuitCode=JT&playerTypeCode=B&ageCategoryCode=&juniorRankingType=itf&take=100&skip=100&isOrderAscending=true,2026-09-29T13:03:51.293Z
2026-09-28,M,116,800707189,Jeffrey Strydom,RSA,South Africa,2009,681,https://www.itftennis.com/tennis/api/PlayerRankApi/GetPlayerRankings?circuitCode=JT&playerTypeCode=B&ageCategoryCode=&juniorRankingType=itf&take=100&skip=100&isOrderAscending=true,2026-09-29T13:03:51.293Z
2026-09-28,M,117,800596844,Ken Ink,EST,Estonia,2009,676.25,https://www.itftennis.com/tennis/api/PlayerRankApi/GetPlayerRankings?circuitCode=JT&playerTypeCode=B&ageCategoryCode=&juniorRankingType=itf&take=100&skip=100&isOrderAscending=true,2026-09-29T13:03:51.293Z
2026-09-28,M,118,800772281,Daniel Malacek,USA,USA,2009,675,https://www.itftennis.com/tennis/api/PlayerRankApi/GetPlayerRankings?circuitCode=JT&playerTypeCode=B&ageCategoryCode=&juniorRankingType=itf&take=100&skip=100&isOrderAscending=true,2026-09-29T13:03:51.293Z
2026-09-28,M,119,800709452,Roshan Santhosh,USA,USA,2008,665,https://www.itftennis.com/tennis/api/PlayerRankApi/GetPlayerRankings?circuitCode=JT&playerTypeCode=B&ageCategoryCode=&juniorRankingType=itf&take=100&skip=100&isOrderAscending=true,2026-09-29T13:03:51.293Z
2026-09-28,M,120,800590346,Nikita Belozertsev,UZB,Uzbekistan,2008,663.5,https://www.itftennis.com/tennis/api/PlayerRankApi/GetPlayerRankings?circuitCode=JT&playerTypeCode=B&ageCategoryCode=&juniorRankingType=itf&take=100&skip=100&isOrderAscending=true,2026-09-29T13:03:51.293Z
2026-09-28,M,121,800645019,William Kjellberg,SWE,Sweden,2009,658.75,https://www.itftennis.com/tennis/api/PlayerRankApi/GetPlayerRankings?circuitCode=JT&playerTypeCode=B&ageCategoryCode=&juniorRankingType=itf&take=100&skip=100&isOrderAscending=true,2026-09-29T13:03:51.293Z
2026-09-28,M,122,800732025,Izyan Ahmad,USA,USA,2010,658,https://www.itftennis.com/tennis/api/PlayerRankApi/GetPlayerRankings?circuitCode=JT&playerTypeCode=B&ageCategoryCode=&juniorRankingType=itf&take=100&skip=100&isOrderAscending=true,2026-09-29T13:03:51.293Z
2026-09-28,M,123,800718701,Antoine Genereux,CAN,Canada,2009,657.5,https://www.itftennis.com/tennis/api/PlayerRankApi/GetPlayerRankings?circuitCode=JT&playerTypeCode=B&ageCategoryCode=&juniorRankingType=itf&take=100&skip=100&isOrderAscending=true,2026-09-29T13:03:51.293Z
2026-09-28,M,124,800630414,Dominik Vagner,CZE,Czechia,2009,655.5,https://www.itftennis.com/tennis/api/PlayerRankApi/GetPlayerRankings?circuitCode=JT&playerTypeCode=B&ageCategoryCode=&juniorRankingType=itf&take=100&skip=100&isOrderAscending=true,2026-09-29T13:03:51.293Z
2026-09-28,M,125,800644692,Jack Cheng,HKG,"Hong Kong, China",2008,653.75,https://www.itftennis.com/tennis/api/PlayerRankApi/GetPlayerRankings?circuitCode=JT&playerTypeCode=B&ageCategoryCode=&juniorRankingType=itf&take=100&skip=100&isOrderAscending=true,2026-09-29T13:03:51.293Z
2026-09-28,M,126,800757736,Mason Vaughan,USA,USA,2009,648.75,https://www.itftennis.com/tennis/api/PlayerRankApi/GetPlayerRankings?circuitCode=JT&playerTypeCode=B&ageCategoryCode=&juniorRankingType=itf&take=100&skip=100&isOrderAscending=true,2026-09-29T13:03:51.293Z
2026-09-28,M,127,800568045,Alexey Shibaev,RUS,Russia,2008,640.75,https://www.itftennis.com/tennis/api/PlayerRankApi/GetPlayerRankings?circuitCode=JT&playerTypeCode=B&ageCategoryCode=&juniorRankingType=itf&take=100&skip=100&isOrderAscending=true,2026-09-29T13:03:51.293Z
2026-09-28,M,128,800711174,Ethan Domingo,AUS,Australia,2010,637.25,https://www.itftennis.com/tennis/api/PlayerRankApi/GetPlayerRankings?circuitCode=JT&playerTypeCode=B&ageCategoryCode=&juniorRankingType=itf&take=100&skip=100&isOrderAscending=true,2026-09-29T13:03:51.293Z
2026-09-28,M,129,800587847,Antonio Marigliano,ITA,Italy,2008,626.25,https://www.itftennis.com/tennis/api/PlayerRankApi/GetPlayerRankings?circuitCode=JT&playerTypeCode=B&ageCategoryCode=&juniorRankingType=itf&take=100&skip=100&isOrderAscending=true,2026-09-29T13:03:51.293Z
2026-09-28,M,130,800661480,Tomas Re,ARG,Argentina,2008,626,https://www.itftennis.com/tennis/api/PlayerRankApi/GetPlayerRankings?circuitCode=JT&playerTypeCode=B&ageCategoryCode=&juniorRankingType=itf&take=100&skip=100&isOrderAscending=true,2026-09-29T13:03:51.293Z
2026-09-28,M,131,800580909,Kunanan Pantaratorn,THA,Thailand,2008,615.75,https://www.itftennis.com/tennis/api/PlayerRankApi/GetPlayerRankings?circuitCode=JT&playerTypeCode=B&ageCategoryCode=&juniorRankingType=itf&take=100&skip=100&isOrderAscending=true,2026-09-29T13:03:51.293Z
2026-09-28,M,132,800660771,Alessandro Hunziker,SUI,Switzerland,2009,615,https://www.itftennis.com/tennis/api/PlayerRankApi/GetPlayerRankings?circuitCode=JT&playerTypeCode=B&ageCategoryCode=&juniorRankingType=itf&take=100&skip=100&isOrderAscending=true,2026-09-29T13:03:51.293Z
2026-09-28,M,133,800596150,Matisse MARTIN,FRA,France,2009,607.5,https://www.itftennis.com/tennis/api/PlayerRankApi/GetPlayerRankings?circuitCode=JT&playerTypeCode=B&ageCategoryCode=&juniorRankingType=itf&take=100&skip=100&isOrderAscending=true,2026-09-29T13:03:51.293Z
2026-09-28,M,134,800579231,Edwin Averjanov,EST,Estonia,2008,603.75,https://www.itftennis.com/tennis/api/PlayerRankApi/GetPlayerRankings?circuitCode=JT&playerTypeCode=B&ageCategoryCode=&juniorRankingType=itf&take=100&skip=100&isOrderAscending=true,2026-09-29T13:03:51.293Z
2026-09-28,M,135,800642706,Pedro Albuquerque Dietrich,BRA,Brazil,2008,601.75,https://www.itftennis.com/tennis/api/PlayerRankApi/GetPlayerRankings?circuitCode=JT&playerTypeCode=B&ageCategoryCode=&juniorRankingType=itf&take=100&skip=100&isOrderAscending=true,2026-09-29T13:03:51.293Z
2026-09-28,M,136,800720441,Erik Schinnerer,USA,USA,2008,597,https://www.itftennis.com/tennis/api/PlayerRankApi/GetPlayerRankings?circuitCode=JT&playerTypeCode=B&ageCategoryCode=&juniorRankingType=itf&take=100&skip=100&isOrderAscending=true,2026-09-29T13:03:51.293Z
2026-09-28,M,137,800731732,Jerrid Gaines Jr,USA,USA,2009,596,https://www.itftennis.com/tennis/api/PlayerRankApi/GetPlayerRankings?circuitCode=JT&playerTypeCode=B&ageCategoryCode=&juniorRankingType=itf&take=100&skip=100&isOrderAscending=true,2026-09-29T13:03:51.293Z
2026-09-28,M,138,800652931,ALEXEY ILIN,RUS,Russia,2010,592.5,https://www.itftennis.com/tennis/api/PlayerRankApi/GetPlayerRankings?circuitCode=JT&playerTypeCode=B&ageCategoryCode=&juniorRankingType=itf&take=100&skip=100&isOrderAscending=true,2026-09-29T13:03:51.293Z
2026-09-28,M,139,800702805,Shintaro Ogaki,JPN,Japan,2010,591.75,https://www.itftennis.com/tennis/api/PlayerRankApi/GetPlayerRankings?circuitCode=JT&playerTypeCode=B&ageCategoryCode=&juniorRankingType=itf&take=100&skip=100&isOrderAscending=true,2026-09-29T13:03:51.293Z
2026-09-28,M,140,800664509,Pablo Pradat,FRA,France,2010,586.5,https://www.itftennis.com/tennis/api/PlayerRankApi/GetPlayerRankings?circuitCode=JT&playerTypeCode=B&ageCategoryCode=&juniorRankingType=itf&take=100&skip=100&isOrderAscending=true,2026-09-29T13:03:51.293Z
2026-09-28,M,141,800635270,Kaloyan Shikov,BUL,Bulgaria,2009,586,https://www.itftennis.com/tennis/api/PlayerRankApi/GetPlayerRankings?circuitCode=JT&playerTypeCode=B&ageCategoryCode=&juniorRankingType=itf&take=100&skip=100&isOrderAscending=true,2026-09-29T13:03:51.293Z
2026-09-28,M,142,800602236,Alejandro Mateo Berge Nourescu,ROU,Romania,2008,584.75,https://www.itftennis.com/tennis/api/PlayerRankApi/GetPlayerRankings?circuitCode=JT&playerTypeCode=B&ageCategoryCode=&juniorRankingType=itf&take=100&skip=100&isOrderAscending=true,2026-09-29T13:03:51.293Z
2026-09-28,M,143,800774722,Amaury Abbas,FRA,France,2009,573.75,https://www.itftennis.com/tennis/api/PlayerRankApi/GetPlayerRankings?circuitCode=JT&playerTypeCode=B&ageCategoryCode=&juniorRankingType=itf&take=100&skip=100&isOrderAscending=true,2026-09-29T13:03:51.293Z
2026-09-28,M,144,800625580,Angel Veliz,ECU,Ecuador,2008,571.5,https://www.itftennis.com/tennis/api/PlayerRankApi/GetPlayerRankings?circuitCode=JT&playerTypeCode=B&ageCategoryCode=&juniorRankingType=itf&take=100&skip=100&isOrderAscending=true,2026-09-29T13:03:51.293Z
2026-09-28,M,145,800707613,Yen-Chun Wang,TPE,Chinese Taipei,2008,570.5,https://www.itftennis.com/tennis/api/PlayerRankApi/GetPlayerRankings?circuitCode=JT&playerTypeCode=B&ageCategoryCode=&juniorRankingType=itf&take=100&skip=100&isOrderAscending=true,2026-09-29T13:03:51.293Z
2026-09-28,M,146,800590223,Alexey Frolov,RUS,Russia,2009,570,https://www.itftennis.com/tennis/api/PlayerRankApi/GetPlayerRankings?circuitCode=JT&playerTypeCode=B&ageCategoryCode=&juniorRankingType=itf&take=100&skip=100&isOrderAscending=true,2026-09-29T13:03:51.293Z
2026-09-28,M,147,800715003,Kamil Stolarczyk,USA,USA,2009,567.5,https://www.itftennis.com/tennis/api/PlayerRankApi/GetPlayerRankings?circuitCode=JT&playerTypeCode=B&ageCategoryCode=&juniorRankingType=itf&take=100&skip=100&isOrderAscending=true,2026-09-29T13:03:51.293Z
2026-09-28,M,148,800717018,Benjamin perez,CHI,Chile,2009,567.5,https://www.itftennis.com/tennis/api/PlayerRankApi/GetPlayerRankings?circuitCode=JT&playerTypeCode=B&ageCategoryCode=&juniorRankingType=itf&take=100&skip=100&isOrderAscending=true,2026-09-29T13:03:51.293Z
2026-09-28,M,149,800790501,Tyler Lee,USA,USA,2009,565,https://www.itftennis.com/tennis/api/PlayerRankApi/GetPlayerRankings?circuitCode=JT&playerTypeCode=B&ageCategoryCode=&juniorRankingType=itf&take=100&skip=100&isOrderAscending=true,2026-09-29T13:03:51.293Z
2026-09-28,M,150,800659854,Praneel Sharma,IND,India,2008,561,https://www.itftennis.com/tennis/api/PlayerRankApi/GetPlayerRankings?circuitCode=JT&playerTypeCode=B&ageCategoryCode=&juniorRankingType=itf&take=100&skip=100&isOrderAscending=true,2026-09-29T13:03:51.293Z
2026-09-28,M,151,800731445,Ikenna Prosper Okonkwo,NGR,Nigeria,2009,561,https://www.itftennis.com/tennis/api/PlayerRankApi/GetPlayerRankings?circuitCode=JT&playerTypeCode=B&ageCategoryCode=&juniorRankingType=itf&take=100&skip=100&isOrderAscending=true,2026-09-29T13:03:51.293Z
2026-09-28,M,152,800620722,Tae Woo Kim,KOR,"Korea, Rep.",2009,557.75,https://www.itftennis.com/tennis/api/PlayerRankApi/GetPlayerRankings?circuitCode=JT&playerTypeCode=B&ageCategoryCode=&juniorRankingType=itf&take=100&skip=100&isOrderAscending=true,2026-09-29T13:03:51.293Z
2026-09-28,M,153,800593247,Adolfo Abascal,ESP,Spain,2009,557,https://www.itftennis.com/tennis/api/PlayerRankApi/GetPlayerRankings?circuitCode=JT&playerTypeCode=B&ageCategoryCode=&juniorRankingType=itf&take=100&skip=100&isOrderAscending=true,2026-09-29T13:03:51.293Z
2026-09-28,M,154,800662768,Jake Dembo,AUS,Australia,2008,556,https://www.itftennis.com/tennis/api/PlayerRankApi/GetPlayerRankings?circuitCode=JT&playerTypeCode=B&ageCategoryCode=&juniorRankingType=itf&take=100&skip=100&isOrderAscending=true,2026-09-29T13:03:51.293Z
2026-09-28,M,155,800704256,Teodor Davidov,USA,USA,2010,555.5,https://www.itftennis.com/tennis/api/PlayerRankApi/GetPlayerRankings?circuitCode=JT&playerTypeCode=B&ageCategoryCode=&juniorRankingType=itf&take=100&skip=100&isOrderAscending=true,2026-09-29T13:03:51.293Z
2026-09-28,M,156,800680752,Justin Riley Anson,USA,USA,2008,550.75,https://www.itftennis.com/tennis/api/PlayerRankApi/GetPlayerRankings?circuitCode=JT&playerTypeCode=B&ageCategoryCode=&juniorRankingType=itf&take=100&skip=100&isOrderAscending=true,2026-09-29T13:03:51.293Z
2026-09-28,M,157,800569863,Patrick-Valentin Moise,GER,Germany,2008,547.75,https://www.itftennis.com/tennis/api/PlayerRankApi/GetPlayerRankings?circuitCode=JT&playerTypeCode=B&ageCategoryCode=&juniorRankingType=itf&take=100&skip=100&isOrderAscending=true,2026-09-29T13:03:51.293Z
2026-09-28,M,158,800601993,Dominik Dujka,CZE,Czechia,2009,545.25,https://www.itftennis.com/tennis/api/PlayerRankApi/GetPlayerRankings?circuitCode=JT&playerTypeCode=B&ageCategoryCode=&juniorRankingType=itf&take=100&skip=100&isOrderAscending=true,2026-09-29T13:03:51.293Z
2026-09-28,M,159,800708825,Zavier Augustin,USA,USA,2008,542.75,https://www.itftennis.com/tennis/api/PlayerRankApi/GetPlayerRankings?circuitCode=JT&playerTypeCode=B&ageCategoryCode=&juniorRankingType=itf&take=100&skip=100&isOrderAscending=true,2026-09-29T13:03:51.293Z
2026-09-28,M,160,800725121,Gurjot Singh,USA,USA,2008,537,https://www.itftennis.com/tennis/api/PlayerRankApi/GetPlayerRankings?circuitCode=JT&playerTypeCode=B&ageCategoryCode=&juniorRankingType=itf&take=100&skip=100&isOrderAscending=true,2026-09-29T13:03:51.293Z
2026-09-28,M,161,800693613,Luis Andres Flores Avila,MEX,Mexico,2008,532.75,https://www.itftennis.com/tennis/api/PlayerRankApi/GetPlayerRankings?circuitCode=JT&playerTypeCode=B&ageCategoryCode=&juniorRankingType=itf&take=100&skip=100&isOrderAscending=true,2026-09-29T13:03:51.293Z
2026-09-28,M,162,800673010,Skander Nsairi,TUN,Tunisia,2009,530,https://www.itftennis.com/tennis/api/PlayerRankApi/GetPlayerRankings?circuitCode=JT&playerTypeCode=B&ageCategoryCode=&juniorRankingType=itf&take=100&skip=100&isOrderAscending=true,2026-09-29T13:03:51.293Z
2026-09-28,M,163,800632039,ARADHYA KSHITIJ,IND,India,2008,529,https://www.itftennis.com/tennis/api/PlayerRankApi/GetPlayerRankings?circuitCode=JT&playerTypeCode=B&ageCategoryCode=&juniorRankingType=itf&take=100&skip=100&isOrderAscending=true,2026-09-29T13:03:51.293Z
2026-09-28,M,164,800592750,Davide Ciaschetti,ITA,Italy,2008,521.75,https://www.itftennis.com/tennis/api/PlayerRankApi/GetPlayerRankings?circuitCode=JT&playerTypeCode=B&ageCategoryCode=&juniorRankingType=itf&take=100&skip=100&isOrderAscending=true,2026-09-29T13:03:51.293Z
2026-09-28,M,165,800631785,Omar Kandil,EGY,Egypt,2009,521,https://www.itftennis.com/tennis/api/PlayerRankApi/GetPlayerRankings?circuitCode=JT&playerTypeCode=B&ageCategoryCode=&juniorRankingType=itf&take=100&skip=100&isOrderAscending=true,2026-09-29T13:03:51.293Z
2026-09-28,M,166,800793938,Mohamed Genidy,EGY,Egypt,2011,519.25,https://www.itftennis.com/tennis/api/PlayerRankApi/GetPlayerRankings?circuitCode=JT&playerTypeCode=B&ageCategoryCode=&juniorRankingType=itf&take=100&skip=100&isOrderAscending=true,2026-09-29T13:03:51.293Z
2026-09-28,M,167,800719604,Akhmadi Makhanov,KAZ,Kazakhstan,2011,516.5,https://www.itftennis.com/tennis/api/PlayerRankApi/GetPlayerRankings?circuitCode=JT&playerTypeCode=B&ageCategoryCode=&juniorRankingType=itf&take=100&skip=100&isOrderAscending=true,2026-09-29T13:03:51.293Z
2026-09-28,M,168,800680243,Tavish Pahwa,IND,India,2010,513.5,https://www.itftennis.com/tennis/api/PlayerRankApi/GetPlayerRankings?circuitCode=JT&playerTypeCode=B&ageCategoryCode=&juniorRankingType=itf&take=100&skip=100&isOrderAscending=true,2026-09-29T13:03:51.293Z
2026-09-28,M,169,800597356,Oliver Page,GBR,Great Britain,2008,510.25,https://www.itftennis.com/tennis/api/PlayerRankApi/GetPlayerRankings?circuitCode=JT&playerTypeCode=B&ageCategoryCode=&juniorRankingType=itf&take=100&skip=100&isOrderAscending=true,2026-09-29T13:03:51.293Z
2026-09-28,M,170,800627137,Yuta Amano,JPN,Japan,2009,508.25,https://www.itftennis.com/tennis/api/PlayerRankApi/GetPlayerRankings?circuitCode=JT&playerTypeCode=B&ageCategoryCode=&juniorRankingType=itf&take=100&skip=100&isOrderAscending=true,2026-09-29T13:03:51.293Z
2026-09-28,M,171,800667359,Seung-Min Oh,KOR,"Korea, Rep.",2009,505.5,https://www.itftennis.com/tennis/api/PlayerRankApi/GetPlayerRankings?circuitCode=JT&playerTypeCode=B&ageCategoryCode=&juniorRankingType=itf&take=100&skip=100&isOrderAscending=true,2026-09-29T13:03:51.293Z
2026-09-28,M,172,800698558,Dongjae Kim,KOR,"Korea, Rep.",2010,504.75,https://www.itftennis.com/tennis/api/PlayerRankApi/GetPlayerRankings?circuitCode=JT&playerTypeCode=B&ageCategoryCode=&juniorRankingType=itf&take=100&skip=100&isOrderAscending=true,2026-09-29T13:03:51.293Z
2026-09-28,M,173,800709481,Riku Nakamoto,JPN,Japan,2009,503,https://www.itftennis.com/tennis/api/PlayerRankApi/GetPlayerRankings?circuitCode=JT&playerTypeCode=B&ageCategoryCode=&juniorRankingType=itf&take=100&skip=100&isOrderAscending=true,2026-09-29T13:03:51.293Z
2026-09-28,M,174,800726991,Hanlei Lu,CHN,"China, P.R.",2009,494,https://www.itftennis.com/tennis/api/PlayerRankApi/GetPlayerRankings?circuitCode=JT&playerTypeCode=B&ageCategoryCode=&juniorRankingType=itf&take=100&skip=100&isOrderAscending=true,2026-09-29T13:03:51.293Z
2026-09-28,M,175,800667575,Alexandr Tiutchenko,UKR,Ukraine,2010,493.5,https://www.itftennis.com/tennis/api/PlayerRankApi/GetPlayerRankings?circuitCode=JT&playerTypeCode=B&ageCategoryCode=&juniorRankingType=itf&take=100&skip=100&isOrderAscending=true,2026-09-29T13:03:51.293Z
2026-09-28,M,176,800682637,Mason Taube,USA,USA,2008,493.25,https://www.itftennis.com/tennis/api/PlayerRankApi/GetPlayerRankings?circuitCode=JT&playerTypeCode=B&ageCategoryCode=&juniorRankingType=itf&take=100&skip=100&isOrderAscending=true,2026-09-29T13:03:51.293Z
2026-09-28,M,177,800576465,Marcell Kovacs,HUN,Hungary,2008,487,https://www.itftennis.com/tennis/api/PlayerRankApi/GetPlayerRankings?circuitCode=JT&playerTypeCode=B&ageCategoryCode=&juniorRankingType=itf&take=100&skip=100&isOrderAscending=true,2026-09-29T13:03:51.293Z
2026-09-28,M,178,800708219,Marwan Ehab,EGY,Egypt,2008,482.5,https://www.itftennis.com/tennis/api/PlayerRankApi/GetPlayerRankings?circuitCode=JT&playerTypeCode=B&ageCategoryCode=&juniorRankingType=itf&take=100&skip=100&isOrderAscending=true,2026-09-29T13:03:51.293Z
2026-09-28,M,179,800694428,Guy Leviner,ISR,Israel,2009,480.25,https://www.itftennis.com/tennis/api/PlayerRankApi/GetPlayerRankings?circuitCode=JT&playerTypeCode=B&ageCategoryCode=&juniorRankingType=itf&take=100&skip=100&isOrderAscending=true,2026-09-29T13:03:51.293Z
2026-09-28,M,180,800646359,Eyad Reda Ezzat Mohamed Sherif,EGY,Egypt,2008,479.5,https://www.itftennis.com/tennis/api/PlayerRankApi/GetPlayerRankings?circuitCode=JT&playerTypeCode=B&ageCategoryCode=&juniorRankingType=itf&take=100&skip=100&isOrderAscending=true,2026-09-29T13:03:51.293Z
2026-09-28,M,181,800583661,Mickael Kaouk,FRA,France,2008,477.75,https://www.itftennis.com/tennis/api/PlayerRankApi/GetPlayerRankings?circuitCode=JT&playerTypeCode=B&ageCategoryCode=&juniorRankingType=itf&take=100&skip=100&isOrderAscending=true,2026-09-29T13:03:51.293Z
2026-09-28,M,182,800670641,Rafalentino Ali Da Costa,INA,Indonesia,2010,475,https://www.itftennis.com/tennis/api/PlayerRankApi/GetPlayerRankings?circuitCode=JT&playerTypeCode=B&ageCategoryCode=&juniorRankingType=itf&take=100&skip=100&isOrderAscending=true,2026-09-29T13:03:51.293Z
2026-09-28,M,183,800680716,Mauricio Schtulmann Gasca,MEX,Mexico,2008,474.5,https://www.itftennis.com/tennis/api/PlayerRankApi/GetPlayerRankings?circuitCode=JT&playerTypeCode=B&ageCategoryCode=&juniorRankingType=itf&take=100&skip=100&isOrderAscending=true,2026-09-29T13:03:51.293Z
2026-09-28,M,184,800739583,Yoshihiro Sakurai,JPN,Japan,2009,473.5,https://www.itftennis.com/tennis/api/PlayerRankApi/GetPlayerRankings?circuitCode=JT&playerTypeCode=B&ageCategoryCode=&juniorRankingType=itf&take=100&skip=100&isOrderAscending=true,2026-09-29T13:03:51.293Z
2026-09-28,M,185,800599048,Wonmin Kim,KOR,"Korea, Rep.",2009,472,https://www.itftennis.com/tennis/api/PlayerRankApi/GetPlayerRankings?circuitCode=JT&playerTypeCode=B&ageCategoryCode=&juniorRankingType=itf&take=100&skip=100&isOrderAscending=true,2026-09-29T13:03:51.293Z
2026-09-28,M,186,800712329,Charles Minvielle,USA,USA,2009,470,https://www.itftennis.com/tennis/api/PlayerRankApi/GetPlayerRankings?circuitCode=JT&playerTypeCode=B&ageCategoryCode=&juniorRankingType=itf&take=100&skip=100&isOrderAscending=true,2026-09-29T13:03:51.293Z
2026-09-28,M,187,800638951,Philip Niederle,AUT,Austria,2008,469.25,https://www.itftennis.com/tennis/api/PlayerRankApi/GetPlayerRankings?circuitCode=JT&playerTypeCode=B&ageCategoryCode=&juniorRankingType=itf&take=100&skip=100&isOrderAscending=true,2026-09-29T13:03:51.293Z
2026-09-28,M,188,800678627,Jayden Summers,RSA,South Africa,2008,468.75,https://www.itftennis.com/tennis/api/PlayerRankApi/GetPlayerRankings?circuitCode=JT&playerTypeCode=B&ageCategoryCode=&juniorRankingType=itf&take=100&skip=100&isOrderAscending=true,2026-09-29T13:03:51.293Z
2026-09-28,M,189,800710579,Tomas Dummer Macedo,BRA,Brazil,2008,468.5,https://www.itftennis.com/tennis/api/PlayerRankApi/GetPlayerRankings?circuitCode=JT&playerTypeCode=B&ageCategoryCode=&juniorRankingType=itf&take=100&skip=100&isOrderAscending=true,2026-09-29T13:03:51.293Z
2026-09-28,M,190,800692811,Ford McCollum,USA,USA,2008,468.5,https://www.itftennis.com/tennis/api/PlayerRankApi/GetPlayerRankings?circuitCode=JT&playerTypeCode=B&ageCategoryCode=&juniorRankingType=itf&take=100&skip=100&isOrderAscending=true,2026-09-29T13:03:51.293Z
2026-09-28,M,191,800711046,Caden Colburne,CAN,Canada,2009,466.75,https://www.itftennis.com/tennis/api/PlayerRankApi/GetPlayerRankings?circuitCode=JT&playerTypeCode=B&ageCategoryCode=&juniorRankingType=itf&take=100&skip=100&isOrderAscending=true,2026-09-29T13:03:51.293Z
2026-09-28,M,192,800660621,Louis Mouffe,BEL,Belgium,2009,466,https://www.itftennis.com/tennis/api/PlayerRankApi/GetPlayerRankings?circuitCode=JT&playerTypeCode=B&ageCategoryCode=&juniorRankingType=itf&take=100&skip=100&isOrderAscending=true,2026-09-29T13:03:51.293Z
2026-09-28,M,193,800655677,Sebastian Tejerina,POL,Poland,2010,465.5,https://www.itftennis.com/tennis/api/PlayerRankApi/GetPlayerRankings?circuitCode=JT&playerTypeCode=B&ageCategoryCode=&juniorRankingType=itf&take=100&skip=100&isOrderAscending=true,2026-09-29T13:03:51.293Z
2026-09-28,M,194,800584132,Ramazan Kaan Oktay,TUR,Turkiye,2008,463.75,https://www.itftennis.com/tennis/api/PlayerRankApi/GetPlayerRankings?circuitCode=JT&playerTypeCode=B&ageCategoryCode=&juniorRankingType=itf&take=100&skip=100&isOrderAscending=true,2026-09-29T13:03:51.293Z
2026-09-28,M,195,800747700,Raphael Savelli,AUS,Australia,2010,461,https://www.itftennis.com/tennis/api/PlayerRankApi/GetPlayerRankings?circuitCode=JT&playerTypeCode=B&ageCategoryCode=&juniorRankingType=itf&take=100&skip=100&isOrderAscending=true,2026-09-29T13:03:51.293Z
2026-09-28,M,196,800583809,Damien Clerc,FRA,France,2008,459.5,https://www.itftennis.com/tennis/api/PlayerRankApi/GetPlayerRankings?circuitCode=JT&playerTypeCode=B&ageCategoryCode=&juniorRankingType=itf&take=100&skip=100&isOrderAscending=true,2026-09-29T13:03:51.293Z
2026-09-28,M,197,800772607,Felix Raser,AUT,Austria,2009,456.25,https://www.itftennis.com/tennis/api/PlayerRankApi/GetPlayerRankings?circuitCode=JT&playerTypeCode=B&ageCategoryCode=&juniorRankingType=itf&take=100&skip=100&isOrderAscending=true,2026-09-29T13:03:51.293Z
2026-09-28,M,198,800696001,Carlos Eduardo Lino,BRA,Brazil,2009,456,https://www.itftennis.com/tennis/api/PlayerRankApi/GetPlayerRankings?circuitCode=JT&playerTypeCode=B&ageCategoryCode=&juniorRankingType=itf&take=100&skip=100&isOrderAscending=true,2026-09-29T13:03:51.293Z
2026-09-28,M,199,800652665,Alexander Kunitsyn,RUS,Russia,2010,453,https://www.itftennis.com/tennis/api/PlayerRankApi/GetPlayerRankings?circuitCode=JT&playerTypeCode=B&ageCategoryCode=&juniorRankingType=itf&take=100&skip=100&isOrderAscending=true,2026-09-29T13:03:51.293Z
2026-09-28,M,200,800598010,Andrea Baudel,FRA,France,2009,451,https://www.itftennis.com/tennis/api/PlayerRankApi/GetPlayerRankings?circuitCode=JT&playerTypeCode=B&ageCategoryCode=&juniorRankingType=itf&take=100&skip=100&isOrderAscending=true,2026-09-29T13:03:51.293Z
2026-09-28,M,201,800659871,Felipe Mamede,BRA,Brazil,2009,450.75,https://www.itftennis.com/tennis/api/PlayerRankApi/GetPlayerRankings?circuitCode=JT&playerTypeCode=B&ageCategoryCode=&juniorRankingType=itf&take=100&skip=200&isOrderAscending=true,2026-09-29T13:03:52.645Z
2026-09-28,M,202,800698197,Enrique Carrascosa Diaz,ESP,Spain,2008,448.75,https://www.itftennis.com/tennis/api/PlayerRankApi/GetPlayerRankings?circuitCode=JT&playerTypeCode=B&ageCategoryCode=&juniorRankingType=itf&take=100&skip=200&isOrderAscending=true,2026-09-29T13:03:52.645Z
2026-09-28,M,203,800742825,Antoine Clavel,CAN,Canada,2009,448.5,https://www.itftennis.com/tennis/api/PlayerRankApi/GetPlayerRankings?circuitCode=JT&playerTypeCode=B&ageCategoryCode=&juniorRankingType=itf&take=100&skip=200&isOrderAscending=true,2026-09-29T13:03:52.645Z
2026-09-28,M,204,800595074,Tommaso Pedretti,ITA,Italy,2009,445.5,https://www.itftennis.com/tennis/api/PlayerRankApi/GetPlayerRankings?circuitCode=JT&playerTypeCode=B&ageCategoryCode=&juniorRankingType=itf&take=100&skip=200&isOrderAscending=true,2026-09-29T13:03:52.645Z
2026-09-28,M,205,800639390,Vincent Fletcher,GBR,Great Britain,2009,445,https://www.itftennis.com/tennis/api/PlayerRankApi/GetPlayerRankings?circuitCode=JT&playerTypeCode=B&ageCategoryCode=&juniorRankingType=itf&take=100&skip=200&isOrderAscending=true,2026-09-29T13:03:52.645Z
2026-09-28,M,206,800597380,Dani Szabo,CAN,Canada,2008,442,https://www.itftennis.com/tennis/api/PlayerRankApi/GetPlayerRankings?circuitCode=JT&playerTypeCode=B&ageCategoryCode=&juniorRankingType=itf&take=100&skip=200&isOrderAscending=true,2026-09-29T13:03:52.645Z
2026-09-28,M,207,800581740,Siu Chi Nicholas Cheng,HKG,"Hong Kong, China",2008,439.25,https://www.itftennis.com/tennis/api/PlayerRankApi/GetPlayerRankings?circuitCode=JT&playerTypeCode=B&ageCategoryCode=&juniorRankingType=itf&take=100&skip=200&isOrderAscending=true,2026-09-29T13:03:52.645Z
2026-09-28,M,208,800712737,Har Abir Sekhon,AUS,Australia,2010,437.25,https://www.itftennis.com/tennis/api/PlayerRankApi/GetPlayerRankings?circuitCode=JT&playerTypeCode=B&ageCategoryCode=&juniorRankingType=itf&take=100&skip=200&isOrderAscending=true,2026-09-29T13:03:52.645Z
2026-09-28,M,209,800684620,Cody Atkinson,NZL,New Zealand,2008,436.5,https://www.itftennis.com/tennis/api/PlayerRankApi/GetPlayerRankings?circuitCode=JT&playerTypeCode=B&ageCategoryCode=&juniorRankingType=itf&take=100&skip=200&isOrderAscending=true,2026-09-29T13:03:52.645Z
2026-09-28,M,210,800725608,Kayden Colombo,USA,USA,2009,436.25,https://www.itftennis.com/tennis/api/PlayerRankApi/GetPlayerRankings?circuitCode=JT&playerTypeCode=B&ageCategoryCode=&juniorRankingType=itf&take=100&skip=200&isOrderAscending=true,2026-09-29T13:03:52.645Z
2026-09-28,M,211,800783864,Aleix Galindo Puig,ESP,Spain,2009,434,https://www.itftennis.com/tennis/api/PlayerRankApi/GetPlayerRankings?circuitCode=JT&playerTypeCode=B&ageCategoryCode=&juniorRankingType=itf&take=100&skip=200&isOrderAscending=true,2026-09-29T13:03:52.645Z
2026-09-28,M,212,800576611,Jaron Held,GER,Germany,2008,433.5,https://www.itftennis.com/tennis/api/PlayerRankApi/GetPlayerRankings?circuitCode=JT&playerTypeCode=B&ageCategoryCode=&juniorRankingType=itf&take=100&skip=200&isOrderAscending=true,2026-09-29T13:03:52.645Z
2026-09-28,M,213,800576610,Pavel Skvortcov,RUS,Russia,2008,430.25,https://www.itftennis.com/tennis/api/PlayerRankApi/GetPlayerRankings?circuitCode=JT&playerTypeCode=B&ageCategoryCode=&juniorRankingType=itf&take=100&skip=200&isOrderAscending=true,2026-09-29T13:03:52.645Z
2026-09-28,M,214,800800115,Sebastian Inaki Godoy,USA,USA,2009,429.75,https://www.itftennis.com/tennis/api/PlayerRankApi/GetPlayerRankings?circuitCode=JT&playerTypeCode=B&ageCategoryCode=&juniorRankingType=itf&take=100&skip=200&isOrderAscending=true,2026-09-29T13:03:52.645Z
2026-09-28,M,215,800717591,Dmytro Vterkovskiy,UKR,Ukraine,2008,429.5,https://www.itftennis.com/tennis/api/PlayerRankApi/GetPlayerRankings?circuitCode=JT&playerTypeCode=B&ageCategoryCode=&juniorRankingType=itf&take=100&skip=200&isOrderAscending=true,2026-09-29T13:03:52.645Z
2026-09-28,M,216,800654251,Djordje Sapic,SRB,Serbia,2009,429.5,https://www.itftennis.com/tennis/api/PlayerRankApi/GetPlayerRankings?circuitCode=JT&playerTypeCode=B&ageCategoryCode=&juniorRankingType=itf&take=100&skip=200&isOrderAscending=true,2026-09-29T13:03:52.645Z
2026-09-28,M,217,800719071,Theo Hegarty,USA,USA,2008,429,https://www.itftennis.com/tennis/api/PlayerRankApi/GetPlayerRankings?circuitCode=JT&playerTypeCode=B&ageCategoryCode=&juniorRankingType=itf&take=100&skip=200&isOrderAscending=true,2026-09-29T13:03:52.645Z
2026-09-28,M,218,800661541,Danila Kvasov,UZB,Uzbekistan,2008,427,https://www.itftennis.com/tennis/api/PlayerRankApi/GetPlayerRankings?circuitCode=JT&playerTypeCode=B&ageCategoryCode=&juniorRankingType=itf&take=100&skip=200&isOrderAscending=true,2026-09-29T13:03:52.645Z
2026-09-28,M,219,800727133,Goncalo Da Rosa Castro,POR,Portugal,2008,426.75,https://www.itftennis.com/tennis/api/PlayerRankApi/GetPlayerRankings?circuitCode=JT&playerTypeCode=B&ageCategoryCode=&juniorRankingType=itf&take=100&skip=200&isOrderAscending=true,2026-09-29T13:03:52.645Z
2026-09-28,M,220,800708478,Kensuke Kobayashi,JPN,Japan,2009,426,https://www.itftennis.com/tennis/api/PlayerRankApi/GetPlayerRankings?circuitCode=JT&playerTypeCode=B&ageCategoryCode=&juniorRankingType=itf&take=100&skip=200&isOrderAscending=true,2026-09-29T13:03:52.645Z
2026-09-28,M,221,800685006,quincy yao,CAN,Canada,2008,425.5,https://www.itftennis.com/tennis/api/PlayerRankApi/GetPlayerRankings?circuitCode=JT&playerTypeCode=B&ageCategoryCode=&juniorRankingType=itf&take=100&skip=200&isOrderAscending=true,2026-09-29T13:03:52.645Z
2026-09-28,M,222,800705065,Nikolas Baker,AUS,Australia,2009,423.5,https://www.itftennis.com/tennis/api/PlayerRankApi/GetPlayerRankings?circuitCode=JT&playerTypeCode=B&ageCategoryCode=&juniorRankingType=itf&take=100&skip=200&isOrderAscending=true,2026-09-29T13:03:52.645Z
2026-09-28,M,223,800603213,Eoghan Jennings,IRL,Ireland,2008,422.75,https://www.itftennis.com/tennis/api/PlayerRankApi/GetPlayerRankings?circuitCode=JT&playerTypeCode=B&ageCategoryCode=&juniorRankingType=itf&take=100&skip=200&isOrderAscending=true,2026-09-29T13:03:52.645Z
2026-09-28,M,224,800791730,Tristan Stratton,USA,USA,2009,422.25,https://www.itftennis.com/tennis/api/PlayerRankApi/GetPlayerRankings?circuitCode=JT&playerTypeCode=B&ageCategoryCode=&juniorRankingType=itf&take=100&skip=200&isOrderAscending=true,2026-09-29T13:03:52.645Z
2026-09-28,M,225,800719079,SOTA KAGAWA,JPN,Japan,2009,415.75,https://www.itftennis.com/tennis/api/PlayerRankApi/GetPlayerRankings?circuitCode=JT&playerTypeCode=B&ageCategoryCode=&juniorRankingType=itf&take=100&skip=200&isOrderAscending=true,2026-09-29T13:03:52.645Z
2026-09-28,M,226,800683991,Seifelden Mostafa Samih,EGY,Egypt,2008,408.75,https://www.itftennis.com/tennis/api/PlayerRankApi/GetPlayerRankings?circuitCode=JT&playerTypeCode=B&ageCategoryCode=&juniorRankingType=itf&take=100&skip=200&isOrderAscending=true,2026-09-29T13:03:52.645Z
2026-09-28,M,227,800678202,Benjamin Chelia,ARG,Argentina,2008,407,https://www.itftennis.com/tennis/api/PlayerRankApi/GetPlayerRankings?circuitCode=JT&playerTypeCode=B&ageCategoryCode=&juniorRankingType=itf&take=100&skip=200&isOrderAscending=true,2026-09-29T13:03:52.645Z
2026-09-28,M,228,800778647,Rowan Qalbani,USA,USA,2009,403,https://www.itftennis.com/tennis/api/PlayerRankApi/GetPlayerRankings?circuitCode=JT&playerTypeCode=B&ageCategoryCode=&juniorRankingType=itf&take=100&skip=200&isOrderAscending=true,2026-09-29T13:03:52.645Z
2026-09-28,M,229,800601986,Nikolai Shibani,NOR,Norway,2008,402,https://www.itftennis.com/tennis/api/PlayerRankApi/GetPlayerRankings?circuitCode=JT&playerTypeCode=B&ageCategoryCode=&juniorRankingType=itf&take=100&skip=200&isOrderAscending=true,2026-09-29T13:03:52.645Z
2026-09-28,M,230,800637063,Jan Chlodnicki,POL,Poland,2008,400.75,https://www.itftennis.com/tennis/api/PlayerRankApi/GetPlayerRankings?circuitCode=JT&playerTypeCode=B&ageCategoryCode=&juniorRankingType=itf&take=100&skip=200&isOrderAscending=true,2026-09-29T13:03:52.645Z
2026-09-28,M,231,800667741,Yassin Ahmed Wageh,EGY,Egypt,2008,400,https://www.itftennis.com/tennis/api/PlayerRankApi/GetPlayerRankings?circuitCode=JT&playerTypeCode=B&ageCategoryCode=&juniorRankingType=itf&take=100&skip=200&isOrderAscending=true,2026-09-29T13:03:52.645Z
2026-09-28,M,232,800676373,Matyas Marsik,CZE,Czechia,2010,399.5,https://www.itftennis.com/tennis/api/PlayerRankApi/GetPlayerRankings?circuitCode=JT&playerTypeCode=B&ageCategoryCode=&juniorRankingType=itf&take=100&skip=200&isOrderAscending=true,2026-09-29T13:03:52.645Z
2026-09-28,M,233,800664204,Hryhorii Kartavenko,UKR,Ukraine,2008,397.5,https://www.itftennis.com/tennis/api/PlayerRankApi/GetPlayerRankings?circuitCode=JT&playerTypeCode=B&ageCategoryCode=&juniorRankingType=itf&take=100&skip=200&isOrderAscending=true,2026-09-29T13:03:52.645Z
2026-09-28,M,234,800653766,Moritz Glauser,LIE,Liechtenstein,2009,397.5,https://www.itftennis.com/tennis/api/PlayerRankApi/GetPlayerRankings?circuitCode=JT&playerTypeCode=B&ageCategoryCode=&juniorRankingType=itf&take=100&skip=200&isOrderAscending=true,2026-09-29T13:03:52.645Z
2026-09-28,M,235,800655675,Diego Ignacio Gomez Pajares,PER,Peru,2009,397.5,https://www.itftennis.com/tennis/api/PlayerRankApi/GetPlayerRankings?circuitCode=JT&playerTypeCode=B&ageCategoryCode=&juniorRankingType=itf&take=100&skip=200&isOrderAscending=true,2026-09-29T13:03:52.645Z
2026-09-28,M,236,800721308,William McEwan,USA,USA,2008,396.75,https://www.itftennis.com/tennis/api/PlayerRankApi/GetPlayerRankings?circuitCode=JT&playerTypeCode=B&ageCategoryCode=&juniorRankingType=itf&take=100&skip=200&isOrderAscending=true,2026-09-29T13:03:52.645Z
2026-09-28,M,237,800661552,Pavle Stojiljkovic,SRB,Serbia,2010,393.5,https://www.itftennis.com/tennis/api/PlayerRankApi/GetPlayerRankings?circuitCode=JT&playerTypeCode=B&ageCategoryCode=&juniorRankingType=itf&take=100&skip=200&isOrderAscending=true,2026-09-29T13:03:52.645Z
2026-09-28,M,238,800647226,Tomas Laukys,USA,USA,2010,389.5,https://www.itftennis.com/tennis/api/PlayerRankApi/GetPlayerRankings?circuitCode=JT&playerTypeCode=B&ageCategoryCode=&juniorRankingType=itf&take=100&skip=200&isOrderAscending=true,2026-09-29T13:03:52.645Z
2026-09-28,M,239,800688338,Love Nyqvist,SWE,Sweden,2008,388,https://www.itftennis.com/tennis/api/PlayerRankApi/GetPlayerRankings?circuitCode=JT&playerTypeCode=B&ageCategoryCode=&juniorRankingType=itf&take=100&skip=200&isOrderAscending=true,2026-09-29T13:03:52.645Z
2026-09-28,M,240,800654580,Vlad Secara,ROU,Romania,2009,387,https://www.itftennis.com/tennis/api/PlayerRankApi/GetPlayerRankings?circuitCode=JT&playerTypeCode=B&ageCategoryCode=&juniorRankingType=itf&take=100&skip=200&isOrderAscending=true,2026-09-29T13:03:52.645Z
2026-09-28,M,241,800591606,Ivan Makarov,RUS,Russia,2009,386.25,https://www.itftennis.com/tennis/api/PlayerRankApi/GetPlayerRankings?circuitCode=JT&playerTypeCode=B&ageCategoryCode=&juniorRankingType=itf&take=100&skip=200&isOrderAscending=true,2026-09-29T13:03:52.645Z
2026-09-28,M,242,800787844,Jan Psota,CZE,Czechia,2008,385.5,https://www.itftennis.com/tennis/api/PlayerRankApi/GetPlayerRankings?circuitCode=JT&playerTypeCode=B&ageCategoryCode=&juniorRankingType=itf&take=100&skip=200&isOrderAscending=true,2026-09-29T13:03:52.645Z
2026-09-28,M,243,800675623,Henrique Pissetti Vialle,BRA,Brazil,2010,379,https://www.itftennis.com/tennis/api/PlayerRankApi/GetPlayerRankings?circuitCode=JT&playerTypeCode=B&ageCategoryCode=&juniorRankingType=itf&take=100&skip=200&isOrderAscending=true,2026-09-29T13:03:52.645Z
2026-09-28,M,244,800716820,Gadin Arun,USA,USA,2010,378,https://www.itftennis.com/tennis/api/PlayerRankApi/GetPlayerRankings?circuitCode=JT&playerTypeCode=B&ageCategoryCode=&juniorRankingType=itf&take=100&skip=200&isOrderAscending=true,2026-09-29T13:03:52.645Z
2026-09-28,M,245,800643882,Egor Navrazidi,RUS,Russia,2009,375.5,https://www.itftennis.com/tennis/api/PlayerRankApi/GetPlayerRankings?circuitCode=JT&playerTypeCode=B&ageCategoryCode=&juniorRankingType=itf&take=100&skip=200&isOrderAscending=true,2026-09-29T13:03:52.645Z
2026-09-28,M,246,800630828,Ivan Dorokhov,RUS,Russia,2008,375,https://www.itftennis.com/tennis/api/PlayerRankApi/GetPlayerRankings?circuitCode=JT&playerTypeCode=B&ageCategoryCode=&juniorRankingType=itf&take=100&skip=200&isOrderAscending=true,2026-09-29T13:03:52.645Z
2026-09-28,M,247,800757256,Anay Kulkarni,USA,USA,2010,374.5,https://www.itftennis.com/tennis/api/PlayerRankApi/GetPlayerRankings?circuitCode=JT&playerTypeCode=B&ageCategoryCode=&juniorRankingType=itf&take=100&skip=200&isOrderAscending=true,2026-09-29T13:03:52.645Z
2026-09-28,M,248,800664214,Gabriel Niedermayr,AUT,Austria,2009,373.5,https://www.itftennis.com/tennis/api/PlayerRankApi/GetPlayerRankings?circuitCode=JT&playerTypeCode=B&ageCategoryCode=&juniorRankingType=itf&take=100&skip=200&isOrderAscending=true,2026-09-29T13:03:52.645Z
2026-09-28,M,249,800644047,Marco Meacci,ITA,Italy,2009,370.5,https://www.itftennis.com/tennis/api/PlayerRankApi/GetPlayerRankings?circuitCode=JT&playerTypeCode=B&ageCategoryCode=&juniorRankingType=itf&take=100&skip=200&isOrderAscending=true,2026-09-29T13:03:52.645Z
2026-09-28,M,250,800660842,Jost Pecovnik,SLO,Slovenia,2008,370.5,https://www.itftennis.com/tennis/api/PlayerRankApi/GetPlayerRankings?circuitCode=JT&playerTypeCode=B&ageCategoryCode=&juniorRankingType=itf&take=100&skip=200&isOrderAscending=true,2026-09-29T13:03:52.645Z
2026-09-28,M,251,800706150,Carlo Arena Fava,MEX,Mexico,2008,369,https://www.itftennis.com/tennis/api/PlayerRankApi/GetPlayerRankings?circuitCode=JT&playerTypeCode=B&ageCategoryCode=&juniorRankingType=itf&take=100&skip=200&isOrderAscending=true,2026-09-29T13:03:52.645Z
2026-09-28,M,252,800684025,Doruk Calikoglu,TUR,Turkiye,2008,366,https://www.itftennis.com/tennis/api/PlayerRankApi/GetPlayerRankings?circuitCode=JT&playerTypeCode=B&ageCategoryCode=&juniorRankingType=itf&take=100&skip=200&isOrderAscending=true,2026-09-29T13:03:52.645Z
2026-09-28,M,253,800586826,Gabriel Jalouneix,FRA,France,2008,362.5,https://www.itftennis.com/tennis/api/PlayerRankApi/GetPlayerRankings?circuitCode=JT&playerTypeCode=B&ageCategoryCode=&juniorRankingType=itf&take=100&skip=200&isOrderAscending=true,2026-09-29T13:03:52.645Z
2026-09-28,M,254,800601932,Alejandro Castellanos,COL,Colombia,2008,361.75,https://www.itftennis.com/tennis/api/PlayerRankApi/GetPlayerRankings?circuitCode=JT&playerTypeCode=B&ageCategoryCode=&juniorRankingType=itf&take=100&skip=200&isOrderAscending=true,2026-09-29T13:03:52.645Z
2026-09-28,M,255,800660572,Akmal Abdullaev,UZB,Uzbekistan,2009,361.5,https://www.itftennis.com/tennis/api/PlayerRankApi/GetPlayerRankings?circuitCode=JT&playerTypeCode=B&ageCategoryCode=&juniorRankingType=itf&take=100&skip=200&isOrderAscending=true,2026-09-29T13:03:52.645Z
2026-09-28,M,256,800713998,felipe gonzalez,ARG,Argentina,2008,360.5,https://www.itftennis.com/tennis/api/PlayerRankApi/GetPlayerRankings?circuitCode=JT&playerTypeCode=B&ageCategoryCode=&juniorRankingType=itf&take=100&skip=200&isOrderAscending=true,2026-09-29T13:03:52.645Z
2026-09-28,M,257,800583662,Se Hyuk Cho,KOR,"Korea, Rep.",2008,359.75,https://www.itftennis.com/tennis/api/PlayerRankApi/GetPlayerRankings?circuitCode=JT&playerTypeCode=B&ageCategoryCode=&juniorRankingType=itf&take=100&skip=200&isOrderAscending=true,2026-09-29T13:03:52.645Z
2026-09-28,M,258,800652444,Guilherme Barbieri Renner,BRA,Brazil,2008,358.5,https://www.itftennis.com/tennis/api/PlayerRankApi/GetPlayerRankings?circuitCode=JT&playerTypeCode=B&ageCategoryCode=&juniorRankingType=itf&take=100&skip=200&isOrderAscending=true,2026-09-29T13:03:52.645Z
2026-09-28,M,259,800672663,Andy Tchinda Kepche,CAN,Canada,2009,354.75,https://www.itftennis.com/tennis/api/PlayerRankApi/GetPlayerRankings?circuitCode=JT&playerTypeCode=B&ageCategoryCode=&juniorRankingType=itf&take=100&skip=200&isOrderAscending=true,2026-09-29T13:03:52.645Z
2026-09-28,M,260,800670945,JUNYA KAWAMURA,JPN,Japan,2010,351.75,https://www.itftennis.com/tennis/api/PlayerRankApi/GetPlayerRankings?circuitCode=JT&playerTypeCode=B&ageCategoryCode=&juniorRankingType=itf&take=100&skip=200&isOrderAscending=true,2026-09-29T13:03:52.645Z
2026-09-28,M,261,800665745,Luka Ceramilac,SRB,Serbia,2009,350,https://www.itftennis.com/tennis/api/PlayerRankApi/GetPlayerRankings?circuitCode=JT&playerTypeCode=B&ageCategoryCode=&juniorRankingType=itf&take=100&skip=200&isOrderAscending=true,2026-09-29T13:03:52.645Z
2026-09-28,M,262,800586905,Fedor Altukhov,RUS,Russia,2008,349.75,https://www.itftennis.com/tennis/api/PlayerRankApi/GetPlayerRankings?circuitCode=JT&playerTypeCode=B&ageCategoryCode=&juniorRankingType=itf&take=100&skip=200&isOrderAscending=true,2026-09-29T13:03:52.645Z
2026-09-28,M,263,800677723,Filip Malis,CAN,Canada,2009,347,https://www.itftennis.com/tennis/api/PlayerRankApi/GetPlayerRankings?circuitCode=JT&playerTypeCode=B&ageCategoryCode=&juniorRankingType=itf&take=100&skip=200&isOrderAscending=true,2026-09-29T13:03:52.645Z
2026-09-28,M,264,800664945,Istvan Damjan Mokan,HUN,Hungary,2010,344,https://www.itftennis.com/tennis/api/PlayerRankApi/GetPlayerRankings?circuitCode=JT&playerTypeCode=B&ageCategoryCode=&juniorRankingType=itf&take=100&skip=200&isOrderAscending=true,2026-09-29T13:03:52.645Z
2026-09-28,M,265,800705403,Koyu Yanagi,JPN,Japan,2009,343.5,https://www.itftennis.com/tennis/api/PlayerRankApi/GetPlayerRankings?circuitCode=JT&playerTypeCode=B&ageCategoryCode=&juniorRankingType=itf&take=100&skip=200&isOrderAscending=true,2026-09-29T13:03:52.645Z
2026-09-28,M,266,800710317,Makhmudbek Beknazarov,UZB,Uzbekistan,2010,343.5,https://www.itftennis.com/tennis/api/PlayerRankApi/GetPlayerRankings?circuitCode=JT&playerTypeCode=B&ageCategoryCode=&juniorRankingType=itf&take=100&skip=200&isOrderAscending=true,2026-09-29T13:03:52.645Z
2026-09-28,M,267,800733684,Jian Huang,CHN,"China, P.R.",2008,342,https://www.itftennis.com/tennis/api/PlayerRankApi/GetPlayerRankings?circuitCode=JT&playerTypeCode=B&ageCategoryCode=&juniorRankingType=itf&take=100&skip=200&isOrderAscending=true,2026-09-29T13:03:52.645Z
2026-09-28,M,268,800683679,Miko Koeppen,GER,Germany,2010,341.5,https://www.itftennis.com/tennis/api/PlayerRankApi/GetPlayerRankings?circuitCode=JT&playerTypeCode=B&ageCategoryCode=&juniorRankingType=itf&take=100&skip=200&isOrderAscending=true,2026-09-29T13:03:52.645Z
2026-09-28,M,269,800742444,Victor Pignaton,BRA,Brazil,2010,341,https://www.itftennis.com/tennis/api/PlayerRankApi/GetPlayerRankings?circuitCode=JT&playerTypeCode=B&ageCategoryCode=&juniorRankingType=itf&take=100&skip=200&isOrderAscending=true,2026-09-29T13:03:52.645Z
2026-09-28,M,270,800586416,Alan Aiukhanov,RUS,Russia,2008,339.25,https://www.itftennis.com/tennis/api/PlayerRankApi/GetPlayerRankings?circuitCode=JT&playerTypeCode=B&ageCategoryCode=&juniorRankingType=itf&take=100&skip=200&isOrderAscending=true,2026-09-29T13:03:52.645Z
2026-09-28,M,271,800631654,Lilian Chidekh,FRA,France,2009,337.5,https://www.itftennis.com/tennis/api/PlayerRankApi/GetPlayerRankings?circuitCode=JT&playerTypeCode=B&ageCategoryCode=&juniorRankingType=itf&take=100&skip=200&isOrderAscending=true,2026-09-29T13:03:52.645Z
2026-09-28,M,272,800736018,Colter Amey,USA,USA,2009,333.25,https://www.itftennis.com/tennis/api/PlayerRankApi/GetPlayerRankings?circuitCode=JT&playerTypeCode=B&ageCategoryCode=&juniorRankingType=itf&take=100&skip=200&isOrderAscending=true,2026-09-29T13:03:52.645Z
2026-09-28,M,273,800688594,Evan Simon,FRA,France,2008,332.5,https://www.itftennis.com/tennis/api/PlayerRankApi/GetPlayerRankings?circuitCode=JT&playerTypeCode=B&ageCategoryCode=&juniorRankingType=itf&take=100&skip=200&isOrderAscending=true,2026-09-29T13:03:52.645Z
2026-09-28,M,274,800661196,Luca Cosimi,ITA,Italy,2009,331.75,https://www.itftennis.com/tennis/api/PlayerRankApi/GetPlayerRankings?circuitCode=JT&playerTypeCode=B&ageCategoryCode=&juniorRankingType=itf&take=100&skip=200&isOrderAscending=true,2026-09-29T13:03:52.645Z
2026-09-28,M,275,800654547,Fabio Zavalaga Uculmana,PER,Peru,2009,330.5,https://www.itftennis.com/tennis/api/PlayerRankApi/GetPlayerRankings?circuitCode=JT&playerTypeCode=B&ageCategoryCode=&juniorRankingType=itf&take=100&skip=200&isOrderAscending=true,2026-09-29T13:03:52.645Z
2026-09-28,M,276,800675182,Ansar Niyetkaliyev,KAZ,Kazakhstan,2010,330,https://www.itftennis.com/tennis/api/PlayerRankApi/GetPlayerRankings?circuitCode=JT&playerTypeCode=B&ageCategoryCode=&juniorRankingType=itf&take=100&skip=200&isOrderAscending=true,2026-09-29T13:03:52.645Z
2026-09-28,M,277,800749558,Robert McAdoo,USA,USA,2009,329.25,https://www.itftennis.com/tennis/api/PlayerRankApi/GetPlayerRankings?circuitCode=JT&playerTypeCode=B&ageCategoryCode=&juniorRankingType=itf&take=100&skip=200&isOrderAscending=true,2026-09-29T13:03:52.645Z
2026-09-28,M,278,800684304,Henrique Queiroz,BRA,Brazil,2008,329,https://www.itftennis.com/tennis/api/PlayerRankApi/GetPlayerRankings?circuitCode=JT&playerTypeCode=B&ageCategoryCode=&juniorRankingType=itf&take=100&skip=200&isOrderAscending=true,2026-09-29T13:03:52.645Z
2026-09-28,M,279,800621194,Aleksey Petushynskyy,UKR,Ukraine,2009,329,https://www.itftennis.com/tennis/api/PlayerRankApi/GetPlayerRankings?circuitCode=JT&playerTypeCode=B&ageCategoryCode=&juniorRankingType=itf&take=100&skip=200&isOrderAscending=true,2026-09-29T13:03:52.645Z
2026-09-28,M,280,800708152,Daniel Brink,RSA,South Africa,2010,328.25,https://www.itftennis.com/tennis/api/PlayerRankApi/GetPlayerRankings?circuitCode=JT&playerTypeCode=B&ageCategoryCode=&juniorRankingType=itf&take=100&skip=200&isOrderAscending=true,2026-09-29T13:03:52.645Z
2026-09-28,M,281,800668605,Alex Mirrington,GBR,Great Britain,2009,327.75,https://www.itftennis.com/tennis/api/PlayerRankApi/GetPlayerRankings?circuitCode=JT&playerTypeCode=B&ageCategoryCode=&juniorRankingType=itf&take=100&skip=200&isOrderAscending=true,2026-09-29T13:03:52.645Z
2026-09-28,M,282,800642824,Oliver Andre Solis Encinas,BOL,Bolivia,2009,327.5,https://www.itftennis.com/tennis/api/PlayerRankApi/GetPlayerRankings?circuitCode=JT&playerTypeCode=B&ageCategoryCode=&juniorRankingType=itf&take=100&skip=200&isOrderAscending=true,2026-09-29T13:03:52.645Z
2026-09-28,M,283,800675433,Jorge Martinez Vasquez,ESP,Spain,2009,326.25,https://www.itftennis.com/tennis/api/PlayerRankApi/GetPlayerRankings?circuitCode=JT&playerTypeCode=B&ageCategoryCode=&juniorRankingType=itf&take=100&skip=200&isOrderAscending=true,2026-09-29T13:03:52.645Z
2026-09-28,M,284,800646430,Nicolas Fays,BEL,Belgium,2008,325,https://www.itftennis.com/tennis/api/PlayerRankApi/GetPlayerRankings?circuitCode=JT&playerTypeCode=B&ageCategoryCode=&juniorRankingType=itf&take=100&skip=200&isOrderAscending=true,2026-09-29T13:03:52.645Z
2026-09-28,M,285,800711438,DEMIAN AGUSTIN LUNA,ARG,Argentina,2010,323.5,https://www.itftennis.com/tennis/api/PlayerRankApi/GetPlayerRankings?circuitCode=JT&playerTypeCode=B&ageCategoryCode=&juniorRankingType=itf&take=100&skip=200&isOrderAscending=true,2026-09-29T13:03:52.645Z
2026-09-28,M,286,800592332,Luca Stefan Prunescu Nita,ROU,Romania,2008,322.5,https://www.itftennis.com/tennis/api/PlayerRankApi/GetPlayerRankings?circuitCode=JT&playerTypeCode=B&ageCategoryCode=&juniorRankingType=itf&take=100&skip=200&isOrderAscending=true,2026-09-29T13:03:52.645Z
2026-09-28,M,287,800671394,Rafael Bote,CAN,Canada,2009,320,https://www.itftennis.com/tennis/api/PlayerRankApi/GetPlayerRankings?circuitCode=JT&playerTypeCode=B&ageCategoryCode=&juniorRankingType=itf&take=100&skip=200&isOrderAscending=true,2026-09-29T13:03:52.645Z
2026-09-28,M,288,800598481,Sin Hang Tam,HKG,"Hong Kong, China",2009,319,https://www.itftennis.com/tennis/api/PlayerRankApi/GetPlayerRankings?circuitCode=JT&playerTypeCode=B&ageCategoryCode=&juniorRankingType=itf&take=100&skip=200&isOrderAscending=true,2026-09-29T13:03:52.645Z
2026-09-28,M,289,800714499,Fernando Fontan Pardo de Santayana,ESP,Spain,2010,318.75,https://www.itftennis.com/tennis/api/PlayerRankApi/GetPlayerRankings?circuitCode=JT&playerTypeCode=B&ageCategoryCode=&juniorRankingType=itf&take=100&skip=200&isOrderAscending=true,2026-09-29T13:03:52.645Z
2026-09-28,M,290,800644954,Mark Becirovic Novak,SLO,Slovenia,2008,318.5,https://www.itftennis.com/tennis/api/PlayerRankApi/GetPlayerRankings?circuitCode=JT&playerTypeCode=B&ageCategoryCode=&juniorRankingType=itf&take=100&skip=200&isOrderAscending=true,2026-09-29T13:03:52.645Z
2026-09-28,M,291,800697384,Dhakshish Aryan Basavaraju,IND,India,2009,318.25,https://www.itftennis.com/tennis/api/PlayerRankApi/GetPlayerRankings?circuitCode=JT&playerTypeCode=B&ageCategoryCode=&juniorRankingType=itf&take=100&skip=200&isOrderAscending=true,2026-09-29T13:03:52.645Z
2026-09-28,M,292,800699552,Israel Dowie,NAM,Namibia,2010,316.5,https://www.itftennis.com/tennis/api/PlayerRankApi/GetPlayerRankings?circuitCode=JT&playerTypeCode=B&ageCategoryCode=&juniorRankingType=itf&take=100&skip=200&isOrderAscending=true,2026-09-29T13:03:52.645Z
2026-09-28,M,293,800742693,Dehan Van Deventer,RSA,South Africa,2009,316,https://www.itftennis.com/tennis/api/PlayerRankApi/GetPlayerRankings?circuitCode=JT&playerTypeCode=B&ageCategoryCode=&juniorRankingType=itf&take=100&skip=200&isOrderAscending=true,2026-09-29T13:03:52.645Z
2026-09-28,M,294,800692660,Yurii Stoliarov,UKR,Ukraine,2011,315,https://www.itftennis.com/tennis/api/PlayerRankApi/GetPlayerRankings?circuitCode=JT&playerTypeCode=B&ageCategoryCode=&juniorRankingType=itf&take=100&skip=200&isOrderAscending=true,2026-09-29T13:03:52.645Z
2026-09-28,M,295,800586897,Viggo Wagenknecht,GER,Germany,2008,315,https://www.itftennis.com/tennis/api/PlayerRankApi/GetPlayerRankings?circuitCode=JT&playerTypeCode=B&ageCategoryCode=&juniorRankingType=itf&take=100&skip=200&isOrderAscending=true,2026-09-29T13:03:52.645Z
2026-09-28,M,296,800740257,Fu Wang Choi,HKG,"Hong Kong, China",2011,313.5,https://www.itftennis.com/tennis/api/PlayerRankApi/GetPlayerRankings?circuitCode=JT&playerTypeCode=B&ageCategoryCode=&juniorRankingType=itf&take=100&skip=200&isOrderAscending=true,2026-09-29T13:03:52.645Z
2026-09-28,M,297,800703955,Tobias Cank,CZE,Czechia,2008,311.5,https://www.itftennis.com/tennis/api/PlayerRankApi/GetPlayerRankings?circuitCode=JT&playerTypeCode=B&ageCategoryCode=&juniorRankingType=itf&take=100&skip=200&isOrderAscending=true,2026-09-29T13:03:52.645Z
2026-09-28,M,298,800657138,Arman Dubreuil,FRA,France,2010,310.5,https://www.itftennis.com/tennis/api/PlayerRankApi/GetPlayerRankings?circuitCode=JT&playerTypeCode=B&ageCategoryCode=&juniorRankingType=itf&take=100&skip=200&isOrderAscending=true,2026-09-29T13:03:52.645Z
2026-09-28,M,299,800680306,Heaton Pann,AUS,Australia,2010,308,https://www.itftennis.com/tennis/api/PlayerRankApi/GetPlayerRankings?circuitCode=JT&playerTypeCode=B&ageCategoryCode=&juniorRankingType=itf&take=100&skip=200&isOrderAscending=true,2026-09-29T13:03:52.645Z
2026-09-28,M,300,800589851,Leo Scheffer,GER,Germany,2008,308,https://www.itftennis.com/tennis/api/PlayerRankApi/GetPlayerRankings?circuitCode=JT&playerTypeCode=B&ageCategoryCode=&juniorRankingType=itf&take=100&skip=200&isOrderAscending=true,2026-09-29T13:03:52.645Z
2026-09-28,M,301,800653477,Samuel Zlotnik,GBR,Great Britain,2009,307.5,https://www.itftennis.com/tennis/api/PlayerRankApi/GetPlayerRankings?circuitCode=JT&playerTypeCode=B&ageCategoryCode=&juniorRankingType=itf&take=100&skip=300&isOrderAscending=true,2026-09-29T13:03:55.556Z
2026-09-28,M,302,800661090,Toni Escarda Pineiro,ESP,Spain,2010,307.5,https://www.itftennis.com/tennis/api/PlayerRankApi/GetPlayerRankings?circuitCode=JT&playerTypeCode=B&ageCategoryCode=&juniorRankingType=itf&take=100&skip=300&isOrderAscending=true,2026-09-29T13:03:55.556Z
2026-09-28,M,303,800710863,Hruthik Katakam,IND,India,2010,306.25,https://www.itftennis.com/tennis/api/PlayerRankApi/GetPlayerRankings?circuitCode=JT&playerTypeCode=B&ageCategoryCode=&juniorRankingType=itf&take=100&skip=300&isOrderAscending=true,2026-09-29T13:03:55.556Z
2026-09-28,M,304,800636407,David Stefan Burac,ROU,Romania,2009,306,https://www.itftennis.com/tennis/api/PlayerRankApi/GetPlayerRankings?circuitCode=JT&playerTypeCode=B&ageCategoryCode=&juniorRankingType=itf&take=100&skip=300&isOrderAscending=true,2026-09-29T13:03:55.556Z
2026-09-28,M,305,800631032,Dennis Ciprian Spircu,ROU,Romania,2009,305.75,https://www.itftennis.com/tennis/api/PlayerRankApi/GetPlayerRankings?circuitCode=JT&playerTypeCode=B&ageCategoryCode=&juniorRankingType=itf&take=100&skip=300&isOrderAscending=true,2026-09-29T13:03:55.556Z
2026-09-28,M,306,800660682,Dev Vipul Patel,IND,India,2009,305,https://www.itftennis.com/tennis/api/PlayerRankApi/GetPlayerRankings?circuitCode=JT&playerTypeCode=B&ageCategoryCode=&juniorRankingType=itf&take=100&skip=300&isOrderAscending=true,2026-09-29T13:03:55.556Z
2026-09-28,M,307,800589345,Pietro Ricci,ITA,Italy,2008,304.75,https://www.itftennis.com/tennis/api/PlayerRankApi/GetPlayerRankings?circuitCode=JT&playerTypeCode=B&ageCategoryCode=&juniorRankingType=itf&take=100&skip=300&isOrderAscending=true,2026-09-29T13:03:55.556Z
2026-09-28,M,308,800601885,Arian Hasas,GER,Germany,2008,304.5,https://www.itftennis.com/tennis/api/PlayerRankApi/GetPlayerRankings?circuitCode=JT&playerTypeCode=B&ageCategoryCode=&juniorRankingType=itf&take=100&skip=300&isOrderAscending=true,2026-09-29T13:03:55.556Z
2026-09-28,M,309,800590611,Aren Baybars,TUR,Turkiye,2008,304,https://www.itftennis.com/tennis/api/PlayerRankApi/GetPlayerRankings?circuitCode=JT&playerTypeCode=B&ageCategoryCode=&juniorRankingType=itf&take=100&skip=300&isOrderAscending=true,2026-09-29T13:03:55.556Z
2026-09-28,M,310,800660335,Pavel JR Joromsky,RUS,Russia,2010,300.5,https://www.itftennis.com/tennis/api/PlayerRankApi/GetPlayerRankings?circuitCode=JT&playerTypeCode=B&ageCategoryCode=&juniorRankingType=itf&take=100&skip=300&isOrderAscending=true,2026-09-29T13:03:55.556Z
2026-09-28,M,311,800589891,Egor Shcherbakov,RUS,Russia,2008,300.25,https://www.itftennis.com/tennis/api/PlayerRankApi/GetPlayerRankings?circuitCode=JT&playerTypeCode=B&ageCategoryCode=&juniorRankingType=itf&take=100&skip=300&isOrderAscending=true,2026-09-29T13:03:55.556Z
2026-09-28,M,312,800756384,Youssef Mourid,EGY,Egypt,2010,299.5,https://www.itftennis.com/tennis/api/PlayerRankApi/GetPlayerRankings?circuitCode=JT&playerTypeCode=B&ageCategoryCode=&juniorRankingType=itf&take=100&skip=300&isOrderAscending=true,2026-09-29T13:03:55.556Z
2026-09-28,M,313,800643082,Ahmed Darmoul,TUN,Tunisia,2009,299,https://www.itftennis.com/tennis/api/PlayerRankApi/GetPlayerRankings?circuitCode=JT&playerTypeCode=B&ageCategoryCode=&juniorRankingType=itf&take=100&skip=300&isOrderAscending=true,2026-09-29T13:03:55.556Z
2026-09-28,M,314,800682340,Pratik Navin,AUS,Australia,2009,298.5,https://www.itftennis.com/tennis/api/PlayerRankApi/GetPlayerRankings?circuitCode=JT&playerTypeCode=B&ageCategoryCode=&juniorRankingType=itf&take=100&skip=300&isOrderAscending=true,2026-09-29T13:03:55.556Z
2026-09-28,M,315,800672403,Dany Robas,SUI,Switzerland,2008,295.5,https://www.itftennis.com/tennis/api/PlayerRankApi/GetPlayerRankings?circuitCode=JT&playerTypeCode=B&ageCategoryCode=&juniorRankingType=itf&take=100&skip=300&isOrderAscending=true,2026-09-29T13:03:55.556Z
2026-09-28,M,316,800634862,Arseniy Trebukhin,KAZ,Kazakhstan,2008,295.25,https://www.itftennis.com/tennis/api/PlayerRankApi/GetPlayerRankings?circuitCode=JT&playerTypeCode=B&ageCategoryCode=&juniorRankingType=itf&take=100&skip=300&isOrderAscending=true,2026-09-29T13:03:55.556Z
2026-09-28,M,317,800718607,SEHUN PARK,AUS,Australia,2010,293.5,https://www.itftennis.com/tennis/api/PlayerRankApi/GetPlayerRankings?circuitCode=JT&playerTypeCode=B&ageCategoryCode=&juniorRankingType=itf&take=100&skip=300&isOrderAscending=true,2026-09-29T13:03:55.556Z
2026-09-28,M,318,800680005,Mikaeel Ali Baig,PAK,Pakistan,2009,292.75,https://www.itftennis.com/tennis/api/PlayerRankApi/GetPlayerRankings?circuitCode=JT&playerTypeCode=B&ageCategoryCode=&juniorRankingType=itf&take=100&skip=300&isOrderAscending=true,2026-09-29T13:03:55.556Z
2026-09-28,M,319,800584484,Bercel Sandor Takacs,HUN,Hungary,2008,292.5,https://www.itftennis.com/tennis/api/PlayerRankApi/GetPlayerRankings?circuitCode=JT&playerTypeCode=B&ageCategoryCode=&juniorRankingType=itf&take=100&skip=300&isOrderAscending=true,2026-09-29T13:03:55.556Z
2026-09-28,M,320,800680096,Shaurya Bhardwaj,IND,India,2009,292.5,https://www.itftennis.com/tennis/api/PlayerRankApi/GetPlayerRankings?circuitCode=JT&playerTypeCode=B&ageCategoryCode=&juniorRankingType=itf&take=100&skip=300&isOrderAscending=true,2026-09-29T13:03:55.556Z
2026-09-28,M,321,800590931,Ilya Mosolkin,RUS,Russia,2008,291.75,https://www.itftennis.com/tennis/api/PlayerRankApi/GetPlayerRankings?circuitCode=JT&playerTypeCode=B&ageCategoryCode=&juniorRankingType=itf&take=100&skip=300&isOrderAscending=true,2026-09-29T13:03:55.556Z
2026-09-28,M,322,800627815,Juliusz Stanczyk,POL,Poland,2009,291.5,https://www.itftennis.com/tennis/api/PlayerRankApi/GetPlayerRankings?circuitCode=JT&playerTypeCode=B&ageCategoryCode=&juniorRankingType=itf&take=100&skip=300&isOrderAscending=true,2026-09-29T13:03:55.556Z
2026-09-28,M,323,800667373,Motoharu Abe,JPN,Japan,2009,288,https://www.itftennis.com/tennis/api/PlayerRankApi/GetPlayerRankings?circuitCode=JT&playerTypeCode=B&ageCategoryCode=&juniorRankingType=itf&take=100&skip=300&isOrderAscending=true,2026-09-29T13:03:55.556Z
2026-09-28,M,324,800638434,Eriks Valeinis,LAT,Latvia,2009,286.5,https://www.itftennis.com/tennis/api/PlayerRankApi/GetPlayerRankings?circuitCode=JT&playerTypeCode=B&ageCategoryCode=&juniorRankingType=itf&take=100&skip=300&isOrderAscending=true,2026-09-29T13:03:55.556Z
2026-09-28,M,325,800654322,ADRIA VELAZQUEZ FARRE,ESP,Spain,2009,286.25,https://www.itftennis.com/tennis/api/PlayerRankApi/GetPlayerRankings?circuitCode=JT&playerTypeCode=B&ageCategoryCode=&juniorRankingType=itf&take=100&skip=300&isOrderAscending=true,2026-09-29T13:03:55.556Z
2026-09-28,M,326,800692700,Harold Ronaldo Andre Cotom Hidalgo,GUA,Guatemala,2009,284.25,https://www.itftennis.com/tennis/api/PlayerRankApi/GetPlayerRankings?circuitCode=JT&playerTypeCode=B&ageCategoryCode=&juniorRankingType=itf&take=100&skip=300&isOrderAscending=true,2026-09-29T13:03:55.556Z
2026-09-28,M,327,800811858,Kynan Enwright,AUS,Australia,2010,283.5,https://www.itftennis.com/tennis/api/PlayerRankApi/GetPlayerRankings?circuitCode=JT&playerTypeCode=B&ageCategoryCode=&juniorRankingType=itf&take=100&skip=300&isOrderAscending=true,2026-09-29T13:03:55.556Z
2026-09-28,M,328,800777511,Michal Pielat,POL,Poland,2009,282,https://www.itftennis.com/tennis/api/PlayerRankApi/GetPlayerRankings?circuitCode=JT&playerTypeCode=B&ageCategoryCode=&juniorRankingType=itf&take=100&skip=300&isOrderAscending=true,2026-09-29T13:03:55.556Z
2026-09-28,M,329,800631924,Rafael Asadullin,RUS,Russia,2008,281.75,https://www.itftennis.com/tennis/api/PlayerRankApi/GetPlayerRankings?circuitCode=JT&playerTypeCode=B&ageCategoryCode=&juniorRankingType=itf&take=100&skip=300&isOrderAscending=true,2026-09-29T13:03:55.556Z
2026-09-28,M,330,800701855,Lin Hao-Yu,TPE,Chinese Taipei,2008,281.25,https://www.itftennis.com/tennis/api/PlayerRankApi/GetPlayerRankings?circuitCode=JT&playerTypeCode=B&ageCategoryCode=&juniorRankingType=itf&take=100&skip=300&isOrderAscending=true,2026-09-29T13:03:55.556Z
2026-09-28,M,331,800727016,Ruochen Gao,CHN,"China, P.R.",2009,281,https://www.itftennis.com/tennis/api/PlayerRankApi/GetPlayerRankings?circuitCode=JT&playerTypeCode=B&ageCategoryCode=&juniorRankingType=itf&take=100&skip=300&isOrderAscending=true,2026-09-29T13:03:55.556Z
2026-09-28,M,332,800670278,Nicolas Moravec,CZE,Czechia,2009,280.5,https://www.itftennis.com/tennis/api/PlayerRankApi/GetPlayerRankings?circuitCode=JT&playerTypeCode=B&ageCategoryCode=&juniorRankingType=itf&take=100&skip=300&isOrderAscending=true,2026-09-29T13:03:55.556Z
2026-09-28,M,333,800740791,Haolong He,CHN,"China, P.R.",2009,280,https://www.itftennis.com/tennis/api/PlayerRankApi/GetPlayerRankings?circuitCode=JT&playerTypeCode=B&ageCategoryCode=&juniorRankingType=itf&take=100&skip=300&isOrderAscending=true,2026-09-29T13:03:55.556Z
2026-09-28,M,334,800643315,Orhan Alp Akyol,TUR,Turkiye,2009,280,https://www.itftennis.com/tennis/api/PlayerRankApi/GetPlayerRankings?circuitCode=JT&playerTypeCode=B&ageCategoryCode=&juniorRankingType=itf&take=100&skip=300&isOrderAscending=true,2026-09-29T13:03:55.556Z
2026-09-28,M,335,800632385,Paul Hjorteland,NOR,Norway,2009,279.5,https://www.itftennis.com/tennis/api/PlayerRankApi/GetPlayerRankings?circuitCode=JT&playerTypeCode=B&ageCategoryCode=&juniorRankingType=itf&take=100&skip=300&isOrderAscending=true,2026-09-29T13:03:55.556Z
2026-09-28,M,336,800647867,Ivan Samstyka,BLR,Belarus,2009,278.25,https://www.itftennis.com/tennis/api/PlayerRankApi/GetPlayerRankings?circuitCode=JT&playerTypeCode=B&ageCategoryCode=&juniorRankingType=itf&take=100&skip=300&isOrderAscending=true,2026-09-29T13:03:55.556Z
2026-09-28,M,337,800717269,Nicolas Pedraza,USA,USA,2009,278,https://www.itftennis.com/tennis/api/PlayerRankApi/GetPlayerRankings?circuitCode=JT&playerTypeCode=B&ageCategoryCode=&juniorRankingType=itf&take=100&skip=300&isOrderAscending=true,2026-09-29T13:03:55.556Z
2026-09-28,M,338,800705952,Connor McEvoy,AUS,Australia,2009,278,https://www.itftennis.com/tennis/api/PlayerRankApi/GetPlayerRankings?circuitCode=JT&playerTypeCode=B&ageCategoryCode=&juniorRankingType=itf&take=100&skip=300&isOrderAscending=true,2026-09-29T13:03:55.556Z
2026-09-28,M,339,800687305,REDA EL AOUNI,MAR,Morocco,2010,277.5,https://www.itftennis.com/tennis/api/PlayerRankApi/GetPlayerRankings?circuitCode=JT&playerTypeCode=B&ageCategoryCode=&juniorRankingType=itf&take=100&skip=300&isOrderAscending=true,2026-09-29T13:03:55.556Z
2026-09-28,M,340,800737321,Kaigaoge Kang,CHN,"China, P.R.",2008,276,https://www.itftennis.com/tennis/api/PlayerRankApi/GetPlayerRankings?circuitCode=JT&playerTypeCode=B&ageCategoryCode=&juniorRankingType=itf&take=100&skip=300&isOrderAscending=true,2026-09-29T13:03:55.556Z
2026-09-28,M,341,800680729,Jakub Vrtilka,CZE,Czechia,2008,274.75,https://www.itftennis.com/tennis/api/PlayerRankApi/GetPlayerRankings?circuitCode=JT&playerTypeCode=B&ageCategoryCode=&juniorRankingType=itf&take=100&skip=300&isOrderAscending=true,2026-09-29T13:03:55.556Z
2026-09-28,M,342,800664727,Mateo Fluri,SUI,Switzerland,2008,273.25,https://www.itftennis.com/tennis/api/PlayerRankApi/GetPlayerRankings?circuitCode=JT&playerTypeCode=B&ageCategoryCode=&juniorRankingType=itf&take=100&skip=300&isOrderAscending=true,2026-09-29T13:03:55.556Z
2026-09-28,M,343,800621251,Zac Naughton,IRL,Ireland,2008,272.5,https://www.itftennis.com/tennis/api/PlayerRankApi/GetPlayerRankings?circuitCode=JT&playerTypeCode=B&ageCategoryCode=&juniorRankingType=itf&take=100&skip=300&isOrderAscending=true,2026-09-29T13:03:55.556Z
2026-09-28,M,344,800664252,Ivan Marakovic,CRO,Croatia,2009,271.5,https://www.itftennis.com/tennis/api/PlayerRankApi/GetPlayerRankings?circuitCode=JT&playerTypeCode=B&ageCategoryCode=&juniorRankingType=itf&take=100&skip=300&isOrderAscending=true,2026-09-29T13:03:55.556Z
2026-09-28,M,345,800678231,Dario Ruiz Cruz,ESP,Spain,2010,270.75,https://www.itftennis.com/tennis/api/PlayerRankApi/GetPlayerRankings?circuitCode=JT&playerTypeCode=B&ageCategoryCode=&juniorRankingType=itf&take=100&skip=300&isOrderAscending=true,2026-09-29T13:03:55.556Z
2026-09-28,M,346,800624793,Adrian Oltean Achacollo,ESP,Spain,2008,270.75,https://www.itftennis.com/tennis/api/PlayerRankApi/GetPlayerRankings?circuitCode=JT&playerTypeCode=B&ageCategoryCode=&juniorRankingType=itf&take=100&skip=300&isOrderAscending=true,2026-09-29T13:03:55.556Z
2026-09-28,M,347,800576306,Somon Amonov,TJK,Tajikistan,2008,269,https://www.itftennis.com/tennis/api/PlayerRankApi/GetPlayerRankings?circuitCode=JT&playerTypeCode=B&ageCategoryCode=&juniorRankingType=itf&take=100&skip=300&isOrderAscending=true,2026-09-29T13:03:55.556Z
2026-09-28,M,348,800671307,Leander Tauber,AUT,Austria,2009,268.25,https://www.itftennis.com/tennis/api/PlayerRankApi/GetPlayerRankings?circuitCode=JT&playerTypeCode=B&ageCategoryCode=&juniorRankingType=itf&take=100&skip=300&isOrderAscending=true,2026-09-29T13:03:55.556Z
2026-09-28,M,349,800695229,Lucas Castan Moscatto,BRA,Brazil,2009,268,https://www.itftennis.com/tennis/api/PlayerRankApi/GetPlayerRankings?circuitCode=JT&playerTypeCode=B&ageCategoryCode=&juniorRankingType=itf&take=100&skip=300&isOrderAscending=true,2026-09-29T13:03:55.556Z
2026-09-28,M,350,800768441,Jaime Robles,ECU,Ecuador,2009,268,https://www.itftennis.com/tennis/api/PlayerRankApi/GetPlayerRankings?circuitCode=JT&playerTypeCode=B&ageCategoryCode=&juniorRankingType=itf&take=100&skip=300&isOrderAscending=true,2026-09-29T13:03:55.556Z
2026-09-28,M,351,800746729,Kuan-Huai Mao,TPE,Chinese Taipei,2009,267.5,https://www.itftennis.com/tennis/api/PlayerRankApi/GetPlayerRankings?circuitCode=JT&playerTypeCode=B&ageCategoryCode=&juniorRankingType=itf&take=100&skip=300&isOrderAscending=true,2026-09-29T13:03:55.556Z
2026-09-28,M,352,800680033,Pietro Gava,BRA,Brazil,2009,266,https://www.itftennis.com/tennis/api/PlayerRankApi/GetPlayerRankings?circuitCode=JT&playerTypeCode=B&ageCategoryCode=&juniorRankingType=itf&take=100&skip=300&isOrderAscending=true,2026-09-29T13:03:55.556Z
2026-09-28,M,353,800753720,Alvin Na,NZL,New Zealand,2010,265,https://www.itftennis.com/tennis/api/PlayerRankApi/GetPlayerRankings?circuitCode=JT&playerTypeCode=B&ageCategoryCode=&juniorRankingType=itf&take=100&skip=300&isOrderAscending=true,2026-09-29T13:03:55.556Z
2026-09-28,M,354,800647666,Tymur Chukanov,UKR,Ukraine,2009,264.5,https://www.itftennis.com/tennis/api/PlayerRankApi/GetPlayerRankings?circuitCode=JT&playerTypeCode=B&ageCategoryCode=&juniorRankingType=itf&take=100&skip=300&isOrderAscending=true,2026-09-29T13:03:55.556Z
2026-09-28,M,355,800680843,Guillermo Narcio,MEX,Mexico,2008,264.5,https://www.itftennis.com/tennis/api/PlayerRankApi/GetPlayerRankings?circuitCode=JT&playerTypeCode=B&ageCategoryCode=&juniorRankingType=itf&take=100&skip=300&isOrderAscending=true,2026-09-29T13:03:55.556Z
2026-09-28,M,356,800660323,Johann Nagel-Heyer,GER,Germany,2010,263,https://www.itftennis.com/tennis/api/PlayerRankApi/GetPlayerRankings?circuitCode=JT&playerTypeCode=B&ageCategoryCode=&juniorRankingType=itf&take=100&skip=300&isOrderAscending=true,2026-09-29T13:03:55.556Z
2026-09-28,M,357,800667545,Filip Hesser,SWE,Sweden,2008,262,https://www.itftennis.com/tennis/api/PlayerRankApi/GetPlayerRankings?circuitCode=JT&playerTypeCode=B&ageCategoryCode=&juniorRankingType=itf&take=100&skip=300&isOrderAscending=true,2026-09-29T13:03:55.556Z
2026-09-28,M,358,800675502,zayyan virani,KEN,Kenya,2009,261.5,https://www.itftennis.com/tennis/api/PlayerRankApi/GetPlayerRankings?circuitCode=JT&playerTypeCode=B&ageCategoryCode=&juniorRankingType=itf&take=100&skip=300&isOrderAscending=true,2026-09-29T13:03:55.556Z
2026-09-28,M,359,800653398,Niccolo Crivelli,SUI,Switzerland,2009,261,https://www.itftennis.com/tennis/api/PlayerRankApi/GetPlayerRankings?circuitCode=JT&playerTypeCode=B&ageCategoryCode=&juniorRankingType=itf&take=100&skip=300&isOrderAscending=true,2026-09-29T13:03:55.556Z
2026-09-28,M,360,800678746,Petar Ciangherotti,ITA,Italy,2009,260.5,https://www.itftennis.com/tennis/api/PlayerRankApi/GetPlayerRankings?circuitCode=JT&playerTypeCode=B&ageCategoryCode=&juniorRankingType=itf&take=100&skip=300&isOrderAscending=true,2026-09-29T13:03:55.556Z
2026-09-28,M,361,800590053,Snir Morag,ISR,Israel,2008,260.25,https://www.itftennis.com/tennis/api/PlayerRankApi/GetPlayerRankings?circuitCode=JT&playerTypeCode=B&ageCategoryCode=&juniorRankingType=itf&take=100&skip=300&isOrderAscending=true,2026-09-29T13:03:55.556Z
2026-09-28,M,362,800781981,Novak Palombo,AUS,Australia,2012,260,https://www.itftennis.com/tennis/api/PlayerRankApi/GetPlayerRankings?circuitCode=JT&playerTypeCode=B&ageCategoryCode=&juniorRankingType=itf&take=100&skip=300&isOrderAscending=true,2026-09-29T13:03:55.556Z
2026-09-28,M,363,800599182,Vito Antonio Darderi,ITA,Italy,2008,259,https://www.itftennis.com/tennis/api/PlayerRankApi/GetPlayerRankings?circuitCode=JT&playerTypeCode=B&ageCategoryCode=&juniorRankingType=itf&take=100&skip=300&isOrderAscending=true,2026-09-29T13:03:55.556Z
2026-09-28,M,364,800691051,Rafael Pagonis,GRE,Greece,2011,258.75,https://www.itftennis.com/tennis/api/PlayerRankApi/GetPlayerRankings?circuitCode=JT&playerTypeCode=B&ageCategoryCode=&juniorRankingType=itf&take=100&skip=300&isOrderAscending=true,2026-09-29T13:03:55.556Z
2026-09-28,M,365,800596861,William Moxon,GBR,Great Britain,2008,258.5,https://www.itftennis.com/tennis/api/PlayerRankApi/GetPlayerRankings?circuitCode=JT&playerTypeCode=B&ageCategoryCode=&juniorRankingType=itf&take=100&skip=300&isOrderAscending=true,2026-09-29T13:03:55.556Z
2026-09-28,M,366,800598049,Alex Lap Hang Hui,HKG,"Hong Kong, China",2009,258.5,https://www.itftennis.com/tennis/api/PlayerRankApi/GetPlayerRankings?circuitCode=JT&playerTypeCode=B&ageCategoryCode=&juniorRankingType=itf&take=100&skip=300&isOrderAscending=true,2026-09-29T13:03:55.556Z
2026-09-28,M,367,800661025,Thomas PIOT,FRA,France,2009,257.5,https://www.itftennis.com/tennis/api/PlayerRankApi/GetPlayerRankings?circuitCode=JT&playerTypeCode=B&ageCategoryCode=&juniorRankingType=itf&take=100&skip=300&isOrderAscending=true,2026-09-29T13:03:55.556Z
2026-09-28,M,368,800671941,Marcel Jelinek,AUT,Austria,2010,257.5,https://www.itftennis.com/tennis/api/PlayerRankApi/GetPlayerRankings?circuitCode=JT&playerTypeCode=B&ageCategoryCode=&juniorRankingType=itf&take=100&skip=300&isOrderAscending=true,2026-09-29T13:03:55.556Z
2026-09-28,M,369,800670178,Mahmoud chetouane,TUN,Tunisia,2008,257,https://www.itftennis.com/tennis/api/PlayerRankApi/GetPlayerRankings?circuitCode=JT&playerTypeCode=B&ageCategoryCode=&juniorRankingType=itf&take=100&skip=300&isOrderAscending=true,2026-09-29T13:03:55.556Z
2026-09-28,M,370,800660210,Rodolfo Federico De Andreis,VEN,Venezuela,2009,256,https://www.itftennis.com/tennis/api/PlayerRankApi/GetPlayerRankings?circuitCode=JT&playerTypeCode=B&ageCategoryCode=&juniorRankingType=itf&take=100&skip=300&isOrderAscending=true,2026-09-29T13:03:55.556Z
2026-09-28,M,371,800644915,Iancu Manolache,ROU,Romania,2009,256,https://www.itftennis.com/tennis/api/PlayerRankApi/GetPlayerRankings?circuitCode=JT&playerTypeCode=B&ageCategoryCode=&juniorRankingType=itf&take=100&skip=300&isOrderAscending=true,2026-09-29T13:03:55.556Z
2026-09-28,M,372,800622304,Iaroslav Klishin,RUS,Russia,2009,253.5,https://www.itftennis.com/tennis/api/PlayerRankApi/GetPlayerRankings?circuitCode=JT&playerTypeCode=B&ageCategoryCode=&juniorRankingType=itf&take=100&skip=300&isOrderAscending=true,2026-09-29T13:03:55.556Z
2026-09-28,M,373,800688517,Loic Massotte,CAN,Canada,2008,253,https://www.itftennis.com/tennis/api/PlayerRankApi/GetPlayerRankings?circuitCode=JT&playerTypeCode=B&ageCategoryCode=&juniorRankingType=itf&take=100&skip=300&isOrderAscending=true,2026-09-29T13:03:55.556Z
2026-09-28,M,374,800640458,Evgenii Kafelnikov,RUS,Russia,2010,253,https://www.itftennis.com/tennis/api/PlayerRankApi/GetPlayerRankings?circuitCode=JT&playerTypeCode=B&ageCategoryCode=&juniorRankingType=itf&take=100&skip=300&isOrderAscending=true,2026-09-29T13:03:55.556Z
2026-09-28,M,375,800636613,Carl Filip Bak Weller,DEN,Denmark,2009,252.25,https://www.itftennis.com/tennis/api/PlayerRankApi/GetPlayerRankings?circuitCode=JT&playerTypeCode=B&ageCategoryCode=&juniorRankingType=itf&take=100&skip=300&isOrderAscending=true,2026-09-29T13:03:55.556Z
2026-09-28,M,376,800700749,Cristobal Plasencia Robles,MEX,Mexico,2009,251,https://www.itftennis.com/tennis/api/PlayerRankApi/GetPlayerRankings?circuitCode=JT&playerTypeCode=B&ageCategoryCode=&juniorRankingType=itf&take=100&skip=300&isOrderAscending=true,2026-09-29T13:03:55.556Z
2026-09-28,M,377,800596349,Wiktor Jez,POL,Poland,2008,250.5,https://www.itftennis.com/tennis/api/PlayerRankApi/GetPlayerRankings?circuitCode=JT&playerTypeCode=B&ageCategoryCode=&juniorRankingType=itf&take=100&skip=300&isOrderAscending=true,2026-09-29T13:03:55.556Z
2026-09-28,M,378,800665702,Szymon Karpinski,POL,Poland,2008,250.5,https://www.itftennis.com/tennis/api/PlayerRankApi/GetPlayerRankings?circuitCode=JT&playerTypeCode=B&ageCategoryCode=&juniorRankingType=itf&take=100&skip=300&isOrderAscending=true,2026-09-29T13:03:55.556Z
2026-09-28,M,379,800567584,Salvador Monteiro,POR,Portugal,2008,250,https://www.itftennis.com/tennis/api/PlayerRankApi/GetPlayerRankings?circuitCode=JT&playerTypeCode=B&ageCategoryCode=&juniorRankingType=itf&take=100&skip=300&isOrderAscending=true,2026-09-29T13:03:55.556Z
2026-09-28,M,380,800708031,Alvaro Lago Furio,ESP,Spain,2009,248.75,https://www.itftennis.com/tennis/api/PlayerRankApi/GetPlayerRankings?circuitCode=JT&playerTypeCode=B&ageCategoryCode=&juniorRankingType=itf&take=100&skip=300&isOrderAscending=true,2026-09-29T13:03:55.556Z
2026-09-28,M,381,800708324,Yassin Abdelaziz,EGY,Egypt,2009,248.25,https://www.itftennis.com/tennis/api/PlayerRankApi/GetPlayerRankings?circuitCode=JT&playerTypeCode=B&ageCategoryCode=&juniorRankingType=itf&take=100&skip=300&isOrderAscending=true,2026-09-29T13:03:55.556Z
2026-09-28,M,382,800710169,Lachlan King,AUS,Australia,2009,247.75,https://www.itftennis.com/tennis/api/PlayerRankApi/GetPlayerRankings?circuitCode=JT&playerTypeCode=B&ageCategoryCode=&juniorRankingType=itf&take=100&skip=300&isOrderAscending=true,2026-09-29T13:03:55.556Z
2026-09-28,M,383,800660826,Lasse Bohr,GER,Germany,2009,247.5,https://www.itftennis.com/tennis/api/PlayerRankApi/GetPlayerRankings?circuitCode=JT&playerTypeCode=B&ageCategoryCode=&juniorRankingType=itf&take=100&skip=300&isOrderAscending=true,2026-09-29T13:03:55.556Z
2026-09-28,M,384,800711074,Yuto Hisano,JPN,Japan,2011,247,https://www.itftennis.com/tennis/api/PlayerRankApi/GetPlayerRankings?circuitCode=JT&playerTypeCode=B&ageCategoryCode=&juniorRankingType=itf&take=100&skip=300&isOrderAscending=true,2026-09-29T13:03:55.556Z
2026-09-28,M,385,800749167,Yiyuan Su,CHN,"China, P.R.",2009,245.75,https://www.itftennis.com/tennis/api/PlayerRankApi/GetPlayerRankings?circuitCode=JT&playerTypeCode=B&ageCategoryCode=&juniorRankingType=itf&take=100&skip=300&isOrderAscending=true,2026-09-29T13:03:55.556Z
2026-09-28,M,386,800790783,David Beckles,USA,USA,2009,245.75,https://www.itftennis.com/tennis/api/PlayerRankApi/GetPlayerRankings?circuitCode=JT&playerTypeCode=B&ageCategoryCode=&juniorRankingType=itf&take=100&skip=300&isOrderAscending=true,2026-09-29T13:03:55.556Z
2026-09-28,M,387,800668803,Verneri Riikonen,FIN,Finland,2009,245.5,https://www.itftennis.com/tennis/api/PlayerRankApi/GetPlayerRankings?circuitCode=JT&playerTypeCode=B&ageCategoryCode=&juniorRankingType=itf&take=100&skip=300&isOrderAscending=true,2026-09-29T13:03:55.556Z
2026-09-28,M,388,800636397,Laurentiu Albert Cristian Badea,ROU,Romania,2009,244.75,https://www.itftennis.com/tennis/api/PlayerRankApi/GetPlayerRankings?circuitCode=JT&playerTypeCode=B&ageCategoryCode=&juniorRankingType=itf&take=100&skip=300&isOrderAscending=true,2026-09-29T13:03:55.556Z
2026-09-28,M,389,800625149,Nicolai Eie Worren,NOR,Norway,2008,244,https://www.itftennis.com/tennis/api/PlayerRankApi/GetPlayerRankings?circuitCode=JT&playerTypeCode=B&ageCategoryCode=&juniorRankingType=itf&take=100&skip=300&isOrderAscending=true,2026-09-29T13:03:55.556Z
2026-09-28,M,390,800660184,Young Hoon Kim,KOR,"Korea, Rep.",2008,243,https://www.itftennis.com/tennis/api/PlayerRankApi/GetPlayerRankings?circuitCode=JT&playerTypeCode=B&ageCategoryCode=&juniorRankingType=itf&take=100&skip=300&isOrderAscending=true,2026-09-29T13:03:55.556Z
2026-09-28,M,391,800708495,Abdurakhmon Karimov,UZB,Uzbekistan,2010,243,https://www.itftennis.com/tennis/api/PlayerRankApi/GetPlayerRankings?circuitCode=JT&playerTypeCode=B&ageCategoryCode=&juniorRankingType=itf&take=100&skip=300&isOrderAscending=true,2026-09-29T13:03:55.556Z
2026-09-28,M,392,800716262,Estanislao Lassaga,ARG,Argentina,2008,243,https://www.itftennis.com/tennis/api/PlayerRankApi/GetPlayerRankings?circuitCode=JT&playerTypeCode=B&ageCategoryCode=&juniorRankingType=itf&take=100&skip=300&isOrderAscending=true,2026-09-29T13:03:55.556Z
2026-09-28,M,393,800599469,Nikolaos Papavasiliu,CZE,Czechia,2009,242.75,https://www.itftennis.com/tennis/api/PlayerRankApi/GetPlayerRankings?circuitCode=JT&playerTypeCode=B&ageCategoryCode=&juniorRankingType=itf&take=100&skip=300&isOrderAscending=true,2026-09-29T13:03:55.556Z
2026-09-28,M,394,800597641,Ethan David Zapp,INA,Indonesia,2008,241.5,https://www.itftennis.com/tennis/api/PlayerRankApi/GetPlayerRankings?circuitCode=JT&playerTypeCode=B&ageCategoryCode=&juniorRankingType=itf&take=100&skip=300&isOrderAscending=true,2026-09-29T13:03:55.556Z
2026-09-28,M,395,800684702,Mateus Nogueira,BRA,Brazil,2008,240.25,https://www.itftennis.com/tennis/api/PlayerRankApi/GetPlayerRankings?circuitCode=JT&playerTypeCode=B&ageCategoryCode=&juniorRankingType=itf&take=100&skip=300&isOrderAscending=true,2026-09-29T13:03:55.556Z
2026-09-28,M,396,800811705,Maximo Cataldi,ARG,Argentina,2010,240.25,https://www.itftennis.com/tennis/api/PlayerRankApi/GetPlayerRankings?circuitCode=JT&playerTypeCode=B&ageCategoryCode=&juniorRankingType=itf&take=100&skip=300&isOrderAscending=true,2026-09-29T13:03:55.556Z
2026-09-28,M,397,800655160,Ivan Charnyshou,BLR,Belarus,2010,240.25,https://www.itftennis.com/tennis/api/PlayerRankApi/GetPlayerRankings?circuitCode=JT&playerTypeCode=B&ageCategoryCode=&juniorRankingType=itf&take=100&skip=300&isOrderAscending=true,2026-09-29T13:03:55.556Z
2026-09-28,M,398,800656188,Franco Davila Blotte,PER,Peru,2008,239.5,https://www.itftennis.com/tennis/api/PlayerRankApi/GetPlayerRankings?circuitCode=JT&playerTypeCode=B&ageCategoryCode=&juniorRankingType=itf&take=100&skip=300&isOrderAscending=true,2026-09-29T13:03:55.556Z
2026-09-28,M,399,800624194,Luke Jie Xi Ho,SGP,Singapore,2009,238.5,https://www.itftennis.com/tennis/api/PlayerRankApi/GetPlayerRankings?circuitCode=JT&playerTypeCode=B&ageCategoryCode=&juniorRankingType=itf&take=100&skip=300&isOrderAscending=true,2026-09-29T13:03:55.556Z
2026-09-28,M,400,800644080,Nicolas Ciancaglini Rivera,BOL,Bolivia,2008,237,https://www.itftennis.com/tennis/api/PlayerRankApi/GetPlayerRankings?circuitCode=JT&playerTypeCode=B&ageCategoryCode=&juniorRankingType=itf&take=100&skip=300&isOrderAscending=true,2026-09-29T13:03:55.556Z
2026-09-28,M,401,800775728,Kahven Singh,USA,USA,2009,235.25,https://www.itftennis.com/tennis/api/PlayerRankApi/GetPlayerRankings?circuitCode=JT&playerTypeCode=B&ageCategoryCode=&juniorRankingType=itf&take=100&skip=400&isOrderAscending=true,2026-09-29T13:03:57.677Z
2026-09-28,M,402,800661898,Lorenzo Rocco,ITA,Italy,2009,235,https://www.itftennis.com/tennis/api/PlayerRankApi/GetPlayerRankings?circuitCode=JT&playerTypeCode=B&ageCategoryCode=&juniorRankingType=itf&take=100&skip=400&isOrderAscending=true,2026-09-29T13:03:57.677Z
2026-09-28,M,403,800636930,Hassan Shoaib,EGY,Egypt,2009,234.25,https://www.itftennis.com/tennis/api/PlayerRankApi/GetPlayerRankings?circuitCode=JT&playerTypeCode=B&ageCategoryCode=&juniorRankingType=itf&take=100&skip=400&isOrderAscending=true,2026-09-29T13:03:57.677Z
2026-09-28,M,404,800648404,Plamen Kolev,BUL,Bulgaria,2010,234,https://www.itftennis.com/tennis/api/PlayerRankApi/GetPlayerRankings?circuitCode=JT&playerTypeCode=B&ageCategoryCode=&juniorRankingType=itf&take=100&skip=400&isOrderAscending=true,2026-09-29T13:03:57.677Z
2026-09-28,M,405,800653617,Joao Cunha Cunha,BRA,Brazil,2008,232.5,https://www.itftennis.com/tennis/api/PlayerRankApi/GetPlayerRankings?circuitCode=JT&playerTypeCode=B&ageCategoryCode=&juniorRankingType=itf&take=100&skip=400&isOrderAscending=true,2026-09-29T13:03:57.677Z
2026-09-28,M,406,800599012,Alkis Michalakopoulos,GRE,Greece,2009,232,https://www.itftennis.com/tennis/api/PlayerRankApi/GetPlayerRankings?circuitCode=JT&playerTypeCode=B&ageCategoryCode=&juniorRankingType=itf&take=100&skip=400&isOrderAscending=true,2026-09-29T13:03:57.677Z
2026-09-28,M,407,800771606,Arjun Krishnan,USA,USA,2010,231.75,https://www.itftennis.com/tennis/api/PlayerRankApi/GetPlayerRankings?circuitCode=JT&playerTypeCode=B&ageCategoryCode=&juniorRankingType=itf&take=100&skip=400&isOrderAscending=true,2026-09-29T13:03:57.677Z
2026-09-28,M,408,800652754,Kamal Fakhretdinov,RUS,Russia,2009,231.75,https://www.itftennis.com/tennis/api/PlayerRankApi/GetPlayerRankings?circuitCode=JT&playerTypeCode=B&ageCategoryCode=&juniorRankingType=itf&take=100&skip=400&isOrderAscending=true,2026-09-29T13:03:57.677Z
2026-09-28,M,409,800684768,Benoit Geldof,FRA,France,2010,230.5,https://www.itftennis.com/tennis/api/PlayerRankApi/GetPlayerRankings?circuitCode=JT&playerTypeCode=B&ageCategoryCode=&juniorRankingType=itf&take=100&skip=400&isOrderAscending=true,2026-09-29T13:03:57.677Z
2026-09-28,M,410,800684524,SHIN JAEJUN,KOR,"Korea, Rep.",2010,229,https://www.itftennis.com/tennis/api/PlayerRankApi/GetPlayerRankings?circuitCode=JT&playerTypeCode=B&ageCategoryCode=&juniorRankingType=itf&take=100&skip=400&isOrderAscending=true,2026-09-29T13:03:57.677Z
2026-09-28,M,411,800661962,Rafael Gama,BRA,Brazil,2009,227.25,https://www.itftennis.com/tennis/api/PlayerRankApi/GetPlayerRankings?circuitCode=JT&playerTypeCode=B&ageCategoryCode=&juniorRankingType=itf&take=100&skip=400&isOrderAscending=true,2026-09-29T13:03:57.677Z
2026-09-28,M,412,800648156,Darsh Sachin Patel,GBR,Great Britain,2009,227,https://www.itftennis.com/tennis/api/PlayerRankApi/GetPlayerRankings?circuitCode=JT&playerTypeCode=B&ageCategoryCode=&juniorRankingType=itf&take=100&skip=400&isOrderAscending=true,2026-09-29T13:03:57.677Z
2026-09-28,M,413,800646769,Rodion Chetverikov,UKR,Ukraine,2008,226,https://www.itftennis.com/tennis/api/PlayerRankApi/GetPlayerRankings?circuitCode=JT&playerTypeCode=B&ageCategoryCode=&juniorRankingType=itf&take=100&skip=400&isOrderAscending=true,2026-09-29T13:03:57.677Z
2026-09-28,M,414,800645550,Hugo Pawel Rytelewski,POL,Poland,2009,226,https://www.itftennis.com/tennis/api/PlayerRankApi/GetPlayerRankings?circuitCode=JT&playerTypeCode=B&ageCategoryCode=&juniorRankingType=itf&take=100&skip=400&isOrderAscending=true,2026-09-29T13:03:57.677Z
2026-09-28,M,415,800738915,Luiz Gustavo Felisberto,BRA,Brazil,2009,225.25,https://www.itftennis.com/tennis/api/PlayerRankApi/GetPlayerRankings?circuitCode=JT&playerTypeCode=B&ageCategoryCode=&juniorRankingType=itf&take=100&skip=400&isOrderAscending=true,2026-09-29T13:03:57.677Z
2026-09-28,M,416,800768247,Achyuth Binu,USA,USA,2009,224.75,https://www.itftennis.com/tennis/api/PlayerRankApi/GetPlayerRankings?circuitCode=JT&playerTypeCode=B&ageCategoryCode=&juniorRankingType=itf&take=100&skip=400&isOrderAscending=true,2026-09-29T13:03:57.677Z
2026-09-28,M,417,800754775,TING-HO YANG,TPE,Chinese Taipei,2009,223.5,https://www.itftennis.com/tennis/api/PlayerRankApi/GetPlayerRankings?circuitCode=JT&playerTypeCode=B&ageCategoryCode=&juniorRankingType=itf&take=100&skip=400&isOrderAscending=true,2026-09-29T13:03:57.677Z
2026-09-28,M,418,800738302,Oluhle Senti,RSA,South Africa,2008,223.5,https://www.itftennis.com/tennis/api/PlayerRankApi/GetPlayerRankings?circuitCode=JT&playerTypeCode=B&ageCategoryCode=&juniorRankingType=itf&take=100&skip=400&isOrderAscending=true,2026-09-29T13:03:57.677Z
2026-09-28,M,419,800695748,Ander Gomez Salas Villegas,MEX,Mexico,2009,223.5,https://www.itftennis.com/tennis/api/PlayerRankApi/GetPlayerRankings?circuitCode=JT&playerTypeCode=B&ageCategoryCode=&juniorRankingType=itf&take=100&skip=400&isOrderAscending=true,2026-09-29T13:03:57.677Z
2026-09-28,M,420,800803100,Daniil Berezin,USA,USA,2010,222.75,https://www.itftennis.com/tennis/api/PlayerRankApi/GetPlayerRankings?circuitCode=JT&playerTypeCode=B&ageCategoryCode=&juniorRankingType=itf&take=100&skip=400&isOrderAscending=true,2026-09-29T13:03:57.677Z
2026-09-28,M,421,800668500,Casey Drake,GBR,Great Britain,2008,222.5,https://www.itftennis.com/tennis/api/PlayerRankApi/GetPlayerRankings?circuitCode=JT&playerTypeCode=B&ageCategoryCode=&juniorRankingType=itf&take=100&skip=400&isOrderAscending=true,2026-09-29T13:03:57.677Z
2026-09-28,M,422,800742090,Mingwei Qiu,CHN,"China, P.R.",2009,221.5,https://www.itftennis.com/tennis/api/PlayerRankApi/GetPlayerRankings?circuitCode=JT&playerTypeCode=B&ageCategoryCode=&juniorRankingType=itf&take=100&skip=400&isOrderAscending=true,2026-09-29T13:03:57.677Z
2026-09-28,M,423,800671267,Mats Jutte,NED,Netherlands,2010,220.25,https://www.itftennis.com/tennis/api/PlayerRankApi/GetPlayerRankings?circuitCode=JT&playerTypeCode=B&ageCategoryCode=&juniorRankingType=itf&take=100&skip=400&isOrderAscending=true,2026-09-29T13:03:57.677Z
2026-09-28,M,424,800644124,kuzey kerem bayrak,TUR,Turkiye,2010,219.5,https://www.itftennis.com/tennis/api/PlayerRankApi/GetPlayerRankings?circuitCode=JT&playerTypeCode=B&ageCategoryCode=&juniorRankingType=itf&take=100&skip=400&isOrderAscending=true,2026-09-29T13:03:57.677Z
2026-09-28,M,425,800599131,Edoardo Barbalaco,ITA,Italy,2008,218.75,https://www.itftennis.com/tennis/api/PlayerRankApi/GetPlayerRankings?circuitCode=JT&playerTypeCode=B&ageCategoryCode=&juniorRankingType=itf&take=100&skip=400&isOrderAscending=true,2026-09-29T13:03:57.677Z
2026-09-28,M,426,800670012,Leonardo Suarez,BOL,Bolivia,2008,218,https://www.itftennis.com/tennis/api/PlayerRankApi/GetPlayerRankings?circuitCode=JT&playerTypeCode=B&ageCategoryCode=&juniorRankingType=itf&take=100&skip=400&isOrderAscending=true,2026-09-29T13:03:57.677Z
2026-09-28,M,427,800748406,Callum Mackinnon,CAN,Canada,2010,217.75,https://www.itftennis.com/tennis/api/PlayerRankApi/GetPlayerRankings?circuitCode=JT&playerTypeCode=B&ageCategoryCode=&juniorRankingType=itf&take=100&skip=400&isOrderAscending=true,2026-09-29T13:03:57.677Z
2026-09-28,M,428,800737788,Bruno Rodrigues,BRA,Brazil,2008,217.25,https://www.itftennis.com/tennis/api/PlayerRankApi/GetPlayerRankings?circuitCode=JT&playerTypeCode=B&ageCategoryCode=&juniorRankingType=itf&take=100&skip=400&isOrderAscending=true,2026-09-29T13:03:57.677Z
2026-09-28,M,429,800672361,joseph Phitoussi,FRA,France,2010,214.5,https://www.itftennis.com/tennis/api/PlayerRankApi/GetPlayerRankings?circuitCode=JT&playerTypeCode=B&ageCategoryCode=&juniorRankingType=itf&take=100&skip=400&isOrderAscending=true,2026-09-29T13:03:57.677Z
2026-09-28,M,430,800732662,Liam Youn,NZL,New Zealand,2009,212.5,https://www.itftennis.com/tennis/api/PlayerRankApi/GetPlayerRankings?circuitCode=JT&playerTypeCode=B&ageCategoryCode=&juniorRankingType=itf&take=100&skip=400&isOrderAscending=true,2026-09-29T13:03:57.677Z
2026-09-28,M,431,800728578,Gabriel Jessup,USA,USA,2008,210.5,https://www.itftennis.com/tennis/api/PlayerRankApi/GetPlayerRankings?circuitCode=JT&playerTypeCode=B&ageCategoryCode=&juniorRankingType=itf&take=100&skip=400&isOrderAscending=true,2026-09-29T13:03:57.677Z
2026-09-28,M,432,800734045,Thomas O'Neill,CAN,Canada,2010,210,https://www.itftennis.com/tennis/api/PlayerRankApi/GetPlayerRankings?circuitCode=JT&playerTypeCode=B&ageCategoryCode=&juniorRankingType=itf&take=100&skip=400&isOrderAscending=true,2026-09-29T13:03:57.677Z
2026-09-28,M,433,800738751,Hongjin Qi,CHN,"China, P.R.",2010,208.75,https://www.itftennis.com/tennis/api/PlayerRankApi/GetPlayerRankings?circuitCode=JT&playerTypeCode=B&ageCategoryCode=&juniorRankingType=itf&take=100&skip=400&isOrderAscending=true,2026-09-29T13:03:57.677Z
2026-09-28,M,434,800598974,Ryan Bedwick,USA,USA,2008,208.5,https://www.itftennis.com/tennis/api/PlayerRankApi/GetPlayerRankings?circuitCode=JT&playerTypeCode=B&ageCategoryCode=&juniorRankingType=itf&take=100&skip=400&isOrderAscending=true,2026-09-29T13:03:57.677Z
2026-09-28,M,435,800655703,Jan Skrzynski,POL,Poland,2009,208.5,https://www.itftennis.com/tennis/api/PlayerRankApi/GetPlayerRankings?circuitCode=JT&playerTypeCode=B&ageCategoryCode=&juniorRankingType=itf&take=100&skip=400&isOrderAscending=true,2026-09-29T13:03:57.677Z
2026-09-28,M,436,800670196,Aatu Niemelae,FIN,Finland,2010,207.75,https://www.itftennis.com/tennis/api/PlayerRankApi/GetPlayerRankings?circuitCode=JT&playerTypeCode=B&ageCategoryCode=&juniorRankingType=itf&take=100&skip=400&isOrderAscending=true,2026-09-29T13:03:57.677Z
2026-09-28,M,437,800695975,Sava Grozdev,BEL,Belgium,2010,207.5,https://www.itftennis.com/tennis/api/PlayerRankApi/GetPlayerRankings?circuitCode=JT&playerTypeCode=B&ageCategoryCode=&juniorRankingType=itf&take=100&skip=400&isOrderAscending=true,2026-09-29T13:03:57.677Z
2026-09-28,M,438,800671371,Yosuke Hino,JPN,Japan,2011,206,https://www.itftennis.com/tennis/api/PlayerRankApi/GetPlayerRankings?circuitCode=JT&playerTypeCode=B&ageCategoryCode=&juniorRankingType=itf&take=100&skip=400&isOrderAscending=true,2026-09-29T13:03:57.677Z
2026-09-28,M,439,800780744,Boshi Wang,CHN,"China, P.R.",2011,205.5,https://www.itftennis.com/tennis/api/PlayerRankApi/GetPlayerRankings?circuitCode=JT&playerTypeCode=B&ageCategoryCode=&juniorRankingType=itf&take=100&skip=400&isOrderAscending=true,2026-09-29T13:03:57.677Z
2026-09-28,M,440,800714672,Diego Custodio Wagner,USA,USA,2010,205.25,https://www.itftennis.com/tennis/api/PlayerRankApi/GetPlayerRankings?circuitCode=JT&playerTypeCode=B&ageCategoryCode=&juniorRankingType=itf&take=100&skip=400&isOrderAscending=true,2026-09-29T13:03:57.677Z
2026-09-28,M,441,800660623,DAVID MOGILEVSKY,KGZ,Kyrgyzstan,2009,204.75,https://www.itftennis.com/tennis/api/PlayerRankApi/GetPlayerRankings?circuitCode=JT&playerTypeCode=B&ageCategoryCode=&juniorRankingType=itf&take=100&skip=400&isOrderAscending=true,2026-09-29T13:03:57.677Z
2026-09-28,M,442,800668264,Panagiotis-Gerasimos Grammatikakis,GRE,Greece,2008,203,https://www.itftennis.com/tennis/api/PlayerRankApi/GetPlayerRankings?circuitCode=JT&playerTypeCode=B&ageCategoryCode=&juniorRankingType=itf&take=100&skip=400&isOrderAscending=true,2026-09-29T13:03:57.677Z
2026-09-28,M,443,800660593,Nicolas Rivera Paz,MEX,Mexico,2008,203,https://www.itftennis.com/tennis/api/PlayerRankApi/GetPlayerRankings?circuitCode=JT&playerTypeCode=B&ageCategoryCode=&juniorRankingType=itf&take=100&skip=400&isOrderAscending=true,2026-09-29T13:03:57.677Z
2026-09-28,M,444,800643778,Andrei Radu,ROU,Romania,2010,203,https://www.itftennis.com/tennis/api/PlayerRankApi/GetPlayerRankings?circuitCode=JT&playerTypeCode=B&ageCategoryCode=&juniorRankingType=itf&take=100&skip=400&isOrderAscending=true,2026-09-29T13:03:57.677Z
2026-09-28,M,445,800784563,Jinhong Yang,CHN,"China, P.R.",2010,202.5,https://www.itftennis.com/tennis/api/PlayerRankApi/GetPlayerRankings?circuitCode=JT&playerTypeCode=B&ageCategoryCode=&juniorRankingType=itf&take=100&skip=400&isOrderAscending=true,2026-09-29T13:03:57.677Z
2026-09-28,M,446,800599348,Georgios Mitalas,GRE,Greece,2008,202.5,https://www.itftennis.com/tennis/api/PlayerRankApi/GetPlayerRankings?circuitCode=JT&playerTypeCode=B&ageCategoryCode=&juniorRankingType=itf&take=100&skip=400&isOrderAscending=true,2026-09-29T13:03:57.677Z
2026-09-28,M,447,800724361,Valentino Arjona,MEX,Mexico,2008,202.5,https://www.itftennis.com/tennis/api/PlayerRankApi/GetPlayerRankings?circuitCode=JT&playerTypeCode=B&ageCategoryCode=&juniorRankingType=itf&take=100&skip=400&isOrderAscending=true,2026-09-29T13:03:57.677Z
2026-09-28,M,448,800599918,Nand Vandepoele,BEL,Belgium,2008,202,https://www.itftennis.com/tennis/api/PlayerRankApi/GetPlayerRankings?circuitCode=JT&playerTypeCode=B&ageCategoryCode=&juniorRankingType=itf&take=100&skip=400&isOrderAscending=true,2026-09-29T13:03:57.677Z
2026-09-28,M,449,800776989,David Mas Masia Lopez,ESP,Spain,2008,202,https://www.itftennis.com/tennis/api/PlayerRankApi/GetPlayerRankings?circuitCode=JT&playerTypeCode=B&ageCategoryCode=&juniorRankingType=itf&take=100&skip=400&isOrderAscending=true,2026-09-29T13:03:57.677Z
2026-09-28,M,450,800720296,Matthew Shapiro,USA,USA,2008,201,https://www.itftennis.com/tennis/api/PlayerRankApi/GetPlayerRankings?circuitCode=JT&playerTypeCode=B&ageCategoryCode=&juniorRankingType=itf&take=100&skip=400&isOrderAscending=true,2026-09-29T13:03:57.677Z
2026-09-28,M,451,800644919,Volodymyr Revenko,UKR,Ukraine,2009,200.5,https://www.itftennis.com/tennis/api/PlayerRankApi/GetPlayerRankings?circuitCode=JT&playerTypeCode=B&ageCategoryCode=&juniorRankingType=itf&take=100&skip=400&isOrderAscending=true,2026-09-29T13:03:57.677Z
2026-09-28,M,452,800638422,Van Son Didoni,ITA,Italy,2008,200.25,https://www.itftennis.com/tennis/api/PlayerRankApi/GetPlayerRankings?circuitCode=JT&playerTypeCode=B&ageCategoryCode=&juniorRankingType=itf&take=100&skip=400&isOrderAscending=true,2026-09-29T13:03:57.678Z
2026-09-28,M,453,800657209,Petr Minakhin,ITA,Italy,2010,200,https://www.itftennis.com/tennis/api/PlayerRankApi/GetPlayerRankings?circuitCode=JT&playerTypeCode=B&ageCategoryCode=&juniorRankingType=itf&take=100&skip=400&isOrderAscending=true,2026-09-29T13:03:57.678Z
2026-09-28,M,454,800680775,Roger Koike,JPN,Japan,2008,199.5,https://www.itftennis.com/tennis/api/PlayerRankApi/GetPlayerRankings?circuitCode=JT&playerTypeCode=B&ageCategoryCode=&juniorRankingType=itf&take=100&skip=400&isOrderAscending=true,2026-09-29T13:03:57.678Z
2026-09-28,M,455,800743167,Jaime Gomez Lopez,MEX,Mexico,2010,199,https://www.itftennis.com/tennis/api/PlayerRankApi/GetPlayerRankings?circuitCode=JT&playerTypeCode=B&ageCategoryCode=&juniorRankingType=itf&take=100&skip=400&isOrderAscending=true,2026-09-29T13:03:57.678Z
2026-09-28,M,456,800700675,Alejandro Hernandez Ramada,ESP,Spain,2009,198.75,https://www.itftennis.com/tennis/api/PlayerRankApi/GetPlayerRankings?circuitCode=JT&playerTypeCode=B&ageCategoryCode=&juniorRankingType=itf&take=100&skip=400&isOrderAscending=true,2026-09-29T13:03:57.678Z
2026-09-28,M,457,800598995,Alan Zinatulin,UZB,Uzbekistan,2009,198,https://www.itftennis.com/tennis/api/PlayerRankApi/GetPlayerRankings?circuitCode=JT&playerTypeCode=B&ageCategoryCode=&juniorRankingType=itf&take=100&skip=400&isOrderAscending=true,2026-09-29T13:03:57.678Z
2026-09-28,M,458,800718989,Niccolo Magagnin,ITA,Italy,2009,197.5,https://www.itftennis.com/tennis/api/PlayerRankApi/GetPlayerRankings?circuitCode=JT&playerTypeCode=B&ageCategoryCode=&juniorRankingType=itf&take=100&skip=400&isOrderAscending=true,2026-09-29T13:03:57.678Z
2026-09-28,M,459,800598778,Archie Gray,GBR,Great Britain,2008,196,https://www.itftennis.com/tennis/api/PlayerRankApi/GetPlayerRankings?circuitCode=JT&playerTypeCode=B&ageCategoryCode=&juniorRankingType=itf&take=100&skip=400&isOrderAscending=true,2026-09-29T13:03:57.678Z
2026-09-28,M,460,800722085,TZU-YUAN TSENG,TPE,Chinese Taipei,2008,195.25,https://www.itftennis.com/tennis/api/PlayerRankApi/GetPlayerRankings?circuitCode=JT&playerTypeCode=B&ageCategoryCode=&juniorRankingType=itf&take=100&skip=400&isOrderAscending=true,2026-09-29T13:03:57.678Z
2026-09-28,M,461,800645133,Marinos Karniatis,GRE,Greece,2009,194.5,https://www.itftennis.com/tennis/api/PlayerRankApi/GetPlayerRankings?circuitCode=JT&playerTypeCode=B&ageCategoryCode=&juniorRankingType=itf&take=100&skip=400&isOrderAscending=true,2026-09-29T13:03:57.678Z
2026-09-28,M,462,800774120,Kango Endoh,JPN,Japan,2010,194,https://www.itftennis.com/tennis/api/PlayerRankApi/GetPlayerRankings?circuitCode=JT&playerTypeCode=B&ageCategoryCode=&juniorRankingType=itf&take=100&skip=400&isOrderAscending=true,2026-09-29T13:03:57.678Z
2026-09-28,M,463,800732116,Mingrui Shi,CHN,"China, P.R.",2009,193.5,https://www.itftennis.com/tennis/api/PlayerRankApi/GetPlayerRankings?circuitCode=JT&playerTypeCode=B&ageCategoryCode=&juniorRankingType=itf&take=100&skip=400&isOrderAscending=true,2026-09-29T13:03:57.678Z
2026-09-28,M,464,800621925,Matija Putic,SRB,Serbia,2009,193.5,https://www.itftennis.com/tennis/api/PlayerRankApi/GetPlayerRankings?circuitCode=JT&playerTypeCode=B&ageCategoryCode=&juniorRankingType=itf&take=100&skip=400&isOrderAscending=true,2026-09-29T13:03:57.678Z
2026-09-28,M,465,800660947,Luca Iliescu,FRA,France,2010,193,https://www.itftennis.com/tennis/api/PlayerRankApi/GetPlayerRankings?circuitCode=JT&playerTypeCode=B&ageCategoryCode=&juniorRankingType=itf&take=100&skip=400&isOrderAscending=true,2026-09-29T13:03:57.678Z
2026-09-28,M,466,800725509,DANIEL EUSAMIO,ESP,Spain,2009,193,https://www.itftennis.com/tennis/api/PlayerRankApi/GetPlayerRankings?circuitCode=JT&playerTypeCode=B&ageCategoryCode=&juniorRankingType=itf&take=100&skip=400&isOrderAscending=true,2026-09-29T13:03:57.678Z
2026-09-28,M,467,800693111,Prakaash Sarran,IND,India,2009,192.5,https://www.itftennis.com/tennis/api/PlayerRankApi/GetPlayerRankings?circuitCode=JT&playerTypeCode=B&ageCategoryCode=&juniorRankingType=itf&take=100&skip=400&isOrderAscending=true,2026-09-29T13:03:57.678Z
2026-09-28,M,468,800800673,Dylan Meineke,USA,USA,2010,192.5,https://www.itftennis.com/tennis/api/PlayerRankApi/GetPlayerRankings?circuitCode=JT&playerTypeCode=B&ageCategoryCode=&juniorRankingType=itf&take=100&skip=400&isOrderAscending=true,2026-09-29T13:03:57.678Z
2026-09-28,M,469,800589486,Rodrigo Leal,POR,Portugal,2008,191.5,https://www.itftennis.com/tennis/api/PlayerRankApi/GetPlayerRankings?circuitCode=JT&playerTypeCode=B&ageCategoryCode=&juniorRankingType=itf&take=100&skip=400&isOrderAscending=true,2026-09-29T13:03:57.678Z
2026-09-28,M,470,800586051,Filip Ladman,CZE,Czechia,2009,191.5,https://www.itftennis.com/tennis/api/PlayerRankApi/GetPlayerRankings?circuitCode=JT&playerTypeCode=B&ageCategoryCode=&juniorRankingType=itf&take=100&skip=400&isOrderAscending=true,2026-09-29T13:03:57.678Z
2026-09-28,M,471,800670249,Lourenco Silva E Costa,POR,Portugal,2009,191,https://www.itftennis.com/tennis/api/PlayerRankApi/GetPlayerRankings?circuitCode=JT&playerTypeCode=B&ageCategoryCode=&juniorRankingType=itf&take=100&skip=400&isOrderAscending=true,2026-09-29T13:03:57.678Z
2026-09-28,M,472,800676485,Matias Erices,CHI,Chile,2009,191,https://www.itftennis.com/tennis/api/PlayerRankApi/GetPlayerRankings?circuitCode=JT&playerTypeCode=B&ageCategoryCode=&juniorRankingType=itf&take=100&skip=400&isOrderAscending=true,2026-09-29T13:03:57.678Z
2026-09-28,M,473,800712076,Gonzalo Corrales Chavarria,ESP,Spain,2010,190.5,https://www.itftennis.com/tennis/api/PlayerRankApi/GetPlayerRankings?circuitCode=JT&playerTypeCode=B&ageCategoryCode=&juniorRankingType=itf&take=100&skip=400&isOrderAscending=true,2026-09-29T13:03:57.678Z
2026-09-28,M,474,800661470,Mannan Ashok Agarwal,IND,India,2009,189.75,https://www.itftennis.com/tennis/api/PlayerRankApi/GetPlayerRankings?circuitCode=JT&playerTypeCode=B&ageCategoryCode=&juniorRankingType=itf&take=100&skip=400&isOrderAscending=true,2026-09-29T13:03:57.678Z
2026-09-28,M,475,800800873,Kai Coghlan,AUS,Australia,2010,188.5,https://www.itftennis.com/tennis/api/PlayerRankApi/GetPlayerRankings?circuitCode=JT&playerTypeCode=B&ageCategoryCode=&juniorRankingType=itf&take=100&skip=400&isOrderAscending=true,2026-09-29T13:03:57.678Z
2026-09-28,M,476,800784748,Aaron-David Mefire Younzwe,CAN,Canada,2009,188.5,https://www.itftennis.com/tennis/api/PlayerRankApi/GetPlayerRankings?circuitCode=JT&playerTypeCode=B&ageCategoryCode=&juniorRankingType=itf&take=100&skip=400&isOrderAscending=true,2026-09-29T13:03:57.678Z
2026-09-28,M,477,800599350,Juchan Hwang,KOR,"Korea, Rep.",2008,188.25,https://www.itftennis.com/tennis/api/PlayerRankApi/GetPlayerRankings?circuitCode=JT&playerTypeCode=B&ageCategoryCode=&juniorRankingType=itf&take=100&skip=400&isOrderAscending=true,2026-09-29T13:03:57.678Z
2026-09-28,M,478,800595239,Aleksandar Mitev,BUL,Bulgaria,2008,188,https://www.itftennis.com/tennis/api/PlayerRankApi/GetPlayerRankings?circuitCode=JT&playerTypeCode=B&ageCategoryCode=&juniorRankingType=itf&take=100&skip=400&isOrderAscending=true,2026-09-29T13:03:57.678Z
2026-09-28,M,479,800668525,SungMin Lee,KOR,"Korea, Rep.",2009,188,https://www.itftennis.com/tennis/api/PlayerRankApi/GetPlayerRankings?circuitCode=JT&playerTypeCode=B&ageCategoryCode=&juniorRankingType=itf&take=100&skip=400&isOrderAscending=true,2026-09-29T13:03:57.678Z
2026-09-28,M,480,800733739,Mateo Comamala,SUI,Switzerland,2008,187.75,https://www.itftennis.com/tennis/api/PlayerRankApi/GetPlayerRankings?circuitCode=JT&playerTypeCode=B&ageCategoryCode=&juniorRankingType=itf&take=100&skip=400&isOrderAscending=true,2026-09-29T13:03:57.678Z
2026-09-28,M,481,800654687,Mark Griaziutin Tverskoj,LTU,Lithuania,2010,187.5,https://www.itftennis.com/tennis/api/PlayerRankApi/GetPlayerRankings?circuitCode=JT&playerTypeCode=B&ageCategoryCode=&juniorRankingType=itf&take=100&skip=400&isOrderAscending=true,2026-09-29T13:03:57.678Z
2026-09-28,M,482,800732776,Yacine Meghari,ALG,Algeria,2009,187.5,https://www.itftennis.com/tennis/api/PlayerRankApi/GetPlayerRankings?circuitCode=JT&playerTypeCode=B&ageCategoryCode=&juniorRankingType=itf&take=100&skip=400&isOrderAscending=true,2026-09-29T13:03:57.678Z
2026-09-28,M,483,800656414,Cayo Narvaez Espinola,PAR,Paraguay,2008,187.25,https://www.itftennis.com/tennis/api/PlayerRankApi/GetPlayerRankings?circuitCode=JT&playerTypeCode=B&ageCategoryCode=&juniorRankingType=itf&take=100&skip=400&isOrderAscending=true,2026-09-29T13:03:57.678Z
2026-09-28,M,484,800808372,Tommy Luxa,CZE,Czechia,2010,187.25,https://www.itftennis.com/tennis/api/PlayerRankApi/GetPlayerRankings?circuitCode=JT&playerTypeCode=B&ageCategoryCode=&juniorRankingType=itf&take=100&skip=400&isOrderAscending=true,2026-09-29T13:03:57.678Z
2026-09-28,M,485,800593318,Mattia Aiassa,SRB,Serbia,2008,186.75,https://www.itftennis.com/tennis/api/PlayerRankApi/GetPlayerRankings?circuitCode=JT&playerTypeCode=B&ageCategoryCode=&juniorRankingType=itf&take=100&skip=400&isOrderAscending=true,2026-09-29T13:03:57.678Z
2026-09-28,M,486,800597838,Liam Channon,GBR,Great Britain,2008,186,https://www.itftennis.com/tennis/api/PlayerRankApi/GetPlayerRankings?circuitCode=JT&playerTypeCode=B&ageCategoryCode=&juniorRankingType=itf&take=100&skip=400&isOrderAscending=true,2026-09-29T13:03:57.678Z
2026-09-28,M,487,800627084,Jules Rimbaud,FRA,France,2009,185.75,https://www.itftennis.com/tennis/api/PlayerRankApi/GetPlayerRankings?circuitCode=JT&playerTypeCode=B&ageCategoryCode=&juniorRankingType=itf&take=100&skip=400&isOrderAscending=true,2026-09-29T13:03:57.678Z
2026-09-28,M,488,800733407,Jinghan Li,CHN,"China, P.R.",2009,184.75,https://www.itftennis.com/tennis/api/PlayerRankApi/GetPlayerRankings?circuitCode=JT&playerTypeCode=B&ageCategoryCode=&juniorRankingType=itf&take=100&skip=400&isOrderAscending=true,2026-09-29T13:03:57.678Z
2026-09-28,M,489,800696269,Rune Hosten,BEL,Belgium,2011,184.5,https://www.itftennis.com/tennis/api/PlayerRankApi/GetPlayerRankings?circuitCode=JT&playerTypeCode=B&ageCategoryCode=&juniorRankingType=itf&take=100&skip=400&isOrderAscending=true,2026-09-29T13:03:57.678Z
2026-09-28,M,490,800714656,Thomas Coppi,FRA,France,2008,183.75,https://www.itftennis.com/tennis/api/PlayerRankApi/GetPlayerRankings?circuitCode=JT&playerTypeCode=B&ageCategoryCode=&juniorRankingType=itf&take=100&skip=400&isOrderAscending=true,2026-09-29T13:03:57.678Z
2026-09-28,M,491,800653180,Matvey Cherevatyj,RUS,Russia,2010,183.75,https://www.itftennis.com/tennis/api/PlayerRankApi/GetPlayerRankings?circuitCode=JT&playerTypeCode=B&ageCategoryCode=&juniorRankingType=itf&take=100&skip=400&isOrderAscending=true,2026-09-29T13:03:57.678Z
2026-09-28,M,492,800807255,Rafael Augusto Garcia Finetto,BRA,Brazil,2008,183,https://www.itftennis.com/tennis/api/PlayerRankApi/GetPlayerRankings?circuitCode=JT&playerTypeCode=B&ageCategoryCode=&juniorRankingType=itf&take=100&skip=400&isOrderAscending=true,2026-09-29T13:03:57.678Z
2026-09-28,M,493,800673640,Mattia Pescosolido,ITA,Italy,2009,183,https://www.itftennis.com/tennis/api/PlayerRankApi/GetPlayerRankings?circuitCode=JT&playerTypeCode=B&ageCategoryCode=&juniorRankingType=itf&take=100&skip=400&isOrderAscending=true,2026-09-29T13:03:57.678Z
2026-09-28,M,494,800820294,Yu ting WU,CHN,"China, P.R.",2011,182.5,https://www.itftennis.com/tennis/api/PlayerRankApi/GetPlayerRankings?circuitCode=JT&playerTypeCode=B&ageCategoryCode=&juniorRankingType=itf&take=100&skip=400&isOrderAscending=true,2026-09-29T13:03:57.678Z
2026-09-28,M,495,800734058,Brayden Woo,CAN,Canada,2009,182.25,https://www.itftennis.com/tennis/api/PlayerRankApi/GetPlayerRankings?circuitCode=JT&playerTypeCode=B&ageCategoryCode=&juniorRankingType=itf&take=100&skip=400&isOrderAscending=true,2026-09-29T13:03:57.678Z
2026-09-28,M,496,800722358,ghali salah-eddine,MAR,Morocco,2009,182,https://www.itftennis.com/tennis/api/PlayerRankApi/GetPlayerRankings?circuitCode=JT&playerTypeCode=B&ageCategoryCode=&juniorRankingType=itf&take=100&skip=400&isOrderAscending=true,2026-09-29T13:03:57.678Z
2026-09-28,M,497,800592340,Oleg Covian,ESP,Spain,2009,181.5,https://www.itftennis.com/tennis/api/PlayerRankApi/GetPlayerRankings?circuitCode=JT&playerTypeCode=B&ageCategoryCode=&juniorRankingType=itf&take=100&skip=400&isOrderAscending=true,2026-09-29T13:03:57.678Z
2026-09-28,M,498,800660765,Antonio Blanco Epple,CHI,Chile,2009,181.5,https://www.itftennis.com/tennis/api/PlayerRankApi/GetPlayerRankings?circuitCode=JT&playerTypeCode=B&ageCategoryCode=&juniorRankingType=itf&take=100&skip=400&isOrderAscending=true,2026-09-29T13:03:57.678Z
2026-09-28,M,499,800631800,Xingyu Chen,CHN,"China, P.R.",2008,181.25,https://www.itftennis.com/tennis/api/PlayerRankApi/GetPlayerRankings?circuitCode=JT&playerTypeCode=B&ageCategoryCode=&juniorRankingType=itf&take=100&skip=400&isOrderAscending=true,2026-09-29T13:03:57.678Z
2026-09-28,M,500,800667513,Jaume Casas Blasi,ESP,Spain,2008,180.75,https://www.itftennis.com/tennis/api/PlayerRankApi/GetPlayerRankings?circuitCode=JT&playerTypeCode=B&ageCategoryCode=&juniorRankingType=itf&take=100&skip=400&isOrderAscending=true,2026-09-29T13:03:57.678Z
2026-09-28,M,501,800660722,Marek Smejcky,CZE,Czechia,2010,180.75,https://www.itftennis.com/tennis/api/PlayerRankApi/GetPlayerRankings?circuitCode=JT&playerTypeCode=B&ageCategoryCode=&juniorRankingType=itf&take=100&skip=500&isOrderAscending=true,2026-09-29T13:03:59.383Z
2026-09-28,M,502,800661204,Iakov Mazin,RUS,Russia,2011,180.5,https://www.itftennis.com/tennis/api/PlayerRankApi/GetPlayerRankings?circuitCode=JT&playerTypeCode=B&ageCategoryCode=&juniorRankingType=itf&take=100&skip=500&isOrderAscending=true,2026-09-29T13:03:59.383Z
2026-09-28,M,503,800695236,Patrick Breen,IRL,Ireland,2010,180,https://www.itftennis.com/tennis/api/PlayerRankApi/GetPlayerRankings?circuitCode=JT&playerTypeCode=B&ageCategoryCode=&juniorRankingType=itf&take=100&skip=500&isOrderAscending=true,2026-09-29T13:03:59.383Z
2026-09-28,M,504,800738422,Shijie Chen,CHN,"China, P.R.",2008,178.25,https://www.itftennis.com/tennis/api/PlayerRankApi/GetPlayerRankings?circuitCode=JT&playerTypeCode=B&ageCategoryCode=&juniorRankingType=itf&take=100&skip=500&isOrderAscending=true,2026-09-29T13:03:59.383Z
2026-09-28,M,505,800573486,Krystof Kominek,CZE,Czechia,2008,178,https://www.itftennis.com/tennis/api/PlayerRankApi/GetPlayerRankings?circuitCode=JT&playerTypeCode=B&ageCategoryCode=&juniorRankingType=itf&take=100&skip=500&isOrderAscending=true,2026-09-29T13:03:59.383Z
2026-09-28,M,506,800750845,Matias Reyniak,USA,USA,2009,176.5,https://www.itftennis.com/tennis/api/PlayerRankApi/GetPlayerRankings?circuitCode=JT&playerTypeCode=B&ageCategoryCode=&juniorRankingType=itf&take=100&skip=500&isOrderAscending=true,2026-09-29T13:03:59.383Z
2026-09-28,M,507,800739462,Siyun Kim,KOR,"Korea, Rep.",2011,175.75,https://www.itftennis.com/tennis/api/PlayerRankApi/GetPlayerRankings?circuitCode=JT&playerTypeCode=B&ageCategoryCode=&juniorRankingType=itf&take=100&skip=500&isOrderAscending=true,2026-09-29T13:03:59.383Z
2026-09-28,M,508,800600188,Valentin Klaunzner,AUT,Austria,2008,175.75,https://www.itftennis.com/tennis/api/PlayerRankApi/GetPlayerRankings?circuitCode=JT&playerTypeCode=B&ageCategoryCode=&juniorRankingType=itf&take=100&skip=500&isOrderAscending=true,2026-09-29T13:03:59.383Z
2026-09-28,M,509,800752829,Pedro Queiroz,BRA,Brazil,2009,175.25,https://www.itftennis.com/tennis/api/PlayerRankApi/GetPlayerRankings?circuitCode=JT&playerTypeCode=B&ageCategoryCode=&juniorRankingType=itf&take=100&skip=500&isOrderAscending=true,2026-09-29T13:03:59.383Z
2026-09-28,M,510,800670194,Rafa Jeconia verdasco Mangunsong,INA,Indonesia,2009,175.25,https://www.itftennis.com/tennis/api/PlayerRankApi/GetPlayerRankings?circuitCode=JT&playerTypeCode=B&ageCategoryCode=&juniorRankingType=itf&take=100&skip=500&isOrderAscending=true,2026-09-29T13:03:59.383Z
2026-09-28,M,511,800665720,Mao Tazuru,JPN,Japan,2009,175,https://www.itftennis.com/tennis/api/PlayerRankApi/GetPlayerRankings?circuitCode=JT&playerTypeCode=B&ageCategoryCode=&juniorRankingType=itf&take=100&skip=500&isOrderAscending=true,2026-09-29T13:03:59.383Z
2026-09-28,M,512,800655007,Om Verma,IND,India,2009,175,https://www.itftennis.com/tennis/api/PlayerRankApi/GetPlayerRankings?circuitCode=JT&playerTypeCode=B&ageCategoryCode=&juniorRankingType=itf&take=100&skip=500&isOrderAscending=true,2026-09-29T13:03:59.383Z
2026-09-28,M,513,800621787,Kristian Vukovic,FRA,France,2009,175,https://www.itftennis.com/tennis/api/PlayerRankApi/GetPlayerRankings?circuitCode=JT&playerTypeCode=B&ageCategoryCode=&juniorRankingType=itf&take=100&skip=500&isOrderAscending=true,2026-09-29T13:03:59.383Z
2026-09-28,M,514,800745914,Ethan Dodd,RSA,South Africa,2009,174.5,https://www.itftennis.com/tennis/api/PlayerRankApi/GetPlayerRankings?circuitCode=JT&playerTypeCode=B&ageCategoryCode=&juniorRankingType=itf&take=100&skip=500&isOrderAscending=true,2026-09-29T13:03:59.383Z
2026-09-28,M,515,800753989,Yuxuan Li,CHN,"China, P.R.",2010,174.5,https://www.itftennis.com/tennis/api/PlayerRankApi/GetPlayerRankings?circuitCode=JT&playerTypeCode=B&ageCategoryCode=&juniorRankingType=itf&take=100&skip=500&isOrderAscending=true,2026-09-29T13:03:59.383Z
2026-09-28,M,516,800691038,Max Lorincik,SVK,Slovakia,2011,174,https://www.itftennis.com/tennis/api/PlayerRankApi/GetPlayerRankings?circuitCode=JT&playerTypeCode=B&ageCategoryCode=&juniorRankingType=itf&take=100&skip=500&isOrderAscending=true,2026-09-29T13:03:59.383Z
2026-09-28,M,517,800654511,Nikita Davidovsky,BLR,Belarus,2010,173.5,https://www.itftennis.com/tennis/api/PlayerRankApi/GetPlayerRankings?circuitCode=JT&playerTypeCode=B&ageCategoryCode=&juniorRankingType=itf&take=100&skip=500&isOrderAscending=true,2026-09-29T13:03:59.383Z
2026-09-28,M,518,800692986,Henrique Hoffmann Schafer Henrique Schafer,BRA,Brazil,2009,173.25,https://www.itftennis.com/tennis/api/PlayerRankApi/GetPlayerRankings?circuitCode=JT&playerTypeCode=B&ageCategoryCode=&juniorRankingType=itf&take=100&skip=500&isOrderAscending=true,2026-09-29T13:03:59.383Z
2026-09-28,M,519,800799267,Yashwin Krishnakumar,USA,USA,2008,173,https://www.itftennis.com/tennis/api/PlayerRankApi/GetPlayerRankings?circuitCode=JT&playerTypeCode=B&ageCategoryCode=&juniorRankingType=itf&take=100&skip=500&isOrderAscending=true,2026-09-29T13:03:59.383Z
2026-09-28,M,520,800631911,Mansur Sainov,KAZ,Kazakhstan,2009,172.5,https://www.itftennis.com/tennis/api/PlayerRankApi/GetPlayerRankings?circuitCode=JT&playerTypeCode=B&ageCategoryCode=&juniorRankingType=itf&take=100&skip=500&isOrderAscending=true,2026-09-29T13:03:59.383Z
2026-09-28,M,521,800670108,Aaron Alberto Ascanio Prato,VEN,Venezuela,2009,172.5,https://www.itftennis.com/tennis/api/PlayerRankApi/GetPlayerRankings?circuitCode=JT&playerTypeCode=B&ageCategoryCode=&juniorRankingType=itf&take=100&skip=500&isOrderAscending=true,2026-09-29T13:03:59.383Z
2026-09-28,M,522,800595642,Ziya Ayberk Aydin,TUR,Turkiye,2009,172.25,https://www.itftennis.com/tennis/api/PlayerRankApi/GetPlayerRankings?circuitCode=JT&playerTypeCode=B&ageCategoryCode=&juniorRankingType=itf&take=100&skip=500&isOrderAscending=true,2026-09-29T13:03:59.383Z
2026-09-28,M,523,800745317,Shun Munetoh,JPN,Japan,2011,171.25,https://www.itftennis.com/tennis/api/PlayerRankApi/GetPlayerRankings?circuitCode=JT&playerTypeCode=B&ageCategoryCode=&juniorRankingType=itf&take=100&skip=500&isOrderAscending=true,2026-09-29T13:03:59.383Z
2026-09-28,M,524,800745866,Kodai ABE,JPN,Japan,2010,171.25,https://www.itftennis.com/tennis/api/PlayerRankApi/GetPlayerRankings?circuitCode=JT&playerTypeCode=B&ageCategoryCode=&juniorRankingType=itf&take=100&skip=500&isOrderAscending=true,2026-09-29T13:03:59.383Z
2026-09-28,M,525,800653870,Evan GIURESCU,FRA,France,2011,170.25,https://www.itftennis.com/tennis/api/PlayerRankApi/GetPlayerRankings?circuitCode=JT&playerTypeCode=B&ageCategoryCode=&juniorRankingType=itf&take=100&skip=500&isOrderAscending=true,2026-09-29T13:03:59.383Z
2026-09-28,M,526,800774005,Peter Nistad,USA,USA,2009,170,https://www.itftennis.com/tennis/api/PlayerRankApi/GetPlayerRankings?circuitCode=JT&playerTypeCode=B&ageCategoryCode=&juniorRankingType=itf&take=100&skip=500&isOrderAscending=true,2026-09-29T13:03:59.383Z
2026-09-28,M,527,800743522,Mathias Hamel-Van Dun,CAN,Canada,2008,169.75,https://www.itftennis.com/tennis/api/PlayerRankApi/GetPlayerRankings?circuitCode=JT&playerTypeCode=B&ageCategoryCode=&juniorRankingType=itf&take=100&skip=500&isOrderAscending=true,2026-09-29T13:03:59.383Z
2026-09-28,M,528,800662153,Ivan van Ruiten,NED,Netherlands,2010,169.5,https://www.itftennis.com/tennis/api/PlayerRankApi/GetPlayerRankings?circuitCode=JT&playerTypeCode=B&ageCategoryCode=&juniorRankingType=itf&take=100&skip=500&isOrderAscending=true,2026-09-29T13:03:59.383Z
2026-09-28,M,529,800771874,Maximus Muller,SWE,Sweden,2008,169,https://www.itftennis.com/tennis/api/PlayerRankApi/GetPlayerRankings?circuitCode=JT&playerTypeCode=B&ageCategoryCode=&juniorRankingType=itf&take=100&skip=500&isOrderAscending=true,2026-09-29T13:03:59.383Z
2026-09-28,M,530,800780138,Hengzhi Cui,CHN,"China, P.R.",2010,169,https://www.itftennis.com/tennis/api/PlayerRankApi/GetPlayerRankings?circuitCode=JT&playerTypeCode=B&ageCategoryCode=&juniorRankingType=itf&take=100&skip=500&isOrderAscending=true,2026-09-29T13:03:59.383Z
2026-09-28,M,531,800664223,Lucas Ariel Herrera Sanchez,GER,Germany,2011,168.75,https://www.itftennis.com/tennis/api/PlayerRankApi/GetPlayerRankings?circuitCode=JT&playerTypeCode=B&ageCategoryCode=&juniorRankingType=itf&take=100&skip=500&isOrderAscending=true,2026-09-29T13:03:59.383Z
2026-09-28,M,532,800596350,Jure Siftar,SLO,Slovenia,2008,168.25,https://www.itftennis.com/tennis/api/PlayerRankApi/GetPlayerRankings?circuitCode=JT&playerTypeCode=B&ageCategoryCode=&juniorRankingType=itf&take=100&skip=500&isOrderAscending=true,2026-09-29T13:03:59.383Z
2026-09-28,M,533,800683989,David Aguiar Johansson,ESP,Spain,2008,168.25,https://www.itftennis.com/tennis/api/PlayerRankApi/GetPlayerRankings?circuitCode=JT&playerTypeCode=B&ageCategoryCode=&juniorRankingType=itf&take=100&skip=500&isOrderAscending=true,2026-09-29T13:03:59.383Z
2026-09-28,M,534,800725172,AbuBakar Talha,PAK,Pakistan,2010,168,https://www.itftennis.com/tennis/api/PlayerRankApi/GetPlayerRankings?circuitCode=JT&playerTypeCode=B&ageCategoryCode=&juniorRankingType=itf&take=100&skip=500&isOrderAscending=true,2026-09-29T13:03:59.383Z
2026-09-28,M,535,800663810,Aran Selvaraasan,GBR,Great Britain,2010,167.5,https://www.itftennis.com/tennis/api/PlayerRankApi/GetPlayerRankings?circuitCode=JT&playerTypeCode=B&ageCategoryCode=&juniorRankingType=itf&take=100&skip=500&isOrderAscending=true,2026-09-29T13:03:59.383Z
2026-09-28,M,536,800709432,Eduard Dragomir,ROU,Romania,2009,166.75,https://www.itftennis.com/tennis/api/PlayerRankApi/GetPlayerRankings?circuitCode=JT&playerTypeCode=B&ageCategoryCode=&juniorRankingType=itf&take=100&skip=500&isOrderAscending=true,2026-09-29T13:03:59.383Z
2026-09-28,M,537,800708029,Daniel Rat,CZE,Czechia,2008,166.5,https://www.itftennis.com/tennis/api/PlayerRankApi/GetPlayerRankings?circuitCode=JT&playerTypeCode=B&ageCategoryCode=&juniorRankingType=itf&take=100&skip=500&isOrderAscending=true,2026-09-29T13:03:59.383Z
2026-09-28,M,538,800725559,Pablo Rueda,ESP,Spain,2010,166.25,https://www.itftennis.com/tennis/api/PlayerRankApi/GetPlayerRankings?circuitCode=JT&playerTypeCode=B&ageCategoryCode=&juniorRankingType=itf&take=100&skip=500&isOrderAscending=true,2026-09-29T13:03:59.383Z
2026-09-28,M,539,800603106,Charlie Bazil,SUI,Switzerland,2008,165,https://www.itftennis.com/tennis/api/PlayerRankApi/GetPlayerRankings?circuitCode=JT&playerTypeCode=B&ageCategoryCode=&juniorRankingType=itf&take=100&skip=500&isOrderAscending=true,2026-09-29T13:03:59.383Z
2026-09-28,M,540,800756823,Zi Yi Ou,TPE,Chinese Taipei,2009,165,https://www.itftennis.com/tennis/api/PlayerRankApi/GetPlayerRankings?circuitCode=JT&playerTypeCode=B&ageCategoryCode=&juniorRankingType=itf&take=100&skip=500&isOrderAscending=true,2026-09-29T13:03:59.383Z
2026-09-28,M,541,800625534,Clement Hemery,FRA,France,2009,164.25,https://www.itftennis.com/tennis/api/PlayerRankApi/GetPlayerRankings?circuitCode=JT&playerTypeCode=B&ageCategoryCode=&juniorRankingType=itf&take=100&skip=500&isOrderAscending=true,2026-09-29T13:03:59.383Z
2026-09-28,M,542,800732400,VINCENT WEAVER,USA,USA,2008,163.75,https://www.itftennis.com/tennis/api/PlayerRankApi/GetPlayerRankings?circuitCode=JT&playerTypeCode=B&ageCategoryCode=&juniorRankingType=itf&take=100&skip=500&isOrderAscending=true,2026-09-29T13:03:59.383Z
2026-09-28,M,543,800830060,Eli Kaminski,USA,USA,2010,163,https://www.itftennis.com/tennis/api/PlayerRankApi/GetPlayerRankings?circuitCode=JT&playerTypeCode=B&ageCategoryCode=&juniorRankingType=itf&take=100&skip=500&isOrderAscending=true,2026-09-29T13:03:59.383Z
2026-09-28,M,544,800678358,JAVIER BALLESTER GALARZA,ESP,Spain,2010,163,https://www.itftennis.com/tennis/api/PlayerRankApi/GetPlayerRankings?circuitCode=JT&playerTypeCode=B&ageCategoryCode=&juniorRankingType=itf&take=100&skip=500&isOrderAscending=true,2026-09-29T13:03:59.383Z
2026-09-28,M,545,800707562,Chase Bowden,USA,USA,2009,162.75,https://www.itftennis.com/tennis/api/PlayerRankApi/GetPlayerRankings?circuitCode=JT&playerTypeCode=B&ageCategoryCode=&juniorRankingType=itf&take=100&skip=500&isOrderAscending=true,2026-09-29T13:03:59.383Z
2026-09-28,M,546,800648820,Mads Bruhn Aaby,DEN,Denmark,2008,162.75,https://www.itftennis.com/tennis/api/PlayerRankApi/GetPlayerRankings?circuitCode=JT&playerTypeCode=B&ageCategoryCode=&juniorRankingType=itf&take=100&skip=500&isOrderAscending=true,2026-09-29T13:03:59.383Z
2026-09-28,M,547,800753060,Matias Quintero Tobon,COL,Colombia,2009,162.5,https://www.itftennis.com/tennis/api/PlayerRankApi/GetPlayerRankings?circuitCode=JT&playerTypeCode=B&ageCategoryCode=&juniorRankingType=itf&take=100&skip=500&isOrderAscending=true,2026-09-29T13:03:59.383Z
2026-09-28,M,548,800670772,Michele Maniglia,ITA,Italy,2009,162.5,https://www.itftennis.com/tennis/api/PlayerRankApi/GetPlayerRankings?circuitCode=JT&playerTypeCode=B&ageCategoryCode=&juniorRankingType=itf&take=100&skip=500&isOrderAscending=true,2026-09-29T13:03:59.383Z
2026-09-28,M,549,800710920,Tomoki Fujiwara,JPN,Japan,2008,160.75,https://www.itftennis.com/tennis/api/PlayerRankApi/GetPlayerRankings?circuitCode=JT&playerTypeCode=B&ageCategoryCode=&juniorRankingType=itf&take=100&skip=500&isOrderAscending=true,2026-09-29T13:03:59.383Z
2026-09-28,M,550,800783410,Antoine Baudot,FRA,France,2009,160.25,https://www.itftennis.com/tennis/api/PlayerRankApi/GetPlayerRankings?circuitCode=JT&playerTypeCode=B&ageCategoryCode=&juniorRankingType=itf&take=100&skip=500&isOrderAscending=true,2026-09-29T13:03:59.383Z
2026-09-28,M,551,800701263,Raphael Nii Nortei Dowuona,GHA,Ghana,2008,160,https://www.itftennis.com/tennis/api/PlayerRankApi/GetPlayerRankings?circuitCode=JT&playerTypeCode=B&ageCategoryCode=&juniorRankingType=itf&take=100&skip=500&isOrderAscending=true,2026-09-29T13:03:59.383Z
2026-09-28,M,552,800705099,Selwyn Tsz Yuen Wong,HKG,"Hong Kong, China",2009,159.5,https://www.itftennis.com/tennis/api/PlayerRankApi/GetPlayerRankings?circuitCode=JT&playerTypeCode=B&ageCategoryCode=&juniorRankingType=itf&take=100&skip=500&isOrderAscending=true,2026-09-29T13:03:59.383Z
2026-09-28,M,553,800625292,Yanhong Li,CHN,"China, P.R.",2008,158.25,https://www.itftennis.com/tennis/api/PlayerRankApi/GetPlayerRankings?circuitCode=JT&playerTypeCode=B&ageCategoryCode=&juniorRankingType=itf&take=100&skip=500&isOrderAscending=true,2026-09-29T13:03:59.383Z
2026-09-28,M,554,800602587,Jakub Cernovicky,CZE,Czechia,2008,158,https://www.itftennis.com/tennis/api/PlayerRankApi/GetPlayerRankings?circuitCode=JT&playerTypeCode=B&ageCategoryCode=&juniorRankingType=itf&take=100&skip=500&isOrderAscending=true,2026-09-29T13:03:59.383Z
2026-09-28,M,555,800720051,ENRIQUE SANTIAGO CHORA BAYON,MEX,Mexico,2009,157.75,https://www.itftennis.com/tennis/api/PlayerRankApi/GetPlayerRankings?circuitCode=JT&playerTypeCode=B&ageCategoryCode=&juniorRankingType=itf&take=100&skip=500&isOrderAscending=true,2026-09-29T13:03:59.383Z
2026-09-28,M,556,800625690,Ganuka Fernando,SRI,Sri Lanka,2008,157.75,https://www.itftennis.com/tennis/api/PlayerRankApi/GetPlayerRankings?circuitCode=JT&playerTypeCode=B&ageCategoryCode=&juniorRankingType=itf&take=100&skip=500&isOrderAscending=true,2026-09-29T13:03:59.383Z
2026-09-28,M,557,800585584,Sion Ji,KOR,"Korea, Rep.",2008,157.5,https://www.itftennis.com/tennis/api/PlayerRankApi/GetPlayerRankings?circuitCode=JT&playerTypeCode=B&ageCategoryCode=&juniorRankingType=itf&take=100&skip=500&isOrderAscending=true,2026-09-29T13:03:59.383Z
2026-09-28,M,558,800663475,Mario Vukovic,FRA,France,2011,157.5,https://www.itftennis.com/tennis/api/PlayerRankApi/GetPlayerRankings?circuitCode=JT&playerTypeCode=B&ageCategoryCode=&juniorRankingType=itf&take=100&skip=500&isOrderAscending=true,2026-09-29T13:03:59.383Z
2026-09-28,M,559,800666190,Lyul Kim,KOR,"Korea, Rep.",2008,156.75,https://www.itftennis.com/tennis/api/PlayerRankApi/GetPlayerRankings?circuitCode=JT&playerTypeCode=B&ageCategoryCode=&juniorRankingType=itf&take=100&skip=500&isOrderAscending=true,2026-09-29T13:03:59.384Z
2026-09-28,M,560,800734188,Indra Vergne,USA,USA,2011,156.75,https://www.itftennis.com/tennis/api/PlayerRankApi/GetPlayerRankings?circuitCode=JT&playerTypeCode=B&ageCategoryCode=&juniorRankingType=itf&take=100&skip=500&isOrderAscending=true,2026-09-29T13:03:59.384Z
2026-09-28,M,561,800659883,Nicolas Dagda Mireles,MEX,Mexico,2008,156.5,https://www.itftennis.com/tennis/api/PlayerRankApi/GetPlayerRankings?circuitCode=JT&playerTypeCode=B&ageCategoryCode=&juniorRankingType=itf&take=100&skip=500&isOrderAscending=true,2026-09-29T13:03:59.384Z
2026-09-28,M,562,800747931,Jiacheng Li,CHN,"China, P.R.",2009,156.25,https://www.itftennis.com/tennis/api/PlayerRankApi/GetPlayerRankings?circuitCode=JT&playerTypeCode=B&ageCategoryCode=&juniorRankingType=itf&take=100&skip=500&isOrderAscending=true,2026-09-29T13:03:59.384Z
2026-09-28,M,563,800672512,Samuel Pelletier,CAN,Canada,2009,155.5,https://www.itftennis.com/tennis/api/PlayerRankApi/GetPlayerRankings?circuitCode=JT&playerTypeCode=B&ageCategoryCode=&juniorRankingType=itf&take=100&skip=500&isOrderAscending=true,2026-09-29T13:03:59.384Z
2026-09-28,M,564,800587629,Alex Bergomi,SUI,Switzerland,2008,155.5,https://www.itftennis.com/tennis/api/PlayerRankApi/GetPlayerRankings?circuitCode=JT&playerTypeCode=B&ageCategoryCode=&juniorRankingType=itf&take=100&skip=500&isOrderAscending=true,2026-09-29T13:03:59.384Z
2026-09-28,M,565,800705298,Alejandro Pena,COL,Colombia,2008,155.5,https://www.itftennis.com/tennis/api/PlayerRankApi/GetPlayerRankings?circuitCode=JT&playerTypeCode=B&ageCategoryCode=&juniorRankingType=itf&take=100&skip=500&isOrderAscending=true,2026-09-29T13:03:59.384Z
2026-09-28,M,566,800711481,joaquin gaitan,ARG,Argentina,2009,155.5,https://www.itftennis.com/tennis/api/PlayerRankApi/GetPlayerRankings?circuitCode=JT&playerTypeCode=B&ageCategoryCode=&juniorRankingType=itf&take=100&skip=500&isOrderAscending=true,2026-09-29T13:03:59.384Z
2026-09-28,M,567,800673007,Riccardo Pretolani,ITA,Italy,2010,155.25,https://www.itftennis.com/tennis/api/PlayerRankApi/GetPlayerRankings?circuitCode=JT&playerTypeCode=B&ageCategoryCode=&juniorRankingType=itf&take=100&skip=500&isOrderAscending=true,2026-09-29T13:03:59.384Z
2026-09-28,M,568,800598999,Max Geissinger,GER,Germany,2008,155,https://www.itftennis.com/tennis/api/PlayerRankApi/GetPlayerRankings?circuitCode=JT&playerTypeCode=B&ageCategoryCode=&juniorRankingType=itf&take=100&skip=500&isOrderAscending=true,2026-09-29T13:03:59.384Z
2026-09-28,M,569,800576472,Victor Barreira Bonzom,FRA,France,2008,154.75,https://www.itftennis.com/tennis/api/PlayerRankApi/GetPlayerRankings?circuitCode=JT&playerTypeCode=B&ageCategoryCode=&juniorRankingType=itf&take=100&skip=500&isOrderAscending=true,2026-09-29T13:03:59.384Z
2026-09-28,M,570,800651342,Kasra Nathaniel Shirazi,GBR,Great Britain,2009,154.5,https://www.itftennis.com/tennis/api/PlayerRankApi/GetPlayerRankings?circuitCode=JT&playerTypeCode=B&ageCategoryCode=&juniorRankingType=itf&take=100&skip=500&isOrderAscending=true,2026-09-29T13:03:59.384Z
2026-09-28,M,571,800748774,Simon Hayal,USA,USA,2009,154.5,https://www.itftennis.com/tennis/api/PlayerRankApi/GetPlayerRankings?circuitCode=JT&playerTypeCode=B&ageCategoryCode=&juniorRankingType=itf&take=100&skip=500&isOrderAscending=true,2026-09-29T13:03:59.384Z
2026-09-28,M,572,800649374,Martin Bonev,BUL,Bulgaria,2009,154.5,https://www.itftennis.com/tennis/api/PlayerRankApi/GetPlayerRankings?circuitCode=JT&playerTypeCode=B&ageCategoryCode=&juniorRankingType=itf&take=100&skip=500&isOrderAscending=true,2026-09-29T13:03:59.384Z
2026-09-28,M,573,800811763,Ribhav Saroha,IND,India,2010,154,https://www.itftennis.com/tennis/api/PlayerRankApi/GetPlayerRankings?circuitCode=JT&playerTypeCode=B&ageCategoryCode=&juniorRankingType=itf&take=100&skip=500&isOrderAscending=true,2026-09-29T13:03:59.384Z
2026-09-28,M,574,800628607,Filippo Catalano,ITA,Italy,2009,153.5,https://www.itftennis.com/tennis/api/PlayerRankApi/GetPlayerRankings?circuitCode=JT&playerTypeCode=B&ageCategoryCode=&juniorRankingType=itf&take=100&skip=500&isOrderAscending=true,2026-09-29T13:03:59.384Z
2026-09-28,M,575,800673676,Rayen Zerai,CZE,Czechia,2008,153.25,https://www.itftennis.com/tennis/api/PlayerRankApi/GetPlayerRankings?circuitCode=JT&playerTypeCode=B&ageCategoryCode=&juniorRankingType=itf&take=100&skip=500&isOrderAscending=true,2026-09-29T13:03:59.384Z
2026-09-28,M,576,800706159,Om Patel,IND,India,2009,152.75,https://www.itftennis.com/tennis/api/PlayerRankApi/GetPlayerRankings?circuitCode=JT&playerTypeCode=B&ageCategoryCode=&juniorRankingType=itf&take=100&skip=500&isOrderAscending=true,2026-09-29T13:03:59.384Z
2026-09-28,M,577,800689814,Kanata Ozaki,JPN,Japan,2008,152,https://www.itftennis.com/tennis/api/PlayerRankApi/GetPlayerRankings?circuitCode=JT&playerTypeCode=B&ageCategoryCode=&juniorRankingType=itf&take=100&skip=500&isOrderAscending=true,2026-09-29T13:03:59.384Z
2026-09-28,M,578,800666225,Haqim Kamal,GBR,Great Britain,2011,152,https://www.itftennis.com/tennis/api/PlayerRankApi/GetPlayerRankings?circuitCode=JT&playerTypeCode=B&ageCategoryCode=&juniorRankingType=itf&take=100&skip=500&isOrderAscending=true,2026-09-29T13:03:59.384Z
2026-09-28,M,579,800743005,Flynn Coventry-Searle,AUS,Australia,2010,151.75,https://www.itftennis.com/tennis/api/PlayerRankApi/GetPlayerRankings?circuitCode=JT&playerTypeCode=B&ageCategoryCode=&juniorRankingType=itf&take=100&skip=500&isOrderAscending=true,2026-09-29T13:03:59.384Z
2026-09-28,M,580,800645769,Facundo Pereyra,ARG,Argentina,2008,151.75,https://www.itftennis.com/tennis/api/PlayerRankApi/GetPlayerRankings?circuitCode=JT&playerTypeCode=B&ageCategoryCode=&juniorRankingType=itf&take=100&skip=500&isOrderAscending=true,2026-09-29T13:03:59.384Z
2026-09-28,M,581,800759865,Fernando Cafure,BRA,Brazil,2008,151.75,https://www.itftennis.com/tennis/api/PlayerRankApi/GetPlayerRankings?circuitCode=JT&playerTypeCode=B&ageCategoryCode=&juniorRankingType=itf&take=100&skip=500&isOrderAscending=true,2026-09-29T13:03:59.384Z
2026-09-28,M,582,800667744,RYOTA TERAUCHI,JPN,Japan,2010,151.25,https://www.itftennis.com/tennis/api/PlayerRankApi/GetPlayerRankings?circuitCode=JT&playerTypeCode=B&ageCategoryCode=&juniorRankingType=itf&take=100&skip=500&isOrderAscending=true,2026-09-29T13:03:59.384Z
2026-09-28,M,583,800814383,Tristan Ascenzo,USA,USA,2011,151.25,https://www.itftennis.com/tennis/api/PlayerRankApi/GetPlayerRankings?circuitCode=JT&playerTypeCode=B&ageCategoryCode=&juniorRankingType=itf&take=100&skip=500&isOrderAscending=true,2026-09-29T13:03:59.384Z
2026-09-28,M,584,800719980,AASHRAVYA MEHRA,IND,India,2008,151,https://www.itftennis.com/tennis/api/PlayerRankApi/GetPlayerRankings?circuitCode=JT&playerTypeCode=B&ageCategoryCode=&juniorRankingType=itf&take=100&skip=500&isOrderAscending=true,2026-09-29T13:03:59.384Z
2026-09-28,M,585,800709862,Dharma Pantaratorn,THA,Thailand,2010,151,https://www.itftennis.com/tennis/api/PlayerRankApi/GetPlayerRankings?circuitCode=JT&playerTypeCode=B&ageCategoryCode=&juniorRankingType=itf&take=100&skip=500&isOrderAscending=true,2026-09-29T13:03:59.384Z
2026-09-28,M,586,800672947,Marin Abadzhiev,BUL,Bulgaria,2009,151,https://www.itftennis.com/tennis/api/PlayerRankApi/GetPlayerRankings?circuitCode=JT&playerTypeCode=B&ageCategoryCode=&juniorRankingType=itf&take=100&skip=500&isOrderAscending=true,2026-09-29T13:03:59.384Z
2026-09-28,M,587,800681008,RANVIR SINGH,IND,India,2009,150.5,https://www.itftennis.com/tennis/api/PlayerRankApi/GetPlayerRankings?circuitCode=JT&playerTypeCode=B&ageCategoryCode=&juniorRankingType=itf&take=100&skip=500&isOrderAscending=true,2026-09-29T13:03:59.384Z
2026-09-28,M,588,800718292,Mateus kREBS,BRA,Brazil,2008,150.25,https://www.itftennis.com/tennis/api/PlayerRankApi/GetPlayerRankings?circuitCode=JT&playerTypeCode=B&ageCategoryCode=&juniorRankingType=itf&take=100&skip=500&isOrderAscending=true,2026-09-29T13:03:59.384Z
2026-09-28,M,589,800682107,Moritz Freitag,AUT,Austria,2011,150.25,https://www.itftennis.com/tennis/api/PlayerRankApi/GetPlayerRankings?circuitCode=JT&playerTypeCode=B&ageCategoryCode=&juniorRankingType=itf&take=100&skip=500&isOrderAscending=true,2026-09-29T13:03:59.384Z
2026-09-28,M,590,800668342,YASSINE KHELIF,TUN,Tunisia,2008,150,https://www.itftennis.com/tennis/api/PlayerRankApi/GetPlayerRankings?circuitCode=JT&playerTypeCode=B&ageCategoryCode=&juniorRankingType=itf&take=100&skip=500&isOrderAscending=true,2026-09-29T13:03:59.384Z
2026-09-28,M,591,800620949,Lazar Mladenovic,SUI,Switzerland,2009,150,https://www.itftennis.com/tennis/api/PlayerRankApi/GetPlayerRankings?circuitCode=JT&playerTypeCode=B&ageCategoryCode=&juniorRankingType=itf&take=100&skip=500&isOrderAscending=true,2026-09-29T13:03:59.384Z
2026-09-28,M,592,800787821,Gabriel Ignacio Ursini,ARG,Argentina,2009,149.75,https://www.itftennis.com/tennis/api/PlayerRankApi/GetPlayerRankings?circuitCode=JT&playerTypeCode=B&ageCategoryCode=&juniorRankingType=itf&take=100&skip=500&isOrderAscending=true,2026-09-29T13:03:59.384Z
2026-09-28,M,593,800752669,Platon Tsarenko,UKR,Ukraine,2008,149.75,https://www.itftennis.com/tennis/api/PlayerRankApi/GetPlayerRankings?circuitCode=JT&playerTypeCode=B&ageCategoryCode=&juniorRankingType=itf&take=100&skip=500&isOrderAscending=true,2026-09-29T13:03:59.384Z
2026-09-28,M,594,800773934,Leonardo Calles Salinas,MEX,Mexico,2010,149.75,https://www.itftennis.com/tennis/api/PlayerRankApi/GetPlayerRankings?circuitCode=JT&playerTypeCode=B&ageCategoryCode=&juniorRankingType=itf&take=100&skip=500&isOrderAscending=true,2026-09-29T13:03:59.384Z
2026-09-28,M,595,800686666,Philip Smirnov,RUS,Russia,2011,149.25,https://www.itftennis.com/tennis/api/PlayerRankApi/GetPlayerRankings?circuitCode=JT&playerTypeCode=B&ageCategoryCode=&juniorRankingType=itf&take=100&skip=500&isOrderAscending=true,2026-09-29T13:03:59.384Z
2026-09-28,M,596,800708323,Diego Tarlazzi,ITA,Italy,2011,149,https://www.itftennis.com/tennis/api/PlayerRankApi/GetPlayerRankings?circuitCode=JT&playerTypeCode=B&ageCategoryCode=&juniorRankingType=itf&take=100&skip=500&isOrderAscending=true,2026-09-29T13:03:59.384Z
2026-09-28,M,597,800695732,Guilherme Castanho do Val,BRA,Brazil,2009,148.75,https://www.itftennis.com/tennis/api/PlayerRankApi/GetPlayerRankings?circuitCode=JT&playerTypeCode=B&ageCategoryCode=&juniorRankingType=itf&take=100&skip=500&isOrderAscending=true,2026-09-29T13:03:59.384Z
2026-09-28,M,598,800723515,Nicolas Bellas,ESP,Spain,2008,148,https://www.itftennis.com/tennis/api/PlayerRankApi/GetPlayerRankings?circuitCode=JT&playerTypeCode=B&ageCategoryCode=&juniorRankingType=itf&take=100&skip=500&isOrderAscending=true,2026-09-29T13:03:59.384Z
2026-09-28,M,599,800798097,Robert Kaminskiy,KAZ,Kazakhstan,2010,147.75,https://www.itftennis.com/tennis/api/PlayerRankApi/GetPlayerRankings?circuitCode=JT&playerTypeCode=B&ageCategoryCode=&juniorRankingType=itf&take=100&skip=500&isOrderAscending=true,2026-09-29T13:03:59.384Z
2026-09-28,M,600,800676942,Tomas Wirgler,CZE,Czechia,2009,147.5,https://www.itftennis.com/tennis/api/PlayerRankApi/GetPlayerRankings?circuitCode=JT&playerTypeCode=B&ageCategoryCode=&juniorRankingType=itf&take=100&skip=500&isOrderAscending=true,2026-09-29T13:03:59.384Z
2026-09-28,M,601,800739119,Zichen Shao,CHN,"China, P.R.",2008,147.25,https://www.itftennis.com/tennis/api/PlayerRankApi/GetPlayerRankings?circuitCode=JT&playerTypeCode=B&ageCategoryCode=&juniorRankingType=itf&take=100&skip=600&isOrderAscending=true,2026-09-29T13:04:00.621Z
2026-09-28,M,602,800697708,Simon Ignacio Flores Leyton,CHI,Chile,2009,147,https://www.itftennis.com/tennis/api/PlayerRankApi/GetPlayerRankings?circuitCode=JT&playerTypeCode=B&ageCategoryCode=&juniorRankingType=itf&take=100&skip=600&isOrderAscending=true,2026-09-29T13:04:00.621Z
2026-09-28,M,603,800703537,Kye McDadi,CAN,Canada,2009,147,https://www.itftennis.com/tennis/api/PlayerRankApi/GetPlayerRankings?circuitCode=JT&playerTypeCode=B&ageCategoryCode=&juniorRankingType=itf&take=100&skip=600&isOrderAscending=true,2026-09-29T13:04:00.621Z
2026-09-28,M,604,800584996,Dylan Bairo,SVK,Slovakia,2008,147,https://www.itftennis.com/tennis/api/PlayerRankApi/GetPlayerRankings?circuitCode=JT&playerTypeCode=B&ageCategoryCode=&juniorRankingType=itf&take=100&skip=600&isOrderAscending=true,2026-09-29T13:04:00.621Z
2026-09-28,M,605,800635982,Nicolas Pfaefflin,GER,Germany,2009,146.75,https://www.itftennis.com/tennis/api/PlayerRankApi/GetPlayerRankings?circuitCode=JT&playerTypeCode=B&ageCategoryCode=&juniorRankingType=itf&take=100&skip=600&isOrderAscending=true,2026-09-29T13:04:00.621Z
2026-09-28,M,606,800690276,Ren Matsumura,JPN,Japan,2008,146.25,https://www.itftennis.com/tennis/api/PlayerRankApi/GetPlayerRankings?circuitCode=JT&playerTypeCode=B&ageCategoryCode=&juniorRankingType=itf&take=100&skip=600&isOrderAscending=true,2026-09-29T13:04:00.621Z
2026-09-28,M,607,800626846,LORENZO ELIA,ITA,Italy,2008,146,https://www.itftennis.com/tennis/api/PlayerRankApi/GetPlayerRankings?circuitCode=JT&playerTypeCode=B&ageCategoryCode=&juniorRankingType=itf&take=100&skip=600&isOrderAscending=true,2026-09-29T13:04:00.621Z
2026-09-28,M,608,800597524,Raul Clarijs,NED,Netherlands,2008,146,https://www.itftennis.com/tennis/api/PlayerRankApi/GetPlayerRankings?circuitCode=JT&playerTypeCode=B&ageCategoryCode=&juniorRankingType=itf&take=100&skip=600&isOrderAscending=true,2026-09-29T13:04:00.621Z
2026-09-28,M,609,800681748,Diego Valpereiro,BRA,Brazil,2009,145.75,https://www.itftennis.com/tennis/api/PlayerRankApi/GetPlayerRankings?circuitCode=JT&playerTypeCode=B&ageCategoryCode=&juniorRankingType=itf&take=100&skip=600&isOrderAscending=true,2026-09-29T13:04:00.621Z
2026-09-28,M,610,800752045,Lucas Han,AUS,Australia,2010,145.5,https://www.itftennis.com/tennis/api/PlayerRankApi/GetPlayerRankings?circuitCode=JT&playerTypeCode=B&ageCategoryCode=&juniorRankingType=itf&take=100&skip=600&isOrderAscending=true,2026-09-29T13:04:00.621Z
2026-09-28,M,611,800631055,Eric Ten,SWE,Sweden,2010,145.5,https://www.itftennis.com/tennis/api/PlayerRankApi/GetPlayerRankings?circuitCode=JT&playerTypeCode=B&ageCategoryCode=&juniorRankingType=itf&take=100&skip=600&isOrderAscending=true,2026-09-29T13:04:00.621Z
2026-09-28,M,612,800632383,Roman Kulpin,RUS,Russia,2009,145.5,https://www.itftennis.com/tennis/api/PlayerRankApi/GetPlayerRankings?circuitCode=JT&playerTypeCode=B&ageCategoryCode=&juniorRankingType=itf&take=100&skip=600&isOrderAscending=true,2026-09-29T13:04:00.621Z
2026-09-28,M,613,800708776,ADITYA MOR,IND,India,2008,145.25,https://www.itftennis.com/tennis/api/PlayerRankApi/GetPlayerRankings?circuitCode=JT&playerTypeCode=B&ageCategoryCode=&juniorRankingType=itf&take=100&skip=600&isOrderAscending=true,2026-09-29T13:04:00.621Z
2026-09-28,M,614,800773075,ZIAO QIAN,CHN,"China, P.R.",2009,145,https://www.itftennis.com/tennis/api/PlayerRankApi/GetPlayerRankings?circuitCode=JT&playerTypeCode=B&ageCategoryCode=&juniorRankingType=itf&take=100&skip=600&isOrderAscending=true,2026-09-29T13:04:00.621Z
2026-09-28,M,615,800733911,Liang Liang,CHN,"China, P.R.",2008,144.75,https://www.itftennis.com/tennis/api/PlayerRankApi/GetPlayerRankings?circuitCode=JT&playerTypeCode=B&ageCategoryCode=&juniorRankingType=itf&take=100&skip=600&isOrderAscending=true,2026-09-29T13:04:00.621Z
2026-09-28,M,616,800661176,Colin LANDRY,SUI,Switzerland,2010,144.75,https://www.itftennis.com/tennis/api/PlayerRankApi/GetPlayerRankings?circuitCode=JT&playerTypeCode=B&ageCategoryCode=&juniorRankingType=itf&take=100&skip=600&isOrderAscending=true,2026-09-29T13:04:00.621Z
2026-09-28,M,617,800645448,Hamza Roman,PAK,Pakistan,2009,144.75,https://www.itftennis.com/tennis/api/PlayerRankApi/GetPlayerRankings?circuitCode=JT&playerTypeCode=B&ageCategoryCode=&juniorRankingType=itf&take=100&skip=600&isOrderAscending=true,2026-09-29T13:04:00.621Z
2026-09-28,M,618,800710161,Nicolas Brandao,BRA,Brazil,2008,144.5,https://www.itftennis.com/tennis/api/PlayerRankApi/GetPlayerRankings?circuitCode=JT&playerTypeCode=B&ageCategoryCode=&juniorRankingType=itf&take=100&skip=600&isOrderAscending=true,2026-09-29T13:04:00.621Z
2026-09-28,M,619,800594399,Javier Montes Jimenez,ESP,Spain,2009,144.5,https://www.itftennis.com/tennis/api/PlayerRankApi/GetPlayerRankings?circuitCode=JT&playerTypeCode=B&ageCategoryCode=&juniorRankingType=itf&take=100&skip=600&isOrderAscending=true,2026-09-29T13:04:00.621Z
2026-09-28,M,620,800673070,Martino Guy Scotuzzi,ITA,Italy,2009,144,https://www.itftennis.com/tennis/api/PlayerRankApi/GetPlayerRankings?circuitCode=JT&playerTypeCode=B&ageCategoryCode=&juniorRankingType=itf&take=100&skip=600&isOrderAscending=true,2026-09-29T13:04:00.621Z
2026-09-28,M,621,800654564,Daniel Yurekli,KAZ,Kazakhstan,2009,143.75,https://www.itftennis.com/tennis/api/PlayerRankApi/GetPlayerRankings?circuitCode=JT&playerTypeCode=B&ageCategoryCode=&juniorRankingType=itf&take=100&skip=600&isOrderAscending=true,2026-09-29T13:04:00.621Z
2026-09-28,M,622,800681738,Yassin Sherif,EGY,Egypt,2008,143.75,https://www.itftennis.com/tennis/api/PlayerRankApi/GetPlayerRankings?circuitCode=JT&playerTypeCode=B&ageCategoryCode=&juniorRankingType=itf&take=100&skip=600&isOrderAscending=true,2026-09-29T13:04:00.621Z
2026-09-28,M,623,800675345,Aljaz Stor,SLO,Slovenia,2009,143.75,https://www.itftennis.com/tennis/api/PlayerRankApi/GetPlayerRankings?circuitCode=JT&playerTypeCode=B&ageCategoryCode=&juniorRankingType=itf&take=100&skip=600&isOrderAscending=true,2026-09-29T13:04:00.621Z
2026-09-28,M,624,800766374,Andres Guerra Dabaghi,MEX,Mexico,2010,143.5,https://www.itftennis.com/tennis/api/PlayerRankApi/GetPlayerRankings?circuitCode=JT&playerTypeCode=B&ageCategoryCode=&juniorRankingType=itf&take=100&skip=600&isOrderAscending=true,2026-09-29T13:04:00.621Z
2026-09-28,M,625,800795682,Griffin Goode,USA,USA,2010,143,https://www.itftennis.com/tennis/api/PlayerRankApi/GetPlayerRankings?circuitCode=JT&playerTypeCode=B&ageCategoryCode=&juniorRankingType=itf&take=100&skip=600&isOrderAscending=true,2026-09-29T13:04:00.621Z
2026-09-28,M,626,800700226,Faustino Boffelli,ARG,Argentina,2008,142.5,https://www.itftennis.com/tennis/api/PlayerRankApi/GetPlayerRankings?circuitCode=JT&playerTypeCode=B&ageCategoryCode=&juniorRankingType=itf&take=100&skip=600&isOrderAscending=true,2026-09-29T13:04:00.621Z
2026-09-28,M,627,800750169,Jamie Roux,RSA,South Africa,2010,142.5,https://www.itftennis.com/tennis/api/PlayerRankApi/GetPlayerRankings?circuitCode=JT&playerTypeCode=B&ageCategoryCode=&juniorRankingType=itf&take=100&skip=600&isOrderAscending=true,2026-09-29T13:04:00.621Z
2026-09-28,M,628,800591179,Daniel Bernovskyi,UKR,Ukraine,2008,142.5,https://www.itftennis.com/tennis/api/PlayerRankApi/GetPlayerRankings?circuitCode=JT&playerTypeCode=B&ageCategoryCode=&juniorRankingType=itf&take=100&skip=600&isOrderAscending=true,2026-09-29T13:04:00.621Z
2026-09-28,M,629,800707824,Zuka Kacheishvili,GEO,Georgia,2010,142.5,https://www.itftennis.com/tennis/api/PlayerRankApi/GetPlayerRankings?circuitCode=JT&playerTypeCode=B&ageCategoryCode=&juniorRankingType=itf&take=100&skip=600&isOrderAscending=true,2026-09-29T13:04:00.621Z
2026-09-28,M,630,800579616,Olav Berg,NOR,Norway,2008,142.25,https://www.itftennis.com/tennis/api/PlayerRankApi/GetPlayerRankings?circuitCode=JT&playerTypeCode=B&ageCategoryCode=&juniorRankingType=itf&take=100&skip=600&isOrderAscending=true,2026-09-29T13:04:00.621Z
2026-09-28,M,631,800714095,Angel Maffezzoli,ARG,Argentina,2008,141.75,https://www.itftennis.com/tennis/api/PlayerRankApi/GetPlayerRankings?circuitCode=JT&playerTypeCode=B&ageCategoryCode=&juniorRankingType=itf&take=100&skip=600&isOrderAscending=true,2026-09-29T13:04:00.621Z
2026-09-28,M,632,800716657,Xavier Tonioni,ITA,Italy,2009,141.5,https://www.itftennis.com/tennis/api/PlayerRankApi/GetPlayerRankings?circuitCode=JT&playerTypeCode=B&ageCategoryCode=&juniorRankingType=itf&take=100&skip=600&isOrderAscending=true,2026-09-29T13:04:00.621Z
2026-09-28,M,633,800652309,Nicolas Eduardo Barros Corredor,COL,Colombia,2008,141.25,https://www.itftennis.com/tennis/api/PlayerRankApi/GetPlayerRankings?circuitCode=JT&playerTypeCode=B&ageCategoryCode=&juniorRankingType=itf&take=100&skip=600&isOrderAscending=true,2026-09-29T13:04:00.621Z
2026-09-28,M,634,800668678,Zeno Roveri,ITA,Italy,2010,141,https://www.itftennis.com/tennis/api/PlayerRankApi/GetPlayerRankings?circuitCode=JT&playerTypeCode=B&ageCategoryCode=&juniorRankingType=itf&take=100&skip=600&isOrderAscending=true,2026-09-29T13:04:00.621Z
2026-09-28,M,635,800640454,Dario Zorica,CRO,Croatia,2009,140.75,https://www.itftennis.com/tennis/api/PlayerRankApi/GetPlayerRankings?circuitCode=JT&playerTypeCode=B&ageCategoryCode=&juniorRankingType=itf&take=100&skip=600&isOrderAscending=true,2026-09-29T13:04:00.621Z
2026-09-28,M,636,800775550,Erikas Maskolaitis,LTU,Lithuania,2010,140.75,https://www.itftennis.com/tennis/api/PlayerRankApi/GetPlayerRankings?circuitCode=JT&playerTypeCode=B&ageCategoryCode=&juniorRankingType=itf&take=100&skip=600&isOrderAscending=true,2026-09-29T13:04:00.621Z
2026-09-28,M,637,800665768,Kaius Ketola,FIN,Finland,2010,140.5,https://www.itftennis.com/tennis/api/PlayerRankApi/GetPlayerRankings?circuitCode=JT&playerTypeCode=B&ageCategoryCode=&juniorRankingType=itf&take=100&skip=600&isOrderAscending=true,2026-09-29T13:04:00.621Z
2026-09-28,M,638,800629940,Nitzan Yossef Swisa,ISR,Israel,2009,140.25,https://www.itftennis.com/tennis/api/PlayerRankApi/GetPlayerRankings?circuitCode=JT&playerTypeCode=B&ageCategoryCode=&juniorRankingType=itf&take=100&skip=600&isOrderAscending=true,2026-09-29T13:04:00.621Z
2026-09-28,M,639,800680089,Yashwin Dahiya,IND,India,2010,140,https://www.itftennis.com/tennis/api/PlayerRankApi/GetPlayerRankings?circuitCode=JT&playerTypeCode=B&ageCategoryCode=&juniorRankingType=itf&take=100&skip=600&isOrderAscending=true,2026-09-29T13:04:00.621Z
2026-09-28,M,640,800677846,Filipe Bullamah,BRA,Brazil,2008,139.75,https://www.itftennis.com/tennis/api/PlayerRankApi/GetPlayerRankings?circuitCode=JT&playerTypeCode=B&ageCategoryCode=&juniorRankingType=itf&take=100&skip=600&isOrderAscending=true,2026-09-29T13:04:00.621Z
2026-09-28,M,641,800696202,Alistair MUTSCH,BEL,Belgium,2010,139.5,https://www.itftennis.com/tennis/api/PlayerRankApi/GetPlayerRankings?circuitCode=JT&playerTypeCode=B&ageCategoryCode=&juniorRankingType=itf&take=100&skip=600&isOrderAscending=true,2026-09-29T13:04:00.621Z
2026-09-28,M,642,800715160,Samy IRAQI,MAR,Morocco,2010,139,https://www.itftennis.com/tennis/api/PlayerRankApi/GetPlayerRankings?circuitCode=JT&playerTypeCode=B&ageCategoryCode=&juniorRankingType=itf&take=100&skip=600&isOrderAscending=true,2026-09-29T13:04:00.621Z
2026-09-28,M,643,800670415,Andriy Maksymenko,UKR,Ukraine,2009,139,https://www.itftennis.com/tennis/api/PlayerRankApi/GetPlayerRankings?circuitCode=JT&playerTypeCode=B&ageCategoryCode=&juniorRankingType=itf&take=100&skip=600&isOrderAscending=true,2026-09-29T13:04:00.621Z
2026-09-28,M,644,800623299,Akhmadjon Toshmukhamedov,UZB,Uzbekistan,2008,138.5,https://www.itftennis.com/tennis/api/PlayerRankApi/GetPlayerRankings?circuitCode=JT&playerTypeCode=B&ageCategoryCode=&juniorRankingType=itf&take=100&skip=600&isOrderAscending=true,2026-09-29T13:04:00.621Z
2026-09-28,M,645,800715164,IAN BARROETA,ESP,Spain,2010,138,https://www.itftennis.com/tennis/api/PlayerRankApi/GetPlayerRankings?circuitCode=JT&playerTypeCode=B&ageCategoryCode=&juniorRankingType=itf&take=100&skip=600&isOrderAscending=true,2026-09-29T13:04:00.621Z
2026-09-28,M,646,800718013,Juan Ignacio Bazan,ARG,Argentina,2010,138,https://www.itftennis.com/tennis/api/PlayerRankApi/GetPlayerRankings?circuitCode=JT&playerTypeCode=B&ageCategoryCode=&juniorRankingType=itf&take=100&skip=600&isOrderAscending=true,2026-09-29T13:04:00.621Z
2026-09-28,M,647,800631686,andrea petrini,ITA,Italy,2009,138,https://www.itftennis.com/tennis/api/PlayerRankApi/GetPlayerRankings?circuitCode=JT&playerTypeCode=B&ageCategoryCode=&juniorRankingType=itf&take=100&skip=600&isOrderAscending=true,2026-09-29T13:04:00.621Z
2026-09-28,M,648,800664343,Niall Pickerd-Barua,GBR,Great Britain,2010,138,https://www.itftennis.com/tennis/api/PlayerRankApi/GetPlayerRankings?circuitCode=JT&playerTypeCode=B&ageCategoryCode=&juniorRankingType=itf&take=100&skip=600&isOrderAscending=true,2026-09-29T13:04:00.621Z
2026-09-28,M,649,800784858,Justin-Li Moroney,NZL,New Zealand,2010,137.25,https://www.itftennis.com/tennis/api/PlayerRankApi/GetPlayerRankings?circuitCode=JT&playerTypeCode=B&ageCategoryCode=&juniorRankingType=itf&take=100&skip=600&isOrderAscending=true,2026-09-29T13:04:00.621Z
2026-09-28,M,650,800572939,Georgio Bidan,LBN,Lebanon,2008,136.75,https://www.itftennis.com/tennis/api/PlayerRankApi/GetPlayerRankings?circuitCode=JT&playerTypeCode=B&ageCategoryCode=&juniorRankingType=itf&take=100&skip=600&isOrderAscending=true,2026-09-29T13:04:00.621Z
2026-09-28,M,651,800765674,LIANGXUAN LIU,CHN,"China, P.R.",2010,136.25,https://www.itftennis.com/tennis/api/PlayerRankApi/GetPlayerRankings?circuitCode=JT&playerTypeCode=B&ageCategoryCode=&juniorRankingType=itf&take=100&skip=600&isOrderAscending=true,2026-09-29T13:04:00.621Z
2026-09-28,M,652,800654594,Samuel Sykora,SVK,Slovakia,2009,136.25,https://www.itftennis.com/tennis/api/PlayerRankApi/GetPlayerRankings?circuitCode=JT&playerTypeCode=B&ageCategoryCode=&juniorRankingType=itf&take=100&skip=600&isOrderAscending=true,2026-09-29T13:04:00.621Z
2026-09-28,M,653,800684389,JOAO GABRIEL Galhardo de Carvalho,BRA,Brazil,2008,136,https://www.itftennis.com/tennis/api/PlayerRankApi/GetPlayerRankings?circuitCode=JT&playerTypeCode=B&ageCategoryCode=&juniorRankingType=itf&take=100&skip=600&isOrderAscending=true,2026-09-29T13:04:00.621Z
2026-09-28,M,654,800674576,Rodion Traigel,KAZ,Kazakhstan,2010,136,https://www.itftennis.com/tennis/api/PlayerRankApi/GetPlayerRankings?circuitCode=JT&playerTypeCode=B&ageCategoryCode=&juniorRankingType=itf&take=100&skip=600&isOrderAscending=true,2026-09-29T13:04:00.621Z
2026-09-28,M,655,800734118,Abdelrahman Eltaher,EGY,Egypt,2009,136,https://www.itftennis.com/tennis/api/PlayerRankApi/GetPlayerRankings?circuitCode=JT&playerTypeCode=B&ageCategoryCode=&juniorRankingType=itf&take=100&skip=600&isOrderAscending=true,2026-09-29T13:04:00.621Z
2026-09-28,M,656,800588272,Jesse Clarkson,GBR,Great Britain,2008,135.5,https://www.itftennis.com/tennis/api/PlayerRankApi/GetPlayerRankings?circuitCode=JT&playerTypeCode=B&ageCategoryCode=&juniorRankingType=itf&take=100&skip=600&isOrderAscending=true,2026-09-29T13:04:00.621Z
2026-09-28,M,657,800761640,Noa Milburn,NZL,New Zealand,2010,135.5,https://www.itftennis.com/tennis/api/PlayerRankApi/GetPlayerRankings?circuitCode=JT&playerTypeCode=B&ageCategoryCode=&juniorRankingType=itf&take=100&skip=600&isOrderAscending=true,2026-09-29T13:04:00.621Z
2026-09-28,M,658,800808116,Johnny Wolf,USA,USA,2010,135,https://www.itftennis.com/tennis/api/PlayerRankApi/GetPlayerRankings?circuitCode=JT&playerTypeCode=B&ageCategoryCode=&juniorRankingType=itf&take=100&skip=600&isOrderAscending=true,2026-09-29T13:04:00.621Z
2026-09-28,M,659,800693874,Jerry Han,CAN,Canada,2008,134.5,https://www.itftennis.com/tennis/api/PlayerRankApi/GetPlayerRankings?circuitCode=JT&playerTypeCode=B&ageCategoryCode=&juniorRankingType=itf&take=100&skip=600&isOrderAscending=true,2026-09-29T13:04:00.621Z
2026-09-28,M,660,800635975,Robert Dolya,SGP,Singapore,2009,134.5,https://www.itftennis.com/tennis/api/PlayerRankApi/GetPlayerRankings?circuitCode=JT&playerTypeCode=B&ageCategoryCode=&juniorRankingType=itf&take=100&skip=600&isOrderAscending=true,2026-09-29T13:04:00.621Z
2026-09-28,M,661,800636140,Mihailo Topic,SRB,Serbia,2009,134.25,https://www.itftennis.com/tennis/api/PlayerRankApi/GetPlayerRankings?circuitCode=JT&playerTypeCode=B&ageCategoryCode=&juniorRankingType=itf&take=100&skip=600&isOrderAscending=true,2026-09-29T13:04:00.621Z
2026-09-28,M,662,800763169,Jinxuan Cheng,CHN,"China, P.R.",2010,134,https://www.itftennis.com/tennis/api/PlayerRankApi/GetPlayerRankings?circuitCode=JT&playerTypeCode=B&ageCategoryCode=&juniorRankingType=itf&take=100&skip=600&isOrderAscending=true,2026-09-29T13:04:00.621Z
2026-09-28,M,663,800664701,Rene Bertos,CRO,Croatia,2010,133.75,https://www.itftennis.com/tennis/api/PlayerRankApi/GetPlayerRankings?circuitCode=JT&playerTypeCode=B&ageCategoryCode=&juniorRankingType=itf&take=100&skip=600&isOrderAscending=true,2026-09-29T13:04:00.621Z
2026-09-28,M,664,800654255,Martin Baquero,ECU,Ecuador,2009,133.5,https://www.itftennis.com/tennis/api/PlayerRankApi/GetPlayerRankings?circuitCode=JT&playerTypeCode=B&ageCategoryCode=&juniorRankingType=itf&take=100&skip=600&isOrderAscending=true,2026-09-29T13:04:00.621Z
2026-09-28,M,665,800746283,Keshav Muthuvel,USA,USA,2009,133.25,https://www.itftennis.com/tennis/api/PlayerRankApi/GetPlayerRankings?circuitCode=JT&playerTypeCode=B&ageCategoryCode=&juniorRankingType=itf&take=100&skip=600&isOrderAscending=true,2026-09-29T13:04:00.621Z
2026-09-28,M,666,800815356,Ishaan Marla,USA,USA,2011,133.25,https://www.itftennis.com/tennis/api/PlayerRankApi/GetPlayerRankings?circuitCode=JT&playerTypeCode=B&ageCategoryCode=&juniorRankingType=itf&take=100&skip=600&isOrderAscending=true,2026-09-29T13:04:00.621Z
2026-09-28,M,667,800716469,Isaac Guerrero Hernandez,DOM,Dominican Republic,2009,132.75,https://www.itftennis.com/tennis/api/PlayerRankApi/GetPlayerRankings?circuitCode=JT&playerTypeCode=B&ageCategoryCode=&juniorRankingType=itf&take=100&skip=600&isOrderAscending=true,2026-09-29T13:04:00.621Z
2026-09-28,M,668,800735177,Juan Manuel Ascencion,MEX,Mexico,2009,132.5,https://www.itftennis.com/tennis/api/PlayerRankApi/GetPlayerRankings?circuitCode=JT&playerTypeCode=B&ageCategoryCode=&juniorRankingType=itf&take=100&skip=600&isOrderAscending=true,2026-09-29T13:04:00.621Z
2026-09-28,M,669,800597371,Aleksandar Tolev,BUL,Bulgaria,2009,132.25,https://www.itftennis.com/tennis/api/PlayerRankApi/GetPlayerRankings?circuitCode=JT&playerTypeCode=B&ageCategoryCode=&juniorRankingType=itf&take=100&skip=600&isOrderAscending=true,2026-09-29T13:04:00.621Z
2026-09-28,M,670,800647836,Emiliano Bratomi,ITA,Italy,2009,132,https://www.itftennis.com/tennis/api/PlayerRankApi/GetPlayerRankings?circuitCode=JT&playerTypeCode=B&ageCategoryCode=&juniorRankingType=itf&take=100&skip=600&isOrderAscending=true,2026-09-29T13:04:00.621Z
2026-09-28,M,671,800598581,Gyeom Do,KOR,"Korea, Rep.",2008,132,https://www.itftennis.com/tennis/api/PlayerRankApi/GetPlayerRankings?circuitCode=JT&playerTypeCode=B&ageCategoryCode=&juniorRankingType=itf&take=100&skip=600&isOrderAscending=true,2026-09-29T13:04:00.621Z
2026-09-28,M,672,800646509,Ollie Knight,GBR,Great Britain,2008,131.5,https://www.itftennis.com/tennis/api/PlayerRankApi/GetPlayerRankings?circuitCode=JT&playerTypeCode=B&ageCategoryCode=&juniorRankingType=itf&take=100&skip=600&isOrderAscending=true,2026-09-29T13:04:00.621Z
2026-09-28,M,673,800763698,Juan Pablo Barriga Martinez,MEX,Mexico,2010,131.5,https://www.itftennis.com/tennis/api/PlayerRankApi/GetPlayerRankings?circuitCode=JT&playerTypeCode=B&ageCategoryCode=&juniorRankingType=itf&take=100&skip=600&isOrderAscending=true,2026-09-29T13:04:00.621Z
2026-09-28,M,674,800626828,Omer Shamian,ISR,Israel,2008,131.5,https://www.itftennis.com/tennis/api/PlayerRankApi/GetPlayerRankings?circuitCode=JT&playerTypeCode=B&ageCategoryCode=&juniorRankingType=itf&take=100&skip=600&isOrderAscending=true,2026-09-29T13:04:00.621Z
2026-09-28,M,675,800594600,Lenny Petit,MON,Monaco,2008,131.25,https://www.itftennis.com/tennis/api/PlayerRankApi/GetPlayerRankings?circuitCode=JT&playerTypeCode=B&ageCategoryCode=&juniorRankingType=itf&take=100&skip=600&isOrderAscending=true,2026-09-29T13:04:00.621Z
2026-09-28,M,676,800701531,David Wu,USA,USA,2008,131.25,https://www.itftennis.com/tennis/api/PlayerRankApi/GetPlayerRankings?circuitCode=JT&playerTypeCode=B&ageCategoryCode=&juniorRankingType=itf&take=100&skip=600&isOrderAscending=true,2026-09-29T13:04:00.621Z
2026-09-28,M,677,800692775,Sebastian Bielen,USA,USA,2008,131.25,https://www.itftennis.com/tennis/api/PlayerRankApi/GetPlayerRankings?circuitCode=JT&playerTypeCode=B&ageCategoryCode=&juniorRankingType=itf&take=100&skip=600&isOrderAscending=true,2026-09-29T13:04:00.621Z
2026-09-28,M,678,800717647,Hyeonu Nam,KOR,"Korea, Rep.",2011,131.25,https://www.itftennis.com/tennis/api/PlayerRankApi/GetPlayerRankings?circuitCode=JT&playerTypeCode=B&ageCategoryCode=&juniorRankingType=itf&take=100&skip=600&isOrderAscending=true,2026-09-29T13:04:00.621Z
2026-09-28,M,679,800626198,Kristijan Janev,MKD,North Macedonia,2008,130.75,https://www.itftennis.com/tennis/api/PlayerRankApi/GetPlayerRankings?circuitCode=JT&playerTypeCode=B&ageCategoryCode=&juniorRankingType=itf&take=100&skip=600&isOrderAscending=true,2026-09-29T13:04:00.621Z
2026-09-28,M,680,800709178,CONSTANTINO PANNUNZIO,ARG,Argentina,2009,130.75,https://www.itftennis.com/tennis/api/PlayerRankApi/GetPlayerRankings?circuitCode=JT&playerTypeCode=B&ageCategoryCode=&juniorRankingType=itf&take=100&skip=600&isOrderAscending=true,2026-09-29T13:04:00.621Z
2026-09-28,M,681,800645720,alexander winder,GBR,Great Britain,2008,130.75,https://www.itftennis.com/tennis/api/PlayerRankApi/GetPlayerRankings?circuitCode=JT&playerTypeCode=B&ageCategoryCode=&juniorRankingType=itf&take=100&skip=600&isOrderAscending=true,2026-09-29T13:04:00.621Z
2026-09-28,M,682,800661738,Darius Dorin,ROU,Romania,2010,130.5,https://www.itftennis.com/tennis/api/PlayerRankApi/GetPlayerRankings?circuitCode=JT&playerTypeCode=B&ageCategoryCode=&juniorRankingType=itf&take=100&skip=600&isOrderAscending=true,2026-09-29T13:04:00.621Z
2026-09-28,M,683,800567143,Yanael Beranger,FRA,France,2008,130.5,https://www.itftennis.com/tennis/api/PlayerRankApi/GetPlayerRankings?circuitCode=JT&playerTypeCode=B&ageCategoryCode=&juniorRankingType=itf&take=100&skip=600&isOrderAscending=true,2026-09-29T13:04:00.621Z
2026-09-28,M,684,800724355,Ignacio Mejias,VEN,Venezuela,2011,130.25,https://www.itftennis.com/tennis/api/PlayerRankApi/GetPlayerRankings?circuitCode=JT&playerTypeCode=B&ageCategoryCode=&juniorRankingType=itf&take=100&skip=600&isOrderAscending=true,2026-09-29T13:04:00.621Z
2026-09-28,M,685,800676585,PAOLO GONZALEZ CONSTANTINO,CAN,Canada,2008,129.25,https://www.itftennis.com/tennis/api/PlayerRankApi/GetPlayerRankings?circuitCode=JT&playerTypeCode=B&ageCategoryCode=&juniorRankingType=itf&take=100&skip=600&isOrderAscending=true,2026-09-29T13:04:00.621Z
2026-09-28,M,686,800714933,Luca Braun,POR,Portugal,2009,129,https://www.itftennis.com/tennis/api/PlayerRankApi/GetPlayerRankings?circuitCode=JT&playerTypeCode=B&ageCategoryCode=&juniorRankingType=itf&take=100&skip=600&isOrderAscending=true,2026-09-29T13:04:00.621Z
2026-09-28,M,687,800758943,Daisuke Hashimoto,JPN,Japan,2010,129,https://www.itftennis.com/tennis/api/PlayerRankApi/GetPlayerRankings?circuitCode=JT&playerTypeCode=B&ageCategoryCode=&juniorRankingType=itf&take=100&skip=600&isOrderAscending=true,2026-09-29T13:04:00.621Z
2026-09-28,M,688,800699824,Gaston Lopez,URU,Uruguay,2008,128.5,https://www.itftennis.com/tennis/api/PlayerRankApi/GetPlayerRankings?circuitCode=JT&playerTypeCode=B&ageCategoryCode=&juniorRankingType=itf&take=100&skip=600&isOrderAscending=true,2026-09-29T13:04:00.621Z
2026-09-28,M,689,800767912,Yanshuo Pan,CHN,"China, P.R.",2010,128.25,https://www.itftennis.com/tennis/api/PlayerRankApi/GetPlayerRankings?circuitCode=JT&playerTypeCode=B&ageCategoryCode=&juniorRankingType=itf&take=100&skip=600&isOrderAscending=true,2026-09-29T13:04:00.621Z
2026-09-28,M,690,800577050,Maxime Rodesch,LUX,Luxembourg,2008,127.75,https://www.itftennis.com/tennis/api/PlayerRankApi/GetPlayerRankings?circuitCode=JT&playerTypeCode=B&ageCategoryCode=&juniorRankingType=itf&take=100&skip=600&isOrderAscending=true,2026-09-29T13:04:00.621Z
2026-09-28,M,691,800630490,TOMAS LAGARDE,FRA,France,2009,127.75,https://www.itftennis.com/tennis/api/PlayerRankApi/GetPlayerRankings?circuitCode=JT&playerTypeCode=B&ageCategoryCode=&juniorRankingType=itf&take=100&skip=600&isOrderAscending=true,2026-09-29T13:04:00.621Z
2026-09-28,M,692,800594775,Christian Pizzolante,ITA,Italy,2008,127.5,https://www.itftennis.com/tennis/api/PlayerRankApi/GetPlayerRankings?circuitCode=JT&playerTypeCode=B&ageCategoryCode=&juniorRankingType=itf&take=100&skip=600&isOrderAscending=true,2026-09-29T13:04:00.621Z
2026-09-28,M,693,800746221,Daniel Ekango,CMR,Cameroon,2009,127.5,https://www.itftennis.com/tennis/api/PlayerRankApi/GetPlayerRankings?circuitCode=JT&playerTypeCode=B&ageCategoryCode=&juniorRankingType=itf&take=100&skip=600&isOrderAscending=true,2026-09-29T13:04:00.621Z
2026-09-28,M,694,800665866,Vuk Pantic Crncevic,SRB,Serbia,2009,127.25,https://www.itftennis.com/tennis/api/PlayerRankApi/GetPlayerRankings?circuitCode=JT&playerTypeCode=B&ageCategoryCode=&juniorRankingType=itf&take=100&skip=600&isOrderAscending=true,2026-09-29T13:04:00.621Z
2026-09-28,M,695,800671150,Brandon Duan,USA,USA,2009,127.25,https://www.itftennis.com/tennis/api/PlayerRankApi/GetPlayerRankings?circuitCode=JT&playerTypeCode=B&ageCategoryCode=&juniorRankingType=itf&take=100&skip=600&isOrderAscending=true,2026-09-29T13:04:00.621Z
2026-09-28,M,696,800664821,Eric Lorimer,GBR,Great Britain,2010,127,https://www.itftennis.com/tennis/api/PlayerRankApi/GetPlayerRankings?circuitCode=JT&playerTypeCode=B&ageCategoryCode=&juniorRankingType=itf&take=100&skip=600&isOrderAscending=true,2026-09-29T13:04:00.621Z
2026-09-28,M,697,800674756,DIEGO COSTANZI DE BRITO,BRA,Brazil,2008,127,https://www.itftennis.com/tennis/api/PlayerRankApi/GetPlayerRankings?circuitCode=JT&playerTypeCode=B&ageCategoryCode=&juniorRankingType=itf&take=100&skip=600&isOrderAscending=true,2026-09-29T13:04:00.621Z
2026-09-28,M,698,800590977,Ryu Kotikula,THA,Thailand,2009,127,https://www.itftennis.com/tennis/api/PlayerRankApi/GetPlayerRankings?circuitCode=JT&playerTypeCode=B&ageCategoryCode=&juniorRankingType=itf&take=100&skip=600&isOrderAscending=true,2026-09-29T13:04:00.621Z
2026-09-28,M,699,800638992,Randy Manoela Rakotonavahy,CAN,Canada,2008,126.75,https://www.itftennis.com/tennis/api/PlayerRankApi/GetPlayerRankings?circuitCode=JT&playerTypeCode=B&ageCategoryCode=&juniorRankingType=itf&take=100&skip=600&isOrderAscending=true,2026-09-29T13:04:00.621Z
2026-09-28,M,700,800710227,Nemanja Savic,AUS,Australia,2008,126.75,https://www.itftennis.com/tennis/api/PlayerRankApi/GetPlayerRankings?circuitCode=JT&playerTypeCode=B&ageCategoryCode=&juniorRankingType=itf&take=100&skip=600&isOrderAscending=true,2026-09-29T13:04:00.621Z
2026-09-28,M,701,800673793,Jannik Soetebier,GER,Germany,2009,126.5,https://www.itftennis.com/tennis/api/PlayerRankApi/GetPlayerRankings?circuitCode=JT&playerTypeCode=B&ageCategoryCode=&juniorRankingType=itf&take=100&skip=700&isOrderAscending=true,2026-09-29T13:04:02.248Z
2026-09-28,M,702,800543490,Timur Saulenko,KAZ,Kazakhstan,2008,126.5,https://www.itftennis.com/tennis/api/PlayerRankApi/GetPlayerRankings?circuitCode=JT&playerTypeCode=B&ageCategoryCode=&juniorRankingType=itf&take=100&skip=700&isOrderAscending=true,2026-09-29T13:04:02.248Z
2026-09-28,M,703,800670740,M Alfaradu Sumirat,INA,Indonesia,2008,126,https://www.itftennis.com/tennis/api/PlayerRankApi/GetPlayerRankings?circuitCode=JT&playerTypeCode=B&ageCategoryCode=&juniorRankingType=itf&take=100&skip=700&isOrderAscending=true,2026-09-29T13:04:02.248Z
2026-09-28,M,704,800743576,Tobias Horsky,CZE,Czechia,2009,126,https://www.itftennis.com/tennis/api/PlayerRankApi/GetPlayerRankings?circuitCode=JT&playerTypeCode=B&ageCategoryCode=&juniorRankingType=itf&take=100&skip=700&isOrderAscending=true,2026-09-29T13:04:02.248Z
2026-09-28,M,705,800624729,Airik Abedinzadeh,IRI,Iran,2009,125.75,https://www.itftennis.com/tennis/api/PlayerRankApi/GetPlayerRankings?circuitCode=JT&playerTypeCode=B&ageCategoryCode=&juniorRankingType=itf&take=100&skip=700&isOrderAscending=true,2026-09-29T13:04:02.248Z
2026-09-28,M,706,800709900,Akseli Finnila,FIN,Finland,2010,125.75,https://www.itftennis.com/tennis/api/PlayerRankApi/GetPlayerRankings?circuitCode=JT&playerTypeCode=B&ageCategoryCode=&juniorRankingType=itf&take=100&skip=700&isOrderAscending=true,2026-09-29T13:04:02.248Z
2026-09-28,M,707,800660548,Xavier De Marteau,BEL,Belgium,2009,125.5,https://www.itftennis.com/tennis/api/PlayerRankApi/GetPlayerRankings?circuitCode=JT&playerTypeCode=B&ageCategoryCode=&juniorRankingType=itf&take=100&skip=700&isOrderAscending=true,2026-09-29T13:04:02.248Z
2026-09-28,M,708,800676649,Knut Andersch,SWE,Sweden,2009,124.75,https://www.itftennis.com/tennis/api/PlayerRankApi/GetPlayerRankings?circuitCode=JT&playerTypeCode=B&ageCategoryCode=&juniorRankingType=itf&take=100&skip=700&isOrderAscending=true,2026-09-29T13:04:02.248Z
2026-09-28,M,709,800708498,Bing-Huan Tsai,TPE,Chinese Taipei,2011,124.5,https://www.itftennis.com/tennis/api/PlayerRankApi/GetPlayerRankings?circuitCode=JT&playerTypeCode=B&ageCategoryCode=&juniorRankingType=itf&take=100&skip=700&isOrderAscending=true,2026-09-29T13:04:02.248Z
2026-09-28,M,710,800763038,Advay Singh,USA,USA,2010,124.25,https://www.itftennis.com/tennis/api/PlayerRankApi/GetPlayerRankings?circuitCode=JT&playerTypeCode=B&ageCategoryCode=&juniorRankingType=itf&take=100&skip=700&isOrderAscending=true,2026-09-29T13:04:02.248Z
2026-09-28,M,711,800598375,Linus Andersson,SWE,Sweden,2008,124.25,https://www.itftennis.com/tennis/api/PlayerRankApi/GetPlayerRankings?circuitCode=JT&playerTypeCode=B&ageCategoryCode=&juniorRankingType=itf&take=100&skip=700&isOrderAscending=true,2026-09-29T13:04:02.248Z
2026-09-28,M,712,800626203,Martin Riu,FRA,France,2009,124.25,https://www.itftennis.com/tennis/api/PlayerRankApi/GetPlayerRankings?circuitCode=JT&playerTypeCode=B&ageCategoryCode=&juniorRankingType=itf&take=100&skip=700&isOrderAscending=true,2026-09-29T13:04:02.248Z
2026-09-28,M,713,800654759,Timeo Coudray,FRA,France,2009,124,https://www.itftennis.com/tennis/api/PlayerRankApi/GetPlayerRankings?circuitCode=JT&playerTypeCode=B&ageCategoryCode=&juniorRankingType=itf&take=100&skip=700&isOrderAscending=true,2026-09-29T13:04:02.248Z
2026-09-28,M,714,800720228,Javier Chocano Pezoa,CHI,Chile,2009,123.75,https://www.itftennis.com/tennis/api/PlayerRankApi/GetPlayerRankings?circuitCode=JT&playerTypeCode=B&ageCategoryCode=&juniorRankingType=itf&take=100&skip=700&isOrderAscending=true,2026-09-29T13:04:02.248Z
2026-09-28,M,715,800761053,Luca Sevim,USA,USA,2009,123,https://www.itftennis.com/tennis/api/PlayerRankApi/GetPlayerRankings?circuitCode=JT&playerTypeCode=B&ageCategoryCode=&juniorRankingType=itf&take=100&skip=700&isOrderAscending=true,2026-09-29T13:04:02.248Z
2026-09-28,M,716,800797145,John Murphy,USA,USA,2009,122.5,https://www.itftennis.com/tennis/api/PlayerRankApi/GetPlayerRankings?circuitCode=JT&playerTypeCode=B&ageCategoryCode=&juniorRankingType=itf&take=100&skip=700&isOrderAscending=true,2026-09-29T13:04:02.248Z
2026-09-28,M,717,800653725,Jan Hemetzberger,AUT,Austria,2008,122.5,https://www.itftennis.com/tennis/api/PlayerRankApi/GetPlayerRankings?circuitCode=JT&playerTypeCode=B&ageCategoryCode=&juniorRankingType=itf&take=100&skip=700&isOrderAscending=true,2026-09-29T13:04:02.248Z
2026-09-28,M,718,800589348,Utku Kerem Biberli,TUR,Turkiye,2008,122.25,https://www.itftennis.com/tennis/api/PlayerRankApi/GetPlayerRankings?circuitCode=JT&playerTypeCode=B&ageCategoryCode=&juniorRankingType=itf&take=100&skip=700&isOrderAscending=true,2026-09-29T13:04:02.248Z
2026-09-28,M,719,800754583,David III Bvunzawabaya,USA,USA,2008,122,https://www.itftennis.com/tennis/api/PlayerRankApi/GetPlayerRankings?circuitCode=JT&playerTypeCode=B&ageCategoryCode=&juniorRankingType=itf&take=100&skip=700&isOrderAscending=true,2026-09-29T13:04:02.248Z
2026-09-28,M,720,800621795,Marko Colak,CRO,Croatia,2009,122,https://www.itftennis.com/tennis/api/PlayerRankApi/GetPlayerRankings?circuitCode=JT&playerTypeCode=B&ageCategoryCode=&juniorRankingType=itf&take=100&skip=700&isOrderAscending=true,2026-09-29T13:04:02.248Z
2026-09-28,M,721,800748634,Jenson Yokota-Ho,AUS,Australia,2010,121.25,https://www.itftennis.com/tennis/api/PlayerRankApi/GetPlayerRankings?circuitCode=JT&playerTypeCode=B&ageCategoryCode=&juniorRankingType=itf&take=100&skip=700&isOrderAscending=true,2026-09-29T13:04:02.248Z
2026-09-28,M,722,800751148,Maddox Bogomolov,USA,USA,2009,121.25,https://www.itftennis.com/tennis/api/PlayerRankApi/GetPlayerRankings?circuitCode=JT&playerTypeCode=B&ageCategoryCode=&juniorRankingType=itf&take=100&skip=700&isOrderAscending=true,2026-09-29T13:04:02.248Z
2026-09-28,M,723,800773356,Alexander Burmakin,SLO,Slovenia,2009,120.5,https://www.itftennis.com/tennis/api/PlayerRankApi/GetPlayerRankings?circuitCode=JT&playerTypeCode=B&ageCategoryCode=&juniorRankingType=itf&take=100&skip=700&isOrderAscending=true,2026-09-29T13:04:02.248Z
2026-09-28,M,724,800662741,TOMMASO ROSSO,ITA,Italy,2009,120,https://www.itftennis.com/tennis/api/PlayerRankApi/GetPlayerRankings?circuitCode=JT&playerTypeCode=B&ageCategoryCode=&juniorRankingType=itf&take=100&skip=700&isOrderAscending=true,2026-09-29T13:04:02.248Z
2026-09-28,M,725,800791700,Marc Puig Mont,ESP,Spain,2008,120,https://www.itftennis.com/tennis/api/PlayerRankApi/GetPlayerRankings?circuitCode=JT&playerTypeCode=B&ageCategoryCode=&juniorRankingType=itf&take=100&skip=700&isOrderAscending=true,2026-09-29T13:04:02.248Z
2026-09-28,M,726,800646189,JERZY FILIP URBAN,POL,Poland,2009,120,https://www.itftennis.com/tennis/api/PlayerRankApi/GetPlayerRankings?circuitCode=JT&playerTypeCode=B&ageCategoryCode=&juniorRankingType=itf&take=100&skip=700&isOrderAscending=true,2026-09-29T13:04:02.248Z
2026-09-28,M,727,800694776,Borys Alexander,RSA,South Africa,2008,119.5,https://www.itftennis.com/tennis/api/PlayerRankApi/GetPlayerRankings?circuitCode=JT&playerTypeCode=B&ageCategoryCode=&juniorRankingType=itf&take=100&skip=700&isOrderAscending=true,2026-09-29T13:04:02.248Z
2026-09-28,M,728,800732694,Juan Federico Nolo Pedrat,ARG,Argentina,2010,119.25,https://www.itftennis.com/tennis/api/PlayerRankApi/GetPlayerRankings?circuitCode=JT&playerTypeCode=B&ageCategoryCode=&juniorRankingType=itf&take=100&skip=700&isOrderAscending=true,2026-09-29T13:04:02.248Z
2026-09-28,M,729,800716393,Marc Vives Martinez,ESP,Spain,2008,119,https://www.itftennis.com/tennis/api/PlayerRankApi/GetPlayerRankings?circuitCode=JT&playerTypeCode=B&ageCategoryCode=&juniorRankingType=itf&take=100&skip=700&isOrderAscending=true,2026-09-29T13:04:02.248Z
2026-09-28,M,730,800796750,Matus Kliment,CZE,Czechia,2009,119,https://www.itftennis.com/tennis/api/PlayerRankApi/GetPlayerRankings?circuitCode=JT&playerTypeCode=B&ageCategoryCode=&juniorRankingType=itf&take=100&skip=700&isOrderAscending=true,2026-09-29T13:04:02.248Z
2026-09-28,M,731,800750112,Cooper McCarthy,RSA,South Africa,2009,119,https://www.itftennis.com/tennis/api/PlayerRankApi/GetPlayerRankings?circuitCode=JT&playerTypeCode=B&ageCategoryCode=&juniorRankingType=itf&take=100&skip=700&isOrderAscending=true,2026-09-29T13:04:02.248Z
2026-09-28,M,732,800646446,Tiago Peterhans,SUI,Switzerland,2009,118.75,https://www.itftennis.com/tennis/api/PlayerRankApi/GetPlayerRankings?circuitCode=JT&playerTypeCode=B&ageCategoryCode=&juniorRankingType=itf&take=100&skip=700&isOrderAscending=true,2026-09-29T13:04:02.248Z
2026-09-28,M,733,800695508,Laurens Drijver,NED,Netherlands,2011,118.25,https://www.itftennis.com/tennis/api/PlayerRankApi/GetPlayerRankings?circuitCode=JT&playerTypeCode=B&ageCategoryCode=&juniorRankingType=itf&take=100&skip=700&isOrderAscending=true,2026-09-29T13:04:02.248Z
2026-09-28,M,734,800590616,Victor Ryden,SWE,Sweden,2008,118,https://www.itftennis.com/tennis/api/PlayerRankApi/GetPlayerRankings?circuitCode=JT&playerTypeCode=B&ageCategoryCode=&juniorRankingType=itf&take=100&skip=700&isOrderAscending=true,2026-09-29T13:04:02.248Z
2026-09-28,M,735,800723319,Kei Badenhorst,RSA,South Africa,2008,118,https://www.itftennis.com/tennis/api/PlayerRankApi/GetPlayerRankings?circuitCode=JT&playerTypeCode=B&ageCategoryCode=&juniorRankingType=itf&take=100&skip=700&isOrderAscending=true,2026-09-29T13:04:02.248Z
2026-09-28,M,736,800708660,Fernando Gonzalez,ECU,Ecuador,2010,118,https://www.itftennis.com/tennis/api/PlayerRankApi/GetPlayerRankings?circuitCode=JT&playerTypeCode=B&ageCategoryCode=&juniorRankingType=itf&take=100&skip=700&isOrderAscending=true,2026-09-29T13:04:02.248Z
2026-09-28,M,737,800714749,Kale Dalla Costa,TTO,Trinidad & Tobago,2008,118,https://www.itftennis.com/tennis/api/PlayerRankApi/GetPlayerRankings?circuitCode=JT&playerTypeCode=B&ageCategoryCode=&juniorRankingType=itf&take=100&skip=700&isOrderAscending=true,2026-09-29T13:04:02.248Z
2026-09-28,M,738,800767737,Chuan Ding,CHN,"China, P.R.",2010,117.75,https://www.itftennis.com/tennis/api/PlayerRankApi/GetPlayerRankings?circuitCode=JT&playerTypeCode=B&ageCategoryCode=&juniorRankingType=itf&take=100&skip=700&isOrderAscending=true,2026-09-29T13:04:02.248Z
2026-09-28,M,739,800675149,Jakob Joggerst,GER,Germany,2009,117.5,https://www.itftennis.com/tennis/api/PlayerRankApi/GetPlayerRankings?circuitCode=JT&playerTypeCode=B&ageCategoryCode=&juniorRankingType=itf&take=100&skip=700&isOrderAscending=true,2026-09-29T13:04:02.248Z
2026-09-28,M,740,800815590,Aayush Vartak,USA,USA,2010,117.25,https://www.itftennis.com/tennis/api/PlayerRankApi/GetPlayerRankings?circuitCode=JT&playerTypeCode=B&ageCategoryCode=&juniorRankingType=itf&take=100&skip=700&isOrderAscending=true,2026-09-29T13:04:02.248Z
2026-09-28,M,741,800678872,Carlos Marcelo Silva Sovero,CHI,Chile,2009,117,https://www.itftennis.com/tennis/api/PlayerRankApi/GetPlayerRankings?circuitCode=JT&playerTypeCode=B&ageCategoryCode=&juniorRankingType=itf&take=100&skip=700&isOrderAscending=true,2026-09-29T13:04:02.248Z
2026-09-28,M,742,800648011,Lukas Lita,GER,Germany,2009,116.25,https://www.itftennis.com/tennis/api/PlayerRankApi/GetPlayerRankings?circuitCode=JT&playerTypeCode=B&ageCategoryCode=&juniorRankingType=itf&take=100&skip=700&isOrderAscending=true,2026-09-29T13:04:02.248Z
2026-09-28,M,743,800780019,Yul Ho Jung,KOR,"Korea, Rep.",2010,115.75,https://www.itftennis.com/tennis/api/PlayerRankApi/GetPlayerRankings?circuitCode=JT&playerTypeCode=B&ageCategoryCode=&juniorRankingType=itf&take=100&skip=700&isOrderAscending=true,2026-09-29T13:04:02.248Z
2026-09-28,M,744,800691288,Tiziano Barbier,ARG,Argentina,2009,115.5,https://www.itftennis.com/tennis/api/PlayerRankApi/GetPlayerRankings?circuitCode=JT&playerTypeCode=B&ageCategoryCode=&juniorRankingType=itf&take=100&skip=700&isOrderAscending=true,2026-09-29T13:04:02.248Z
2026-09-28,M,745,800745332,Kuranosuke Suzuki,JPN,Japan,2010,114.5,https://www.itftennis.com/tennis/api/PlayerRankApi/GetPlayerRankings?circuitCode=JT&playerTypeCode=B&ageCategoryCode=&juniorRankingType=itf&take=100&skip=700&isOrderAscending=true,2026-09-29T13:04:02.248Z
2026-09-28,M,746,800654638,Bernardo Carvalho,BRA,Brazil,2010,114.25,https://www.itftennis.com/tennis/api/PlayerRankApi/GetPlayerRankings?circuitCode=JT&playerTypeCode=B&ageCategoryCode=&juniorRankingType=itf&take=100&skip=700&isOrderAscending=true,2026-09-29T13:04:02.248Z
2026-09-28,M,747,800684598,Daniel Yang,KOR,"Korea, Rep.",2009,114.25,https://www.itftennis.com/tennis/api/PlayerRankApi/GetPlayerRankings?circuitCode=JT&playerTypeCode=B&ageCategoryCode=&juniorRankingType=itf&take=100&skip=700&isOrderAscending=true,2026-09-29T13:04:02.248Z
2026-09-28,M,748,800646383,Dongyun Oh,KOR,"Korea, Rep.",2009,114.25,https://www.itftennis.com/tennis/api/PlayerRankApi/GetPlayerRankings?circuitCode=JT&playerTypeCode=B&ageCategoryCode=&juniorRankingType=itf&take=100&skip=700&isOrderAscending=true,2026-09-29T13:04:02.248Z
2026-09-28,M,749,800604236,Hubert Plenkiewicz,POL,Poland,2008,114.25,https://www.itftennis.com/tennis/api/PlayerRankApi/GetPlayerRankings?circuitCode=JT&playerTypeCode=B&ageCategoryCode=&juniorRankingType=itf&take=100&skip=700&isOrderAscending=true,2026-09-29T13:04:02.248Z
2026-09-28,M,750,800693132,Aziz Missaoui,TUN,Tunisia,2008,114.25,https://www.itftennis.com/tennis/api/PlayerRankApi/GetPlayerRankings?circuitCode=JT&playerTypeCode=B&ageCategoryCode=&juniorRankingType=itf&take=100&skip=700&isOrderAscending=true,2026-09-29T13:04:02.248Z
2026-09-28,M,751,800724202,Viktor FOURCROY,FRA,France,2011,113.75,https://www.itftennis.com/tennis/api/PlayerRankApi/GetPlayerRankings?circuitCode=JT&playerTypeCode=B&ageCategoryCode=&juniorRankingType=itf&take=100&skip=700&isOrderAscending=true,2026-09-29T13:04:02.248Z
2026-09-28,M,752,800760345,Jannik Spindler,AUT,Austria,2010,113.5,https://www.itftennis.com/tennis/api/PlayerRankApi/GetPlayerRankings?circuitCode=JT&playerTypeCode=B&ageCategoryCode=&juniorRankingType=itf&take=100&skip=700&isOrderAscending=true,2026-09-29T13:04:02.248Z
2026-09-28,M,753,800742352,Junhyuk Seo,GUM,Guam,2009,113.5,https://www.itftennis.com/tennis/api/PlayerRankApi/GetPlayerRankings?circuitCode=JT&playerTypeCode=B&ageCategoryCode=&juniorRankingType=itf&take=100&skip=700&isOrderAscending=true,2026-09-29T13:04:02.248Z
2026-09-28,M,754,800689813,Kazuki Nakajima,JPN,Japan,2011,113.25,https://www.itftennis.com/tennis/api/PlayerRankApi/GetPlayerRankings?circuitCode=JT&playerTypeCode=B&ageCategoryCode=&juniorRankingType=itf&take=100&skip=700&isOrderAscending=true,2026-09-29T13:04:02.248Z
2026-09-28,M,755,800769296,Vincent Svedstam,SWE,Sweden,2009,113.25,https://www.itftennis.com/tennis/api/PlayerRankApi/GetPlayerRankings?circuitCode=JT&playerTypeCode=B&ageCategoryCode=&juniorRankingType=itf&take=100&skip=700&isOrderAscending=true,2026-09-29T13:04:02.248Z
2026-09-28,M,756,800743540,Shunhua He,CHN,"China, P.R.",2010,113.25,https://www.itftennis.com/tennis/api/PlayerRankApi/GetPlayerRankings?circuitCode=JT&playerTypeCode=B&ageCategoryCode=&juniorRankingType=itf&take=100&skip=700&isOrderAscending=true,2026-09-29T13:04:02.248Z
2026-09-28,M,757,800780528,Sebastian Lavorato,AUS,Australia,2012,112.75,https://www.itftennis.com/tennis/api/PlayerRankApi/GetPlayerRankings?circuitCode=JT&playerTypeCode=B&ageCategoryCode=&juniorRankingType=itf&take=100&skip=700&isOrderAscending=true,2026-09-29T13:04:02.248Z
2026-09-28,M,758,800775396,Agustin Siancha Borlenghi,ESP,Spain,2009,112.75,https://www.itftennis.com/tennis/api/PlayerRankApi/GetPlayerRankings?circuitCode=JT&playerTypeCode=B&ageCategoryCode=&juniorRankingType=itf&take=100&skip=700&isOrderAscending=true,2026-09-29T13:04:02.248Z
2026-09-28,M,759,800589636,Lucian Stefan Andrei,ROU,Romania,2008,112.5,https://www.itftennis.com/tennis/api/PlayerRankApi/GetPlayerRankings?circuitCode=JT&playerTypeCode=B&ageCategoryCode=&juniorRankingType=itf&take=100&skip=700&isOrderAscending=true,2026-09-29T13:04:02.248Z
2026-09-28,M,760,800691348,Andrea PARNET,FRA,France,2010,112.5,https://www.itftennis.com/tennis/api/PlayerRankApi/GetPlayerRankings?circuitCode=JT&playerTypeCode=B&ageCategoryCode=&juniorRankingType=itf&take=100&skip=700&isOrderAscending=true,2026-09-29T13:04:02.248Z
2026-09-28,M,761,800648542,Luka Lukovac,MNE,Montenegro,2009,112.5,https://www.itftennis.com/tennis/api/PlayerRankApi/GetPlayerRankings?circuitCode=JT&playerTypeCode=B&ageCategoryCode=&juniorRankingType=itf&take=100&skip=700&isOrderAscending=true,2026-09-29T13:04:02.248Z
2026-09-28,M,762,800679799,VALENTIN LATRUBESSE,FRA,France,2010,112,https://www.itftennis.com/tennis/api/PlayerRankApi/GetPlayerRankings?circuitCode=JT&playerTypeCode=B&ageCategoryCode=&juniorRankingType=itf&take=100&skip=700&isOrderAscending=true,2026-09-29T13:04:02.248Z
2026-09-28,M,763,800699052,Gianluca Galasso,USA,USA,2008,111.75,https://www.itftennis.com/tennis/api/PlayerRankApi/GetPlayerRankings?circuitCode=JT&playerTypeCode=B&ageCategoryCode=&juniorRankingType=itf&take=100&skip=700&isOrderAscending=true,2026-09-29T13:04:02.248Z
2026-09-28,M,764,800695234,Andreas Mjeda,CAN,Canada,2010,111.75,https://www.itftennis.com/tennis/api/PlayerRankApi/GetPlayerRankings?circuitCode=JT&playerTypeCode=B&ageCategoryCode=&juniorRankingType=itf&take=100&skip=700&isOrderAscending=true,2026-09-29T13:04:02.248Z
2026-09-28,M,765,800687171,Andre Bruno,BRA,Brazil,2009,111.75,https://www.itftennis.com/tennis/api/PlayerRankApi/GetPlayerRankings?circuitCode=JT&playerTypeCode=B&ageCategoryCode=&juniorRankingType=itf&take=100&skip=700&isOrderAscending=true,2026-09-29T13:04:02.248Z
2026-09-28,M,766,800711350,Reita Yamanaka,JPN,Japan,2012,111.75,https://www.itftennis.com/tennis/api/PlayerRankApi/GetPlayerRankings?circuitCode=JT&playerTypeCode=B&ageCategoryCode=&juniorRankingType=itf&take=100&skip=700&isOrderAscending=true,2026-09-29T13:04:02.248Z
2026-09-28,M,767,800702477,Alessandro Gallo,ITA,Italy,2010,111.5,https://www.itftennis.com/tennis/api/PlayerRankApi/GetPlayerRankings?circuitCode=JT&playerTypeCode=B&ageCategoryCode=&juniorRankingType=itf&take=100&skip=700&isOrderAscending=true,2026-09-29T13:04:02.248Z
2026-09-28,M,768,800664357,Leo Wright,GBR,Great Britain,2009,111.5,https://www.itftennis.com/tennis/api/PlayerRankApi/GetPlayerRankings?circuitCode=JT&playerTypeCode=B&ageCategoryCode=&juniorRankingType=itf&take=100&skip=700&isOrderAscending=true,2026-09-29T13:04:02.248Z
2026-09-28,M,769,800772398,Sakeri Parnell,NZL,New Zealand,2009,111.5,https://www.itftennis.com/tennis/api/PlayerRankApi/GetPlayerRankings?circuitCode=JT&playerTypeCode=B&ageCategoryCode=&juniorRankingType=itf&take=100&skip=700&isOrderAscending=true,2026-09-29T13:04:02.248Z
2026-09-28,M,770,800660191,Veer Madam,IND,India,2008,111.5,https://www.itftennis.com/tennis/api/PlayerRankApi/GetPlayerRankings?circuitCode=JT&playerTypeCode=B&ageCategoryCode=&juniorRankingType=itf&take=100&skip=700&isOrderAscending=true,2026-09-29T13:04:02.248Z
2026-09-28,M,771,800758454,Weibo Huang,TPE,Chinese Taipei,2009,111.5,https://www.itftennis.com/tennis/api/PlayerRankApi/GetPlayerRankings?circuitCode=JT&playerTypeCode=B&ageCategoryCode=&juniorRankingType=itf&take=100&skip=700&isOrderAscending=true,2026-09-29T13:04:02.248Z
2026-09-28,M,772,800671128,AOI ISHIZAKI,JPN,Japan,2010,111.25,https://www.itftennis.com/tennis/api/PlayerRankApi/GetPlayerRankings?circuitCode=JT&playerTypeCode=B&ageCategoryCode=&juniorRankingType=itf&take=100&skip=700&isOrderAscending=true,2026-09-29T13:04:02.248Z
2026-09-28,M,773,800731041,Luke Kemball Gibbons,NZL,New Zealand,2009,111,https://www.itftennis.com/tennis/api/PlayerRankApi/GetPlayerRankings?circuitCode=JT&playerTypeCode=B&ageCategoryCode=&juniorRankingType=itf&take=100&skip=700&isOrderAscending=true,2026-09-29T13:04:02.248Z
2026-09-28,M,774,800638904,Marko Savija,SRB,Serbia,2008,111,https://www.itftennis.com/tennis/api/PlayerRankApi/GetPlayerRankings?circuitCode=JT&playerTypeCode=B&ageCategoryCode=&juniorRankingType=itf&take=100&skip=700&isOrderAscending=true,2026-09-29T13:04:02.248Z
2026-09-28,M,775,800707748,Dan Milburn,NZL,New Zealand,2008,110.75,https://www.itftennis.com/tennis/api/PlayerRankApi/GetPlayerRankings?circuitCode=JT&playerTypeCode=B&ageCategoryCode=&juniorRankingType=itf&take=100&skip=700&isOrderAscending=true,2026-09-29T13:04:02.248Z
2026-09-28,M,776,800652577,Jeronimo Duque Salazar,COL,Colombia,2009,110.75,https://www.itftennis.com/tennis/api/PlayerRankApi/GetPlayerRankings?circuitCode=JT&playerTypeCode=B&ageCategoryCode=&juniorRankingType=itf&take=100&skip=700&isOrderAscending=true,2026-09-29T13:04:02.248Z
2026-09-28,M,777,800694095,ANTOINE TARDIF,CAN,Canada,2010,110.5,https://www.itftennis.com/tennis/api/PlayerRankApi/GetPlayerRankings?circuitCode=JT&playerTypeCode=B&ageCategoryCode=&juniorRankingType=itf&take=100&skip=700&isOrderAscending=true,2026-09-29T13:04:02.248Z
2026-09-28,M,778,800663563,Samuel SCHIFANO,FRA,France,2010,110.5,https://www.itftennis.com/tennis/api/PlayerRankApi/GetPlayerRankings?circuitCode=JT&playerTypeCode=B&ageCategoryCode=&juniorRankingType=itf&take=100&skip=700&isOrderAscending=true,2026-09-29T13:04:02.248Z
2026-09-28,M,779,800678997,William Repakis,SWE,Sweden,2010,110.25,https://www.itftennis.com/tennis/api/PlayerRankApi/GetPlayerRankings?circuitCode=JT&playerTypeCode=B&ageCategoryCode=&juniorRankingType=itf&take=100&skip=700&isOrderAscending=true,2026-09-29T13:04:02.248Z
2026-09-28,M,780,800707125,Duarte Lima Sanches,POR,Portugal,2009,110.25,https://www.itftennis.com/tennis/api/PlayerRankApi/GetPlayerRankings?circuitCode=JT&playerTypeCode=B&ageCategoryCode=&juniorRankingType=itf&take=100&skip=700&isOrderAscending=true,2026-09-29T13:04:02.248Z
2026-09-28,M,781,800718016,Max Becerra,CHI,Chile,2010,110.25,https://www.itftennis.com/tennis/api/PlayerRankApi/GetPlayerRankings?circuitCode=JT&playerTypeCode=B&ageCategoryCode=&juniorRankingType=itf&take=100&skip=700&isOrderAscending=true,2026-09-29T13:04:02.248Z
2026-09-28,M,782,800754674,Xi Cheng Huang,CHN,"China, P.R.",2008,110,https://www.itftennis.com/tennis/api/PlayerRankApi/GetPlayerRankings?circuitCode=JT&playerTypeCode=B&ageCategoryCode=&juniorRankingType=itf&take=100&skip=700&isOrderAscending=true,2026-09-29T13:04:02.248Z
2026-09-28,M,783,800631041,Anas Ben youssef,TUN,Tunisia,2009,110,https://www.itftennis.com/tennis/api/PlayerRankApi/GetPlayerRankings?circuitCode=JT&playerTypeCode=B&ageCategoryCode=&juniorRankingType=itf&take=100&skip=700&isOrderAscending=true,2026-09-29T13:04:02.248Z
2026-09-28,M,784,800773636,Parth Chitroda,AUS,Australia,2010,109.25,https://www.itftennis.com/tennis/api/PlayerRankApi/GetPlayerRankings?circuitCode=JT&playerTypeCode=B&ageCategoryCode=&juniorRankingType=itf&take=100&skip=700&isOrderAscending=true,2026-09-29T13:04:02.248Z
2026-09-28,M,785,800764525,Ethan Andrew Pieber,AUT,Austria,2010,109,https://www.itftennis.com/tennis/api/PlayerRankApi/GetPlayerRankings?circuitCode=JT&playerTypeCode=B&ageCategoryCode=&juniorRankingType=itf&take=100&skip=700&isOrderAscending=true,2026-09-29T13:04:02.248Z
2026-09-28,M,786,800712978,Marc-Edouard Lallier,CAN,Canada,2010,109,https://www.itftennis.com/tennis/api/PlayerRankApi/GetPlayerRankings?circuitCode=JT&playerTypeCode=B&ageCategoryCode=&juniorRankingType=itf&take=100&skip=700&isOrderAscending=true,2026-09-29T13:04:02.248Z
2026-09-28,M,787,800781938,Carter Jauffret,USA,USA,2010,108.5,https://www.itftennis.com/tennis/api/PlayerRankApi/GetPlayerRankings?circuitCode=JT&playerTypeCode=B&ageCategoryCode=&juniorRankingType=itf&take=100&skip=700&isOrderAscending=true,2026-09-29T13:04:02.248Z
2026-09-28,M,788,800679028,Leon Achurra Correa,CHI,Chile,2008,108.5,https://www.itftennis.com/tennis/api/PlayerRankApi/GetPlayerRankings?circuitCode=JT&playerTypeCode=B&ageCategoryCode=&juniorRankingType=itf&take=100&skip=700&isOrderAscending=true,2026-09-29T13:04:02.248Z
2026-09-28,M,789,800668009,Alex Tuomolin,FIN,Finland,2010,108.5,https://www.itftennis.com/tennis/api/PlayerRankApi/GetPlayerRankings?circuitCode=JT&playerTypeCode=B&ageCategoryCode=&juniorRankingType=itf&take=100&skip=700&isOrderAscending=true,2026-09-29T13:04:02.248Z
2026-09-28,M,790,800629439,Cagan Cetin,TUR,Turkiye,2009,108.5,https://www.itftennis.com/tennis/api/PlayerRankApi/GetPlayerRankings?circuitCode=JT&playerTypeCode=B&ageCategoryCode=&juniorRankingType=itf&take=100&skip=700&isOrderAscending=true,2026-09-29T13:04:02.248Z
2026-09-28,M,791,800657256,Timur Gordeev,RUS,Russia,2010,108.5,https://www.itftennis.com/tennis/api/PlayerRankApi/GetPlayerRankings?circuitCode=JT&playerTypeCode=B&ageCategoryCode=&juniorRankingType=itf&take=100&skip=700&isOrderAscending=true,2026-09-29T13:04:02.248Z
2026-09-28,M,792,800649478,Boris Nachev,BUL,Bulgaria,2009,108.25,https://www.itftennis.com/tennis/api/PlayerRankApi/GetPlayerRankings?circuitCode=JT&playerTypeCode=B&ageCategoryCode=&juniorRankingType=itf&take=100&skip=700&isOrderAscending=true,2026-09-29T13:04:02.248Z
2026-09-28,M,793,800686461,Ivan Costa Lopez,ESP,Spain,2008,108,https://www.itftennis.com/tennis/api/PlayerRankApi/GetPlayerRankings?circuitCode=JT&playerTypeCode=B&ageCategoryCode=&juniorRankingType=itf&take=100&skip=700&isOrderAscending=true,2026-09-29T13:04:02.248Z
2026-09-28,M,794,800798552,JOAO PEDRO NARDI,ITA,Italy,2010,107.5,https://www.itftennis.com/tennis/api/PlayerRankApi/GetPlayerRankings?circuitCode=JT&playerTypeCode=B&ageCategoryCode=&juniorRankingType=itf&take=100&skip=700&isOrderAscending=true,2026-09-29T13:04:02.248Z
2026-09-28,M,795,800750185,Jack Thornhill,RSA,South Africa,2010,107.5,https://www.itftennis.com/tennis/api/PlayerRankApi/GetPlayerRankings?circuitCode=JT&playerTypeCode=B&ageCategoryCode=&juniorRankingType=itf&take=100&skip=700&isOrderAscending=true,2026-09-29T13:04:02.248Z
2026-09-28,M,796,800603015,David Popa,ROU,Romania,2008,107.25,https://www.itftennis.com/tennis/api/PlayerRankApi/GetPlayerRankings?circuitCode=JT&playerTypeCode=B&ageCategoryCode=&juniorRankingType=itf&take=100&skip=700&isOrderAscending=true,2026-09-29T13:04:02.248Z
2026-09-28,M,797,800643334,Ivan Dumbovic,CRO,Croatia,2009,107,https://www.itftennis.com/tennis/api/PlayerRankApi/GetPlayerRankings?circuitCode=JT&playerTypeCode=B&ageCategoryCode=&juniorRankingType=itf&take=100&skip=700&isOrderAscending=true,2026-09-29T13:04:02.248Z
2026-09-28,M,798,800753605,Luke Laughlin,CAN,Canada,2008,106.75,https://www.itftennis.com/tennis/api/PlayerRankApi/GetPlayerRankings?circuitCode=JT&playerTypeCode=B&ageCategoryCode=&juniorRankingType=itf&take=100&skip=700&isOrderAscending=true,2026-09-29T13:04:02.248Z
2026-09-28,M,799,800653458,Mark Haidt,BLR,Belarus,2010,106.75,https://www.itftennis.com/tennis/api/PlayerRankApi/GetPlayerRankings?circuitCode=JT&playerTypeCode=B&ageCategoryCode=&juniorRankingType=itf&take=100&skip=700&isOrderAscending=true,2026-09-29T13:04:02.248Z
2026-09-28,M,800,800708071,NISHIT ARIMILLI,IND,India,2008,106.75,https://www.itftennis.com/tennis/api/PlayerRankApi/GetPlayerRankings?circuitCode=JT&playerTypeCode=B&ageCategoryCode=&juniorRankingType=itf&take=100&skip=700&isOrderAscending=true,2026-09-29T13:04:02.248Z
2026-09-28,M,801,800672359,Archie Stewart,NZL,New Zealand,2008,106.5,https://www.itftennis.com/tennis/api/PlayerRankApi/GetPlayerRankings?circuitCode=JT&playerTypeCode=B&ageCategoryCode=&juniorRankingType=itf&take=100&skip=800&isOrderAscending=true,2026-09-29T13:04:07.434Z
2026-09-28,M,802,800691692,Rogier Verbeet,NED,Netherlands,2011,106.5,https://www.itftennis.com/tennis/api/PlayerRankApi/GetPlayerRankings?circuitCode=JT&playerTypeCode=B&ageCategoryCode=&juniorRankingType=itf&take=100&skip=800&isOrderAscending=true,2026-09-29T13:04:07.434Z
2026-09-28,M,803,800656068,Washington Cardoso de Matos Junior,BRA,Brazil,2008,106.5,https://www.itftennis.com/tennis/api/PlayerRankApi/GetPlayerRankings?circuitCode=JT&playerTypeCode=B&ageCategoryCode=&juniorRankingType=itf&take=100&skip=800&isOrderAscending=true,2026-09-29T13:04:07.434Z
2026-09-28,M,804,800592868,Constantin Neubauer,AUT,Austria,2008,106.25,https://www.itftennis.com/tennis/api/PlayerRankApi/GetPlayerRankings?circuitCode=JT&playerTypeCode=B&ageCategoryCode=&juniorRankingType=itf&take=100&skip=800&isOrderAscending=true,2026-09-29T13:04:07.434Z
2026-09-28,M,805,800678813,Jakub Fedor,CZE,Czechia,2009,106,https://www.itftennis.com/tennis/api/PlayerRankApi/GetPlayerRankings?circuitCode=JT&playerTypeCode=B&ageCategoryCode=&juniorRankingType=itf&take=100&skip=800&isOrderAscending=true,2026-09-29T13:04:07.434Z
2026-09-28,M,806,800672502,Aedan Malik,CAN,Canada,2009,106,https://www.itftennis.com/tennis/api/PlayerRankApi/GetPlayerRankings?circuitCode=JT&playerTypeCode=B&ageCategoryCode=&juniorRankingType=itf&take=100&skip=800&isOrderAscending=true,2026-09-29T13:04:07.434Z
2026-09-28,M,807,800603941,Josef Svoboda,CZE,Czechia,2008,106,https://www.itftennis.com/tennis/api/PlayerRankApi/GetPlayerRankings?circuitCode=JT&playerTypeCode=B&ageCategoryCode=&juniorRankingType=itf&take=100&skip=800&isOrderAscending=true,2026-09-29T13:04:07.434Z
2026-09-28,M,808,800715267,Mateus Bozzini Pisani,BRA,Brazil,2009,106,https://www.itftennis.com/tennis/api/PlayerRankApi/GetPlayerRankings?circuitCode=JT&playerTypeCode=B&ageCategoryCode=&juniorRankingType=itf&take=100&skip=800&isOrderAscending=true,2026-09-29T13:04:07.434Z
2026-09-28,M,809,800671015,Ferdinand Grasl,AUT,Austria,2010,105.5,https://www.itftennis.com/tennis/api/PlayerRankApi/GetPlayerRankings?circuitCode=JT&playerTypeCode=B&ageCategoryCode=&juniorRankingType=itf&take=100&skip=800&isOrderAscending=true,2026-09-29T13:04:07.434Z
2026-09-28,M,810,800778452,haoyuan li,CHN,"China, P.R.",2010,105.25,https://www.itftennis.com/tennis/api/PlayerRankApi/GetPlayerRankings?circuitCode=JT&playerTypeCode=B&ageCategoryCode=&juniorRankingType=itf&take=100&skip=800&isOrderAscending=true,2026-09-29T13:04:07.434Z
2026-09-28,M,811,800664963,Jules Carron,SUI,Switzerland,2008,105,https://www.itftennis.com/tennis/api/PlayerRankApi/GetPlayerRankings?circuitCode=JT&playerTypeCode=B&ageCategoryCode=&juniorRankingType=itf&take=100&skip=800&isOrderAscending=true,2026-09-29T13:04:07.434Z
2026-09-28,M,812,800674490,Nick Mertgens,GER,Germany,2008,104.75,https://www.itftennis.com/tennis/api/PlayerRankApi/GetPlayerRankings?circuitCode=JT&playerTypeCode=B&ageCategoryCode=&juniorRankingType=itf&take=100&skip=800&isOrderAscending=true,2026-09-29T13:04:07.434Z
2026-09-28,M,813,800672319,Francesco Pansecchi,ITA,Italy,2009,104.5,https://www.itftennis.com/tennis/api/PlayerRankApi/GetPlayerRankings?circuitCode=JT&playerTypeCode=B&ageCategoryCode=&juniorRankingType=itf&take=100&skip=800&isOrderAscending=true,2026-09-29T13:04:07.434Z
2026-09-28,M,814,800703915,Vencel Fazekas,HUN,Hungary,2011,104.5,https://www.itftennis.com/tennis/api/PlayerRankApi/GetPlayerRankings?circuitCode=JT&playerTypeCode=B&ageCategoryCode=&juniorRankingType=itf&take=100&skip=800&isOrderAscending=true,2026-09-29T13:04:07.434Z
2026-09-28,M,815,800661322,Nikita Gafurov,UZB,Uzbekistan,2009,104,https://www.itftennis.com/tennis/api/PlayerRankApi/GetPlayerRankings?circuitCode=JT&playerTypeCode=B&ageCategoryCode=&juniorRankingType=itf&take=100&skip=800&isOrderAscending=true,2026-09-29T13:04:07.434Z
2026-09-28,M,816,800752433,Antonio Carlos Castellanos,GUA,Guatemala,2009,104,https://www.itftennis.com/tennis/api/PlayerRankApi/GetPlayerRankings?circuitCode=JT&playerTypeCode=B&ageCategoryCode=&juniorRankingType=itf&take=100&skip=800&isOrderAscending=true,2026-09-29T13:04:07.434Z
2026-09-28,M,817,800589059,Ivan Matveev,RUS,Russia,2008,103.75,https://www.itftennis.com/tennis/api/PlayerRankApi/GetPlayerRankings?circuitCode=JT&playerTypeCode=B&ageCategoryCode=&juniorRankingType=itf&take=100&skip=800&isOrderAscending=true,2026-09-29T13:04:07.434Z
2026-09-28,M,818,800678027,Rafa Garcia Domenech,ESP,Spain,2011,103.75,https://www.itftennis.com/tennis/api/PlayerRankApi/GetPlayerRankings?circuitCode=JT&playerTypeCode=B&ageCategoryCode=&juniorRankingType=itf&take=100&skip=800&isOrderAscending=true,2026-09-29T13:04:07.434Z
2026-09-28,M,819,800785818,Hayato Sata,AUS,Australia,2010,103.5,https://www.itftennis.com/tennis/api/PlayerRankApi/GetPlayerRankings?circuitCode=JT&playerTypeCode=B&ageCategoryCode=&juniorRankingType=itf&take=100&skip=800&isOrderAscending=true,2026-09-29T13:04:07.434Z
2026-09-28,M,820,800660581,Vivaan Bidasaria,IND,India,2010,103.5,https://www.itftennis.com/tennis/api/PlayerRankApi/GetPlayerRankings?circuitCode=JT&playerTypeCode=B&ageCategoryCode=&juniorRankingType=itf&take=100&skip=800&isOrderAscending=true,2026-09-29T13:04:07.434Z
2026-09-28,M,821,800650048,Oliver Wei Liu,SWE,Sweden,2008,103.5,https://www.itftennis.com/tennis/api/PlayerRankApi/GetPlayerRankings?circuitCode=JT&playerTypeCode=B&ageCategoryCode=&juniorRankingType=itf&take=100&skip=800&isOrderAscending=true,2026-09-29T13:04:07.434Z
2026-09-28,M,822,800829023,Luke Jones,USA,USA,2011,103.25,https://www.itftennis.com/tennis/api/PlayerRankApi/GetPlayerRankings?circuitCode=JT&playerTypeCode=B&ageCategoryCode=&juniorRankingType=itf&take=100&skip=800&isOrderAscending=true,2026-09-29T13:04:07.434Z
2026-09-28,M,823,800824908,Hozumi Kaneda,JPN,Japan,2011,103,https://www.itftennis.com/tennis/api/PlayerRankApi/GetPlayerRankings?circuitCode=JT&playerTypeCode=B&ageCategoryCode=&juniorRankingType=itf&take=100&skip=800&isOrderAscending=true,2026-09-29T13:04:07.434Z
2026-09-28,M,824,800594610,Alessandro Maina,ITA,Italy,2008,103,https://www.itftennis.com/tennis/api/PlayerRankApi/GetPlayerRankings?circuitCode=JT&playerTypeCode=B&ageCategoryCode=&juniorRankingType=itf&take=100&skip=800&isOrderAscending=true,2026-09-29T13:04:07.434Z
2026-09-28,M,825,800796899,Alexander Totoian,USA,USA,2010,102.5,https://www.itftennis.com/tennis/api/PlayerRankApi/GetPlayerRankings?circuitCode=JT&playerTypeCode=B&ageCategoryCode=&juniorRankingType=itf&take=100&skip=800&isOrderAscending=true,2026-09-29T13:04:07.434Z
2026-09-28,M,826,800746387,Mehdi LAABI,MAR,Morocco,2010,102.5,https://www.itftennis.com/tennis/api/PlayerRankApi/GetPlayerRankings?circuitCode=JT&playerTypeCode=B&ageCategoryCode=&juniorRankingType=itf&take=100&skip=800&isOrderAscending=true,2026-09-29T13:04:07.434Z
2026-09-28,M,827,800688308,Tri Srisen,THA,Thailand,2010,102.5,https://www.itftennis.com/tennis/api/PlayerRankApi/GetPlayerRankings?circuitCode=JT&playerTypeCode=B&ageCategoryCode=&juniorRankingType=itf&take=100&skip=800&isOrderAscending=true,2026-09-29T13:04:07.434Z
2026-09-28,M,828,800692257,David Valeev,RUS,Russia,2010,102.25,https://www.itftennis.com/tennis/api/PlayerRankApi/GetPlayerRankings?circuitCode=JT&playerTypeCode=B&ageCategoryCode=&juniorRankingType=itf&take=100&skip=800&isOrderAscending=true,2026-09-29T13:04:07.434Z
2026-09-28,M,829,800598680,Jonathan Dazert,GER,Germany,2008,102,https://www.itftennis.com/tennis/api/PlayerRankApi/GetPlayerRankings?circuitCode=JT&playerTypeCode=B&ageCategoryCode=&juniorRankingType=itf&take=100&skip=800&isOrderAscending=true,2026-09-29T13:04:07.434Z
2026-09-28,M,830,800584482,Theo Alexandre Ifejika,FRA,France,2008,102,https://www.itftennis.com/tennis/api/PlayerRankApi/GetPlayerRankings?circuitCode=JT&playerTypeCode=B&ageCategoryCode=&juniorRankingType=itf&take=100&skip=800&isOrderAscending=true,2026-09-29T13:04:07.434Z
2026-09-28,M,831,800589826,Lorenzo De Vizia,ITA,Italy,2008,102,https://www.itftennis.com/tennis/api/PlayerRankApi/GetPlayerRankings?circuitCode=JT&playerTypeCode=B&ageCategoryCode=&juniorRankingType=itf&take=100&skip=800&isOrderAscending=true,2026-09-29T13:04:07.434Z
2026-09-28,M,832,800647107,sergi ramis coll,ESP,Spain,2009,102,https://www.itftennis.com/tennis/api/PlayerRankApi/GetPlayerRankings?circuitCode=JT&playerTypeCode=B&ageCategoryCode=&juniorRankingType=itf&take=100&skip=800&isOrderAscending=true,2026-09-29T13:04:07.434Z
2026-09-28,M,833,800595551,Hrvoje Jutresa,CRO,Croatia,2008,101.75,https://www.itftennis.com/tennis/api/PlayerRankApi/GetPlayerRankings?circuitCode=JT&playerTypeCode=B&ageCategoryCode=&juniorRankingType=itf&take=100&skip=800&isOrderAscending=true,2026-09-29T13:04:07.434Z
2026-09-28,M,834,800777433,Andres Guillermo Narcio Vazquez,MEX,Mexico,2010,101.75,https://www.itftennis.com/tennis/api/PlayerRankApi/GetPlayerRankings?circuitCode=JT&playerTypeCode=B&ageCategoryCode=&juniorRankingType=itf&take=100&skip=800&isOrderAscending=true,2026-09-29T13:04:07.434Z
2026-09-28,M,835,800803073,Aiden Nitch,AUS,Australia,2009,101.5,https://www.itftennis.com/tennis/api/PlayerRankApi/GetPlayerRankings?circuitCode=JT&playerTypeCode=B&ageCategoryCode=&juniorRankingType=itf&take=100&skip=800&isOrderAscending=true,2026-09-29T13:04:07.434Z
2026-09-28,M,836,800731440,Zurui Zhang,CHN,"China, P.R.",2009,101.5,https://www.itftennis.com/tennis/api/PlayerRankApi/GetPlayerRankings?circuitCode=JT&playerTypeCode=B&ageCategoryCode=&juniorRankingType=itf&take=100&skip=800&isOrderAscending=true,2026-09-29T13:04:07.434Z
2026-09-28,M,837,800767229,Radovan Krisko,SVK,Slovakia,2008,101.5,https://www.itftennis.com/tennis/api/PlayerRankApi/GetPlayerRankings?circuitCode=JT&playerTypeCode=B&ageCategoryCode=&juniorRankingType=itf&take=100&skip=800&isOrderAscending=true,2026-09-29T13:04:07.434Z
2026-09-28,M,838,800696102,Matyas Perutka,CZE,Czechia,2009,101.5,https://www.itftennis.com/tennis/api/PlayerRankApi/GetPlayerRankings?circuitCode=JT&playerTypeCode=B&ageCategoryCode=&juniorRankingType=itf&take=100&skip=800&isOrderAscending=true,2026-09-29T13:04:07.434Z
2026-09-28,M,839,800595606,Ivon Jovanovic,CRO,Croatia,2008,101.25,https://www.itftennis.com/tennis/api/PlayerRankApi/GetPlayerRankings?circuitCode=JT&playerTypeCode=B&ageCategoryCode=&juniorRankingType=itf&take=100&skip=800&isOrderAscending=true,2026-09-29T13:04:07.434Z
2026-09-28,M,840,800735673,Tommy Camus,AUS,Australia,2011,101,https://www.itftennis.com/tennis/api/PlayerRankApi/GetPlayerRankings?circuitCode=JT&playerTypeCode=B&ageCategoryCode=&juniorRankingType=itf&take=100&skip=800&isOrderAscending=true,2026-09-29T13:04:07.434Z
2026-09-28,M,841,800706734,Rishi Makesar,AUS,Australia,2009,100.75,https://www.itftennis.com/tennis/api/PlayerRankApi/GetPlayerRankings?circuitCode=JT&playerTypeCode=B&ageCategoryCode=&juniorRankingType=itf&take=100&skip=800&isOrderAscending=true,2026-09-29T13:04:07.434Z
2026-09-28,M,842,800677693,Tshepang Maisela,RSA,South Africa,2008,100.75,https://www.itftennis.com/tennis/api/PlayerRankApi/GetPlayerRankings?circuitCode=JT&playerTypeCode=B&ageCategoryCode=&juniorRankingType=itf&take=100&skip=800&isOrderAscending=true,2026-09-29T13:04:07.434Z
2026-09-28,M,843,800707895,Makanaka Whata,ZIM,Zimbabwe,2008,100.5,https://www.itftennis.com/tennis/api/PlayerRankApi/GetPlayerRankings?circuitCode=JT&playerTypeCode=B&ageCategoryCode=&juniorRankingType=itf&take=100&skip=800&isOrderAscending=true,2026-09-29T13:04:07.434Z
2026-09-28,M,844,800775047,Junze Wu,CHN,"China, P.R.",2010,100.5,https://www.itftennis.com/tennis/api/PlayerRankApi/GetPlayerRankings?circuitCode=JT&playerTypeCode=B&ageCategoryCode=&juniorRankingType=itf&take=100&skip=800&isOrderAscending=true,2026-09-29T13:04:07.434Z
2026-09-28,M,845,800774897,Aiden Phoebus,USA,USA,2008,100.25,https://www.itftennis.com/tennis/api/PlayerRankApi/GetPlayerRankings?circuitCode=JT&playerTypeCode=B&ageCategoryCode=&juniorRankingType=itf&take=100&skip=800&isOrderAscending=true,2026-09-29T13:04:07.434Z
2026-09-28,M,846,800703060,Jaydan Mitchell,GBR,Great Britain,2008,100.25,https://www.itftennis.com/tennis/api/PlayerRankApi/GetPlayerRankings?circuitCode=JT&playerTypeCode=B&ageCategoryCode=&juniorRankingType=itf&take=100&skip=800&isOrderAscending=true,2026-09-29T13:04:07.434Z
2026-09-28,M,847,800692423,Raoul Bazerghi,EGY,Egypt,2010,99.5,https://www.itftennis.com/tennis/api/PlayerRankApi/GetPlayerRankings?circuitCode=JT&playerTypeCode=B&ageCategoryCode=&juniorRankingType=itf&take=100&skip=800&isOrderAscending=true,2026-09-29T13:04:07.434Z
2026-09-28,M,848,800693872,Gianluigi Martini,GUA,Guatemala,2008,99.5,https://www.itftennis.com/tennis/api/PlayerRankApi/GetPlayerRankings?circuitCode=JT&playerTypeCode=B&ageCategoryCode=&juniorRankingType=itf&take=100&skip=800&isOrderAscending=true,2026-09-29T13:04:07.434Z
2026-09-28,M,849,800708454,Yutaro Otsuka,JPN,Japan,2011,99,https://www.itftennis.com/tennis/api/PlayerRankApi/GetPlayerRankings?circuitCode=JT&playerTypeCode=B&ageCategoryCode=&juniorRankingType=itf&take=100&skip=800&isOrderAscending=true,2026-09-29T13:04:07.434Z
2026-09-28,M,850,800735005,Julio Cesar Perez,MEX,Mexico,2009,99,https://www.itftennis.com/tennis/api/PlayerRankApi/GetPlayerRankings?circuitCode=JT&playerTypeCode=B&ageCategoryCode=&juniorRankingType=itf&take=100&skip=800&isOrderAscending=true,2026-09-29T13:04:07.434Z
2026-09-28,M,851,800714127,Enoch Lin,CAN,Canada,2008,99,https://www.itftennis.com/tennis/api/PlayerRankApi/GetPlayerRankings?circuitCode=JT&playerTypeCode=B&ageCategoryCode=&juniorRankingType=itf&take=100&skip=800&isOrderAscending=true,2026-09-29T13:04:07.434Z
2026-09-28,M,852,800758305,David Hustin Alemany,ESP,Spain,2009,98.75,https://www.itftennis.com/tennis/api/PlayerRankApi/GetPlayerRankings?circuitCode=JT&playerTypeCode=B&ageCategoryCode=&juniorRankingType=itf&take=100&skip=800&isOrderAscending=true,2026-09-29T13:04:07.434Z
2026-09-28,M,853,800664860,Liam Lugaric,SLO,Slovenia,2008,98.5,https://www.itftennis.com/tennis/api/PlayerRankApi/GetPlayerRankings?circuitCode=JT&playerTypeCode=B&ageCategoryCode=&juniorRankingType=itf&take=100&skip=800&isOrderAscending=true,2026-09-29T13:04:07.434Z
2026-09-28,M,854,800776732,Ricardo Dorantes Ramos,MEX,Mexico,2008,98.5,https://www.itftennis.com/tennis/api/PlayerRankApi/GetPlayerRankings?circuitCode=JT&playerTypeCode=B&ageCategoryCode=&juniorRankingType=itf&take=100&skip=800&isOrderAscending=true,2026-09-29T13:04:07.434Z
2026-09-28,M,855,800696902,Iker Montes Velazquez,MEX,Mexico,2008,98.25,https://www.itftennis.com/tennis/api/PlayerRankApi/GetPlayerRankings?circuitCode=JT&playerTypeCode=B&ageCategoryCode=&juniorRankingType=itf&take=100&skip=800&isOrderAscending=true,2026-09-29T13:04:07.434Z
2026-09-28,M,856,800796606,Younis Mohamed Hussien Moawad,EGY,Egypt,2010,98.25,https://www.itftennis.com/tennis/api/PlayerRankApi/GetPlayerRankings?circuitCode=JT&playerTypeCode=B&ageCategoryCode=&juniorRankingType=itf&take=100&skip=800&isOrderAscending=true,2026-09-29T13:04:07.434Z
2026-09-28,M,857,800695570,George Margiev,RUS,Russia,2008,98.25,https://www.itftennis.com/tennis/api/PlayerRankApi/GetPlayerRankings?circuitCode=JT&playerTypeCode=B&ageCategoryCode=&juniorRankingType=itf&take=100&skip=800&isOrderAscending=true,2026-09-29T13:04:07.434Z
2026-09-28,M,858,800596864,Nikita Smirnov,EST,Estonia,2009,98,https://www.itftennis.com/tennis/api/PlayerRankApi/GetPlayerRankings?circuitCode=JT&playerTypeCode=B&ageCategoryCode=&juniorRankingType=itf&take=100&skip=800&isOrderAscending=true,2026-09-29T13:04:07.434Z
2026-09-28,M,859,800694047,Luys Calin,GER,Germany,2011,98,https://www.itftennis.com/tennis/api/PlayerRankApi/GetPlayerRankings?circuitCode=JT&playerTypeCode=B&ageCategoryCode=&juniorRankingType=itf&take=100&skip=800&isOrderAscending=true,2026-09-29T13:04:07.434Z
2026-09-28,M,860,800679824,Mattis Thorsnes,NOR,Norway,2010,98,https://www.itftennis.com/tennis/api/PlayerRankApi/GetPlayerRankings?circuitCode=JT&playerTypeCode=B&ageCategoryCode=&juniorRankingType=itf&take=100&skip=800&isOrderAscending=true,2026-09-29T13:04:07.434Z
2026-09-28,M,861,800663632,Daksh Kukreti,IND,India,2008,98,https://www.itftennis.com/tennis/api/PlayerRankApi/GetPlayerRankings?circuitCode=JT&playerTypeCode=B&ageCategoryCode=&juniorRankingType=itf&take=100&skip=800&isOrderAscending=true,2026-09-29T13:04:07.434Z
2026-09-28,M,862,800791866,Ruoyu Hua,CHN,"China, P.R.",2010,98,https://www.itftennis.com/tennis/api/PlayerRankApi/GetPlayerRankings?circuitCode=JT&playerTypeCode=B&ageCategoryCode=&juniorRankingType=itf&take=100&skip=800&isOrderAscending=true,2026-09-29T13:04:07.434Z
2026-09-28,M,863,800624235,Tanussh Ghildyal,IND,India,2008,97.75,https://www.itftennis.com/tennis/api/PlayerRankApi/GetPlayerRankings?circuitCode=JT&playerTypeCode=B&ageCategoryCode=&juniorRankingType=itf&take=100&skip=800&isOrderAscending=true,2026-09-29T13:04:07.434Z
2026-09-28,M,864,800750948,Mies Wrobel,FRA,France,2009,97.75,https://www.itftennis.com/tennis/api/PlayerRankApi/GetPlayerRankings?circuitCode=JT&playerTypeCode=B&ageCategoryCode=&juniorRankingType=itf&take=100&skip=800&isOrderAscending=true,2026-09-29T13:04:07.434Z
2026-09-28,M,865,800650050,Harry Cornhill,GBR,Great Britain,2009,97.75,https://www.itftennis.com/tennis/api/PlayerRankApi/GetPlayerRankings?circuitCode=JT&playerTypeCode=B&ageCategoryCode=&juniorRankingType=itf&take=100&skip=800&isOrderAscending=true,2026-09-29T13:04:07.434Z
2026-09-28,M,866,800655445,Lucas Alexandru Milos,ROU,Romania,2010,97.5,https://www.itftennis.com/tennis/api/PlayerRankApi/GetPlayerRankings?circuitCode=JT&playerTypeCode=B&ageCategoryCode=&juniorRankingType=itf&take=100&skip=800&isOrderAscending=true,2026-09-29T13:04:07.434Z
2026-09-28,M,867,800674983,Lorenzo Sverzut Corsini,BRA,Brazil,2009,97.25,https://www.itftennis.com/tennis/api/PlayerRankApi/GetPlayerRankings?circuitCode=JT&playerTypeCode=B&ageCategoryCode=&juniorRankingType=itf&take=100&skip=800&isOrderAscending=true,2026-09-29T13:04:07.434Z
2026-09-28,M,868,800653897,Olzhas Yessenaly,KAZ,Kazakhstan,2008,97.25,https://www.itftennis.com/tennis/api/PlayerRankApi/GetPlayerRankings?circuitCode=JT&playerTypeCode=B&ageCategoryCode=&juniorRankingType=itf&take=100&skip=800&isOrderAscending=true,2026-09-29T13:04:07.434Z
2026-09-28,M,869,800838866,Shang Yu Cheng,TPE,Chinese Taipei,2009,97.25,https://www.itftennis.com/tennis/api/PlayerRankApi/GetPlayerRankings?circuitCode=JT&playerTypeCode=B&ageCategoryCode=&juniorRankingType=itf&take=100&skip=800&isOrderAscending=true,2026-09-29T13:04:07.434Z
2026-09-28,M,870,800598403,Dragos Mihai Mone,ROU,Romania,2009,97,https://www.itftennis.com/tennis/api/PlayerRankApi/GetPlayerRankings?circuitCode=JT&playerTypeCode=B&ageCategoryCode=&juniorRankingType=itf&take=100&skip=800&isOrderAscending=true,2026-09-29T13:04:07.434Z
2026-09-28,M,871,800670827,maximilian williams,GBR,Great Britain,2008,97,https://www.itftennis.com/tennis/api/PlayerRankApi/GetPlayerRankings?circuitCode=JT&playerTypeCode=B&ageCategoryCode=&juniorRankingType=itf&take=100&skip=800&isOrderAscending=true,2026-09-29T13:04:07.434Z
2026-09-28,M,872,800707426,Nadav Kraus,ISR,Israel,2010,96.75,https://www.itftennis.com/tennis/api/PlayerRankApi/GetPlayerRankings?circuitCode=JT&playerTypeCode=B&ageCategoryCode=&juniorRankingType=itf&take=100&skip=800&isOrderAscending=true,2026-09-29T13:04:07.434Z
2026-09-28,M,873,800673353,Scott Watson,GBR,Great Britain,2010,96.25,https://www.itftennis.com/tennis/api/PlayerRankApi/GetPlayerRankings?circuitCode=JT&playerTypeCode=B&ageCategoryCode=&juniorRankingType=itf&take=100&skip=800&isOrderAscending=true,2026-09-29T13:04:07.434Z
2026-09-28,M,874,800686417,Keisei Miyagishi,JPN,Japan,2009,96,https://www.itftennis.com/tennis/api/PlayerRankApi/GetPlayerRankings?circuitCode=JT&playerTypeCode=B&ageCategoryCode=&juniorRankingType=itf&take=100&skip=800&isOrderAscending=true,2026-09-29T13:04:07.434Z
2026-09-28,M,875,800795972,Elia Ruffino,ITA,Italy,2009,96,https://www.itftennis.com/tennis/api/PlayerRankApi/GetPlayerRankings?circuitCode=JT&playerTypeCode=B&ageCategoryCode=&juniorRankingType=itf&take=100&skip=800&isOrderAscending=true,2026-09-29T13:04:07.434Z
2026-09-28,M,876,800736451,Lucas Pontes,BRA,Brazil,2009,95.5,https://www.itftennis.com/tennis/api/PlayerRankApi/GetPlayerRankings?circuitCode=JT&playerTypeCode=B&ageCategoryCode=&juniorRankingType=itf&take=100&skip=800&isOrderAscending=true,2026-09-29T13:04:07.434Z
2026-09-28,M,877,800692052,Ronan Doyle,IRL,Ireland,2010,95.5,https://www.itftennis.com/tennis/api/PlayerRankApi/GetPlayerRankings?circuitCode=JT&playerTypeCode=B&ageCategoryCode=&juniorRankingType=itf&take=100&skip=800&isOrderAscending=true,2026-09-29T13:04:07.434Z
2026-09-28,M,878,800581494,Luka Petrovic,SLO,Slovenia,2008,94.75,https://www.itftennis.com/tennis/api/PlayerRankApi/GetPlayerRankings?circuitCode=JT&playerTypeCode=B&ageCategoryCode=&juniorRankingType=itf&take=100&skip=800&isOrderAscending=true,2026-09-29T13:04:07.434Z
2026-09-28,M,879,800684208,Hursh Patel,UAE,United Arab Emirates,2010,94.75,https://www.itftennis.com/tennis/api/PlayerRankApi/GetPlayerRankings?circuitCode=JT&playerTypeCode=B&ageCategoryCode=&juniorRankingType=itf&take=100&skip=800&isOrderAscending=true,2026-09-29T13:04:07.434Z
2026-09-28,M,880,800680251,Hugo Eggert,FIN,Finland,2009,94.75,https://www.itftennis.com/tennis/api/PlayerRankApi/GetPlayerRankings?circuitCode=JT&playerTypeCode=B&ageCategoryCode=&juniorRankingType=itf&take=100&skip=800&isOrderAscending=true,2026-09-29T13:04:07.434Z
2026-09-28,M,881,800747188,Aidan Chan,AUS,Australia,2011,94.5,https://www.itftennis.com/tennis/api/PlayerRankApi/GetPlayerRankings?circuitCode=JT&playerTypeCode=B&ageCategoryCode=&juniorRankingType=itf&take=100&skip=800&isOrderAscending=true,2026-09-29T13:04:07.434Z
2026-09-28,M,882,800681024,Dario Ortega Ferrero,ESP,Spain,2009,94.25,https://www.itftennis.com/tennis/api/PlayerRankApi/GetPlayerRankings?circuitCode=JT&playerTypeCode=B&ageCategoryCode=&juniorRankingType=itf&take=100&skip=800&isOrderAscending=true,2026-09-29T13:04:07.434Z
2026-09-28,M,883,800625842,Harrison Mcelnea,GBR,Great Britain,2008,93.75,https://www.itftennis.com/tennis/api/PlayerRankApi/GetPlayerRankings?circuitCode=JT&playerTypeCode=B&ageCategoryCode=&juniorRankingType=itf&take=100&skip=800&isOrderAscending=true,2026-09-29T13:04:07.434Z
2026-09-28,M,884,800701002,PAUL GHIMBASAN,ESP,Spain,2010,93.5,https://www.itftennis.com/tennis/api/PlayerRankApi/GetPlayerRankings?circuitCode=JT&playerTypeCode=B&ageCategoryCode=&juniorRankingType=itf&take=100&skip=800&isOrderAscending=true,2026-09-29T13:04:07.434Z
2026-09-28,M,885,800678780,Chetan Vasquez Quintero,COL,Colombia,2009,93.5,https://www.itftennis.com/tennis/api/PlayerRankApi/GetPlayerRankings?circuitCode=JT&playerTypeCode=B&ageCategoryCode=&juniorRankingType=itf&take=100&skip=800&isOrderAscending=true,2026-09-29T13:04:07.434Z
2026-09-28,M,886,800660845,Jasa Pecovnik,SLO,Slovenia,2010,93.5,https://www.itftennis.com/tennis/api/PlayerRankApi/GetPlayerRankings?circuitCode=JT&playerTypeCode=B&ageCategoryCode=&juniorRankingType=itf&take=100&skip=800&isOrderAscending=true,2026-09-29T13:04:07.434Z
2026-09-28,M,887,800701913,Fermin Barcala Lopez,ESP,Spain,2008,93.25,https://www.itftennis.com/tennis/api/PlayerRankApi/GetPlayerRankings?circuitCode=JT&playerTypeCode=B&ageCategoryCode=&juniorRankingType=itf&take=100&skip=800&isOrderAscending=true,2026-09-29T13:04:07.434Z
2026-09-28,M,888,800667795,Alexander Groet,SUI,Switzerland,2009,93.25,https://www.itftennis.com/tennis/api/PlayerRankApi/GetPlayerRankings?circuitCode=JT&playerTypeCode=B&ageCategoryCode=&juniorRankingType=itf&take=100&skip=800&isOrderAscending=true,2026-09-29T13:04:07.434Z
2026-09-28,M,889,800653613,Albin Colette,FRA,France,2010,92.75,https://www.itftennis.com/tennis/api/PlayerRankApi/GetPlayerRankings?circuitCode=JT&playerTypeCode=B&ageCategoryCode=&juniorRankingType=itf&take=100&skip=800&isOrderAscending=true,2026-09-29T13:04:07.434Z
2026-09-28,M,890,800559153,Damir Duisengazin,KAZ,Kazakhstan,2008,92.5,https://www.itftennis.com/tennis/api/PlayerRankApi/GetPlayerRankings?circuitCode=JT&playerTypeCode=B&ageCategoryCode=&juniorRankingType=itf&take=100&skip=800&isOrderAscending=true,2026-09-29T13:04:07.434Z
2026-09-28,M,891,800672607,Pietro Bertasi,ITA,Italy,2009,92.5,https://www.itftennis.com/tennis/api/PlayerRankApi/GetPlayerRankings?circuitCode=JT&playerTypeCode=B&ageCategoryCode=&juniorRankingType=itf&take=100&skip=800&isOrderAscending=true,2026-09-29T13:04:07.434Z
2026-09-28,M,892,800714352,Andrej Adamovic,SVK,Slovakia,2011,92.25,https://www.itftennis.com/tennis/api/PlayerRankApi/GetPlayerRankings?circuitCode=JT&playerTypeCode=B&ageCategoryCode=&juniorRankingType=itf&take=100&skip=800&isOrderAscending=true,2026-09-29T13:04:07.434Z
2026-09-28,M,893,800713635,Sean Peng,USA,USA,2009,92.25,https://www.itftennis.com/tennis/api/PlayerRankApi/GetPlayerRankings?circuitCode=JT&playerTypeCode=B&ageCategoryCode=&juniorRankingType=itf&take=100&skip=800&isOrderAscending=true,2026-09-29T13:04:07.434Z
2026-09-28,M,894,800599509,Asger Sorensen,DEN,Denmark,2008,91.75,https://www.itftennis.com/tennis/api/PlayerRankApi/GetPlayerRankings?circuitCode=JT&playerTypeCode=B&ageCategoryCode=&juniorRankingType=itf&take=100&skip=800&isOrderAscending=true,2026-09-29T13:04:07.434Z
2026-09-28,M,895,800670538,Alexandros Avgeris,GRE,Greece,2010,91.5,https://www.itftennis.com/tennis/api/PlayerRankApi/GetPlayerRankings?circuitCode=JT&playerTypeCode=B&ageCategoryCode=&juniorRankingType=itf&take=100&skip=800&isOrderAscending=true,2026-09-29T13:04:07.434Z
2026-09-28,M,896,800670475,Joachim Mika Gunawan,INA,Indonesia,2009,91.25,https://www.itftennis.com/tennis/api/PlayerRankApi/GetPlayerRankings?circuitCode=JT&playerTypeCode=B&ageCategoryCode=&juniorRankingType=itf&take=100&skip=800&isOrderAscending=true,2026-09-29T13:04:07.434Z
2026-09-28,M,897,800684657,MARC SCHULZ BARRERA,ESP,Spain,2010,91,https://www.itftennis.com/tennis/api/PlayerRankApi/GetPlayerRankings?circuitCode=JT&playerTypeCode=B&ageCategoryCode=&juniorRankingType=itf&take=100&skip=800&isOrderAscending=true,2026-09-29T13:04:07.434Z
2026-09-28,M,898,800874119,Rafael Guseynov,AZE,Azerbaijan,2009,90.75,https://www.itftennis.com/tennis/api/PlayerRankApi/GetPlayerRankings?circuitCode=JT&playerTypeCode=B&ageCategoryCode=&juniorRankingType=itf&take=100&skip=800&isOrderAscending=true,2026-09-29T13:04:07.434Z
2026-09-28,M,899,800710308,Danialmoshtaghifard Moshtaghifard,IRI,Iran,2009,90.75,https://www.itftennis.com/tennis/api/PlayerRankApi/GetPlayerRankings?circuitCode=JT&playerTypeCode=B&ageCategoryCode=&juniorRankingType=itf&take=100&skip=800&isOrderAscending=true,2026-09-29T13:04:07.434Z
2026-09-28,M,900,800710243,Aaradhya Mhasde,IND,India,2010,90.5,https://www.itftennis.com/tennis/api/PlayerRankApi/GetPlayerRankings?circuitCode=JT&playerTypeCode=B&ageCategoryCode=&juniorRankingType=itf&take=100&skip=800&isOrderAscending=true,2026-09-29T13:04:07.434Z
2026-09-28,M,901,800621604,Antoni Kasperski,POL,Poland,2008,90.5,https://www.itftennis.com/tennis/api/PlayerRankApi/GetPlayerRankings?circuitCode=JT&playerTypeCode=B&ageCategoryCode=&juniorRankingType=itf&take=100&skip=900&isOrderAscending=true,2026-09-29T13:04:15.747Z
2026-09-28,M,902,800594501,Ferdinand Livet Novkirichka,FRA,France,2008,90,https://www.itftennis.com/tennis/api/PlayerRankApi/GetPlayerRankings?circuitCode=JT&playerTypeCode=B&ageCategoryCode=&juniorRankingType=itf&take=100&skip=900&isOrderAscending=true,2026-09-29T13:04:15.747Z
2026-09-28,M,903,800767091,yidu Yang,CHN,"China, P.R.",2009,90,https://www.itftennis.com/tennis/api/PlayerRankApi/GetPlayerRankings?circuitCode=JT&playerTypeCode=B&ageCategoryCode=&juniorRankingType=itf&take=100&skip=900&isOrderAscending=true,2026-09-29T13:04:15.747Z
2026-09-28,M,904,800720305,Alex Perez,COL,Colombia,2010,90,https://www.itftennis.com/tennis/api/PlayerRankApi/GetPlayerRankings?circuitCode=JT&playerTypeCode=B&ageCategoryCode=&juniorRankingType=itf&take=100&skip=900&isOrderAscending=true,2026-09-29T13:04:15.747Z
2026-09-28,M,905,800741937,Matias Rivero Villena,BOL,Bolivia,2011,89.75,https://www.itftennis.com/tennis/api/PlayerRankApi/GetPlayerRankings?circuitCode=JT&playerTypeCode=B&ageCategoryCode=&juniorRankingType=itf&take=100&skip=900&isOrderAscending=true,2026-09-29T13:04:15.747Z
2026-09-28,M,906,800711636,Sebastian Pock,AUT,Austria,2010,89.5,https://www.itftennis.com/tennis/api/PlayerRankApi/GetPlayerRankings?circuitCode=JT&playerTypeCode=B&ageCategoryCode=&juniorRankingType=itf&take=100&skip=900&isOrderAscending=true,2026-09-29T13:04:15.747Z
2026-09-28,M,907,800695741,Antonio Vargas,BRA,Brazil,2009,89.5,https://www.itftennis.com/tennis/api/PlayerRankApi/GetPlayerRankings?circuitCode=JT&playerTypeCode=B&ageCategoryCode=&juniorRankingType=itf&take=100&skip=900&isOrderAscending=true,2026-09-29T13:04:15.747Z
2026-09-28,M,908,800675292,Egor Elkhovskii,RUS,Russia,2010,89.25,https://www.itftennis.com/tennis/api/PlayerRankApi/GetPlayerRankings?circuitCode=JT&playerTypeCode=B&ageCategoryCode=&juniorRankingType=itf&take=100&skip=900&isOrderAscending=true,2026-09-29T13:04:15.747Z
2026-09-28,M,909,800769027,Jaromir Peconka,CZE,Czechia,2008,89,https://www.itftennis.com/tennis/api/PlayerRankApi/GetPlayerRankings?circuitCode=JT&playerTypeCode=B&ageCategoryCode=&juniorRankingType=itf&take=100&skip=900&isOrderAscending=true,2026-09-29T13:04:15.747Z
2026-09-28,M,910,800734010,Sulaiman Syed,USA,USA,2010,88.75,https://www.itftennis.com/tennis/api/PlayerRankApi/GetPlayerRankings?circuitCode=JT&playerTypeCode=B&ageCategoryCode=&juniorRankingType=itf&take=100&skip=900&isOrderAscending=true,2026-09-29T13:04:15.747Z
2026-09-28,M,911,800732950,Filip Vujicic,CAN,Canada,2010,88.5,https://www.itftennis.com/tennis/api/PlayerRankApi/GetPlayerRankings?circuitCode=JT&playerTypeCode=B&ageCategoryCode=&juniorRankingType=itf&take=100&skip=900&isOrderAscending=true,2026-09-29T13:04:15.747Z
2026-09-28,M,912,800694702,Camelot Carnello,USA,USA,2012,88.5,https://www.itftennis.com/tennis/api/PlayerRankApi/GetPlayerRankings?circuitCode=JT&playerTypeCode=B&ageCategoryCode=&juniorRankingType=itf&take=100&skip=900&isOrderAscending=true,2026-09-29T13:04:15.747Z
2026-09-28,M,913,800783662,Ryan Char,BRA,Brazil,2008,88.25,https://www.itftennis.com/tennis/api/PlayerRankApi/GetPlayerRankings?circuitCode=JT&playerTypeCode=B&ageCategoryCode=&juniorRankingType=itf&take=100&skip=900&isOrderAscending=true,2026-09-29T13:04:15.747Z
2026-09-28,M,914,800589609,Titus Cristea,SUI,Switzerland,2008,88.25,https://www.itftennis.com/tennis/api/PlayerRankApi/GetPlayerRankings?circuitCode=JT&playerTypeCode=B&ageCategoryCode=&juniorRankingType=itf&take=100&skip=900&isOrderAscending=true,2026-09-29T13:04:15.747Z
2026-09-28,M,915,800574864,Armands Aire,LAT,Latvia,2008,88,https://www.itftennis.com/tennis/api/PlayerRankApi/GetPlayerRankings?circuitCode=JT&playerTypeCode=B&ageCategoryCode=&juniorRankingType=itf&take=100&skip=900&isOrderAscending=true,2026-09-29T13:04:15.747Z
2026-09-28,M,916,800628853,JOAQUIN RODRIGUEZ,PER,Peru,2008,87.75,https://www.itftennis.com/tennis/api/PlayerRankApi/GetPlayerRankings?circuitCode=JT&playerTypeCode=B&ageCategoryCode=&juniorRankingType=itf&take=100&skip=900&isOrderAscending=true,2026-09-29T13:04:15.747Z
2026-09-28,M,917,800645574,Stanislav Kosev,BUL,Bulgaria,2008,87.75,https://www.itftennis.com/tennis/api/PlayerRankApi/GetPlayerRankings?circuitCode=JT&playerTypeCode=B&ageCategoryCode=&juniorRankingType=itf&take=100&skip=900&isOrderAscending=true,2026-09-29T13:04:15.747Z
2026-09-28,M,918,800707169,Veerawit Kamput,THA,Thailand,2009,87.25,https://www.itftennis.com/tennis/api/PlayerRankApi/GetPlayerRankings?circuitCode=JT&playerTypeCode=B&ageCategoryCode=&juniorRankingType=itf&take=100&skip=900&isOrderAscending=true,2026-09-29T13:04:15.747Z
2026-09-28,M,919,800675749,Casey Unitt,GBR,Great Britain,2008,87.25,https://www.itftennis.com/tennis/api/PlayerRankApi/GetPlayerRankings?circuitCode=JT&playerTypeCode=B&ageCategoryCode=&juniorRankingType=itf&take=100&skip=900&isOrderAscending=true,2026-09-29T13:04:15.747Z
2026-09-28,M,920,800792219,Jan Svoboda,CZE,Czechia,2009,87.25,https://www.itftennis.com/tennis/api/PlayerRankApi/GetPlayerRankings?circuitCode=JT&playerTypeCode=B&ageCategoryCode=&juniorRankingType=itf&take=100&skip=900&isOrderAscending=true,2026-09-29T13:04:15.747Z
2026-09-28,M,921,800667942,Cadence Benchetrit,CAN,Canada,2008,87,https://www.itftennis.com/tennis/api/PlayerRankApi/GetPlayerRankings?circuitCode=JT&playerTypeCode=B&ageCategoryCode=&juniorRankingType=itf&take=100&skip=900&isOrderAscending=true,2026-09-29T13:04:15.747Z
2026-09-28,M,922,800747694,Pierre-Olivier Hay,CAN,Canada,2009,87,https://www.itftennis.com/tennis/api/PlayerRankApi/GetPlayerRankings?circuitCode=JT&playerTypeCode=B&ageCategoryCode=&juniorRankingType=itf&take=100&skip=900&isOrderAscending=true,2026-09-29T13:04:15.747Z
2026-09-28,M,923,800584371,Petar Ivanchev,BUL,Bulgaria,2008,87,https://www.itftennis.com/tennis/api/PlayerRankApi/GetPlayerRankings?circuitCode=JT&playerTypeCode=B&ageCategoryCode=&juniorRankingType=itf&take=100&skip=900&isOrderAscending=true,2026-09-29T13:04:15.747Z
2026-09-28,M,924,800642990,Alejandro Bejarano,BOL,Bolivia,2008,87,https://www.itftennis.com/tennis/api/PlayerRankApi/GetPlayerRankings?circuitCode=JT&playerTypeCode=B&ageCategoryCode=&juniorRankingType=itf&take=100&skip=900&isOrderAscending=true,2026-09-29T13:04:15.747Z
2026-09-28,M,925,800704421,Khaknazar Zhetkerbay,KAZ,Kazakhstan,2011,87,https://www.itftennis.com/tennis/api/PlayerRankApi/GetPlayerRankings?circuitCode=JT&playerTypeCode=B&ageCategoryCode=&juniorRankingType=itf&take=100&skip=900&isOrderAscending=true,2026-09-29T13:04:15.747Z
2026-09-28,M,926,800688343,Deniz Karabulut,CAN,Canada,2011,86.75,https://www.itftennis.com/tennis/api/PlayerRankApi/GetPlayerRankings?circuitCode=JT&playerTypeCode=B&ageCategoryCode=&juniorRankingType=itf&take=100&skip=900&isOrderAscending=true,2026-09-29T13:04:15.747Z
2026-09-28,M,927,800704246,Oscar Jusufagic,SWE,Sweden,2009,86.75,https://www.itftennis.com/tennis/api/PlayerRankApi/GetPlayerRankings?circuitCode=JT&playerTypeCode=B&ageCategoryCode=&juniorRankingType=itf&take=100&skip=900&isOrderAscending=true,2026-09-29T13:04:15.747Z
2026-09-28,M,928,800793054,Tristan Summers,RSA,South Africa,2012,86.5,https://www.itftennis.com/tennis/api/PlayerRankApi/GetPlayerRankings?circuitCode=JT&playerTypeCode=B&ageCategoryCode=&juniorRankingType=itf&take=100&skip=900&isOrderAscending=true,2026-09-29T13:04:15.747Z
2026-09-28,M,929,800654506,Matsvei Zharyn,BLR,Belarus,2010,86.5,https://www.itftennis.com/tennis/api/PlayerRankApi/GetPlayerRankings?circuitCode=JT&playerTypeCode=B&ageCategoryCode=&juniorRankingType=itf&take=100&skip=900&isOrderAscending=true,2026-09-29T13:04:15.747Z
2026-09-28,M,930,800673622,Rafael Humberto Hartley Loayza,PER,Peru,2008,86.25,https://www.itftennis.com/tennis/api/PlayerRankApi/GetPlayerRankings?circuitCode=JT&playerTypeCode=B&ageCategoryCode=&juniorRankingType=itf&take=100&skip=900&isOrderAscending=true,2026-09-29T13:04:15.747Z
2026-09-28,M,931,800586968,Rodrigo Duarte,POR,Portugal,2008,86.25,https://www.itftennis.com/tennis/api/PlayerRankApi/GetPlayerRankings?circuitCode=JT&playerTypeCode=B&ageCategoryCode=&juniorRankingType=itf&take=100&skip=900&isOrderAscending=true,2026-09-29T13:04:15.747Z
2026-09-28,M,932,800653591,Oluwajomiloju Aminu,GBR,Great Britain,2009,86.25,https://www.itftennis.com/tennis/api/PlayerRankApi/GetPlayerRankings?circuitCode=JT&playerTypeCode=B&ageCategoryCode=&juniorRankingType=itf&take=100&skip=900&isOrderAscending=true,2026-09-29T13:04:15.747Z
2026-09-28,M,933,800729979,Tomas Tichy,CZE,Czechia,2009,85.75,https://www.itftennis.com/tennis/api/PlayerRankApi/GetPlayerRankings?circuitCode=JT&playerTypeCode=B&ageCategoryCode=&juniorRankingType=itf&take=100&skip=900&isOrderAscending=true,2026-09-29T13:04:15.747Z
2026-09-28,M,934,800587826,Pietro Verno,ITA,Italy,2008,85.75,https://www.itftennis.com/tennis/api/PlayerRankApi/GetPlayerRankings?circuitCode=JT&playerTypeCode=B&ageCategoryCode=&juniorRankingType=itf&take=100&skip=900&isOrderAscending=true,2026-09-29T13:04:15.747Z
2026-09-28,M,935,800690312,Andrej Markovic,USA,USA,2008,85.5,https://www.itftennis.com/tennis/api/PlayerRankApi/GetPlayerRankings?circuitCode=JT&playerTypeCode=B&ageCategoryCode=&juniorRankingType=itf&take=100&skip=900&isOrderAscending=true,2026-09-29T13:04:15.747Z
2026-09-28,M,936,800679515,Stefanos Roussos,GRE,Greece,2009,85.5,https://www.itftennis.com/tennis/api/PlayerRankApi/GetPlayerRankings?circuitCode=JT&playerTypeCode=B&ageCategoryCode=&juniorRankingType=itf&take=100&skip=900&isOrderAscending=true,2026-09-29T13:04:15.747Z
2026-09-28,M,937,800710953,Daniele Longo,ITA,Italy,2010,85.5,https://www.itftennis.com/tennis/api/PlayerRankApi/GetPlayerRankings?circuitCode=JT&playerTypeCode=B&ageCategoryCode=&juniorRankingType=itf&take=100&skip=900&isOrderAscending=true,2026-09-29T13:04:15.747Z
2026-09-28,M,938,800731050,Tong Liu,CHN,"China, P.R.",2008,85.5,https://www.itftennis.com/tennis/api/PlayerRankApi/GetPlayerRankings?circuitCode=JT&playerTypeCode=B&ageCategoryCode=&juniorRankingType=itf&take=100&skip=900&isOrderAscending=true,2026-09-29T13:04:15.747Z
2026-09-28,M,939,800779648,Thomas Maximovitch Rodaminoff,FRA,France,2008,85.5,https://www.itftennis.com/tennis/api/PlayerRankApi/GetPlayerRankings?circuitCode=JT&playerTypeCode=B&ageCategoryCode=&juniorRankingType=itf&take=100&skip=900&isOrderAscending=true,2026-09-29T13:04:15.747Z
2026-09-28,M,940,800801872,Bexultan Bauyrzhanov,KAZ,Kazakhstan,2011,85.25,https://www.itftennis.com/tennis/api/PlayerRankApi/GetPlayerRankings?circuitCode=JT&playerTypeCode=B&ageCategoryCode=&juniorRankingType=itf&take=100&skip=900&isOrderAscending=true,2026-09-29T13:04:15.747Z
2026-09-28,M,941,800799216,Antoni Yu,AUS,Australia,2010,85.25,https://www.itftennis.com/tennis/api/PlayerRankApi/GetPlayerRankings?circuitCode=JT&playerTypeCode=B&ageCategoryCode=&juniorRankingType=itf&take=100&skip=900&isOrderAscending=true,2026-09-29T13:04:15.747Z
2026-09-28,M,942,800730113,Mateo Herrarte,GUA,Guatemala,2009,85.25,https://www.itftennis.com/tennis/api/PlayerRankApi/GetPlayerRankings?circuitCode=JT&playerTypeCode=B&ageCategoryCode=&juniorRankingType=itf&take=100&skip=900&isOrderAscending=true,2026-09-29T13:04:15.747Z
2026-09-28,M,943,800680415,Charles Rossillol,FRA,France,2010,85,https://www.itftennis.com/tennis/api/PlayerRankApi/GetPlayerRankings?circuitCode=JT&playerTypeCode=B&ageCategoryCode=&juniorRankingType=itf&take=100&skip=900&isOrderAscending=true,2026-09-29T13:04:15.748Z
2026-09-28,M,944,800702729,Marco Quesada Arruza,ESP,Spain,2010,84.75,https://www.itftennis.com/tennis/api/PlayerRankApi/GetPlayerRankings?circuitCode=JT&playerTypeCode=B&ageCategoryCode=&juniorRankingType=itf&take=100&skip=900&isOrderAscending=true,2026-09-29T13:04:15.748Z
2026-09-28,M,945,800668443,Radek Lassan,CZE,Czechia,2009,84.75,https://www.itftennis.com/tennis/api/PlayerRankApi/GetPlayerRankings?circuitCode=JT&playerTypeCode=B&ageCategoryCode=&juniorRankingType=itf&take=100&skip=900&isOrderAscending=true,2026-09-29T13:04:15.748Z
2026-09-28,M,946,800706507,Vincent Selmeczi,HUN,Hungary,2010,84.5,https://www.itftennis.com/tennis/api/PlayerRankApi/GetPlayerRankings?circuitCode=JT&playerTypeCode=B&ageCategoryCode=&juniorRankingType=itf&take=100&skip=900&isOrderAscending=true,2026-09-29T13:04:15.748Z
2026-09-28,M,947,800629528,Jules Dannevoye,BEL,Belgium,2009,84.5,https://www.itftennis.com/tennis/api/PlayerRankApi/GetPlayerRankings?circuitCode=JT&playerTypeCode=B&ageCategoryCode=&juniorRankingType=itf&take=100&skip=900&isOrderAscending=true,2026-09-29T13:04:15.748Z
2026-09-28,M,948,800664388,Joan Rosello Vives,ESP,Spain,2010,84.5,https://www.itftennis.com/tennis/api/PlayerRankApi/GetPlayerRankings?circuitCode=JT&playerTypeCode=B&ageCategoryCode=&juniorRankingType=itf&take=100&skip=900&isOrderAscending=true,2026-09-29T13:04:15.748Z
2026-09-28,M,949,800715480,Marcel Krieg,GER,Germany,2010,84.25,https://www.itftennis.com/tennis/api/PlayerRankApi/GetPlayerRankings?circuitCode=JT&playerTypeCode=B&ageCategoryCode=&juniorRankingType=itf&take=100&skip=900&isOrderAscending=true,2026-09-29T13:04:15.748Z
2026-09-28,M,950,800600665,Daia Kurabayashi,JPN,Japan,2009,84.25,https://www.itftennis.com/tennis/api/PlayerRankApi/GetPlayerRankings?circuitCode=JT&playerTypeCode=B&ageCategoryCode=&juniorRankingType=itf&take=100&skip=900&isOrderAscending=true,2026-09-29T13:04:15.748Z
2026-09-28,M,951,800662038,Gabriele Paolucci,LUX,Luxembourg,2009,84,https://www.itftennis.com/tennis/api/PlayerRankApi/GetPlayerRankings?circuitCode=JT&playerTypeCode=B&ageCategoryCode=&juniorRankingType=itf&take=100&skip=900&isOrderAscending=true,2026-09-29T13:04:15.748Z
2026-09-28,M,952,800604458,Geonhyung Kim,KOR,"Korea, Rep.",2008,84,https://www.itftennis.com/tennis/api/PlayerRankApi/GetPlayerRankings?circuitCode=JT&playerTypeCode=B&ageCategoryCode=&juniorRankingType=itf&take=100&skip=900&isOrderAscending=true,2026-09-29T13:04:15.748Z
2026-09-28,M,953,800647780,Jaylon Gabet,FRA,France,2010,83.75,https://www.itftennis.com/tennis/api/PlayerRankApi/GetPlayerRankings?circuitCode=JT&playerTypeCode=B&ageCategoryCode=&juniorRankingType=itf&take=100&skip=900&isOrderAscending=true,2026-09-29T13:04:15.748Z
2026-09-28,M,954,800664353,Gabriel Wennhall,SWE,Sweden,2008,83.75,https://www.itftennis.com/tennis/api/PlayerRankApi/GetPlayerRankings?circuitCode=JT&playerTypeCode=B&ageCategoryCode=&juniorRankingType=itf&take=100&skip=900&isOrderAscending=true,2026-09-29T13:04:15.748Z
2026-09-28,M,955,800738513,Patricio Quintana Zapata,MEX,Mexico,2009,83.75,https://www.itftennis.com/tennis/api/PlayerRankApi/GetPlayerRankings?circuitCode=JT&playerTypeCode=B&ageCategoryCode=&juniorRankingType=itf&take=100&skip=900&isOrderAscending=true,2026-09-29T13:04:15.748Z
2026-09-28,M,956,800648150,Petr Lifanov,RUS,Russia,2009,83.5,https://www.itftennis.com/tennis/api/PlayerRankApi/GetPlayerRankings?circuitCode=JT&playerTypeCode=B&ageCategoryCode=&juniorRankingType=itf&take=100&skip=900&isOrderAscending=true,2026-09-29T13:04:15.748Z
2026-09-28,M,957,800789672,Christopher Manton,AUS,Australia,2012,83.25,https://www.itftennis.com/tennis/api/PlayerRankApi/GetPlayerRankings?circuitCode=JT&playerTypeCode=B&ageCategoryCode=&juniorRankingType=itf&take=100&skip=900&isOrderAscending=true,2026-09-29T13:04:15.748Z
2026-09-28,M,958,800630413,Matej Novak,CZE,Czechia,2009,83.25,https://www.itftennis.com/tennis/api/PlayerRankApi/GetPlayerRankings?circuitCode=JT&playerTypeCode=B&ageCategoryCode=&juniorRankingType=itf&take=100&skip=900&isOrderAscending=true,2026-09-29T13:04:15.748Z
2026-09-28,M,959,800626479,Malek El-Qurneh,JOR,Jordan,2008,83.25,https://www.itftennis.com/tennis/api/PlayerRankApi/GetPlayerRankings?circuitCode=JT&playerTypeCode=B&ageCategoryCode=&juniorRankingType=itf&take=100&skip=900&isOrderAscending=true,2026-09-29T13:04:15.748Z
2026-09-28,M,960,800676473,VACLAV BARINA,CZE,Czechia,2011,83,https://www.itftennis.com/tennis/api/PlayerRankApi/GetPlayerRankings?circuitCode=JT&playerTypeCode=B&ageCategoryCode=&juniorRankingType=itf&take=100&skip=900&isOrderAscending=true,2026-09-29T13:04:15.748Z
2026-09-28,M,961,800774064,Karlo Filip Jukic,FRA,France,2009,82.75,https://www.itftennis.com/tennis/api/PlayerRankApi/GetPlayerRankings?circuitCode=JT&playerTypeCode=B&ageCategoryCode=&juniorRankingType=itf&take=100&skip=900&isOrderAscending=true,2026-09-29T13:04:15.748Z
2026-09-28,M,962,800659919,Balthazar Orsanic,ARG,Argentina,2008,82.5,https://www.itftennis.com/tennis/api/PlayerRankApi/GetPlayerRankings?circuitCode=JT&playerTypeCode=B&ageCategoryCode=&juniorRankingType=itf&take=100&skip=900&isOrderAscending=true,2026-09-29T13:04:15.748Z
2026-09-28,M,963,800777652,Ryan Bolger,AUS,Australia,2011,82.5,https://www.itftennis.com/tennis/api/PlayerRankApi/GetPlayerRankings?circuitCode=JT&playerTypeCode=B&ageCategoryCode=&juniorRankingType=itf&take=100&skip=900&isOrderAscending=true,2026-09-29T13:04:15.748Z
2026-09-28,M,964,800631676,Vadim Savlev,RUS,Russia,2009,82.5,https://www.itftennis.com/tennis/api/PlayerRankApi/GetPlayerRankings?circuitCode=JT&playerTypeCode=B&ageCategoryCode=&juniorRankingType=itf&take=100&skip=900&isOrderAscending=true,2026-09-29T13:04:15.748Z
2026-09-28,M,965,800845540,Iker Leon Castro,ESP,Spain,2010,82.25,https://www.itftennis.com/tennis/api/PlayerRankApi/GetPlayerRankings?circuitCode=JT&playerTypeCode=B&ageCategoryCode=&juniorRankingType=itf&take=100&skip=900&isOrderAscending=true,2026-09-29T13:04:15.748Z
2026-09-28,M,966,800760613,KAI-CHENG PENG,TPE,Chinese Taipei,2009,82.25,https://www.itftennis.com/tennis/api/PlayerRankApi/GetPlayerRankings?circuitCode=JT&playerTypeCode=B&ageCategoryCode=&juniorRankingType=itf&take=100&skip=900&isOrderAscending=true,2026-09-29T13:04:15.748Z
2026-09-28,M,967,800679717,Shivtej Shirfule,IND,India,2009,82,https://www.itftennis.com/tennis/api/PlayerRankApi/GetPlayerRankings?circuitCode=JT&playerTypeCode=B&ageCategoryCode=&juniorRankingType=itf&take=100&skip=900&isOrderAscending=true,2026-09-29T13:04:15.748Z
2026-09-28,M,968,800655019,Maksim Svetlov,BLR,Belarus,2010,82,https://www.itftennis.com/tennis/api/PlayerRankApi/GetPlayerRankings?circuitCode=JT&playerTypeCode=B&ageCategoryCode=&juniorRankingType=itf&take=100&skip=900&isOrderAscending=true,2026-09-29T13:04:15.748Z
2026-09-28,M,969,800743747,Levente Szasz,HUN,Hungary,2009,82,https://www.itftennis.com/tennis/api/PlayerRankApi/GetPlayerRankings?circuitCode=JT&playerTypeCode=B&ageCategoryCode=&juniorRankingType=itf&take=100&skip=900&isOrderAscending=true,2026-09-29T13:04:15.748Z
2026-09-28,M,970,800630482,Luca Pedrosa,FRA,France,2009,82,https://www.itftennis.com/tennis/api/PlayerRankApi/GetPlayerRankings?circuitCode=JT&playerTypeCode=B&ageCategoryCode=&juniorRankingType=itf&take=100&skip=900&isOrderAscending=true,2026-09-29T13:04:15.748Z
2026-09-28,M,971,800811875,Liam Howes,NZL,New Zealand,2010,82,https://www.itftennis.com/tennis/api/PlayerRankApi/GetPlayerRankings?circuitCode=JT&playerTypeCode=B&ageCategoryCode=&juniorRankingType=itf&take=100&skip=900&isOrderAscending=true,2026-09-29T13:04:15.748Z
2026-09-28,M,972,800778730,Heran Zhang,CHN,"China, P.R.",2010,82,https://www.itftennis.com/tennis/api/PlayerRankApi/GetPlayerRankings?circuitCode=JT&playerTypeCode=B&ageCategoryCode=&juniorRankingType=itf&take=100&skip=900&isOrderAscending=true,2026-09-29T13:04:15.748Z
2026-09-28,M,973,800711622,Xavier Alonso Rozada,MEX,Mexico,2008,81.25,https://www.itftennis.com/tennis/api/PlayerRankApi/GetPlayerRankings?circuitCode=JT&playerTypeCode=B&ageCategoryCode=&juniorRankingType=itf&take=100&skip=900&isOrderAscending=true,2026-09-29T13:04:15.748Z
2026-09-28,M,974,800673808,Dias Tulepbergenov,KAZ,Kazakhstan,2010,81.25,https://www.itftennis.com/tennis/api/PlayerRankApi/GetPlayerRankings?circuitCode=JT&playerTypeCode=B&ageCategoryCode=&juniorRankingType=itf&take=100&skip=900&isOrderAscending=true,2026-09-29T13:04:15.748Z
2026-09-28,M,975,800643705,Rares Andrei Ionescu,ROU,Romania,2009,81.25,https://www.itftennis.com/tennis/api/PlayerRankApi/GetPlayerRankings?circuitCode=JT&playerTypeCode=B&ageCategoryCode=&juniorRankingType=itf&take=100&skip=900&isOrderAscending=true,2026-09-29T13:04:15.748Z
2026-09-28,M,976,800630695,Amir Jaber,JOR,Jordan,2009,81.25,https://www.itftennis.com/tennis/api/PlayerRankApi/GetPlayerRankings?circuitCode=JT&playerTypeCode=B&ageCategoryCode=&juniorRankingType=itf&take=100&skip=900&isOrderAscending=true,2026-09-29T13:04:15.748Z
2026-09-28,M,977,800670100,Martin Rivadeneira,ECU,Ecuador,2008,81,https://www.itftennis.com/tennis/api/PlayerRankApi/GetPlayerRankings?circuitCode=JT&playerTypeCode=B&ageCategoryCode=&juniorRankingType=itf&take=100&skip=900&isOrderAscending=true,2026-09-29T13:04:15.748Z
2026-09-28,M,978,800736992,Francisco Millan,ARG,Argentina,2008,80.75,https://www.itftennis.com/tennis/api/PlayerRankApi/GetPlayerRankings?circuitCode=JT&playerTypeCode=B&ageCategoryCode=&juniorRankingType=itf&take=100&skip=900&isOrderAscending=true,2026-09-29T13:04:15.748Z
2026-09-28,M,979,800679464,Edrick Koren,GBR,Great Britain,2009,80.75,https://www.itftennis.com/tennis/api/PlayerRankApi/GetPlayerRankings?circuitCode=JT&playerTypeCode=B&ageCategoryCode=&juniorRankingType=itf&take=100&skip=900&isOrderAscending=true,2026-09-29T13:04:15.748Z
2026-09-28,M,980,800655024,Paul Schmid,AUT,Austria,2008,80.75,https://www.itftennis.com/tennis/api/PlayerRankApi/GetPlayerRankings?circuitCode=JT&playerTypeCode=B&ageCategoryCode=&juniorRankingType=itf&take=100&skip=900&isOrderAscending=true,2026-09-29T13:04:15.748Z
2026-09-28,M,981,800792769,Seyi Ebenezer Ogunsakin,NGR,Nigeria,2011,80.75,https://www.itftennis.com/tennis/api/PlayerRankApi/GetPlayerRankings?circuitCode=JT&playerTypeCode=B&ageCategoryCode=&juniorRankingType=itf&take=100&skip=900&isOrderAscending=true,2026-09-29T13:04:15.748Z
2026-09-28,M,982,800660011,Jens Holger Nissen,DEN,Denmark,2008,80.25,https://www.itftennis.com/tennis/api/PlayerRankApi/GetPlayerRankings?circuitCode=JT&playerTypeCode=B&ageCategoryCode=&juniorRankingType=itf&take=100&skip=900&isOrderAscending=true,2026-09-29T13:04:15.748Z
2026-09-28,M,983,800798506,Doug Sheppard,AUS,Australia,2009,80.25,https://www.itftennis.com/tennis/api/PlayerRankApi/GetPlayerRankings?circuitCode=JT&playerTypeCode=B&ageCategoryCode=&juniorRankingType=itf&take=100&skip=900&isOrderAscending=true,2026-09-29T13:04:15.748Z
2026-09-28,M,984,800814074,Christofer Jair Nunez,HON,Honduras,2011,80.25,https://www.itftennis.com/tennis/api/PlayerRankApi/GetPlayerRankings?circuitCode=JT&playerTypeCode=B&ageCategoryCode=&juniorRankingType=itf&take=100&skip=900&isOrderAscending=true,2026-09-29T13:04:15.748Z
2026-09-28,M,985,800600513,Felix Triquart,GER,Germany,2008,80,https://www.itftennis.com/tennis/api/PlayerRankApi/GetPlayerRankings?circuitCode=JT&playerTypeCode=B&ageCategoryCode=&juniorRankingType=itf&take=100&skip=900&isOrderAscending=true,2026-09-29T13:04:15.748Z
2026-09-28,M,986,800705805,amit keinan,ISR,Israel,2010,80,https://www.itftennis.com/tennis/api/PlayerRankApi/GetPlayerRankings?circuitCode=JT&playerTypeCode=B&ageCategoryCode=&juniorRankingType=itf&take=100&skip=900&isOrderAscending=true,2026-09-29T13:04:15.748Z
2026-09-28,M,987,800765368,Alden Yu,CAN,Canada,2011,79.75,https://www.itftennis.com/tennis/api/PlayerRankApi/GetPlayerRankings?circuitCode=JT&playerTypeCode=B&ageCategoryCode=&juniorRankingType=itf&take=100&skip=900&isOrderAscending=true,2026-09-29T13:04:15.748Z
2026-09-28,M,988,800682953,Ahmed Ibrahim,EGY,Egypt,2009,79.75,https://www.itftennis.com/tennis/api/PlayerRankApi/GetPlayerRankings?circuitCode=JT&playerTypeCode=B&ageCategoryCode=&juniorRankingType=itf&take=100&skip=900&isOrderAscending=true,2026-09-29T13:04:15.748Z
2026-09-28,M,989,800726346,Davi Araujo De Sousa,BRA,Brazil,2010,79.5,https://www.itftennis.com/tennis/api/PlayerRankApi/GetPlayerRankings?circuitCode=JT&playerTypeCode=B&ageCategoryCode=&juniorRankingType=itf&take=100&skip=900&isOrderAscending=true,2026-09-29T13:04:15.748Z
2026-09-28,M,990,800675368,Hamood Eyad Al-Areqi,YEM,Yemen,2010,79.5,https://www.itftennis.com/tennis/api/PlayerRankApi/GetPlayerRankings?circuitCode=JT&playerTypeCode=B&ageCategoryCode=&juniorRankingType=itf&take=100&skip=900&isOrderAscending=true,2026-09-29T13:04:15.748Z
2026-09-28,M,991,800719518,Mario Lopez,GUA,Guatemala,2009,79.5,https://www.itftennis.com/tennis/api/PlayerRankApi/GetPlayerRankings?circuitCode=JT&playerTypeCode=B&ageCategoryCode=&juniorRankingType=itf&take=100&skip=900&isOrderAscending=true,2026-09-29T13:04:15.748Z
2026-09-28,M,992,800702942,Yehor Romaniuta,UKR,Ukraine,2011,79.5,https://www.itftennis.com/tennis/api/PlayerRankApi/GetPlayerRankings?circuitCode=JT&playerTypeCode=B&ageCategoryCode=&juniorRankingType=itf&take=100&skip=900&isOrderAscending=true,2026-09-29T13:04:15.748Z
2026-09-28,M,993,800592193,Davit Poghosyan,ARM,Armenia,2008,79.25,https://www.itftennis.com/tennis/api/PlayerRankApi/GetPlayerRankings?circuitCode=JT&playerTypeCode=B&ageCategoryCode=&juniorRankingType=itf&take=100&skip=900&isOrderAscending=true,2026-09-29T13:04:15.748Z
2026-09-28,M,994,800671011,Dash Green,GBR,Great Britain,2010,79.25,https://www.itftennis.com/tennis/api/PlayerRankApi/GetPlayerRankings?circuitCode=JT&playerTypeCode=B&ageCategoryCode=&juniorRankingType=itf&take=100&skip=900&isOrderAscending=true,2026-09-29T13:04:15.748Z
2026-09-28,M,995,800784215,Yanis Roch,CAN,Canada,2009,79.25,https://www.itftennis.com/tennis/api/PlayerRankApi/GetPlayerRankings?circuitCode=JT&playerTypeCode=B&ageCategoryCode=&juniorRankingType=itf&take=100&skip=900&isOrderAscending=true,2026-09-29T13:04:15.748Z
2026-09-28,M,996,800681941,Jacob Hewitt,USA,USA,2008,79,https://www.itftennis.com/tennis/api/PlayerRankApi/GetPlayerRankings?circuitCode=JT&playerTypeCode=B&ageCategoryCode=&juniorRankingType=itf&take=100&skip=900&isOrderAscending=true,2026-09-29T13:04:15.748Z
2026-09-28,M,997,800737661,Billy Brennan,IRL,Ireland,2009,79,https://www.itftennis.com/tennis/api/PlayerRankApi/GetPlayerRankings?circuitCode=JT&playerTypeCode=B&ageCategoryCode=&juniorRankingType=itf&take=100&skip=900&isOrderAscending=true,2026-09-29T13:04:15.748Z
2026-09-28,M,998,800592031,Nik Denotte,BEL,Belgium,2008,78.75,https://www.itftennis.com/tennis/api/PlayerRankApi/GetPlayerRankings?circuitCode=JT&playerTypeCode=B&ageCategoryCode=&juniorRankingType=itf&take=100&skip=900&isOrderAscending=true,2026-09-29T13:04:15.748Z
2026-09-28,M,999,800644789,Amir Gaisin,RUS,Russia,2008,78.75,https://www.itftennis.com/tennis/api/PlayerRankApi/GetPlayerRankings?circuitCode=JT&playerTypeCode=B&ageCategoryCode=&juniorRankingType=itf&take=100&skip=900&isOrderAscending=true,2026-09-29T13:04:15.748Z
2026-09-28,M,1000,800644930,Ahtesham Humayun,PAK,Pakistan,2008,78.75,https://www.itftennis.com/tennis/api/PlayerRankApi/GetPlayerRankings?circuitCode=JT&playerTypeCode=B&ageCategoryCode=&juniorRankingType=itf&take=100&skip=900&isOrderAscending=true,2026-09-29T13:04:15.748Z
2026-09-28,M,1001,800708773,Oliver Hancin,AUS,Australia,2010,78.5,https://www.itftennis.com/tennis/api/PlayerRankApi/GetPlayerRankings?circuitCode=JT&playerTypeCode=B&ageCategoryCode=&juniorRankingType=itf&take=100&skip=1000&isOrderAscending=true,2026-09-29T13:04:24.297Z
2026-09-28,M,1002,800711673,Augusto Scheidt,BRA,Brazil,2010,78.5,https://www.itftennis.com/tennis/api/PlayerRankApi/GetPlayerRankings?circuitCode=JT&playerTypeCode=B&ageCategoryCode=&juniorRankingType=itf&take=100&skip=1000&isOrderAscending=true,2026-09-29T13:04:24.297Z
2026-09-28,M,1003,800635846,Gabriel Maciel Araujo Pyndt,DEN,Denmark,2008,78.5,https://www.itftennis.com/tennis/api/PlayerRankApi/GetPlayerRankings?circuitCode=JT&playerTypeCode=B&ageCategoryCode=&juniorRankingType=itf&take=100&skip=1000&isOrderAscending=true,2026-09-29T13:04:24.297Z
2026-09-28,M,1004,800638713,Nicholas Capel,AUS,Australia,2008,78.25,https://www.itftennis.com/tennis/api/PlayerRankApi/GetPlayerRankings?circuitCode=JT&playerTypeCode=B&ageCategoryCode=&juniorRankingType=itf&take=100&skip=1000&isOrderAscending=true,2026-09-29T13:04:24.297Z
2026-09-28,M,1005,800749902,Luke Verwey,RSA,South Africa,2009,78,https://www.itftennis.com/tennis/api/PlayerRankApi/GetPlayerRankings?circuitCode=JT&playerTypeCode=B&ageCategoryCode=&juniorRankingType=itf&take=100&skip=1000&isOrderAscending=true,2026-09-29T13:04:24.297Z
2026-09-28,M,1006,800675183,Mauricio Budge,PER,Peru,2008,78,https://www.itftennis.com/tennis/api/PlayerRankApi/GetPlayerRankings?circuitCode=JT&playerTypeCode=B&ageCategoryCode=&juniorRankingType=itf&take=100&skip=1000&isOrderAscending=true,2026-09-29T13:04:24.297Z
2026-09-28,M,1007,800731650,Jan Janda,GBR,Great Britain,2010,78,https://www.itftennis.com/tennis/api/PlayerRankApi/GetPlayerRankings?circuitCode=JT&playerTypeCode=B&ageCategoryCode=&juniorRankingType=itf&take=100&skip=1000&isOrderAscending=true,2026-09-29T13:04:24.297Z
2026-09-28,M,1008,800602338,Hugo Tomas Garcia,ESP,Spain,2008,78,https://www.itftennis.com/tennis/api/PlayerRankApi/GetPlayerRankings?circuitCode=JT&playerTypeCode=B&ageCategoryCode=&juniorRankingType=itf&take=100&skip=1000&isOrderAscending=true,2026-09-29T13:04:24.297Z
2026-09-28,M,1009,800759825,YU-MIN LIN,TPE,Chinese Taipei,2010,77.75,https://www.itftennis.com/tennis/api/PlayerRankApi/GetPlayerRankings?circuitCode=JT&playerTypeCode=B&ageCategoryCode=&juniorRankingType=itf&take=100&skip=1000&isOrderAscending=true,2026-09-29T13:04:24.297Z
2026-09-28,M,1010,800703484,Saha Kapilasena,SRI,Sri Lanka,2009,77.75,https://www.itftennis.com/tennis/api/PlayerRankApi/GetPlayerRankings?circuitCode=JT&playerTypeCode=B&ageCategoryCode=&juniorRankingType=itf&take=100&skip=1000&isOrderAscending=true,2026-09-29T13:04:24.297Z
2026-09-28,M,1011,800680379,Tobias Zapsky,CZE,Czechia,2011,77.5,https://www.itftennis.com/tennis/api/PlayerRankApi/GetPlayerRankings?circuitCode=JT&playerTypeCode=B&ageCategoryCode=&juniorRankingType=itf&take=100&skip=1000&isOrderAscending=true,2026-09-29T13:04:24.297Z
2026-09-28,M,1012,800720740,Omar Rhazali,USA,USA,2008,77.5,https://www.itftennis.com/tennis/api/PlayerRankApi/GetPlayerRankings?circuitCode=JT&playerTypeCode=B&ageCategoryCode=&juniorRankingType=itf&take=100&skip=1000&isOrderAscending=true,2026-09-29T13:04:24.297Z
2026-09-28,M,1013,800592488,Vadim Liashenko,RUS,Russia,2008,77.5,https://www.itftennis.com/tennis/api/PlayerRankApi/GetPlayerRankings?circuitCode=JT&playerTypeCode=B&ageCategoryCode=&juniorRankingType=itf&take=100&skip=1000&isOrderAscending=true,2026-09-29T13:04:24.297Z
2026-09-28,M,1014,800762826,Alejandro Marco,ESP,Spain,2010,77.25,https://www.itftennis.com/tennis/api/PlayerRankApi/GetPlayerRankings?circuitCode=JT&playerTypeCode=B&ageCategoryCode=&juniorRankingType=itf&take=100&skip=1000&isOrderAscending=true,2026-09-29T13:04:24.297Z
2026-09-28,M,1015,800652777,Zhantore Sanzharuly,KAZ,Kazakhstan,2010,77.25,https://www.itftennis.com/tennis/api/PlayerRankApi/GetPlayerRankings?circuitCode=JT&playerTypeCode=B&ageCategoryCode=&juniorRankingType=itf&take=100&skip=1000&isOrderAscending=true,2026-09-29T13:04:24.297Z
2026-09-28,M,1016,800711202,Tommy Penev,CAN,Canada,2010,77.25,https://www.itftennis.com/tennis/api/PlayerRankApi/GetPlayerRankings?circuitCode=JT&playerTypeCode=B&ageCategoryCode=&juniorRankingType=itf&take=100&skip=1000&isOrderAscending=true,2026-09-29T13:04:24.297Z
2026-09-28,M,1017,800738629,Enric Novell,ESP,Spain,2009,77,https://www.itftennis.com/tennis/api/PlayerRankApi/GetPlayerRankings?circuitCode=JT&playerTypeCode=B&ageCategoryCode=&juniorRankingType=itf&take=100&skip=1000&isOrderAscending=true,2026-09-29T13:04:24.297Z
2026-09-28,M,1018,800736817,Nadir Mirza,PAK,Pakistan,2008,77,https://www.itftennis.com/tennis/api/PlayerRankApi/GetPlayerRankings?circuitCode=JT&playerTypeCode=B&ageCategoryCode=&juniorRankingType=itf&take=100&skip=1000&isOrderAscending=true,2026-09-29T13:04:24.297Z
2026-09-28,M,1019,800668595,Oskari Jaemsae,FIN,Finland,2010,76.75,https://www.itftennis.com/tennis/api/PlayerRankApi/GetPlayerRankings?circuitCode=JT&playerTypeCode=B&ageCategoryCode=&juniorRankingType=itf&take=100&skip=1000&isOrderAscending=true,2026-09-29T13:04:24.297Z
2026-09-28,M,1020,800736506,Sacha Bouillard,FRA,France,2009,76.5,https://www.itftennis.com/tennis/api/PlayerRankApi/GetPlayerRankings?circuitCode=JT&playerTypeCode=B&ageCategoryCode=&juniorRankingType=itf&take=100&skip=1000&isOrderAscending=true,2026-09-29T13:04:24.297Z
2026-09-28,M,1021,800660768,Francisco Sardinha,POR,Portugal,2011,76.5,https://www.itftennis.com/tennis/api/PlayerRankApi/GetPlayerRankings?circuitCode=JT&playerTypeCode=B&ageCategoryCode=&juniorRankingType=itf&take=100&skip=1000&isOrderAscending=true,2026-09-29T13:04:24.297Z
2026-09-28,M,1022,800821898,Easeo Kim,AUS,Australia,2009,76.25,https://www.itftennis.com/tennis/api/PlayerRankApi/GetPlayerRankings?circuitCode=JT&playerTypeCode=B&ageCategoryCode=&juniorRankingType=itf&take=100&skip=1000&isOrderAscending=true,2026-09-29T13:04:24.297Z
2026-09-28,M,1023,800644533,Gregory Gorskiy,RUS,Russia,2010,76.25,https://www.itftennis.com/tennis/api/PlayerRankApi/GetPlayerRankings?circuitCode=JT&playerTypeCode=B&ageCategoryCode=&juniorRankingType=itf&take=100&skip=1000&isOrderAscending=true,2026-09-29T13:04:24.297Z
2026-09-28,M,1024,800750116,Connor Miller,RSA,South Africa,2009,76.25,https://www.itftennis.com/tennis/api/PlayerRankApi/GetPlayerRankings?circuitCode=JT&playerTypeCode=B&ageCategoryCode=&juniorRankingType=itf&take=100&skip=1000&isOrderAscending=true,2026-09-29T13:04:24.297Z
2026-09-28,M,1025,800751525,Christian Joseph,AUS,Australia,2011,76,https://www.itftennis.com/tennis/api/PlayerRankApi/GetPlayerRankings?circuitCode=JT&playerTypeCode=B&ageCategoryCode=&juniorRankingType=itf&take=100&skip=1000&isOrderAscending=true,2026-09-29T13:04:24.297Z
2026-09-28,M,1026,800736755,Gustavo Vasconcellos,BRA,Brazil,2009,76,https://www.itftennis.com/tennis/api/PlayerRankApi/GetPlayerRankings?circuitCode=JT&playerTypeCode=B&ageCategoryCode=&juniorRankingType=itf&take=100&skip=1000&isOrderAscending=true,2026-09-29T13:04:24.297Z
2026-09-28,M,1027,800683105,Jun Hyuck Lee,KOR,"Korea, Rep.",2010,75.75,https://www.itftennis.com/tennis/api/PlayerRankApi/GetPlayerRankings?circuitCode=JT&playerTypeCode=B&ageCategoryCode=&juniorRankingType=itf&take=100&skip=1000&isOrderAscending=true,2026-09-29T13:04:24.297Z
2026-09-28,M,1028,800590617,Alessandro Fiocchi,ITA,Italy,2008,75.75,https://www.itftennis.com/tennis/api/PlayerRankApi/GetPlayerRankings?circuitCode=JT&playerTypeCode=B&ageCategoryCode=&juniorRankingType=itf&take=100&skip=1000&isOrderAscending=true,2026-09-29T13:04:24.297Z
2026-09-28,M,1029,800709953,VIVAAN MIRDHA,IND,India,2011,75.75,https://www.itftennis.com/tennis/api/PlayerRankApi/GetPlayerRankings?circuitCode=JT&playerTypeCode=B&ageCategoryCode=&juniorRankingType=itf&take=100&skip=1000&isOrderAscending=true,2026-09-29T13:04:24.297Z
2026-09-28,M,1030,800717014,Ari Lewis-Kelly,AUS,Australia,2008,75.5,https://www.itftennis.com/tennis/api/PlayerRankApi/GetPlayerRankings?circuitCode=JT&playerTypeCode=B&ageCategoryCode=&juniorRankingType=itf&take=100&skip=1000&isOrderAscending=true,2026-09-29T13:04:24.297Z
2026-09-28,M,1031,800773177,Yan Lang Chen,CHN,"China, P.R.",2008,75.25,https://www.itftennis.com/tennis/api/PlayerRankApi/GetPlayerRankings?circuitCode=JT&playerTypeCode=B&ageCategoryCode=&juniorRankingType=itf&take=100&skip=1000&isOrderAscending=true,2026-09-29T13:04:24.297Z
2026-09-28,M,1032,800644710,Fedor Evdokimov,RUS,Russia,2009,75.25,https://www.itftennis.com/tennis/api/PlayerRankApi/GetPlayerRankings?circuitCode=JT&playerTypeCode=B&ageCategoryCode=&juniorRankingType=itf&take=100&skip=1000&isOrderAscending=true,2026-09-29T13:04:24.297Z
2026-09-28,M,1033,800781145,Kanvar Singh,AUS,Australia,2009,75,https://www.itftennis.com/tennis/api/PlayerRankApi/GetPlayerRankings?circuitCode=JT&playerTypeCode=B&ageCategoryCode=&juniorRankingType=itf&take=100&skip=1000&isOrderAscending=true,2026-09-29T13:04:24.297Z
2026-09-28,M,1034,800589987,Arafat Mustafa Mustafa,KAZ,Kazakhstan,2009,75,https://www.itftennis.com/tennis/api/PlayerRankApi/GetPlayerRankings?circuitCode=JT&playerTypeCode=B&ageCategoryCode=&juniorRankingType=itf&take=100&skip=1000&isOrderAscending=true,2026-09-29T13:04:24.297Z
2026-09-28,M,1035,800622597,Davit Zogranian,RUS,Russia,2009,74.75,https://www.itftennis.com/tennis/api/PlayerRankApi/GetPlayerRankings?circuitCode=JT&playerTypeCode=B&ageCategoryCode=&juniorRankingType=itf&take=100&skip=1000&isOrderAscending=true,2026-09-29T13:04:24.297Z
2026-09-28,M,1036,800755377,Yong Ze Huang,CHN,"China, P.R.",2009,74.75,https://www.itftennis.com/tennis/api/PlayerRankApi/GetPlayerRankings?circuitCode=JT&playerTypeCode=B&ageCategoryCode=&juniorRankingType=itf&take=100&skip=1000&isOrderAscending=true,2026-09-29T13:04:24.297Z
2026-09-28,M,1037,800620658,Noah Van Vaerenbergh,BEL,Belgium,2008,74.75,https://www.itftennis.com/tennis/api/PlayerRankApi/GetPlayerRankings?circuitCode=JT&playerTypeCode=B&ageCategoryCode=&juniorRankingType=itf&take=100&skip=1000&isOrderAscending=true,2026-09-29T13:04:24.297Z
2026-09-28,M,1038,800621894,Eita Suzuki,JPN,Japan,2008,74.5,https://www.itftennis.com/tennis/api/PlayerRankApi/GetPlayerRankings?circuitCode=JT&playerTypeCode=B&ageCategoryCode=&juniorRankingType=itf&take=100&skip=1000&isOrderAscending=true,2026-09-29T13:04:24.297Z
2026-09-28,M,1039,800589620,Lasse Zajc Gajsek,SLO,Slovenia,2008,74.5,https://www.itftennis.com/tennis/api/PlayerRankApi/GetPlayerRankings?circuitCode=JT&playerTypeCode=B&ageCategoryCode=&juniorRankingType=itf&take=100&skip=1000&isOrderAscending=true,2026-09-29T13:04:24.297Z
2026-09-28,M,1040,800800738,Niyanth Badrinarayanan,USA,USA,2009,74.5,https://www.itftennis.com/tennis/api/PlayerRankApi/GetPlayerRankings?circuitCode=JT&playerTypeCode=B&ageCategoryCode=&juniorRankingType=itf&take=100&skip=1000&isOrderAscending=true,2026-09-29T13:04:24.297Z
2026-09-28,M,1041,800685080,Kai Lev,ISR,Israel,2011,74.5,https://www.itftennis.com/tennis/api/PlayerRankApi/GetPlayerRankings?circuitCode=JT&playerTypeCode=B&ageCategoryCode=&juniorRankingType=itf&take=100&skip=1000&isOrderAscending=true,2026-09-29T13:04:24.297Z
2026-09-28,M,1042,800660234,Marko Aleksovski,MKD,North Macedonia,2011,74.5,https://www.itftennis.com/tennis/api/PlayerRankApi/GetPlayerRankings?circuitCode=JT&playerTypeCode=B&ageCategoryCode=&juniorRankingType=itf&take=100&skip=1000&isOrderAscending=true,2026-09-29T13:04:24.297Z
2026-09-28,M,1043,800702039,Sebastiano Mantovani,ITA,Italy,2010,74.25,https://www.itftennis.com/tennis/api/PlayerRankApi/GetPlayerRankings?circuitCode=JT&playerTypeCode=B&ageCategoryCode=&juniorRankingType=itf&take=100&skip=1000&isOrderAscending=true,2026-09-29T13:04:24.297Z
2026-09-28,M,1044,800736773,Tomas Giachero,CAN,Canada,2009,73.75,https://www.itftennis.com/tennis/api/PlayerRankApi/GetPlayerRankings?circuitCode=JT&playerTypeCode=B&ageCategoryCode=&juniorRankingType=itf&take=100&skip=1000&isOrderAscending=true,2026-09-29T13:04:24.297Z
2026-09-28,M,1045,800695898,Sebastian Garcia Puente,MEX,Mexico,2008,73.75,https://www.itftennis.com/tennis/api/PlayerRankApi/GetPlayerRankings?circuitCode=JT&playerTypeCode=B&ageCategoryCode=&juniorRankingType=itf&take=100&skip=1000&isOrderAscending=true,2026-09-29T13:04:24.297Z
2026-09-28,M,1046,800676756,Jordi Fernandez Rodriguez,ESP,Spain,2010,73.75,https://www.itftennis.com/tennis/api/PlayerRankApi/GetPlayerRankings?circuitCode=JT&playerTypeCode=B&ageCategoryCode=&juniorRankingType=itf&take=100&skip=1000&isOrderAscending=true,2026-09-29T13:04:24.297Z
2026-09-28,M,1047,800757283,Jiahan Zhang,CHN,"China, P.R.",2009,73.75,https://www.itftennis.com/tennis/api/PlayerRankApi/GetPlayerRankings?circuitCode=JT&playerTypeCode=B&ageCategoryCode=&juniorRankingType=itf&take=100&skip=1000&isOrderAscending=true,2026-09-29T13:04:24.297Z
2026-09-28,M,1048,800710462,David Madero,USA,USA,2008,73.75,https://www.itftennis.com/tennis/api/PlayerRankApi/GetPlayerRankings?circuitCode=JT&playerTypeCode=B&ageCategoryCode=&juniorRankingType=itf&take=100&skip=1000&isOrderAscending=true,2026-09-29T13:04:24.297Z
2026-09-28,M,1049,800673094,Josef Lebis,CZE,Czechia,2008,73.75,https://www.itftennis.com/tennis/api/PlayerRankApi/GetPlayerRankings?circuitCode=JT&playerTypeCode=B&ageCategoryCode=&juniorRankingType=itf&take=100&skip=1000&isOrderAscending=true,2026-09-29T13:04:24.297Z
2026-09-28,M,1050,800779116,Park Dohyun,KOR,"Korea, Rep.",2010,73.75,https://www.itftennis.com/tennis/api/PlayerRankApi/GetPlayerRankings?circuitCode=JT&playerTypeCode=B&ageCategoryCode=&juniorRankingType=itf&take=100&skip=1000&isOrderAscending=true,2026-09-29T13:04:24.297Z
2026-09-28,M,1051,800675745,Ruben Stanmore,GBR,Great Britain,2010,73.75,https://www.itftennis.com/tennis/api/PlayerRankApi/GetPlayerRankings?circuitCode=JT&playerTypeCode=B&ageCategoryCode=&juniorRankingType=itf&take=100&skip=1000&isOrderAscending=true,2026-09-29T13:04:24.297Z
2026-09-28,M,1052,800788389,Jerome Monnard,SUI,Switzerland,2010,73.5,https://www.itftennis.com/tennis/api/PlayerRankApi/GetPlayerRankings?circuitCode=JT&playerTypeCode=B&ageCategoryCode=&juniorRankingType=itf&take=100&skip=1000&isOrderAscending=true,2026-09-29T13:04:24.297Z
2026-09-28,M,1053,800721431,Owen Guistwite,USA,USA,2008,73.25,https://www.itftennis.com/tennis/api/PlayerRankApi/GetPlayerRankings?circuitCode=JT&playerTypeCode=B&ageCategoryCode=&juniorRankingType=itf&take=100&skip=1000&isOrderAscending=true,2026-09-29T13:04:24.297Z
2026-09-28,M,1054,800715038,Luca Bland,NZL,New Zealand,2009,73.25,https://www.itftennis.com/tennis/api/PlayerRankApi/GetPlayerRankings?circuitCode=JT&playerTypeCode=B&ageCategoryCode=&juniorRankingType=itf&take=100&skip=1000&isOrderAscending=true,2026-09-29T13:04:24.297Z
2026-09-28,M,1055,800639828,Mattia Cona,ITA,Italy,2009,73.25,https://www.itftennis.com/tennis/api/PlayerRankApi/GetPlayerRankings?circuitCode=JT&playerTypeCode=B&ageCategoryCode=&juniorRankingType=itf&take=100&skip=1000&isOrderAscending=true,2026-09-29T13:04:24.297Z
2026-09-28,M,1056,800735179,Omar Alejandro Ascencion,MEX,Mexico,2009,73.25,https://www.itftennis.com/tennis/api/PlayerRankApi/GetPlayerRankings?circuitCode=JT&playerTypeCode=B&ageCategoryCode=&juniorRankingType=itf&take=100&skip=1000&isOrderAscending=true,2026-09-29T13:04:24.297Z
2026-09-28,M,1057,800631702,Yarden Shalom Gamliel,ISR,Israel,2009,73.25,https://www.itftennis.com/tennis/api/PlayerRankApi/GetPlayerRankings?circuitCode=JT&playerTypeCode=B&ageCategoryCode=&juniorRankingType=itf&take=100&skip=1000&isOrderAscending=true,2026-09-29T13:04:24.297Z
2026-09-28,M,1058,800662853,Panshul Uboveja,IND,India,2008,73.25,https://www.itftennis.com/tennis/api/PlayerRankApi/GetPlayerRankings?circuitCode=JT&playerTypeCode=B&ageCategoryCode=&juniorRankingType=itf&take=100&skip=1000&isOrderAscending=true,2026-09-29T13:04:24.297Z
2026-09-28,M,1059,800719269,Patcharaphol Leekul,THA,Thailand,2011,73.25,https://www.itftennis.com/tennis/api/PlayerRankApi/GetPlayerRankings?circuitCode=JT&playerTypeCode=B&ageCategoryCode=&juniorRankingType=itf&take=100&skip=1000&isOrderAscending=true,2026-09-29T13:04:24.297Z
2026-09-28,M,1060,800767216,Samarth Patel,AUS,Australia,2010,73,https://www.itftennis.com/tennis/api/PlayerRankApi/GetPlayerRankings?circuitCode=JT&playerTypeCode=B&ageCategoryCode=&juniorRankingType=itf&take=100&skip=1000&isOrderAscending=true,2026-09-29T13:04:24.297Z
2026-09-28,M,1061,800711422,Joshua Oliver Zapp,SUI,Switzerland,2010,73,https://www.itftennis.com/tennis/api/PlayerRankApi/GetPlayerRankings?circuitCode=JT&playerTypeCode=B&ageCategoryCode=&juniorRankingType=itf&take=100&skip=1000&isOrderAscending=true,2026-09-29T13:04:24.297Z
2026-09-28,M,1062,800656943,Tomass Dalderis,LAT,Latvia,2009,73,https://www.itftennis.com/tennis/api/PlayerRankApi/GetPlayerRankings?circuitCode=JT&playerTypeCode=B&ageCategoryCode=&juniorRankingType=itf&take=100&skip=1000&isOrderAscending=true,2026-09-29T13:04:24.297Z
2026-09-28,M,1063,800688064,Tejas Ravi,IND,India,2008,73,https://www.itftennis.com/tennis/api/PlayerRankApi/GetPlayerRankings?circuitCode=JT&playerTypeCode=B&ageCategoryCode=&juniorRankingType=itf&take=100&skip=1000&isOrderAscending=true,2026-09-29T13:04:24.297Z
2026-09-28,M,1064,800580975,Saveli Razanau,BLR,Belarus,2008,72.75,https://www.itftennis.com/tennis/api/PlayerRankApi/GetPlayerRankings?circuitCode=JT&playerTypeCode=B&ageCategoryCode=&juniorRankingType=itf&take=100&skip=1000&isOrderAscending=true,2026-09-29T13:04:24.297Z
2026-09-28,M,1065,800700060,RARES SARACIN,ROU,Romania,2009,72.75,https://www.itftennis.com/tennis/api/PlayerRankApi/GetPlayerRankings?circuitCode=JT&playerTypeCode=B&ageCategoryCode=&juniorRankingType=itf&take=100&skip=1000&isOrderAscending=true,2026-09-29T13:04:24.298Z
2026-09-28,M,1066,800661377,Tudor Stefan Ionescu,ROU,Romania,2009,72.75,https://www.itftennis.com/tennis/api/PlayerRankApi/GetPlayerRankings?circuitCode=JT&playerTypeCode=B&ageCategoryCode=&juniorRankingType=itf&take=100&skip=1000&isOrderAscending=true,2026-09-29T13:04:24.298Z
2026-09-28,M,1067,800738990,Elliott Awomoyi,USA,USA,2010,72.5,https://www.itftennis.com/tennis/api/PlayerRankApi/GetPlayerRankings?circuitCode=JT&playerTypeCode=B&ageCategoryCode=&juniorRankingType=itf&take=100&skip=1000&isOrderAscending=true,2026-09-29T13:04:24.298Z
2026-09-28,M,1068,800816847,Run Ze Shi,CHN,"China, P.R.",2010,72.5,https://www.itftennis.com/tennis/api/PlayerRankApi/GetPlayerRankings?circuitCode=JT&playerTypeCode=B&ageCategoryCode=&juniorRankingType=itf&take=100&skip=1000&isOrderAscending=true,2026-09-29T13:04:24.298Z
2026-09-28,M,1069,800817707,Martin Hammond,UKR,Ukraine,2009,72.5,https://www.itftennis.com/tennis/api/PlayerRankApi/GetPlayerRankings?circuitCode=JT&playerTypeCode=B&ageCategoryCode=&juniorRankingType=itf&take=100&skip=1000&isOrderAscending=true,2026-09-29T13:04:24.298Z
2026-09-28,M,1070,800654974,Joao Jardim Nogueira,BRA,Brazil,2008,72.25,https://www.itftennis.com/tennis/api/PlayerRankApi/GetPlayerRankings?circuitCode=JT&playerTypeCode=B&ageCategoryCode=&juniorRankingType=itf&take=100&skip=1000&isOrderAscending=true,2026-09-29T13:04:24.298Z
2026-09-28,M,1071,800674218,Hugo Larsen,NOR,Norway,2009,72.25,https://www.itftennis.com/tennis/api/PlayerRankApi/GetPlayerRankings?circuitCode=JT&playerTypeCode=B&ageCategoryCode=&juniorRankingType=itf&take=100&skip=1000&isOrderAscending=true,2026-09-29T13:04:24.298Z
2026-09-28,M,1072,800664791,Philippe Jourdren,CZE,Czechia,2010,72.25,https://www.itftennis.com/tennis/api/PlayerRankApi/GetPlayerRankings?circuitCode=JT&playerTypeCode=B&ageCategoryCode=&juniorRankingType=itf&take=100&skip=1000&isOrderAscending=true,2026-09-29T13:04:24.298Z
2026-09-28,M,1073,800569558,Skender Katana,MNE,Montenegro,2008,72,https://www.itftennis.com/tennis/api/PlayerRankApi/GetPlayerRankings?circuitCode=JT&playerTypeCode=B&ageCategoryCode=&juniorRankingType=itf&take=100&skip=1000&isOrderAscending=true,2026-09-29T13:04:24.298Z
2026-09-28,M,1074,800779161,Jairo Hernando Castaneda Moncada,COL,Colombia,2008,72,https://www.itftennis.com/tennis/api/PlayerRankApi/GetPlayerRankings?circuitCode=JT&playerTypeCode=B&ageCategoryCode=&juniorRankingType=itf&take=100&skip=1000&isOrderAscending=true,2026-09-29T13:04:24.298Z
2026-09-28,M,1075,800643878,yonatan shagas,ISR,Israel,2009,72,https://www.itftennis.com/tennis/api/PlayerRankApi/GetPlayerRankings?circuitCode=JT&playerTypeCode=B&ageCategoryCode=&juniorRankingType=itf&take=100&skip=1000&isOrderAscending=true,2026-09-29T13:04:24.298Z
2026-09-28,M,1076,800638423,Finn Stoter,NED,Netherlands,2008,72,https://www.itftennis.com/tennis/api/PlayerRankApi/GetPlayerRankings?circuitCode=JT&playerTypeCode=B&ageCategoryCode=&juniorRankingType=itf&take=100&skip=1000&isOrderAscending=true,2026-09-29T13:04:24.298Z
2026-09-28,M,1077,800702523,Phasin Sinchalong,THA,Thailand,2011,72,https://www.itftennis.com/tennis/api/PlayerRankApi/GetPlayerRankings?circuitCode=JT&playerTypeCode=B&ageCategoryCode=&juniorRankingType=itf&take=100&skip=1000&isOrderAscending=true,2026-09-29T13:04:24.298Z
2026-09-28,M,1078,800677331,LEONARDO EBERT SANTOS,BRA,Brazil,2009,71.75,https://www.itftennis.com/tennis/api/PlayerRankApi/GetPlayerRankings?circuitCode=JT&playerTypeCode=B&ageCategoryCode=&juniorRankingType=itf&take=100&skip=1000&isOrderAscending=true,2026-09-29T13:04:24.298Z
2026-09-28,M,1079,800656237,Miguel Daiha,BRA,Brazil,2008,71.75,https://www.itftennis.com/tennis/api/PlayerRankApi/GetPlayerRankings?circuitCode=JT&playerTypeCode=B&ageCategoryCode=&juniorRankingType=itf&take=100&skip=1000&isOrderAscending=true,2026-09-29T13:04:24.298Z
2026-09-28,M,1080,800672553,Rafael Elaez Miranda,PER,Peru,2009,71.5,https://www.itftennis.com/tennis/api/PlayerRankApi/GetPlayerRankings?circuitCode=JT&playerTypeCode=B&ageCategoryCode=&juniorRankingType=itf&take=100&skip=1000&isOrderAscending=true,2026-09-29T13:04:24.298Z
2026-09-28,M,1081,800778222,HENRIQUE PERRONE CUSTODIO,BRA,Brazil,2011,71.25,https://www.itftennis.com/tennis/api/PlayerRankApi/GetPlayerRankings?circuitCode=JT&playerTypeCode=B&ageCategoryCode=&juniorRankingType=itf&take=100&skip=1000&isOrderAscending=true,2026-09-29T13:04:24.298Z
2026-09-28,M,1082,800733535,Yago Castellanos,ESP,Spain,2008,71,https://www.itftennis.com/tennis/api/PlayerRankApi/GetPlayerRankings?circuitCode=JT&playerTypeCode=B&ageCategoryCode=&juniorRankingType=itf&take=100&skip=1000&isOrderAscending=true,2026-09-29T13:04:24.298Z
2026-09-28,M,1083,800667454,Albert Ionut Ivan,ROU,Romania,2010,71,https://www.itftennis.com/tennis/api/PlayerRankApi/GetPlayerRankings?circuitCode=JT&playerTypeCode=B&ageCategoryCode=&juniorRankingType=itf&take=100&skip=1000&isOrderAscending=true,2026-09-29T13:04:24.298Z
2026-09-28,M,1084,800594129,Murray Watters,GBR,Great Britain,2009,70.75,https://www.itftennis.com/tennis/api/PlayerRankApi/GetPlayerRankings?circuitCode=JT&playerTypeCode=B&ageCategoryCode=&juniorRankingType=itf&take=100&skip=1000&isOrderAscending=true,2026-09-29T13:04:24.298Z
2026-09-28,M,1085,800601433,Edoardo Pagnoni,ITA,Italy,2008,70.75,https://www.itftennis.com/tennis/api/PlayerRankApi/GetPlayerRankings?circuitCode=JT&playerTypeCode=B&ageCategoryCode=&juniorRankingType=itf&take=100&skip=1000&isOrderAscending=true,2026-09-29T13:04:24.298Z
2026-09-28,M,1086,800758046,Alexandar Minori Stula,JPN,Japan,2008,70.75,https://www.itftennis.com/tennis/api/PlayerRankApi/GetPlayerRankings?circuitCode=JT&playerTypeCode=B&ageCategoryCode=&juniorRankingType=itf&take=100&skip=1000&isOrderAscending=true,2026-09-29T13:04:24.298Z
2026-09-28,M,1087,800695208,Enzo Badotti Cariani,BRA,Brazil,2009,70.5,https://www.itftennis.com/tennis/api/PlayerRankApi/GetPlayerRankings?circuitCode=JT&playerTypeCode=B&ageCategoryCode=&juniorRankingType=itf&take=100&skip=1000&isOrderAscending=true,2026-09-29T13:04:24.298Z
2026-09-28,M,1088,800636914,Filip Kiryllo,POL,Poland,2008,70.5,https://www.itftennis.com/tennis/api/PlayerRankApi/GetPlayerRankings?circuitCode=JT&playerTypeCode=B&ageCategoryCode=&juniorRankingType=itf&take=100&skip=1000&isOrderAscending=true,2026-09-29T13:04:24.298Z
2026-09-28,M,1089,800766814,Elliot Nuyts,BEL,Belgium,2009,70.5,https://www.itftennis.com/tennis/api/PlayerRankApi/GetPlayerRankings?circuitCode=JT&playerTypeCode=B&ageCategoryCode=&juniorRankingType=itf&take=100&skip=1000&isOrderAscending=true,2026-09-29T13:04:24.298Z
2026-09-28,M,1090,800686524,Martin Cozar,ESP,Spain,2008,70.25,https://www.itftennis.com/tennis/api/PlayerRankApi/GetPlayerRankings?circuitCode=JT&playerTypeCode=B&ageCategoryCode=&juniorRankingType=itf&take=100&skip=1000&isOrderAscending=true,2026-09-29T13:04:24.298Z
2026-09-28,M,1091,800829869,Nirbhay Agarwal,USA,USA,2010,70.25,https://www.itftennis.com/tennis/api/PlayerRankApi/GetPlayerRankings?circuitCode=JT&playerTypeCode=B&ageCategoryCode=&juniorRankingType=itf&take=100&skip=1000&isOrderAscending=true,2026-09-29T13:04:24.298Z
2026-09-28,M,1092,800703827,Julian Garnier,CRC,Costa Rica,2008,70,https://www.itftennis.com/tennis/api/PlayerRankApi/GetPlayerRankings?circuitCode=JT&playerTypeCode=B&ageCategoryCode=&juniorRankingType=itf&take=100&skip=1000&isOrderAscending=true,2026-09-29T13:04:24.298Z
2026-09-28,M,1093,800734333,Koen Ceelaert,NED,Netherlands,2011,70,https://www.itftennis.com/tennis/api/PlayerRankApi/GetPlayerRankings?circuitCode=JT&playerTypeCode=B&ageCategoryCode=&juniorRankingType=itf&take=100&skip=1000&isOrderAscending=true,2026-09-29T13:04:24.298Z
2026-09-28,M,1094,800665675,FAZAL ALI MEER,IND,India,2010,69.5,https://www.itftennis.com/tennis/api/PlayerRankApi/GetPlayerRankings?circuitCode=JT&playerTypeCode=B&ageCategoryCode=&juniorRankingType=itf&take=100&skip=1000&isOrderAscending=true,2026-09-29T13:04:24.298Z
2026-09-28,M,1095,800593314,Artem Semenov,RUS,Russia,2009,69.25,https://www.itftennis.com/tennis/api/PlayerRankApi/GetPlayerRankings?circuitCode=JT&playerTypeCode=B&ageCategoryCode=&juniorRankingType=itf&take=100&skip=1000&isOrderAscending=true,2026-09-29T13:04:24.298Z
2026-09-28,M,1096,800602674,Dobromir Manoloff,BUL,Bulgaria,2008,69.25,https://www.itftennis.com/tennis/api/PlayerRankApi/GetPlayerRankings?circuitCode=JT&playerTypeCode=B&ageCategoryCode=&juniorRankingType=itf&take=100&skip=1000&isOrderAscending=true,2026-09-29T13:04:24.298Z
2026-09-28,M,1097,800726144,Cedric Lagarrigue,FRA,France,2009,69.25,https://www.itftennis.com/tennis/api/PlayerRankApi/GetPlayerRankings?circuitCode=JT&playerTypeCode=B&ageCategoryCode=&juniorRankingType=itf&take=100&skip=1000&isOrderAscending=true,2026-09-29T13:04:24.298Z
2026-09-28,M,1098,800762345,Miguel Rooney,USA,USA,2008,69,https://www.itftennis.com/tennis/api/PlayerRankApi/GetPlayerRankings?circuitCode=JT&playerTypeCode=B&ageCategoryCode=&juniorRankingType=itf&take=100&skip=1000&isOrderAscending=true,2026-09-29T13:04:24.298Z
2026-09-28,M,1099,800646924,Stefan-Cristian Enache,ROU,Romania,2009,69,https://www.itftennis.com/tennis/api/PlayerRankApi/GetPlayerRankings?circuitCode=JT&playerTypeCode=B&ageCategoryCode=&juniorRankingType=itf&take=100&skip=1000&isOrderAscending=true,2026-09-29T13:04:24.298Z
2026-09-28,M,1100,800717147,Jason Chu,AUS,Australia,2009,68.75,https://www.itftennis.com/tennis/api/PlayerRankApi/GetPlayerRankings?circuitCode=JT&playerTypeCode=B&ageCategoryCode=&juniorRankingType=itf&take=100&skip=1000&isOrderAscending=true,2026-09-29T13:04:24.298Z
2026-09-28,M,1101,800679228,SIYABONGA JACA,RSA,South Africa,2008,68.75,https://www.itftennis.com/tennis/api/PlayerRankApi/GetPlayerRankings?circuitCode=JT&playerTypeCode=B&ageCategoryCode=&juniorRankingType=itf&take=100&skip=1100&isOrderAscending=true,2026-09-29T13:04:42.112Z
2026-09-28,M,1102,800755638,Ilias Bouzoubaa,USA,USA,2008,68.5,https://www.itftennis.com/tennis/api/PlayerRankApi/GetPlayerRankings?circuitCode=JT&playerTypeCode=B&ageCategoryCode=&juniorRankingType=itf&take=100&skip=1100&isOrderAscending=true,2026-09-29T13:04:42.112Z
2026-09-28,M,1103,800580534,Adam Duda,CZE,Czechia,2008,68.5,https://www.itftennis.com/tennis/api/PlayerRankApi/GetPlayerRankings?circuitCode=JT&playerTypeCode=B&ageCategoryCode=&juniorRankingType=itf&take=100&skip=1100&isOrderAscending=true,2026-09-29T13:04:42.112Z
2026-09-28,M,1104,800719726,Adam Svardfeldt,SWE,Sweden,2008,68.5,https://www.itftennis.com/tennis/api/PlayerRankApi/GetPlayerRankings?circuitCode=JT&playerTypeCode=B&ageCategoryCode=&juniorRankingType=itf&take=100&skip=1100&isOrderAscending=true,2026-09-29T13:04:42.112Z
2026-09-28,M,1105,800652589,Vicente Paniagua,BOL,Bolivia,2008,68.25,https://www.itftennis.com/tennis/api/PlayerRankApi/GetPlayerRankings?circuitCode=JT&playerTypeCode=B&ageCategoryCode=&juniorRankingType=itf&take=100&skip=1100&isOrderAscending=true,2026-09-29T13:04:42.112Z
2026-09-28,M,1106,800661973,Erion Neziri,MKD,North Macedonia,2008,68.25,https://www.itftennis.com/tennis/api/PlayerRankApi/GetPlayerRankings?circuitCode=JT&playerTypeCode=B&ageCategoryCode=&juniorRankingType=itf&take=100&skip=1100&isOrderAscending=true,2026-09-29T13:04:42.112Z
2026-09-28,M,1107,800679017,Juan Esteban Inostroza Alfaro,CHI,Chile,2009,68,https://www.itftennis.com/tennis/api/PlayerRankApi/GetPlayerRankings?circuitCode=JT&playerTypeCode=B&ageCategoryCode=&juniorRankingType=itf&take=100&skip=1100&isOrderAscending=true,2026-09-29T13:04:42.112Z
2026-09-28,M,1108,800675635,Oswaldo Sebastian Carranza Calmet,PER,Peru,2010,68,https://www.itftennis.com/tennis/api/PlayerRankApi/GetPlayerRankings?circuitCode=JT&playerTypeCode=B&ageCategoryCode=&juniorRankingType=itf&take=100&skip=1100&isOrderAscending=true,2026-09-29T13:04:42.112Z
2026-09-28,M,1109,800594287,Kirils Sokolovs,LAT,Latvia,2008,67.75,https://www.itftennis.com/tennis/api/PlayerRankApi/GetPlayerRankings?circuitCode=JT&playerTypeCode=B&ageCategoryCode=&juniorRankingType=itf&take=100&skip=1100&isOrderAscending=true,2026-09-29T13:04:42.112Z
2026-09-28,M,1110,800743246,Emilio Alcala,MEX,Mexico,2009,67.75,https://www.itftennis.com/tennis/api/PlayerRankApi/GetPlayerRankings?circuitCode=JT&playerTypeCode=B&ageCategoryCode=&juniorRankingType=itf&take=100&skip=1100&isOrderAscending=true,2026-09-29T13:04:42.112Z
2026-09-28,M,1111,800665009,Antoni Szary,POL,Poland,2009,67.5,https://www.itftennis.com/tennis/api/PlayerRankApi/GetPlayerRankings?circuitCode=JT&playerTypeCode=B&ageCategoryCode=&juniorRankingType=itf&take=100&skip=1100&isOrderAscending=true,2026-09-29T13:04:42.112Z
2026-09-28,M,1112,800648125,David Brueckner,CZE,Czechia,2008,67.5,https://www.itftennis.com/tennis/api/PlayerRankApi/GetPlayerRankings?circuitCode=JT&playerTypeCode=B&ageCategoryCode=&juniorRankingType=itf&take=100&skip=1100&isOrderAscending=true,2026-09-29T13:04:42.113Z
2026-09-28,M,1113,800807723,Zayd Ahfer,MAR,Morocco,2010,67.5,https://www.itftennis.com/tennis/api/PlayerRankApi/GetPlayerRankings?circuitCode=JT&playerTypeCode=B&ageCategoryCode=&juniorRankingType=itf&take=100&skip=1100&isOrderAscending=true,2026-09-29T13:04:42.113Z
2026-09-28,M,1114,800799241,Atticus Kim,USA,USA,2009,67.25,https://www.itftennis.com/tennis/api/PlayerRankApi/GetPlayerRankings?circuitCode=JT&playerTypeCode=B&ageCategoryCode=&juniorRankingType=itf&take=100&skip=1100&isOrderAscending=true,2026-09-29T13:04:42.113Z
2026-09-28,M,1115,800748398,Adam Mohamed Mostafa Mohamed Mohamed,EGY,Egypt,2008,67.25,https://www.itftennis.com/tennis/api/PlayerRankApi/GetPlayerRankings?circuitCode=JT&playerTypeCode=B&ageCategoryCode=&juniorRankingType=itf&take=100&skip=1100&isOrderAscending=true,2026-09-29T13:04:42.113Z
2026-09-28,M,1116,800636105,Mingus Zack Hansen,DEN,Denmark,2009,67,https://www.itftennis.com/tennis/api/PlayerRankApi/GetPlayerRankings?circuitCode=JT&playerTypeCode=B&ageCategoryCode=&juniorRankingType=itf&take=100&skip=1100&isOrderAscending=true,2026-09-29T13:04:42.113Z
2026-09-28,M,1117,800594277,Olaf Zielinski,LUX,Luxembourg,2009,67,https://www.itftennis.com/tennis/api/PlayerRankApi/GetPlayerRankings?circuitCode=JT&playerTypeCode=B&ageCategoryCode=&juniorRankingType=itf&take=100&skip=1100&isOrderAscending=true,2026-09-29T13:04:42.115Z
2026-09-28,M,1118,800592848,Erik Adrian Neacsa,ROU,Romania,2009,67,https://www.itftennis.com/tennis/api/PlayerRankApi/GetPlayerRankings?circuitCode=JT&playerTypeCode=B&ageCategoryCode=&juniorRankingType=itf&take=100&skip=1100&isOrderAscending=true,2026-09-29T13:04:42.115Z
2026-09-28,M,1119,800657281,Olivier Domagalski,GBR,Great Britain,2008,67,https://www.itftennis.com/tennis/api/PlayerRankApi/GetPlayerRankings?circuitCode=JT&playerTypeCode=B&ageCategoryCode=&juniorRankingType=itf&take=100&skip=1100&isOrderAscending=true,2026-09-29T13:04:42.115Z
2026-09-28,M,1120,800749721,Hikaru Hieda,JPN,Japan,2008,67,https://www.itftennis.com/tennis/api/PlayerRankApi/GetPlayerRankings?circuitCode=JT&playerTypeCode=B&ageCategoryCode=&juniorRankingType=itf&take=100&skip=1100&isOrderAscending=true,2026-09-29T13:04:42.115Z
2026-09-28,M,1121,800701604,Martin Salvador Pages,CAN,Canada,2008,67,https://www.itftennis.com/tennis/api/PlayerRankApi/GetPlayerRankings?circuitCode=JT&playerTypeCode=B&ageCategoryCode=&juniorRankingType=itf&take=100&skip=1100&isOrderAscending=true,2026-09-29T13:04:42.115Z
2026-09-28,M,1122,800670771,Richard Krizan,SVK,Slovakia,2010,66.75,https://www.itftennis.com/tennis/api/PlayerRankApi/GetPlayerRankings?circuitCode=JT&playerTypeCode=B&ageCategoryCode=&juniorRankingType=itf&take=100&skip=1100&isOrderAscending=true,2026-09-29T13:04:42.115Z
2026-09-28,M,1123,800678724,Alexander Chmielewski,SWE,Sweden,2010,66.75,https://www.itftennis.com/tennis/api/PlayerRankApi/GetPlayerRankings?circuitCode=JT&playerTypeCode=B&ageCategoryCode=&juniorRankingType=itf&take=100&skip=1100&isOrderAscending=true,2026-09-29T13:04:42.115Z
2026-09-28,M,1124,800598412,Rafael Antonios Gakopoulos,GRE,Greece,2009,66.75,https://www.itftennis.com/tennis/api/PlayerRankApi/GetPlayerRankings?circuitCode=JT&playerTypeCode=B&ageCategoryCode=&juniorRankingType=itf&take=100&skip=1100&isOrderAscending=true,2026-09-29T13:04:42.115Z
2026-09-28,M,1125,800719768,Andres Alfredo Sanchez Molina,VEN,Venezuela,2011,66.75,https://www.itftennis.com/tennis/api/PlayerRankApi/GetPlayerRankings?circuitCode=JT&playerTypeCode=B&ageCategoryCode=&juniorRankingType=itf&take=100&skip=1100&isOrderAscending=true,2026-09-29T13:04:42.115Z
2026-09-28,M,1126,800699642,Filip Sebek,CZE,Czechia,2011,66.75,https://www.itftennis.com/tennis/api/PlayerRankApi/GetPlayerRankings?circuitCode=JT&playerTypeCode=B&ageCategoryCode=&juniorRankingType=itf&take=100&skip=1100&isOrderAscending=true,2026-09-29T13:04:42.115Z
2026-09-28,M,1127,800598185,Lucas Eriksson,FIN,Finland,2008,66.5,https://www.itftennis.com/tennis/api/PlayerRankApi/GetPlayerRankings?circuitCode=JT&playerTypeCode=B&ageCategoryCode=&juniorRankingType=itf&take=100&skip=1100&isOrderAscending=true,2026-09-29T13:04:42.115Z
2026-09-28,M,1128,800762626,Carson Kuchar,USA,USA,2009,66.5,https://www.itftennis.com/tennis/api/PlayerRankApi/GetPlayerRankings?circuitCode=JT&playerTypeCode=B&ageCategoryCode=&juniorRankingType=itf&take=100&skip=1100&isOrderAscending=true,2026-09-29T13:04:42.115Z
2026-09-28,M,1129,800776746,Peter Jorniak,USA,USA,2008,66.5,https://www.itftennis.com/tennis/api/PlayerRankApi/GetPlayerRankings?circuitCode=JT&playerTypeCode=B&ageCategoryCode=&juniorRankingType=itf&take=100&skip=1100&isOrderAscending=true,2026-09-29T13:04:42.115Z
2026-09-28,M,1130,800652386,Felipe Buritica,COL,Colombia,2009,66.5,https://www.itftennis.com/tennis/api/PlayerRankApi/GetPlayerRankings?circuitCode=JT&playerTypeCode=B&ageCategoryCode=&juniorRankingType=itf&take=100&skip=1100&isOrderAscending=true,2026-09-29T13:04:42.115Z
2026-09-28,M,1131,800664429,Pavel Oliver Dufek,CZE,Czechia,2010,66.5,https://www.itftennis.com/tennis/api/PlayerRankApi/GetPlayerRankings?circuitCode=JT&playerTypeCode=B&ageCategoryCode=&juniorRankingType=itf&take=100&skip=1100&isOrderAscending=true,2026-09-29T13:04:42.115Z
2026-09-28,M,1132,800583151,Tristan Rivet,FRA,France,2008,66.5,https://www.itftennis.com/tennis/api/PlayerRankApi/GetPlayerRankings?circuitCode=JT&playerTypeCode=B&ageCategoryCode=&juniorRankingType=itf&take=100&skip=1100&isOrderAscending=true,2026-09-29T13:04:42.115Z
2026-09-28,M,1133,800698423,Brody Lee Stafford,IRL,Ireland,2011,66.5,https://www.itftennis.com/tennis/api/PlayerRankApi/GetPlayerRankings?circuitCode=JT&playerTypeCode=B&ageCategoryCode=&juniorRankingType=itf&take=100&skip=1100&isOrderAscending=true,2026-09-29T13:04:42.115Z
2026-09-28,M,1134,800601931,Julius Schliemann,GER,Germany,2008,66.25,https://www.itftennis.com/tennis/api/PlayerRankApi/GetPlayerRankings?circuitCode=JT&playerTypeCode=B&ageCategoryCode=&juniorRankingType=itf&take=100&skip=1100&isOrderAscending=true,2026-09-29T13:04:42.115Z
2026-09-28,M,1135,800653778,Felipe Wright,ECU,Ecuador,2009,66.25,https://www.itftennis.com/tennis/api/PlayerRankApi/GetPlayerRankings?circuitCode=JT&playerTypeCode=B&ageCategoryCode=&juniorRankingType=itf&take=100&skip=1100&isOrderAscending=true,2026-09-29T13:04:42.115Z
2026-09-28,M,1136,800721347,Kingsley Amenuveve Alormenu,GHA,Ghana,2010,66.25,https://www.itftennis.com/tennis/api/PlayerRankApi/GetPlayerRankings?circuitCode=JT&playerTypeCode=B&ageCategoryCode=&juniorRankingType=itf&take=100&skip=1100&isOrderAscending=true,2026-09-29T13:04:42.115Z
2026-09-28,M,1137,800660642,Napat Pattanalertphan,THA,Thailand,2008,66.25,https://www.itftennis.com/tennis/api/PlayerRankApi/GetPlayerRankings?circuitCode=JT&playerTypeCode=B&ageCategoryCode=&juniorRankingType=itf&take=100&skip=1100&isOrderAscending=true,2026-09-29T13:04:42.115Z
2026-09-28,M,1138,800719265,Ariyaphol Leekul,THA,Thailand,2009,66.25,https://www.itftennis.com/tennis/api/PlayerRankApi/GetPlayerRankings?circuitCode=JT&playerTypeCode=B&ageCategoryCode=&juniorRankingType=itf&take=100&skip=1100&isOrderAscending=true,2026-09-29T13:04:42.115Z
2026-09-28,M,1139,800705547,Julian MAHDAVI,CAN,Canada,2010,66,https://www.itftennis.com/tennis/api/PlayerRankApi/GetPlayerRankings?circuitCode=JT&playerTypeCode=B&ageCategoryCode=&juniorRankingType=itf&take=100&skip=1100&isOrderAscending=true,2026-09-29T13:04:42.115Z
2026-09-28,M,1140,800635443,Mirija Andriantefihasina,MAD,Madagascar,2009,65.75,https://www.itftennis.com/tennis/api/PlayerRankApi/GetPlayerRankings?circuitCode=JT&playerTypeCode=B&ageCategoryCode=&juniorRankingType=itf&take=100&skip=1100&isOrderAscending=true,2026-09-29T13:04:42.115Z
2026-09-28,M,1141,800569548,Pavel Bushuev,RUS,Russia,2008,65.75,https://www.itftennis.com/tennis/api/PlayerRankApi/GetPlayerRankings?circuitCode=JT&playerTypeCode=B&ageCategoryCode=&juniorRankingType=itf&take=100&skip=1100&isOrderAscending=true,2026-09-29T13:04:42.115Z
2026-09-28,M,1142,800632378,Artem Starikov,RUS,Russia,2009,65.75,https://www.itftennis.com/tennis/api/PlayerRankApi/GetPlayerRankings?circuitCode=JT&playerTypeCode=B&ageCategoryCode=&juniorRankingType=itf&take=100&skip=1100&isOrderAscending=true,2026-09-29T13:04:42.115Z
2026-09-28,M,1143,800602934,Evan Palumbo,LUX,Luxembourg,2009,65.75,https://www.itftennis.com/tennis/api/PlayerRankApi/GetPlayerRankings?circuitCode=JT&playerTypeCode=B&ageCategoryCode=&juniorRankingType=itf&take=100&skip=1100&isOrderAscending=true,2026-09-29T13:04:42.115Z
2026-09-28,M,1144,800665832,Mykola Hrabar,UKR,Ukraine,2009,65.75,https://www.itftennis.com/tennis/api/PlayerRankApi/GetPlayerRankings?circuitCode=JT&playerTypeCode=B&ageCategoryCode=&juniorRankingType=itf&take=100&skip=1100&isOrderAscending=true,2026-09-29T13:04:42.115Z
2026-09-28,M,1145,800661500,Filip Djokic,SRB,Serbia,2009,65.75,https://www.itftennis.com/tennis/api/PlayerRankApi/GetPlayerRankings?circuitCode=JT&playerTypeCode=B&ageCategoryCode=&juniorRankingType=itf&take=100&skip=1100&isOrderAscending=true,2026-09-29T13:04:42.115Z
2026-09-28,M,1146,800728098,Luca Ugel,USA,USA,2008,65.5,https://www.itftennis.com/tennis/api/PlayerRankApi/GetPlayerRankings?circuitCode=JT&playerTypeCode=B&ageCategoryCode=&juniorRankingType=itf&take=100&skip=1100&isOrderAscending=true,2026-09-29T13:04:42.115Z
2026-09-28,M,1147,800662587,Kyle Wan,HKG,"Hong Kong, China",2011,65.5,https://www.itftennis.com/tennis/api/PlayerRankApi/GetPlayerRankings?circuitCode=JT&playerTypeCode=B&ageCategoryCode=&juniorRankingType=itf&take=100&skip=1100&isOrderAscending=true,2026-09-29T13:04:42.115Z
2026-09-28,M,1148,800713225,Thiago Veronezi Ribeiro,BRA,Brazil,2010,65.5,https://www.itftennis.com/tennis/api/PlayerRankApi/GetPlayerRankings?circuitCode=JT&playerTypeCode=B&ageCategoryCode=&juniorRankingType=itf&take=100&skip=1100&isOrderAscending=true,2026-09-29T13:04:42.115Z
2026-09-28,M,1149,800748357,Ibrahim Ramy Hassan,EGY,Egypt,2010,65.25,https://www.itftennis.com/tennis/api/PlayerRankApi/GetPlayerRankings?circuitCode=JT&playerTypeCode=B&ageCategoryCode=&juniorRankingType=itf&take=100&skip=1100&isOrderAscending=true,2026-09-29T13:04:42.115Z
2026-09-28,M,1150,800675037,Joaquin Romeo Rock Friedrich,GER,Germany,2010,65.25,https://www.itftennis.com/tennis/api/PlayerRankApi/GetPlayerRankings?circuitCode=JT&playerTypeCode=B&ageCategoryCode=&juniorRankingType=itf&take=100&skip=1100&isOrderAscending=true,2026-09-29T13:04:42.115Z
2026-09-28,M,1151,800712398,Killian Van Roost,BEL,Belgium,2009,65.25,https://www.itftennis.com/tennis/api/PlayerRankApi/GetPlayerRankings?circuitCode=JT&playerTypeCode=B&ageCategoryCode=&juniorRankingType=itf&take=100&skip=1100&isOrderAscending=true,2026-09-29T13:04:42.115Z
2026-09-28,M,1152,800815021,Alessio Vigoriti,RSA,South Africa,2009,65.25,https://www.itftennis.com/tennis/api/PlayerRankApi/GetPlayerRankings?circuitCode=JT&playerTypeCode=B&ageCategoryCode=&juniorRankingType=itf&take=100&skip=1100&isOrderAscending=true,2026-09-29T13:04:42.115Z
2026-09-28,M,1153,800708637,Nicholas Kruger,RSA,South Africa,2011,65.25,https://www.itftennis.com/tennis/api/PlayerRankApi/GetPlayerRankings?circuitCode=JT&playerTypeCode=B&ageCategoryCode=&juniorRankingType=itf&take=100&skip=1100&isOrderAscending=true,2026-09-29T13:04:42.115Z
2026-09-28,M,1154,800636269,Mahery RAOILY,MAD,Madagascar,2009,65.25,https://www.itftennis.com/tennis/api/PlayerRankApi/GetPlayerRankings?circuitCode=JT&playerTypeCode=B&ageCategoryCode=&juniorRankingType=itf&take=100&skip=1100&isOrderAscending=true,2026-09-29T13:04:42.115Z
2026-09-28,M,1155,800847513,Joseph Lee,USA,USA,2009,65,https://www.itftennis.com/tennis/api/PlayerRankApi/GetPlayerRankings?circuitCode=JT&playerTypeCode=B&ageCategoryCode=&juniorRankingType=itf&take=100&skip=1100&isOrderAscending=true,2026-09-29T13:04:42.115Z
2026-09-28,M,1156,800766398,Alexander Lerman,USA,USA,2010,65,https://www.itftennis.com/tennis/api/PlayerRankApi/GetPlayerRankings?circuitCode=JT&playerTypeCode=B&ageCategoryCode=&juniorRankingType=itf&take=100&skip=1100&isOrderAscending=true,2026-09-29T13:04:42.115Z
2026-09-28,M,1157,800739272,Genaro Bartolucci,ARG,Argentina,2010,65,https://www.itftennis.com/tennis/api/PlayerRankApi/GetPlayerRankings?circuitCode=JT&playerTypeCode=B&ageCategoryCode=&juniorRankingType=itf&take=100&skip=1100&isOrderAscending=true,2026-09-29T13:04:42.115Z
2026-09-28,M,1158,800631548,Gael Mourmant,FRA,France,2008,64.75,https://www.itftennis.com/tennis/api/PlayerRankApi/GetPlayerRankings?circuitCode=JT&playerTypeCode=B&ageCategoryCode=&juniorRankingType=itf&take=100&skip=1100&isOrderAscending=true,2026-09-29T13:04:42.115Z
2026-09-28,M,1159,800702369,Tiziano Gomez,ARG,Argentina,2009,64.75,https://www.itftennis.com/tennis/api/PlayerRankApi/GetPlayerRankings?circuitCode=JT&playerTypeCode=B&ageCategoryCode=&juniorRankingType=itf&take=100&skip=1100&isOrderAscending=true,2026-09-29T13:04:42.115Z
2026-09-28,M,1160,800636554,Shiro Bui,GER,Germany,2009,64.75,https://www.itftennis.com/tennis/api/PlayerRankApi/GetPlayerRankings?circuitCode=JT&playerTypeCode=B&ageCategoryCode=&juniorRankingType=itf&take=100&skip=1100&isOrderAscending=true,2026-09-29T13:04:42.115Z
2026-09-28,M,1161,800769678,Yitian Lou,CHN,"China, P.R.",2011,64.75,https://www.itftennis.com/tennis/api/PlayerRankApi/GetPlayerRankings?circuitCode=JT&playerTypeCode=B&ageCategoryCode=&juniorRankingType=itf&take=100&skip=1100&isOrderAscending=true,2026-09-29T13:04:42.116Z
2026-09-28,M,1162,800710175,Ryusei Hashimoto,JPN,Japan,2008,64.5,https://www.itftennis.com/tennis/api/PlayerRankApi/GetPlayerRankings?circuitCode=JT&playerTypeCode=B&ageCategoryCode=&juniorRankingType=itf&take=100&skip=1100&isOrderAscending=true,2026-09-29T13:04:42.116Z
2026-09-28,M,1163,800660309,Eren Cavus,TUR,Turkiye,2009,64.5,https://www.itftennis.com/tennis/api/PlayerRankApi/GetPlayerRankings?circuitCode=JT&playerTypeCode=B&ageCategoryCode=&juniorRankingType=itf&take=100&skip=1100&isOrderAscending=true,2026-09-29T13:04:42.116Z
2026-09-28,M,1164,800651897,Kendrick Lambrano Suarez,COL,Colombia,2008,64.5,https://www.itftennis.com/tennis/api/PlayerRankApi/GetPlayerRankings?circuitCode=JT&playerTypeCode=B&ageCategoryCode=&juniorRankingType=itf&take=100&skip=1100&isOrderAscending=true,2026-09-29T13:04:42.116Z
2026-09-28,M,1165,800621232,Sven Strilka,CZE,Czechia,2008,64.5,https://www.itftennis.com/tennis/api/PlayerRankApi/GetPlayerRankings?circuitCode=JT&playerTypeCode=B&ageCategoryCode=&juniorRankingType=itf&take=100&skip=1100&isOrderAscending=true,2026-09-29T13:04:42.116Z
2026-09-28,M,1166,800782408,Emmanuel Martinez Reza,MEX,Mexico,2010,64.5,https://www.itftennis.com/tennis/api/PlayerRankApi/GetPlayerRankings?circuitCode=JT&playerTypeCode=B&ageCategoryCode=&juniorRankingType=itf&take=100&skip=1100&isOrderAscending=true,2026-09-29T13:04:42.116Z
2026-09-28,M,1167,800773249,Toprak KONYA,TUR,Turkiye,2010,64.25,https://www.itftennis.com/tennis/api/PlayerRankApi/GetPlayerRankings?circuitCode=JT&playerTypeCode=B&ageCategoryCode=&juniorRankingType=itf&take=100&skip=1100&isOrderAscending=true,2026-09-29T13:04:42.116Z
2026-09-28,M,1168,800732084,Hengzhou Wang,CHN,"China, P.R.",2008,64,https://www.itftennis.com/tennis/api/PlayerRankApi/GetPlayerRankings?circuitCode=JT&playerTypeCode=B&ageCategoryCode=&juniorRankingType=itf&take=100&skip=1100&isOrderAscending=true,2026-09-29T13:04:42.116Z
2026-09-28,M,1169,800625288,Sacha Piveteau,FRA,France,2009,64,https://www.itftennis.com/tennis/api/PlayerRankApi/GetPlayerRankings?circuitCode=JT&playerTypeCode=B&ageCategoryCode=&juniorRankingType=itf&take=100&skip=1100&isOrderAscending=true,2026-09-29T13:04:42.116Z
2026-09-28,M,1170,800600564,Mikolaj Owramko,POL,Poland,2008,64,https://www.itftennis.com/tennis/api/PlayerRankApi/GetPlayerRankings?circuitCode=JT&playerTypeCode=B&ageCategoryCode=&juniorRankingType=itf&take=100&skip=1100&isOrderAscending=true,2026-09-29T13:04:42.116Z
2026-09-28,M,1171,800680955,Eaden-Zack Harron,USA,USA,2008,63.75,https://www.itftennis.com/tennis/api/PlayerRankApi/GetPlayerRankings?circuitCode=JT&playerTypeCode=B&ageCategoryCode=&juniorRankingType=itf&take=100&skip=1100&isOrderAscending=true,2026-09-29T13:04:42.116Z
2026-09-28,M,1172,800603741,Igor Piasek,POL,Poland,2008,63.75,https://www.itftennis.com/tennis/api/PlayerRankApi/GetPlayerRankings?circuitCode=JT&playerTypeCode=B&ageCategoryCode=&juniorRankingType=itf&take=100&skip=1100&isOrderAscending=true,2026-09-29T13:04:42.116Z
2026-09-28,M,1173,800671784,Bartu Karayel,NED,Netherlands,2009,63.75,https://www.itftennis.com/tennis/api/PlayerRankApi/GetPlayerRankings?circuitCode=JT&playerTypeCode=B&ageCategoryCode=&juniorRankingType=itf&take=100&skip=1100&isOrderAscending=true,2026-09-29T13:04:42.116Z
2026-09-28,M,1174,800688284,Agustin Martinez Gasque,MEX,Mexico,2008,63.75,https://www.itftennis.com/tennis/api/PlayerRankApi/GetPlayerRankings?circuitCode=JT&playerTypeCode=B&ageCategoryCode=&juniorRankingType=itf&take=100&skip=1100&isOrderAscending=true,2026-09-29T13:04:42.116Z
2026-09-28,M,1175,800678733,LUCA DARABAN,ROU,Romania,2011,63.75,https://www.itftennis.com/tennis/api/PlayerRankApi/GetPlayerRankings?circuitCode=JT&playerTypeCode=B&ageCategoryCode=&juniorRankingType=itf&take=100&skip=1100&isOrderAscending=true,2026-09-29T13:04:42.116Z
2026-09-28,M,1176,800818812,Patricio Alvarez Chavez,MEX,Mexico,2012,63.5,https://www.itftennis.com/tennis/api/PlayerRankApi/GetPlayerRankings?circuitCode=JT&playerTypeCode=B&ageCategoryCode=&juniorRankingType=itf&take=100&skip=1100&isOrderAscending=true,2026-09-29T13:04:42.116Z
2026-09-28,M,1177,800723513,Anthony Dry,USA,USA,2008,63.25,https://www.itftennis.com/tennis/api/PlayerRankApi/GetPlayerRankings?circuitCode=JT&playerTypeCode=B&ageCategoryCode=&juniorRankingType=itf&take=100&skip=1100&isOrderAscending=true,2026-09-29T13:04:42.116Z
2026-09-28,M,1178,800684016,MARCOS ROMERO RAMOS,ESP,Spain,2009,63.25,https://www.itftennis.com/tennis/api/PlayerRankApi/GetPlayerRankings?circuitCode=JT&playerTypeCode=B&ageCategoryCode=&juniorRankingType=itf&take=100&skip=1100&isOrderAscending=true,2026-09-29T13:04:42.116Z
2026-09-28,M,1179,800692920,Hugo Jathiere,FRA,France,2010,63.25,https://www.itftennis.com/tennis/api/PlayerRankApi/GetPlayerRankings?circuitCode=JT&playerTypeCode=B&ageCategoryCode=&juniorRankingType=itf&take=100&skip=1100&isOrderAscending=true,2026-09-29T13:04:42.116Z
2026-09-28,M,1180,800688579,Abner Pulin Yu,USA,USA,2011,63,https://www.itftennis.com/tennis/api/PlayerRankApi/GetPlayerRankings?circuitCode=JT&playerTypeCode=B&ageCategoryCode=&juniorRankingType=itf&take=100&skip=1100&isOrderAscending=true,2026-09-29T13:04:42.116Z
2026-09-28,M,1181,800670602,Giorgio Ghia,ITA,Italy,2010,63,https://www.itftennis.com/tennis/api/PlayerRankApi/GetPlayerRankings?circuitCode=JT&playerTypeCode=B&ageCategoryCode=&juniorRankingType=itf&take=100&skip=1100&isOrderAscending=true,2026-09-29T13:04:42.116Z
2026-09-28,M,1182,800844338,Ziche Chen,TPE,Chinese Taipei,2012,63,https://www.itftennis.com/tennis/api/PlayerRankApi/GetPlayerRankings?circuitCode=JT&playerTypeCode=B&ageCategoryCode=&juniorRankingType=itf&take=100&skip=1100&isOrderAscending=true,2026-09-29T13:04:42.116Z
2026-09-28,M,1183,800779534,Richard Luptak,SVK,Slovakia,2009,63,https://www.itftennis.com/tennis/api/PlayerRankApi/GetPlayerRankings?circuitCode=JT&playerTypeCode=B&ageCategoryCode=&juniorRankingType=itf&take=100&skip=1100&isOrderAscending=true,2026-09-29T13:04:42.116Z
2026-09-28,M,1184,800656099,Thomas Miranda,BRA,Brazil,2008,62.75,https://www.itftennis.com/tennis/api/PlayerRankApi/GetPlayerRankings?circuitCode=JT&playerTypeCode=B&ageCategoryCode=&juniorRankingType=itf&take=100&skip=1100&isOrderAscending=true,2026-09-29T13:04:42.116Z
2026-09-28,M,1185,800755183,Vladimir Guyot-Sionnest,FRA,France,2008,62.75,https://www.itftennis.com/tennis/api/PlayerRankApi/GetPlayerRankings?circuitCode=JT&playerTypeCode=B&ageCategoryCode=&juniorRankingType=itf&take=100&skip=1100&isOrderAscending=true,2026-09-29T13:04:42.116Z
2026-09-28,M,1186,800724937,Xzavier Hastick,CAN,Canada,2008,62.75,https://www.itftennis.com/tennis/api/PlayerRankApi/GetPlayerRankings?circuitCode=JT&playerTypeCode=B&ageCategoryCode=&juniorRankingType=itf&take=100&skip=1100&isOrderAscending=true,2026-09-29T13:04:42.116Z
2026-09-28,M,1187,800671810,Joris van Linde,NED,Netherlands,2010,62.75,https://www.itftennis.com/tennis/api/PlayerRankApi/GetPlayerRankings?circuitCode=JT&playerTypeCode=B&ageCategoryCode=&juniorRankingType=itf&take=100&skip=1100&isOrderAscending=true,2026-09-29T13:04:42.116Z
2026-09-28,M,1188,800693674,Rhys Vorwerk,RSA,South Africa,2008,62.5,https://www.itftennis.com/tennis/api/PlayerRankApi/GetPlayerRankings?circuitCode=JT&playerTypeCode=B&ageCategoryCode=&juniorRankingType=itf&take=100&skip=1100&isOrderAscending=true,2026-09-29T13:04:42.116Z
2026-09-28,M,1189,800746070,Jingxuan Zhou,CHN,"China, P.R.",2009,62.5,https://www.itftennis.com/tennis/api/PlayerRankApi/GetPlayerRankings?circuitCode=JT&playerTypeCode=B&ageCategoryCode=&juniorRankingType=itf&take=100&skip=1100&isOrderAscending=true,2026-09-29T13:04:42.116Z
2026-09-28,M,1190,800660490,Atai Aseinov,KGZ,Kyrgyzstan,2009,62.5,https://www.itftennis.com/tennis/api/PlayerRankApi/GetPlayerRankings?circuitCode=JT&playerTypeCode=B&ageCategoryCode=&juniorRankingType=itf&take=100&skip=1100&isOrderAscending=true,2026-09-29T13:04:42.116Z
2026-09-28,M,1191,800672638,Nikolozi Sirbiladze,GEO,Georgia,2010,62.5,https://www.itftennis.com/tennis/api/PlayerRankApi/GetPlayerRankings?circuitCode=JT&playerTypeCode=B&ageCategoryCode=&juniorRankingType=itf&take=100&skip=1100&isOrderAscending=true,2026-09-29T13:04:42.116Z
2026-09-28,M,1192,800760704,Tristan McIntosh,AUS,Australia,2008,62.25,https://www.itftennis.com/tennis/api/PlayerRankApi/GetPlayerRankings?circuitCode=JT&playerTypeCode=B&ageCategoryCode=&juniorRankingType=itf&take=100&skip=1100&isOrderAscending=true,2026-09-29T13:04:42.116Z
2026-09-28,M,1193,800663530,DAVID CERCEL,ROU,Romania,2010,62.25,https://www.itftennis.com/tennis/api/PlayerRankApi/GetPlayerRankings?circuitCode=JT&playerTypeCode=B&ageCategoryCode=&juniorRankingType=itf&take=100&skip=1100&isOrderAscending=true,2026-09-29T13:04:42.116Z
2026-09-28,M,1194,800743007,Juan Alejandro Jimenez Lozada,COL,Colombia,2010,62.25,https://www.itftennis.com/tennis/api/PlayerRankApi/GetPlayerRankings?circuitCode=JT&playerTypeCode=B&ageCategoryCode=&juniorRankingType=itf&take=100&skip=1100&isOrderAscending=true,2026-09-29T13:04:42.116Z
2026-09-28,M,1195,800748223,Matei Crisan,ROU,Romania,2008,62,https://www.itftennis.com/tennis/api/PlayerRankApi/GetPlayerRankings?circuitCode=JT&playerTypeCode=B&ageCategoryCode=&juniorRankingType=itf&take=100&skip=1100&isOrderAscending=true,2026-09-29T13:04:42.116Z
2026-09-28,M,1196,800672183,Lourenco Correia,POR,Portugal,2010,62,https://www.itftennis.com/tennis/api/PlayerRankApi/GetPlayerRankings?circuitCode=JT&playerTypeCode=B&ageCategoryCode=&juniorRankingType=itf&take=100&skip=1100&isOrderAscending=true,2026-09-29T13:04:42.116Z
2026-09-28,M,1197,800698636,Alessandro Fronza,ITA,Italy,2011,62,https://www.itftennis.com/tennis/api/PlayerRankApi/GetPlayerRankings?circuitCode=JT&playerTypeCode=B&ageCategoryCode=&juniorRankingType=itf&take=100&skip=1100&isOrderAscending=true,2026-09-29T13:04:42.116Z
2026-09-28,M,1198,800643600,Maksymilian Kwiatkowski,POL,Poland,2009,61.75,https://www.itftennis.com/tennis/api/PlayerRankApi/GetPlayerRankings?circuitCode=JT&playerTypeCode=B&ageCategoryCode=&juniorRankingType=itf&take=100&skip=1100&isOrderAscending=true,2026-09-29T13:04:42.116Z
2026-09-28,M,1199,800678763,Vladyslav Bohomolkin,UKR,Ukraine,2010,61.75,https://www.itftennis.com/tennis/api/PlayerRankApi/GetPlayerRankings?circuitCode=JT&playerTypeCode=B&ageCategoryCode=&juniorRankingType=itf&take=100&skip=1100&isOrderAscending=true,2026-09-29T13:04:42.116Z
2026-09-28,M,1200,800655582,Ricardo sebastian ramos vargas,PER,Peru,2009,61.5,https://www.itftennis.com/tennis/api/PlayerRankApi/GetPlayerRankings?circuitCode=JT&playerTypeCode=B&ageCategoryCode=&juniorRankingType=itf&take=100&skip=1100&isOrderAscending=true,2026-09-29T13:04:42.116Z
2026-09-28,M,1201,800595389,Andrii Borodatiuk,UKR,Ukraine,2008,61.5,https://www.itftennis.com/tennis/api/PlayerRankApi/GetPlayerRankings?circuitCode=JT&playerTypeCode=B&ageCategoryCode=&juniorRankingType=itf&take=100&skip=1200&isOrderAscending=true,2026-09-29T13:04:56.964Z
2026-09-28,M,1202,800781497,Olivier Charest,CAN,Canada,2010,61.5,https://www.itftennis.com/tennis/api/PlayerRankApi/GetPlayerRankings?circuitCode=JT&playerTypeCode=B&ageCategoryCode=&juniorRankingType=itf&take=100&skip=1200&isOrderAscending=true,2026-09-29T13:04:56.964Z
2026-09-28,M,1203,800667350,Taejun Her,KOR,"Korea, Rep.",2009,61.5,https://www.itftennis.com/tennis/api/PlayerRankApi/GetPlayerRankings?circuitCode=JT&playerTypeCode=B&ageCategoryCode=&juniorRankingType=itf&take=100&skip=1200&isOrderAscending=true,2026-09-29T13:04:56.964Z
2026-09-28,M,1204,800676477,Boris Borisov,BUL,Bulgaria,2010,61.5,https://www.itftennis.com/tennis/api/PlayerRankApi/GetPlayerRankings?circuitCode=JT&playerTypeCode=B&ageCategoryCode=&juniorRankingType=itf&take=100&skip=1200&isOrderAscending=true,2026-09-29T13:04:56.965Z
2026-09-28,M,1205,800638304,Maxim Bocharov,RUS,Russia,2009,61.5,https://www.itftennis.com/tennis/api/PlayerRankApi/GetPlayerRankings?circuitCode=JT&playerTypeCode=B&ageCategoryCode=&juniorRankingType=itf&take=100&skip=1200&isOrderAscending=true,2026-09-29T13:04:56.965Z
2026-09-28,M,1206,800656655,Ahan Shetty,IND,India,2009,61.25,https://www.itftennis.com/tennis/api/PlayerRankApi/GetPlayerRankings?circuitCode=JT&playerTypeCode=B&ageCategoryCode=&juniorRankingType=itf&take=100&skip=1200&isOrderAscending=true,2026-09-29T13:04:56.965Z
2026-09-28,M,1207,800672778,Luca Frunza,ROU,Romania,2008,61.25,https://www.itftennis.com/tennis/api/PlayerRankApi/GetPlayerRankings?circuitCode=JT&playerTypeCode=B&ageCategoryCode=&juniorRankingType=itf&take=100&skip=1200&isOrderAscending=true,2026-09-29T13:04:56.965Z
2026-09-28,M,1208,800602589,Florin Cristian Lucaciu,ROU,Romania,2008,61.25,https://www.itftennis.com/tennis/api/PlayerRankApi/GetPlayerRankings?circuitCode=JT&playerTypeCode=B&ageCategoryCode=&juniorRankingType=itf&take=100&skip=1200&isOrderAscending=true,2026-09-29T13:04:56.965Z
2026-09-28,M,1209,800699579,Cinar Senkaya,TUR,Turkiye,2011,61.25,https://www.itftennis.com/tennis/api/PlayerRankApi/GetPlayerRankings?circuitCode=JT&playerTypeCode=B&ageCategoryCode=&juniorRankingType=itf&take=100&skip=1200&isOrderAscending=true,2026-09-29T13:04:56.965Z
2026-09-28,M,1210,800817844,Juan Manuel Aramburo Garcia,MEX,Mexico,2010,61.25,https://www.itftennis.com/tennis/api/PlayerRankApi/GetPlayerRankings?circuitCode=JT&playerTypeCode=B&ageCategoryCode=&juniorRankingType=itf&take=100&skip=1200&isOrderAscending=true,2026-09-29T13:04:56.965Z
2026-09-28,M,1211,800599907,Andreas Messis,GRE,Greece,2008,61,https://www.itftennis.com/tennis/api/PlayerRankApi/GetPlayerRankings?circuitCode=JT&playerTypeCode=B&ageCategoryCode=&juniorRankingType=itf&take=100&skip=1200&isOrderAscending=true,2026-09-29T13:04:56.965Z
2026-09-28,M,1212,800638677,Milan Zavaczki,HUN,Hungary,2008,61,https://www.itftennis.com/tennis/api/PlayerRankApi/GetPlayerRankings?circuitCode=JT&playerTypeCode=B&ageCategoryCode=&juniorRankingType=itf&take=100&skip=1200&isOrderAscending=true,2026-09-29T13:04:56.965Z
2026-09-28,M,1213,800793423,Pengju Chen,AUS,Australia,2009,61,https://www.itftennis.com/tennis/api/PlayerRankApi/GetPlayerRankings?circuitCode=JT&playerTypeCode=B&ageCategoryCode=&juniorRankingType=itf&take=100&skip=1200&isOrderAscending=true,2026-09-29T13:04:56.965Z
2026-09-28,M,1214,800687212,Haruka Okubo,JPN,Japan,2010,61,https://www.itftennis.com/tennis/api/PlayerRankApi/GetPlayerRankings?circuitCode=JT&playerTypeCode=B&ageCategoryCode=&juniorRankingType=itf&take=100&skip=1200&isOrderAscending=true,2026-09-29T13:04:56.965Z
2026-09-28,M,1215,800713051,Ilya Ivanov,UKR,Ukraine,2008,61,https://www.itftennis.com/tennis/api/PlayerRankApi/GetPlayerRankings?circuitCode=JT&playerTypeCode=B&ageCategoryCode=&juniorRankingType=itf&take=100&skip=1200&isOrderAscending=true,2026-09-29T13:04:56.965Z
2026-09-28,M,1216,800817230,Zhiyu Li,CHN,"China, P.R.",2011,61,https://www.itftennis.com/tennis/api/PlayerRankApi/GetPlayerRankings?circuitCode=JT&playerTypeCode=B&ageCategoryCode=&juniorRankingType=itf&take=100&skip=1200&isOrderAscending=true,2026-09-29T13:04:56.965Z
2026-09-28,M,1217,800801430,Legan Thomas,USA,USA,2010,61,https://www.itftennis.com/tennis/api/PlayerRankApi/GetPlayerRankings?circuitCode=JT&playerTypeCode=B&ageCategoryCode=&juniorRankingType=itf&take=100&skip=1200&isOrderAscending=true,2026-09-29T13:04:56.965Z
2026-09-28,M,1218,800708119,Sean Grosman,USA,USA,2008,60.75,https://www.itftennis.com/tennis/api/PlayerRankApi/GetPlayerRankings?circuitCode=JT&playerTypeCode=B&ageCategoryCode=&juniorRankingType=itf&take=100&skip=1200&isOrderAscending=true,2026-09-29T13:04:56.965Z
2026-09-28,M,1219,800751094,Ivan Sknarin,BLR,Belarus,2009,60.75,https://www.itftennis.com/tennis/api/PlayerRankApi/GetPlayerRankings?circuitCode=JT&playerTypeCode=B&ageCategoryCode=&juniorRankingType=itf&take=100&skip=1200&isOrderAscending=true,2026-09-29T13:04:56.965Z
2026-09-28,M,1220,800780372,Pedro Rodrigues Longobardi,BRA,Brazil,2008,60.75,https://www.itftennis.com/tennis/api/PlayerRankApi/GetPlayerRankings?circuitCode=JT&playerTypeCode=B&ageCategoryCode=&juniorRankingType=itf&take=100&skip=1200&isOrderAscending=true,2026-09-29T13:04:56.965Z
2026-09-28,M,1221,800817857,Anatoliy Khil,RUS,Russia,2009,60.75,https://www.itftennis.com/tennis/api/PlayerRankApi/GetPlayerRankings?circuitCode=JT&playerTypeCode=B&ageCategoryCode=&juniorRankingType=itf&take=100&skip=1200&isOrderAscending=true,2026-09-29T13:04:56.965Z
2026-09-28,M,1222,800653842,Harry Voss,GBR,Great Britain,2009,60.75,https://www.itftennis.com/tennis/api/PlayerRankApi/GetPlayerRankings?circuitCode=JT&playerTypeCode=B&ageCategoryCode=&juniorRankingType=itf&take=100&skip=1200&isOrderAscending=true,2026-09-29T13:04:56.965Z
2026-09-28,M,1223,800663194,Jack Cooper,HKG,"Hong Kong, China",2009,60.5,https://www.itftennis.com/tennis/api/PlayerRankApi/GetPlayerRankings?circuitCode=JT&playerTypeCode=B&ageCategoryCode=&juniorRankingType=itf&take=100&skip=1200&isOrderAscending=true,2026-09-29T13:04:56.965Z
2026-09-28,M,1224,800653737,Roman Ryzhkin,RUS,Russia,2010,60.5,https://www.itftennis.com/tennis/api/PlayerRankApi/GetPlayerRankings?circuitCode=JT&playerTypeCode=B&ageCategoryCode=&juniorRankingType=itf&take=100&skip=1200&isOrderAscending=true,2026-09-29T13:04:56.965Z
2026-09-28,M,1225,800747640,Jeff Okuku Hesbon,KEN,Kenya,2010,60.5,https://www.itftennis.com/tennis/api/PlayerRankApi/GetPlayerRankings?circuitCode=JT&playerTypeCode=B&ageCategoryCode=&juniorRankingType=itf&take=100&skip=1200&isOrderAscending=true,2026-09-29T13:04:56.965Z
2026-09-28,M,1226,800775903,Alexander Pierce,USA,USA,2009,60.25,https://www.itftennis.com/tennis/api/PlayerRankApi/GetPlayerRankings?circuitCode=JT&playerTypeCode=B&ageCategoryCode=&juniorRankingType=itf&take=100&skip=1200&isOrderAscending=true,2026-09-29T13:04:56.965Z
2026-09-28,M,1227,800603811,Phopthum Sriwong,THA,Thailand,2008,60,https://www.itftennis.com/tennis/api/PlayerRankApi/GetPlayerRankings?circuitCode=JT&playerTypeCode=B&ageCategoryCode=&juniorRankingType=itf&take=100&skip=1200&isOrderAscending=true,2026-09-29T13:04:56.965Z
2026-09-28,M,1228,800584058,Hugo Narmont,EST,Estonia,2008,59.75,https://www.itftennis.com/tennis/api/PlayerRankApi/GetPlayerRankings?circuitCode=JT&playerTypeCode=B&ageCategoryCode=&juniorRankingType=itf&take=100&skip=1200&isOrderAscending=true,2026-09-29T13:04:56.965Z
2026-09-28,M,1229,800698227,Paolo Iallonardo,ITA,Italy,2009,59.75,https://www.itftennis.com/tennis/api/PlayerRankApi/GetPlayerRankings?circuitCode=JT&playerTypeCode=B&ageCategoryCode=&juniorRankingType=itf&take=100&skip=1200&isOrderAscending=true,2026-09-29T13:04:56.965Z
2026-09-28,M,1230,800742039,Nirav Dougdeen,TTO,Trinidad & Tobago,2010,59.75,https://www.itftennis.com/tennis/api/PlayerRankApi/GetPlayerRankings?circuitCode=JT&playerTypeCode=B&ageCategoryCode=&juniorRankingType=itf&take=100&skip=1200&isOrderAscending=true,2026-09-29T13:04:56.965Z
2026-09-28,M,1231,800602023,Antonin Kotak,GBR,Great Britain,2009,59.75,https://www.itftennis.com/tennis/api/PlayerRankApi/GetPlayerRankings?circuitCode=JT&playerTypeCode=B&ageCategoryCode=&juniorRankingType=itf&take=100&skip=1200&isOrderAscending=true,2026-09-29T13:04:56.965Z
2026-09-28,M,1232,800821870,Andy Venning,AUS,Australia,2010,59.5,https://www.itftennis.com/tennis/api/PlayerRankApi/GetPlayerRankings?circuitCode=JT&playerTypeCode=B&ageCategoryCode=&juniorRankingType=itf&take=100&skip=1200&isOrderAscending=true,2026-09-29T13:04:56.965Z
2026-09-28,M,1233,800759305,Zihao Liu,CHN,"China, P.R.",2008,59.5,https://www.itftennis.com/tennis/api/PlayerRankApi/GetPlayerRankings?circuitCode=JT&playerTypeCode=B&ageCategoryCode=&juniorRankingType=itf&take=100&skip=1200&isOrderAscending=true,2026-09-29T13:04:56.965Z
2026-09-28,M,1234,800627741,Kuzey Ugurcan,TUR,Turkiye,2008,59.25,https://www.itftennis.com/tennis/api/PlayerRankApi/GetPlayerRankings?circuitCode=JT&playerTypeCode=B&ageCategoryCode=&juniorRankingType=itf&take=100&skip=1200&isOrderAscending=true,2026-09-29T13:04:56.965Z
2026-09-28,M,1235,800697918,Arno Avetisyan,ARM,Armenia,2011,59.25,https://www.itftennis.com/tennis/api/PlayerRankApi/GetPlayerRankings?circuitCode=JT&playerTypeCode=B&ageCategoryCode=&juniorRankingType=itf&take=100&skip=1200&isOrderAscending=true,2026-09-29T13:04:56.965Z
2026-09-28,M,1236,800643460,Aahil Kaleel,SRI,Sri Lanka,2009,59,https://www.itftennis.com/tennis/api/PlayerRankApi/GetPlayerRankings?circuitCode=JT&playerTypeCode=B&ageCategoryCode=&juniorRankingType=itf&take=100&skip=1200&isOrderAscending=true,2026-09-29T13:04:56.965Z
2026-09-28,M,1237,800661244,Sam van de Langenberg,SUI,Switzerland,2010,59,https://www.itftennis.com/tennis/api/PlayerRankApi/GetPlayerRankings?circuitCode=JT&playerTypeCode=B&ageCategoryCode=&juniorRankingType=itf&take=100&skip=1200&isOrderAscending=true,2026-09-29T13:04:56.965Z
2026-09-28,M,1238,800652275,Eduardo Jaramillo,COL,Colombia,2008,58.75,https://www.itftennis.com/tennis/api/PlayerRankApi/GetPlayerRankings?circuitCode=JT&playerTypeCode=B&ageCategoryCode=&juniorRankingType=itf&take=100&skip=1200&isOrderAscending=true,2026-09-29T13:04:56.965Z
2026-09-28,M,1239,800739857,Ryan Szeto,GBR,Great Britain,2011,58.75,https://www.itftennis.com/tennis/api/PlayerRankApi/GetPlayerRankings?circuitCode=JT&playerTypeCode=B&ageCategoryCode=&juniorRankingType=itf&take=100&skip=1200&isOrderAscending=true,2026-09-29T13:04:56.965Z
2026-09-28,M,1240,800671154,Brian Duan,USA,USA,2010,58.75,https://www.itftennis.com/tennis/api/PlayerRankApi/GetPlayerRankings?circuitCode=JT&playerTypeCode=B&ageCategoryCode=&juniorRankingType=itf&take=100&skip=1200&isOrderAscending=true,2026-09-29T13:04:56.965Z
2026-09-28,M,1241,800699576,Sam Attaran,IRI,Iran,2009,58.75,https://www.itftennis.com/tennis/api/PlayerRankApi/GetPlayerRankings?circuitCode=JT&playerTypeCode=B&ageCategoryCode=&juniorRankingType=itf&take=100&skip=1200&isOrderAscending=true,2026-09-29T13:04:56.965Z
2026-09-28,M,1242,800766990,Colin Mcpeek,USA,USA,2009,58.5,https://www.itftennis.com/tennis/api/PlayerRankApi/GetPlayerRankings?circuitCode=JT&playerTypeCode=B&ageCategoryCode=&juniorRankingType=itf&take=100&skip=1200&isOrderAscending=true,2026-09-29T13:04:56.965Z
2026-09-28,M,1243,800706705,Judah McEachern-Brown,CAN,Canada,2008,58.5,https://www.itftennis.com/tennis/api/PlayerRankApi/GetPlayerRankings?circuitCode=JT&playerTypeCode=B&ageCategoryCode=&juniorRankingType=itf&take=100&skip=1200&isOrderAscending=true,2026-09-29T13:04:56.965Z
2026-09-28,M,1244,800592357,Vaclav Augustin Hruby,CZE,Czechia,2008,58.5,https://www.itftennis.com/tennis/api/PlayerRankApi/GetPlayerRankings?circuitCode=JT&playerTypeCode=B&ageCategoryCode=&juniorRankingType=itf&take=100&skip=1200&isOrderAscending=true,2026-09-29T13:04:56.965Z
2026-09-28,M,1245,800709169,Aleksander Bialowolski,POL,Poland,2008,58.5,https://www.itftennis.com/tennis/api/PlayerRankApi/GetPlayerRankings?circuitCode=JT&playerTypeCode=B&ageCategoryCode=&juniorRankingType=itf&take=100&skip=1200&isOrderAscending=true,2026-09-29T13:04:56.965Z
2026-09-28,M,1246,800745517,Imanol Gosset,FRA,France,2012,58.5,https://www.itftennis.com/tennis/api/PlayerRankApi/GetPlayerRankings?circuitCode=JT&playerTypeCode=B&ageCategoryCode=&juniorRankingType=itf&take=100&skip=1200&isOrderAscending=true,2026-09-29T13:04:56.965Z
2026-09-28,M,1247,800651395,Athos Karakatsianis,CYP,Cyprus,2010,58.25,https://www.itftennis.com/tennis/api/PlayerRankApi/GetPlayerRankings?circuitCode=JT&playerTypeCode=B&ageCategoryCode=&juniorRankingType=itf&take=100&skip=1200&isOrderAscending=true,2026-09-29T13:04:56.965Z
2026-09-28,M,1248,800717371,Arthur Poussin,FRA,France,2012,58.25,https://www.itftennis.com/tennis/api/PlayerRankApi/GetPlayerRankings?circuitCode=JT&playerTypeCode=B&ageCategoryCode=&juniorRankingType=itf&take=100&skip=1200&isOrderAscending=true,2026-09-29T13:04:56.965Z
2026-09-28,M,1249,800799172,Jakub Jedryka,POL,Poland,2009,58,https://www.itftennis.com/tennis/api/PlayerRankApi/GetPlayerRankings?circuitCode=JT&playerTypeCode=B&ageCategoryCode=&juniorRankingType=itf&take=100&skip=1200&isOrderAscending=true,2026-09-29T13:04:56.965Z
2026-09-28,M,1250,800739328,Sebastian Enrique Chang,BOL,Bolivia,2011,58,https://www.itftennis.com/tennis/api/PlayerRankApi/GetPlayerRankings?circuitCode=JT&playerTypeCode=B&ageCategoryCode=&juniorRankingType=itf&take=100&skip=1200&isOrderAscending=true,2026-09-29T13:04:56.965Z
2026-09-28,M,1251,800661873,Takuto Matsuo,HKG,"Hong Kong, China",2010,58,https://www.itftennis.com/tennis/api/PlayerRankApi/GetPlayerRankings?circuitCode=JT&playerTypeCode=B&ageCategoryCode=&juniorRankingType=itf&take=100&skip=1200&isOrderAscending=true,2026-09-29T13:04:56.965Z
2026-09-28,M,1252,800677655,Benjamin Conca Lapasset,ARG,Argentina,2008,58,https://www.itftennis.com/tennis/api/PlayerRankApi/GetPlayerRankings?circuitCode=JT&playerTypeCode=B&ageCategoryCode=&juniorRankingType=itf&take=100&skip=1200&isOrderAscending=true,2026-09-29T13:04:56.965Z
2026-09-28,M,1253,800800840,Saveliy Yuzov,RUS,Russia,2009,57.75,https://www.itftennis.com/tennis/api/PlayerRankApi/GetPlayerRankings?circuitCode=JT&playerTypeCode=B&ageCategoryCode=&juniorRankingType=itf&take=100&skip=1200&isOrderAscending=true,2026-09-29T13:04:56.965Z
2026-09-28,M,1254,800636873,Itamar Ronen,ISR,Israel,2009,57.75,https://www.itftennis.com/tennis/api/PlayerRankApi/GetPlayerRankings?circuitCode=JT&playerTypeCode=B&ageCategoryCode=&juniorRankingType=itf&take=100&skip=1200&isOrderAscending=true,2026-09-29T13:04:56.965Z
2026-09-28,M,1255,800595847,Lukas Smailys,LTU,Lithuania,2008,57.75,https://www.itftennis.com/tennis/api/PlayerRankApi/GetPlayerRankings?circuitCode=JT&playerTypeCode=B&ageCategoryCode=&juniorRankingType=itf&take=100&skip=1200&isOrderAscending=true,2026-09-29T13:04:56.965Z
2026-09-28,M,1256,800644240,Amir-Muhammad Khan Mazari,PAK,Pakistan,2009,57.75,https://www.itftennis.com/tennis/api/PlayerRankApi/GetPlayerRankings?circuitCode=JT&playerTypeCode=B&ageCategoryCode=&juniorRankingType=itf&take=100&skip=1200&isOrderAscending=true,2026-09-29T13:04:56.965Z
2026-09-28,M,1257,800655068,Showrya Samala,IND,India,2008,57.5,https://www.itftennis.com/tennis/api/PlayerRankApi/GetPlayerRankings?circuitCode=JT&playerTypeCode=B&ageCategoryCode=&juniorRankingType=itf&take=100&skip=1200&isOrderAscending=true,2026-09-29T13:04:56.965Z
2026-09-28,M,1258,800576418,Tomas Fidler,CZE,Czechia,2008,57.5,https://www.itftennis.com/tennis/api/PlayerRankApi/GetPlayerRankings?circuitCode=JT&playerTypeCode=B&ageCategoryCode=&juniorRankingType=itf&take=100&skip=1200&isOrderAscending=true,2026-09-29T13:04:56.965Z
2026-09-28,M,1259,800864530,Marko Mikic,USA,USA,2009,57.5,https://www.itftennis.com/tennis/api/PlayerRankApi/GetPlayerRankings?circuitCode=JT&playerTypeCode=B&ageCategoryCode=&juniorRankingType=itf&take=100&skip=1200&isOrderAscending=true,2026-09-29T13:04:56.965Z
2026-09-28,M,1260,800654259,Nicolas Aguiar,ECU,Ecuador,2009,57.5,https://www.itftennis.com/tennis/api/PlayerRankApi/GetPlayerRankings?circuitCode=JT&playerTypeCode=B&ageCategoryCode=&juniorRankingType=itf&take=100&skip=1200&isOrderAscending=true,2026-09-29T13:04:56.965Z
2026-09-28,M,1261,800648792,TUDOR ALEXANDRU PREDA,ROU,Romania,2010,57.5,https://www.itftennis.com/tennis/api/PlayerRankApi/GetPlayerRankings?circuitCode=JT&playerTypeCode=B&ageCategoryCode=&juniorRankingType=itf&take=100&skip=1200&isOrderAscending=true,2026-09-29T13:04:56.965Z
2026-09-28,M,1262,800732607,Zolbadar Urnukh,MGL,Mongolia,2009,57.25,https://www.itftennis.com/tennis/api/PlayerRankApi/GetPlayerRankings?circuitCode=JT&playerTypeCode=B&ageCategoryCode=&juniorRankingType=itf&take=100&skip=1200&isOrderAscending=true,2026-09-29T13:04:56.965Z
2026-09-28,M,1263,800712798,Victor Palomar-Marquina,ESP,Spain,2008,57.25,https://www.itftennis.com/tennis/api/PlayerRankApi/GetPlayerRankings?circuitCode=JT&playerTypeCode=B&ageCategoryCode=&juniorRankingType=itf&take=100&skip=1200&isOrderAscending=true,2026-09-29T13:04:56.965Z
2026-09-28,M,1264,800814244,Sena Okabe,JPN,Japan,2009,57.25,https://www.itftennis.com/tennis/api/PlayerRankApi/GetPlayerRankings?circuitCode=JT&playerTypeCode=B&ageCategoryCode=&juniorRankingType=itf&take=100&skip=1200&isOrderAscending=true,2026-09-29T13:04:56.965Z
2026-09-28,M,1265,800598947,Matija Brajkov,SRB,Serbia,2008,57,https://www.itftennis.com/tennis/api/PlayerRankApi/GetPlayerRankings?circuitCode=JT&playerTypeCode=B&ageCategoryCode=&juniorRankingType=itf&take=100&skip=1200&isOrderAscending=true,2026-09-29T13:04:56.965Z
2026-09-28,M,1266,800772836,Santiago Lopez,COL,Colombia,2009,57,https://www.itftennis.com/tennis/api/PlayerRankApi/GetPlayerRankings?circuitCode=JT&playerTypeCode=B&ageCategoryCode=&juniorRankingType=itf&take=100&skip=1200&isOrderAscending=true,2026-09-29T13:04:56.965Z
2026-09-28,M,1267,800698217,Santo Agnello,AUT,Austria,2010,57,https://www.itftennis.com/tennis/api/PlayerRankApi/GetPlayerRankings?circuitCode=JT&playerTypeCode=B&ageCategoryCode=&juniorRankingType=itf&take=100&skip=1200&isOrderAscending=true,2026-09-29T13:04:56.965Z
2026-09-28,M,1268,800646590,Mehmet Toprak Ercin,TUR,Turkiye,2010,57,https://www.itftennis.com/tennis/api/PlayerRankApi/GetPlayerRankings?circuitCode=JT&playerTypeCode=B&ageCategoryCode=&juniorRankingType=itf&take=100&skip=1200&isOrderAscending=true,2026-09-29T13:04:56.965Z
2026-09-28,M,1269,800595783,Artem Golikov,ISR,Israel,2008,57,https://www.itftennis.com/tennis/api/PlayerRankApi/GetPlayerRankings?circuitCode=JT&playerTypeCode=B&ageCategoryCode=&juniorRankingType=itf&take=100&skip=1200&isOrderAscending=true,2026-09-29T13:04:56.965Z
2026-09-28,M,1270,800656457,Sidney Emanuel Meneguetti,BRA,Brazil,2008,56.75,https://www.itftennis.com/tennis/api/PlayerRankApi/GetPlayerRankings?circuitCode=JT&playerTypeCode=B&ageCategoryCode=&juniorRankingType=itf&take=100&skip=1200&isOrderAscending=true,2026-09-29T13:04:56.965Z
2026-09-28,M,1271,800712337,Valentino Grasselli,ITA,Italy,2011,56.75,https://www.itftennis.com/tennis/api/PlayerRankApi/GetPlayerRankings?circuitCode=JT&playerTypeCode=B&ageCategoryCode=&juniorRankingType=itf&take=100&skip=1200&isOrderAscending=true,2026-09-29T13:04:56.965Z
2026-09-28,M,1272,800844834,Lucas Smith,USA,USA,2008,56.5,https://www.itftennis.com/tennis/api/PlayerRankApi/GetPlayerRankings?circuitCode=JT&playerTypeCode=B&ageCategoryCode=&juniorRankingType=itf&take=100&skip=1200&isOrderAscending=true,2026-09-29T13:04:56.965Z
2026-09-28,M,1273,800675775,Brennan Coletta,GBR,Great Britain,2010,56.5,https://www.itftennis.com/tennis/api/PlayerRankApi/GetPlayerRankings?circuitCode=JT&playerTypeCode=B&ageCategoryCode=&juniorRankingType=itf&take=100&skip=1200&isOrderAscending=true,2026-09-29T13:04:56.965Z
2026-09-28,M,1274,800731719,Alexzander Petrov,RSA,South Africa,2009,56.25,https://www.itftennis.com/tennis/api/PlayerRankApi/GetPlayerRankings?circuitCode=JT&playerTypeCode=B&ageCategoryCode=&juniorRankingType=itf&take=100&skip=1200&isOrderAscending=true,2026-09-29T13:04:56.965Z
2026-09-28,M,1275,800593833,Daniil Tkachenko,RUS,Russia,2008,56.25,https://www.itftennis.com/tennis/api/PlayerRankApi/GetPlayerRankings?circuitCode=JT&playerTypeCode=B&ageCategoryCode=&juniorRankingType=itf&take=100&skip=1200&isOrderAscending=true,2026-09-29T13:04:56.965Z
2026-09-28,M,1276,800794306,Troy Goodwin,AUS,Australia,2008,56,https://www.itftennis.com/tennis/api/PlayerRankApi/GetPlayerRankings?circuitCode=JT&playerTypeCode=B&ageCategoryCode=&juniorRankingType=itf&take=100&skip=1200&isOrderAscending=true,2026-09-29T13:04:56.965Z
2026-09-28,M,1277,800589063,Kristijonas Milasauskas,LTU,Lithuania,2008,56,https://www.itftennis.com/tennis/api/PlayerRankApi/GetPlayerRankings?circuitCode=JT&playerTypeCode=B&ageCategoryCode=&juniorRankingType=itf&take=100&skip=1200&isOrderAscending=true,2026-09-29T13:04:56.965Z
2026-09-28,M,1278,800656378,Rafael Montalvo Galarza,ECU,Ecuador,2009,56,https://www.itftennis.com/tennis/api/PlayerRankApi/GetPlayerRankings?circuitCode=JT&playerTypeCode=B&ageCategoryCode=&juniorRankingType=itf&take=100&skip=1200&isOrderAscending=true,2026-09-29T13:04:56.965Z
2026-09-28,M,1279,800696634,Laurits Oestergaard,DEN,Denmark,2011,56,https://www.itftennis.com/tennis/api/PlayerRankApi/GetPlayerRankings?circuitCode=JT&playerTypeCode=B&ageCategoryCode=&juniorRankingType=itf&take=100&skip=1200&isOrderAscending=true,2026-09-29T13:04:56.965Z
2026-09-28,M,1280,800819015,Kenshin Sato,JPN,Japan,2011,56,https://www.itftennis.com/tennis/api/PlayerRankApi/GetPlayerRankings?circuitCode=JT&playerTypeCode=B&ageCategoryCode=&juniorRankingType=itf&take=100&skip=1200&isOrderAscending=true,2026-09-29T13:04:56.965Z
2026-09-28,M,1281,800709463,Simon Mujoomdar,CAN,Canada,2009,55.75,https://www.itftennis.com/tennis/api/PlayerRankApi/GetPlayerRankings?circuitCode=JT&playerTypeCode=B&ageCategoryCode=&juniorRankingType=itf&take=100&skip=1200&isOrderAscending=true,2026-09-29T13:04:56.965Z
2026-09-28,M,1282,800647228,Berke Muammer Okumus,TUR,Turkiye,2009,55.75,https://www.itftennis.com/tennis/api/PlayerRankApi/GetPlayerRankings?circuitCode=JT&playerTypeCode=B&ageCategoryCode=&juniorRankingType=itf&take=100&skip=1200&isOrderAscending=true,2026-09-29T13:04:56.965Z
2026-09-28,M,1283,800678180,ADRIAN MOLINO VALIDVIA,ESP,Spain,2010,55.75,https://www.itftennis.com/tennis/api/PlayerRankApi/GetPlayerRankings?circuitCode=JT&playerTypeCode=B&ageCategoryCode=&juniorRankingType=itf&take=100&skip=1200&isOrderAscending=true,2026-09-29T13:04:56.965Z
2026-09-28,M,1284,800672334,Clement Wauters,BEL,Belgium,2008,55.75,https://www.itftennis.com/tennis/api/PlayerRankApi/GetPlayerRankings?circuitCode=JT&playerTypeCode=B&ageCategoryCode=&juniorRankingType=itf&take=100&skip=1200&isOrderAscending=true,2026-09-29T13:04:56.965Z
2026-09-28,M,1285,800682832,Attila Montague,USA,USA,2008,55.75,https://www.itftennis.com/tennis/api/PlayerRankApi/GetPlayerRankings?circuitCode=JT&playerTypeCode=B&ageCategoryCode=&juniorRankingType=itf&take=100&skip=1200&isOrderAscending=true,2026-09-29T13:04:56.965Z
2026-09-28,M,1286,800655667,JOSE FABRICIO SORIANO LOPEZ,PER,Peru,2008,55.75,https://www.itftennis.com/tennis/api/PlayerRankApi/GetPlayerRankings?circuitCode=JT&playerTypeCode=B&ageCategoryCode=&juniorRankingType=itf&take=100&skip=1200&isOrderAscending=true,2026-09-29T13:04:56.965Z
2026-09-28,M,1287,800693610,Myles Kiely,GBR,Great Britain,2011,55.75,https://www.itftennis.com/tennis/api/PlayerRankApi/GetPlayerRankings?circuitCode=JT&playerTypeCode=B&ageCategoryCode=&juniorRankingType=itf&take=100&skip=1200&isOrderAscending=true,2026-09-29T13:04:56.965Z
2026-09-28,M,1288,800736933,Joshua Bayete Miller,USA,USA,2008,55.5,https://www.itftennis.com/tennis/api/PlayerRankApi/GetPlayerRankings?circuitCode=JT&playerTypeCode=B&ageCategoryCode=&juniorRankingType=itf&take=100&skip=1200&isOrderAscending=true,2026-09-29T13:04:56.965Z
2026-09-28,M,1289,800660689,Aleksander Konstantin,GER,Germany,2009,55.5,https://www.itftennis.com/tennis/api/PlayerRankApi/GetPlayerRankings?circuitCode=JT&playerTypeCode=B&ageCategoryCode=&juniorRankingType=itf&take=100&skip=1200&isOrderAscending=true,2026-09-29T13:04:56.965Z
2026-09-28,M,1290,800597284,Miro Savolainen,FIN,Finland,2008,55.5,https://www.itftennis.com/tennis/api/PlayerRankApi/GetPlayerRankings?circuitCode=JT&playerTypeCode=B&ageCategoryCode=&juniorRankingType=itf&take=100&skip=1200&isOrderAscending=true,2026-09-29T13:04:56.965Z
2026-09-28,M,1291,800596498,Ektoras Tsatsakis,GRE,Greece,2008,55.5,https://www.itftennis.com/tennis/api/PlayerRankApi/GetPlayerRankings?circuitCode=JT&playerTypeCode=B&ageCategoryCode=&juniorRankingType=itf&take=100&skip=1200&isOrderAscending=true,2026-09-29T13:04:56.965Z
2026-09-28,M,1292,800690620,IGOR BRANIA,FRA,France,2011,55.5,https://www.itftennis.com/tennis/api/PlayerRankApi/GetPlayerRankings?circuitCode=JT&playerTypeCode=B&ageCategoryCode=&juniorRankingType=itf&take=100&skip=1200&isOrderAscending=true,2026-09-29T13:04:56.965Z
2026-09-28,M,1293,800670234,Kacper Laskowski,GBR,Great Britain,2008,55.5,https://www.itftennis.com/tennis/api/PlayerRankApi/GetPlayerRankings?circuitCode=JT&playerTypeCode=B&ageCategoryCode=&juniorRankingType=itf&take=100&skip=1200&isOrderAscending=true,2026-09-29T13:04:56.965Z
2026-09-28,M,1294,800711582,Izan Hernandez Montolio,ESP,Spain,2010,55.25,https://www.itftennis.com/tennis/api/PlayerRankApi/GetPlayerRankings?circuitCode=JT&playerTypeCode=B&ageCategoryCode=&juniorRankingType=itf&take=100&skip=1200&isOrderAscending=true,2026-09-29T13:04:56.965Z
2026-09-28,M,1295,800706975,David Smolik,CZE,Czechia,2010,55.25,https://www.itftennis.com/tennis/api/PlayerRankApi/GetPlayerRankings?circuitCode=JT&playerTypeCode=B&ageCategoryCode=&juniorRankingType=itf&take=100&skip=1200&isOrderAscending=true,2026-09-29T13:04:56.965Z
2026-09-28,M,1296,800711061,Giulio Bozzanga,ITA,Italy,2011,55.25,https://www.itftennis.com/tennis/api/PlayerRankApi/GetPlayerRankings?circuitCode=JT&playerTypeCode=B&ageCategoryCode=&juniorRankingType=itf&take=100&skip=1200&isOrderAscending=true,2026-09-29T13:04:56.965Z
2026-09-28,M,1297,800656598,Stefan Robert SZABO,ROU,Romania,2011,55,https://www.itftennis.com/tennis/api/PlayerRankApi/GetPlayerRankings?circuitCode=JT&playerTypeCode=B&ageCategoryCode=&juniorRankingType=itf&take=100&skip=1200&isOrderAscending=true,2026-09-29T13:04:56.965Z
2026-09-28,M,1298,800578288,Ricards Dzirkals,LAT,Latvia,2008,55,https://www.itftennis.com/tennis/api/PlayerRankApi/GetPlayerRankings?circuitCode=JT&playerTypeCode=B&ageCategoryCode=&juniorRankingType=itf&take=100&skip=1200&isOrderAscending=true,2026-09-29T13:04:56.965Z
2026-09-28,M,1299,800668514,Neo Armus,GBR,Great Britain,2010,55,https://www.itftennis.com/tennis/api/PlayerRankApi/GetPlayerRankings?circuitCode=JT&playerTypeCode=B&ageCategoryCode=&juniorRankingType=itf&take=100&skip=1200&isOrderAscending=true,2026-09-29T13:04:56.965Z
2026-09-28,M,1300,800732180,Hung-Jui Chen,TPE,Chinese Taipei,2009,55,https://www.itftennis.com/tennis/api/PlayerRankApi/GetPlayerRankings?circuitCode=JT&playerTypeCode=B&ageCategoryCode=&juniorRankingType=itf&take=100&skip=1200&isOrderAscending=true,2026-09-29T13:04:56.965Z
2026-09-28,M,1301,800712306,Tristan de Cande,CAN,Canada,2010,54.75,https://www.itftennis.com/tennis/api/PlayerRankApi/GetPlayerRankings?circuitCode=JT&playerTypeCode=B&ageCategoryCode=&juniorRankingType=itf&take=100&skip=1300&isOrderAscending=true,2026-09-29T13:05:10.363Z
2026-09-28,M,1302,800701388,Emil Torn,FIN,Finland,2009,54.75,https://www.itftennis.com/tennis/api/PlayerRankApi/GetPlayerRankings?circuitCode=JT&playerTypeCode=B&ageCategoryCode=&juniorRankingType=itf&take=100&skip=1300&isOrderAscending=true,2026-09-29T13:05:10.363Z
2026-09-28,M,1303,800570885,Radin Fahimi,IRI,Iran,2008,54.75,https://www.itftennis.com/tennis/api/PlayerRankApi/GetPlayerRankings?circuitCode=JT&playerTypeCode=B&ageCategoryCode=&juniorRankingType=itf&take=100&skip=1300&isOrderAscending=true,2026-09-29T13:05:10.363Z
2026-09-28,M,1304,800647720,oscar puyplat,USA,USA,2008,54.5,https://www.itftennis.com/tennis/api/PlayerRankApi/GetPlayerRankings?circuitCode=JT&playerTypeCode=B&ageCategoryCode=&juniorRankingType=itf&take=100&skip=1300&isOrderAscending=true,2026-09-29T13:05:10.363Z
2026-09-28,M,1305,800681186,Amin Marei,EGY,Egypt,2009,54.5,https://www.itftennis.com/tennis/api/PlayerRankApi/GetPlayerRankings?circuitCode=JT&playerTypeCode=B&ageCategoryCode=&juniorRankingType=itf&take=100&skip=1300&isOrderAscending=true,2026-09-29T13:05:10.363Z
2026-09-28,M,1306,800689693,David Avayou,THA,Thailand,2011,54.5,https://www.itftennis.com/tennis/api/PlayerRankApi/GetPlayerRankings?circuitCode=JT&playerTypeCode=B&ageCategoryCode=&juniorRankingType=itf&take=100&skip=1300&isOrderAscending=true,2026-09-29T13:05:10.363Z
2026-09-28,M,1307,800774363,Brayden Campion,USA,USA,2008,54.5,https://www.itftennis.com/tennis/api/PlayerRankApi/GetPlayerRankings?circuitCode=JT&playerTypeCode=B&ageCategoryCode=&juniorRankingType=itf&take=100&skip=1300&isOrderAscending=true,2026-09-29T13:05:10.363Z
2026-09-28,M,1308,800695891,Moncef Denguezli,TUN,Tunisia,2008,54.25,https://www.itftennis.com/tennis/api/PlayerRankApi/GetPlayerRankings?circuitCode=JT&playerTypeCode=B&ageCategoryCode=&juniorRankingType=itf&take=100&skip=1300&isOrderAscending=true,2026-09-29T13:05:10.363Z
2026-09-28,M,1309,800568131,Rushikesh Sonawane,IND,India,2008,54,https://www.itftennis.com/tennis/api/PlayerRankApi/GetPlayerRankings?circuitCode=JT&playerTypeCode=B&ageCategoryCode=&juniorRankingType=itf&take=100&skip=1300&isOrderAscending=true,2026-09-29T13:05:10.363Z
2026-09-28,M,1310,800831832,Dylan Jones,USA,USA,2009,54,https://www.itftennis.com/tennis/api/PlayerRankApi/GetPlayerRankings?circuitCode=JT&playerTypeCode=B&ageCategoryCode=&juniorRankingType=itf&take=100&skip=1300&isOrderAscending=true,2026-09-29T13:05:10.363Z
2026-09-28,M,1311,800738027,Jason FU,HKG,"Hong Kong, China",2009,54,https://www.itftennis.com/tennis/api/PlayerRankApi/GetPlayerRankings?circuitCode=JT&playerTypeCode=B&ageCategoryCode=&juniorRankingType=itf&take=100&skip=1300&isOrderAscending=true,2026-09-29T13:05:10.363Z
2026-09-28,M,1312,800742239,Xiaohan Jiang,CHN,"China, P.R.",2011,54,https://www.itftennis.com/tennis/api/PlayerRankApi/GetPlayerRankings?circuitCode=JT&playerTypeCode=B&ageCategoryCode=&juniorRankingType=itf&take=100&skip=1300&isOrderAscending=true,2026-09-29T13:05:10.363Z
2026-09-28,M,1313,800671290,Gustavs Gutans,LAT,Latvia,2011,54,https://www.itftennis.com/tennis/api/PlayerRankApi/GetPlayerRankings?circuitCode=JT&playerTypeCode=B&ageCategoryCode=&juniorRankingType=itf&take=100&skip=1300&isOrderAscending=true,2026-09-29T13:05:10.363Z
2026-09-28,M,1314,800731963,Santiago Josue Gonzalez Rodriguez,VEN,Venezuela,2011,53.75,https://www.itftennis.com/tennis/api/PlayerRankApi/GetPlayerRankings?circuitCode=JT&playerTypeCode=B&ageCategoryCode=&juniorRankingType=itf&take=100&skip=1300&isOrderAscending=true,2026-09-29T13:05:10.363Z
2026-09-28,M,1315,800845701,Haru Suzuki,JPN,Japan,2011,53.75,https://www.itftennis.com/tennis/api/PlayerRankApi/GetPlayerRankings?circuitCode=JT&playerTypeCode=B&ageCategoryCode=&juniorRankingType=itf&take=100&skip=1300&isOrderAscending=true,2026-09-29T13:05:10.363Z
2026-09-28,M,1316,800681555,Pedro Montero Nicolau,ESP,Spain,2009,53.75,https://www.itftennis.com/tennis/api/PlayerRankApi/GetPlayerRankings?circuitCode=JT&playerTypeCode=B&ageCategoryCode=&juniorRankingType=itf&take=100&skip=1300&isOrderAscending=true,2026-09-29T13:05:10.363Z
2026-09-28,M,1317,800796782,Omar Assem,EGY,Egypt,2010,53.75,https://www.itftennis.com/tennis/api/PlayerRankApi/GetPlayerRankings?circuitCode=JT&playerTypeCode=B&ageCategoryCode=&juniorRankingType=itf&take=100&skip=1300&isOrderAscending=true,2026-09-29T13:05:10.363Z
2026-09-28,M,1318,800693058,JAVIER ALEJANDRO SANCHEZ MONTOYA,VEN,Venezuela,2010,53.5,https://www.itftennis.com/tennis/api/PlayerRankApi/GetPlayerRankings?circuitCode=JT&playerTypeCode=B&ageCategoryCode=&juniorRankingType=itf&take=100&skip=1300&isOrderAscending=true,2026-09-29T13:05:10.363Z
2026-09-28,M,1319,800598927,Oliver Kiljunen,FIN,Finland,2008,53.5,https://www.itftennis.com/tennis/api/PlayerRankApi/GetPlayerRankings?circuitCode=JT&playerTypeCode=B&ageCategoryCode=&juniorRankingType=itf&take=100&skip=1300&isOrderAscending=true,2026-09-29T13:05:10.363Z
2026-09-28,M,1320,800713576,Luis Gabriel Perez Perez,MEX,Mexico,2008,53.5,https://www.itftennis.com/tennis/api/PlayerRankApi/GetPlayerRankings?circuitCode=JT&playerTypeCode=B&ageCategoryCode=&juniorRankingType=itf&take=100&skip=1300&isOrderAscending=true,2026-09-29T13:05:10.363Z
2026-09-28,M,1321,800746757,Macksimus Malhotra,USA,USA,2009,53.5,https://www.itftennis.com/tennis/api/PlayerRankApi/GetPlayerRankings?circuitCode=JT&playerTypeCode=B&ageCategoryCode=&juniorRankingType=itf&take=100&skip=1300&isOrderAscending=true,2026-09-29T13:05:10.363Z
2026-09-28,M,1322,800770896,Ilia Dobrovolsky,CAN,Canada,2008,53.5,https://www.itftennis.com/tennis/api/PlayerRankApi/GetPlayerRankings?circuitCode=JT&playerTypeCode=B&ageCategoryCode=&juniorRankingType=itf&take=100&skip=1300&isOrderAscending=true,2026-09-29T13:05:10.363Z
2026-09-28,M,1323,800784214,Mathias Mendez,USA,USA,2010,53,https://www.itftennis.com/tennis/api/PlayerRankApi/GetPlayerRankings?circuitCode=JT&playerTypeCode=B&ageCategoryCode=&juniorRankingType=itf&take=100&skip=1300&isOrderAscending=true,2026-09-29T13:05:10.363Z
2026-09-28,M,1324,800672563,Cesare Cattaneo,ITA,Italy,2010,53,https://www.itftennis.com/tennis/api/PlayerRankApi/GetPlayerRankings?circuitCode=JT&playerTypeCode=B&ageCategoryCode=&juniorRankingType=itf&take=100&skip=1300&isOrderAscending=true,2026-09-29T13:05:10.363Z
2026-09-28,M,1325,800678913,Joao Pedro Sarzedas Colombo,BRA,Brazil,2009,53,https://www.itftennis.com/tennis/api/PlayerRankApi/GetPlayerRankings?circuitCode=JT&playerTypeCode=B&ageCategoryCode=&juniorRankingType=itf&take=100&skip=1300&isOrderAscending=true,2026-09-29T13:05:10.363Z
2026-09-28,M,1326,800791580,Brandon Bridgewater,CUW,Curacao,2009,53,https://www.itftennis.com/tennis/api/PlayerRankApi/GetPlayerRankings?circuitCode=JT&playerTypeCode=B&ageCategoryCode=&juniorRankingType=itf&take=100&skip=1300&isOrderAscending=true,2026-09-29T13:05:10.363Z
2026-09-28,M,1327,800676805,Kirill Chystikov,UKR,Ukraine,2008,53,https://www.itftennis.com/tennis/api/PlayerRankApi/GetPlayerRankings?circuitCode=JT&playerTypeCode=B&ageCategoryCode=&juniorRankingType=itf&take=100&skip=1300&isOrderAscending=true,2026-09-29T13:05:10.364Z
2026-09-28,M,1328,800734285,Kuan-Ting Chen,TPE,Chinese Taipei,2008,52.75,https://www.itftennis.com/tennis/api/PlayerRankApi/GetPlayerRankings?circuitCode=JT&playerTypeCode=B&ageCategoryCode=&juniorRankingType=itf&take=100&skip=1300&isOrderAscending=true,2026-09-29T13:05:10.364Z
2026-09-28,M,1329,800564852,Mikayel Avanesyan,ARM,Armenia,2008,52.75,https://www.itftennis.com/tennis/api/PlayerRankApi/GetPlayerRankings?circuitCode=JT&playerTypeCode=B&ageCategoryCode=&juniorRankingType=itf&take=100&skip=1300&isOrderAscending=true,2026-09-29T13:05:10.364Z
2026-09-28,M,1330,800630024,Lucas Martin Velasco,COL,Colombia,2008,52.5,https://www.itftennis.com/tennis/api/PlayerRankApi/GetPlayerRankings?circuitCode=JT&playerTypeCode=B&ageCategoryCode=&juniorRankingType=itf&take=100&skip=1300&isOrderAscending=true,2026-09-29T13:05:10.364Z
2026-09-28,M,1331,800698328,Maddox Bose,USA,USA,2008,52.5,https://www.itftennis.com/tennis/api/PlayerRankApi/GetPlayerRankings?circuitCode=JT&playerTypeCode=B&ageCategoryCode=&juniorRankingType=itf&take=100&skip=1300&isOrderAscending=true,2026-09-29T13:05:10.364Z
2026-09-28,M,1332,800746955,Daniel Wendel,BRA,Brazil,2010,52.5,https://www.itftennis.com/tennis/api/PlayerRankApi/GetPlayerRankings?circuitCode=JT&playerTypeCode=B&ageCategoryCode=&juniorRankingType=itf&take=100&skip=1300&isOrderAscending=true,2026-09-29T13:05:10.364Z
2026-09-28,M,1333,800690513,Viktor Makarov,RUS,Russia,2009,52.5,https://www.itftennis.com/tennis/api/PlayerRankApi/GetPlayerRankings?circuitCode=JT&playerTypeCode=B&ageCategoryCode=&juniorRankingType=itf&take=100&skip=1300&isOrderAscending=true,2026-09-29T13:05:10.364Z
2026-09-28,M,1334,800725301,Michael Chervenkov,USA,USA,2011,52.5,https://www.itftennis.com/tennis/api/PlayerRankApi/GetPlayerRankings?circuitCode=JT&playerTypeCode=B&ageCategoryCode=&juniorRankingType=itf&take=100&skip=1300&isOrderAscending=true,2026-09-29T13:05:10.364Z
2026-09-28,M,1335,800745567,Sazu Isqaqavut,TPE,Chinese Taipei,2009,52.5,https://www.itftennis.com/tennis/api/PlayerRankApi/GetPlayerRankings?circuitCode=JT&playerTypeCode=B&ageCategoryCode=&juniorRankingType=itf&take=100&skip=1300&isOrderAscending=true,2026-09-29T13:05:10.364Z
2026-09-28,M,1336,800667524,Franco Arancibia Churqui,BOL,Bolivia,2010,52.25,https://www.itftennis.com/tennis/api/PlayerRankApi/GetPlayerRankings?circuitCode=JT&playerTypeCode=B&ageCategoryCode=&juniorRankingType=itf&take=100&skip=1300&isOrderAscending=true,2026-09-29T13:05:10.364Z
2026-09-28,M,1337,800808666,Julian Zhang,USA,USA,2009,52.25,https://www.itftennis.com/tennis/api/PlayerRankApi/GetPlayerRankings?circuitCode=JT&playerTypeCode=B&ageCategoryCode=&juniorRankingType=itf&take=100&skip=1300&isOrderAscending=true,2026-09-29T13:05:10.364Z
2026-09-28,M,1338,800735031,Runqi Yang,HKG,"Hong Kong, China",2009,52.25,https://www.itftennis.com/tennis/api/PlayerRankApi/GetPlayerRankings?circuitCode=JT&playerTypeCode=B&ageCategoryCode=&juniorRankingType=itf&take=100&skip=1300&isOrderAscending=true,2026-09-29T13:05:10.364Z
2026-09-28,M,1339,800671499,Matei Sucu,ROU,Romania,2009,52.25,https://www.itftennis.com/tennis/api/PlayerRankApi/GetPlayerRankings?circuitCode=JT&playerTypeCode=B&ageCategoryCode=&juniorRankingType=itf&take=100&skip=1300&isOrderAscending=true,2026-09-29T13:05:10.364Z
2026-09-28,M,1340,800848053,Honosuke Ishibe,JPN,Japan,2012,52.25,https://www.itftennis.com/tennis/api/PlayerRankApi/GetPlayerRankings?circuitCode=JT&playerTypeCode=B&ageCategoryCode=&juniorRankingType=itf&take=100&skip=1300&isOrderAscending=true,2026-09-29T13:05:10.364Z
2026-09-28,M,1341,800667518,Derek Muerner,SUI,Switzerland,2008,52,https://www.itftennis.com/tennis/api/PlayerRankApi/GetPlayerRankings?circuitCode=JT&playerTypeCode=B&ageCategoryCode=&juniorRankingType=itf&take=100&skip=1300&isOrderAscending=true,2026-09-29T13:05:10.364Z
2026-09-28,M,1342,800705255,Juan Diego Pulido Topaga,COL,Colombia,2011,52,https://www.itftennis.com/tennis/api/PlayerRankApi/GetPlayerRankings?circuitCode=JT&playerTypeCode=B&ageCategoryCode=&juniorRankingType=itf&take=100&skip=1300&isOrderAscending=true,2026-09-29T13:05:10.364Z
2026-09-28,M,1343,800791474,Sharan Somasi,IND,India,2008,52,https://www.itftennis.com/tennis/api/PlayerRankApi/GetPlayerRankings?circuitCode=JT&playerTypeCode=B&ageCategoryCode=&juniorRankingType=itf&take=100&skip=1300&isOrderAscending=true,2026-09-29T13:05:10.364Z
2026-09-28,M,1344,800743579,Noah Brunner,AUT,Austria,2009,52,https://www.itftennis.com/tennis/api/PlayerRankApi/GetPlayerRankings?circuitCode=JT&playerTypeCode=B&ageCategoryCode=&juniorRankingType=itf&take=100&skip=1300&isOrderAscending=true,2026-09-29T13:05:10.364Z
2026-09-28,M,1345,800601422,Joseph Puig Mccallan,ESP,Spain,2008,52,https://www.itftennis.com/tennis/api/PlayerRankApi/GetPlayerRankings?circuitCode=JT&playerTypeCode=B&ageCategoryCode=&juniorRankingType=itf&take=100&skip=1300&isOrderAscending=true,2026-09-29T13:05:10.364Z
2026-09-28,M,1346,800655720,Tsikhan Koran,BLR,Belarus,2010,52,https://www.itftennis.com/tennis/api/PlayerRankApi/GetPlayerRankings?circuitCode=JT&playerTypeCode=B&ageCategoryCode=&juniorRankingType=itf&take=100&skip=1300&isOrderAscending=true,2026-09-29T13:05:10.364Z
2026-09-28,M,1347,800814919,Hugo Elmblad,SWE,Sweden,2010,52,https://www.itftennis.com/tennis/api/PlayerRankApi/GetPlayerRankings?circuitCode=JT&playerTypeCode=B&ageCategoryCode=&juniorRankingType=itf&take=100&skip=1300&isOrderAscending=true,2026-09-29T13:05:10.364Z
2026-09-28,M,1348,800640469,Marcos Iacovides,CYP,Cyprus,2008,52,https://www.itftennis.com/tennis/api/PlayerRankApi/GetPlayerRankings?circuitCode=JT&playerTypeCode=B&ageCategoryCode=&juniorRankingType=itf&take=100&skip=1300&isOrderAscending=true,2026-09-29T13:05:10.364Z
2026-09-28,M,1349,800742359,Thamma Kosiri,THA,Thailand,2011,52,https://www.itftennis.com/tennis/api/PlayerRankApi/GetPlayerRankings?circuitCode=JT&playerTypeCode=B&ageCategoryCode=&juniorRankingType=itf&take=100&skip=1300&isOrderAscending=true,2026-09-29T13:05:10.364Z
2026-09-28,M,1350,800590424,Zaccharie Cado,FRA,France,2008,51.75,https://www.itftennis.com/tennis/api/PlayerRankApi/GetPlayerRankings?circuitCode=JT&playerTypeCode=B&ageCategoryCode=&juniorRankingType=itf&take=100&skip=1300&isOrderAscending=true,2026-09-29T13:05:10.364Z
2026-09-28,M,1351,800794783,Tristan Bradu,USA,USA,2008,51.75,https://www.itftennis.com/tennis/api/PlayerRankApi/GetPlayerRankings?circuitCode=JT&playerTypeCode=B&ageCategoryCode=&juniorRankingType=itf&take=100&skip=1300&isOrderAscending=true,2026-09-29T13:05:10.364Z
2026-09-28,M,1352,800770442,Matus Petrasko,SVK,Slovakia,2009,51.5,https://www.itftennis.com/tennis/api/PlayerRankApi/GetPlayerRankings?circuitCode=JT&playerTypeCode=B&ageCategoryCode=&juniorRankingType=itf&take=100&skip=1300&isOrderAscending=true,2026-09-29T13:05:10.364Z
2026-09-28,M,1353,800673919,Jonas Kollert,CZE,Czechia,2008,51.5,https://www.itftennis.com/tennis/api/PlayerRankApi/GetPlayerRankings?circuitCode=JT&playerTypeCode=B&ageCategoryCode=&juniorRankingType=itf&take=100&skip=1300&isOrderAscending=true,2026-09-29T13:05:10.364Z
2026-09-28,M,1354,800602517,Vladimir Kadobine,BLR,Belarus,2008,51.5,https://www.itftennis.com/tennis/api/PlayerRankApi/GetPlayerRankings?circuitCode=JT&playerTypeCode=B&ageCategoryCode=&juniorRankingType=itf&take=100&skip=1300&isOrderAscending=true,2026-09-29T13:05:10.364Z
2026-09-28,M,1355,800690952,OSCAR DARDER DIAS,ESP,Spain,2009,51.5,https://www.itftennis.com/tennis/api/PlayerRankApi/GetPlayerRankings?circuitCode=JT&playerTypeCode=B&ageCategoryCode=&juniorRankingType=itf&take=100&skip=1300&isOrderAscending=true,2026-09-29T13:05:10.364Z
2026-09-28,M,1356,800661710,Noel Kim Bachmann,SUI,Switzerland,2010,51.5,https://www.itftennis.com/tennis/api/PlayerRankApi/GetPlayerRankings?circuitCode=JT&playerTypeCode=B&ageCategoryCode=&juniorRankingType=itf&take=100&skip=1300&isOrderAscending=true,2026-09-29T13:05:10.364Z
2026-09-28,M,1357,800765319,Ryder Danis,CAN,Canada,2011,51.5,https://www.itftennis.com/tennis/api/PlayerRankApi/GetPlayerRankings?circuitCode=JT&playerTypeCode=B&ageCategoryCode=&juniorRankingType=itf&take=100&skip=1300&isOrderAscending=true,2026-09-29T13:05:10.364Z
2026-09-28,M,1358,800654081,Yunus Zulfar,KAZ,Kazakhstan,2008,51.5,https://www.itftennis.com/tennis/api/PlayerRankApi/GetPlayerRankings?circuitCode=JT&playerTypeCode=B&ageCategoryCode=&juniorRankingType=itf&take=100&skip=1300&isOrderAscending=true,2026-09-29T13:05:10.364Z
2026-09-28,M,1359,800635817,Tarek El Chaaby,LBN,Lebanon,2009,51.5,https://www.itftennis.com/tennis/api/PlayerRankApi/GetPlayerRankings?circuitCode=JT&playerTypeCode=B&ageCategoryCode=&juniorRankingType=itf&take=100&skip=1300&isOrderAscending=true,2026-09-29T13:05:10.364Z
2026-09-28,M,1360,800829140,Huw Hoffman,AUS,Australia,2009,51,https://www.itftennis.com/tennis/api/PlayerRankApi/GetPlayerRankings?circuitCode=JT&playerTypeCode=B&ageCategoryCode=&juniorRankingType=itf&take=100&skip=1300&isOrderAscending=true,2026-09-29T13:05:10.364Z
2026-09-28,M,1361,800725678,Zheng Nan Huang,CHN,"China, P.R.",2008,51,https://www.itftennis.com/tennis/api/PlayerRankApi/GetPlayerRankings?circuitCode=JT&playerTypeCode=B&ageCategoryCode=&juniorRankingType=itf&take=100&skip=1300&isOrderAscending=true,2026-09-29T13:05:10.364Z
2026-09-28,M,1362,800657367,carlo paci,ITA,Italy,2009,51,https://www.itftennis.com/tennis/api/PlayerRankApi/GetPlayerRankings?circuitCode=JT&playerTypeCode=B&ageCategoryCode=&juniorRankingType=itf&take=100&skip=1300&isOrderAscending=true,2026-09-29T13:05:10.364Z
2026-09-28,M,1363,800822129,Sergey Bokarev,RUS,Russia,2009,50.75,https://www.itftennis.com/tennis/api/PlayerRankApi/GetPlayerRankings?circuitCode=JT&playerTypeCode=B&ageCategoryCode=&juniorRankingType=itf&take=100&skip=1300&isOrderAscending=true,2026-09-29T13:05:10.364Z
2026-09-28,M,1364,800654622,Jozef Karas,SVK,Slovakia,2009,50.75,https://www.itftennis.com/tennis/api/PlayerRankApi/GetPlayerRankings?circuitCode=JT&playerTypeCode=B&ageCategoryCode=&juniorRankingType=itf&take=100&skip=1300&isOrderAscending=true,2026-09-29T13:05:10.364Z
2026-09-28,M,1365,800699616,Kristian Stefanov,BUL,Bulgaria,2009,50.75,https://www.itftennis.com/tennis/api/PlayerRankApi/GetPlayerRankings?circuitCode=JT&playerTypeCode=B&ageCategoryCode=&juniorRankingType=itf&take=100&skip=1300&isOrderAscending=true,2026-09-29T13:05:10.364Z
2026-09-28,M,1366,800777437,Alejandro Calles,MEX,Mexico,2008,50.75,https://www.itftennis.com/tennis/api/PlayerRankApi/GetPlayerRankings?circuitCode=JT&playerTypeCode=B&ageCategoryCode=&juniorRankingType=itf&take=100&skip=1300&isOrderAscending=true,2026-09-29T13:05:10.364Z
2026-09-28,M,1367,800670616,Nico Sommer,SUI,Switzerland,2008,50.75,https://www.itftennis.com/tennis/api/PlayerRankApi/GetPlayerRankings?circuitCode=JT&playerTypeCode=B&ageCategoryCode=&juniorRankingType=itf&take=100&skip=1300&isOrderAscending=true,2026-09-29T13:05:10.364Z
2026-09-28,M,1368,800677856,Oscar Casas Mas,ESP,Spain,2009,50.5,https://www.itftennis.com/tennis/api/PlayerRankApi/GetPlayerRankings?circuitCode=JT&playerTypeCode=B&ageCategoryCode=&juniorRankingType=itf&take=100&skip=1300&isOrderAscending=true,2026-09-29T13:05:10.364Z
2026-09-28,M,1369,800681454,Khamidjon Mansurov,UZB,Uzbekistan,2010,50.5,https://www.itftennis.com/tennis/api/PlayerRankApi/GetPlayerRankings?circuitCode=JT&playerTypeCode=B&ageCategoryCode=&juniorRankingType=itf&take=100&skip=1300&isOrderAscending=true,2026-09-29T13:05:10.364Z
2026-09-28,M,1370,800660635,Dimitar Topchiyski,BUL,Bulgaria,2010,50.5,https://www.itftennis.com/tennis/api/PlayerRankApi/GetPlayerRankings?circuitCode=JT&playerTypeCode=B&ageCategoryCode=&juniorRankingType=itf&take=100&skip=1300&isOrderAscending=true,2026-09-29T13:05:10.364Z
2026-09-28,M,1371,800664546,Patrick Voljavec,CRO,Croatia,2010,50.5,https://www.itftennis.com/tennis/api/PlayerRankApi/GetPlayerRankings?circuitCode=JT&playerTypeCode=B&ageCategoryCode=&juniorRankingType=itf&take=100&skip=1300&isOrderAscending=true,2026-09-29T13:05:10.364Z
2026-09-28,M,1372,800762159,YI-SHENG HU,TPE,Chinese Taipei,2008,50.25,https://www.itftennis.com/tennis/api/PlayerRankApi/GetPlayerRankings?circuitCode=JT&playerTypeCode=B&ageCategoryCode=&juniorRankingType=itf&take=100&skip=1300&isOrderAscending=true,2026-09-29T13:05:10.364Z
2026-09-28,M,1373,800708814,MARTIN SEBASTIAN ALMEIDA VELEZ,ECU,Ecuador,2010,50.25,https://www.itftennis.com/tennis/api/PlayerRankApi/GetPlayerRankings?circuitCode=JT&playerTypeCode=B&ageCategoryCode=&juniorRankingType=itf&take=100&skip=1300&isOrderAscending=true,2026-09-29T13:05:10.364Z
2026-09-28,M,1374,800694397,Maksym Ivashko,SVK,Slovakia,2008,50,https://www.itftennis.com/tennis/api/PlayerRankApi/GetPlayerRankings?circuitCode=JT&playerTypeCode=B&ageCategoryCode=&juniorRankingType=itf&take=100&skip=1300&isOrderAscending=true,2026-09-29T13:05:10.364Z
2026-09-28,M,1375,800762570,ALESSIO CARDILLO,ITA,Italy,2011,49.75,https://www.itftennis.com/tennis/api/PlayerRankApi/GetPlayerRankings?circuitCode=JT&playerTypeCode=B&ageCategoryCode=&juniorRankingType=itf&take=100&skip=1300&isOrderAscending=true,2026-09-29T13:05:10.364Z
2026-09-28,M,1376,800654949,ofir kermish,ISR,Israel,2010,49.75,https://www.itftennis.com/tennis/api/PlayerRankApi/GetPlayerRankings?circuitCode=JT&playerTypeCode=B&ageCategoryCode=&juniorRankingType=itf&take=100&skip=1300&isOrderAscending=true,2026-09-29T13:05:10.364Z
2026-09-28,M,1377,800735618,Joseph Cunha,CAN,Canada,2009,49.5,https://www.itftennis.com/tennis/api/PlayerRankApi/GetPlayerRankings?circuitCode=JT&playerTypeCode=B&ageCategoryCode=&juniorRankingType=itf&take=100&skip=1300&isOrderAscending=true,2026-09-29T13:05:10.364Z
2026-09-28,M,1378,800595561,Mauro Mavracic,CRO,Croatia,2008,49.5,https://www.itftennis.com/tennis/api/PlayerRankApi/GetPlayerRankings?circuitCode=JT&playerTypeCode=B&ageCategoryCode=&juniorRankingType=itf&take=100&skip=1300&isOrderAscending=true,2026-09-29T13:05:10.364Z
2026-09-28,M,1379,800624365,Noah Koffi,TOG,Togo,2008,49.5,https://www.itftennis.com/tennis/api/PlayerRankApi/GetPlayerRankings?circuitCode=JT&playerTypeCode=B&ageCategoryCode=&juniorRankingType=itf&take=100&skip=1300&isOrderAscending=true,2026-09-29T13:05:10.364Z
2026-09-28,M,1380,800691044,Afonso Coutinho,POR,Portugal,2010,49.5,https://www.itftennis.com/tennis/api/PlayerRankApi/GetPlayerRankings?circuitCode=JT&playerTypeCode=B&ageCategoryCode=&juniorRankingType=itf&take=100&skip=1300&isOrderAscending=true,2026-09-29T13:05:10.364Z
2026-09-28,M,1381,800649402,Yonatan Barak,ISR,Israel,2009,49.5,https://www.itftennis.com/tennis/api/PlayerRankApi/GetPlayerRankings?circuitCode=JT&playerTypeCode=B&ageCategoryCode=&juniorRankingType=itf&take=100&skip=1300&isOrderAscending=true,2026-09-29T13:05:10.364Z
2026-09-28,M,1382,800647722,Sergey Pankov,RUS,Russia,2010,49.25,https://www.itftennis.com/tennis/api/PlayerRankApi/GetPlayerRankings?circuitCode=JT&playerTypeCode=B&ageCategoryCode=&juniorRankingType=itf&take=100&skip=1300&isOrderAscending=true,2026-09-29T13:05:10.364Z
2026-09-28,M,1383,800709449,Giacomo Coppini,RSA,South Africa,2009,49.25,https://www.itftennis.com/tennis/api/PlayerRankApi/GetPlayerRankings?circuitCode=JT&playerTypeCode=B&ageCategoryCode=&juniorRankingType=itf&take=100&skip=1300&isOrderAscending=true,2026-09-29T13:05:10.364Z
2026-09-28,M,1384,800745428,Tadevos Mirijanyan,USA,USA,2009,49,https://www.itftennis.com/tennis/api/PlayerRankApi/GetPlayerRankings?circuitCode=JT&playerTypeCode=B&ageCategoryCode=&juniorRankingType=itf&take=100&skip=1300&isOrderAscending=true,2026-09-29T13:05:10.364Z
2026-09-28,M,1385,800590604,Arsenii Lesniak,RUS,Russia,2008,49,https://www.itftennis.com/tennis/api/PlayerRankApi/GetPlayerRankings?circuitCode=JT&playerTypeCode=B&ageCategoryCode=&juniorRankingType=itf&take=100&skip=1300&isOrderAscending=true,2026-09-29T13:05:10.364Z
2026-09-28,M,1386,800675715,Mihajlo Ilic,CAN,Canada,2008,48.75,https://www.itftennis.com/tennis/api/PlayerRankApi/GetPlayerRankings?circuitCode=JT&playerTypeCode=B&ageCategoryCode=&juniorRankingType=itf&take=100&skip=1300&isOrderAscending=true,2026-09-29T13:05:10.364Z
2026-09-28,M,1387,800700451,Lucciano Guillermo Campbell Perez,PER,Peru,2009,48.75,https://www.itftennis.com/tennis/api/PlayerRankApi/GetPlayerRankings?circuitCode=JT&playerTypeCode=B&ageCategoryCode=&juniorRankingType=itf&take=100&skip=1300&isOrderAscending=true,2026-09-29T13:05:10.364Z
2026-09-28,M,1388,800710855,Evan Swart,RSA,South Africa,2009,48.5,https://www.itftennis.com/tennis/api/PlayerRankApi/GetPlayerRankings?circuitCode=JT&playerTypeCode=B&ageCategoryCode=&juniorRankingType=itf&take=100&skip=1300&isOrderAscending=true,2026-09-29T13:05:10.364Z
2026-09-28,M,1389,800662743,Mateusz Nowak,POL,Poland,2009,48.5,https://www.itftennis.com/tennis/api/PlayerRankApi/GetPlayerRankings?circuitCode=JT&playerTypeCode=B&ageCategoryCode=&juniorRankingType=itf&take=100&skip=1300&isOrderAscending=true,2026-09-29T13:05:10.364Z
2026-09-28,M,1390,800814441,Haoxuan Xu,CHN,"China, P.R.",2008,48.5,https://www.itftennis.com/tennis/api/PlayerRankApi/GetPlayerRankings?circuitCode=JT&playerTypeCode=B&ageCategoryCode=&juniorRankingType=itf&take=100&skip=1300&isOrderAscending=true,2026-09-29T13:05:10.364Z
2026-09-28,M,1391,800656458,Patrik Semenic,SLO,Slovenia,2009,48.5,https://www.itftennis.com/tennis/api/PlayerRankApi/GetPlayerRankings?circuitCode=JT&playerTypeCode=B&ageCategoryCode=&juniorRankingType=itf&take=100&skip=1300&isOrderAscending=true,2026-09-29T13:05:10.364Z
2026-09-28,M,1392,800592426,Sergio Paulo Bastos Sousa Betanzos,ESP,Spain,2008,48.5,https://www.itftennis.com/tennis/api/PlayerRankApi/GetPlayerRankings?circuitCode=JT&playerTypeCode=B&ageCategoryCode=&juniorRankingType=itf&take=100&skip=1300&isOrderAscending=true,2026-09-29T13:05:10.364Z
2026-09-28,M,1393,800595003,Ilhan Basar Senel,TUR,Turkiye,2008,48.25,https://www.itftennis.com/tennis/api/PlayerRankApi/GetPlayerRankings?circuitCode=JT&playerTypeCode=B&ageCategoryCode=&juniorRankingType=itf&take=100&skip=1300&isOrderAscending=true,2026-09-29T13:05:10.364Z
2026-09-28,M,1394,800792472,Hady Hammoud,PAR,Paraguay,2008,48.25,https://www.itftennis.com/tennis/api/PlayerRankApi/GetPlayerRankings?circuitCode=JT&playerTypeCode=B&ageCategoryCode=&juniorRankingType=itf&take=100&skip=1300&isOrderAscending=true,2026-09-29T13:05:10.364Z
2026-09-28,M,1395,800639427,Oscar Karmteg,SWE,Sweden,2008,48.25,https://www.itftennis.com/tennis/api/PlayerRankApi/GetPlayerRankings?circuitCode=JT&playerTypeCode=B&ageCategoryCode=&juniorRankingType=itf&take=100&skip=1300&isOrderAscending=true,2026-09-29T13:05:10.364Z
2026-09-28,M,1396,800670152,Stefan Djokic,SLO,Slovenia,2010,48.25,https://www.itftennis.com/tennis/api/PlayerRankApi/GetPlayerRankings?circuitCode=JT&playerTypeCode=B&ageCategoryCode=&juniorRankingType=itf&take=100&skip=1300&isOrderAscending=true,2026-09-29T13:05:10.364Z
2026-09-28,M,1397,800785149,Daven Aga,USA,USA,2009,48,https://www.itftennis.com/tennis/api/PlayerRankApi/GetPlayerRankings?circuitCode=JT&playerTypeCode=B&ageCategoryCode=&juniorRankingType=itf&take=100&skip=1300&isOrderAscending=true,2026-09-29T13:05:10.364Z
2026-09-28,M,1398,800681873,Mateo Jerkovic,CRO,Croatia,2009,48,https://www.itftennis.com/tennis/api/PlayerRankApi/GetPlayerRankings?circuitCode=JT&playerTypeCode=B&ageCategoryCode=&juniorRankingType=itf&take=100&skip=1300&isOrderAscending=true,2026-09-29T13:05:10.364Z
2026-09-28,M,1399,800632353,Scott Authen Johnsen,NOR,Norway,2008,47.75,https://www.itftennis.com/tennis/api/PlayerRankApi/GetPlayerRankings?circuitCode=JT&playerTypeCode=B&ageCategoryCode=&juniorRankingType=itf&take=100&skip=1300&isOrderAscending=true,2026-09-29T13:05:10.364Z
2026-09-28,M,1400,800636907,Dawid Kielb,POL,Poland,2008,47.75,https://www.itftennis.com/tennis/api/PlayerRankApi/GetPlayerRankings?circuitCode=JT&playerTypeCode=B&ageCategoryCode=&juniorRankingType=itf&take=100&skip=1300&isOrderAscending=true,2026-09-29T13:05:10.364Z
2026-09-28,M,1401,800601420,Ralfs Upenieks,LAT,Latvia,2009,47.75,https://www.itftennis.com/tennis/api/PlayerRankApi/GetPlayerRankings?circuitCode=JT&playerTypeCode=B&ageCategoryCode=&juniorRankingType=itf&take=100&skip=1400&isOrderAscending=true,2026-09-29T13:05:16.704Z
2026-09-28,M,1402,800653311,Andrei Bokarev,RUS,Russia,2008,47.75,https://www.itftennis.com/tennis/api/PlayerRankApi/GetPlayerRankings?circuitCode=JT&playerTypeCode=B&ageCategoryCode=&juniorRankingType=itf&take=100&skip=1400&isOrderAscending=true,2026-09-29T13:05:16.704Z
2026-09-28,M,1403,800719856,Joseph Sonny Atitsogbei,GHA,Ghana,2009,47.75,https://www.itftennis.com/tennis/api/PlayerRankApi/GetPlayerRankings?circuitCode=JT&playerTypeCode=B&ageCategoryCode=&juniorRankingType=itf&take=100&skip=1400&isOrderAscending=true,2026-09-29T13:05:16.704Z
2026-09-28,M,1404,800671165,Andrey Lee,RUS,Russia,2011,47.75,https://www.itftennis.com/tennis/api/PlayerRankApi/GetPlayerRankings?circuitCode=JT&playerTypeCode=B&ageCategoryCode=&juniorRankingType=itf&take=100&skip=1400&isOrderAscending=true,2026-09-29T13:05:16.704Z
2026-09-28,M,1405,800693955,Manuel Matesic,CRO,Croatia,2010,47.75,https://www.itftennis.com/tennis/api/PlayerRankApi/GetPlayerRankings?circuitCode=JT&playerTypeCode=B&ageCategoryCode=&juniorRankingType=itf&take=100&skip=1400&isOrderAscending=true,2026-09-29T13:05:16.704Z
2026-09-28,M,1406,800785989,Kingsley ZHANG,HKG,"Hong Kong, China",2010,47.75,https://www.itftennis.com/tennis/api/PlayerRankApi/GetPlayerRankings?circuitCode=JT&playerTypeCode=B&ageCategoryCode=&juniorRankingType=itf&take=100&skip=1400&isOrderAscending=true,2026-09-29T13:05:16.704Z
2026-09-28,M,1407,800670977,Thomas Grevoul,FRA,France,2011,47.5,https://www.itftennis.com/tennis/api/PlayerRankApi/GetPlayerRankings?circuitCode=JT&playerTypeCode=B&ageCategoryCode=&juniorRankingType=itf&take=100&skip=1400&isOrderAscending=true,2026-09-29T13:05:16.704Z
2026-09-28,M,1408,800740436,Jerald Carroll,USA,USA,2008,47.25,https://www.itftennis.com/tennis/api/PlayerRankApi/GetPlayerRankings?circuitCode=JT&playerTypeCode=B&ageCategoryCode=&juniorRankingType=itf&take=100&skip=1400&isOrderAscending=true,2026-09-29T13:05:16.704Z
2026-09-28,M,1409,800594283,Ray Chetewy Ungar,ISR,Israel,2009,47.25,https://www.itftennis.com/tennis/api/PlayerRankApi/GetPlayerRankings?circuitCode=JT&playerTypeCode=B&ageCategoryCode=&juniorRankingType=itf&take=100&skip=1400&isOrderAscending=true,2026-09-29T13:05:16.704Z
2026-09-28,M,1410,800649676,Ran berger,ISR,Israel,2009,47.25,https://www.itftennis.com/tennis/api/PlayerRankApi/GetPlayerRankings?circuitCode=JT&playerTypeCode=B&ageCategoryCode=&juniorRankingType=itf&take=100&skip=1400&isOrderAscending=true,2026-09-29T13:05:16.704Z
2026-09-28,M,1411,800706379,Julio Zarate Fernandez,ESP,Spain,2009,47.25,https://www.itftennis.com/tennis/api/PlayerRankApi/GetPlayerRankings?circuitCode=JT&playerTypeCode=B&ageCategoryCode=&juniorRankingType=itf&take=100&skip=1400&isOrderAscending=true,2026-09-29T13:05:16.704Z
2026-09-28,M,1412,800705131,Samuel Pedraza castellanos,COL,Colombia,2010,47.25,https://www.itftennis.com/tennis/api/PlayerRankApi/GetPlayerRankings?circuitCode=JT&playerTypeCode=B&ageCategoryCode=&juniorRankingType=itf&take=100&skip=1400&isOrderAscending=true,2026-09-29T13:05:16.704Z
2026-09-28,M,1413,800832906,Gbolahan Oluwajuwon Olawale,NGR,Nigeria,2010,47.25,https://www.itftennis.com/tennis/api/PlayerRankApi/GetPlayerRankings?circuitCode=JT&playerTypeCode=B&ageCategoryCode=&juniorRankingType=itf&take=100&skip=1400&isOrderAscending=true,2026-09-29T13:05:16.704Z
2026-09-28,M,1414,800706077,Chukka Lakshya Vardhan Chukka,IND,India,2010,47.25,https://www.itftennis.com/tennis/api/PlayerRankApi/GetPlayerRankings?circuitCode=JT&playerTypeCode=B&ageCategoryCode=&juniorRankingType=itf&take=100&skip=1400&isOrderAscending=true,2026-09-29T13:05:16.704Z
2026-09-28,M,1415,800599161,Eric Morna,ROU,Romania,2008,47.25,https://www.itftennis.com/tennis/api/PlayerRankApi/GetPlayerRankings?circuitCode=JT&playerTypeCode=B&ageCategoryCode=&juniorRankingType=itf&take=100&skip=1400&isOrderAscending=true,2026-09-29T13:05:16.704Z
2026-09-28,M,1416,800631660,Sacha Fontanges,FRA,France,2009,47,https://www.itftennis.com/tennis/api/PlayerRankApi/GetPlayerRankings?circuitCode=JT&playerTypeCode=B&ageCategoryCode=&juniorRankingType=itf&take=100&skip=1400&isOrderAscending=true,2026-09-29T13:05:16.704Z
2026-09-28,M,1417,800663583,Paolo Mangiante,ITA,Italy,2009,47,https://www.itftennis.com/tennis/api/PlayerRankApi/GetPlayerRankings?circuitCode=JT&playerTypeCode=B&ageCategoryCode=&juniorRankingType=itf&take=100&skip=1400&isOrderAscending=true,2026-09-29T13:05:16.704Z
2026-09-28,M,1418,800719981,Juan Sebastian Castellanos Mogollon,COL,Colombia,2011,47,https://www.itftennis.com/tennis/api/PlayerRankApi/GetPlayerRankings?circuitCode=JT&playerTypeCode=B&ageCategoryCode=&juniorRankingType=itf&take=100&skip=1400&isOrderAscending=true,2026-09-29T13:05:16.704Z
2026-09-28,M,1419,800690483,Benjamin Sienghen,THA,Thailand,2009,47,https://www.itftennis.com/tennis/api/PlayerRankApi/GetPlayerRankings?circuitCode=JT&playerTypeCode=B&ageCategoryCode=&juniorRankingType=itf&take=100&skip=1400&isOrderAscending=true,2026-09-29T13:05:16.704Z
2026-09-28,M,1420,800694374,Tomas Glos,SVK,Slovakia,2008,46.75,https://www.itftennis.com/tennis/api/PlayerRankApi/GetPlayerRankings?circuitCode=JT&playerTypeCode=B&ageCategoryCode=&juniorRankingType=itf&take=100&skip=1400&isOrderAscending=true,2026-09-29T13:05:16.704Z
2026-09-28,M,1421,800738140,Paul Croisy,FRA,France,2009,46.75,https://www.itftennis.com/tennis/api/PlayerRankApi/GetPlayerRankings?circuitCode=JT&playerTypeCode=B&ageCategoryCode=&juniorRankingType=itf&take=100&skip=1400&isOrderAscending=true,2026-09-29T13:05:16.704Z
2026-09-28,M,1422,800665096,Samuel Gampenrieder,GER,Germany,2010,46.75,https://www.itftennis.com/tennis/api/PlayerRankApi/GetPlayerRankings?circuitCode=JT&playerTypeCode=B&ageCategoryCode=&juniorRankingType=itf&take=100&skip=1400&isOrderAscending=true,2026-09-29T13:05:16.704Z
2026-09-28,M,1423,800668460,Gabrijel Trakilovic,GER,Germany,2009,46.75,https://www.itftennis.com/tennis/api/PlayerRankApi/GetPlayerRankings?circuitCode=JT&playerTypeCode=B&ageCategoryCode=&juniorRankingType=itf&take=100&skip=1400&isOrderAscending=true,2026-09-29T13:05:16.704Z
2026-09-28,M,1424,800670427,Tudor Alexandru Zecheru,ROU,Romania,2009,46.75,https://www.itftennis.com/tennis/api/PlayerRankApi/GetPlayerRankings?circuitCode=JT&playerTypeCode=B&ageCategoryCode=&juniorRankingType=itf&take=100&skip=1400&isOrderAscending=true,2026-09-29T13:05:16.704Z
2026-09-28,M,1425,800657285,Stefan Shangichev,ESP,Spain,2011,46.75,https://www.itftennis.com/tennis/api/PlayerRankApi/GetPlayerRankings?circuitCode=JT&playerTypeCode=B&ageCategoryCode=&juniorRankingType=itf&take=100&skip=1400&isOrderAscending=true,2026-09-29T13:05:16.704Z
2026-09-28,M,1426,800757091,Jonathan Roth,AUT,Austria,2010,46.75,https://www.itftennis.com/tennis/api/PlayerRankApi/GetPlayerRankings?circuitCode=JT&playerTypeCode=B&ageCategoryCode=&juniorRankingType=itf&take=100&skip=1400&isOrderAscending=true,2026-09-29T13:05:16.704Z
2026-09-28,M,1427,800654035,Artsiom Askirka,BLR,Belarus,2010,46.5,https://www.itftennis.com/tennis/api/PlayerRankApi/GetPlayerRankings?circuitCode=JT&playerTypeCode=B&ageCategoryCode=&juniorRankingType=itf&take=100&skip=1400&isOrderAscending=true,2026-09-29T13:05:16.704Z
2026-09-28,M,1428,800763122,Josh Gilbert,NZL,New Zealand,2009,46.5,https://www.itftennis.com/tennis/api/PlayerRankApi/GetPlayerRankings?circuitCode=JT&playerTypeCode=B&ageCategoryCode=&juniorRankingType=itf&take=100&skip=1400&isOrderAscending=true,2026-09-29T13:05:16.704Z
2026-09-28,M,1429,800700417,Thiago Henrique Soares Santana,BRA,Brazil,2010,46.5,https://www.itftennis.com/tennis/api/PlayerRankApi/GetPlayerRankings?circuitCode=JT&playerTypeCode=B&ageCategoryCode=&juniorRankingType=itf&take=100&skip=1400&isOrderAscending=true,2026-09-29T13:05:16.704Z
2026-09-28,M,1430,800675043,Mats Fischer,GER,Germany,2010,46.25,https://www.itftennis.com/tennis/api/PlayerRankApi/GetPlayerRankings?circuitCode=JT&playerTypeCode=B&ageCategoryCode=&juniorRankingType=itf&take=100&skip=1400&isOrderAscending=true,2026-09-29T13:05:16.704Z
2026-09-28,M,1431,800670331,ERIC MATTHEW GUNAWAN,INA,Indonesia,2008,46.25,https://www.itftennis.com/tennis/api/PlayerRankApi/GetPlayerRankings?circuitCode=JT&playerTypeCode=B&ageCategoryCode=&juniorRankingType=itf&take=100&skip=1400&isOrderAscending=true,2026-09-29T13:05:16.704Z
2026-09-28,M,1432,800717282,Joao Deus,POR,Portugal,2011,46.25,https://www.itftennis.com/tennis/api/PlayerRankApi/GetPlayerRankings?circuitCode=JT&playerTypeCode=B&ageCategoryCode=&juniorRankingType=itf&take=100&skip=1400&isOrderAscending=true,2026-09-29T13:05:16.704Z
2026-09-28,M,1433,800701180,Rami Saouli,LBN,Lebanon,2009,46.25,https://www.itftennis.com/tennis/api/PlayerRankApi/GetPlayerRankings?circuitCode=JT&playerTypeCode=B&ageCategoryCode=&juniorRankingType=itf&take=100&skip=1400&isOrderAscending=true,2026-09-29T13:05:16.704Z
2026-09-28,M,1434,800780698,Giovanni Boi,ITA,Italy,2008,46,https://www.itftennis.com/tennis/api/PlayerRankApi/GetPlayerRankings?circuitCode=JT&playerTypeCode=B&ageCategoryCode=&juniorRankingType=itf&take=100&skip=1400&isOrderAscending=true,2026-09-29T13:05:16.704Z
2026-09-28,M,1435,800736826,Jiayou Luo,CHN,"China, P.R.",2008,46,https://www.itftennis.com/tennis/api/PlayerRankApi/GetPlayerRankings?circuitCode=JT&playerTypeCode=B&ageCategoryCode=&juniorRankingType=itf&take=100&skip=1400&isOrderAscending=true,2026-09-29T13:05:16.704Z
2026-09-28,M,1436,800802946,Xiande He,CHN,"China, P.R.",2011,46,https://www.itftennis.com/tennis/api/PlayerRankApi/GetPlayerRankings?circuitCode=JT&playerTypeCode=B&ageCategoryCode=&juniorRankingType=itf&take=100&skip=1400&isOrderAscending=true,2026-09-29T13:05:16.704Z
2026-09-28,M,1437,800649835,MATTEO SANTORO,ITA,Italy,2008,45.75,https://www.itftennis.com/tennis/api/PlayerRankApi/GetPlayerRankings?circuitCode=JT&playerTypeCode=B&ageCategoryCode=&juniorRankingType=itf&take=100&skip=1400&isOrderAscending=true,2026-09-29T13:05:16.704Z
2026-09-28,M,1438,800725255,KAISEI UKAWA,JPN,Japan,2011,45.75,https://www.itftennis.com/tennis/api/PlayerRankApi/GetPlayerRankings?circuitCode=JT&playerTypeCode=B&ageCategoryCode=&juniorRankingType=itf&take=100&skip=1400&isOrderAscending=true,2026-09-29T13:05:16.704Z
2026-09-28,M,1439,800629746,William Kaltenecker,SWE,Sweden,2008,45.75,https://www.itftennis.com/tennis/api/PlayerRankApi/GetPlayerRankings?circuitCode=JT&playerTypeCode=B&ageCategoryCode=&juniorRankingType=itf&take=100&skip=1400&isOrderAscending=true,2026-09-29T13:05:16.704Z
2026-09-28,M,1440,800664194,Elijah Shinkarenko,USA,USA,2009,45.75,https://www.itftennis.com/tennis/api/PlayerRankApi/GetPlayerRankings?circuitCode=JT&playerTypeCode=B&ageCategoryCode=&juniorRankingType=itf&take=100&skip=1400&isOrderAscending=true,2026-09-29T13:05:16.704Z
2026-09-28,M,1441,800667938,Omar Santiago Vargas Medrano,BOL,Bolivia,2010,45.75,https://www.itftennis.com/tennis/api/PlayerRankApi/GetPlayerRankings?circuitCode=JT&playerTypeCode=B&ageCategoryCode=&juniorRankingType=itf&take=100&skip=1400&isOrderAscending=true,2026-09-29T13:05:16.704Z
2026-09-28,M,1442,800650626,SWAN RIVES,FRA,France,2010,45.75,https://www.itftennis.com/tennis/api/PlayerRankApi/GetPlayerRankings?circuitCode=JT&playerTypeCode=B&ageCategoryCode=&juniorRankingType=itf&take=100&skip=1400&isOrderAscending=true,2026-09-29T13:05:16.704Z
2026-09-28,M,1443,800706592,Jakub Franc,CZE,Czechia,2009,45.75,https://www.itftennis.com/tennis/api/PlayerRankApi/GetPlayerRankings?circuitCode=JT&playerTypeCode=B&ageCategoryCode=&juniorRankingType=itf&take=100&skip=1400&isOrderAscending=true,2026-09-29T13:05:16.704Z
2026-09-28,M,1444,800691231,MICHAL RAKOUS,CZE,Czechia,2010,45.75,https://www.itftennis.com/tennis/api/PlayerRankApi/GetPlayerRankings?circuitCode=JT&playerTypeCode=B&ageCategoryCode=&juniorRankingType=itf&take=100&skip=1400&isOrderAscending=true,2026-09-29T13:05:16.704Z
2026-09-28,M,1445,800683898,Pradnyesh Shelke,IND,India,2010,45.5,https://www.itftennis.com/tennis/api/PlayerRankApi/GetPlayerRankings?circuitCode=JT&playerTypeCode=B&ageCategoryCode=&juniorRankingType=itf&take=100&skip=1400&isOrderAscending=true,2026-09-29T13:05:16.704Z
2026-09-28,M,1446,800786381,Joshua Dolinsky,USA,USA,2010,45.5,https://www.itftennis.com/tennis/api/PlayerRankApi/GetPlayerRankings?circuitCode=JT&playerTypeCode=B&ageCategoryCode=&juniorRankingType=itf&take=100&skip=1400&isOrderAscending=true,2026-09-29T13:05:16.704Z
2026-09-28,M,1447,800654248,Sergio Castro Loedel,ECU,Ecuador,2009,45.5,https://www.itftennis.com/tennis/api/PlayerRankApi/GetPlayerRankings?circuitCode=JT&playerTypeCode=B&ageCategoryCode=&juniorRankingType=itf&take=100&skip=1400&isOrderAscending=true,2026-09-29T13:05:16.704Z
2026-09-28,M,1448,800643717,Rocco Richardson,GBR,Great Britain,2009,45.5,https://www.itftennis.com/tennis/api/PlayerRankApi/GetPlayerRankings?circuitCode=JT&playerTypeCode=B&ageCategoryCode=&juniorRankingType=itf&take=100&skip=1400&isOrderAscending=true,2026-09-29T13:05:16.704Z
2026-09-28,M,1449,800650283,Tudor Amititeloaie,ROU,Romania,2009,45.5,https://www.itftennis.com/tennis/api/PlayerRankApi/GetPlayerRankings?circuitCode=JT&playerTypeCode=B&ageCategoryCode=&juniorRankingType=itf&take=100&skip=1400&isOrderAscending=true,2026-09-29T13:05:16.704Z
2026-09-28,M,1450,800648111,Bobbi Platenburg,NED,Netherlands,2009,45.5,https://www.itftennis.com/tennis/api/PlayerRankApi/GetPlayerRankings?circuitCode=JT&playerTypeCode=B&ageCategoryCode=&juniorRankingType=itf&take=100&skip=1400&isOrderAscending=true,2026-09-29T13:05:16.704Z
2026-09-28,M,1451,800656657,Ayan Shetty,IND,India,2009,45.25,https://www.itftennis.com/tennis/api/PlayerRankApi/GetPlayerRankings?circuitCode=JT&playerTypeCode=B&ageCategoryCode=&juniorRankingType=itf&take=100&skip=1400&isOrderAscending=true,2026-09-29T13:05:16.704Z
2026-09-28,M,1452,800661567,Tianhao WU,CHN,"China, P.R.",2008,45.25,https://www.itftennis.com/tennis/api/PlayerRankApi/GetPlayerRankings?circuitCode=JT&playerTypeCode=B&ageCategoryCode=&juniorRankingType=itf&take=100&skip=1400&isOrderAscending=true,2026-09-29T13:05:16.704Z
2026-09-28,M,1453,800727304,Ross Johnson,USA,USA,2009,45.25,https://www.itftennis.com/tennis/api/PlayerRankApi/GetPlayerRankings?circuitCode=JT&playerTypeCode=B&ageCategoryCode=&juniorRankingType=itf&take=100&skip=1400&isOrderAscending=true,2026-09-29T13:05:16.704Z
2026-09-28,M,1454,800848933,Shu Ota,JPN,Japan,2008,45,https://www.itftennis.com/tennis/api/PlayerRankApi/GetPlayerRankings?circuitCode=JT&playerTypeCode=B&ageCategoryCode=&juniorRankingType=itf&take=100&skip=1400&isOrderAscending=true,2026-09-29T13:05:16.704Z
2026-09-28,M,1454,800562884,Jakub Smejcky,CZE,Czechia,2008,45,https://www.itftennis.com/tennis/api/PlayerRankApi/GetPlayerRankings?circuitCode=JT&playerTypeCode=B&ageCategoryCode=&juniorRankingType=itf&take=100&skip=1400&isOrderAscending=true,2026-09-29T13:05:16.704Z
2026-09-28,M,1456,800667728,Denzell Darkey,GBR,Great Britain,2010,45,https://www.itftennis.com/tennis/api/PlayerRankApi/GetPlayerRankings?circuitCode=JT&playerTypeCode=B&ageCategoryCode=&juniorRankingType=itf&take=100&skip=1400&isOrderAscending=true,2026-09-29T13:05:16.704Z
2026-09-28,M,1457,800639841,GHALI KOMAT,MAR,Morocco,2009,45,https://www.itftennis.com/tennis/api/PlayerRankApi/GetPlayerRankings?circuitCode=JT&playerTypeCode=B&ageCategoryCode=&juniorRankingType=itf&take=100&skip=1400&isOrderAscending=true,2026-09-29T13:05:16.704Z
2026-09-28,M,1458,800765322,Shaan A Majeed,USA,USA,2009,45,https://www.itftennis.com/tennis/api/PlayerRankApi/GetPlayerRankings?circuitCode=JT&playerTypeCode=B&ageCategoryCode=&juniorRankingType=itf&take=100&skip=1400&isOrderAscending=true,2026-09-29T13:05:16.704Z
2026-09-28,M,1459,800774579,Lukas Svarc,SVK,Slovakia,2010,44.75,https://www.itftennis.com/tennis/api/PlayerRankApi/GetPlayerRankings?circuitCode=JT&playerTypeCode=B&ageCategoryCode=&juniorRankingType=itf&take=100&skip=1400&isOrderAscending=true,2026-09-29T13:05:16.704Z
2026-09-28,M,1460,800575078,Shotaro Yamamoto,JPN,Japan,2008,44.75,https://www.itftennis.com/tennis/api/PlayerRankApi/GetPlayerRankings?circuitCode=JT&playerTypeCode=B&ageCategoryCode=&juniorRankingType=itf&take=100&skip=1400&isOrderAscending=true,2026-09-29T13:05:16.704Z
2026-09-28,M,1461,800709633,Finn Klemen,GER,Germany,2010,44.75,https://www.itftennis.com/tennis/api/PlayerRankApi/GetPlayerRankings?circuitCode=JT&playerTypeCode=B&ageCategoryCode=&juniorRankingType=itf&take=100&skip=1400&isOrderAscending=true,2026-09-29T13:05:16.704Z
2026-09-28,M,1462,800660216,KONSTANTINOS BERNITSAS,GRE,Greece,2009,44.75,https://www.itftennis.com/tennis/api/PlayerRankApi/GetPlayerRankings?circuitCode=JT&playerTypeCode=B&ageCategoryCode=&juniorRankingType=itf&take=100&skip=1400&isOrderAscending=true,2026-09-29T13:05:16.704Z
2026-09-28,M,1463,800675200,Mihailo Trivunac,ITA,Italy,2008,44.5,https://www.itftennis.com/tennis/api/PlayerRankApi/GetPlayerRankings?circuitCode=JT&playerTypeCode=B&ageCategoryCode=&juniorRankingType=itf&take=100&skip=1400&isOrderAscending=true,2026-09-29T13:05:16.704Z
2026-09-28,M,1464,800739148,Zhiming Fang,CHN,"China, P.R.",2009,44.5,https://www.itftennis.com/tennis/api/PlayerRankApi/GetPlayerRankings?circuitCode=JT&playerTypeCode=B&ageCategoryCode=&juniorRankingType=itf&take=100&skip=1400&isOrderAscending=true,2026-09-29T13:05:16.704Z
2026-09-28,M,1465,800728320,George Diable,AUS,Australia,2009,44.5,https://www.itftennis.com/tennis/api/PlayerRankApi/GetPlayerRankings?circuitCode=JT&playerTypeCode=B&ageCategoryCode=&juniorRankingType=itf&take=100&skip=1400&isOrderAscending=true,2026-09-29T13:05:16.704Z
2026-09-28,M,1466,800710508,Ethan Jake Frans,INA,Indonesia,2012,44.5,https://www.itftennis.com/tennis/api/PlayerRankApi/GetPlayerRankings?circuitCode=JT&playerTypeCode=B&ageCategoryCode=&juniorRankingType=itf&take=100&skip=1400&isOrderAscending=true,2026-09-29T13:05:16.704Z
2026-09-28,M,1467,800667783,Ilian Mechbal,GER,Germany,2009,44.25,https://www.itftennis.com/tennis/api/PlayerRankApi/GetPlayerRankings?circuitCode=JT&playerTypeCode=B&ageCategoryCode=&juniorRankingType=itf&take=100&skip=1400&isOrderAscending=true,2026-09-29T13:05:16.704Z
2026-09-28,M,1468,800686426,Joao Mendes,BRA,Brazil,2009,44.25,https://www.itftennis.com/tennis/api/PlayerRankApi/GetPlayerRankings?circuitCode=JT&playerTypeCode=B&ageCategoryCode=&juniorRankingType=itf&take=100&skip=1400&isOrderAscending=true,2026-09-29T13:05:16.704Z
2026-09-28,M,1469,800668625,ANGELO DE CESARIS,ITA,Italy,2008,44.25,https://www.itftennis.com/tennis/api/PlayerRankApi/GetPlayerRankings?circuitCode=JT&playerTypeCode=B&ageCategoryCode=&juniorRankingType=itf&take=100&skip=1400&isOrderAscending=true,2026-09-29T13:05:16.704Z
2026-09-28,M,1470,800709101,Libi Levy,ISR,Israel,2011,44,https://www.itftennis.com/tennis/api/PlayerRankApi/GetPlayerRankings?circuitCode=JT&playerTypeCode=B&ageCategoryCode=&juniorRankingType=itf&take=100&skip=1400&isOrderAscending=true,2026-09-29T13:05:16.704Z
2026-09-28,M,1471,800773469,Chi Shun Aiden Chan,HKG,"Hong Kong, China",2010,44,https://www.itftennis.com/tennis/api/PlayerRankApi/GetPlayerRankings?circuitCode=JT&playerTypeCode=B&ageCategoryCode=&juniorRankingType=itf&take=100&skip=1400&isOrderAscending=true,2026-09-29T13:05:16.704Z
2026-09-28,M,1472,800719188,Mauro Mancinelli,ARG,Argentina,2009,44,https://www.itftennis.com/tennis/api/PlayerRankApi/GetPlayerRankings?circuitCode=JT&playerTypeCode=B&ageCategoryCode=&juniorRankingType=itf&take=100&skip=1400&isOrderAscending=true,2026-09-29T13:05:16.704Z
2026-09-28,M,1473,800663981,Erich Andrei Pop,ROU,Romania,2009,44,https://www.itftennis.com/tennis/api/PlayerRankApi/GetPlayerRankings?circuitCode=JT&playerTypeCode=B&ageCategoryCode=&juniorRankingType=itf&take=100&skip=1400&isOrderAscending=true,2026-09-29T13:05:16.704Z
2026-09-28,M,1474,800769293,Christian Gorgin,SWE,Sweden,2010,44,https://www.itftennis.com/tennis/api/PlayerRankApi/GetPlayerRankings?circuitCode=JT&playerTypeCode=B&ageCategoryCode=&juniorRankingType=itf&take=100&skip=1400&isOrderAscending=true,2026-09-29T13:05:16.704Z
2026-09-28,M,1475,800755901,Tom Fricke,GER,Germany,2010,44,https://www.itftennis.com/tennis/api/PlayerRankApi/GetPlayerRankings?circuitCode=JT&playerTypeCode=B&ageCategoryCode=&juniorRankingType=itf&take=100&skip=1400&isOrderAscending=true,2026-09-29T13:05:16.704Z
2026-09-28,M,1476,800661259,Kerem Genc,TUR,Turkiye,2010,44,https://www.itftennis.com/tennis/api/PlayerRankApi/GetPlayerRankings?circuitCode=JT&playerTypeCode=B&ageCategoryCode=&juniorRankingType=itf&take=100&skip=1400&isOrderAscending=true,2026-09-29T13:05:16.704Z
2026-09-28,M,1477,800660828,Misha Botelho,POR,Portugal,2010,44,https://www.itftennis.com/tennis/api/PlayerRankApi/GetPlayerRankings?circuitCode=JT&playerTypeCode=B&ageCategoryCode=&juniorRankingType=itf&take=100&skip=1400&isOrderAscending=true,2026-09-29T13:05:16.704Z
2026-09-28,M,1478,800745796,Francisco Correa Iguiniz,ARG,Argentina,2010,44,https://www.itftennis.com/tennis/api/PlayerRankApi/GetPlayerRankings?circuitCode=JT&playerTypeCode=B&ageCategoryCode=&juniorRankingType=itf&take=100&skip=1400&isOrderAscending=true,2026-09-29T13:05:16.704Z
2026-09-28,M,1479,800733155,Luka Radosavljevic,CAN,Canada,2010,43.75,https://www.itftennis.com/tennis/api/PlayerRankApi/GetPlayerRankings?circuitCode=JT&playerTypeCode=B&ageCategoryCode=&juniorRankingType=itf&take=100&skip=1400&isOrderAscending=true,2026-09-29T13:05:16.704Z
2026-09-28,M,1480,800697546,TRISTAN DUCROS,FRA,France,2012,43.75,https://www.itftennis.com/tennis/api/PlayerRankApi/GetPlayerRankings?circuitCode=JT&playerTypeCode=B&ageCategoryCode=&juniorRankingType=itf&take=100&skip=1400&isOrderAscending=true,2026-09-29T13:05:16.704Z
2026-09-28,M,1481,800716765,ALIAKSANDR VIARSOTSKI,BLR,Belarus,2011,43.75,https://www.itftennis.com/tennis/api/PlayerRankApi/GetPlayerRankings?circuitCode=JT&playerTypeCode=B&ageCategoryCode=&juniorRankingType=itf&take=100&skip=1400&isOrderAscending=true,2026-09-29T13:05:16.704Z
2026-09-28,M,1482,800667956,Harang Seol,KOR,"Korea, Rep.",2008,43.5,https://www.itftennis.com/tennis/api/PlayerRankApi/GetPlayerRankings?circuitCode=JT&playerTypeCode=B&ageCategoryCode=&juniorRankingType=itf&take=100&skip=1400&isOrderAscending=true,2026-09-29T13:05:16.704Z
2026-09-28,M,1483,800664233,Vojta Jaros,CZE,Czechia,2011,43.5,https://www.itftennis.com/tennis/api/PlayerRankApi/GetPlayerRankings?circuitCode=JT&playerTypeCode=B&ageCategoryCode=&juniorRankingType=itf&take=100&skip=1400&isOrderAscending=true,2026-09-29T13:05:16.704Z
2026-09-28,M,1484,800708580,PAVLO HRYTSKIV,UKR,Ukraine,2010,43.5,https://www.itftennis.com/tennis/api/PlayerRankApi/GetPlayerRankings?circuitCode=JT&playerTypeCode=B&ageCategoryCode=&juniorRankingType=itf&take=100&skip=1400&isOrderAscending=true,2026-09-29T13:05:16.704Z
2026-09-28,M,1485,800724453,Raul Sanchez Romero,ESP,Spain,2008,43.5,https://www.itftennis.com/tennis/api/PlayerRankApi/GetPlayerRankings?circuitCode=JT&playerTypeCode=B&ageCategoryCode=&juniorRankingType=itf&take=100&skip=1400&isOrderAscending=true,2026-09-29T13:05:16.704Z
2026-09-28,M,1486,800757100,Renato Kurmanaev,ESP,Spain,2008,43.25,https://www.itftennis.com/tennis/api/PlayerRankApi/GetPlayerRankings?circuitCode=JT&playerTypeCode=B&ageCategoryCode=&juniorRankingType=itf&take=100&skip=1400&isOrderAscending=true,2026-09-29T13:05:16.704Z
2026-09-28,M,1487,800733134,Brice Vincent Baisa,USA,USA,2009,43.25,https://www.itftennis.com/tennis/api/PlayerRankApi/GetPlayerRankings?circuitCode=JT&playerTypeCode=B&ageCategoryCode=&juniorRankingType=itf&take=100&skip=1400&isOrderAscending=true,2026-09-29T13:05:16.704Z
2026-09-28,M,1488,800707123,Kousuke Ko,TPE,Chinese Taipei,2010,43.25,https://www.itftennis.com/tennis/api/PlayerRankApi/GetPlayerRankings?circuitCode=JT&playerTypeCode=B&ageCategoryCode=&juniorRankingType=itf&take=100&skip=1400&isOrderAscending=true,2026-09-29T13:05:16.704Z
2026-09-28,M,1489,800696845,Vittorio Gillerio,ITA,Italy,2008,43.25,https://www.itftennis.com/tennis/api/PlayerRankApi/GetPlayerRankings?circuitCode=JT&playerTypeCode=B&ageCategoryCode=&juniorRankingType=itf&take=100&skip=1400&isOrderAscending=true,2026-09-29T13:05:16.704Z
2026-09-28,M,1490,800761983,Hong Xuan Chen,TPE,Chinese Taipei,2009,43.25,https://www.itftennis.com/tennis/api/PlayerRankApi/GetPlayerRankings?circuitCode=JT&playerTypeCode=B&ageCategoryCode=&juniorRankingType=itf&take=100&skip=1400&isOrderAscending=true,2026-09-29T13:05:16.704Z
2026-09-28,M,1491,800667227,Rafael Gheorghe Marin,ROU,Romania,2009,43,https://www.itftennis.com/tennis/api/PlayerRankApi/GetPlayerRankings?circuitCode=JT&playerTypeCode=B&ageCategoryCode=&juniorRankingType=itf&take=100&skip=1400&isOrderAscending=true,2026-09-29T13:05:16.704Z
2026-09-28,M,1492,800631060,Fedor Dorokhov,RUS,Russia,2008,42.75,https://www.itftennis.com/tennis/api/PlayerRankApi/GetPlayerRankings?circuitCode=JT&playerTypeCode=B&ageCategoryCode=&juniorRankingType=itf&take=100&skip=1400&isOrderAscending=true,2026-09-29T13:05:16.704Z
2026-09-28,M,1493,800712817,Neil ZOUAOUI,MAR,Morocco,2008,42.75,https://www.itftennis.com/tennis/api/PlayerRankApi/GetPlayerRankings?circuitCode=JT&playerTypeCode=B&ageCategoryCode=&juniorRankingType=itf&take=100&skip=1400&isOrderAscending=true,2026-09-29T13:05:16.704Z
2026-09-28,M,1494,800670528,M Mouressi Muqorib,INA,Indonesia,2008,42.75,https://www.itftennis.com/tennis/api/PlayerRankApi/GetPlayerRankings?circuitCode=JT&playerTypeCode=B&ageCategoryCode=&juniorRankingType=itf&take=100&skip=1400&isOrderAscending=true,2026-09-29T13:05:16.704Z
2026-09-28,M,1495,800808253,Thomas Nailer,GBR,Great Britain,2008,42.75,https://www.itftennis.com/tennis/api/PlayerRankApi/GetPlayerRankings?circuitCode=JT&playerTypeCode=B&ageCategoryCode=&juniorRankingType=itf&take=100&skip=1400&isOrderAscending=true,2026-09-29T13:05:16.704Z
2026-09-28,M,1496,800639267,Cedric Belien,NED,Netherlands,2009,42.75,https://www.itftennis.com/tennis/api/PlayerRankApi/GetPlayerRankings?circuitCode=JT&playerTypeCode=B&ageCategoryCode=&juniorRankingType=itf&take=100&skip=1400&isOrderAscending=true,2026-09-29T13:05:16.704Z
2026-09-28,M,1497,800694445,Richard Hiemann,GER,Germany,2010,42.75,https://www.itftennis.com/tennis/api/PlayerRankApi/GetPlayerRankings?circuitCode=JT&playerTypeCode=B&ageCategoryCode=&juniorRankingType=itf&take=100&skip=1400&isOrderAscending=true,2026-09-29T13:05:16.704Z
2026-09-28,M,1498,800740484,Noah Parker,RSA,South Africa,2008,42.5,https://www.itftennis.com/tennis/api/PlayerRankApi/GetPlayerRankings?circuitCode=JT&playerTypeCode=B&ageCategoryCode=&juniorRankingType=itf&take=100&skip=1400&isOrderAscending=true,2026-09-29T13:05:16.704Z
2026-09-28,M,1499,800668480,Shlok Chauhan,IND,India,2009,42.5,https://www.itftennis.com/tennis/api/PlayerRankApi/GetPlayerRankings?circuitCode=JT&playerTypeCode=B&ageCategoryCode=&juniorRankingType=itf&take=100&skip=1400&isOrderAscending=true,2026-09-29T13:05:16.704Z
2026-09-28,M,1500,800598942,Dario Puljic,GBR,Great Britain,2009,42.25,https://www.itftennis.com/tennis/api/PlayerRankApi/GetPlayerRankings?circuitCode=JT&playerTypeCode=B&ageCategoryCode=&juniorRankingType=itf&take=100&skip=1400&isOrderAscending=true,2026-09-29T13:05:16.704Z
2026-09-28,F,1,800677732,Xinran Sun,CHN,"China, P.R.",2010,3992.25,https://www.itftennis.com/tennis/api/PlayerRankApi/GetPlayerRankings?circuitCode=JT&playerTypeCode=G&ageCategoryCode=&juniorRankingType=itf&take=100&skip=0&isOrderAscending=true,2026-09-29T13:05:18.069Z
2026-09-28,F,2,800661515,Jana Kovackova,CZE,Czechia,2010,2780.5,https://www.itftennis.com/tennis/api/PlayerRankApi/GetPlayerRankings?circuitCode=JT&playerTypeCode=G&ageCategoryCode=&juniorRankingType=itf&take=100&skip=0&isOrderAscending=true,2026-09-29T13:05:18.069Z
2026-09-28,F,3,800636696,Anna Pushkareva,RUS,Russia,2009,2485.5,https://www.itftennis.com/tennis/api/PlayerRankApi/GetPlayerRankings?circuitCode=JT&playerTypeCode=G&ageCategoryCode=&juniorRankingType=itf&take=100&skip=0&isOrderAscending=true,2026-09-29T13:05:18.069Z
2026-09-28,F,4,800655335,Victoria Luiza Barros,BRA,Brazil,2009,2445.75,https://www.itftennis.com/tennis/api/PlayerRankApi/GetPlayerRankings?circuitCode=JT&playerTypeCode=G&ageCategoryCode=&juniorRankingType=itf&take=100&skip=0&isOrderAscending=true,2026-09-29T13:05:18.069Z
2026-09-28,F,5,800758791,Janae Preston,USA,USA,2010,2126.5,https://www.itftennis.com/tennis/api/PlayerRankApi/GetPlayerRankings?circuitCode=JT&playerTypeCode=G&ageCategoryCode=&juniorRankingType=itf&take=100&skip=0&isOrderAscending=true,2026-09-29T13:05:18.069Z
2026-09-28,F,6,800695060,Nauhany Vitoria Leme Da Silva,BRA,Brazil,2010,2106.75,https://www.itftennis.com/tennis/api/PlayerRankApi/GetPlayerRankings?circuitCode=JT&playerTypeCode=G&ageCategoryCode=&juniorRankingType=itf&take=100&skip=0&isOrderAscending=true,2026-09-29T13:05:18.069Z
2026-09-28,F,7,800644962,Mariia Makarova,RUS,Russia,2010,1956,https://www.itftennis.com/tennis/api/PlayerRankApi/GetPlayerRankings?circuitCode=JT&playerTypeCode=G&ageCategoryCode=&juniorRankingType=itf&take=100&skip=0&isOrderAscending=true,2026-09-29T13:05:18.069Z
2026-09-28,F,8,800598140,Anastasija Cvetkovic,SRB,Serbia,2008,1880.25,https://www.itftennis.com/tennis/api/PlayerRankApi/GetPlayerRankings?circuitCode=JT&playerTypeCode=G&ageCategoryCode=&juniorRankingType=itf&take=100&skip=0&isOrderAscending=true,2026-09-29T13:05:18.069Z
2026-09-28,F,9,800667265,Polina Skliar,UKR,Ukraine,2010,1854.25,https://www.itftennis.com/tennis/api/PlayerRankApi/GetPlayerRankings?circuitCode=JT&playerTypeCode=G&ageCategoryCode=&juniorRankingType=itf&take=100&skip=0&isOrderAscending=true,2026-09-29T13:05:18.069Z
2026-09-28,F,10,800591535,Ksenia Efremova,FRA,France,2009,1853.75,https://www.itftennis.com/tennis/api/PlayerRankApi/GetPlayerRankings?circuitCode=JT&playerTypeCode=G&ageCategoryCode=&juniorRankingType=itf&take=100&skip=0&isOrderAscending=true,2026-09-29T13:05:18.069Z
2026-09-28,F,11,800646432,Jordyn Hazelitt,USA,USA,2010,1840,https://www.itftennis.com/tennis/api/PlayerRankApi/GetPlayerRankings?circuitCode=JT&playerTypeCode=G&ageCategoryCode=&juniorRankingType=itf&take=100&skip=0&isOrderAscending=true,2026-09-29T13:05:18.069Z
2026-09-28,F,12,800601474,Mariella Thamm,GER,Germany,2009,1768.75,https://www.itftennis.com/tennis/api/PlayerRankApi/GetPlayerRankings?circuitCode=JT&playerTypeCode=G&ageCategoryCode=&juniorRankingType=itf&take=100&skip=0&isOrderAscending=true,2026-09-29T13:05:18.069Z
2026-09-28,F,13,800721825,Felitsata Dorofeeva-Rybas,RUS,Russia,2009,1699.75,https://www.itftennis.com/tennis/api/PlayerRankApi/GetPlayerRankings?circuitCode=JT&playerTypeCode=G&ageCategoryCode=&juniorRankingType=itf&take=100&skip=0&isOrderAscending=true,2026-09-29T13:05:18.069Z
2026-09-28,F,14,800656554,Paola Pinera Celorio,ESP,Spain,2010,1649.75,https://www.itftennis.com/tennis/api/PlayerRankApi/GetPlayerRankings?circuitCode=JT&playerTypeCode=G&ageCategoryCode=&juniorRankingType=itf&take=100&skip=0&isOrderAscending=true,2026-09-29T13:05:18.069Z
2026-09-28,F,15,800659876,Sol Ailin Larraya Guidi,ARG,Argentina,2008,1640.25,https://www.itftennis.com/tennis/api/PlayerRankApi/GetPlayerRankings?circuitCode=JT&playerTypeCode=G&ageCategoryCode=&juniorRankingType=itf&take=100&skip=0&isOrderAscending=true,2026-09-29T13:05:18.069Z
2026-09-28,F,16,800632131,Maaya Rajeshwaran Revathi,IND,India,2009,1638.5,https://www.itftennis.com/tennis/api/PlayerRankApi/GetPlayerRankings?circuitCode=JT&playerTypeCode=G&ageCategoryCode=&juniorRankingType=itf&take=100&skip=0&isOrderAscending=true,2026-09-29T13:05:18.069Z
2026-09-28,F,17,800572951,Alena Kovackova,CZE,Czechia,2008,1609.25,https://www.itftennis.com/tennis/api/PlayerRankApi/GetPlayerRankings?circuitCode=JT&playerTypeCode=G&ageCategoryCode=&juniorRankingType=itf&take=100&skip=0&isOrderAscending=true,2026-09-29T13:05:18.069Z
2026-09-28,F,18,800719735,Chukwumelije Clarke,USA,USA,2009,1424.25,https://www.itftennis.com/tennis/api/PlayerRankApi/GetPlayerRankings?circuitCode=JT&playerTypeCode=G&ageCategoryCode=&juniorRankingType=itf&take=100&skip=0&isOrderAscending=true,2026-09-29T13:05:18.069Z
2026-09-28,F,19,800726989,Yihan Qu,CHN,"China, P.R.",2009,1382.5,https://www.itftennis.com/tennis/api/PlayerRankApi/GetPlayerRankings?circuitCode=JT&playerTypeCode=G&ageCategoryCode=&juniorRankingType=itf&take=100&skip=0&isOrderAscending=true,2026-09-29T13:05:18.069Z
2026-09-28,F,20,800665507,Daniella Britton,GBR,Great Britain,2010,1375.5,https://www.itftennis.com/tennis/api/PlayerRankApi/GetPlayerRankings?circuitCode=JT&playerTypeCode=G&ageCategoryCode=&juniorRankingType=itf&take=100&skip=0&isOrderAscending=true,2026-09-29T13:05:18.069Z
2026-09-28,F,21,800677532,Ekaterina Dotsenko,RUS,Russia,2011,1370.5,https://www.itftennis.com/tennis/api/PlayerRankApi/GetPlayerRankings?circuitCode=JT&playerTypeCode=G&ageCategoryCode=&juniorRankingType=itf&take=100&skip=0&isOrderAscending=true,2026-09-29T13:05:18.069Z
2026-09-28,F,22,800671481,Ida Wobker,GER,Germany,2010,1359.5,https://www.itftennis.com/tennis/api/PlayerRankApi/GetPlayerRankings?circuitCode=JT&playerTypeCode=G&ageCategoryCode=&juniorRankingType=itf&take=100&skip=0&isOrderAscending=true,2026-09-29T13:05:18.069Z
2026-09-28,F,23,800656226,Katerina Zajickova,CZE,Czechia,2010,1307.5,https://www.itftennis.com/tennis/api/PlayerRankApi/GetPlayerRankings?circuitCode=JT&playerTypeCode=G&ageCategoryCode=&juniorRankingType=itf&take=100&skip=0&isOrderAscending=true,2026-09-29T13:05:18.069Z
2026-09-28,F,24,800739107,Yu Jun Lin,CHN,"China, P.R.",2010,1298,https://www.itftennis.com/tennis/api/PlayerRankApi/GetPlayerRankings?circuitCode=JT&playerTypeCode=G&ageCategoryCode=&juniorRankingType=itf&take=100&skip=0&isOrderAscending=true,2026-09-29T13:05:18.069Z
2026-09-28,F,25,800636281,Maia Ilinca Burcescu,ROU,Romania,2009,1275.5,https://www.itftennis.com/tennis/api/PlayerRankApi/GetPlayerRankings?circuitCode=JT&playerTypeCode=G&ageCategoryCode=&juniorRankingType=itf&take=100&skip=0&isOrderAscending=true,2026-09-29T13:05:18.069Z
2026-09-28,F,26,800719373,Kristina Penickova,USA,USA,2009,1267.5,https://www.itftennis.com/tennis/api/PlayerRankApi/GetPlayerRankings?circuitCode=JT&playerTypeCode=G&ageCategoryCode=&juniorRankingType=itf&take=100&skip=0&isOrderAscending=true,2026-09-29T13:05:18.069Z
2026-09-28,F,27,800638346,Denisa Zoldakova,CZE,Czechia,2008,1248,https://www.itftennis.com/tennis/api/PlayerRankApi/GetPlayerRankings?circuitCode=JT&playerTypeCode=G&ageCategoryCode=&juniorRankingType=itf&take=100&skip=0&isOrderAscending=true,2026-09-29T13:05:18.069Z
2026-09-28,F,28,800598679,Emily Victoria Eigelsbach,GER,Germany,2008,1187.25,https://www.itftennis.com/tennis/api/PlayerRankApi/GetPlayerRankings?circuitCode=JT&playerTypeCode=G&ageCategoryCode=&juniorRankingType=itf&take=100&skip=0&isOrderAscending=true,2026-09-29T13:05:18.069Z
2026-09-28,F,29,800664506,Maria Valentina Pop,ROU,Romania,2010,1148.75,https://www.itftennis.com/tennis/api/PlayerRankApi/GetPlayerRankings?circuitCode=JT&playerTypeCode=G&ageCategoryCode=&juniorRankingType=itf&take=100&skip=0&isOrderAscending=true,2026-09-29T13:05:18.069Z
2026-09-28,F,30,800592997,Adelina Lacinova,LAT,Latvia,2008,1142.5,https://www.itftennis.com/tennis/api/PlayerRankApi/GetPlayerRankings?circuitCode=JT&playerTypeCode=G&ageCategoryCode=&juniorRankingType=itf&take=100&skip=0&isOrderAscending=true,2026-09-29T13:05:18.069Z
2026-09-28,F,31,800640357,Giulia Safina Popa,ROU,Romania,2009,1131,https://www.itftennis.com/tennis/api/PlayerRankApi/GetPlayerRankings?circuitCode=JT&playerTypeCode=G&ageCategoryCode=&juniorRankingType=itf&take=100&skip=0&isOrderAscending=true,2026-09-29T13:05:18.069Z
2026-09-28,F,32,800672253,Charo Esquiva Banuls,ESP,Spain,2008,1127.5,https://www.itftennis.com/tennis/api/PlayerRankApi/GetPlayerRankings?circuitCode=JT&playerTypeCode=G&ageCategoryCode=&juniorRankingType=itf&take=100&skip=0&isOrderAscending=true,2026-09-29T13:05:18.069Z
2026-09-28,F,33,800702416,Thea Frodin,USA,USA,2008,1125.5,https://www.itftennis.com/tennis/api/PlayerRankApi/GetPlayerRankings?circuitCode=JT&playerTypeCode=G&ageCategoryCode=&juniorRankingType=itf&take=100&skip=0&isOrderAscending=true,2026-09-29T13:05:18.069Z
2026-09-28,F,34,800705703,Welles Newman,USA,USA,2010,1114.75,https://www.itftennis.com/tennis/api/PlayerRankApi/GetPlayerRankings?circuitCode=JT&playerTypeCode=G&ageCategoryCode=&juniorRankingType=itf&take=100&skip=0&isOrderAscending=true,2026-09-29T13:05:18.069Z
2026-09-28,F,35,800701055,Renee Alame,AUS,Australia,2009,1099.75,https://www.itftennis.com/tennis/api/PlayerRankApi/GetPlayerRankings?circuitCode=JT&playerTypeCode=G&ageCategoryCode=&juniorRankingType=itf&take=100&skip=0&isOrderAscending=true,2026-09-29T13:05:18.069Z
2026-09-28,F,36,800665359,Lujza Beviz,HUN,Hungary,2009,1098.75,https://www.itftennis.com/tennis/api/PlayerRankApi/GetPlayerRankings?circuitCode=JT&playerTypeCode=G&ageCategoryCode=&juniorRankingType=itf&take=100&skip=0&isOrderAscending=true,2026-09-29T13:05:18.069Z
2026-09-28,F,37,800587881,Ilary Pistola,ITA,Italy,2008,1078.75,https://www.itftennis.com/tennis/api/PlayerRankApi/GetPlayerRankings?circuitCode=JT&playerTypeCode=G&ageCategoryCode=&juniorRankingType=itf&take=100&skip=0&isOrderAscending=true,2026-09-29T13:05:18.069Z
2026-09-28,F,38,800631529,Ruien Zhang,CHN,"China, P.R.",2008,1075.5,https://www.itftennis.com/tennis/api/PlayerRankApi/GetPlayerRankings?circuitCode=JT&playerTypeCode=G&ageCategoryCode=&juniorRankingType=itf&take=100&skip=0&isOrderAscending=true,2026-09-29T13:05:18.069Z
2026-09-28,F,39,800597362,Antonina Sushkova,UKR,Ukraine,2008,1071,https://www.itftennis.com/tennis/api/PlayerRankApi/GetPlayerRankings?circuitCode=JT&playerTypeCode=G&ageCategoryCode=&juniorRankingType=itf&take=100&skip=0&isOrderAscending=true,2026-09-29T13:05:18.069Z
2026-09-28,F,40,800731351,Yushan Shao,CHN,"China, P.R.",2008,1066,https://www.itftennis.com/tennis/api/PlayerRankApi/GetPlayerRankings?circuitCode=JT&playerTypeCode=G&ageCategoryCode=&juniorRankingType=itf&take=100&skip=0&isOrderAscending=true,2026-09-29T13:05:18.069Z
2026-09-28,F,41,800666095,Kanon Sawashiro,JPN,Japan,2008,1064.25,https://www.itftennis.com/tennis/api/PlayerRankApi/GetPlayerRankings?circuitCode=JT&playerTypeCode=G&ageCategoryCode=&juniorRankingType=itf&take=100&skip=0&isOrderAscending=true,2026-09-29T13:05:18.069Z
2026-09-28,F,42,800661849,Hollie Smart,GBR,Great Britain,2009,1049.75,https://www.itftennis.com/tennis/api/PlayerRankApi/GetPlayerRankings?circuitCode=JT&playerTypeCode=G&ageCategoryCode=&juniorRankingType=itf&take=100&skip=0&isOrderAscending=true,2026-09-29T13:05:18.069Z
2026-09-28,F,43,800693920,Alyssa James,JAM,Jamaica,2008,1047.25,https://www.itftennis.com/tennis/api/PlayerRankApi/GetPlayerRankings?circuitCode=JT&playerTypeCode=G&ageCategoryCode=&juniorRankingType=itf&take=100&skip=0&isOrderAscending=true,2026-09-29T13:05:18.069Z
2026-09-28,F,44,800635479,Alexandra Malova,RUS,Russia,2008,1034.75,https://www.itftennis.com/tennis/api/PlayerRankApi/GetPlayerRankings?circuitCode=JT&playerTypeCode=G&ageCategoryCode=&juniorRankingType=itf&take=100&skip=0&isOrderAscending=true,2026-09-29T13:05:18.069Z
2026-09-28,F,45,800667997,Anastasiia Nikolaieva,UKR,Ukraine,2010,1013.75,https://www.itftennis.com/tennis/api/PlayerRankApi/GetPlayerRankings?circuitCode=JT&playerTypeCode=G&ageCategoryCode=&juniorRankingType=itf&take=100&skip=0&isOrderAscending=true,2026-09-29T13:05:18.069Z
2026-09-28,F,46,800741292,Jensi Dipakbhai Kanabar,IND,India,2011,1000.5,https://www.itftennis.com/tennis/api/PlayerRankApi/GetPlayerRankings?circuitCode=JT&playerTypeCode=G&ageCategoryCode=&juniorRankingType=itf&take=100&skip=0&isOrderAscending=true,2026-09-29T13:05:18.069Z
2026-09-28,F,47,800593679,Alisa Oktiabreva,CZE,Czechia,2008,1000,https://www.itftennis.com/tennis/api/PlayerRankApi/GetPlayerRankings?circuitCode=JT&playerTypeCode=G&ageCategoryCode=&juniorRankingType=itf&take=100&skip=0&isOrderAscending=true,2026-09-29T13:05:18.069Z
2026-09-28,F,48,800765496,Kennedy Drenser-Hagmann,USA,USA,2009,995.5,https://www.itftennis.com/tennis/api/PlayerRankApi/GetPlayerRankings?circuitCode=JT&playerTypeCode=G&ageCategoryCode=&juniorRankingType=itf&take=100&skip=0&isOrderAscending=true,2026-09-29T13:05:18.069Z
2026-09-28,F,49,800672579,Tereza Hermanova,CZE,Czechia,2009,993,https://www.itftennis.com/tennis/api/PlayerRankApi/GetPlayerRankings?circuitCode=JT&playerTypeCode=G&ageCategoryCode=&juniorRankingType=itf&take=100&skip=0&isOrderAscending=true,2026-09-29T13:05:18.069Z
2026-09-28,F,50,800709314,Lani Chang,USA,USA,2010,986,https://www.itftennis.com/tennis/api/PlayerRankApi/GetPlayerRankings?circuitCode=JT&playerTypeCode=G&ageCategoryCode=&juniorRankingType=itf&take=100&skip=0&isOrderAscending=true,2026-09-29T13:05:18.069Z
2026-09-28,F,51,800703935,Anita Tu,USA,USA,2009,983,https://www.itftennis.com/tennis/api/PlayerRankApi/GetPlayerRankings?circuitCode=JT&playerTypeCode=G&ageCategoryCode=&juniorRankingType=itf&take=100&skip=0&isOrderAscending=true,2026-09-29T13:05:18.069Z
2026-09-28,F,52,800667963,Siyoen Sim,KOR,"Korea, Rep.",2010,983,https://www.itftennis.com/tennis/api/PlayerRankApi/GetPlayerRankings?circuitCode=JT&playerTypeCode=G&ageCategoryCode=&juniorRankingType=itf&take=100&skip=0&isOrderAscending=true,2026-09-29T13:05:18.069Z
2026-09-28,F,53,800725207,Jizelle Sibai,AUS,Australia,2009,971.25,https://www.itftennis.com/tennis/api/PlayerRankApi/GetPlayerRankings?circuitCode=JT&playerTypeCode=G&ageCategoryCode=&juniorRankingType=itf&take=100&skip=0&isOrderAscending=true,2026-09-29T13:05:18.069Z
2026-09-28,F,54,800651337,UI SU JEONG,KOR,"Korea, Rep.",2008,971.25,https://www.itftennis.com/tennis/api/PlayerRankApi/GetPlayerRankings?circuitCode=JT&playerTypeCode=G&ageCategoryCode=&juniorRankingType=itf&take=100&skip=0&isOrderAscending=true,2026-09-29T13:05:18.069Z
2026-09-28,F,55,800737952,Margaret Sohns,USA,USA,2010,957.25,https://www.itftennis.com/tennis/api/PlayerRankApi/GetPlayerRankings?circuitCode=JT&playerTypeCode=G&ageCategoryCode=&juniorRankingType=itf&take=100&skip=0&isOrderAscending=true,2026-09-29T13:05:18.069Z
2026-09-28,F,56,800571280,Ekaterina Tupitsyna,RUS,Russia,2008,956.75,https://www.itftennis.com/tennis/api/PlayerRankApi/GetPlayerRankings?circuitCode=JT&playerTypeCode=G&ageCategoryCode=&juniorRankingType=itf&take=100&skip=0&isOrderAscending=true,2026-09-29T13:05:18.069Z
2026-09-28,F,57,800708800,Yu-Chen Lin,TPE,Chinese Taipei,2009,956.75,https://www.itftennis.com/tennis/api/PlayerRankApi/GetPlayerRankings?circuitCode=JT&playerTypeCode=G&ageCategoryCode=&juniorRankingType=itf&take=100&skip=0&isOrderAscending=true,2026-09-29T13:05:18.069Z
2026-09-28,F,58,800595363,Sofia Meabe,ARG,Argentina,2008,956.75,https://www.itftennis.com/tennis/api/PlayerRankApi/GetPlayerRankings?circuitCode=JT&playerTypeCode=G&ageCategoryCode=&juniorRankingType=itf&take=100&skip=0&isOrderAscending=true,2026-09-29T13:05:18.069Z
2026-09-28,F,59,800665797,Yeri Hong,KOR,"Korea, Rep.",2011,954.25,https://www.itftennis.com/tennis/api/PlayerRankApi/GetPlayerRankings?circuitCode=JT&playerTypeCode=G&ageCategoryCode=&juniorRankingType=itf&take=100&skip=0&isOrderAscending=true,2026-09-29T13:05:18.069Z
2026-09-28,F,60,800726871,Avery Alexander,CAN,Canada,2009,948.75,https://www.itftennis.com/tennis/api/PlayerRankApi/GetPlayerRankings?circuitCode=JT&playerTypeCode=G&ageCategoryCode=&juniorRankingType=itf&take=100&skip=0&isOrderAscending=true,2026-09-29T13:05:18.069Z
2026-09-28,F,61,800597508,Marija Lauva,LAT,Latvia,2008,944.25,https://www.itftennis.com/tennis/api/PlayerRankApi/GetPlayerRankings?circuitCode=JT&playerTypeCode=G&ageCategoryCode=&juniorRankingType=itf&take=100&skip=0&isOrderAscending=true,2026-09-29T13:05:18.069Z
2026-09-28,F,62,800705172,Sofiia Bielinska,UKR,Ukraine,2011,937.5,https://www.itftennis.com/tennis/api/PlayerRankApi/GetPlayerRankings?circuitCode=JT&playerTypeCode=G&ageCategoryCode=&juniorRankingType=itf&take=100&skip=0&isOrderAscending=true,2026-09-29T13:05:18.069Z
2026-09-28,F,63,800696508,Olivia Traynor,USA,USA,2008,926.75,https://www.itftennis.com/tennis/api/PlayerRankApi/GetPlayerRankings?circuitCode=JT&playerTypeCode=G&ageCategoryCode=&juniorRankingType=itf&take=100&skip=0&isOrderAscending=true,2026-09-29T13:05:18.069Z
2026-09-28,F,64,800660727,Noelia Manta,SUI,Switzerland,2009,922.25,https://www.itftennis.com/tennis/api/PlayerRankApi/GetPlayerRankings?circuitCode=JT&playerTypeCode=G&ageCategoryCode=&juniorRankingType=itf&take=100&skip=0&isOrderAscending=true,2026-09-29T13:05:18.069Z
2026-09-28,F,65,800772612,Hannah Ayrault,USA,USA,2010,907.5,https://www.itftennis.com/tennis/api/PlayerRankApi/GetPlayerRankings?circuitCode=JT&playerTypeCode=G&ageCategoryCode=&juniorRankingType=itf&take=100&skip=0&isOrderAscending=true,2026-09-29T13:05:18.069Z
2026-09-28,F,66,800636609,Fleur De Bresser,NED,Netherlands,2009,906.5,https://www.itftennis.com/tennis/api/PlayerRankApi/GetPlayerRankings?circuitCode=JT&playerTypeCode=G&ageCategoryCode=&juniorRankingType=itf&take=100&skip=0&isOrderAscending=true,2026-09-29T13:05:18.069Z
2026-09-28,F,67,800640047,Veronika Sekerkova,CZE,Czechia,2009,894.25,https://www.itftennis.com/tennis/api/PlayerRankApi/GetPlayerRankings?circuitCode=JT&playerTypeCode=G&ageCategoryCode=&juniorRankingType=itf&take=100&skip=0&isOrderAscending=true,2026-09-29T13:05:18.069Z
2026-09-28,F,68,800638930,Nadia Lagaev,CAN,Canada,2008,893,https://www.itftennis.com/tennis/api/PlayerRankApi/GetPlayerRankings?circuitCode=JT&playerTypeCode=G&ageCategoryCode=&juniorRankingType=itf&take=100&skip=0&isOrderAscending=true,2026-09-29T13:05:18.069Z
2026-09-28,F,69,800731574,Sarah Ye,USA,USA,2010,887.5,https://www.itftennis.com/tennis/api/PlayerRankApi/GetPlayerRankings?circuitCode=JT&playerTypeCode=G&ageCategoryCode=&juniorRankingType=itf&take=100&skip=0&isOrderAscending=true,2026-09-29T13:05:18.069Z
2026-09-28,F,70,800666178,Lana Virc,SRB,Serbia,2008,876.5,https://www.itftennis.com/tennis/api/PlayerRankApi/GetPlayerRankings?circuitCode=JT&playerTypeCode=G&ageCategoryCode=&juniorRankingType=itf&take=100&skip=0&isOrderAscending=true,2026-09-29T13:05:18.069Z
2026-09-28,F,71,800624123,Polina Berezina,RUS,Russia,2009,874,https://www.itftennis.com/tennis/api/PlayerRankApi/GetPlayerRankings?circuitCode=JT&playerTypeCode=G&ageCategoryCode=&juniorRankingType=itf&take=100&skip=0&isOrderAscending=true,2026-09-29T13:05:18.069Z
2026-09-28,F,72,800604444,Sofie Hettlerova,CZE,Czechia,2009,869.25,https://www.itftennis.com/tennis/api/PlayerRankApi/GetPlayerRankings?circuitCode=JT&playerTypeCode=G&ageCategoryCode=&juniorRankingType=itf&take=100&skip=0&isOrderAscending=true,2026-09-29T13:05:18.069Z
2026-09-28,F,73,800730824,Zhang-Qian Wei,CHN,"China, P.R.",2008,864.75,https://www.itftennis.com/tennis/api/PlayerRankApi/GetPlayerRankings?circuitCode=JT&playerTypeCode=G&ageCategoryCode=&juniorRankingType=itf&take=100&skip=0&isOrderAscending=true,2026-09-29T13:05:18.069Z
2026-09-28,F,74,800694788,Jahnie Van Zyl,RSA,South Africa,2009,864.75,https://www.itftennis.com/tennis/api/PlayerRankApi/GetPlayerRankings?circuitCode=JT&playerTypeCode=G&ageCategoryCode=&juniorRankingType=itf&take=100&skip=0&isOrderAscending=true,2026-09-29T13:05:18.069Z
2026-09-28,F,75,800640040,Nikola Farkasova,SVK,Slovakia,2009,853,https://www.itftennis.com/tennis/api/PlayerRankApi/GetPlayerRankings?circuitCode=JT&playerTypeCode=G&ageCategoryCode=&juniorRankingType=itf&take=100&skip=0&isOrderAscending=true,2026-09-29T13:05:18.069Z
2026-09-28,F,76,800647979,Anna Pircher,AUT,Austria,2010,852.5,https://www.itftennis.com/tennis/api/PlayerRankApi/GetPlayerRankings?circuitCode=JT&playerTypeCode=G&ageCategoryCode=&juniorRankingType=itf&take=100&skip=0&isOrderAscending=true,2026-09-29T13:05:18.069Z
2026-09-28,F,77,800678384,Clemence Mercier,CAN,Canada,2008,847.5,https://www.itftennis.com/tennis/api/PlayerRankApi/GetPlayerRankings?circuitCode=JT&playerTypeCode=G&ageCategoryCode=&juniorRankingType=itf&take=100&skip=0&isOrderAscending=true,2026-09-29T13:05:18.069Z
2026-09-28,F,78,800780175,Vasilisa Taranova,RUS,Russia,2010,836.25,https://www.itftennis.com/tennis/api/PlayerRankApi/GetPlayerRankings?circuitCode=JT&playerTypeCode=G&ageCategoryCode=&juniorRankingType=itf&take=100&skip=0&isOrderAscending=true,2026-09-29T13:05:18.069Z
2026-09-28,F,79,800590696,Arina Malygina,RUS,Russia,2008,835.5,https://www.itftennis.com/tennis/api/PlayerRankApi/GetPlayerRankings?circuitCode=JT&playerTypeCode=G&ageCategoryCode=&juniorRankingType=itf&take=100&skip=0&isOrderAscending=true,2026-09-29T13:05:18.069Z
2026-09-28,F,80,800598811,Dusica Popovski,SRB,Serbia,2009,823.5,https://www.itftennis.com/tennis/api/PlayerRankApi/GetPlayerRankings?circuitCode=JT&playerTypeCode=G&ageCategoryCode=&juniorRankingType=itf&take=100&skip=0&isOrderAscending=true,2026-09-29T13:05:18.069Z
2026-09-28,F,81,800719372,Annika Penickova,USA,USA,2009,823,https://www.itftennis.com/tennis/api/PlayerRankApi/GetPlayerRankings?circuitCode=JT&playerTypeCode=G&ageCategoryCode=&juniorRankingType=itf&take=100&skip=0&isOrderAscending=true,2026-09-29T13:05:18.069Z
2026-09-28,F,82,800655734,Pietra Rivoli,BRA,Brazil,2008,822.75,https://www.itftennis.com/tennis/api/PlayerRankApi/GetPlayerRankings?circuitCode=JT&playerTypeCode=G&ageCategoryCode=&juniorRankingType=itf&take=100&skip=0&isOrderAscending=true,2026-09-29T13:05:18.069Z
2026-09-28,F,83,800661601,Ayse Bal,TUR,Turkiye,2010,816,https://www.itftennis.com/tennis/api/PlayerRankApi/GetPlayerRankings?circuitCode=JT&playerTypeCode=G&ageCategoryCode=&juniorRankingType=itf&take=100&skip=0&isOrderAscending=true,2026-09-29T13:05:18.069Z
2026-09-28,F,84,800656578,Oliwia Sybicka,POL,Poland,2009,809.75,https://www.itftennis.com/tennis/api/PlayerRankApi/GetPlayerRankings?circuitCode=JT&playerTypeCode=G&ageCategoryCode=&juniorRankingType=itf&take=100&skip=0&isOrderAscending=true,2026-09-29T13:05:18.069Z
2026-09-28,F,85,800732202,Carrie-Anne Hoo,USA,USA,2009,796,https://www.itftennis.com/tennis/api/PlayerRankApi/GetPlayerRankings?circuitCode=JT&playerTypeCode=G&ageCategoryCode=&juniorRankingType=itf&take=100&skip=0&isOrderAscending=true,2026-09-29T13:05:18.069Z
2026-09-28,F,86,800587900,Rada Zolotareva,RUS,Russia,2008,778,https://www.itftennis.com/tennis/api/PlayerRankApi/GetPlayerRankings?circuitCode=JT&playerTypeCode=G&ageCategoryCode=&juniorRankingType=itf&take=100&skip=0&isOrderAscending=true,2026-09-29T13:05:18.069Z
2026-09-28,F,87,800668234,Adla Lopez,USA,USA,2008,776.25,https://www.itftennis.com/tennis/api/PlayerRankApi/GetPlayerRankings?circuitCode=JT&playerTypeCode=G&ageCategoryCode=&juniorRankingType=itf&take=100&skip=0&isOrderAscending=true,2026-09-29T13:05:18.069Z
2026-09-28,F,88,800771032,Minami Suzuki,JPN,Japan,2010,771.75,https://www.itftennis.com/tennis/api/PlayerRankApi/GetPlayerRankings?circuitCode=JT&playerTypeCode=G&ageCategoryCode=&juniorRankingType=itf&take=100&skip=0&isOrderAscending=true,2026-09-29T13:05:18.069Z
2026-09-28,F,89,800676754,Alisa Terentyeva,RUS,Russia,2010,770.5,https://www.itftennis.com/tennis/api/PlayerRankApi/GetPlayerRankings?circuitCode=JT&playerTypeCode=G&ageCategoryCode=&juniorRankingType=itf&take=100&skip=0&isOrderAscending=true,2026-09-29T13:05:18.069Z
2026-09-28,F,90,800595274,Sofie Maresova,CZE,Czechia,2009,765.5,https://www.itftennis.com/tennis/api/PlayerRankApi/GetPlayerRankings?circuitCode=JT&playerTypeCode=G&ageCategoryCode=&juniorRankingType=itf&take=100&skip=0&isOrderAscending=true,2026-09-29T13:05:18.069Z
2026-09-28,F,91,800693144,Yael Saffar,USA,USA,2008,762.5,https://www.itftennis.com/tennis/api/PlayerRankApi/GetPlayerRankings?circuitCode=JT&playerTypeCode=G&ageCategoryCode=&juniorRankingType=itf&take=100&skip=0&isOrderAscending=true,2026-09-29T13:05:18.069Z
2026-09-28,F,92,800639340,Camila Rodero,CHI,Chile,2008,760.5,https://www.itftennis.com/tennis/api/PlayerRankApi/GetPlayerRankings?circuitCode=JT&playerTypeCode=G&ageCategoryCode=&juniorRankingType=itf&take=100&skip=0&isOrderAscending=true,2026-09-29T13:05:18.069Z
2026-09-28,F,93,800629808,Iva Marinkovic,SWE,Sweden,2008,758,https://www.itftennis.com/tennis/api/PlayerRankApi/GetPlayerRankings?circuitCode=JT&playerTypeCode=G&ageCategoryCode=&juniorRankingType=itf&take=100&skip=0&isOrderAscending=true,2026-09-29T13:05:18.069Z
2026-09-28,F,94,800644753,Luna Maria Cinalli,ARG,Argentina,2008,757.75,https://www.itftennis.com/tennis/api/PlayerRankApi/GetPlayerRankings?circuitCode=JT&playerTypeCode=G&ageCategoryCode=&juniorRankingType=itf&take=100&skip=0&isOrderAscending=true,2026-09-29T13:05:18.069Z
2026-09-28,F,95,800708388,Ran Wakana,JPN,Japan,2010,757.25,https://www.itftennis.com/tennis/api/PlayerRankApi/GetPlayerRankings?circuitCode=JT&playerTypeCode=G&ageCategoryCode=&juniorRankingType=itf&take=100&skip=0&isOrderAscending=true,2026-09-29T13:05:18.069Z
2026-09-28,F,96,800587892,Daphnee Mpetshi Perricard,FRA,France,2008,753.5,https://www.itftennis.com/tennis/api/PlayerRankApi/GetPlayerRankings?circuitCode=JT&playerTypeCode=G&ageCategoryCode=&juniorRankingType=itf&take=100&skip=0&isOrderAscending=true,2026-09-29T13:05:18.069Z
2026-09-28,F,97,800595539,Iulia Maria Buculei,ROU,Romania,2008,753,https://www.itftennis.com/tennis/api/PlayerRankApi/GetPlayerRankings?circuitCode=JT&playerTypeCode=G&ageCategoryCode=&juniorRankingType=itf&take=100&skip=0&isOrderAscending=true,2026-09-29T13:05:18.069Z
2026-09-28,F,98,800708129,Yui Komada,JPN,Japan,2010,750.5,https://www.itftennis.com/tennis/api/PlayerRankApi/GetPlayerRankings?circuitCode=JT&playerTypeCode=G&ageCategoryCode=&juniorRankingType=itf&take=100&skip=0&isOrderAscending=true,2026-09-29T13:05:18.069Z
2026-09-28,F,99,800660470,Elfya Ba,BEL,Belgium,2009,745.25,https://www.itftennis.com/tennis/api/PlayerRankApi/GetPlayerRankings?circuitCode=JT&playerTypeCode=G&ageCategoryCode=&juniorRankingType=itf&take=100&skip=0&isOrderAscending=true,2026-09-29T13:05:18.069Z
2026-09-28,F,100,800785739,Emery Combs,USA,USA,2011,744.5,https://www.itftennis.com/tennis/api/PlayerRankApi/GetPlayerRankings?circuitCode=JT&playerTypeCode=G&ageCategoryCode=&juniorRankingType=itf&take=100&skip=0&isOrderAscending=true,2026-09-29T13:05:18.069Z
2026-09-28,F,101,800656994,Pavla Sviglerova,CZE,Czechia,2008,738.25,https://www.itftennis.com/tennis/api/PlayerRankApi/GetPlayerRankings?circuitCode=JT&playerTypeCode=G&ageCategoryCode=&juniorRankingType=itf&take=100&skip=100&isOrderAscending=true,2026-09-29T13:05:23.115Z
2026-09-28,F,102,800758765,Armira Kockinis,USA,USA,2009,736.5,https://www.itftennis.com/tennis/api/PlayerRankApi/GetPlayerRankings?circuitCode=JT&playerTypeCode=G&ageCategoryCode=&juniorRankingType=itf&take=100&skip=100&isOrderAscending=true,2026-09-29T13:05:23.115Z
2026-09-28,F,103,800727956,Ireland O'Brien,USA,USA,2008,735.25,https://www.itftennis.com/tennis/api/PlayerRankApi/GetPlayerRankings?circuitCode=JT&playerTypeCode=G&ageCategoryCode=&juniorRankingType=itf&take=100&skip=100&isOrderAscending=true,2026-09-29T13:05:23.115Z
2026-09-28,F,104,800661652,Alena Kharchenko,RUS,Russia,2010,732.25,https://www.itftennis.com/tennis/api/PlayerRankApi/GetPlayerRankings?circuitCode=JT&playerTypeCode=G&ageCategoryCode=&juniorRankingType=itf&take=100&skip=100&isOrderAscending=true,2026-09-29T13:05:23.115Z
2026-09-28,F,105,800725103,Ellery Mendell,USA,USA,2009,725.5,https://www.itftennis.com/tennis/api/PlayerRankApi/GetPlayerRankings?circuitCode=JT&playerTypeCode=G&ageCategoryCode=&juniorRankingType=itf&take=100&skip=100&isOrderAscending=true,2026-09-29T13:05:23.115Z
2026-09-28,F,106,800655687,Marianne Angel,MEX,Mexico,2008,723.75,https://www.itftennis.com/tennis/api/PlayerRankApi/GetPlayerRankings?circuitCode=JT&playerTypeCode=G&ageCategoryCode=&juniorRankingType=itf&take=100&skip=100&isOrderAscending=true,2026-09-29T13:05:23.115Z
2026-09-28,F,107,800785150,Olivia De Los Reyes,USA,USA,2011,722.5,https://www.itftennis.com/tennis/api/PlayerRankApi/GetPlayerRankings?circuitCode=JT&playerTypeCode=G&ageCategoryCode=&juniorRankingType=itf&take=100&skip=100&isOrderAscending=true,2026-09-29T13:05:23.115Z
2026-09-28,F,108,800664895,Sofia Barhacova,SVK,Slovakia,2009,721.75,https://www.itftennis.com/tennis/api/PlayerRankApi/GetPlayerRankings?circuitCode=JT&playerTypeCode=G&ageCategoryCode=&juniorRankingType=itf&take=100&skip=100&isOrderAscending=true,2026-09-29T13:05:23.115Z
2026-09-28,F,109,800621244,Barbara Kostecka,POL,Poland,2009,714.25,https://www.itftennis.com/tennis/api/PlayerRankApi/GetPlayerRankings?circuitCode=JT&playerTypeCode=G&ageCategoryCode=&juniorRankingType=itf&take=100&skip=100&isOrderAscending=true,2026-09-29T13:05:23.115Z
2026-09-28,F,110,800598381,Michelle Khomich,GER,Germany,2008,714.25,https://www.itftennis.com/tennis/api/PlayerRankApi/GetPlayerRankings?circuitCode=JT&playerTypeCode=G&ageCategoryCode=&juniorRankingType=itf&take=100&skip=100&isOrderAscending=true,2026-09-29T13:05:23.115Z
2026-09-28,F,111,800708405,Miyu Nishiwaki,JPN,Japan,2010,713.25,https://www.itftennis.com/tennis/api/PlayerRankApi/GetPlayerRankings?circuitCode=JT&playerTypeCode=G&ageCategoryCode=&juniorRankingType=itf&take=100&skip=100&isOrderAscending=true,2026-09-29T13:05:23.115Z
2026-09-28,F,112,800702424,Natsuki Irokawa,JPN,Japan,2010,711.75,https://www.itftennis.com/tennis/api/PlayerRankApi/GetPlayerRankings?circuitCode=JT&playerTypeCode=G&ageCategoryCode=&juniorRankingType=itf&take=100&skip=100&isOrderAscending=true,2026-09-29T13:05:23.115Z
2026-09-28,F,113,800602615,Ana Petkovic,CRO,Croatia,2009,710,https://www.itftennis.com/tennis/api/PlayerRankApi/GetPlayerRankings?circuitCode=JT&playerTypeCode=G&ageCategoryCode=&juniorRankingType=itf&take=100&skip=100&isOrderAscending=true,2026-09-29T13:05:23.115Z
2026-09-28,F,114,800781002,Tea Kovacevic,BIH,Bosnia and Herzegovina,2010,709.25,https://www.itftennis.com/tennis/api/PlayerRankApi/GetPlayerRankings?circuitCode=JT&playerTypeCode=G&ageCategoryCode=&juniorRankingType=itf&take=100&skip=100&isOrderAscending=true,2026-09-29T13:05:23.115Z
2026-09-28,F,115,800660315,Isabelle Thi DeLuccia DeLuccia,USA,USA,2008,704.75,https://www.itftennis.com/tennis/api/PlayerRankApi/GetPlayerRankings?circuitCode=JT&playerTypeCode=G&ageCategoryCode=&juniorRankingType=itf&take=100&skip=100&isOrderAscending=true,2026-09-29T13:05:23.115Z
2026-09-28,F,116,800711402,Sakino Miyazawa,JPN,Japan,2011,698.5,https://www.itftennis.com/tennis/api/PlayerRankApi/GetPlayerRankings?circuitCode=JT&playerTypeCode=G&ageCategoryCode=&juniorRankingType=itf&take=100&skip=100&isOrderAscending=true,2026-09-29T13:05:23.115Z
2026-09-28,F,117,800710011,Miku Kitaoka,JPN,Japan,2009,697.75,https://www.itftennis.com/tennis/api/PlayerRankApi/GetPlayerRankings?circuitCode=JT&playerTypeCode=G&ageCategoryCode=&juniorRankingType=itf&take=100&skip=100&isOrderAscending=true,2026-09-29T13:05:23.115Z
2026-09-28,F,118,800696293,Elizaveta Anikina,EST,Estonia,2012,697.5,https://www.itftennis.com/tennis/api/PlayerRankApi/GetPlayerRankings?circuitCode=JT&playerTypeCode=G&ageCategoryCode=&juniorRankingType=itf&take=100&skip=100&isOrderAscending=true,2026-09-29T13:05:23.115Z
2026-09-28,F,119,800586389,Ha Eum Lee,KOR,"Korea, Rep.",2008,697.25,https://www.itftennis.com/tennis/api/PlayerRankApi/GetPlayerRankings?circuitCode=JT&playerTypeCode=G&ageCategoryCode=&juniorRankingType=itf&take=100&skip=100&isOrderAscending=true,2026-09-29T13:05:23.115Z
2026-09-28,F,120,800696764,Kokona Ishii,JPN,Japan,2010,688.5,https://www.itftennis.com/tennis/api/PlayerRankApi/GetPlayerRankings?circuitCode=JT&playerTypeCode=G&ageCategoryCode=&juniorRankingType=itf&take=100&skip=100&isOrderAscending=true,2026-09-29T13:05:23.115Z
2026-09-28,F,121,800740538,Isabella Ruyu Yan,CAN,Canada,2011,686,https://www.itftennis.com/tennis/api/PlayerRankApi/GetPlayerRankings?circuitCode=JT&playerTypeCode=G&ageCategoryCode=&juniorRankingType=itf&take=100&skip=100&isOrderAscending=true,2026-09-29T13:05:23.115Z
2026-09-28,F,122,800691106,Londyn McCord,USA,USA,2009,685.5,https://www.itftennis.com/tennis/api/PlayerRankApi/GetPlayerRankings?circuitCode=JT&playerTypeCode=G&ageCategoryCode=&juniorRankingType=itf&take=100&skip=100&isOrderAscending=true,2026-09-29T13:05:23.115Z
2026-09-28,F,123,800742299,Thara Gowda,USA,USA,2009,679.25,https://www.itftennis.com/tennis/api/PlayerRankApi/GetPlayerRankings?circuitCode=JT&playerTypeCode=G&ageCategoryCode=&juniorRankingType=itf&take=100&skip=100&isOrderAscending=true,2026-09-29T13:05:23.115Z
2026-09-28,F,124,800643318,Ophelia Korpanec Davies,GBR,Great Britain,2009,676.5,https://www.itftennis.com/tennis/api/PlayerRankApi/GetPlayerRankings?circuitCode=JT&playerTypeCode=G&ageCategoryCode=&juniorRankingType=itf&take=100&skip=100&isOrderAscending=true,2026-09-29T13:05:23.115Z
2026-09-28,F,125,800685082,Daniel Baranes,FRA,France,2011,675.5,https://www.itftennis.com/tennis/api/PlayerRankApi/GetPlayerRankings?circuitCode=JT&playerTypeCode=G&ageCategoryCode=&juniorRankingType=itf&take=100&skip=100&isOrderAscending=true,2026-09-29T13:05:23.115Z
2026-09-28,F,126,800701856,Nancy Lee,USA,USA,2009,671,https://www.itftennis.com/tennis/api/PlayerRankApi/GetPlayerRankings?circuitCode=JT&playerTypeCode=G&ageCategoryCode=&juniorRankingType=itf&take=100&skip=100&isOrderAscending=true,2026-09-29T13:05:23.115Z
2026-09-28,F,127,800632134,Kristina Liutova,RUS,Russia,2010,668,https://www.itftennis.com/tennis/api/PlayerRankApi/GetPlayerRankings?circuitCode=JT&playerTypeCode=G&ageCategoryCode=&juniorRankingType=itf&take=100&skip=100&isOrderAscending=true,2026-09-29T13:05:23.115Z
2026-09-28,F,128,800732065,Laura Masarykova,SVK,Slovakia,2011,658.5,https://www.itftennis.com/tennis/api/PlayerRankApi/GetPlayerRankings?circuitCode=JT&playerTypeCode=G&ageCategoryCode=&juniorRankingType=itf&take=100&skip=100&isOrderAscending=true,2026-09-29T13:05:23.115Z
2026-09-28,F,129,800595543,Klara Blazkova,CZE,Czechia,2008,658.25,https://www.itftennis.com/tennis/api/PlayerRankApi/GetPlayerRankings?circuitCode=JT&playerTypeCode=G&ageCategoryCode=&juniorRankingType=itf&take=100&skip=100&isOrderAscending=true,2026-09-29T13:05:23.115Z
2026-09-28,F,130,800764753,Scarlett Fagan,USA,USA,2010,658,https://www.itftennis.com/tennis/api/PlayerRankApi/GetPlayerRankings?circuitCode=JT&playerTypeCode=G&ageCategoryCode=&juniorRankingType=itf&take=100&skip=100&isOrderAscending=true,2026-09-29T13:05:23.115Z
2026-09-28,F,131,800664341,Kristyna Dulikova,CZE,Czechia,2009,652.5,https://www.itftennis.com/tennis/api/PlayerRankApi/GetPlayerRankings?circuitCode=JT&playerTypeCode=G&ageCategoryCode=&juniorRankingType=itf&take=100&skip=100&isOrderAscending=true,2026-09-29T13:05:23.115Z
2026-09-28,F,132,800829633,Carlota Moreno,USA,USA,2008,651.25,https://www.itftennis.com/tennis/api/PlayerRankApi/GetPlayerRankings?circuitCode=JT&playerTypeCode=G&ageCategoryCode=&juniorRankingType=itf&take=100&skip=100&isOrderAscending=true,2026-09-29T13:05:23.115Z
2026-09-28,F,133,800737888,Camille Allegre,USA,USA,2009,645.75,https://www.itftennis.com/tennis/api/PlayerRankApi/GetPlayerRankings?circuitCode=JT&playerTypeCode=G&ageCategoryCode=&juniorRankingType=itf&take=100&skip=100&isOrderAscending=true,2026-09-29T13:05:23.115Z
2026-09-28,F,134,800687687,Nathalia Pontes Tourinho,BRA,Brazil,2010,642.25,https://www.itftennis.com/tennis/api/PlayerRankApi/GetPlayerRankings?circuitCode=JT&playerTypeCode=G&ageCategoryCode=&juniorRankingType=itf&take=100&skip=100&isOrderAscending=true,2026-09-29T13:05:23.115Z
2026-09-28,F,135,800730101,Brooke Wallman,USA,USA,2008,636.75,https://www.itftennis.com/tennis/api/PlayerRankApi/GetPlayerRankings?circuitCode=JT&playerTypeCode=G&ageCategoryCode=&juniorRankingType=itf&take=100&skip=100&isOrderAscending=true,2026-09-29T13:05:23.115Z
2026-09-28,F,136,800750798,Mailuodi Lei,CHN,"China, P.R.",2009,635,https://www.itftennis.com/tennis/api/PlayerRankApi/GetPlayerRankings?circuitCode=JT&playerTypeCode=G&ageCategoryCode=&juniorRankingType=itf&take=100&skip=100&isOrderAscending=true,2026-09-29T13:05:23.115Z
2026-09-28,F,137,800687278,Darina Matvejeva,LAT,Latvia,2011,635,https://www.itftennis.com/tennis/api/PlayerRankApi/GetPlayerRankings?circuitCode=JT&playerTypeCode=G&ageCategoryCode=&juniorRankingType=itf&take=100&skip=100&isOrderAscending=true,2026-09-29T13:05:23.115Z
2026-09-28,F,138,800646526,Sara Oliveriusova,CZE,Czechia,2009,634.5,https://www.itftennis.com/tennis/api/PlayerRankApi/GetPlayerRankings?circuitCode=JT&playerTypeCode=G&ageCategoryCode=&juniorRankingType=itf&take=100&skip=100&isOrderAscending=true,2026-09-29T13:05:23.115Z
2026-09-28,F,139,800632088,Lucia Rodriguez,ESP,Spain,2009,633.5,https://www.itftennis.com/tennis/api/PlayerRankApi/GetPlayerRankings?circuitCode=JT&playerTypeCode=G&ageCategoryCode=&juniorRankingType=itf&take=100&skip=100&isOrderAscending=true,2026-09-29T13:05:23.115Z
2026-09-28,F,140,800655655,Elsa Bonelli,SUI,Switzerland,2009,633.25,https://www.itftennis.com/tennis/api/PlayerRankApi/GetPlayerRankings?circuitCode=JT&playerTypeCode=G&ageCategoryCode=&juniorRankingType=itf&take=100&skip=100&isOrderAscending=true,2026-09-29T13:05:23.115Z
2026-09-28,F,141,800684996,Andrea Cabio,CAN,Canada,2009,629.75,https://www.itftennis.com/tennis/api/PlayerRankApi/GetPlayerRankings?circuitCode=JT&playerTypeCode=G&ageCategoryCode=&juniorRankingType=itf&take=100&skip=100&isOrderAscending=true,2026-09-29T13:05:23.115Z
2026-09-28,F,142,800626636,Nehira Sanon,FRA,France,2009,626.5,https://www.itftennis.com/tennis/api/PlayerRankApi/GetPlayerRankings?circuitCode=JT&playerTypeCode=G&ageCategoryCode=&juniorRankingType=itf&take=100&skip=100&isOrderAscending=true,2026-09-29T13:05:23.115Z
2026-09-28,F,143,800671760,Riyo Yoshida,JPN,Japan,2008,623,https://www.itftennis.com/tennis/api/PlayerRankApi/GetPlayerRankings?circuitCode=JT&playerTypeCode=G&ageCategoryCode=&juniorRankingType=itf&take=100&skip=100&isOrderAscending=true,2026-09-29T13:05:23.115Z
2026-09-28,F,144,800792877,Allison Wang,USA,USA,2011,616.5,https://www.itftennis.com/tennis/api/PlayerRankApi/GetPlayerRankings?circuitCode=JT&playerTypeCode=G&ageCategoryCode=&juniorRankingType=itf&take=100&skip=100&isOrderAscending=true,2026-09-29T13:05:23.115Z
2026-09-28,F,145,800596280,Sona Depesova,SVK,Slovakia,2008,616.25,https://www.itftennis.com/tennis/api/PlayerRankApi/GetPlayerRankings?circuitCode=JT&playerTypeCode=G&ageCategoryCode=&juniorRankingType=itf&take=100&skip=100&isOrderAscending=true,2026-09-29T13:05:23.115Z
2026-09-28,F,146,800764262,Sofia Iakukhina,RUS,Russia,2010,613.75,https://www.itftennis.com/tennis/api/PlayerRankApi/GetPlayerRankings?circuitCode=JT&playerTypeCode=G&ageCategoryCode=&juniorRankingType=itf&take=100&skip=100&isOrderAscending=true,2026-09-29T13:05:23.115Z
2026-09-28,F,147,800743801,FANGYU SHANG,CHN,"China, P.R.",2010,613.5,https://www.itftennis.com/tennis/api/PlayerRankApi/GetPlayerRankings?circuitCode=JT&playerTypeCode=G&ageCategoryCode=&juniorRankingType=itf&take=100&skip=100&isOrderAscending=true,2026-09-29T13:05:23.115Z
2026-09-28,F,148,800753704,Ru Xi Wu,CHN,"China, P.R.",2008,612.5,https://www.itftennis.com/tennis/api/PlayerRankApi/GetPlayerRankings?circuitCode=JT&playerTypeCode=G&ageCategoryCode=&juniorRankingType=itf&take=100&skip=100&isOrderAscending=true,2026-09-29T13:05:23.115Z
2026-09-28,F,149,800689265,Aoi Watanabe,JPN,Japan,2009,608.25,https://www.itftennis.com/tennis/api/PlayerRankApi/GetPlayerRankings?circuitCode=JT&playerTypeCode=G&ageCategoryCode=&juniorRankingType=itf&take=100&skip=100&isOrderAscending=true,2026-09-29T13:05:23.115Z
2026-09-28,F,150,800600260,Gwendolyn Fedel,GER,Germany,2008,605.5,https://www.itftennis.com/tennis/api/PlayerRankApi/GetPlayerRankings?circuitCode=JT&playerTypeCode=G&ageCategoryCode=&juniorRankingType=itf&take=100&skip=100&isOrderAscending=true,2026-09-29T13:05:23.115Z
2026-09-28,F,151,800654350,Isabella Angelina Abendroth,GER,Germany,2010,598.5,https://www.itftennis.com/tennis/api/PlayerRankApi/GetPlayerRankings?circuitCode=JT&playerTypeCode=G&ageCategoryCode=&juniorRankingType=itf&take=100&skip=100&isOrderAscending=true,2026-09-29T13:05:23.115Z
2026-09-28,F,152,800644108,Anna Bazderova,RUS,Russia,2009,590,https://www.itftennis.com/tennis/api/PlayerRankApi/GetPlayerRankings?circuitCode=JT&playerTypeCode=G&ageCategoryCode=&juniorRankingType=itf&take=100&skip=100&isOrderAscending=true,2026-09-29T13:05:23.115Z
2026-09-28,F,153,800713288,Maria Eduarda Carbone dos Santos,BRA,Brazil,2010,584,https://www.itftennis.com/tennis/api/PlayerRankApi/GetPlayerRankings?circuitCode=JT&playerTypeCode=G&ageCategoryCode=&juniorRankingType=itf&take=100&skip=100&isOrderAscending=true,2026-09-29T13:05:23.115Z
2026-09-28,F,154,800732650,Reiley Rhodes,USA,USA,2009,581.25,https://www.itftennis.com/tennis/api/PlayerRankApi/GetPlayerRankings?circuitCode=JT&playerTypeCode=G&ageCategoryCode=&juniorRankingType=itf&take=100&skip=100&isOrderAscending=true,2026-09-29T13:05:23.115Z
2026-09-28,F,155,800676215,Carla Vazquez Alcudia,ESP,Spain,2009,580,https://www.itftennis.com/tennis/api/PlayerRankApi/GetPlayerRankings?circuitCode=JT&playerTypeCode=G&ageCategoryCode=&juniorRankingType=itf&take=100&skip=100&isOrderAscending=true,2026-09-29T13:05:23.115Z
2026-09-28,F,156,800732376,Xiaotong Wang,CHN,"China, P.R.",2009,578.75,https://www.itftennis.com/tennis/api/PlayerRankApi/GetPlayerRankings?circuitCode=JT&playerTypeCode=G&ageCategoryCode=&juniorRankingType=itf&take=100&skip=100&isOrderAscending=true,2026-09-29T13:05:23.115Z
2026-09-28,F,157,800587914,Masa Jankovic,SRB,Serbia,2008,576.75,https://www.itftennis.com/tennis/api/PlayerRankApi/GetPlayerRankings?circuitCode=JT&playerTypeCode=G&ageCategoryCode=&juniorRankingType=itf&take=100&skip=100&isOrderAscending=true,2026-09-29T13:05:23.115Z
2026-09-28,F,158,800662436,Keisija Berzina,LAT,Latvia,2010,572,https://www.itftennis.com/tennis/api/PlayerRankApi/GetPlayerRankings?circuitCode=JT&playerTypeCode=G&ageCategoryCode=&juniorRankingType=itf&take=100&skip=100&isOrderAscending=true,2026-09-29T13:05:23.115Z
2026-09-28,F,159,800585002,Nehir Dogan,TUR,Turkiye,2008,571.25,https://www.itftennis.com/tennis/api/PlayerRankApi/GetPlayerRankings?circuitCode=JT&playerTypeCode=G&ageCategoryCode=&juniorRankingType=itf&take=100&skip=100&isOrderAscending=true,2026-09-29T13:05:23.115Z
2026-09-28,F,160,800681271,Kori Montoya,USA,USA,2008,559.75,https://www.itftennis.com/tennis/api/PlayerRankApi/GetPlayerRankings?circuitCode=JT&playerTypeCode=G&ageCategoryCode=&juniorRankingType=itf&take=100&skip=100&isOrderAscending=true,2026-09-29T13:05:23.115Z
2026-09-28,F,161,800655608,Catalina Delmas Schaerer,PAR,Paraguay,2009,554.75,https://www.itftennis.com/tennis/api/PlayerRankApi/GetPlayerRankings?circuitCode=JT&playerTypeCode=G&ageCategoryCode=&juniorRankingType=itf&take=100&skip=100&isOrderAscending=true,2026-09-29T13:05:23.115Z
2026-09-28,F,162,800662490,Caroline Hermanns,DEN,Denmark,2009,550.75,https://www.itftennis.com/tennis/api/PlayerRankApi/GetPlayerRankings?circuitCode=JT&playerTypeCode=G&ageCategoryCode=&juniorRankingType=itf&take=100&skip=100&isOrderAscending=true,2026-09-29T13:05:23.115Z
2026-09-28,F,163,800627475,Mia Pohankova,SVK,Slovakia,2008,550,https://www.itftennis.com/tennis/api/PlayerRankApi/GetPlayerRankings?circuitCode=JT&playerTypeCode=G&ageCategoryCode=&juniorRankingType=itf&take=100&skip=100&isOrderAscending=true,2026-09-29T13:05:23.115Z
2026-09-28,F,164,800778327,Anya Arora,USA,USA,2011,545.25,https://www.itftennis.com/tennis/api/PlayerRankApi/GetPlayerRankings?circuitCode=JT&playerTypeCode=G&ageCategoryCode=&juniorRankingType=itf&take=100&skip=100&isOrderAscending=true,2026-09-29T13:05:23.115Z
2026-09-28,F,165,800668351,Megan Knight,GBR,Great Britain,2011,543.5,https://www.itftennis.com/tennis/api/PlayerRankApi/GetPlayerRankings?circuitCode=JT&playerTypeCode=G&ageCategoryCode=&juniorRankingType=itf&take=100&skip=100&isOrderAscending=true,2026-09-29T13:05:23.115Z
2026-09-28,F,166,800747553,Tori Russell,AUS,Australia,2010,542,https://www.itftennis.com/tennis/api/PlayerRankApi/GetPlayerRankings?circuitCode=JT&playerTypeCode=G&ageCategoryCode=&juniorRankingType=itf&take=100&skip=100&isOrderAscending=true,2026-09-29T13:05:23.115Z
2026-09-28,F,167,800654767,Kali Supova,SVK,Slovakia,2009,541,https://www.itftennis.com/tennis/api/PlayerRankApi/GetPlayerRankings?circuitCode=JT&playerTypeCode=G&ageCategoryCode=&juniorRankingType=itf&take=100&skip=100&isOrderAscending=true,2026-09-29T13:05:23.115Z
2026-09-28,F,168,800639234,Valeria Garnevska,BUL,Bulgaria,2008,536.5,https://www.itftennis.com/tennis/api/PlayerRankApi/GetPlayerRankings?circuitCode=JT&playerTypeCode=G&ageCategoryCode=&juniorRankingType=itf&take=100&skip=100&isOrderAscending=true,2026-09-29T13:05:23.115Z
2026-09-28,F,169,800805629,Polina Orlova,RUS,Russia,2011,534.75,https://www.itftennis.com/tennis/api/PlayerRankApi/GetPlayerRankings?circuitCode=JT&playerTypeCode=G&ageCategoryCode=&juniorRankingType=itf&take=100&skip=100&isOrderAscending=true,2026-09-29T13:05:23.115Z
2026-09-28,F,170,800664865,Edie Griffiths,GBR,Great Britain,2009,534,https://www.itftennis.com/tennis/api/PlayerRankApi/GetPlayerRankings?circuitCode=JT&playerTypeCode=G&ageCategoryCode=&juniorRankingType=itf&take=100&skip=100&isOrderAscending=true,2026-09-29T13:05:23.115Z
2026-09-28,F,171,800672327,Sophie Triquart,GER,Germany,2010,533,https://www.itftennis.com/tennis/api/PlayerRankApi/GetPlayerRankings?circuitCode=JT&playerTypeCode=G&ageCategoryCode=&juniorRankingType=itf&take=100&skip=100&isOrderAscending=true,2026-09-29T13:05:23.115Z
2026-09-28,F,172,800654679,Alisha Ndukwu,POL,Poland,2009,530,https://www.itftennis.com/tennis/api/PlayerRankApi/GetPlayerRankings?circuitCode=JT&playerTypeCode=G&ageCategoryCode=&juniorRankingType=itf&take=100&skip=100&isOrderAscending=true,2026-09-29T13:05:23.115Z
2026-09-28,F,173,800684523,Ellen Hirschi,AUS,Australia,2008,529.25,https://www.itftennis.com/tennis/api/PlayerRankApi/GetPlayerRankings?circuitCode=JT&playerTypeCode=G&ageCategoryCode=&juniorRankingType=itf&take=100&skip=100&isOrderAscending=true,2026-09-29T13:05:23.115Z
2026-09-28,F,174,800589857,Anastasia Lizunova,RUS,Russia,2008,527.5,https://www.itftennis.com/tennis/api/PlayerRankApi/GetPlayerRankings?circuitCode=JT&playerTypeCode=G&ageCategoryCode=&juniorRankingType=itf&take=100&skip=100&isOrderAscending=true,2026-09-29T13:05:23.115Z
2026-09-28,F,175,800765119,Clara Coura,BRA,Brazil,2011,526.25,https://www.itftennis.com/tennis/api/PlayerRankApi/GetPlayerRankings?circuitCode=JT&playerTypeCode=G&ageCategoryCode=&juniorRankingType=itf&take=100&skip=100&isOrderAscending=true,2026-09-29T13:05:23.115Z
2026-09-28,F,176,800692381,Diya Ramesh Ramesh,IND,India,2009,522.5,https://www.itftennis.com/tennis/api/PlayerRankApi/GetPlayerRankings?circuitCode=JT&playerTypeCode=G&ageCategoryCode=&juniorRankingType=itf&take=100&skip=100&isOrderAscending=true,2026-09-29T13:05:23.115Z
2026-09-28,F,177,800745722,Mai Sasaki,JPN,Japan,2010,522,https://www.itftennis.com/tennis/api/PlayerRankApi/GetPlayerRankings?circuitCode=JT&playerTypeCode=G&ageCategoryCode=&juniorRankingType=itf&take=100&skip=100&isOrderAscending=true,2026-09-29T13:05:23.115Z
2026-09-28,F,178,800655701,Sofia Ferraris,ITA,Italy,2010,520.75,https://www.itftennis.com/tennis/api/PlayerRankApi/GetPlayerRankings?circuitCode=JT&playerTypeCode=G&ageCategoryCode=&juniorRankingType=itf&take=100&skip=100&isOrderAscending=true,2026-09-29T13:05:23.115Z
2026-09-28,F,179,800691563,Kseniia Akhrameeva,RUS,Russia,2010,511,https://www.itftennis.com/tennis/api/PlayerRankApi/GetPlayerRankings?circuitCode=JT&playerTypeCode=G&ageCategoryCode=&juniorRankingType=itf&take=100&skip=100&isOrderAscending=true,2026-09-29T13:05:23.115Z
2026-09-28,F,180,800598122,Karina Kovalchuk,UKR,Ukraine,2008,507,https://www.itftennis.com/tennis/api/PlayerRankApi/GetPlayerRankings?circuitCode=JT&playerTypeCode=G&ageCategoryCode=&juniorRankingType=itf&take=100&skip=100&isOrderAscending=true,2026-09-29T13:05:23.115Z
2026-09-28,F,181,800756485,JiaLi Dong,CHN,"China, P.R.",2010,506,https://www.itftennis.com/tennis/api/PlayerRankApi/GetPlayerRankings?circuitCode=JT&playerTypeCode=G&ageCategoryCode=&juniorRankingType=itf&take=100&skip=100&isOrderAscending=true,2026-09-29T13:05:23.115Z
2026-09-28,F,182,800663836,Liv Zingg,GBR,Great Britain,2011,492,https://www.itftennis.com/tennis/api/PlayerRankApi/GetPlayerRankings?circuitCode=JT&playerTypeCode=G&ageCategoryCode=&juniorRankingType=itf&take=100&skip=100&isOrderAscending=true,2026-09-29T13:05:23.115Z
2026-09-28,F,183,800593756,Anna Mihalka,HUN,Hungary,2009,491.25,https://www.itftennis.com/tennis/api/PlayerRankApi/GetPlayerRankings?circuitCode=JT&playerTypeCode=G&ageCategoryCode=&juniorRankingType=itf&take=100&skip=100&isOrderAscending=true,2026-09-29T13:05:23.115Z
2026-09-28,F,184,800631038,Hannah Klugman,GBR,Great Britain,2009,490,https://www.itftennis.com/tennis/api/PlayerRankApi/GetPlayerRankings?circuitCode=JT&playerTypeCode=G&ageCategoryCode=&juniorRankingType=itf&take=100&skip=100&isOrderAscending=true,2026-09-29T13:05:23.115Z
2026-09-28,F,185,800630721,Capucine Cedillo- Vayson de Pradenne,FRA,France,2009,488,https://www.itftennis.com/tennis/api/PlayerRankApi/GetPlayerRankings?circuitCode=JT&playerTypeCode=G&ageCategoryCode=&juniorRankingType=itf&take=100&skip=100&isOrderAscending=true,2026-09-29T13:05:23.115Z
2026-09-28,F,186,800802849,Kathryn Cragg,USA,USA,2011,485.25,https://www.itftennis.com/tennis/api/PlayerRankApi/GetPlayerRankings?circuitCode=JT&playerTypeCode=G&ageCategoryCode=&juniorRankingType=itf&take=100&skip=100&isOrderAscending=true,2026-09-29T13:05:23.115Z
2026-09-28,F,187,800797140,Sylvana Jalbert,USA,USA,2010,484,https://www.itftennis.com/tennis/api/PlayerRankApi/GetPlayerRankings?circuitCode=JT&playerTypeCode=G&ageCategoryCode=&juniorRankingType=itf&take=100&skip=100&isOrderAscending=true,2026-09-29T13:05:23.115Z
2026-09-28,F,188,800653329,Capucine Jauffret,USA,USA,2008,482.75,https://www.itftennis.com/tennis/api/PlayerRankApi/GetPlayerRankings?circuitCode=JT&playerTypeCode=G&ageCategoryCode=&juniorRankingType=itf&take=100&skip=100&isOrderAscending=true,2026-09-29T13:05:23.115Z
2026-09-28,F,189,800662933,LYDIA PANAGIOTIDOU,GRE,Greece,2010,482.5,https://www.itftennis.com/tennis/api/PlayerRankApi/GetPlayerRankings?circuitCode=JT&playerTypeCode=G&ageCategoryCode=&juniorRankingType=itf&take=100&skip=100&isOrderAscending=true,2026-09-29T13:05:23.115Z
2026-09-28,F,190,800715977,Iva Ivankovic,SUI,Switzerland,2010,482.5,https://www.itftennis.com/tennis/api/PlayerRankApi/GetPlayerRankings?circuitCode=JT&playerTypeCode=G&ageCategoryCode=&juniorRankingType=itf&take=100&skip=100&isOrderAscending=true,2026-09-29T13:05:23.115Z
2026-09-28,F,191,800725240,Roxy Bredenkamp,RSA,South Africa,2009,479.5,https://www.itftennis.com/tennis/api/PlayerRankApi/GetPlayerRankings?circuitCode=JT&playerTypeCode=G&ageCategoryCode=&juniorRankingType=itf&take=100&skip=100&isOrderAscending=true,2026-09-29T13:05:23.115Z
2026-09-28,F,192,800639382,Ioana Stefania Boian,ROU,Romania,2009,479.25,https://www.itftennis.com/tennis/api/PlayerRankApi/GetPlayerRankings?circuitCode=JT&playerTypeCode=G&ageCategoryCode=&juniorRankingType=itf&take=100&skip=100&isOrderAscending=true,2026-09-29T13:05:23.115Z
2026-09-28,F,193,800642979,Vittoria Vignolini,ITA,Italy,2009,479.25,https://www.itftennis.com/tennis/api/PlayerRankApi/GetPlayerRankings?circuitCode=JT&playerTypeCode=G&ageCategoryCode=&juniorRankingType=itf&take=100&skip=100&isOrderAscending=true,2026-09-29T13:05:23.115Z
2026-09-28,F,194,800844714,Elizaveta Timokhina,RUS,Russia,2011,477.75,https://www.itftennis.com/tennis/api/PlayerRankApi/GetPlayerRankings?circuitCode=JT&playerTypeCode=G&ageCategoryCode=&juniorRankingType=itf&take=100&skip=100&isOrderAscending=true,2026-09-29T13:05:23.115Z
2026-09-28,F,195,800661147,Ana Frommenwiler,SUI,Switzerland,2009,473,https://www.itftennis.com/tennis/api/PlayerRankApi/GetPlayerRankings?circuitCode=JT&playerTypeCode=G&ageCategoryCode=&juniorRankingType=itf&take=100&skip=100&isOrderAscending=true,2026-09-29T13:05:23.115Z
2026-09-28,F,196,800660486,Sabrina Balderrama,VEN,Venezuela,2009,471.5,https://www.itftennis.com/tennis/api/PlayerRankApi/GetPlayerRankings?circuitCode=JT&playerTypeCode=G&ageCategoryCode=&juniorRankingType=itf&take=100&skip=100&isOrderAscending=true,2026-09-29T13:05:23.115Z
2026-09-28,F,197,800586889,Alexandra Cheishvili,RUS,Russia,2008,467.5,https://www.itftennis.com/tennis/api/PlayerRankApi/GetPlayerRankings?circuitCode=JT&playerTypeCode=G&ageCategoryCode=&juniorRankingType=itf&take=100&skip=100&isOrderAscending=true,2026-09-29T13:05:23.115Z
2026-09-28,F,198,800722126,Elicia Lin,CAN,Canada,2009,463,https://www.itftennis.com/tennis/api/PlayerRankApi/GetPlayerRankings?circuitCode=JT&playerTypeCode=G&ageCategoryCode=&juniorRankingType=itf&take=100&skip=100&isOrderAscending=true,2026-09-29T13:05:23.115Z
2026-09-28,F,199,800734391,Daria Bilyk,UKR,Ukraine,2010,459.5,https://www.itftennis.com/tennis/api/PlayerRankApi/GetPlayerRankings?circuitCode=JT&playerTypeCode=G&ageCategoryCode=&juniorRankingType=itf&take=100&skip=100&isOrderAscending=true,2026-09-29T13:05:23.115Z
2026-09-28,F,200,800699757,Sera Park,KOR,"Korea, Rep.",2010,457,https://www.itftennis.com/tennis/api/PlayerRankApi/GetPlayerRankings?circuitCode=JT&playerTypeCode=G&ageCategoryCode=&juniorRankingType=itf&take=100&skip=100&isOrderAscending=true,2026-09-29T13:05:23.115Z
2026-09-28,F,201,800632085,Adiya Omarbek,KAZ,Kazakhstan,2009,456.75,https://www.itftennis.com/tennis/api/PlayerRankApi/GetPlayerRankings?circuitCode=JT&playerTypeCode=G&ageCategoryCode=&juniorRankingType=itf&take=100&skip=200&isOrderAscending=true,2026-09-29T13:05:30.874Z
2026-09-28,F,202,800767494,Aarini Bhattacharya,USA,USA,2010,451,https://www.itftennis.com/tennis/api/PlayerRankApi/GetPlayerRankings?circuitCode=JT&playerTypeCode=G&ageCategoryCode=&juniorRankingType=itf&take=100&skip=200&isOrderAscending=true,2026-09-29T13:05:30.874Z
2026-09-28,F,203,800713253,Emanuela Lares,COL,Colombia,2010,450.5,https://www.itftennis.com/tennis/api/PlayerRankApi/GetPlayerRankings?circuitCode=JT&playerTypeCode=G&ageCategoryCode=&juniorRankingType=itf&take=100&skip=200&isOrderAscending=true,2026-09-29T13:05:30.874Z
2026-09-28,F,204,800652535,Vanessa Svobodova,CZE,Czechia,2009,449.75,https://www.itftennis.com/tennis/api/PlayerRankApi/GetPlayerRankings?circuitCode=JT&playerTypeCode=G&ageCategoryCode=&juniorRankingType=itf&take=100&skip=200&isOrderAscending=true,2026-09-29T13:05:30.874Z
2026-09-28,F,205,800655000,ofir manhard,ISR,Israel,2011,449.5,https://www.itftennis.com/tennis/api/PlayerRankApi/GetPlayerRankings?circuitCode=JT&playerTypeCode=G&ageCategoryCode=&juniorRankingType=itf&take=100&skip=200&isOrderAscending=true,2026-09-29T13:05:30.874Z
2026-09-28,F,206,800866643,Nikol Davletshina,RUS,Russia,2013,447.75,https://www.itftennis.com/tennis/api/PlayerRankApi/GetPlayerRankings?circuitCode=JT&playerTypeCode=G&ageCategoryCode=&juniorRankingType=itf&take=100&skip=200&isOrderAscending=true,2026-09-29T13:05:30.874Z
2026-09-28,F,207,800622037,Gabriela Paun,ESP,Spain,2008,447.5,https://www.itftennis.com/tennis/api/PlayerRankApi/GetPlayerRankings?circuitCode=JT&playerTypeCode=G&ageCategoryCode=&juniorRankingType=itf&take=100&skip=200&isOrderAscending=true,2026-09-29T13:05:30.874Z
2026-09-28,F,208,800668189,Ena Ilic,SRB,Serbia,2010,446.5,https://www.itftennis.com/tennis/api/PlayerRankApi/GetPlayerRankings?circuitCode=JT&playerTypeCode=G&ageCategoryCode=&juniorRankingType=itf&take=100&skip=200&isOrderAscending=true,2026-09-29T13:05:30.874Z
2026-09-28,F,209,800732423,Xiran Lan,CHN,"China, P.R.",2009,443,https://www.itftennis.com/tennis/api/PlayerRankApi/GetPlayerRankings?circuitCode=JT&playerTypeCode=G&ageCategoryCode=&juniorRankingType=itf&take=100&skip=200&isOrderAscending=true,2026-09-29T13:05:30.874Z
2026-09-28,F,210,800672178,Eliska Drevojanova,CZE,Czechia,2009,442,https://www.itftennis.com/tennis/api/PlayerRankApi/GetPlayerRankings?circuitCode=JT&playerTypeCode=G&ageCategoryCode=&juniorRankingType=itf&take=100&skip=200&isOrderAscending=true,2026-09-29T13:05:30.874Z
2026-09-28,F,211,800718202,Isidora Lisboa,CHI,Chile,2009,440.25,https://www.itftennis.com/tennis/api/PlayerRankApi/GetPlayerRankings?circuitCode=JT&playerTypeCode=G&ageCategoryCode=&juniorRankingType=itf&take=100&skip=200&isOrderAscending=true,2026-09-29T13:05:30.874Z
2026-09-28,F,212,800671762,Elizaveta Nalesnik,RUS,Russia,2011,439.5,https://www.itftennis.com/tennis/api/PlayerRankApi/GetPlayerRankings?circuitCode=JT&playerTypeCode=G&ageCategoryCode=&juniorRankingType=itf&take=100&skip=200&isOrderAscending=true,2026-09-29T13:05:30.874Z
2026-09-28,F,213,800598081,Sophie Bekker,GBR,Great Britain,2008,438.5,https://www.itftennis.com/tennis/api/PlayerRankApi/GetPlayerRankings?circuitCode=JT&playerTypeCode=G&ageCategoryCode=&juniorRankingType=itf&take=100&skip=200&isOrderAscending=true,2026-09-29T13:05:30.874Z
2026-09-28,F,214,800655163,Morgan Jordaan,RSA,South Africa,2008,438,https://www.itftennis.com/tennis/api/PlayerRankApi/GetPlayerRankings?circuitCode=JT&playerTypeCode=G&ageCategoryCode=&juniorRankingType=itf&take=100&skip=200&isOrderAscending=true,2026-09-29T13:05:30.874Z
2026-09-28,F,215,800775735,Jiayi Sun,CHN,"China, P.R.",2010,437,https://www.itftennis.com/tennis/api/PlayerRankApi/GetPlayerRankings?circuitCode=JT&playerTypeCode=G&ageCategoryCode=&juniorRankingType=itf&take=100&skip=200&isOrderAscending=true,2026-09-29T13:05:30.874Z
2026-09-28,F,216,800654681,Alba Maria Coromina Boluda,ESP,Spain,2009,436.25,https://www.itftennis.com/tennis/api/PlayerRankApi/GetPlayerRankings?circuitCode=JT&playerTypeCode=G&ageCategoryCode=&juniorRankingType=itf&take=100&skip=200&isOrderAscending=true,2026-09-29T13:05:30.874Z
2026-09-28,F,217,800672692,Leticia Alessia Bazan Bazan,PER,Peru,2009,435.5,https://www.itftennis.com/tennis/api/PlayerRankApi/GetPlayerRankings?circuitCode=JT&playerTypeCode=G&ageCategoryCode=&juniorRankingType=itf&take=100&skip=200&isOrderAscending=true,2026-09-29T13:05:30.874Z
2026-09-28,F,218,800708722,Emma Fulvia Wiesenfeld,FRA,France,2009,434,https://www.itftennis.com/tennis/api/PlayerRankApi/GetPlayerRankings?circuitCode=JT&playerTypeCode=G&ageCategoryCode=&juniorRankingType=itf&take=100&skip=200&isOrderAscending=true,2026-09-29T13:05:30.874Z
2026-09-28,F,219,800589634,Laura Valentine Pop,FRA,France,2009,433.5,https://www.itftennis.com/tennis/api/PlayerRankApi/GetPlayerRankings?circuitCode=JT&playerTypeCode=G&ageCategoryCode=&juniorRankingType=itf&take=100&skip=200&isOrderAscending=true,2026-09-29T13:05:30.874Z
2026-09-28,F,220,800683370,Varvara Vinogradova,RUS,Russia,2010,431.75,https://www.itftennis.com/tennis/api/PlayerRankApi/GetPlayerRankings?circuitCode=JT&playerTypeCode=G&ageCategoryCode=&juniorRankingType=itf&take=100&skip=200&isOrderAscending=true,2026-09-29T13:05:30.874Z
2026-09-28,F,221,800632255,Eva Korysheva,KAZ,Kazakhstan,2009,431,https://www.itftennis.com/tennis/api/PlayerRankApi/GetPlayerRankings?circuitCode=JT&playerTypeCode=G&ageCategoryCode=&juniorRankingType=itf&take=100&skip=200&isOrderAscending=true,2026-09-29T13:05:30.874Z
2026-09-28,F,222,800675131,Tatyana Golovina,RUS,Russia,2010,422.5,https://www.itftennis.com/tennis/api/PlayerRankApi/GetPlayerRankings?circuitCode=JT&playerTypeCode=G&ageCategoryCode=&juniorRankingType=itf&take=100&skip=200&isOrderAscending=true,2026-09-29T13:05:30.874Z
2026-09-28,F,223,800652356,Aishi Das,NZL,New Zealand,2008,421.25,https://www.itftennis.com/tennis/api/PlayerRankApi/GetPlayerRankings?circuitCode=JT&playerTypeCode=G&ageCategoryCode=&juniorRankingType=itf&take=100&skip=200&isOrderAscending=true,2026-09-29T13:05:30.874Z
2026-09-28,F,224,800712922,Audrey Kao,TPE,Chinese Taipei,2009,416.5,https://www.itftennis.com/tennis/api/PlayerRankApi/GetPlayerRankings?circuitCode=JT&playerTypeCode=G&ageCategoryCode=&juniorRankingType=itf&take=100&skip=200&isOrderAscending=true,2026-09-29T13:05:30.874Z
2026-09-28,F,225,800587831,Anna Kartseva,RUS,Russia,2008,413,https://www.itftennis.com/tennis/api/PlayerRankApi/GetPlayerRankings?circuitCode=JT&playerTypeCode=G&ageCategoryCode=&juniorRankingType=itf&take=100&skip=200&isOrderAscending=true,2026-09-29T13:05:30.874Z
2026-09-28,F,226,800701368,Georgia Campbell,AUS,Australia,2009,412.25,https://www.itftennis.com/tennis/api/PlayerRankApi/GetPlayerRankings?circuitCode=JT&playerTypeCode=G&ageCategoryCode=&juniorRankingType=itf&take=100&skip=200&isOrderAscending=true,2026-09-29T13:05:30.874Z
2026-09-28,F,227,800693517,Kalista Papadopoulos,USA,USA,2009,411,https://www.itftennis.com/tennis/api/PlayerRankApi/GetPlayerRankings?circuitCode=JT&playerTypeCode=G&ageCategoryCode=&juniorRankingType=itf&take=100&skip=200&isOrderAscending=true,2026-09-29T13:05:30.874Z
2026-09-28,F,228,800700177,Ciara Harding,USA,USA,2009,410.75,https://www.itftennis.com/tennis/api/PlayerRankApi/GetPlayerRankings?circuitCode=JT&playerTypeCode=G&ageCategoryCode=&juniorRankingType=itf&take=100&skip=200&isOrderAscending=true,2026-09-29T13:05:30.874Z
2026-09-28,F,229,800684509,Rito Arima,JPN,Japan,2008,410.75,https://www.itftennis.com/tennis/api/PlayerRankApi/GetPlayerRankings?circuitCode=JT&playerTypeCode=G&ageCategoryCode=&juniorRankingType=itf&take=100&skip=200&isOrderAscending=true,2026-09-29T13:05:30.874Z
2026-09-28,F,230,800637116,Angelica Sara,ITA,Italy,2009,407.5,https://www.itftennis.com/tennis/api/PlayerRankApi/GetPlayerRankings?circuitCode=JT&playerTypeCode=G&ageCategoryCode=&juniorRankingType=itf&take=100&skip=200&isOrderAscending=true,2026-09-29T13:05:30.874Z
2026-09-28,F,231,800688060,Romina Dominguez Garcia,MEX,Mexico,2009,406.5,https://www.itftennis.com/tennis/api/PlayerRankApi/GetPlayerRankings?circuitCode=JT&playerTypeCode=G&ageCategoryCode=&juniorRankingType=itf&take=100&skip=200&isOrderAscending=true,2026-09-29T13:05:30.874Z
2026-09-28,F,232,800670966,Lea Haider-Maurer,AUT,Austria,2010,406,https://www.itftennis.com/tennis/api/PlayerRankApi/GetPlayerRankings?circuitCode=JT&playerTypeCode=G&ageCategoryCode=&juniorRankingType=itf&take=100&skip=200&isOrderAscending=true,2026-09-29T13:05:30.874Z
2026-09-28,F,233,800642724,Rira Kosaka,JPN,Japan,2008,404.75,https://www.itftennis.com/tennis/api/PlayerRankApi/GetPlayerRankings?circuitCode=JT&playerTypeCode=G&ageCategoryCode=&juniorRankingType=itf&take=100&skip=200&isOrderAscending=true,2026-09-29T13:05:30.874Z
2026-09-28,F,234,800655627,Silvana Fajardo,PER,Peru,2009,403.5,https://www.itftennis.com/tennis/api/PlayerRankApi/GetPlayerRankings?circuitCode=JT&playerTypeCode=G&ageCategoryCode=&juniorRankingType=itf&take=100&skip=200&isOrderAscending=true,2026-09-29T13:05:30.874Z
2026-09-28,F,235,800796000,Mia Brayotta,ARG,Argentina,2009,403.5,https://www.itftennis.com/tennis/api/PlayerRankApi/GetPlayerRankings?circuitCode=JT&playerTypeCode=G&ageCategoryCode=&juniorRankingType=itf&take=100&skip=200&isOrderAscending=true,2026-09-29T13:05:30.874Z
2026-09-28,F,236,800713070,Eve Thibault,CAN,Canada,2010,402,https://www.itftennis.com/tennis/api/PlayerRankApi/GetPlayerRankings?circuitCode=JT&playerTypeCode=G&ageCategoryCode=&juniorRankingType=itf&take=100&skip=200&isOrderAscending=true,2026-09-29T13:05:30.874Z
2026-09-28,F,237,800650824,Anastasiia Sorska,UKR,Ukraine,2008,402,https://www.itftennis.com/tennis/api/PlayerRankApi/GetPlayerRankings?circuitCode=JT&playerTypeCode=G&ageCategoryCode=&juniorRankingType=itf&take=100&skip=200&isOrderAscending=true,2026-09-29T13:05:30.874Z
2026-09-28,F,238,800810185,Catarina Braun,POR,Portugal,2011,400,https://www.itftennis.com/tennis/api/PlayerRankApi/GetPlayerRankings?circuitCode=JT&playerTypeCode=G&ageCategoryCode=&juniorRankingType=itf&take=100&skip=200&isOrderAscending=true,2026-09-29T13:05:30.874Z
2026-09-28,F,239,800741206,Angel Warang,AUS,Australia,2010,399,https://www.itftennis.com/tennis/api/PlayerRankApi/GetPlayerRankings?circuitCode=JT&playerTypeCode=G&ageCategoryCode=&juniorRankingType=itf&take=100&skip=200&isOrderAscending=true,2026-09-29T13:05:30.874Z
2026-09-28,F,240,800842309,Isha Manchala,USA,USA,2012,397.5,https://www.itftennis.com/tennis/api/PlayerRankApi/GetPlayerRankings?circuitCode=JT&playerTypeCode=G&ageCategoryCode=&juniorRankingType=itf&take=100&skip=200&isOrderAscending=true,2026-09-29T13:05:30.874Z
2026-09-28,F,241,800771484,Tsai-Jung Chiang,TPE,Chinese Taipei,2011,395.5,https://www.itftennis.com/tennis/api/PlayerRankApi/GetPlayerRankings?circuitCode=JT&playerTypeCode=G&ageCategoryCode=&juniorRankingType=itf&take=100&skip=200&isOrderAscending=true,2026-09-29T13:05:30.874Z
2026-09-28,F,242,800692442,Hannelore Daniels,BEL,Belgium,2011,394.75,https://www.itftennis.com/tennis/api/PlayerRankApi/GetPlayerRankings?circuitCode=JT&playerTypeCode=G&ageCategoryCode=&juniorRankingType=itf&take=100&skip=200&isOrderAscending=true,2026-09-29T13:05:30.874Z
2026-09-28,F,243,800751736,Pauline Ma,AUS,Australia,2010,392,https://www.itftennis.com/tennis/api/PlayerRankApi/GetPlayerRankings?circuitCode=JT&playerTypeCode=G&ageCategoryCode=&juniorRankingType=itf&take=100&skip=200&isOrderAscending=true,2026-09-29T13:05:30.874Z
2026-09-28,F,244,800638511,Candela Vazquez,ARG,Argentina,2008,391.25,https://www.itftennis.com/tennis/api/PlayerRankApi/GetPlayerRankings?circuitCode=JT&playerTypeCode=G&ageCategoryCode=&juniorRankingType=itf&take=100&skip=200&isOrderAscending=true,2026-09-29T13:05:30.874Z
2026-09-28,F,245,800647044,Lisa Anzai,JPN,Japan,2009,390.75,https://www.itftennis.com/tennis/api/PlayerRankApi/GetPlayerRankings?circuitCode=JT&playerTypeCode=G&ageCategoryCode=&juniorRankingType=itf&take=100&skip=200&isOrderAscending=true,2026-09-29T13:05:30.874Z
2026-09-28,F,246,800651750,Vega Aguilar Ferrandez,ESP,Spain,2009,388.25,https://www.itftennis.com/tennis/api/PlayerRankApi/GetPlayerRankings?circuitCode=JT&playerTypeCode=G&ageCategoryCode=&juniorRankingType=itf&take=100&skip=200&isOrderAscending=true,2026-09-29T13:05:30.874Z
2026-09-28,F,247,800668017,Anna-Adelina Nykyforuk,UKR,Ukraine,2009,387,https://www.itftennis.com/tennis/api/PlayerRankApi/GetPlayerRankings?circuitCode=JT&playerTypeCode=G&ageCategoryCode=&juniorRankingType=itf&take=100&skip=200&isOrderAscending=true,2026-09-29T13:05:30.874Z
2026-09-28,F,248,800824938,Daniella Sales,USA,USA,2011,386.5,https://www.itftennis.com/tennis/api/PlayerRankApi/GetPlayerRankings?circuitCode=JT&playerTypeCode=G&ageCategoryCode=&juniorRankingType=itf&take=100&skip=200&isOrderAscending=true,2026-09-29T13:05:30.874Z
2026-09-28,F,249,800596707,Constanza Fernandez Rincon,MEX,Mexico,2008,385,https://www.itftennis.com/tennis/api/PlayerRankApi/GetPlayerRankings?circuitCode=JT&playerTypeCode=G&ageCategoryCode=&juniorRankingType=itf&take=100&skip=200&isOrderAscending=true,2026-09-29T13:05:30.874Z
2026-09-28,F,250,800594278,Luca Kalman,HUN,Hungary,2009,382,https://www.itftennis.com/tennis/api/PlayerRankApi/GetPlayerRankings?circuitCode=JT&playerTypeCode=G&ageCategoryCode=&juniorRankingType=itf&take=100&skip=200&isOrderAscending=true,2026-09-29T13:05:30.874Z
2026-09-28,F,251,800668270,Rozalie Vrajikova,CZE,Czechia,2009,382,https://www.itftennis.com/tennis/api/PlayerRankApi/GetPlayerRankings?circuitCode=JT&playerTypeCode=G&ageCategoryCode=&juniorRankingType=itf&take=100&skip=200&isOrderAscending=true,2026-09-29T13:05:30.874Z
2026-09-28,F,252,800598087,Sarina Schnyder,SUI,Switzerland,2008,381.5,https://www.itftennis.com/tennis/api/PlayerRankApi/GetPlayerRankings?circuitCode=JT&playerTypeCode=G&ageCategoryCode=&juniorRankingType=itf&take=100&skip=200&isOrderAscending=true,2026-09-29T13:05:30.874Z
2026-09-28,F,253,800696893,Misaki Sekido,JPN,Japan,2011,381.25,https://www.itftennis.com/tennis/api/PlayerRankApi/GetPlayerRankings?circuitCode=JT&playerTypeCode=G&ageCategoryCode=&juniorRankingType=itf&take=100&skip=200&isOrderAscending=true,2026-09-29T13:05:30.874Z
2026-09-28,F,254,800738190,Yi-En Hua,TPE,Chinese Taipei,2009,379.75,https://www.itftennis.com/tennis/api/PlayerRankApi/GetPlayerRankings?circuitCode=JT&playerTypeCode=G&ageCategoryCode=&juniorRankingType=itf&take=100&skip=200&isOrderAscending=true,2026-09-29T13:05:30.874Z
2026-09-28,F,255,800722768,Emilia Henningsen,DEN,Denmark,2012,379.5,https://www.itftennis.com/tennis/api/PlayerRankApi/GetPlayerRankings?circuitCode=JT&playerTypeCode=G&ageCategoryCode=&juniorRankingType=itf&take=100&skip=200&isOrderAscending=true,2026-09-29T13:05:30.874Z
2026-09-28,F,256,800589402,Nina Andronicou,CYP,Cyprus,2008,379,https://www.itftennis.com/tennis/api/PlayerRankApi/GetPlayerRankings?circuitCode=JT&playerTypeCode=G&ageCategoryCode=&juniorRankingType=itf&take=100&skip=200&isOrderAscending=true,2026-09-29T13:05:30.874Z
2026-09-28,F,257,800594116,Fabiola Marino,ITA,Italy,2008,378.75,https://www.itftennis.com/tennis/api/PlayerRankApi/GetPlayerRankings?circuitCode=JT&playerTypeCode=G&ageCategoryCode=&juniorRankingType=itf&take=100&skip=200&isOrderAscending=true,2026-09-29T13:05:30.874Z
2026-09-28,F,258,800630879,Polina Nikitina,RUS,Russia,2009,378.5,https://www.itftennis.com/tennis/api/PlayerRankApi/GetPlayerRankings?circuitCode=JT&playerTypeCode=G&ageCategoryCode=&juniorRankingType=itf&take=100&skip=200&isOrderAscending=true,2026-09-29T13:05:30.874Z
2026-09-28,F,259,800681654,REI MIYAMOTO,JPN,Japan,2010,377.5,https://www.itftennis.com/tennis/api/PlayerRankApi/GetPlayerRankings?circuitCode=JT&playerTypeCode=G&ageCategoryCode=&juniorRankingType=itf&take=100&skip=200&isOrderAscending=true,2026-09-29T13:05:30.874Z
2026-09-28,F,260,800771024,Caroline Shao,USA,USA,2011,376.5,https://www.itftennis.com/tennis/api/PlayerRankApi/GetPlayerRankings?circuitCode=JT&playerTypeCode=G&ageCategoryCode=&juniorRankingType=itf&take=100&skip=200&isOrderAscending=true,2026-09-29T13:05:30.874Z
2026-09-28,F,261,800732157,Yen-Ni Chiang,TPE,Chinese Taipei,2010,376.5,https://www.itftennis.com/tennis/api/PlayerRankApi/GetPlayerRankings?circuitCode=JT&playerTypeCode=G&ageCategoryCode=&juniorRankingType=itf&take=100&skip=200&isOrderAscending=true,2026-09-29T13:05:30.874Z
2026-09-28,F,262,800594040,Lia Belibova,MDA,Moldova,2009,374.25,https://www.itftennis.com/tennis/api/PlayerRankApi/GetPlayerRankings?circuitCode=JT&playerTypeCode=G&ageCategoryCode=&juniorRankingType=itf&take=100&skip=200&isOrderAscending=true,2026-09-29T13:05:30.874Z
2026-09-28,F,263,800725197,Anastasia Malysheva,CAN,Canada,2009,373.75,https://www.itftennis.com/tennis/api/PlayerRankApi/GetPlayerRankings?circuitCode=JT&playerTypeCode=G&ageCategoryCode=&juniorRankingType=itf&take=100&skip=200&isOrderAscending=true,2026-09-29T13:05:30.874Z
2026-09-28,F,264,800652919,Ana Avramovic,USA,USA,2009,372.75,https://www.itftennis.com/tennis/api/PlayerRankApi/GetPlayerRankings?circuitCode=JT&playerTypeCode=G&ageCategoryCode=&juniorRankingType=itf&take=100&skip=200&isOrderAscending=true,2026-09-29T13:05:30.874Z
2026-09-28,F,265,800783027,Julianny De La Cruz Champagne,DOM,Dominican Republic,2011,372,https://www.itftennis.com/tennis/api/PlayerRankApi/GetPlayerRankings?circuitCode=JT&playerTypeCode=G&ageCategoryCode=&juniorRankingType=itf&take=100&skip=200&isOrderAscending=true,2026-09-29T13:05:30.874Z
2026-09-28,F,266,800738281,Yashwitha Reddy,NZL,New Zealand,2010,369,https://www.itftennis.com/tennis/api/PlayerRankApi/GetPlayerRankings?circuitCode=JT&playerTypeCode=G&ageCategoryCode=&juniorRankingType=itf&take=100&skip=200&isOrderAscending=true,2026-09-29T13:05:30.874Z
2026-09-28,F,267,800672510,Raya Kotseva,USA,USA,2010,368,https://www.itftennis.com/tennis/api/PlayerRankApi/GetPlayerRankings?circuitCode=JT&playerTypeCode=G&ageCategoryCode=&juniorRankingType=itf&take=100&skip=200&isOrderAscending=true,2026-09-29T13:05:30.874Z
2026-09-28,F,268,800677997,Marie Charlotte Monnier,POL,Poland,2009,366,https://www.itftennis.com/tennis/api/PlayerRankApi/GetPlayerRankings?circuitCode=JT&playerTypeCode=G&ageCategoryCode=&juniorRankingType=itf&take=100&skip=200&isOrderAscending=true,2026-09-29T13:05:30.874Z
2026-09-28,F,269,800720484,Seohyeon kim,KOR,"Korea, Rep.",2012,361.25,https://www.itftennis.com/tennis/api/PlayerRankApi/GetPlayerRankings?circuitCode=JT&playerTypeCode=G&ageCategoryCode=&juniorRankingType=itf&take=100&skip=200&isOrderAscending=true,2026-09-29T13:05:30.874Z
2026-09-28,F,270,800601508,Ana Ioana Varsa,ROU,Romania,2009,360.75,https://www.itftennis.com/tennis/api/PlayerRankApi/GetPlayerRankings?circuitCode=JT&playerTypeCode=G&ageCategoryCode=&juniorRankingType=itf&take=100&skip=200&isOrderAscending=true,2026-09-29T13:05:30.874Z
2026-09-28,F,271,800686378,Ema Chladova,CZE,Czechia,2010,360.75,https://www.itftennis.com/tennis/api/PlayerRankApi/GetPlayerRankings?circuitCode=JT&playerTypeCode=G&ageCategoryCode=&juniorRankingType=itf&take=100&skip=200&isOrderAscending=true,2026-09-29T13:05:30.874Z
2026-09-28,F,272,800579453,Julia Stusek,GER,Germany,2008,360,https://www.itftennis.com/tennis/api/PlayerRankApi/GetPlayerRankings?circuitCode=JT&playerTypeCode=G&ageCategoryCode=&juniorRankingType=itf&take=100&skip=200&isOrderAscending=true,2026-09-29T13:05:30.874Z
2026-09-28,F,273,800682923,Clara Gouvea Vieira Elkind,BRA,Brazil,2009,358,https://www.itftennis.com/tennis/api/PlayerRankApi/GetPlayerRankings?circuitCode=JT&playerTypeCode=G&ageCategoryCode=&juniorRankingType=itf&take=100&skip=200&isOrderAscending=true,2026-09-29T13:05:30.874Z
2026-09-28,F,274,800636412,Victoria Khastsaeva,RUS,Russia,2010,355.5,https://www.itftennis.com/tennis/api/PlayerRankApi/GetPlayerRankings?circuitCode=JT&playerTypeCode=G&ageCategoryCode=&juniorRankingType=itf&take=100&skip=200&isOrderAscending=true,2026-09-29T13:05:30.874Z
2026-09-28,F,275,800623372,Viktoriia Sedenkova,RUS,Russia,2009,354,https://www.itftennis.com/tennis/api/PlayerRankApi/GetPlayerRankings?circuitCode=JT&playerTypeCode=G&ageCategoryCode=&juniorRankingType=itf&take=100&skip=200&isOrderAscending=true,2026-09-29T13:05:30.874Z
2026-09-28,F,276,800700921,Sofia Tatu,GBR,Great Britain,2011,351,https://www.itftennis.com/tennis/api/PlayerRankApi/GetPlayerRankings?circuitCode=JT&playerTypeCode=G&ageCategoryCode=&juniorRankingType=itf&take=100&skip=200&isOrderAscending=true,2026-09-29T13:05:30.874Z
2026-09-28,F,277,800595691,Sonja Zhenikhova,GER,Germany,2008,350.5,https://www.itftennis.com/tennis/api/PlayerRankApi/GetPlayerRankings?circuitCode=JT&playerTypeCode=G&ageCategoryCode=&juniorRankingType=itf&take=100&skip=200&isOrderAscending=true,2026-09-29T13:05:30.874Z
2026-09-28,F,278,800648436,Aleksandra Barmicheva,UZB,Uzbekistan,2010,350.5,https://www.itftennis.com/tennis/api/PlayerRankApi/GetPlayerRankings?circuitCode=JT&playerTypeCode=G&ageCategoryCode=&juniorRankingType=itf&take=100&skip=200&isOrderAscending=true,2026-09-29T13:05:30.875Z
2026-09-28,F,279,800732563,Alicia Taylor,RSA,South Africa,2009,350,https://www.itftennis.com/tennis/api/PlayerRankApi/GetPlayerRankings?circuitCode=JT&playerTypeCode=G&ageCategoryCode=&juniorRankingType=itf&take=100&skip=200&isOrderAscending=true,2026-09-29T13:05:30.875Z
2026-09-28,F,280,800689372,Rahaf Mostafa,EGY,Egypt,2008,349.25,https://www.itftennis.com/tennis/api/PlayerRankApi/GetPlayerRankings?circuitCode=JT&playerTypeCode=G&ageCategoryCode=&juniorRankingType=itf&take=100&skip=200&isOrderAscending=true,2026-09-29T13:05:30.875Z
2026-09-28,F,281,800694699,Camilla Olga Castracani,ITA,Italy,2010,348,https://www.itftennis.com/tennis/api/PlayerRankApi/GetPlayerRankings?circuitCode=JT&playerTypeCode=G&ageCategoryCode=&juniorRankingType=itf&take=100&skip=200&isOrderAscending=true,2026-09-29T13:05:30.875Z
2026-09-28,F,282,800587951,Daria Kuznetsova,RUS,Russia,2008,347.5,https://www.itftennis.com/tennis/api/PlayerRankApi/GetPlayerRankings?circuitCode=JT&playerTypeCode=G&ageCategoryCode=&juniorRankingType=itf&take=100&skip=200&isOrderAscending=true,2026-09-29T13:05:30.875Z
2026-09-28,F,283,800751083,Musemma Cilek,AUS,Australia,2011,346.5,https://www.itftennis.com/tennis/api/PlayerRankApi/GetPlayerRankings?circuitCode=JT&playerTypeCode=G&ageCategoryCode=&juniorRankingType=itf&take=100&skip=200&isOrderAscending=true,2026-09-29T13:05:30.875Z
2026-09-28,F,284,800691559,Ameliia Kononenko,RUS,Russia,2011,345,https://www.itftennis.com/tennis/api/PlayerRankApi/GetPlayerRankings?circuitCode=JT&playerTypeCode=G&ageCategoryCode=&juniorRankingType=itf&take=100&skip=200&isOrderAscending=true,2026-09-29T13:05:30.875Z
2026-09-28,F,285,800671706,Gloria Reusch,GER,Germany,2009,342.75,https://www.itftennis.com/tennis/api/PlayerRankApi/GetPlayerRankings?circuitCode=JT&playerTypeCode=G&ageCategoryCode=&juniorRankingType=itf&take=100&skip=200&isOrderAscending=true,2026-09-29T13:05:30.875Z
2026-09-28,F,286,800668392,Rosie Cho,GBR,Great Britain,2010,342.25,https://www.itftennis.com/tennis/api/PlayerRankApi/GetPlayerRankings?circuitCode=JT&playerTypeCode=G&ageCategoryCode=&juniorRankingType=itf&take=100&skip=200&isOrderAscending=true,2026-09-29T13:05:30.875Z
2026-09-28,F,287,800632505,Aleksandra Khomitskaya,RUS,Russia,2009,341.5,https://www.itftennis.com/tennis/api/PlayerRankApi/GetPlayerRankings?circuitCode=JT&playerTypeCode=G&ageCategoryCode=&juniorRankingType=itf&take=100&skip=200&isOrderAscending=true,2026-09-29T13:05:30.875Z
2026-09-28,F,288,800659996,Tamina Kochta,GER,Germany,2009,337.75,https://www.itftennis.com/tennis/api/PlayerRankApi/GetPlayerRankings?circuitCode=JT&playerTypeCode=G&ageCategoryCode=&juniorRankingType=itf&take=100&skip=200&isOrderAscending=true,2026-09-29T13:05:30.875Z
2026-09-28,F,289,800639865,Kseniia Ruchkina,RUS,Russia,2010,337.5,https://www.itftennis.com/tennis/api/PlayerRankApi/GetPlayerRankings?circuitCode=JT&playerTypeCode=G&ageCategoryCode=&juniorRankingType=itf&take=100&skip=200&isOrderAscending=true,2026-09-29T13:05:30.875Z
2026-09-28,F,290,800694619,Ailish Garcia Fernandez,ESP,Spain,2010,337.5,https://www.itftennis.com/tennis/api/PlayerRankApi/GetPlayerRankings?circuitCode=JT&playerTypeCode=G&ageCategoryCode=&juniorRankingType=itf&take=100&skip=200&isOrderAscending=true,2026-09-29T13:05:30.875Z
2026-09-28,F,291,800715880,Charlize Celebrini,CAN,Canada,2009,335.5,https://www.itftennis.com/tennis/api/PlayerRankApi/GetPlayerRankings?circuitCode=JT&playerTypeCode=G&ageCategoryCode=&juniorRankingType=itf&take=100&skip=200&isOrderAscending=true,2026-09-29T13:05:30.875Z
2026-09-28,F,292,800686554,HERMIONE Korpanec Davies,GBR,Great Britain,2011,335,https://www.itftennis.com/tennis/api/PlayerRankApi/GetPlayerRankings?circuitCode=JT&playerTypeCode=G&ageCategoryCode=&juniorRankingType=itf&take=100&skip=200&isOrderAscending=true,2026-09-29T13:05:30.875Z
2026-09-28,F,293,800671701,Nouk Kleinenberg,NED,Netherlands,2009,335,https://www.itftennis.com/tennis/api/PlayerRankApi/GetPlayerRankings?circuitCode=JT&playerTypeCode=G&ageCategoryCode=&juniorRankingType=itf&take=100&skip=200&isOrderAscending=true,2026-09-29T13:05:30.875Z
2026-09-28,F,294,800795881,Ziduan Zhao,CHN,"China, P.R.",2010,334.5,https://www.itftennis.com/tennis/api/PlayerRankApi/GetPlayerRankings?circuitCode=JT&playerTypeCode=G&ageCategoryCode=&juniorRankingType=itf&take=100&skip=200&isOrderAscending=true,2026-09-29T13:05:30.875Z
2026-09-28,F,295,800631835,Eva Kaliadina,RUS,Russia,2010,334.5,https://www.itftennis.com/tennis/api/PlayerRankApi/GetPlayerRankings?circuitCode=JT&playerTypeCode=G&ageCategoryCode=&juniorRankingType=itf&take=100&skip=200&isOrderAscending=true,2026-09-29T13:05:30.875Z
2026-09-28,F,296,800646012,Lucie Slamenikova,CZE,Czechia,2009,330,https://www.itftennis.com/tennis/api/PlayerRankApi/GetPlayerRankings?circuitCode=JT&playerTypeCode=G&ageCategoryCode=&juniorRankingType=itf&take=100&skip=200&isOrderAscending=true,2026-09-29T13:05:30.875Z
2026-09-28,F,297,800713143,Chotirin Kaewka,THA,Thailand,2010,329.25,https://www.itftennis.com/tennis/api/PlayerRankApi/GetPlayerRankings?circuitCode=JT&playerTypeCode=G&ageCategoryCode=&juniorRankingType=itf&take=100&skip=200&isOrderAscending=true,2026-09-29T13:05:30.875Z
2026-09-28,F,298,800626494,Mireia Sagrista Bermejo,ESP,Spain,2009,328,https://www.itftennis.com/tennis/api/PlayerRankApi/GetPlayerRankings?circuitCode=JT&playerTypeCode=G&ageCategoryCode=&juniorRankingType=itf&take=100&skip=200&isOrderAscending=true,2026-09-29T13:05:30.875Z
2026-09-28,F,299,800647681,Hanne Estrada Cortes,MEX,Mexico,2009,327.5,https://www.itftennis.com/tennis/api/PlayerRankApi/GetPlayerRankings?circuitCode=JT&playerTypeCode=G&ageCategoryCode=&juniorRankingType=itf&take=100&skip=200&isOrderAscending=true,2026-09-29T13:05:30.875Z
2026-09-28,F,300,800699079,Anna Boron,GBR,Great Britain,2010,325.5,https://www.itftennis.com/tennis/api/PlayerRankApi/GetPlayerRankings?circuitCode=JT&playerTypeCode=G&ageCategoryCode=&juniorRankingType=itf&take=100&skip=200&isOrderAscending=true,2026-09-29T13:05:30.875Z
2026-09-28,F,301,800746289,Riho Goto,JPN,Japan,2010,324.5,https://www.itftennis.com/tennis/api/PlayerRankApi/GetPlayerRankings?circuitCode=JT&playerTypeCode=G&ageCategoryCode=&juniorRankingType=itf&take=100&skip=300&isOrderAscending=true,2026-09-29T13:05:33.875Z
2026-09-28,F,302,800696136,Oliwia Kadzielska,POL,Poland,2011,323.75,https://www.itftennis.com/tennis/api/PlayerRankApi/GetPlayerRankings?circuitCode=JT&playerTypeCode=G&ageCategoryCode=&juniorRankingType=itf&take=100&skip=300&isOrderAscending=true,2026-09-29T13:05:33.875Z
2026-09-28,F,303,800598981,Maja Pawelska,POL,Poland,2008,322.75,https://www.itftennis.com/tennis/api/PlayerRankApi/GetPlayerRankings?circuitCode=JT&playerTypeCode=G&ageCategoryCode=&juniorRankingType=itf&take=100&skip=300&isOrderAscending=true,2026-09-29T13:05:33.875Z
2026-09-28,F,304,800695465,Abril Cardenas Olivares,MEX,Mexico,2009,320.5,https://www.itftennis.com/tennis/api/PlayerRankApi/GetPlayerRankings?circuitCode=JT&playerTypeCode=G&ageCategoryCode=&juniorRankingType=itf&take=100&skip=300&isOrderAscending=true,2026-09-29T13:05:33.875Z
2026-09-28,F,305,800775976,Jia Liu,CHN,"China, P.R.",2010,320.25,https://www.itftennis.com/tennis/api/PlayerRankApi/GetPlayerRankings?circuitCode=JT&playerTypeCode=G&ageCategoryCode=&juniorRankingType=itf&take=100&skip=300&isOrderAscending=true,2026-09-29T13:05:33.875Z
2026-09-28,F,306,800746388,Sophia Budacsek,USA,USA,2009,319.25,https://www.itftennis.com/tennis/api/PlayerRankApi/GetPlayerRankings?circuitCode=JT&playerTypeCode=G&ageCategoryCode=&juniorRankingType=itf&take=100&skip=300&isOrderAscending=true,2026-09-29T13:05:33.875Z
2026-09-28,F,307,800653761,Micaela Moro Pleuss,PER,Peru,2008,319,https://www.itftennis.com/tennis/api/PlayerRankApi/GetPlayerRankings?circuitCode=JT&playerTypeCode=G&ageCategoryCode=&juniorRankingType=itf&take=100&skip=300&isOrderAscending=true,2026-09-29T13:05:33.875Z
2026-09-28,F,308,800571556,Carla Giambelli,ITA,Italy,2008,318.75,https://www.itftennis.com/tennis/api/PlayerRankApi/GetPlayerRankings?circuitCode=JT&playerTypeCode=G&ageCategoryCode=&juniorRankingType=itf&take=100&skip=300&isOrderAscending=true,2026-09-29T13:05:33.875Z
2026-09-28,F,309,800712049,Emilie Chen,AUS,Australia,2010,317.5,https://www.itftennis.com/tennis/api/PlayerRankApi/GetPlayerRankings?circuitCode=JT&playerTypeCode=G&ageCategoryCode=&juniorRankingType=itf&take=100&skip=300&isOrderAscending=true,2026-09-29T13:05:33.875Z
2026-09-28,F,310,800724406,Isabella Bosso,USA,USA,2011,317.5,https://www.itftennis.com/tennis/api/PlayerRankApi/GetPlayerRankings?circuitCode=JT&playerTypeCode=G&ageCategoryCode=&juniorRankingType=itf&take=100&skip=300&isOrderAscending=true,2026-09-29T13:05:33.875Z
2026-09-28,F,311,800739041,Yerin Lee,KOR,"Korea, Rep.",2011,315.25,https://www.itftennis.com/tennis/api/PlayerRankApi/GetPlayerRankings?circuitCode=JT&playerTypeCode=G&ageCategoryCode=&juniorRankingType=itf&take=100&skip=300&isOrderAscending=true,2026-09-29T13:05:33.875Z
2026-09-28,F,312,800755694,Polina Kashitsyna,RUS,Russia,2012,314.25,https://www.itftennis.com/tennis/api/PlayerRankApi/GetPlayerRankings?circuitCode=JT&playerTypeCode=G&ageCategoryCode=&juniorRankingType=itf&take=100&skip=300&isOrderAscending=true,2026-09-29T13:05:33.875Z
2026-09-28,F,313,800543426,Albina Kakenova,KAZ,Kazakhstan,2008,314,https://www.itftennis.com/tennis/api/PlayerRankApi/GetPlayerRankings?circuitCode=JT&playerTypeCode=G&ageCategoryCode=&juniorRankingType=itf&take=100&skip=300&isOrderAscending=true,2026-09-29T13:05:33.875Z
2026-09-28,F,314,800674315,Sarra Attig,TUN,Tunisia,2009,311.75,https://www.itftennis.com/tennis/api/PlayerRankApi/GetPlayerRankings?circuitCode=JT&playerTypeCode=G&ageCategoryCode=&juniorRankingType=itf&take=100&skip=300&isOrderAscending=true,2026-09-29T13:05:33.875Z
2026-09-28,F,315,800693916,Luciana Luna,PER,Peru,2010,310.5,https://www.itftennis.com/tennis/api/PlayerRankApi/GetPlayerRankings?circuitCode=JT&playerTypeCode=G&ageCategoryCode=&juniorRankingType=itf&take=100&skip=300&isOrderAscending=true,2026-09-29T13:05:33.875Z
2026-09-28,F,316,800731468,Anna Yang,CHN,"China, P.R.",2008,310.25,https://www.itftennis.com/tennis/api/PlayerRankApi/GetPlayerRankings?circuitCode=JT&playerTypeCode=G&ageCategoryCode=&juniorRankingType=itf&take=100&skip=300&isOrderAscending=true,2026-09-29T13:05:33.875Z
2026-09-28,F,317,800726353,Karlin Schock,USA,USA,2008,310,https://www.itftennis.com/tennis/api/PlayerRankApi/GetPlayerRankings?circuitCode=JT&playerTypeCode=G&ageCategoryCode=&juniorRankingType=itf&take=100&skip=300&isOrderAscending=true,2026-09-29T13:05:33.875Z
2026-09-28,F,318,800629801,Alexandra Korneeva,ARM,Armenia,2009,307.75,https://www.itftennis.com/tennis/api/PlayerRankApi/GetPlayerRankings?circuitCode=JT&playerTypeCode=G&ageCategoryCode=&juniorRankingType=itf&take=100&skip=300&isOrderAscending=true,2026-09-29T13:05:33.875Z
2026-09-28,F,319,800711857,Liv Bretscher,SUI,Switzerland,2012,307.5,https://www.itftennis.com/tennis/api/PlayerRankApi/GetPlayerRankings?circuitCode=JT&playerTypeCode=G&ageCategoryCode=&juniorRankingType=itf&take=100&skip=300&isOrderAscending=true,2026-09-29T13:05:33.875Z
2026-09-28,F,320,800710984,Haritha Shree Venkatesh,IND,India,2009,307,https://www.itftennis.com/tennis/api/PlayerRankApi/GetPlayerRankings?circuitCode=JT&playerTypeCode=G&ageCategoryCode=&juniorRankingType=itf&take=100&skip=300&isOrderAscending=true,2026-09-29T13:05:33.875Z
2026-09-28,F,321,800665281,Aleksandra Rangelova,BUL,Bulgaria,2009,306.75,https://www.itftennis.com/tennis/api/PlayerRankApi/GetPlayerRankings?circuitCode=JT&playerTypeCode=G&ageCategoryCode=&juniorRankingType=itf&take=100&skip=300&isOrderAscending=true,2026-09-29T13:05:33.875Z
2026-09-28,F,322,800659780,Viktoria Novakova,SVK,Slovakia,2010,305.25,https://www.itftennis.com/tennis/api/PlayerRankApi/GetPlayerRankings?circuitCode=JT&playerTypeCode=G&ageCategoryCode=&juniorRankingType=itf&take=100&skip=300&isOrderAscending=true,2026-09-29T13:05:33.875Z
2026-09-28,F,323,800695711,VIOLA SEVERI,ITA,Italy,2011,305.25,https://www.itftennis.com/tennis/api/PlayerRankApi/GetPlayerRankings?circuitCode=JT&playerTypeCode=G&ageCategoryCode=&juniorRankingType=itf&take=100&skip=300&isOrderAscending=true,2026-09-29T13:05:33.875Z
2026-09-28,F,324,800702391,Lingling Zhu,CHN,"China, P.R.",2009,305,https://www.itftennis.com/tennis/api/PlayerRankApi/GetPlayerRankings?circuitCode=JT&playerTypeCode=G&ageCategoryCode=&juniorRankingType=itf&take=100&skip=300&isOrderAscending=true,2026-09-29T13:05:33.875Z
2026-09-28,F,325,800790888,Yulia Liakhava,BLR,Belarus,2009,305,https://www.itftennis.com/tennis/api/PlayerRankApi/GetPlayerRankings?circuitCode=JT&playerTypeCode=G&ageCategoryCode=&juniorRankingType=itf&take=100&skip=300&isOrderAscending=true,2026-09-29T13:05:33.875Z
2026-09-28,F,326,800718567,Filipa Delgado,USA,USA,2009,300,https://www.itftennis.com/tennis/api/PlayerRankApi/GetPlayerRankings?circuitCode=JT&playerTypeCode=G&ageCategoryCode=&juniorRankingType=itf&take=100&skip=300&isOrderAscending=true,2026-09-29T13:05:33.875Z
2026-09-28,F,327,800738182,Ami Dalla Pozza,AUS,Australia,2011,299,https://www.itftennis.com/tennis/api/PlayerRankApi/GetPlayerRankings?circuitCode=JT&playerTypeCode=G&ageCategoryCode=&juniorRankingType=itf&take=100&skip=300&isOrderAscending=true,2026-09-29T13:05:33.875Z
2026-09-28,F,328,800706118,Ariana Ikwueme,USA,USA,2009,298,https://www.itftennis.com/tennis/api/PlayerRankApi/GetPlayerRankings?circuitCode=JT&playerTypeCode=G&ageCategoryCode=&juniorRankingType=itf&take=100&skip=300&isOrderAscending=true,2026-09-29T13:05:33.875Z
2026-09-28,F,329,800677160,larissa silenci,BRA,Brazil,2010,297.5,https://www.itftennis.com/tennis/api/PlayerRankApi/GetPlayerRankings?circuitCode=JT&playerTypeCode=G&ageCategoryCode=&juniorRankingType=itf&take=100&skip=300&isOrderAscending=true,2026-09-29T13:05:33.875Z
2026-09-28,F,330,800671177,Antonina Snochowska,POL,Poland,2010,297,https://www.itftennis.com/tennis/api/PlayerRankApi/GetPlayerRankings?circuitCode=JT&playerTypeCode=G&ageCategoryCode=&juniorRankingType=itf&take=100&skip=300&isOrderAscending=true,2026-09-29T13:05:33.875Z
2026-09-28,F,331,800695604,Alicia Reichel,BRA,Brazil,2009,296.5,https://www.itftennis.com/tennis/api/PlayerRankApi/GetPlayerRankings?circuitCode=JT&playerTypeCode=G&ageCategoryCode=&juniorRankingType=itf&take=100&skip=300&isOrderAscending=true,2026-09-29T13:05:33.875Z
2026-09-28,F,332,800778567,Ziyu Zhou,CHN,"China, P.R.",2009,295.5,https://www.itftennis.com/tennis/api/PlayerRankApi/GetPlayerRankings?circuitCode=JT&playerTypeCode=G&ageCategoryCode=&juniorRankingType=itf&take=100&skip=300&isOrderAscending=true,2026-09-29T13:05:33.875Z
2026-09-28,F,333,800758641,LARA CRISTINA HASS,BRA,Brazil,2011,295.5,https://www.itftennis.com/tennis/api/PlayerRankApi/GetPlayerRankings?circuitCode=JT&playerTypeCode=G&ageCategoryCode=&juniorRankingType=itf&take=100&skip=300&isOrderAscending=true,2026-09-29T13:05:33.875Z
2026-09-28,F,334,800696224,Habiba Habib,EGY,Egypt,2009,295,https://www.itftennis.com/tennis/api/PlayerRankApi/GetPlayerRankings?circuitCode=JT&playerTypeCode=G&ageCategoryCode=&juniorRankingType=itf&take=100&skip=300&isOrderAscending=true,2026-09-29T13:05:33.875Z
2026-09-28,F,335,800671927,Victoria Brand,GER,Germany,2010,293.25,https://www.itftennis.com/tennis/api/PlayerRankApi/GetPlayerRankings?circuitCode=JT&playerTypeCode=G&ageCategoryCode=&juniorRankingType=itf&take=100&skip=300&isOrderAscending=true,2026-09-29T13:05:33.875Z
2026-09-28,F,336,800662814,Zeliha Nil Cukurluoglu,TUR,Turkiye,2011,292.25,https://www.itftennis.com/tennis/api/PlayerRankApi/GetPlayerRankings?circuitCode=JT&playerTypeCode=G&ageCategoryCode=&juniorRankingType=itf&take=100&skip=300&isOrderAscending=true,2026-09-29T13:05:33.875Z
2026-09-28,F,337,800671198,Montserrat Marron Baruqui,MEX,Mexico,2008,291.5,https://www.itftennis.com/tennis/api/PlayerRankApi/GetPlayerRankings?circuitCode=JT&playerTypeCode=G&ageCategoryCode=&juniorRankingType=itf&take=100&skip=300&isOrderAscending=true,2026-09-29T13:05:33.875Z
2026-09-28,F,338,800722831,YERIN LIM,KOR,"Korea, Rep.",2011,291,https://www.itftennis.com/tennis/api/PlayerRankApi/GetPlayerRankings?circuitCode=JT&playerTypeCode=G&ageCategoryCode=&juniorRankingType=itf&take=100&skip=300&isOrderAscending=true,2026-09-29T13:05:33.875Z
2026-09-28,F,339,800596629,Yerkezhan Zhanatayeva,KAZ,Kazakhstan,2009,289.5,https://www.itftennis.com/tennis/api/PlayerRankApi/GetPlayerRankings?circuitCode=JT&playerTypeCode=G&ageCategoryCode=&juniorRankingType=itf&take=100&skip=300&isOrderAscending=true,2026-09-29T13:05:33.875Z
2026-09-28,F,340,800647963,Ninon Carpentier,FRA,France,2010,288.75,https://www.itftennis.com/tennis/api/PlayerRankApi/GetPlayerRankings?circuitCode=JT&playerTypeCode=G&ageCategoryCode=&juniorRankingType=itf&take=100&skip=300&isOrderAscending=true,2026-09-29T13:05:33.875Z
2026-09-28,F,341,800861487,Daria Podsypanina,RUS,Russia,2009,288.25,https://www.itftennis.com/tennis/api/PlayerRankApi/GetPlayerRankings?circuitCode=JT&playerTypeCode=G&ageCategoryCode=&juniorRankingType=itf&take=100&skip=300&isOrderAscending=true,2026-09-29T13:05:33.875Z
2026-09-28,F,342,800706062,Emese Serkedi,HUN,Hungary,2010,287.5,https://www.itftennis.com/tennis/api/PlayerRankApi/GetPlayerRankings?circuitCode=JT&playerTypeCode=G&ageCategoryCode=&juniorRankingType=itf&take=100&skip=300&isOrderAscending=true,2026-09-29T13:05:33.875Z
2026-09-28,F,343,800661833,Aurelia von Brueck,GER,Germany,2010,287.25,https://www.itftennis.com/tennis/api/PlayerRankApi/GetPlayerRankings?circuitCode=JT&playerTypeCode=G&ageCategoryCode=&juniorRankingType=itf&take=100&skip=300&isOrderAscending=true,2026-09-29T13:05:33.875Z
2026-09-28,F,344,800632054,Nadine Hamrouni,TUN,Tunisia,2009,286.5,https://www.itftennis.com/tennis/api/PlayerRankApi/GetPlayerRankings?circuitCode=JT&playerTypeCode=G&ageCategoryCode=&juniorRankingType=itf&take=100&skip=300&isOrderAscending=true,2026-09-29T13:05:33.875Z
2026-09-28,F,345,800767226,Baotong Xu,CHN,"China, P.R.",2010,286,https://www.itftennis.com/tennis/api/PlayerRankApi/GetPlayerRankings?circuitCode=JT&playerTypeCode=G&ageCategoryCode=&juniorRankingType=itf&take=100&skip=300&isOrderAscending=true,2026-09-29T13:05:33.875Z
2026-09-28,F,346,800661516,Zoe Doldan,PAR,Paraguay,2010,285.5,https://www.itftennis.com/tennis/api/PlayerRankApi/GetPlayerRankings?circuitCode=JT&playerTypeCode=G&ageCategoryCode=&juniorRankingType=itf&take=100&skip=300&isOrderAscending=true,2026-09-29T13:05:33.875Z
2026-09-28,F,347,800795255,Daria Podlipskaya,RUS,Russia,2010,285.5,https://www.itftennis.com/tennis/api/PlayerRankApi/GetPlayerRankings?circuitCode=JT&playerTypeCode=G&ageCategoryCode=&juniorRankingType=itf&take=100&skip=300&isOrderAscending=true,2026-09-29T13:05:33.875Z
2026-09-28,F,348,800708182,Ching Ying Chen,TPE,Chinese Taipei,2009,285,https://www.itftennis.com/tennis/api/PlayerRankApi/GetPlayerRankings?circuitCode=JT&playerTypeCode=G&ageCategoryCode=&juniorRankingType=itf&take=100&skip=300&isOrderAscending=true,2026-09-29T13:05:33.875Z
2026-09-28,F,349,800638775,Greta Nemcsek,HUN,Hungary,2009,284.5,https://www.itftennis.com/tennis/api/PlayerRankApi/GetPlayerRankings?circuitCode=JT&playerTypeCode=G&ageCategoryCode=&juniorRankingType=itf&take=100&skip=300&isOrderAscending=true,2026-09-29T13:05:33.875Z
2026-09-28,F,350,800762461,Rachel Wu,CAN,Canada,2010,284.25,https://www.itftennis.com/tennis/api/PlayerRankApi/GetPlayerRankings?circuitCode=JT&playerTypeCode=G&ageCategoryCode=&juniorRankingType=itf&take=100&skip=300&isOrderAscending=true,2026-09-29T13:05:33.876Z
2026-09-28,F,351,800591943,Ada Kumru,TUR,Turkiye,2008,281.5,https://www.itftennis.com/tennis/api/PlayerRankApi/GetPlayerRankings?circuitCode=JT&playerTypeCode=G&ageCategoryCode=&juniorRankingType=itf&take=100&skip=300&isOrderAscending=true,2026-09-29T13:05:33.876Z
2026-09-28,F,352,800626938,Melis Yildirim,TUR,Turkiye,2009,279,https://www.itftennis.com/tennis/api/PlayerRankApi/GetPlayerRankings?circuitCode=JT&playerTypeCode=G&ageCategoryCode=&juniorRankingType=itf&take=100&skip=300&isOrderAscending=true,2026-09-29T13:05:33.876Z
2026-09-28,F,353,800667968,Suha Lee,KOR,"Korea, Rep.",2008,277.5,https://www.itftennis.com/tennis/api/PlayerRankApi/GetPlayerRankings?circuitCode=JT&playerTypeCode=G&ageCategoryCode=&juniorRankingType=itf&take=100&skip=300&isOrderAscending=true,2026-09-29T13:05:33.876Z
2026-09-28,F,354,800760287,Siyun Xiao,CHN,"China, P.R.",2012,276.25,https://www.itftennis.com/tennis/api/PlayerRankApi/GetPlayerRankings?circuitCode=JT&playerTypeCode=G&ageCategoryCode=&juniorRankingType=itf&take=100&skip=300&isOrderAscending=true,2026-09-29T13:05:33.876Z
2026-09-28,F,355,800684114,Sena Yoon,USA,USA,2008,275.25,https://www.itftennis.com/tennis/api/PlayerRankApi/GetPlayerRankings?circuitCode=JT&playerTypeCode=G&ageCategoryCode=&juniorRankingType=itf&take=100&skip=300&isOrderAscending=true,2026-09-29T13:05:33.876Z
2026-09-28,F,356,800695706,Nikol Nuneva,BUL,Bulgaria,2010,275,https://www.itftennis.com/tennis/api/PlayerRankApi/GetPlayerRankings?circuitCode=JT&playerTypeCode=G&ageCategoryCode=&juniorRankingType=itf&take=100&skip=300&isOrderAscending=true,2026-09-29T13:05:33.876Z
2026-09-28,F,357,800756409,Ava Itaoui,AUS,Australia,2010,274.5,https://www.itftennis.com/tennis/api/PlayerRankApi/GetPlayerRankings?circuitCode=JT&playerTypeCode=G&ageCategoryCode=&juniorRankingType=itf&take=100&skip=300&isOrderAscending=true,2026-09-29T13:05:33.876Z
2026-09-28,F,358,800734994,Anastasia Pleskun,USA,USA,2009,274,https://www.itftennis.com/tennis/api/PlayerRankApi/GetPlayerRankings?circuitCode=JT&playerTypeCode=G&ageCategoryCode=&juniorRankingType=itf&take=100&skip=300&isOrderAscending=true,2026-09-29T13:05:33.876Z
2026-09-28,F,359,800732240,Zeina Elgerby,EGY,Egypt,2009,273,https://www.itftennis.com/tennis/api/PlayerRankApi/GetPlayerRankings?circuitCode=JT&playerTypeCode=G&ageCategoryCode=&juniorRankingType=itf&take=100&skip=300&isOrderAscending=true,2026-09-29T13:05:33.876Z
2026-09-28,F,360,800654422,Sara Mitevska,MKD,North Macedonia,2010,272.5,https://www.itftennis.com/tennis/api/PlayerRankApi/GetPlayerRankings?circuitCode=JT&playerTypeCode=G&ageCategoryCode=&juniorRankingType=itf&take=100&skip=300&isOrderAscending=true,2026-09-29T13:05:33.876Z
2026-09-28,F,361,800802797,Jiayi Wang,CHN,"China, P.R.",2012,270.75,https://www.itftennis.com/tennis/api/PlayerRankApi/GetPlayerRankings?circuitCode=JT&playerTypeCode=G&ageCategoryCode=&juniorRankingType=itf&take=100&skip=300&isOrderAscending=true,2026-09-29T13:05:33.876Z
2026-09-28,F,362,800663864,Marina Markina,LAT,Latvia,2010,270,https://www.itftennis.com/tennis/api/PlayerRankApi/GetPlayerRankings?circuitCode=JT&playerTypeCode=G&ageCategoryCode=&juniorRankingType=itf&take=100&skip=300&isOrderAscending=true,2026-09-29T13:05:33.876Z
2026-09-28,F,363,800674757,daniela gonzales,PER,Peru,2009,267.5,https://www.itftennis.com/tennis/api/PlayerRankApi/GetPlayerRankings?circuitCode=JT&playerTypeCode=G&ageCategoryCode=&juniorRankingType=itf&take=100&skip=300&isOrderAscending=true,2026-09-29T13:05:33.876Z
2026-09-28,F,364,800693286,Milena Steinkamp,GER,Germany,2010,266,https://www.itftennis.com/tennis/api/PlayerRankApi/GetPlayerRankings?circuitCode=JT&playerTypeCode=G&ageCategoryCode=&juniorRankingType=itf&take=100&skip=300&isOrderAscending=true,2026-09-29T13:05:33.876Z
2026-09-28,F,365,800646528,MILANA KOLESOVA,RUS,Russia,2010,265.5,https://www.itftennis.com/tennis/api/PlayerRankApi/GetPlayerRankings?circuitCode=JT&playerTypeCode=G&ageCategoryCode=&juniorRankingType=itf&take=100&skip=300&isOrderAscending=true,2026-09-29T13:05:33.876Z
2026-09-28,F,366,800748367,Suri Suchovsky,AUS,Australia,2011,264.75,https://www.itftennis.com/tennis/api/PlayerRankApi/GetPlayerRankings?circuitCode=JT&playerTypeCode=G&ageCategoryCode=&juniorRankingType=itf&take=100&skip=300&isOrderAscending=true,2026-09-29T13:05:33.876Z
2026-09-28,F,367,800750562,Chenming Zhang,CHN,"China, P.R.",2009,264,https://www.itftennis.com/tennis/api/PlayerRankApi/GetPlayerRankings?circuitCode=JT&playerTypeCode=G&ageCategoryCode=&juniorRankingType=itf&take=100&skip=300&isOrderAscending=true,2026-09-29T13:05:33.876Z
2026-09-28,F,368,800687445,Elly Meszarosova,CZE,Czechia,2009,262.5,https://www.itftennis.com/tennis/api/PlayerRankApi/GetPlayerRankings?circuitCode=JT&playerTypeCode=G&ageCategoryCode=&juniorRankingType=itf&take=100&skip=300&isOrderAscending=true,2026-09-29T13:05:33.876Z
2026-09-28,F,369,800755324,Romy Gravenor,CAN,Canada,2010,262.5,https://www.itftennis.com/tennis/api/PlayerRankApi/GetPlayerRankings?circuitCode=JT&playerTypeCode=G&ageCategoryCode=&juniorRankingType=itf&take=100&skip=300&isOrderAscending=true,2026-09-29T13:05:33.876Z
2026-09-28,F,370,800687516,Grace Watson,GBR,Great Britain,2011,261,https://www.itftennis.com/tennis/api/PlayerRankApi/GetPlayerRankings?circuitCode=JT&playerTypeCode=G&ageCategoryCode=&juniorRankingType=itf&take=100&skip=300&isOrderAscending=true,2026-09-29T13:05:33.876Z
2026-09-28,F,371,800671835,Ioana Maria Sandru,ROU,Romania,2009,260.75,https://www.itftennis.com/tennis/api/PlayerRankApi/GetPlayerRankings?circuitCode=JT&playerTypeCode=G&ageCategoryCode=&juniorRankingType=itf&take=100&skip=300&isOrderAscending=true,2026-09-29T13:05:33.876Z
2026-09-28,F,372,800672759,Veronika Navratilova,CZE,Czechia,2010,259.5,https://www.itftennis.com/tennis/api/PlayerRankApi/GetPlayerRankings?circuitCode=JT&playerTypeCode=G&ageCategoryCode=&juniorRankingType=itf&take=100&skip=300&isOrderAscending=true,2026-09-29T13:05:33.876Z
2026-09-28,F,373,800722835,SRISHTI KIRAN,IND,India,2012,258.25,https://www.itftennis.com/tennis/api/PlayerRankApi/GetPlayerRankings?circuitCode=JT&playerTypeCode=G&ageCategoryCode=&juniorRankingType=itf&take=100&skip=300&isOrderAscending=true,2026-09-29T13:05:33.876Z
2026-09-28,F,374,800718678,Leila Shakhmuradova,RUS,Russia,2009,257.5,https://www.itftennis.com/tennis/api/PlayerRankApi/GetPlayerRankings?circuitCode=JT&playerTypeCode=G&ageCategoryCode=&juniorRankingType=itf&take=100&skip=300&isOrderAscending=true,2026-09-29T13:05:33.876Z
2026-09-28,F,375,800604494,Yleymi Lugiana Muelle Valdez,PER,Peru,2008,256,https://www.itftennis.com/tennis/api/PlayerRankApi/GetPlayerRankings?circuitCode=JT&playerTypeCode=G&ageCategoryCode=&juniorRankingType=itf&take=100&skip=300&isOrderAscending=true,2026-09-29T13:05:33.876Z
2026-09-28,F,376,800772860,Deepshika Vinayagamurthy,IND,India,2010,254.5,https://www.itftennis.com/tennis/api/PlayerRankApi/GetPlayerRankings?circuitCode=JT&playerTypeCode=G&ageCategoryCode=&juniorRankingType=itf&take=100&skip=300&isOrderAscending=true,2026-09-29T13:05:33.876Z
2026-09-28,F,377,800692269,Laura Carvalho e Silva Kracke,IRL,Ireland,2010,254.5,https://www.itftennis.com/tennis/api/PlayerRankApi/GetPlayerRankings?circuitCode=JT&playerTypeCode=G&ageCategoryCode=&juniorRankingType=itf&take=100&skip=300&isOrderAscending=true,2026-09-29T13:05:33.876Z
2026-09-28,F,378,800854425,Zhiyu Zhou,CHN,"China, P.R.",2012,254.25,https://www.itftennis.com/tennis/api/PlayerRankApi/GetPlayerRankings?circuitCode=JT&playerTypeCode=G&ageCategoryCode=&juniorRankingType=itf&take=100&skip=300&isOrderAscending=true,2026-09-29T13:05:33.876Z
2026-09-28,F,379,800688040,Marta Gayoso de los Rios,ESP,Spain,2009,254.25,https://www.itftennis.com/tennis/api/PlayerRankApi/GetPlayerRankings?circuitCode=JT&playerTypeCode=G&ageCategoryCode=&juniorRankingType=itf&take=100&skip=300&isOrderAscending=true,2026-09-29T13:05:33.876Z
2026-09-28,F,380,800675286,Marta Dudek,POL,Poland,2009,253,https://www.itftennis.com/tennis/api/PlayerRankApi/GetPlayerRankings?circuitCode=JT&playerTypeCode=G&ageCategoryCode=&juniorRankingType=itf&take=100&skip=300&isOrderAscending=true,2026-09-29T13:05:33.876Z
2026-09-28,F,381,800654007,Haniya Aman Minhas,KSA,Saudi Arabia,2010,252.75,https://www.itftennis.com/tennis/api/PlayerRankApi/GetPlayerRankings?circuitCode=JT&playerTypeCode=G&ageCategoryCode=&juniorRankingType=itf&take=100&skip=300&isOrderAscending=true,2026-09-29T13:05:33.876Z
2026-09-28,F,382,800777696,Berrak Kocak,TUR,Turkiye,2008,252.5,https://www.itftennis.com/tennis/api/PlayerRankApi/GetPlayerRankings?circuitCode=JT&playerTypeCode=G&ageCategoryCode=&juniorRankingType=itf&take=100&skip=300&isOrderAscending=true,2026-09-29T13:05:33.876Z
2026-09-28,F,383,800675091,Emmi Nehls,GER,Germany,2009,252.5,https://www.itftennis.com/tennis/api/PlayerRankApi/GetPlayerRankings?circuitCode=JT&playerTypeCode=G&ageCategoryCode=&juniorRankingType=itf&take=100&skip=300&isOrderAscending=true,2026-09-29T13:05:33.876Z
2026-09-28,F,384,800677161,CLARA BORRASCA,BRA,Brazil,2009,250.5,https://www.itftennis.com/tennis/api/PlayerRankApi/GetPlayerRankings?circuitCode=JT&playerTypeCode=G&ageCategoryCode=&juniorRankingType=itf&take=100&skip=300&isOrderAscending=true,2026-09-29T13:05:33.876Z
2026-09-28,F,385,800773164,Jinling Shi,CHN,"China, P.R.",2010,249.75,https://www.itftennis.com/tennis/api/PlayerRankApi/GetPlayerRankings?circuitCode=JT&playerTypeCode=G&ageCategoryCode=&juniorRankingType=itf&take=100&skip=300&isOrderAscending=true,2026-09-29T13:05:33.876Z
2026-09-28,F,386,800645136,Zoja Peternel,SLO,Slovenia,2009,247.5,https://www.itftennis.com/tennis/api/PlayerRankApi/GetPlayerRankings?circuitCode=JT&playerTypeCode=G&ageCategoryCode=&juniorRankingType=itf&take=100&skip=300&isOrderAscending=true,2026-09-29T13:05:33.876Z
2026-09-28,F,387,800706799,Amy Shen,CAN,Canada,2011,247,https://www.itftennis.com/tennis/api/PlayerRankApi/GetPlayerRankings?circuitCode=JT&playerTypeCode=G&ageCategoryCode=&juniorRankingType=itf&take=100&skip=300&isOrderAscending=true,2026-09-29T13:05:33.876Z
2026-09-28,F,388,800753468,Isabella Welsh,AUS,Australia,2010,246.5,https://www.itftennis.com/tennis/api/PlayerRankApi/GetPlayerRankings?circuitCode=JT&playerTypeCode=G&ageCategoryCode=&juniorRankingType=itf&take=100&skip=300&isOrderAscending=true,2026-09-29T13:05:33.876Z
2026-09-28,F,389,800694765,SARA NICOLE SITAR,ROU,Romania,2011,246.25,https://www.itftennis.com/tennis/api/PlayerRankApi/GetPlayerRankings?circuitCode=JT&playerTypeCode=G&ageCategoryCode=&juniorRankingType=itf&take=100&skip=300&isOrderAscending=true,2026-09-29T13:05:33.876Z
2026-09-28,F,390,800705480,Xiang Liu,CHN,"China, P.R.",2009,245.5,https://www.itftennis.com/tennis/api/PlayerRankApi/GetPlayerRankings?circuitCode=JT&playerTypeCode=G&ageCategoryCode=&juniorRankingType=itf&take=100&skip=300&isOrderAscending=true,2026-09-29T13:05:33.876Z
2026-09-28,F,391,800695753,Ana Cruz,BRA,Brazil,2009,244,https://www.itftennis.com/tennis/api/PlayerRankApi/GetPlayerRankings?circuitCode=JT&playerTypeCode=G&ageCategoryCode=&juniorRankingType=itf&take=100&skip=300&isOrderAscending=true,2026-09-29T13:05:33.876Z
2026-09-28,F,392,800667887,Nanayo Wada,JPN,Japan,2009,243.5,https://www.itftennis.com/tennis/api/PlayerRankApi/GetPlayerRankings?circuitCode=JT&playerTypeCode=G&ageCategoryCode=&juniorRankingType=itf&take=100&skip=300&isOrderAscending=true,2026-09-29T13:05:33.876Z
2026-09-28,F,393,800765970,Carolina Castro,PUR,Puerto Rico,2009,243,https://www.itftennis.com/tennis/api/PlayerRankApi/GetPlayerRankings?circuitCode=JT&playerTypeCode=G&ageCategoryCode=&juniorRankingType=itf&take=100&skip=300&isOrderAscending=true,2026-09-29T13:05:33.876Z
2026-09-28,F,394,800657148,Valery Sumoya Lopez,BOL,Bolivia,2009,242.75,https://www.itftennis.com/tennis/api/PlayerRankApi/GetPlayerRankings?circuitCode=JT&playerTypeCode=G&ageCategoryCode=&juniorRankingType=itf&take=100&skip=300&isOrderAscending=true,2026-09-29T13:05:33.876Z
2026-09-28,F,395,800697740,Pippa Fennis,NED,Netherlands,2011,242.5,https://www.itftennis.com/tennis/api/PlayerRankApi/GetPlayerRankings?circuitCode=JT&playerTypeCode=G&ageCategoryCode=&juniorRankingType=itf&take=100&skip=300&isOrderAscending=true,2026-09-29T13:05:33.876Z
2026-09-28,F,396,800755673,Sydney Wright,USA,USA,2010,242,https://www.itftennis.com/tennis/api/PlayerRankApi/GetPlayerRankings?circuitCode=JT&playerTypeCode=G&ageCategoryCode=&juniorRankingType=itf&take=100&skip=300&isOrderAscending=true,2026-09-29T13:05:33.876Z
2026-09-28,F,397,800602862,Lydia Brennan,IRL,Ireland,2008,241.5,https://www.itftennis.com/tennis/api/PlayerRankApi/GetPlayerRankings?circuitCode=JT&playerTypeCode=G&ageCategoryCode=&juniorRankingType=itf&take=100&skip=300&isOrderAscending=true,2026-09-29T13:05:33.876Z
2026-09-28,F,398,800663534,Nicole Yekaterina Villa,SUI,Switzerland,2009,241,https://www.itftennis.com/tennis/api/PlayerRankApi/GetPlayerRankings?circuitCode=JT&playerTypeCode=G&ageCategoryCode=&juniorRankingType=itf&take=100&skip=300&isOrderAscending=true,2026-09-29T13:05:33.876Z
2026-09-28,F,399,800708320,Adelina Andreea Iftime,USA,USA,2011,241,https://www.itftennis.com/tennis/api/PlayerRankApi/GetPlayerRankings?circuitCode=JT&playerTypeCode=G&ageCategoryCode=&juniorRankingType=itf&take=100&skip=300&isOrderAscending=true,2026-09-29T13:05:33.876Z
2026-09-28,F,400,800630092,Tomiris Nurzhan,KAZ,Kazakhstan,2009,240.75,https://www.itftennis.com/tennis/api/PlayerRankApi/GetPlayerRankings?circuitCode=JT&playerTypeCode=G&ageCategoryCode=&juniorRankingType=itf&take=100&skip=300&isOrderAscending=true,2026-09-29T13:05:33.876Z
2026-09-28,F,401,800676487,Irma Chukhlich,UKR,Ukraine,2010,240.5,https://www.itftennis.com/tennis/api/PlayerRankApi/GetPlayerRankings?circuitCode=JT&playerTypeCode=G&ageCategoryCode=&juniorRankingType=itf&take=100&skip=400&isOrderAscending=true,2026-09-29T13:05:36.725Z
2026-09-28,F,402,800668047,Annabel Wong,GBR,Great Britain,2010,240.25,https://www.itftennis.com/tennis/api/PlayerRankApi/GetPlayerRankings?circuitCode=JT&playerTypeCode=G&ageCategoryCode=&juniorRankingType=itf&take=100&skip=400&isOrderAscending=true,2026-09-29T13:05:36.725Z
2026-09-28,F,403,800660696,Victoria Carron,SUI,Switzerland,2010,239.5,https://www.itftennis.com/tennis/api/PlayerRankApi/GetPlayerRankings?circuitCode=JT&playerTypeCode=G&ageCategoryCode=&juniorRankingType=itf&take=100&skip=400&isOrderAscending=true,2026-09-29T13:05:36.725Z
2026-09-28,F,404,800647029,Gloria Levinsky,CZE,Czechia,2010,239,https://www.itftennis.com/tennis/api/PlayerRankApi/GetPlayerRankings?circuitCode=JT&playerTypeCode=G&ageCategoryCode=&juniorRankingType=itf&take=100&skip=400&isOrderAscending=true,2026-09-29T13:05:36.725Z
2026-09-28,F,405,800702429,AMINA NURMAKHAN,KAZ,Kazakhstan,2011,238.25,https://www.itftennis.com/tennis/api/PlayerRankApi/GetPlayerRankings?circuitCode=JT&playerTypeCode=G&ageCategoryCode=&juniorRankingType=itf&take=100&skip=400&isOrderAscending=true,2026-09-29T13:05:36.725Z
2026-09-28,F,406,800650753,Alexandra Talina,RUS,Russia,2010,238,https://www.itftennis.com/tennis/api/PlayerRankApi/GetPlayerRankings?circuitCode=JT&playerTypeCode=G&ageCategoryCode=&juniorRankingType=itf&take=100&skip=400&isOrderAscending=true,2026-09-29T13:05:36.725Z
2026-09-28,F,407,800718209,Daania Daniella Hazli,MAS,Malaysia,2010,237.5,https://www.itftennis.com/tennis/api/PlayerRankApi/GetPlayerRankings?circuitCode=JT&playerTypeCode=G&ageCategoryCode=&juniorRankingType=itf&take=100&skip=400&isOrderAscending=true,2026-09-29T13:05:36.725Z
2026-09-28,F,408,800778303,Aleksandra Jerkunica,USA,USA,2010,236,https://www.itftennis.com/tennis/api/PlayerRankApi/GetPlayerRankings?circuitCode=JT&playerTypeCode=G&ageCategoryCode=&juniorRankingType=itf&take=100&skip=400&isOrderAscending=true,2026-09-29T13:05:36.725Z
2026-09-28,F,409,800667267,Sara Cozma,ROU,Romania,2009,235,https://www.itftennis.com/tennis/api/PlayerRankApi/GetPlayerRankings?circuitCode=JT&playerTypeCode=G&ageCategoryCode=&juniorRankingType=itf&take=100&skip=400&isOrderAscending=true,2026-09-29T13:05:36.725Z
2026-09-28,F,410,800672181,Alessandra Fiorillo,ITA,Italy,2008,234.5,https://www.itftennis.com/tennis/api/PlayerRankApi/GetPlayerRankings?circuitCode=JT&playerTypeCode=G&ageCategoryCode=&juniorRankingType=itf&take=100&skip=400&isOrderAscending=true,2026-09-29T13:05:36.725Z
2026-09-28,F,411,800688667,Shivali Gurung,NEP,Nepal,2011,234.5,https://www.itftennis.com/tennis/api/PlayerRankApi/GetPlayerRankings?circuitCode=JT&playerTypeCode=G&ageCategoryCode=&juniorRankingType=itf&take=100&skip=400&isOrderAscending=true,2026-09-29T13:05:36.725Z
2026-09-28,F,412,800635959,Sophie Ray,NED,Netherlands,2009,234.5,https://www.itftennis.com/tennis/api/PlayerRankApi/GetPlayerRankings?circuitCode=JT&playerTypeCode=G&ageCategoryCode=&juniorRankingType=itf&take=100&skip=400&isOrderAscending=true,2026-09-29T13:05:36.725Z
2026-09-28,F,413,800706315,Milagros Helena Pastuszka,CAN,Canada,2011,234,https://www.itftennis.com/tennis/api/PlayerRankApi/GetPlayerRankings?circuitCode=JT&playerTypeCode=G&ageCategoryCode=&juniorRankingType=itf&take=100&skip=400&isOrderAscending=true,2026-09-29T13:05:36.725Z
2026-09-28,F,414,800700950,Lilly Marie Greinert,GER,Germany,2011,232.5,https://www.itftennis.com/tennis/api/PlayerRankApi/GetPlayerRankings?circuitCode=JT&playerTypeCode=G&ageCategoryCode=&juniorRankingType=itf&take=100&skip=400&isOrderAscending=true,2026-09-29T13:05:36.725Z
2026-09-28,F,415,800648775,Gabriella Eie,NOR,Norway,2009,231,https://www.itftennis.com/tennis/api/PlayerRankApi/GetPlayerRankings?circuitCode=JT&playerTypeCode=G&ageCategoryCode=&juniorRankingType=itf&take=100&skip=400&isOrderAscending=true,2026-09-29T13:05:36.725Z
2026-09-28,F,416,800645387,Radmila Rakhmatullina,RUS,Russia,2009,230,https://www.itftennis.com/tennis/api/PlayerRankApi/GetPlayerRankings?circuitCode=JT&playerTypeCode=G&ageCategoryCode=&juniorRankingType=itf&take=100&skip=400&isOrderAscending=true,2026-09-29T13:05:36.725Z
2026-09-28,F,417,800671362,Viktorie Havlikova,CZE,Czechia,2010,229.75,https://www.itftennis.com/tennis/api/PlayerRankApi/GetPlayerRankings?circuitCode=JT&playerTypeCode=G&ageCategoryCode=&juniorRankingType=itf&take=100&skip=400&isOrderAscending=true,2026-09-29T13:05:36.725Z
2026-09-28,F,418,800672478,Sophie Dement,CAN,Canada,2009,229.5,https://www.itftennis.com/tennis/api/PlayerRankApi/GetPlayerRankings?circuitCode=JT&playerTypeCode=G&ageCategoryCode=&juniorRankingType=itf&take=100&skip=400&isOrderAscending=true,2026-09-29T13:05:36.725Z
2026-09-28,F,419,800761287,Shristi Selvan,USA,USA,2010,229.25,https://www.itftennis.com/tennis/api/PlayerRankApi/GetPlayerRankings?circuitCode=JT&playerTypeCode=G&ageCategoryCode=&juniorRankingType=itf&take=100&skip=400&isOrderAscending=true,2026-09-29T13:05:36.725Z
2026-09-28,F,420,800640076,Kiira Pashkov,EST,Estonia,2010,229,https://www.itftennis.com/tennis/api/PlayerRankApi/GetPlayerRankings?circuitCode=JT&playerTypeCode=G&ageCategoryCode=&juniorRankingType=itf&take=100&skip=400&isOrderAscending=true,2026-09-29T13:05:36.725Z
2026-09-28,F,421,800756804,Eduarda Gomes,BRA,Brazil,2012,228.75,https://www.itftennis.com/tennis/api/PlayerRankApi/GetPlayerRankings?circuitCode=JT&playerTypeCode=G&ageCategoryCode=&juniorRankingType=itf&take=100&skip=400&isOrderAscending=true,2026-09-29T13:05:36.725Z
2026-09-28,F,422,800632439,Emiliya Fedoseeva,RUS,Russia,2010,228.5,https://www.itftennis.com/tennis/api/PlayerRankApi/GetPlayerRankings?circuitCode=JT&playerTypeCode=G&ageCategoryCode=&juniorRankingType=itf&take=100&skip=400&isOrderAscending=true,2026-09-29T13:05:36.725Z
2026-09-28,F,423,800770797,Emily Dunn,NZL,New Zealand,2009,228,https://www.itftennis.com/tennis/api/PlayerRankApi/GetPlayerRankings?circuitCode=JT&playerTypeCode=G&ageCategoryCode=&juniorRankingType=itf&take=100&skip=400&isOrderAscending=true,2026-09-29T13:05:36.725Z
2026-09-28,F,424,800698179,Milan Swanepoel,RSA,South Africa,2010,227,https://www.itftennis.com/tennis/api/PlayerRankApi/GetPlayerRankings?circuitCode=JT&playerTypeCode=G&ageCategoryCode=&juniorRankingType=itf&take=100&skip=400&isOrderAscending=true,2026-09-29T13:05:36.725Z
2026-09-28,F,425,800603080,Cindy Langlais,FRA,France,2009,226.75,https://www.itftennis.com/tennis/api/PlayerRankApi/GetPlayerRankings?circuitCode=JT&playerTypeCode=G&ageCategoryCode=&juniorRankingType=itf&take=100&skip=400&isOrderAscending=true,2026-09-29T13:05:36.725Z
2026-09-28,F,426,800655606,Hila Buhadana,ISR,Israel,2010,226.5,https://www.itftennis.com/tennis/api/PlayerRankApi/GetPlayerRankings?circuitCode=JT&playerTypeCode=G&ageCategoryCode=&juniorRankingType=itf&take=100&skip=400&isOrderAscending=true,2026-09-29T13:05:36.725Z
2026-09-28,F,427,800692783,Leah Puk,POL,Poland,2010,226,https://www.itftennis.com/tennis/api/PlayerRankApi/GetPlayerRankings?circuitCode=JT&playerTypeCode=G&ageCategoryCode=&juniorRankingType=itf&take=100&skip=400&isOrderAscending=true,2026-09-29T13:05:36.725Z
2026-09-28,F,428,800573301,Kristina Kruchenko,KAZ,Kazakhstan,2009,226,https://www.itftennis.com/tennis/api/PlayerRankApi/GetPlayerRankings?circuitCode=JT&playerTypeCode=G&ageCategoryCode=&juniorRankingType=itf&take=100&skip=400&isOrderAscending=true,2026-09-29T13:05:36.725Z
2026-09-28,F,429,800747724,Kuzivaishe Chapepa,ZIM,Zimbabwe,2011,224.5,https://www.itftennis.com/tennis/api/PlayerRankApi/GetPlayerRankings?circuitCode=JT&playerTypeCode=G&ageCategoryCode=&juniorRankingType=itf&take=100&skip=400&isOrderAscending=true,2026-09-29T13:05:36.725Z
2026-09-28,F,430,800708283,Sara Nikolic,AUS,Australia,2009,223,https://www.itftennis.com/tennis/api/PlayerRankApi/GetPlayerRankings?circuitCode=JT&playerTypeCode=G&ageCategoryCode=&juniorRankingType=itf&take=100&skip=400&isOrderAscending=true,2026-09-29T13:05:36.725Z
2026-09-28,F,431,800668842,Yelyzaveta Dovhopol,UKR,Ukraine,2010,222.25,https://www.itftennis.com/tennis/api/PlayerRankApi/GetPlayerRankings?circuitCode=JT&playerTypeCode=G&ageCategoryCode=&juniorRankingType=itf&take=100&skip=400&isOrderAscending=true,2026-09-29T13:05:36.725Z
2026-09-28,F,432,800666093,Karolina Smidova,CZE,Czechia,2010,221.5,https://www.itftennis.com/tennis/api/PlayerRankApi/GetPlayerRankings?circuitCode=JT&playerTypeCode=G&ageCategoryCode=&juniorRankingType=itf&take=100&skip=400&isOrderAscending=true,2026-09-29T13:05:36.725Z
2026-09-28,F,433,800693044,Angelina Pakhomenko,RUS,Russia,2011,221.25,https://www.itftennis.com/tennis/api/PlayerRankApi/GetPlayerRankings?circuitCode=JT&playerTypeCode=G&ageCategoryCode=&juniorRankingType=itf&take=100&skip=400&isOrderAscending=true,2026-09-29T13:05:36.725Z
2026-09-28,F,434,800668664,Ana Chindris,ROU,Romania,2010,220.75,https://www.itftennis.com/tennis/api/PlayerRankApi/GetPlayerRankings?circuitCode=JT&playerTypeCode=G&ageCategoryCode=&juniorRankingType=itf&take=100&skip=400&isOrderAscending=true,2026-09-29T13:05:36.725Z
2026-09-28,F,435,800759753,stephanie pumar,VEN,Venezuela,2011,220.5,https://www.itftennis.com/tennis/api/PlayerRankApi/GetPlayerRankings?circuitCode=JT&playerTypeCode=G&ageCategoryCode=&juniorRankingType=itf&take=100&skip=400&isOrderAscending=true,2026-09-29T13:05:36.725Z
2026-09-28,F,436,800718706,LEANA NANNAPANENI,AUS,Australia,2009,219.75,https://www.itftennis.com/tennis/api/PlayerRankApi/GetPlayerRankings?circuitCode=JT&playerTypeCode=G&ageCategoryCode=&juniorRankingType=itf&take=100&skip=400&isOrderAscending=true,2026-09-29T13:05:36.725Z
2026-09-28,F,437,800753596,Maria Shmeleva,RUS,Russia,2009,219.75,https://www.itftennis.com/tennis/api/PlayerRankApi/GetPlayerRankings?circuitCode=JT&playerTypeCode=G&ageCategoryCode=&juniorRankingType=itf&take=100&skip=400&isOrderAscending=true,2026-09-29T13:05:36.725Z
2026-09-28,F,438,800681351,Pallavi Patel,IND,India,2009,219.5,https://www.itftennis.com/tennis/api/PlayerRankApi/GetPlayerRankings?circuitCode=JT&playerTypeCode=G&ageCategoryCode=&juniorRankingType=itf&take=100&skip=400&isOrderAscending=true,2026-09-29T13:05:36.725Z
2026-09-28,F,439,800637045,Kateryna Chuieshova,UKR,Ukraine,2009,219,https://www.itftennis.com/tennis/api/PlayerRankApi/GetPlayerRankings?circuitCode=JT&playerTypeCode=G&ageCategoryCode=&juniorRankingType=itf&take=100&skip=400&isOrderAscending=true,2026-09-29T13:05:36.725Z
2026-09-28,F,440,800659624,Azul Lopez Vazquez R,MEX,Mexico,2009,219,https://www.itftennis.com/tennis/api/PlayerRankApi/GetPlayerRankings?circuitCode=JT&playerTypeCode=G&ageCategoryCode=&juniorRankingType=itf&take=100&skip=400&isOrderAscending=true,2026-09-29T13:05:36.725Z
2026-09-28,F,441,800739106,Sofia Cuoco,ARG,Argentina,2011,218,https://www.itftennis.com/tennis/api/PlayerRankApi/GetPlayerRankings?circuitCode=JT&playerTypeCode=G&ageCategoryCode=&juniorRankingType=itf&take=100&skip=400&isOrderAscending=true,2026-09-29T13:05:36.725Z
2026-09-28,F,442,800679611,Sarah Mildren,AUS,Australia,2008,217.5,https://www.itftennis.com/tennis/api/PlayerRankApi/GetPlayerRankings?circuitCode=JT&playerTypeCode=G&ageCategoryCode=&juniorRankingType=itf&take=100&skip=400&isOrderAscending=true,2026-09-29T13:05:36.725Z
2026-09-28,F,443,800759123,Manuela Ferreira Banietti,BRA,Brazil,2011,216.5,https://www.itftennis.com/tennis/api/PlayerRankApi/GetPlayerRankings?circuitCode=JT&playerTypeCode=G&ageCategoryCode=&juniorRankingType=itf&take=100&skip=400&isOrderAscending=true,2026-09-29T13:05:36.725Z
2026-09-28,F,444,800667886,Sarah Stoyanov,USA,USA,2008,216,https://www.itftennis.com/tennis/api/PlayerRankApi/GetPlayerRankings?circuitCode=JT&playerTypeCode=G&ageCategoryCode=&juniorRankingType=itf&take=100&skip=400&isOrderAscending=true,2026-09-29T13:05:36.725Z
2026-09-28,F,445,800664558,Veritsa Yaneva,SLO,Slovenia,2009,216,https://www.itftennis.com/tennis/api/PlayerRankApi/GetPlayerRankings?circuitCode=JT&playerTypeCode=G&ageCategoryCode=&juniorRankingType=itf&take=100&skip=400&isOrderAscending=true,2026-09-29T13:05:36.725Z
2026-09-28,F,446,800660358,Sandra Victoria Talamo,VEN,Venezuela,2010,215,https://www.itftennis.com/tennis/api/PlayerRankApi/GetPlayerRankings?circuitCode=JT&playerTypeCode=G&ageCategoryCode=&juniorRankingType=itf&take=100&skip=400&isOrderAscending=true,2026-09-29T13:05:36.725Z
2026-09-28,F,447,800671582,Ohunene Comfort Yakubu,NGR,Nigeria,2008,213.75,https://www.itftennis.com/tennis/api/PlayerRankApi/GetPlayerRankings?circuitCode=JT&playerTypeCode=G&ageCategoryCode=&juniorRankingType=itf&take=100&skip=400&isOrderAscending=true,2026-09-29T13:05:36.725Z
2026-09-28,F,448,800767045,Julia Seversen,USA,USA,2010,213.5,https://www.itftennis.com/tennis/api/PlayerRankApi/GetPlayerRankings?circuitCode=JT&playerTypeCode=G&ageCategoryCode=&juniorRankingType=itf&take=100&skip=400&isOrderAscending=true,2026-09-29T13:05:36.725Z
2026-09-28,F,449,800602593,Emilija Lebedevaite,GBR,Great Britain,2009,213.5,https://www.itftennis.com/tennis/api/PlayerRankApi/GetPlayerRankings?circuitCode=JT&playerTypeCode=G&ageCategoryCode=&juniorRankingType=itf&take=100&skip=400&isOrderAscending=true,2026-09-29T13:05:36.725Z
2026-09-28,F,450,800690150,Kaya Baker,USA,USA,2008,213,https://www.itftennis.com/tennis/api/PlayerRankApi/GetPlayerRankings?circuitCode=JT&playerTypeCode=G&ageCategoryCode=&juniorRankingType=itf&take=100&skip=400&isOrderAscending=true,2026-09-29T13:05:36.725Z
2026-09-28,F,451,800668635,Carlotta Seling,GER,Germany,2009,212.75,https://www.itftennis.com/tennis/api/PlayerRankApi/GetPlayerRankings?circuitCode=JT&playerTypeCode=G&ageCategoryCode=&juniorRankingType=itf&take=100&skip=400&isOrderAscending=true,2026-09-29T13:05:36.725Z
2026-09-28,F,452,800640091,Anna Azarova,LAT,Latvia,2009,212.5,https://www.itftennis.com/tennis/api/PlayerRankApi/GetPlayerRankings?circuitCode=JT&playerTypeCode=G&ageCategoryCode=&juniorRankingType=itf&take=100&skip=400&isOrderAscending=true,2026-09-29T13:05:36.725Z
2026-09-28,F,453,800687360,Maria Badache,ALG,Algeria,2008,212,https://www.itftennis.com/tennis/api/PlayerRankApi/GetPlayerRankings?circuitCode=JT&playerTypeCode=G&ageCategoryCode=&juniorRankingType=itf&take=100&skip=400&isOrderAscending=true,2026-09-29T13:05:36.725Z
2026-09-28,F,454,800659796,Mariia Masliakova,RUS,Russia,2010,211.5,https://www.itftennis.com/tennis/api/PlayerRankApi/GetPlayerRankings?circuitCode=JT&playerTypeCode=G&ageCategoryCode=&juniorRankingType=itf&take=100&skip=400&isOrderAscending=true,2026-09-29T13:05:36.725Z
2026-09-28,F,455,800707529,Lily Rochon,CAN,Canada,2009,211.25,https://www.itftennis.com/tennis/api/PlayerRankApi/GetPlayerRankings?circuitCode=JT&playerTypeCode=G&ageCategoryCode=&juniorRankingType=itf&take=100&skip=400&isOrderAscending=true,2026-09-29T13:05:36.725Z
2026-09-28,F,456,800679348,lamiss Houas,TUN,Tunisia,2008,210.5,https://www.itftennis.com/tennis/api/PlayerRankApi/GetPlayerRankings?circuitCode=JT&playerTypeCode=G&ageCategoryCode=&juniorRankingType=itf&take=100&skip=400&isOrderAscending=true,2026-09-29T13:05:36.725Z
2026-09-28,F,457,800839150,Capri Butera,USA,USA,2012,210,https://www.itftennis.com/tennis/api/PlayerRankApi/GetPlayerRankings?circuitCode=JT&playerTypeCode=G&ageCategoryCode=&juniorRankingType=itf&take=100&skip=400&isOrderAscending=true,2026-09-29T13:05:36.725Z
2026-09-28,F,458,800593288,Milla Kotamaki,FIN,Finland,2009,209.5,https://www.itftennis.com/tennis/api/PlayerRankApi/GetPlayerRankings?circuitCode=JT&playerTypeCode=G&ageCategoryCode=&juniorRankingType=itf&take=100&skip=400&isOrderAscending=true,2026-09-29T13:05:36.725Z
2026-09-28,F,459,800685193,Eva Misko,RUS,Russia,2009,209,https://www.itftennis.com/tennis/api/PlayerRankApi/GetPlayerRankings?circuitCode=JT&playerTypeCode=G&ageCategoryCode=&juniorRankingType=itf&take=100&skip=400&isOrderAscending=true,2026-09-29T13:05:36.725Z
2026-09-28,F,460,800807287,Chen Yun Tsai,TPE,Chinese Taipei,2011,208.75,https://www.itftennis.com/tennis/api/PlayerRankApi/GetPlayerRankings?circuitCode=JT&playerTypeCode=G&ageCategoryCode=&juniorRankingType=itf&take=100&skip=400&isOrderAscending=true,2026-09-29T13:05:36.725Z
2026-09-28,F,461,800575095,Iana Semichina,MDA,Moldova,2008,207.75,https://www.itftennis.com/tennis/api/PlayerRankApi/GetPlayerRankings?circuitCode=JT&playerTypeCode=G&ageCategoryCode=&juniorRankingType=itf&take=100&skip=400&isOrderAscending=true,2026-09-29T13:05:36.725Z
2026-09-28,F,462,800788468,Shina Okuyama,JPN,Japan,2012,207.25,https://www.itftennis.com/tennis/api/PlayerRankApi/GetPlayerRankings?circuitCode=JT&playerTypeCode=G&ageCategoryCode=&juniorRankingType=itf&take=100&skip=400&isOrderAscending=true,2026-09-29T13:05:36.725Z
2026-09-28,F,463,800655598,Julieta Marcos Cattoni,PAR,Paraguay,2009,207,https://www.itftennis.com/tennis/api/PlayerRankApi/GetPlayerRankings?circuitCode=JT&playerTypeCode=G&ageCategoryCode=&juniorRankingType=itf&take=100&skip=400&isOrderAscending=true,2026-09-29T13:05:36.725Z
2026-09-28,F,464,800667717,Alessia Antici,ITA,Italy,2008,205.5,https://www.itftennis.com/tennis/api/PlayerRankApi/GetPlayerRankings?circuitCode=JT&playerTypeCode=G&ageCategoryCode=&juniorRankingType=itf&take=100&skip=400&isOrderAscending=true,2026-09-29T13:05:36.725Z
2026-09-28,F,465,800662105,Sofia Cadar,ITA,Italy,2010,205.5,https://www.itftennis.com/tennis/api/PlayerRankApi/GetPlayerRankings?circuitCode=JT&playerTypeCode=G&ageCategoryCode=&juniorRankingType=itf&take=100&skip=400&isOrderAscending=true,2026-09-29T13:05:36.725Z
2026-09-28,F,466,800630863,Victoria Lopez Ocampos,PAR,Paraguay,2008,203.5,https://www.itftennis.com/tennis/api/PlayerRankApi/GetPlayerRankings?circuitCode=JT&playerTypeCode=G&ageCategoryCode=&juniorRankingType=itf&take=100&skip=400&isOrderAscending=true,2026-09-29T13:05:36.725Z
2026-09-28,F,467,800683666,YEBIN JEON,KOR,"Korea, Rep.",2009,203.25,https://www.itftennis.com/tennis/api/PlayerRankApi/GetPlayerRankings?circuitCode=JT&playerTypeCode=G&ageCategoryCode=&juniorRankingType=itf&take=100&skip=400&isOrderAscending=true,2026-09-29T13:05:36.725Z
2026-09-28,F,468,800720466,Aurora Lugo Torres,PUR,Puerto Rico,2009,203,https://www.itftennis.com/tennis/api/PlayerRankApi/GetPlayerRankings?circuitCode=JT&playerTypeCode=G&ageCategoryCode=&juniorRankingType=itf&take=100&skip=400&isOrderAscending=true,2026-09-29T13:05:36.725Z
2026-09-28,F,469,800732562,Meri Sandenbergh,RSA,South Africa,2008,202.75,https://www.itftennis.com/tennis/api/PlayerRankApi/GetPlayerRankings?circuitCode=JT&playerTypeCode=G&ageCategoryCode=&juniorRankingType=itf&take=100&skip=400&isOrderAscending=true,2026-09-29T13:05:36.725Z
2026-09-28,F,470,800640605,Azuna Ichioka,JPN,Japan,2008,202.5,https://www.itftennis.com/tennis/api/PlayerRankApi/GetPlayerRankings?circuitCode=JT&playerTypeCode=G&ageCategoryCode=&juniorRankingType=itf&take=100&skip=400&isOrderAscending=true,2026-09-29T13:05:36.725Z
2026-09-28,F,471,800638368,Gloria Pop,ROU,Romania,2009,201.5,https://www.itftennis.com/tennis/api/PlayerRankApi/GetPlayerRankings?circuitCode=JT&playerTypeCode=G&ageCategoryCode=&juniorRankingType=itf&take=100&skip=400&isOrderAscending=true,2026-09-29T13:05:36.725Z
2026-09-28,F,472,800730335,Savitha Bhuvaneswaran,IND,India,2009,201.5,https://www.itftennis.com/tennis/api/PlayerRankApi/GetPlayerRankings?circuitCode=JT&playerTypeCode=G&ageCategoryCode=&juniorRankingType=itf&take=100&skip=400&isOrderAscending=true,2026-09-29T13:05:36.725Z
2026-09-28,F,473,800726992,Ma RuoXi,CHN,"China, P.R.",2008,201.25,https://www.itftennis.com/tennis/api/PlayerRankApi/GetPlayerRankings?circuitCode=JT&playerTypeCode=G&ageCategoryCode=&juniorRankingType=itf&take=100&skip=400&isOrderAscending=true,2026-09-29T13:05:36.725Z
2026-09-28,F,474,800677381,Carla Guerrero Calvo,ESP,Spain,2009,200.25,https://www.itftennis.com/tennis/api/PlayerRankApi/GetPlayerRankings?circuitCode=JT&playerTypeCode=G&ageCategoryCode=&juniorRankingType=itf&take=100&skip=400&isOrderAscending=true,2026-09-29T13:05:36.725Z
2026-09-28,F,475,800653019,Valeria Galyaeva,RUS,Russia,2009,200,https://www.itftennis.com/tennis/api/PlayerRankApi/GetPlayerRankings?circuitCode=JT&playerTypeCode=G&ageCategoryCode=&juniorRankingType=itf&take=100&skip=400&isOrderAscending=true,2026-09-29T13:05:36.725Z
2026-09-28,F,476,800651913,Beatriz Nahmias Melo Rodrigues,BRA,Brazil,2009,199.5,https://www.itftennis.com/tennis/api/PlayerRankApi/GetPlayerRankings?circuitCode=JT&playerTypeCode=G&ageCategoryCode=&juniorRankingType=itf&take=100&skip=400&isOrderAscending=true,2026-09-29T13:05:36.725Z
2026-09-28,F,477,800668844,Grace Bernstein,SWE,Sweden,2011,199.5,https://www.itftennis.com/tennis/api/PlayerRankApi/GetPlayerRankings?circuitCode=JT&playerTypeCode=G&ageCategoryCode=&juniorRankingType=itf&take=100&skip=400&isOrderAscending=true,2026-09-29T13:05:36.725Z
2026-09-28,F,478,800693707,Sofi Plamenova Fitcheva,BUL,Bulgaria,2009,198.75,https://www.itftennis.com/tennis/api/PlayerRankApi/GetPlayerRankings?circuitCode=JT&playerTypeCode=G&ageCategoryCode=&juniorRankingType=itf&take=100&skip=400&isOrderAscending=true,2026-09-29T13:05:36.725Z
2026-09-28,F,479,800736699,Ziyan Zhang,CHN,"China, P.R.",2008,198.5,https://www.itftennis.com/tennis/api/PlayerRankApi/GetPlayerRankings?circuitCode=JT&playerTypeCode=G&ageCategoryCode=&juniorRankingType=itf&take=100&skip=400&isOrderAscending=true,2026-09-29T13:05:36.725Z
2026-09-28,F,480,800639867,Sophia Izabella Ragus,DEN,Denmark,2008,198.5,https://www.itftennis.com/tennis/api/PlayerRankApi/GetPlayerRankings?circuitCode=JT&playerTypeCode=G&ageCategoryCode=&juniorRankingType=itf&take=100&skip=400&isOrderAscending=true,2026-09-29T13:05:36.725Z
2026-09-28,F,481,800809404,Tanvi Pandey,USA,USA,2011,197.25,https://www.itftennis.com/tennis/api/PlayerRankApi/GetPlayerRankings?circuitCode=JT&playerTypeCode=G&ageCategoryCode=&juniorRankingType=itf&take=100&skip=400&isOrderAscending=true,2026-09-29T13:05:36.725Z
2026-09-28,F,482,800694576,Jasmine Li,CAN,Canada,2010,197,https://www.itftennis.com/tennis/api/PlayerRankApi/GetPlayerRankings?circuitCode=JT&playerTypeCode=G&ageCategoryCode=&juniorRankingType=itf&take=100&skip=400&isOrderAscending=true,2026-09-29T13:05:36.725Z
2026-09-28,F,483,800838210,Tianyi Gong,CHN,"China, P.R.",2012,197,https://www.itftennis.com/tennis/api/PlayerRankApi/GetPlayerRankings?circuitCode=JT&playerTypeCode=G&ageCategoryCode=&juniorRankingType=itf&take=100&skip=400&isOrderAscending=true,2026-09-29T13:05:36.725Z
2026-09-28,F,484,800621782,Yan Rong Tzeng,TPE,Chinese Taipei,2009,196,https://www.itftennis.com/tennis/api/PlayerRankApi/GetPlayerRankings?circuitCode=JT&playerTypeCode=G&ageCategoryCode=&juniorRankingType=itf&take=100&skip=400&isOrderAscending=true,2026-09-29T13:05:36.725Z
2026-09-28,F,485,800647037,Nora Olivia Adamson,EST,Estonia,2010,195.5,https://www.itftennis.com/tennis/api/PlayerRankApi/GetPlayerRankings?circuitCode=JT&playerTypeCode=G&ageCategoryCode=&juniorRankingType=itf&take=100&skip=400&isOrderAscending=true,2026-09-29T13:05:36.725Z
2026-09-28,F,486,800695348,Valerie Hafstrom,SWE,Sweden,2010,195,https://www.itftennis.com/tennis/api/PlayerRankApi/GetPlayerRankings?circuitCode=JT&playerTypeCode=G&ageCategoryCode=&juniorRankingType=itf&take=100&skip=400&isOrderAscending=true,2026-09-29T13:05:36.725Z
2026-09-28,F,487,800786222,Nagisa Shiomi,JPN,Japan,2010,194.5,https://www.itftennis.com/tennis/api/PlayerRankApi/GetPlayerRankings?circuitCode=JT&playerTypeCode=G&ageCategoryCode=&juniorRankingType=itf&take=100&skip=400&isOrderAscending=true,2026-09-29T13:05:36.725Z
2026-09-28,F,488,800701381,Acalia Shamim,AUS,Australia,2009,193,https://www.itftennis.com/tennis/api/PlayerRankApi/GetPlayerRankings?circuitCode=JT&playerTypeCode=G&ageCategoryCode=&juniorRankingType=itf&take=100&skip=400&isOrderAscending=true,2026-09-29T13:05:36.725Z
2026-09-28,F,489,800786447,Xiaofen Liu,CHN,"China, P.R.",2009,193,https://www.itftennis.com/tennis/api/PlayerRankApi/GetPlayerRankings?circuitCode=JT&playerTypeCode=G&ageCategoryCode=&juniorRankingType=itf&take=100&skip=400&isOrderAscending=true,2026-09-29T13:05:36.725Z
2026-09-28,F,490,800661952,ludovica casalino,ITA,Italy,2010,191.5,https://www.itftennis.com/tennis/api/PlayerRankApi/GetPlayerRankings?circuitCode=JT&playerTypeCode=G&ageCategoryCode=&juniorRankingType=itf&take=100&skip=400&isOrderAscending=true,2026-09-29T13:05:36.725Z
2026-09-28,F,491,800711127,Nina Tepic,SRB,Serbia,2011,191,https://www.itftennis.com/tennis/api/PlayerRankApi/GetPlayerRankings?circuitCode=JT&playerTypeCode=G&ageCategoryCode=&juniorRankingType=itf&take=100&skip=400&isOrderAscending=true,2026-09-29T13:05:36.725Z
2026-09-28,F,492,800670459,Mischka Sinclaire Goenadi,INA,Indonesia,2008,190.75,https://www.itftennis.com/tennis/api/PlayerRankApi/GetPlayerRankings?circuitCode=JT&playerTypeCode=G&ageCategoryCode=&juniorRankingType=itf&take=100&skip=400&isOrderAscending=true,2026-09-29T13:05:36.725Z
2026-09-28,F,493,800829077,Rutendo Tom,ZIM,Zimbabwe,2011,190.5,https://www.itftennis.com/tennis/api/PlayerRankApi/GetPlayerRankings?circuitCode=JT&playerTypeCode=G&ageCategoryCode=&juniorRankingType=itf&take=100&skip=400&isOrderAscending=true,2026-09-29T13:05:36.725Z
2026-09-28,F,494,800672773,Lilien Kubalova,SVK,Slovakia,2011,190,https://www.itftennis.com/tennis/api/PlayerRankApi/GetPlayerRankings?circuitCode=JT&playerTypeCode=G&ageCategoryCode=&juniorRankingType=itf&take=100&skip=400&isOrderAscending=true,2026-09-29T13:05:36.725Z
2026-09-28,F,495,800643051,Martina Salaberry,BOL,Bolivia,2008,188.5,https://www.itftennis.com/tennis/api/PlayerRankApi/GetPlayerRankings?circuitCode=JT&playerTypeCode=G&ageCategoryCode=&juniorRankingType=itf&take=100&skip=400&isOrderAscending=true,2026-09-29T13:05:36.725Z
2026-09-28,F,496,800673016,AYANNA MARIA MITU,ROU,Romania,2010,188,https://www.itftennis.com/tennis/api/PlayerRankApi/GetPlayerRankings?circuitCode=JT&playerTypeCode=G&ageCategoryCode=&juniorRankingType=itf&take=100&skip=400&isOrderAscending=true,2026-09-29T13:05:36.725Z
2026-09-28,F,497,800666224,Elizaveta Astafjeva,EST,Estonia,2010,188,https://www.itftennis.com/tennis/api/PlayerRankApi/GetPlayerRankings?circuitCode=JT&playerTypeCode=G&ageCategoryCode=&juniorRankingType=itf&take=100&skip=400&isOrderAscending=true,2026-09-29T13:05:36.725Z
2026-09-28,F,498,800728255,Laura Valentina Villamil Arias,COL,Colombia,2011,187.5,https://www.itftennis.com/tennis/api/PlayerRankApi/GetPlayerRankings?circuitCode=JT&playerTypeCode=G&ageCategoryCode=&juniorRankingType=itf&take=100&skip=400&isOrderAscending=true,2026-09-29T13:05:36.725Z
2026-09-28,F,499,800588026,Celine Weynen,BEL,Belgium,2009,187.5,https://www.itftennis.com/tennis/api/PlayerRankApi/GetPlayerRankings?circuitCode=JT&playerTypeCode=G&ageCategoryCode=&juniorRankingType=itf&take=100&skip=400&isOrderAscending=true,2026-09-29T13:05:36.725Z
2026-09-28,F,500,800775653,Audrey Dussault,USA,USA,2011,187.25,https://www.itftennis.com/tennis/api/PlayerRankApi/GetPlayerRankings?circuitCode=JT&playerTypeCode=G&ageCategoryCode=&juniorRankingType=itf&take=100&skip=400&isOrderAscending=true,2026-09-29T13:05:36.725Z
2026-09-28,F,501,800774309,Montserrat Temprana Falco,MEX,Mexico,2010,187,https://www.itftennis.com/tennis/api/PlayerRankApi/GetPlayerRankings?circuitCode=JT&playerTypeCode=G&ageCategoryCode=&juniorRankingType=itf&take=100&skip=500&isOrderAscending=true,2026-09-29T13:05:38.775Z
2026-09-28,F,502,800808126,Vibha Gogineni,USA,USA,2010,187,https://www.itftennis.com/tennis/api/PlayerRankApi/GetPlayerRankings?circuitCode=JT&playerTypeCode=G&ageCategoryCode=&juniorRankingType=itf&take=100&skip=500&isOrderAscending=true,2026-09-29T13:05:38.775Z
2026-09-28,F,503,800695483,Maria Fernanda Lopes,BRA,Brazil,2010,186.5,https://www.itftennis.com/tennis/api/PlayerRankApi/GetPlayerRankings?circuitCode=JT&playerTypeCode=G&ageCategoryCode=&juniorRankingType=itf&take=100&skip=500&isOrderAscending=true,2026-09-29T13:05:38.775Z
2026-09-28,F,504,800640501,Eleonora Toneva,BUL,Bulgaria,2009,186.5,https://www.itftennis.com/tennis/api/PlayerRankApi/GetPlayerRankings?circuitCode=JT&playerTypeCode=G&ageCategoryCode=&juniorRankingType=itf&take=100&skip=500&isOrderAscending=true,2026-09-29T13:05:38.775Z
2026-09-28,F,505,800628944,Maryia Kolas,BLR,Belarus,2009,186.25,https://www.itftennis.com/tennis/api/PlayerRankApi/GetPlayerRankings?circuitCode=JT&playerTypeCode=G&ageCategoryCode=&juniorRankingType=itf&take=100&skip=500&isOrderAscending=true,2026-09-29T13:05:38.775Z
2026-09-28,F,506,800640535,Alexandra Bayuschenko,BLR,Belarus,2009,185.75,https://www.itftennis.com/tennis/api/PlayerRankApi/GetPlayerRankings?circuitCode=JT&playerTypeCode=G&ageCategoryCode=&juniorRankingType=itf&take=100&skip=500&isOrderAscending=true,2026-09-29T13:05:38.775Z
2026-09-28,F,507,800694779,Angelina Cerdic,GER,Germany,2011,185.75,https://www.itftennis.com/tennis/api/PlayerRankApi/GetPlayerRankings?circuitCode=JT&playerTypeCode=G&ageCategoryCode=&juniorRankingType=itf&take=100&skip=500&isOrderAscending=true,2026-09-29T13:05:38.775Z
2026-09-28,F,508,800672279,Riana Rusnackova,SVK,Slovakia,2011,185,https://www.itftennis.com/tennis/api/PlayerRankApi/GetPlayerRankings?circuitCode=JT&playerTypeCode=G&ageCategoryCode=&juniorRankingType=itf&take=100&skip=500&isOrderAscending=true,2026-09-29T13:05:38.775Z
2026-09-28,F,509,800660001,Andrea Georgiou Papakyriacou,CYP,Cyprus,2010,184.75,https://www.itftennis.com/tennis/api/PlayerRankApi/GetPlayerRankings?circuitCode=JT&playerTypeCode=G&ageCategoryCode=&juniorRankingType=itf&take=100&skip=500&isOrderAscending=true,2026-09-29T13:05:38.775Z
2026-09-28,F,510,800686720,Teaghan Jou An Keys,USA,USA,2010,184.5,https://www.itftennis.com/tennis/api/PlayerRankApi/GetPlayerRankings?circuitCode=JT&playerTypeCode=G&ageCategoryCode=&juniorRankingType=itf&take=100&skip=500&isOrderAscending=true,2026-09-29T13:05:38.775Z
2026-09-28,F,511,800675203,Aliaksandra Tryhubkina,BLR,Belarus,2010,184.5,https://www.itftennis.com/tennis/api/PlayerRankApi/GetPlayerRankings?circuitCode=JT&playerTypeCode=G&ageCategoryCode=&juniorRankingType=itf&take=100&skip=500&isOrderAscending=true,2026-09-29T13:05:38.775Z
2026-09-28,F,512,800779000,Success Ogunjobi,NGR,Nigeria,2008,184,https://www.itftennis.com/tennis/api/PlayerRankApi/GetPlayerRankings?circuitCode=JT&playerTypeCode=G&ageCategoryCode=&juniorRankingType=itf&take=100&skip=500&isOrderAscending=true,2026-09-29T13:05:38.775Z
2026-09-28,F,513,800632483,Antonia Stoyanov,NED,Netherlands,2009,183.75,https://www.itftennis.com/tennis/api/PlayerRankApi/GetPlayerRankings?circuitCode=JT&playerTypeCode=G&ageCategoryCode=&juniorRankingType=itf&take=100&skip=500&isOrderAscending=true,2026-09-29T13:05:38.775Z
2026-09-28,F,514,800748021,Elisabeth Djabourian,CAN,Canada,2011,183.5,https://www.itftennis.com/tennis/api/PlayerRankApi/GetPlayerRankings?circuitCode=JT&playerTypeCode=G&ageCategoryCode=&juniorRankingType=itf&take=100&skip=500&isOrderAscending=true,2026-09-29T13:05:38.775Z
2026-09-28,F,515,800743146,Natalie Irahola,CZE,Czechia,2009,183.5,https://www.itftennis.com/tennis/api/PlayerRankApi/GetPlayerRankings?circuitCode=JT&playerTypeCode=G&ageCategoryCode=&juniorRankingType=itf&take=100&skip=500&isOrderAscending=true,2026-09-29T13:05:38.775Z
2026-09-28,F,516,800670972,Lucia Gale,NZL,New Zealand,2008,183.5,https://www.itftennis.com/tennis/api/PlayerRankApi/GetPlayerRankings?circuitCode=JT&playerTypeCode=G&ageCategoryCode=&juniorRankingType=itf&take=100&skip=500&isOrderAscending=true,2026-09-29T13:05:38.775Z
2026-09-28,F,517,800676654,Milica Sakamoto Milojevic,GBR,Great Britain,2011,183.5,https://www.itftennis.com/tennis/api/PlayerRankApi/GetPlayerRankings?circuitCode=JT&playerTypeCode=G&ageCategoryCode=&juniorRankingType=itf&take=100&skip=500&isOrderAscending=true,2026-09-29T13:05:38.775Z
2026-09-28,F,518,800622254,Kuai Jiananxi,CHN,"China, P.R.",2009,182.5,https://www.itftennis.com/tennis/api/PlayerRankApi/GetPlayerRankings?circuitCode=JT&playerTypeCode=G&ageCategoryCode=&juniorRankingType=itf&take=100&skip=500&isOrderAscending=true,2026-09-29T13:05:38.775Z
2026-09-28,F,519,800830781,Seungyeon Seo,AUS,Australia,2013,182.5,https://www.itftennis.com/tennis/api/PlayerRankApi/GetPlayerRankings?circuitCode=JT&playerTypeCode=G&ageCategoryCode=&juniorRankingType=itf&take=100&skip=500&isOrderAscending=true,2026-09-29T13:05:38.775Z
2026-09-28,F,520,800715587,Maria Laura Sejas,BOL,Bolivia,2011,182,https://www.itftennis.com/tennis/api/PlayerRankApi/GetPlayerRankings?circuitCode=JT&playerTypeCode=G&ageCategoryCode=&juniorRankingType=itf&take=100&skip=500&isOrderAscending=true,2026-09-29T13:05:38.775Z
2026-09-28,F,521,800675493,Giulia Bajsic Leo,BRA,Brazil,2009,181.25,https://www.itftennis.com/tennis/api/PlayerRankApi/GetPlayerRankings?circuitCode=JT&playerTypeCode=G&ageCategoryCode=&juniorRankingType=itf&take=100&skip=500&isOrderAscending=true,2026-09-29T13:05:38.775Z
2026-09-28,F,522,800672048,Gwen Emily Kurniawan,INA,Indonesia,2010,181.25,https://www.itftennis.com/tennis/api/PlayerRankApi/GetPlayerRankings?circuitCode=JT&playerTypeCode=G&ageCategoryCode=&juniorRankingType=itf&take=100&skip=500&isOrderAscending=true,2026-09-29T13:05:38.775Z
2026-09-28,F,523,800804593,Ava Sanicharan,CAN,Canada,2011,181.25,https://www.itftennis.com/tennis/api/PlayerRankApi/GetPlayerRankings?circuitCode=JT&playerTypeCode=G&ageCategoryCode=&juniorRankingType=itf&take=100&skip=500&isOrderAscending=true,2026-09-29T13:05:38.775Z
2026-09-28,F,524,800637044,Katerina Filipova,CZE,Czechia,2010,181,https://www.itftennis.com/tennis/api/PlayerRankApi/GetPlayerRankings?circuitCode=JT&playerTypeCode=G&ageCategoryCode=&juniorRankingType=itf&take=100&skip=500&isOrderAscending=true,2026-09-29T13:05:38.775Z
2026-09-28,F,525,800696220,Mila van der Lecq,NED,Netherlands,2011,180.5,https://www.itftennis.com/tennis/api/PlayerRankApi/GetPlayerRankings?circuitCode=JT&playerTypeCode=G&ageCategoryCode=&juniorRankingType=itf&take=100&skip=500&isOrderAscending=true,2026-09-29T13:05:38.775Z
2026-09-28,F,526,800599911,Zoe Ulrich,FRA,France,2008,180,https://www.itftennis.com/tennis/api/PlayerRankApi/GetPlayerRankings?circuitCode=JT&playerTypeCode=G&ageCategoryCode=&juniorRankingType=itf&take=100&skip=500&isOrderAscending=true,2026-09-29T13:05:38.775Z
2026-09-28,F,527,800794356,Agnes Bang Kjaersgaard,DEN,Denmark,2011,179.5,https://www.itftennis.com/tennis/api/PlayerRankApi/GetPlayerRankings?circuitCode=JT&playerTypeCode=G&ageCategoryCode=&juniorRankingType=itf&take=100&skip=500&isOrderAscending=true,2026-09-29T13:05:38.775Z
2026-09-28,F,528,800599619,Snigdha Kanta,IND,India,2009,179,https://www.itftennis.com/tennis/api/PlayerRankApi/GetPlayerRankings?circuitCode=JT&playerTypeCode=G&ageCategoryCode=&juniorRankingType=itf&take=100&skip=500&isOrderAscending=true,2026-09-29T13:05:38.775Z
2026-09-28,F,529,800708739,Clarice Ouvarova,GBR,Great Britain,2010,179,https://www.itftennis.com/tennis/api/PlayerRankApi/GetPlayerRankings?circuitCode=JT&playerTypeCode=G&ageCategoryCode=&juniorRankingType=itf&take=100&skip=500&isOrderAscending=true,2026-09-29T13:05:38.775Z
2026-09-28,F,530,800736997,Pavitar Kaur Felicity Pansi,AUS,Australia,2010,179,https://www.itftennis.com/tennis/api/PlayerRankApi/GetPlayerRankings?circuitCode=JT&playerTypeCode=G&ageCategoryCode=&juniorRankingType=itf&take=100&skip=500&isOrderAscending=true,2026-09-29T13:05:38.775Z
2026-09-28,F,531,800624608,Dinara De Silva,SRI,Sri Lanka,2008,178.75,https://www.itftennis.com/tennis/api/PlayerRankApi/GetPlayerRankings?circuitCode=JT&playerTypeCode=G&ageCategoryCode=&juniorRankingType=itf&take=100&skip=500&isOrderAscending=true,2026-09-29T13:05:38.775Z
2026-09-28,F,532,800755513,Shaya Jovanovic,USA,USA,2009,178.5,https://www.itftennis.com/tennis/api/PlayerRankApi/GetPlayerRankings?circuitCode=JT&playerTypeCode=G&ageCategoryCode=&juniorRankingType=itf&take=100&skip=500&isOrderAscending=true,2026-09-29T13:05:38.775Z
2026-09-28,F,533,800696049,Lea casse cotellon,FRA,France,2011,177,https://www.itftennis.com/tennis/api/PlayerRankApi/GetPlayerRankings?circuitCode=JT&playerTypeCode=G&ageCategoryCode=&juniorRankingType=itf&take=100&skip=500&isOrderAscending=true,2026-09-29T13:05:38.775Z
2026-09-28,F,534,800762959,Rose Biria,USA,USA,2009,177,https://www.itftennis.com/tennis/api/PlayerRankApi/GetPlayerRankings?circuitCode=JT&playerTypeCode=G&ageCategoryCode=&juniorRankingType=itf&take=100&skip=500&isOrderAscending=true,2026-09-29T13:05:38.775Z
2026-09-28,F,535,800665681,Veronica Cervac,ROU,Romania,2010,176.5,https://www.itftennis.com/tennis/api/PlayerRankApi/GetPlayerRankings?circuitCode=JT&playerTypeCode=G&ageCategoryCode=&juniorRankingType=itf&take=100&skip=500&isOrderAscending=true,2026-09-29T13:05:38.775Z
2026-09-28,F,536,800740007,Sukriye Ezgi Akyol,TUR,Turkiye,2009,176.5,https://www.itftennis.com/tennis/api/PlayerRankApi/GetPlayerRankings?circuitCode=JT&playerTypeCode=G&ageCategoryCode=&juniorRankingType=itf&take=100&skip=500&isOrderAscending=true,2026-09-29T13:05:38.775Z
2026-09-28,F,537,800656713,Prisha Nikhil Shinde,IND,India,2009,176,https://www.itftennis.com/tennis/api/PlayerRankApi/GetPlayerRankings?circuitCode=JT&playerTypeCode=G&ageCategoryCode=&juniorRankingType=itf&take=100&skip=500&isOrderAscending=true,2026-09-29T13:05:38.775Z
2026-09-28,F,538,800636229,Mariia Lazarenko,UKR,Ukraine,2008,176,https://www.itftennis.com/tennis/api/PlayerRankApi/GetPlayerRankings?circuitCode=JT&playerTypeCode=G&ageCategoryCode=&juniorRankingType=itf&take=100&skip=500&isOrderAscending=true,2026-09-29T13:05:38.775Z
2026-09-28,F,539,800596523,Maja Wrobel,POL,Poland,2008,176,https://www.itftennis.com/tennis/api/PlayerRankApi/GetPlayerRankings?circuitCode=JT&playerTypeCode=G&ageCategoryCode=&juniorRankingType=itf&take=100&skip=500&isOrderAscending=true,2026-09-29T13:05:38.775Z
2026-09-28,F,540,800791364,Anna Scott Laney,USA,USA,2011,176,https://www.itftennis.com/tennis/api/PlayerRankApi/GetPlayerRankings?circuitCode=JT&playerTypeCode=G&ageCategoryCode=&juniorRankingType=itf&take=100&skip=500&isOrderAscending=true,2026-09-29T13:05:38.775Z
2026-09-28,F,541,800710109,Andrea Taylor,CAN,Canada,2009,176,https://www.itftennis.com/tennis/api/PlayerRankApi/GetPlayerRankings?circuitCode=JT&playerTypeCode=G&ageCategoryCode=&juniorRankingType=itf&take=100&skip=500&isOrderAscending=true,2026-09-29T13:05:38.775Z
2026-09-28,F,542,800673054,Alison Julieta Oliva Ramirez,GUA,Guatemala,2009,176,https://www.itftennis.com/tennis/api/PlayerRankApi/GetPlayerRankings?circuitCode=JT&playerTypeCode=G&ageCategoryCode=&juniorRankingType=itf&take=100&skip=500&isOrderAscending=true,2026-09-29T13:05:38.775Z
2026-09-28,F,543,800774896,Lea Dube,RSA,South Africa,2011,175,https://www.itftennis.com/tennis/api/PlayerRankApi/GetPlayerRankings?circuitCode=JT&playerTypeCode=G&ageCategoryCode=&juniorRankingType=itf&take=100&skip=500&isOrderAscending=true,2026-09-29T13:05:38.775Z
2026-09-28,F,544,800692785,Luciana Agudelo,ARG,Argentina,2010,175,https://www.itftennis.com/tennis/api/PlayerRankApi/GetPlayerRankings?circuitCode=JT&playerTypeCode=G&ageCategoryCode=&juniorRankingType=itf&take=100&skip=500&isOrderAscending=true,2026-09-29T13:05:38.775Z
2026-09-28,F,545,800692247,Maria Vidutova,RUS,Russia,2011,175,https://www.itftennis.com/tennis/api/PlayerRankApi/GetPlayerRankings?circuitCode=JT&playerTypeCode=G&ageCategoryCode=&juniorRankingType=itf&take=100&skip=500&isOrderAscending=true,2026-09-29T13:05:38.775Z
2026-09-28,F,546,800690847,Sofia Lomakina,RUS,Russia,2011,174.5,https://www.itftennis.com/tennis/api/PlayerRankApi/GetPlayerRankings?circuitCode=JT&playerTypeCode=G&ageCategoryCode=&juniorRankingType=itf&take=100&skip=500&isOrderAscending=true,2026-09-29T13:05:38.775Z
2026-09-28,F,547,800665674,Nina Kosicka,SVK,Slovakia,2010,174.5,https://www.itftennis.com/tennis/api/PlayerRankApi/GetPlayerRankings?circuitCode=JT&playerTypeCode=G&ageCategoryCode=&juniorRankingType=itf&take=100&skip=500&isOrderAscending=true,2026-09-29T13:05:38.775Z
2026-09-28,F,548,800590580,Madalena Matias,POR,Portugal,2008,173.75,https://www.itftennis.com/tennis/api/PlayerRankApi/GetPlayerRankings?circuitCode=JT&playerTypeCode=G&ageCategoryCode=&juniorRankingType=itf&take=100&skip=500&isOrderAscending=true,2026-09-29T13:05:38.775Z
2026-09-28,F,549,800711385,Mimmie Buchler,SWE,Sweden,2011,173.5,https://www.itftennis.com/tennis/api/PlayerRankApi/GetPlayerRankings?circuitCode=JT&playerTypeCode=G&ageCategoryCode=&juniorRankingType=itf&take=100&skip=500&isOrderAscending=true,2026-09-29T13:05:38.775Z
2026-09-28,F,550,800708508,Arina Fomina,RUS,Russia,2012,172.25,https://www.itftennis.com/tennis/api/PlayerRankApi/GetPlayerRankings?circuitCode=JT&playerTypeCode=G&ageCategoryCode=&juniorRankingType=itf&take=100&skip=500&isOrderAscending=true,2026-09-29T13:05:38.775Z
2026-09-28,F,551,800651945,Maria Isabel Suarez,COL,Colombia,2008,171.75,https://www.itftennis.com/tennis/api/PlayerRankApi/GetPlayerRankings?circuitCode=JT&playerTypeCode=G&ageCategoryCode=&juniorRankingType=itf&take=100&skip=500&isOrderAscending=true,2026-09-29T13:05:38.775Z
2026-09-28,F,552,800682346,Flavia Cherobim Souza,BRA,Brazil,2011,171.75,https://www.itftennis.com/tennis/api/PlayerRankApi/GetPlayerRankings?circuitCode=JT&playerTypeCode=G&ageCategoryCode=&juniorRankingType=itf&take=100&skip=500&isOrderAscending=true,2026-09-29T13:05:38.775Z
2026-09-28,F,553,800644177,nour sahnoun,TUN,Tunisia,2009,171.5,https://www.itftennis.com/tennis/api/PlayerRankApi/GetPlayerRankings?circuitCode=JT&playerTypeCode=G&ageCategoryCode=&juniorRankingType=itf&take=100&skip=500&isOrderAscending=true,2026-09-29T13:05:38.775Z
2026-09-28,F,554,800671087,Judit Pla Martinell,ESP,Spain,2010,170,https://www.itftennis.com/tennis/api/PlayerRankApi/GetPlayerRankings?circuitCode=JT&playerTypeCode=G&ageCategoryCode=&juniorRankingType=itf&take=100&skip=500&isOrderAscending=true,2026-09-29T13:05:38.775Z
2026-09-28,F,555,800677663,Valeria Santander,PAR,Paraguay,2010,169.75,https://www.itftennis.com/tennis/api/PlayerRankApi/GetPlayerRankings?circuitCode=JT&playerTypeCode=G&ageCategoryCode=&juniorRankingType=itf&take=100&skip=500&isOrderAscending=true,2026-09-29T13:05:38.775Z
2026-09-28,F,556,800755329,Kauany Rodrigues,BRA,Brazil,2011,169.5,https://www.itftennis.com/tennis/api/PlayerRankApi/GetPlayerRankings?circuitCode=JT&playerTypeCode=G&ageCategoryCode=&juniorRankingType=itf&take=100&skip=500&isOrderAscending=true,2026-09-29T13:05:38.775Z
2026-09-28,F,557,800757229,Jiayi Lin,CHN,"China, P.R.",2011,169.5,https://www.itftennis.com/tennis/api/PlayerRankApi/GetPlayerRankings?circuitCode=JT&playerTypeCode=G&ageCategoryCode=&juniorRankingType=itf&take=100&skip=500&isOrderAscending=true,2026-09-29T13:05:38.775Z
2026-09-28,F,558,800652888,Valentina Garcia Rojas,COL,Colombia,2009,169,https://www.itftennis.com/tennis/api/PlayerRankApi/GetPlayerRankings?circuitCode=JT&playerTypeCode=G&ageCategoryCode=&juniorRankingType=itf&take=100&skip=500&isOrderAscending=true,2026-09-29T13:05:38.775Z
2026-09-28,F,559,800809602,Swanika Roy,USA,USA,2010,168.75,https://www.itftennis.com/tennis/api/PlayerRankApi/GetPlayerRankings?circuitCode=JT&playerTypeCode=G&ageCategoryCode=&juniorRankingType=itf&take=100&skip=500&isOrderAscending=true,2026-09-29T13:05:38.775Z
2026-09-28,F,560,800814180,Tiantian Sun,CHN,"China, P.R.",2011,168.75,https://www.itftennis.com/tennis/api/PlayerRankApi/GetPlayerRankings?circuitCode=JT&playerTypeCode=G&ageCategoryCode=&juniorRankingType=itf&take=100&skip=500&isOrderAscending=true,2026-09-29T13:05:38.775Z
2026-09-28,F,561,800660429,Maria Alexandra Mateas,ROU,Romania,2009,168.5,https://www.itftennis.com/tennis/api/PlayerRankApi/GetPlayerRankings?circuitCode=JT&playerTypeCode=G&ageCategoryCode=&juniorRankingType=itf&take=100&skip=500&isOrderAscending=true,2026-09-29T13:05:38.775Z
2026-09-28,F,562,800543453,Satima Toregen,KAZ,Kazakhstan,2008,168,https://www.itftennis.com/tennis/api/PlayerRankApi/GetPlayerRankings?circuitCode=JT&playerTypeCode=G&ageCategoryCode=&juniorRankingType=itf&take=100&skip=500&isOrderAscending=true,2026-09-29T13:05:38.775Z
2026-09-28,F,563,800710292,Una Misic,NZL,New Zealand,2010,168,https://www.itftennis.com/tennis/api/PlayerRankApi/GetPlayerRankings?circuitCode=JT&playerTypeCode=G&ageCategoryCode=&juniorRankingType=itf&take=100&skip=500&isOrderAscending=true,2026-09-29T13:05:38.775Z
2026-09-28,F,564,800675480,Maria Fernanda Poma Coronado,PER,Peru,2010,168,https://www.itftennis.com/tennis/api/PlayerRankApi/GetPlayerRankings?circuitCode=JT&playerTypeCode=G&ageCategoryCode=&juniorRankingType=itf&take=100&skip=500&isOrderAscending=true,2026-09-29T13:05:38.775Z
2026-09-28,F,565,800702808,OLIMPIA JAGODZINSKA,POL,Poland,2011,167.25,https://www.itftennis.com/tennis/api/PlayerRankApi/GetPlayerRankings?circuitCode=JT&playerTypeCode=G&ageCategoryCode=&juniorRankingType=itf&take=100&skip=500&isOrderAscending=true,2026-09-29T13:05:38.775Z
2026-09-28,F,566,800741282,Vera Levin,SWE,Sweden,2010,167,https://www.itftennis.com/tennis/api/PlayerRankApi/GetPlayerRankings?circuitCode=JT&playerTypeCode=G&ageCategoryCode=&juniorRankingType=itf&take=100&skip=500&isOrderAscending=true,2026-09-29T13:05:38.775Z
2026-09-28,F,567,800677249,Carlota Lujan,ESP,Spain,2009,167,https://www.itftennis.com/tennis/api/PlayerRankApi/GetPlayerRankings?circuitCode=JT&playerTypeCode=G&ageCategoryCode=&juniorRankingType=itf&take=100&skip=500&isOrderAscending=true,2026-09-29T13:05:38.775Z
2026-09-28,F,568,800693680,Pui Yin Lung,GBR,Great Britain,2010,166.75,https://www.itftennis.com/tennis/api/PlayerRankApi/GetPlayerRankings?circuitCode=JT&playerTypeCode=G&ageCategoryCode=&juniorRankingType=itf&take=100&skip=500&isOrderAscending=true,2026-09-29T13:05:38.775Z
2026-09-28,F,569,800795506,Maryna Levadna,UKR,Ukraine,2011,165.75,https://www.itftennis.com/tennis/api/PlayerRankApi/GetPlayerRankings?circuitCode=JT&playerTypeCode=G&ageCategoryCode=&juniorRankingType=itf&take=100&skip=500&isOrderAscending=true,2026-09-29T13:05:38.775Z
2026-09-28,F,570,800694994,Judy Tawila,EGY,Egypt,2008,165.5,https://www.itftennis.com/tennis/api/PlayerRankApi/GetPlayerRankings?circuitCode=JT&playerTypeCode=G&ageCategoryCode=&juniorRankingType=itf&take=100&skip=500&isOrderAscending=true,2026-09-29T13:05:38.775Z
2026-09-28,F,571,800648176,Michelle Amy Geznenge,GER,Germany,2009,164.5,https://www.itftennis.com/tennis/api/PlayerRankApi/GetPlayerRankings?circuitCode=JT&playerTypeCode=G&ageCategoryCode=&juniorRankingType=itf&take=100&skip=500&isOrderAscending=true,2026-09-29T13:05:38.775Z
2026-09-28,F,572,800806432,Yui Watanabe,JPN,Japan,2011,164.5,https://www.itftennis.com/tennis/api/PlayerRankApi/GetPlayerRankings?circuitCode=JT&playerTypeCode=G&ageCategoryCode=&juniorRankingType=itf&take=100&skip=500&isOrderAscending=true,2026-09-29T13:05:38.775Z
2026-09-28,F,573,800672257,Diana Petrasova,SVK,Slovakia,2009,164.5,https://www.itftennis.com/tennis/api/PlayerRankApi/GetPlayerRankings?circuitCode=JT&playerTypeCode=G&ageCategoryCode=&juniorRankingType=itf&take=100&skip=500&isOrderAscending=true,2026-09-29T13:05:38.775Z
2026-09-28,F,574,800685356,Sakura Mori,JPN,Japan,2010,163.75,https://www.itftennis.com/tennis/api/PlayerRankApi/GetPlayerRankings?circuitCode=JT&playerTypeCode=G&ageCategoryCode=&juniorRankingType=itf&take=100&skip=500&isOrderAscending=true,2026-09-29T13:05:38.775Z
2026-09-28,F,575,800736977,Aleksandra Karabanova,RUS,Russia,2012,163.75,https://www.itftennis.com/tennis/api/PlayerRankApi/GetPlayerRankings?circuitCode=JT&playerTypeCode=G&ageCategoryCode=&juniorRankingType=itf&take=100&skip=500&isOrderAscending=true,2026-09-29T13:05:38.775Z
2026-09-28,F,576,800585918,Francesca Parcelli,GER,Germany,2009,163,https://www.itftennis.com/tennis/api/PlayerRankApi/GetPlayerRankings?circuitCode=JT&playerTypeCode=G&ageCategoryCode=&juniorRankingType=itf&take=100&skip=500&isOrderAscending=true,2026-09-29T13:05:38.775Z
2026-09-28,F,577,800601992,Hyejeong Ahn,KOR,"Korea, Rep.",2008,163,https://www.itftennis.com/tennis/api/PlayerRankApi/GetPlayerRankings?circuitCode=JT&playerTypeCode=G&ageCategoryCode=&juniorRankingType=itf&take=100&skip=500&isOrderAscending=true,2026-09-29T13:05:38.775Z
2026-09-28,F,578,800595764,Marie Johanna Lapimaa,EST,Estonia,2008,163,https://www.itftennis.com/tennis/api/PlayerRankApi/GetPlayerRankings?circuitCode=JT&playerTypeCode=G&ageCategoryCode=&juniorRankingType=itf&take=100&skip=500&isOrderAscending=true,2026-09-29T13:05:38.775Z
2026-09-28,F,579,800575413,Daria Koreshkova,RUS,Russia,2008,162.5,https://www.itftennis.com/tennis/api/PlayerRankApi/GetPlayerRankings?circuitCode=JT&playerTypeCode=G&ageCategoryCode=&juniorRankingType=itf&take=100&skip=500&isOrderAscending=true,2026-09-29T13:05:38.775Z
2026-09-28,F,580,800709284,Chanelle Tariro Zhuwakini,ZIM,Zimbabwe,2009,162.5,https://www.itftennis.com/tennis/api/PlayerRankApi/GetPlayerRankings?circuitCode=JT&playerTypeCode=G&ageCategoryCode=&juniorRankingType=itf&take=100&skip=500&isOrderAscending=true,2026-09-29T13:05:38.775Z
2026-09-28,F,581,800653457,Ekaterina Matsko,RUS,Russia,2009,162.5,https://www.itftennis.com/tennis/api/PlayerRankApi/GetPlayerRankings?circuitCode=JT&playerTypeCode=G&ageCategoryCode=&juniorRankingType=itf&take=100&skip=500&isOrderAscending=true,2026-09-29T13:05:38.775Z
2026-09-28,F,582,800670901,Matilda Cabrera Burns,GBR,Great Britain,2009,162.25,https://www.itftennis.com/tennis/api/PlayerRankApi/GetPlayerRankings?circuitCode=JT&playerTypeCode=G&ageCategoryCode=&juniorRankingType=itf&take=100&skip=500&isOrderAscending=true,2026-09-29T13:05:38.775Z
2026-09-28,F,583,800659762,Sude Ulueren,TUR,Turkiye,2009,162,https://www.itftennis.com/tennis/api/PlayerRankApi/GetPlayerRankings?circuitCode=JT&playerTypeCode=G&ageCategoryCode=&juniorRankingType=itf&take=100&skip=500&isOrderAscending=true,2026-09-29T13:05:38.775Z
2026-09-28,F,584,800654504,Vlada Razina,BLR,Belarus,2009,162,https://www.itftennis.com/tennis/api/PlayerRankApi/GetPlayerRankings?circuitCode=JT&playerTypeCode=G&ageCategoryCode=&juniorRankingType=itf&take=100&skip=500&isOrderAscending=true,2026-09-29T13:05:38.775Z
2026-09-28,F,585,800603748,Martina Cerbo,ITA,Italy,2009,161.75,https://www.itftennis.com/tennis/api/PlayerRankApi/GetPlayerRankings?circuitCode=JT&playerTypeCode=G&ageCategoryCode=&juniorRankingType=itf&take=100&skip=500&isOrderAscending=true,2026-09-29T13:05:38.775Z
2026-09-28,F,586,800662745,Karina Elena Gabriela Dumitru,ROU,Romania,2010,161.75,https://www.itftennis.com/tennis/api/PlayerRankApi/GetPlayerRankings?circuitCode=JT&playerTypeCode=G&ageCategoryCode=&juniorRankingType=itf&take=100&skip=500&isOrderAscending=true,2026-09-29T13:05:38.775Z
2026-09-28,F,587,800626493,Clemence Lesdos,FRA,France,2009,161.5,https://www.itftennis.com/tennis/api/PlayerRankApi/GetPlayerRankings?circuitCode=JT&playerTypeCode=G&ageCategoryCode=&juniorRankingType=itf&take=100&skip=500&isOrderAscending=true,2026-09-29T13:05:38.775Z
2026-09-28,F,588,800668548,Nela Padrnosova,CZE,Czechia,2010,161.5,https://www.itftennis.com/tennis/api/PlayerRankApi/GetPlayerRankings?circuitCode=JT&playerTypeCode=G&ageCategoryCode=&juniorRankingType=itf&take=100&skip=500&isOrderAscending=true,2026-09-29T13:05:38.775Z
2026-09-28,F,589,800665091,Nadia Affelt,POL,Poland,2008,161.25,https://www.itftennis.com/tennis/api/PlayerRankApi/GetPlayerRankings?circuitCode=JT&playerTypeCode=G&ageCategoryCode=&juniorRankingType=itf&take=100&skip=500&isOrderAscending=true,2026-09-29T13:05:38.775Z
2026-09-28,F,589,800764887,Yilin Chen,USA,USA,2009,161.25,https://www.itftennis.com/tennis/api/PlayerRankApi/GetPlayerRankings?circuitCode=JT&playerTypeCode=G&ageCategoryCode=&juniorRankingType=itf&take=100&skip=500&isOrderAscending=true,2026-09-29T13:05:38.775Z
2026-09-28,F,591,800590273,Keira Kim,UZB,Uzbekistan,2009,161,https://www.itftennis.com/tennis/api/PlayerRankApi/GetPlayerRankings?circuitCode=JT&playerTypeCode=G&ageCategoryCode=&juniorRankingType=itf&take=100&skip=500&isOrderAscending=true,2026-09-29T13:05:38.775Z
2026-09-28,F,592,800657191,Andreea Olariu,ROU,Romania,2010,161,https://www.itftennis.com/tennis/api/PlayerRankApi/GetPlayerRankings?circuitCode=JT&playerTypeCode=G&ageCategoryCode=&juniorRankingType=itf&take=100&skip=500&isOrderAscending=true,2026-09-29T13:05:38.775Z
2026-09-28,F,593,800675005,Sofie Mottlova,CZE,Czechia,2011,161,https://www.itftennis.com/tennis/api/PlayerRankApi/GetPlayerRankings?circuitCode=JT&playerTypeCode=G&ageCategoryCode=&juniorRankingType=itf&take=100&skip=500&isOrderAscending=true,2026-09-29T13:05:38.775Z
2026-09-28,F,594,800663696,Nigina Alimova,UZB,Uzbekistan,2008,160.75,https://www.itftennis.com/tennis/api/PlayerRankApi/GetPlayerRankings?circuitCode=JT&playerTypeCode=G&ageCategoryCode=&juniorRankingType=itf&take=100&skip=500&isOrderAscending=true,2026-09-29T13:05:38.775Z
2026-09-28,F,595,800756011,YU-WEI CHEN,TPE,Chinese Taipei,2008,160.5,https://www.itftennis.com/tennis/api/PlayerRankApi/GetPlayerRankings?circuitCode=JT&playerTypeCode=G&ageCategoryCode=&juniorRankingType=itf&take=100&skip=500&isOrderAscending=true,2026-09-29T13:05:38.775Z
2026-09-28,F,596,800732660,Sophie Suh,USA,USA,2009,160,https://www.itftennis.com/tennis/api/PlayerRankApi/GetPlayerRankings?circuitCode=JT&playerTypeCode=G&ageCategoryCode=&juniorRankingType=itf&take=100&skip=500&isOrderAscending=true,2026-09-29T13:05:38.775Z
2026-09-28,F,597,800693459,Xinle Geng,CHN,"China, P.R.",2010,160,https://www.itftennis.com/tennis/api/PlayerRankApi/GetPlayerRankings?circuitCode=JT&playerTypeCode=G&ageCategoryCode=&juniorRankingType=itf&take=100&skip=500&isOrderAscending=true,2026-09-29T13:05:38.775Z
2026-09-28,F,598,800811815,London Evans,USA,USA,2011,160,https://www.itftennis.com/tennis/api/PlayerRankApi/GetPlayerRankings?circuitCode=JT&playerTypeCode=G&ageCategoryCode=&juniorRankingType=itf&take=100&skip=500&isOrderAscending=true,2026-09-29T13:05:38.775Z
2026-09-28,F,599,800750923,Ceressa Jackson,AUS,Australia,2011,160,https://www.itftennis.com/tennis/api/PlayerRankApi/GetPlayerRankings?circuitCode=JT&playerTypeCode=G&ageCategoryCode=&juniorRankingType=itf&take=100&skip=500&isOrderAscending=true,2026-09-29T13:05:38.775Z
2026-09-28,F,600,800796328,Daniela Davletshina,RUS,Russia,2011,159.5,https://www.itftennis.com/tennis/api/PlayerRankApi/GetPlayerRankings?circuitCode=JT&playerTypeCode=G&ageCategoryCode=&juniorRankingType=itf&take=100&skip=500&isOrderAscending=true,2026-09-29T13:05:38.775Z
2026-09-28,F,601,800644318,Vasilisa Dorina,RUS,Russia,2010,159,https://www.itftennis.com/tennis/api/PlayerRankApi/GetPlayerRankings?circuitCode=JT&playerTypeCode=G&ageCategoryCode=&juniorRankingType=itf&take=100&skip=600&isOrderAscending=true,2026-09-29T13:05:41.111Z
2026-09-28,F,602,800726875,Payton Dith,CAN,Canada,2010,158.5,https://www.itftennis.com/tennis/api/PlayerRankApi/GetPlayerRankings?circuitCode=JT&playerTypeCode=G&ageCategoryCode=&juniorRankingType=itf&take=100&skip=600&isOrderAscending=true,2026-09-29T13:05:41.111Z
2026-09-28,F,603,800655784,Daniela Zegarra,PER,Peru,2009,158,https://www.itftennis.com/tennis/api/PlayerRankApi/GetPlayerRankings?circuitCode=JT&playerTypeCode=G&ageCategoryCode=&juniorRankingType=itf&take=100&skip=600&isOrderAscending=true,2026-09-29T13:05:41.111Z
2026-09-28,F,604,800673762,Daria Belyakova,RUS,Russia,2011,158,https://www.itftennis.com/tennis/api/PlayerRankApi/GetPlayerRankings?circuitCode=JT&playerTypeCode=G&ageCategoryCode=&juniorRankingType=itf&take=100&skip=600&isOrderAscending=true,2026-09-29T13:05:41.111Z
2026-09-28,F,605,800592195,Ekaterina Duvanova,RUS,Russia,2009,157.75,https://www.itftennis.com/tennis/api/PlayerRankApi/GetPlayerRankings?circuitCode=JT&playerTypeCode=G&ageCategoryCode=&juniorRankingType=itf&take=100&skip=600&isOrderAscending=true,2026-09-29T13:05:41.111Z
2026-09-28,F,606,800741003,Catherine Xie,CAN,Canada,2010,157.75,https://www.itftennis.com/tennis/api/PlayerRankApi/GetPlayerRankings?circuitCode=JT&playerTypeCode=G&ageCategoryCode=&juniorRankingType=itf&take=100&skip=600&isOrderAscending=true,2026-09-29T13:05:41.111Z
2026-09-28,F,607,800631675,Alua Marat,KAZ,Kazakhstan,2010,157.75,https://www.itftennis.com/tennis/api/PlayerRankApi/GetPlayerRankings?circuitCode=JT&playerTypeCode=G&ageCategoryCode=&juniorRankingType=itf&take=100&skip=600&isOrderAscending=true,2026-09-29T13:05:41.111Z
2026-09-28,F,608,800780061,Beatrice Vittoria Gatti,ITA,Italy,2009,157.5,https://www.itftennis.com/tennis/api/PlayerRankApi/GetPlayerRankings?circuitCode=JT&playerTypeCode=G&ageCategoryCode=&juniorRankingType=itf&take=100&skip=600&isOrderAscending=true,2026-09-29T13:05:41.111Z
2026-09-28,F,609,800682976,Milla Kotze,RSA,South Africa,2008,157.5,https://www.itftennis.com/tennis/api/PlayerRankApi/GetPlayerRankings?circuitCode=JT&playerTypeCode=G&ageCategoryCode=&juniorRankingType=itf&take=100&skip=600&isOrderAscending=true,2026-09-29T13:05:41.111Z
2026-09-28,F,610,800728775,Tala Ahmed Noureldine,EGY,Egypt,2009,157,https://www.itftennis.com/tennis/api/PlayerRankApi/GetPlayerRankings?circuitCode=JT&playerTypeCode=G&ageCategoryCode=&juniorRankingType=itf&take=100&skip=600&isOrderAscending=true,2026-09-29T13:05:41.111Z
2026-09-28,F,611,800664347,Kudzai Erin Patience Chapepa,ZIM,Zimbabwe,2008,157,https://www.itftennis.com/tennis/api/PlayerRankApi/GetPlayerRankings?circuitCode=JT&playerTypeCode=G&ageCategoryCode=&juniorRankingType=itf&take=100&skip=600&isOrderAscending=true,2026-09-29T13:05:41.111Z
2026-09-28,F,612,800699869,Dasha Jones,GBR,Great Britain,2012,156.5,https://www.itftennis.com/tennis/api/PlayerRankApi/GetPlayerRankings?circuitCode=JT&playerTypeCode=G&ageCategoryCode=&juniorRankingType=itf&take=100&skip=600&isOrderAscending=true,2026-09-29T13:05:41.111Z
2026-09-28,F,613,800593280,Safina Khabibrakhmanova,KGZ,Kyrgyzstan,2008,156.5,https://www.itftennis.com/tennis/api/PlayerRankApi/GetPlayerRankings?circuitCode=JT&playerTypeCode=G&ageCategoryCode=&juniorRankingType=itf&take=100&skip=600&isOrderAscending=true,2026-09-29T13:05:41.111Z
2026-09-28,F,614,800811641,Daniela Del Mastro,USA,USA,2011,155,https://www.itftennis.com/tennis/api/PlayerRankApi/GetPlayerRankings?circuitCode=JT&playerTypeCode=G&ageCategoryCode=&juniorRankingType=itf&take=100&skip=600&isOrderAscending=true,2026-09-29T13:05:41.111Z
2026-09-28,F,615,800749890,Charlotte Bouwer,RSA,South Africa,2010,155,https://www.itftennis.com/tennis/api/PlayerRankApi/GetPlayerRankings?circuitCode=JT&playerTypeCode=G&ageCategoryCode=&juniorRankingType=itf&take=100&skip=600&isOrderAscending=true,2026-09-29T13:05:41.111Z
2026-09-28,F,616,800678118,Taylah Lessue,AUS,Australia,2008,155,https://www.itftennis.com/tennis/api/PlayerRankApi/GetPlayerRankings?circuitCode=JT&playerTypeCode=G&ageCategoryCode=&juniorRankingType=itf&take=100&skip=600&isOrderAscending=true,2026-09-29T13:05:41.111Z
2026-09-28,F,617,800651948,Sandra Ciobica,ROU,Romania,2010,154.75,https://www.itftennis.com/tennis/api/PlayerRankApi/GetPlayerRankings?circuitCode=JT&playerTypeCode=G&ageCategoryCode=&juniorRankingType=itf&take=100&skip=600&isOrderAscending=true,2026-09-29T13:05:41.111Z
2026-09-28,F,618,800754679,YU TSEN KO,TPE,Chinese Taipei,2010,154.5,https://www.itftennis.com/tennis/api/PlayerRankApi/GetPlayerRankings?circuitCode=JT&playerTypeCode=G&ageCategoryCode=&juniorRankingType=itf&take=100&skip=600&isOrderAscending=true,2026-09-29T13:05:41.111Z
2026-09-28,F,619,800721695,April Sackflame,GBR,Great Britain,2012,154.5,https://www.itftennis.com/tennis/api/PlayerRankApi/GetPlayerRankings?circuitCode=JT&playerTypeCode=G&ageCategoryCode=&juniorRankingType=itf&take=100&skip=600&isOrderAscending=true,2026-09-29T13:05:41.111Z
2026-09-28,F,620,800636136,Julia Kolodziejska,POL,Poland,2008,154.5,https://www.itftennis.com/tennis/api/PlayerRankApi/GetPlayerRankings?circuitCode=JT&playerTypeCode=G&ageCategoryCode=&juniorRankingType=itf&take=100&skip=600&isOrderAscending=true,2026-09-29T13:05:41.111Z
2026-09-28,F,621,800727920,Olivia Poinsot Avila,ESP,Spain,2009,152.5,https://www.itftennis.com/tennis/api/PlayerRankApi/GetPlayerRankings?circuitCode=JT&playerTypeCode=G&ageCategoryCode=&juniorRankingType=itf&take=100&skip=600&isOrderAscending=true,2026-09-29T13:05:41.111Z
2026-09-28,F,622,800836985,Neirouz Myriam Godhbane,FRA,France,2012,152.5,https://www.itftennis.com/tennis/api/PlayerRankApi/GetPlayerRankings?circuitCode=JT&playerTypeCode=G&ageCategoryCode=&juniorRankingType=itf&take=100&skip=600&isOrderAscending=true,2026-09-29T13:05:41.111Z
2026-09-28,F,623,800592500,Beti Butina Jazbec,SLO,Slovenia,2008,152,https://www.itftennis.com/tennis/api/PlayerRankApi/GetPlayerRankings?circuitCode=JT&playerTypeCode=G&ageCategoryCode=&juniorRankingType=itf&take=100&skip=600&isOrderAscending=true,2026-09-29T13:05:41.111Z
2026-09-28,F,624,800774038,Malak haytham Malak haytham ismeil,EGY,Egypt,2009,151.75,https://www.itftennis.com/tennis/api/PlayerRankApi/GetPlayerRankings?circuitCode=JT&playerTypeCode=G&ageCategoryCode=&juniorRankingType=itf&take=100&skip=600&isOrderAscending=true,2026-09-29T13:05:41.111Z
2026-09-28,F,625,800656330,Ava Quincy Brewer,USA,USA,2010,151.5,https://www.itftennis.com/tennis/api/PlayerRankApi/GetPlayerRankings?circuitCode=JT&playerTypeCode=G&ageCategoryCode=&juniorRankingType=itf&take=100&skip=600&isOrderAscending=true,2026-09-29T13:05:41.111Z
2026-09-28,F,626,800700087,Capucine DOURNES,FRA,France,2011,151.25,https://www.itftennis.com/tennis/api/PlayerRankApi/GetPlayerRankings?circuitCode=JT&playerTypeCode=G&ageCategoryCode=&juniorRankingType=itf&take=100&skip=600&isOrderAscending=true,2026-09-29T13:05:41.111Z
2026-09-28,F,627,800656341,Tarita Hongsyok,THA,Thailand,2009,150.5,https://www.itftennis.com/tennis/api/PlayerRankApi/GetPlayerRankings?circuitCode=JT&playerTypeCode=G&ageCategoryCode=&juniorRankingType=itf&take=100&skip=600&isOrderAscending=true,2026-09-29T13:05:41.111Z
2026-09-28,F,628,800598957,Sophia Christodoulou,GBR,Great Britain,2008,150.5,https://www.itftennis.com/tennis/api/PlayerRankApi/GetPlayerRankings?circuitCode=JT&playerTypeCode=G&ageCategoryCode=&juniorRankingType=itf&take=100&skip=600&isOrderAscending=true,2026-09-29T13:05:41.111Z
2026-09-28,F,629,800682737,ESTEFANIA SUSANA NOVOA VIZCAINO,ECU,Ecuador,2010,150.25,https://www.itftennis.com/tennis/api/PlayerRankApi/GetPlayerRankings?circuitCode=JT&playerTypeCode=G&ageCategoryCode=&juniorRankingType=itf&take=100&skip=600&isOrderAscending=true,2026-09-29T13:05:41.111Z
2026-09-28,F,630,800674141,Nicole Lederman,COL,Colombia,2009,149.75,https://www.itftennis.com/tennis/api/PlayerRankApi/GetPlayerRankings?circuitCode=JT&playerTypeCode=G&ageCategoryCode=&juniorRankingType=itf&take=100&skip=600&isOrderAscending=true,2026-09-29T13:05:41.111Z
2026-09-28,F,631,800692458,Valentina Obregon Mirambell,CRC,Costa Rica,2009,149.75,https://www.itftennis.com/tennis/api/PlayerRankApi/GetPlayerRankings?circuitCode=JT&playerTypeCode=G&ageCategoryCode=&juniorRankingType=itf&take=100&skip=600&isOrderAscending=true,2026-09-29T13:05:41.111Z
2026-09-28,F,632,800644151,Zeinab Ayadi,TUN,Tunisia,2009,149.5,https://www.itftennis.com/tennis/api/PlayerRankApi/GetPlayerRankings?circuitCode=JT&playerTypeCode=G&ageCategoryCode=&juniorRankingType=itf&take=100&skip=600&isOrderAscending=true,2026-09-29T13:05:41.111Z
2026-09-28,F,633,800736955,Justine Fuchs,FRA,France,2010,149.5,https://www.itftennis.com/tennis/api/PlayerRankApi/GetPlayerRankings?circuitCode=JT&playerTypeCode=G&ageCategoryCode=&juniorRankingType=itf&take=100&skip=600&isOrderAscending=true,2026-09-29T13:05:41.111Z
2026-09-28,F,634,800825688,Diana Komissarova,ISR,Israel,2010,149.25,https://www.itftennis.com/tennis/api/PlayerRankApi/GetPlayerRankings?circuitCode=JT&playerTypeCode=G&ageCategoryCode=&juniorRankingType=itf&take=100&skip=600&isOrderAscending=true,2026-09-29T13:05:41.111Z
2026-09-28,F,635,800682591,Ava Beck,AUS,Australia,2008,148.75,https://www.itftennis.com/tennis/api/PlayerRankApi/GetPlayerRankings?circuitCode=JT&playerTypeCode=G&ageCategoryCode=&juniorRankingType=itf&take=100&skip=600&isOrderAscending=true,2026-09-29T13:05:41.112Z
2026-09-28,F,636,800802913,Xinran Yan,CHN,"China, P.R.",2012,148.75,https://www.itftennis.com/tennis/api/PlayerRankApi/GetPlayerRankings?circuitCode=JT&playerTypeCode=G&ageCategoryCode=&juniorRankingType=itf&take=100&skip=600&isOrderAscending=true,2026-09-29T13:05:41.112Z
2026-09-28,F,637,800702924,Honey Gaurav Jumani,IND,India,2011,148.75,https://www.itftennis.com/tennis/api/PlayerRankApi/GetPlayerRankings?circuitCode=JT&playerTypeCode=G&ageCategoryCode=&juniorRankingType=itf&take=100&skip=600&isOrderAscending=true,2026-09-29T13:05:41.112Z
2026-09-28,F,638,800665776,Kristina Kubalova,SVK,Slovakia,2008,148.5,https://www.itftennis.com/tennis/api/PlayerRankApi/GetPlayerRankings?circuitCode=JT&playerTypeCode=G&ageCategoryCode=&juniorRankingType=itf&take=100&skip=600&isOrderAscending=true,2026-09-29T13:05:41.112Z
2026-09-28,F,639,800675498,Lina Freya Simonsen,GER,Germany,2010,147.75,https://www.itftennis.com/tennis/api/PlayerRankApi/GetPlayerRankings?circuitCode=JT&playerTypeCode=G&ageCategoryCode=&juniorRankingType=itf&take=100&skip=600&isOrderAscending=true,2026-09-29T13:05:41.112Z
2026-09-28,F,640,800668239,Seojin Park,KOR,"Korea, Rep.",2010,147,https://www.itftennis.com/tennis/api/PlayerRankApi/GetPlayerRankings?circuitCode=JT&playerTypeCode=G&ageCategoryCode=&juniorRankingType=itf&take=100&skip=600&isOrderAscending=true,2026-09-29T13:05:41.112Z
2026-09-28,F,641,800717709,JEONG IN CHOI,KOR,"Korea, Rep.",2010,146.75,https://www.itftennis.com/tennis/api/PlayerRankApi/GetPlayerRankings?circuitCode=JT&playerTypeCode=G&ageCategoryCode=&juniorRankingType=itf&take=100&skip=600&isOrderAscending=true,2026-09-29T13:05:41.112Z
2026-09-28,F,642,800678843,Konstantina Volonaki,GRE,Greece,2011,146.75,https://www.itftennis.com/tennis/api/PlayerRankApi/GetPlayerRankings?circuitCode=JT&playerTypeCode=G&ageCategoryCode=&juniorRankingType=itf&take=100&skip=600&isOrderAscending=true,2026-09-29T13:05:41.112Z
2026-09-28,F,643,800661768,Sofia Mills,USA,USA,2008,146.5,https://www.itftennis.com/tennis/api/PlayerRankApi/GetPlayerRankings?circuitCode=JT&playerTypeCode=G&ageCategoryCode=&juniorRankingType=itf&take=100&skip=600&isOrderAscending=true,2026-09-29T13:05:41.112Z
2026-09-28,F,644,800659813,Camila Markus,ARG,Argentina,2008,146,https://www.itftennis.com/tennis/api/PlayerRankApi/GetPlayerRankings?circuitCode=JT&playerTypeCode=G&ageCategoryCode=&juniorRankingType=itf&take=100&skip=600&isOrderAscending=true,2026-09-29T13:05:41.112Z
2026-09-28,F,645,800662079,Lujza Zimenova,SVK,Slovakia,2009,145.75,https://www.itftennis.com/tennis/api/PlayerRankApi/GetPlayerRankings?circuitCode=JT&playerTypeCode=G&ageCategoryCode=&juniorRankingType=itf&take=100&skip=600&isOrderAscending=true,2026-09-29T13:05:41.112Z
2026-09-28,F,646,800783015,Lana Chloe Agbaba,FRA,France,2010,145.5,https://www.itftennis.com/tennis/api/PlayerRankApi/GetPlayerRankings?circuitCode=JT&playerTypeCode=G&ageCategoryCode=&juniorRankingType=itf&take=100&skip=600&isOrderAscending=true,2026-09-29T13:05:41.112Z
2026-09-28,F,647,800654892,Liza Richterman,ISR,Israel,2010,145,https://www.itftennis.com/tennis/api/PlayerRankApi/GetPlayerRankings?circuitCode=JT&playerTypeCode=G&ageCategoryCode=&juniorRankingType=itf&take=100&skip=600&isOrderAscending=true,2026-09-29T13:05:41.112Z
2026-09-28,F,648,800665774,Anna Sediva,CZE,Czechia,2009,145,https://www.itftennis.com/tennis/api/PlayerRankApi/GetPlayerRankings?circuitCode=JT&playerTypeCode=G&ageCategoryCode=&juniorRankingType=itf&take=100&skip=600&isOrderAscending=true,2026-09-29T13:05:41.112Z
2026-09-28,F,649,800719638,Jana YOUSSEF,EGY,Egypt,2009,145,https://www.itftennis.com/tennis/api/PlayerRankApi/GetPlayerRankings?circuitCode=JT&playerTypeCode=G&ageCategoryCode=&juniorRankingType=itf&take=100&skip=600&isOrderAscending=true,2026-09-29T13:05:41.112Z
2026-09-28,F,650,800663579,Ana Maria Popa Lazar,ROU,Romania,2009,145,https://www.itftennis.com/tennis/api/PlayerRankApi/GetPlayerRankings?circuitCode=JT&playerTypeCode=G&ageCategoryCode=&juniorRankingType=itf&take=100&skip=600&isOrderAscending=true,2026-09-29T13:05:41.112Z
2026-09-28,F,651,800779644,Ke-Chieh Hsu,TPE,Chinese Taipei,2012,144.5,https://www.itftennis.com/tennis/api/PlayerRankApi/GetPlayerRankings?circuitCode=JT&playerTypeCode=G&ageCategoryCode=&juniorRankingType=itf&take=100&skip=600&isOrderAscending=true,2026-09-29T13:05:41.112Z
2026-09-28,F,652,800683576,Lois Bernstein,SWE,Sweden,2008,144,https://www.itftennis.com/tennis/api/PlayerRankApi/GetPlayerRankings?circuitCode=JT&playerTypeCode=G&ageCategoryCode=&juniorRankingType=itf&take=100&skip=600&isOrderAscending=true,2026-09-29T13:05:41.112Z
2026-09-28,F,653,800765343,Emily Craven,GBR,Great Britain,2011,144,https://www.itftennis.com/tennis/api/PlayerRankApi/GetPlayerRankings?circuitCode=JT&playerTypeCode=G&ageCategoryCode=&juniorRankingType=itf&take=100&skip=600&isOrderAscending=true,2026-09-29T13:05:41.112Z
2026-09-28,F,654,800675314,Daria Litvinova,RUS,Russia,2008,143,https://www.itftennis.com/tennis/api/PlayerRankApi/GetPlayerRankings?circuitCode=JT&playerTypeCode=G&ageCategoryCode=&juniorRankingType=itf&take=100&skip=600&isOrderAscending=true,2026-09-29T13:05:41.112Z
2026-09-28,F,655,800748700,Alicia Londono,COL,Colombia,2010,142.75,https://www.itftennis.com/tennis/api/PlayerRankApi/GetPlayerRankings?circuitCode=JT&playerTypeCode=G&ageCategoryCode=&juniorRankingType=itf&take=100&skip=600&isOrderAscending=true,2026-09-29T13:05:41.112Z
2026-09-28,F,656,800660411,Liliana Chetry Rodriguez,ESP,Spain,2010,142.75,https://www.itftennis.com/tennis/api/PlayerRankApi/GetPlayerRankings?circuitCode=JT&playerTypeCode=G&ageCategoryCode=&juniorRankingType=itf&take=100&skip=600&isOrderAscending=true,2026-09-29T13:05:41.112Z
2026-09-28,F,657,800707550,Matilde Stamborg,SWE,Sweden,2009,142,https://www.itftennis.com/tennis/api/PlayerRankApi/GetPlayerRankings?circuitCode=JT&playerTypeCode=G&ageCategoryCode=&juniorRankingType=itf&take=100&skip=600&isOrderAscending=true,2026-09-29T13:05:41.112Z
2026-09-28,F,658,800756213,Monserrat Montano,MEX,Mexico,2010,141.75,https://www.itftennis.com/tennis/api/PlayerRankApi/GetPlayerRankings?circuitCode=JT&playerTypeCode=G&ageCategoryCode=&juniorRankingType=itf&take=100&skip=600&isOrderAscending=true,2026-09-29T13:05:41.112Z
2026-09-28,F,659,800630540,Ghita Sebbar,MAR,Morocco,2009,141.5,https://www.itftennis.com/tennis/api/PlayerRankApi/GetPlayerRankings?circuitCode=JT&playerTypeCode=G&ageCategoryCode=&juniorRankingType=itf&take=100&skip=600&isOrderAscending=true,2026-09-29T13:05:41.112Z
2026-09-28,F,660,800775528,Anna Nerelli,ITA,Italy,2010,141.25,https://www.itftennis.com/tennis/api/PlayerRankApi/GetPlayerRankings?circuitCode=JT&playerTypeCode=G&ageCategoryCode=&juniorRankingType=itf&take=100&skip=600&isOrderAscending=true,2026-09-29T13:05:41.112Z
2026-09-28,F,661,800760478,Karin Hiramatsu,AUS,Australia,2009,141,https://www.itftennis.com/tennis/api/PlayerRankApi/GetPlayerRankings?circuitCode=JT&playerTypeCode=G&ageCategoryCode=&juniorRankingType=itf&take=100&skip=600&isOrderAscending=true,2026-09-29T13:05:41.112Z
2026-09-28,F,662,800683655,Sophie Johnstone,GBR,Great Britain,2008,139.75,https://www.itftennis.com/tennis/api/PlayerRankApi/GetPlayerRankings?circuitCode=JT&playerTypeCode=G&ageCategoryCode=&juniorRankingType=itf&take=100&skip=600&isOrderAscending=true,2026-09-29T13:05:41.112Z
2026-09-28,F,663,800679424,Aleena Farid,IND,India,2009,139.5,https://www.itftennis.com/tennis/api/PlayerRankApi/GetPlayerRankings?circuitCode=JT&playerTypeCode=G&ageCategoryCode=&juniorRankingType=itf&take=100&skip=600&isOrderAscending=true,2026-09-29T13:05:41.112Z
2026-09-28,F,664,800636881,Alice Iozzi,ITA,Italy,2009,139.5,https://www.itftennis.com/tennis/api/PlayerRankApi/GetPlayerRankings?circuitCode=JT&playerTypeCode=G&ageCategoryCode=&juniorRankingType=itf&take=100&skip=600&isOrderAscending=true,2026-09-29T13:05:41.112Z
2026-09-28,F,665,800842980,Evija Thoresen,USA,USA,2012,139.25,https://www.itftennis.com/tennis/api/PlayerRankApi/GetPlayerRankings?circuitCode=JT&playerTypeCode=G&ageCategoryCode=&juniorRankingType=itf&take=100&skip=600&isOrderAscending=true,2026-09-29T13:05:41.112Z
2026-09-28,F,666,800680588,Sofia Pyzhyanova,RUS,Russia,2010,139.25,https://www.itftennis.com/tennis/api/PlayerRankApi/GetPlayerRankings?circuitCode=JT&playerTypeCode=G&ageCategoryCode=&juniorRankingType=itf&take=100&skip=600&isOrderAscending=true,2026-09-29T13:05:41.112Z
2026-09-28,F,667,800729361,Vanesa Mrazova,SVK,Slovakia,2009,138.75,https://www.itftennis.com/tennis/api/PlayerRankApi/GetPlayerRankings?circuitCode=JT&playerTypeCode=G&ageCategoryCode=&juniorRankingType=itf&take=100&skip=600&isOrderAscending=true,2026-09-29T13:05:41.112Z
2026-09-28,F,668,800683649,YASMINE DOUYEB,MAR,Morocco,2010,138.5,https://www.itftennis.com/tennis/api/PlayerRankApi/GetPlayerRankings?circuitCode=JT&playerTypeCode=G&ageCategoryCode=&juniorRankingType=itf&take=100&skip=600&isOrderAscending=true,2026-09-29T13:05:41.112Z
2026-09-28,F,669,800646719,Elisabet Rossinol,ESP,Spain,2009,138.5,https://www.itftennis.com/tennis/api/PlayerRankApi/GetPlayerRankings?circuitCode=JT&playerTypeCode=G&ageCategoryCode=&juniorRankingType=itf&take=100&skip=600&isOrderAscending=true,2026-09-29T13:05:41.112Z
2026-09-28,F,670,800595169,Victoria Bervid,CZE,Czechia,2008,138,https://www.itftennis.com/tennis/api/PlayerRankApi/GetPlayerRankings?circuitCode=JT&playerTypeCode=G&ageCategoryCode=&juniorRankingType=itf&take=100&skip=600&isOrderAscending=true,2026-09-29T13:05:41.112Z
2026-09-28,F,671,800781876,Sofia Kedrin,USA,USA,2010,138,https://www.itftennis.com/tennis/api/PlayerRankApi/GetPlayerRankings?circuitCode=JT&playerTypeCode=G&ageCategoryCode=&juniorRankingType=itf&take=100&skip=600&isOrderAscending=true,2026-09-29T13:05:41.112Z
2026-09-28,F,672,800675179,Mariana Andrea Pinzon Sampedro,COL,Colombia,2009,137.5,https://www.itftennis.com/tennis/api/PlayerRankApi/GetPlayerRankings?circuitCode=JT&playerTypeCode=G&ageCategoryCode=&juniorRankingType=itf&take=100&skip=600&isOrderAscending=true,2026-09-29T13:05:41.112Z
2026-09-28,F,673,800716681,Simphiwe Emma Malunguza,ZIM,Zimbabwe,2009,137.5,https://www.itftennis.com/tennis/api/PlayerRankApi/GetPlayerRankings?circuitCode=JT&playerTypeCode=G&ageCategoryCode=&juniorRankingType=itf&take=100&skip=600&isOrderAscending=true,2026-09-29T13:05:41.112Z
2026-09-28,F,674,800682695,Adriana Calvo Lopez,ESP,Spain,2010,137,https://www.itftennis.com/tennis/api/PlayerRankApi/GetPlayerRankings?circuitCode=JT&playerTypeCode=G&ageCategoryCode=&juniorRankingType=itf&take=100&skip=600&isOrderAscending=true,2026-09-29T13:05:41.112Z
2026-09-28,F,675,800820852,Dongchen Ding,CHN,"China, P.R.",2011,136.75,https://www.itftennis.com/tennis/api/PlayerRankApi/GetPlayerRankings?circuitCode=JT&playerTypeCode=G&ageCategoryCode=&juniorRankingType=itf&take=100&skip=600&isOrderAscending=true,2026-09-29T13:05:41.112Z
2026-09-28,F,676,800689989,Jiwon Hwang,KOR,"Korea, Rep.",2009,136.75,https://www.itftennis.com/tennis/api/PlayerRankApi/GetPlayerRankings?circuitCode=JT&playerTypeCode=G&ageCategoryCode=&juniorRankingType=itf&take=100&skip=600&isOrderAscending=true,2026-09-29T13:05:41.112Z
2026-09-28,F,677,800788239,Tanem Yilmaz,TUR,Turkiye,2010,136.75,https://www.itftennis.com/tennis/api/PlayerRankApi/GetPlayerRankings?circuitCode=JT&playerTypeCode=G&ageCategoryCode=&juniorRankingType=itf&take=100&skip=600&isOrderAscending=true,2026-09-29T13:05:41.112Z
2026-09-28,F,678,800652273,Nicole Jimenez,BOL,Bolivia,2009,136.5,https://www.itftennis.com/tennis/api/PlayerRankApi/GetPlayerRankings?circuitCode=JT&playerTypeCode=G&ageCategoryCode=&juniorRankingType=itf&take=100&skip=600&isOrderAscending=true,2026-09-29T13:05:41.112Z
2026-09-28,F,679,800706732,sara alejandra lozano avellaneda,COL,Colombia,2011,136.5,https://www.itftennis.com/tennis/api/PlayerRankApi/GetPlayerRankings?circuitCode=JT&playerTypeCode=G&ageCategoryCode=&juniorRankingType=itf&take=100&skip=600&isOrderAscending=true,2026-09-29T13:05:41.112Z
2026-09-28,F,680,800644706,Defne Aydemir,TUR,Turkiye,2009,136.5,https://www.itftennis.com/tennis/api/PlayerRankApi/GetPlayerRankings?circuitCode=JT&playerTypeCode=G&ageCategoryCode=&juniorRankingType=itf&take=100&skip=600&isOrderAscending=true,2026-09-29T13:05:41.112Z
2026-09-28,F,681,800660961,zoe levresse zavala,MEX,Mexico,2008,136.25,https://www.itftennis.com/tennis/api/PlayerRankApi/GetPlayerRankings?circuitCode=JT&playerTypeCode=G&ageCategoryCode=&juniorRankingType=itf&take=100&skip=600&isOrderAscending=true,2026-09-29T13:05:41.112Z
2026-09-28,F,682,800652574,Celeste Orozco Salazar,COL,Colombia,2009,136.25,https://www.itftennis.com/tennis/api/PlayerRankApi/GetPlayerRankings?circuitCode=JT&playerTypeCode=G&ageCategoryCode=&juniorRankingType=itf&take=100&skip=600&isOrderAscending=true,2026-09-29T13:05:41.112Z
2026-09-28,F,683,800730571,Shreeniti Chowdhury,IND,India,2011,136,https://www.itftennis.com/tennis/api/PlayerRankApi/GetPlayerRankings?circuitCode=JT&playerTypeCode=G&ageCategoryCode=&juniorRankingType=itf&take=100&skip=600&isOrderAscending=true,2026-09-29T13:05:41.112Z
2026-09-28,F,684,800645493,ISABELLA RELTON,GBR,Great Britain,2009,135.5,https://www.itftennis.com/tennis/api/PlayerRankApi/GetPlayerRankings?circuitCode=JT&playerTypeCode=G&ageCategoryCode=&juniorRankingType=itf&take=100&skip=600&isOrderAscending=true,2026-09-29T13:05:41.112Z
2026-09-28,F,685,800718171,Ildana Zaripova,RUS,Russia,2012,135.25,https://www.itftennis.com/tennis/api/PlayerRankApi/GetPlayerRankings?circuitCode=JT&playerTypeCode=G&ageCategoryCode=&juniorRankingType=itf&take=100&skip=600&isOrderAscending=true,2026-09-29T13:05:41.112Z
2026-09-28,F,686,800708435,Sara Dessouky,EGY,Egypt,2009,135,https://www.itftennis.com/tennis/api/PlayerRankApi/GetPlayerRankings?circuitCode=JT&playerTypeCode=G&ageCategoryCode=&juniorRankingType=itf&take=100&skip=600&isOrderAscending=true,2026-09-29T13:05:41.112Z
2026-09-28,F,687,800790350,Isabella Gonzalez Alvarez,USA,USA,2011,135,https://www.itftennis.com/tennis/api/PlayerRankApi/GetPlayerRankings?circuitCode=JT&playerTypeCode=G&ageCategoryCode=&juniorRankingType=itf&take=100&skip=600&isOrderAscending=true,2026-09-29T13:05:41.112Z
2026-09-28,F,688,800621780,Anina Durrer,SUI,Switzerland,2008,134.25,https://www.itftennis.com/tennis/api/PlayerRankApi/GetPlayerRankings?circuitCode=JT&playerTypeCode=G&ageCategoryCode=&juniorRankingType=itf&take=100&skip=600&isOrderAscending=true,2026-09-29T13:05:41.112Z
2026-09-28,F,689,800693137,Lucy King Oyebog Atang,USA,USA,2008,134,https://www.itftennis.com/tennis/api/PlayerRankApi/GetPlayerRankings?circuitCode=JT&playerTypeCode=G&ageCategoryCode=&juniorRankingType=itf&take=100&skip=600&isOrderAscending=true,2026-09-29T13:05:41.112Z
2026-09-28,F,690,800696889,Ilina Ilieva,BUL,Bulgaria,2011,134,https://www.itftennis.com/tennis/api/PlayerRankApi/GetPlayerRankings?circuitCode=JT&playerTypeCode=G&ageCategoryCode=&juniorRankingType=itf&take=100&skip=600&isOrderAscending=true,2026-09-29T13:05:41.112Z
2026-09-28,F,691,800587894,Aishwarya Jadhav,IND,India,2008,133.5,https://www.itftennis.com/tennis/api/PlayerRankApi/GetPlayerRankings?circuitCode=JT&playerTypeCode=G&ageCategoryCode=&juniorRankingType=itf&take=100&skip=600&isOrderAscending=true,2026-09-29T13:05:41.112Z
2026-09-28,F,692,800655494,STACY CHEPKEMEI YEGO,KEN,Kenya,2008,133.5,https://www.itftennis.com/tennis/api/PlayerRankApi/GetPlayerRankings?circuitCode=JT&playerTypeCode=G&ageCategoryCode=&juniorRankingType=itf&take=100&skip=600&isOrderAscending=true,2026-09-29T13:05:41.112Z
2026-09-28,F,693,800631882,Kira Pleshivtseva,RUS,Russia,2009,133.25,https://www.itftennis.com/tennis/api/PlayerRankApi/GetPlayerRankings?circuitCode=JT&playerTypeCode=G&ageCategoryCode=&juniorRankingType=itf&take=100&skip=600&isOrderAscending=true,2026-09-29T13:05:41.112Z
2026-09-28,F,694,800675268,Varvara Rubtsova,RUS,Russia,2009,133,https://www.itftennis.com/tennis/api/PlayerRankApi/GetPlayerRankings?circuitCode=JT&playerTypeCode=G&ageCategoryCode=&juniorRankingType=itf&take=100&skip=600&isOrderAscending=true,2026-09-29T13:05:41.112Z
2026-09-28,F,695,800719263,Briley Rhoden,USA,USA,2009,132.5,https://www.itftennis.com/tennis/api/PlayerRankApi/GetPlayerRankings?circuitCode=JT&playerTypeCode=G&ageCategoryCode=&juniorRankingType=itf&take=100&skip=600&isOrderAscending=true,2026-09-29T13:05:41.112Z
2026-09-28,F,696,800790242,Sofija Dimitrievic,USA,USA,2011,132.5,https://www.itftennis.com/tennis/api/PlayerRankApi/GetPlayerRankings?circuitCode=JT&playerTypeCode=G&ageCategoryCode=&juniorRankingType=itf&take=100&skip=600&isOrderAscending=true,2026-09-29T13:05:41.112Z
2026-09-28,F,697,800659504,Ecrin Lal Yavuz,TUR,Turkiye,2010,132.5,https://www.itftennis.com/tennis/api/PlayerRankApi/GetPlayerRankings?circuitCode=JT&playerTypeCode=G&ageCategoryCode=&juniorRankingType=itf&take=100&skip=600&isOrderAscending=true,2026-09-29T13:05:41.112Z
2026-09-28,F,698,800595383,Klara Andonegui Sehnalova,GBR,Great Britain,2008,132.5,https://www.itftennis.com/tennis/api/PlayerRankApi/GetPlayerRankings?circuitCode=JT&playerTypeCode=G&ageCategoryCode=&juniorRankingType=itf&take=100&skip=600&isOrderAscending=true,2026-09-29T13:05:41.112Z
2026-09-28,F,699,800674702,Linara Bulesheva,KAZ,Kazakhstan,2010,132.5,https://www.itftennis.com/tennis/api/PlayerRankApi/GetPlayerRankings?circuitCode=JT&playerTypeCode=G&ageCategoryCode=&juniorRankingType=itf&take=100&skip=600&isOrderAscending=true,2026-09-29T13:05:41.112Z
2026-09-28,F,700,800675163,Vendula Mojzisova,CZE,Czechia,2009,132.25,https://www.itftennis.com/tennis/api/PlayerRankApi/GetPlayerRankings?circuitCode=JT&playerTypeCode=G&ageCategoryCode=&juniorRankingType=itf&take=100&skip=600&isOrderAscending=true,2026-09-29T13:05:41.112Z
2026-09-28,F,701,800599906,Hanna Vanni,FIN,Finland,2008,132,https://www.itftennis.com/tennis/api/PlayerRankApi/GetPlayerRankings?circuitCode=JT&playerTypeCode=G&ageCategoryCode=&juniorRankingType=itf&take=100&skip=700&isOrderAscending=true,2026-09-29T13:05:42.246Z
2026-09-28,F,702,800671734,Viktorija Cesonyte,GER,Germany,2010,131.75,https://www.itftennis.com/tennis/api/PlayerRankApi/GetPlayerRankings?circuitCode=JT&playerTypeCode=G&ageCategoryCode=&juniorRankingType=itf&take=100&skip=700&isOrderAscending=true,2026-09-29T13:05:42.246Z
2026-09-28,F,703,800663533,Andreya Glushkova,BUL,Bulgaria,2009,131.75,https://www.itftennis.com/tennis/api/PlayerRankApi/GetPlayerRankings?circuitCode=JT&playerTypeCode=G&ageCategoryCode=&juniorRankingType=itf&take=100&skip=700&isOrderAscending=true,2026-09-29T13:05:42.246Z
2026-09-28,F,704,800792251,Ruohan Yang,CHN,"China, P.R.",2011,131.5,https://www.itftennis.com/tennis/api/PlayerRankApi/GetPlayerRankings?circuitCode=JT&playerTypeCode=G&ageCategoryCode=&juniorRankingType=itf&take=100&skip=700&isOrderAscending=true,2026-09-29T13:05:42.246Z
2026-09-28,F,705,800712943,Peien Deng,CHN,"China, P.R.",2008,131.25,https://www.itftennis.com/tennis/api/PlayerRankApi/GetPlayerRankings?circuitCode=JT&playerTypeCode=G&ageCategoryCode=&juniorRankingType=itf&take=100&skip=700&isOrderAscending=true,2026-09-29T13:05:42.246Z
2026-09-28,F,706,800815111,Adriana Khomyakova,USA,USA,2011,131.25,https://www.itftennis.com/tennis/api/PlayerRankApi/GetPlayerRankings?circuitCode=JT&playerTypeCode=G&ageCategoryCode=&juniorRankingType=itf&take=100&skip=700&isOrderAscending=true,2026-09-29T13:05:42.246Z
2026-09-28,F,707,800830867,Sofia Dvortsova,USA,USA,2012,131,https://www.itftennis.com/tennis/api/PlayerRankApi/GetPlayerRankings?circuitCode=JT&playerTypeCode=G&ageCategoryCode=&juniorRankingType=itf&take=100&skip=700&isOrderAscending=true,2026-09-29T13:05:42.246Z
2026-09-28,F,708,800742005,Elisa Pieri,ITA,Italy,2011,130.25,https://www.itftennis.com/tennis/api/PlayerRankApi/GetPlayerRankings?circuitCode=JT&playerTypeCode=G&ageCategoryCode=&juniorRankingType=itf&take=100&skip=700&isOrderAscending=true,2026-09-29T13:05:42.246Z
2026-09-28,F,709,800663170,Alina Vysochenko,UKR,Ukraine,2009,129.75,https://www.itftennis.com/tennis/api/PlayerRankApi/GetPlayerRankings?circuitCode=JT&playerTypeCode=G&ageCategoryCode=&juniorRankingType=itf&take=100&skip=700&isOrderAscending=true,2026-09-29T13:05:42.246Z
2026-09-28,F,710,800668374,Rea Godinic,CRO,Croatia,2010,129.5,https://www.itftennis.com/tennis/api/PlayerRankApi/GetPlayerRankings?circuitCode=JT&playerTypeCode=G&ageCategoryCode=&juniorRankingType=itf&take=100&skip=700&isOrderAscending=true,2026-09-29T13:05:42.246Z
2026-09-28,F,711,800749245,Emina Honic,SWE,Sweden,2011,129.25,https://www.itftennis.com/tennis/api/PlayerRankApi/GetPlayerRankings?circuitCode=JT&playerTypeCode=G&ageCategoryCode=&juniorRankingType=itf&take=100&skip=700&isOrderAscending=true,2026-09-29T13:05:42.246Z
2026-09-28,F,712,800698801,Nika Stor,SLO,Slovenia,2010,129.25,https://www.itftennis.com/tennis/api/PlayerRankApi/GetPlayerRankings?circuitCode=JT&playerTypeCode=G&ageCategoryCode=&juniorRankingType=itf&take=100&skip=700&isOrderAscending=true,2026-09-29T13:05:42.246Z
2026-09-28,F,713,800739751,Emilia Cecilia Antelo Cordova,BOL,Bolivia,2010,129,https://www.itftennis.com/tennis/api/PlayerRankApi/GetPlayerRankings?circuitCode=JT&playerTypeCode=G&ageCategoryCode=&juniorRankingType=itf&take=100&skip=700&isOrderAscending=true,2026-09-29T13:05:42.246Z
2026-09-28,F,714,800682866,Jannat Chiripal,IND,India,2008,129,https://www.itftennis.com/tennis/api/PlayerRankApi/GetPlayerRankings?circuitCode=JT&playerTypeCode=G&ageCategoryCode=&juniorRankingType=itf&take=100&skip=700&isOrderAscending=true,2026-09-29T13:05:42.246Z
2026-09-28,F,715,800826794,Nadia Poznick,USA,USA,2012,128.5,https://www.itftennis.com/tennis/api/PlayerRankApi/GetPlayerRankings?circuitCode=JT&playerTypeCode=G&ageCategoryCode=&juniorRankingType=itf&take=100&skip=700&isOrderAscending=true,2026-09-29T13:05:42.246Z
2026-09-28,F,716,800663476,Mila Bastianelli,FRA,France,2010,128.5,https://www.itftennis.com/tennis/api/PlayerRankApi/GetPlayerRankings?circuitCode=JT&playerTypeCode=G&ageCategoryCode=&juniorRankingType=itf&take=100&skip=700&isOrderAscending=true,2026-09-29T13:05:42.246Z
2026-09-28,F,717,800696212,Luisa Maria Oprescu,ESP,Spain,2009,128.25,https://www.itftennis.com/tennis/api/PlayerRankApi/GetPlayerRankings?circuitCode=JT&playerTypeCode=G&ageCategoryCode=&juniorRankingType=itf&take=100&skip=700&isOrderAscending=true,2026-09-29T13:05:42.246Z
2026-09-28,F,718,800722741,Zyanya Saavedra Carrera,MEX,Mexico,2009,127.75,https://www.itftennis.com/tennis/api/PlayerRankApi/GetPlayerRankings?circuitCode=JT&playerTypeCode=G&ageCategoryCode=&juniorRankingType=itf&take=100&skip=700&isOrderAscending=true,2026-09-29T13:05:42.246Z
2026-09-28,F,719,800594280,Eva Panova,CYP,Cyprus,2008,127.75,https://www.itftennis.com/tennis/api/PlayerRankApi/GetPlayerRankings?circuitCode=JT&playerTypeCode=G&ageCategoryCode=&juniorRankingType=itf&take=100&skip=700&isOrderAscending=true,2026-09-29T13:05:42.246Z
2026-09-28,F,720,800803786,Miranda Renee Fernandez Figueroa,MEX,Mexico,2011,127.75,https://www.itftennis.com/tennis/api/PlayerRankApi/GetPlayerRankings?circuitCode=JT&playerTypeCode=G&ageCategoryCode=&juniorRankingType=itf&take=100&skip=700&isOrderAscending=true,2026-09-29T13:05:42.246Z
2026-09-28,F,721,800766298,Mildalyn D'aguilar,USA,USA,2008,126.75,https://www.itftennis.com/tennis/api/PlayerRankApi/GetPlayerRankings?circuitCode=JT&playerTypeCode=G&ageCategoryCode=&juniorRankingType=itf&take=100&skip=700&isOrderAscending=true,2026-09-29T13:05:42.246Z
2026-09-28,F,722,800677420,Kayla Lorrimer,CAN,Canada,2008,126.5,https://www.itftennis.com/tennis/api/PlayerRankApi/GetPlayerRankings?circuitCode=JT&playerTypeCode=G&ageCategoryCode=&juniorRankingType=itf&take=100&skip=700&isOrderAscending=true,2026-09-29T13:05:42.246Z
2026-09-28,F,723,800686478,Sara Saad,EGY,Egypt,2008,126.25,https://www.itftennis.com/tennis/api/PlayerRankApi/GetPlayerRankings?circuitCode=JT&playerTypeCode=G&ageCategoryCode=&juniorRankingType=itf&take=100&skip=700&isOrderAscending=true,2026-09-29T13:05:42.246Z
2026-09-28,F,724,800773855,Alexie Duclair,CAN,Canada,2012,126.25,https://www.itftennis.com/tennis/api/PlayerRankApi/GetPlayerRankings?circuitCode=JT&playerTypeCode=G&ageCategoryCode=&juniorRankingType=itf&take=100&skip=700&isOrderAscending=true,2026-09-29T13:05:42.246Z
2026-09-28,F,725,800724660,Sofia Simon Padros,ARG,Argentina,2010,126,https://www.itftennis.com/tennis/api/PlayerRankApi/GetPlayerRankings?circuitCode=JT&playerTypeCode=G&ageCategoryCode=&juniorRankingType=itf&take=100&skip=700&isOrderAscending=true,2026-09-29T13:05:42.246Z
2026-09-28,F,726,800684119,Kara Fronek,AUT,Austria,2010,125.75,https://www.itftennis.com/tennis/api/PlayerRankApi/GetPlayerRankings?circuitCode=JT&playerTypeCode=G&ageCategoryCode=&juniorRankingType=itf&take=100&skip=700&isOrderAscending=true,2026-09-29T13:05:42.246Z
2026-09-28,F,727,800753960,Martina Toniasso Mattos,BRA,Brazil,2011,125.5,https://www.itftennis.com/tennis/api/PlayerRankApi/GetPlayerRankings?circuitCode=JT&playerTypeCode=G&ageCategoryCode=&juniorRankingType=itf&take=100&skip=700&isOrderAscending=true,2026-09-29T13:05:42.246Z
2026-09-28,F,728,800724934,Galia Garcia Anzures,MEX,Mexico,2008,125.25,https://www.itftennis.com/tennis/api/PlayerRankApi/GetPlayerRankings?circuitCode=JT&playerTypeCode=G&ageCategoryCode=&juniorRankingType=itf&take=100&skip=700&isOrderAscending=true,2026-09-29T13:05:42.246Z
2026-09-28,F,729,800745418,Tomoka Umeda,JPN,Japan,2011,125,https://www.itftennis.com/tennis/api/PlayerRankApi/GetPlayerRankings?circuitCode=JT&playerTypeCode=G&ageCategoryCode=&juniorRankingType=itf&take=100&skip=700&isOrderAscending=true,2026-09-29T13:05:42.246Z
2026-09-28,F,730,800628586,Emilia Lu Knapik,POL,Poland,2009,125,https://www.itftennis.com/tennis/api/PlayerRankApi/GetPlayerRankings?circuitCode=JT&playerTypeCode=G&ageCategoryCode=&juniorRankingType=itf&take=100&skip=700&isOrderAscending=true,2026-09-29T13:05:42.246Z
2026-09-28,F,731,800599185,Asia Sundas,ITA,Italy,2009,124.75,https://www.itftennis.com/tennis/api/PlayerRankApi/GetPlayerRankings?circuitCode=JT&playerTypeCode=G&ageCategoryCode=&juniorRankingType=itf&take=100&skip=700&isOrderAscending=true,2026-09-29T13:05:42.246Z
2026-09-28,F,732,800760754,Emy Gauvin,CAN,Canada,2009,124.5,https://www.itftennis.com/tennis/api/PlayerRankApi/GetPlayerRankings?circuitCode=JT&playerTypeCode=G&ageCategoryCode=&juniorRankingType=itf&take=100&skip=700&isOrderAscending=true,2026-09-29T13:05:42.246Z
2026-09-28,F,733,800675020,Luise Luczak,GER,Germany,2010,124.5,https://www.itftennis.com/tennis/api/PlayerRankApi/GetPlayerRankings?circuitCode=JT&playerTypeCode=G&ageCategoryCode=&juniorRankingType=itf&take=100&skip=700&isOrderAscending=true,2026-09-29T13:05:42.246Z
2026-09-28,F,734,800773776,Daria Dushkina,RUS,Russia,2009,124.5,https://www.itftennis.com/tennis/api/PlayerRankApi/GetPlayerRankings?circuitCode=JT&playerTypeCode=G&ageCategoryCode=&juniorRankingType=itf&take=100&skip=700&isOrderAscending=true,2026-09-29T13:05:42.246Z
2026-09-28,F,735,800700548,Lina BEZZA,MAR,Morocco,2009,124.25,https://www.itftennis.com/tennis/api/PlayerRankApi/GetPlayerRankings?circuitCode=JT&playerTypeCode=G&ageCategoryCode=&juniorRankingType=itf&take=100&skip=700&isOrderAscending=true,2026-09-29T13:05:42.246Z
2026-09-28,F,736,800721891,CAIRA DELFINA VEGA GUDINO,ARG,Argentina,2010,124.25,https://www.itftennis.com/tennis/api/PlayerRankApi/GetPlayerRankings?circuitCode=JT&playerTypeCode=G&ageCategoryCode=&juniorRankingType=itf&take=100&skip=700&isOrderAscending=true,2026-09-29T13:05:42.246Z
2026-09-28,F,737,800675960,Poudima Anne-Marie Bre-Naam Gnarou,TOG,Togo,2008,123.75,https://www.itftennis.com/tennis/api/PlayerRankApi/GetPlayerRankings?circuitCode=JT&playerTypeCode=G&ageCategoryCode=&juniorRankingType=itf&take=100&skip=700&isOrderAscending=true,2026-09-29T13:05:42.246Z
2026-09-28,F,738,800593788,Lulwa Naswardhani,INA,Indonesia,2008,123.75,https://www.itftennis.com/tennis/api/PlayerRankApi/GetPlayerRankings?circuitCode=JT&playerTypeCode=G&ageCategoryCode=&juniorRankingType=itf&take=100&skip=700&isOrderAscending=true,2026-09-29T13:05:42.246Z
2026-09-28,F,739,800735392,Abril Goded Luna,MEX,Mexico,2011,123,https://www.itftennis.com/tennis/api/PlayerRankApi/GetPlayerRankings?circuitCode=JT&playerTypeCode=G&ageCategoryCode=&juniorRankingType=itf&take=100&skip=700&isOrderAscending=true,2026-09-29T13:05:42.246Z
2026-09-28,F,740,800653963,Daniela Esina,RUS,Russia,2010,122.75,https://www.itftennis.com/tennis/api/PlayerRankApi/GetPlayerRankings?circuitCode=JT&playerTypeCode=G&ageCategoryCode=&juniorRankingType=itf&take=100&skip=700&isOrderAscending=true,2026-09-29T13:05:42.246Z
2026-09-28,F,741,800765371,Kiana Smith,USA,USA,2010,122.5,https://www.itftennis.com/tennis/api/PlayerRankApi/GetPlayerRankings?circuitCode=JT&playerTypeCode=G&ageCategoryCode=&juniorRankingType=itf&take=100&skip=700&isOrderAscending=true,2026-09-29T13:05:42.246Z
2026-09-28,F,742,800750616,Haolin WANG,CHN,"China, P.R.",2012,122.5,https://www.itftennis.com/tennis/api/PlayerRankApi/GetPlayerRankings?circuitCode=JT&playerTypeCode=G&ageCategoryCode=&juniorRankingType=itf&take=100&skip=700&isOrderAscending=true,2026-09-29T13:05:42.246Z
2026-09-28,F,743,800741013,Bojia Zhang,CHN,"China, P.R.",2009,122.5,https://www.itftennis.com/tennis/api/PlayerRankApi/GetPlayerRankings?circuitCode=JT&playerTypeCode=G&ageCategoryCode=&juniorRankingType=itf&take=100&skip=700&isOrderAscending=true,2026-09-29T13:05:42.246Z
2026-09-28,F,744,800713662,Scarlett Dattoli,AUS,Australia,2009,122.5,https://www.itftennis.com/tennis/api/PlayerRankApi/GetPlayerRankings?circuitCode=JT&playerTypeCode=G&ageCategoryCode=&juniorRankingType=itf&take=100&skip=700&isOrderAscending=true,2026-09-29T13:05:42.246Z
2026-09-28,F,745,800644032,Mira Karatogma,TUR,Turkiye,2009,122.25,https://www.itftennis.com/tennis/api/PlayerRankApi/GetPlayerRankings?circuitCode=JT&playerTypeCode=G&ageCategoryCode=&juniorRankingType=itf&take=100&skip=700&isOrderAscending=true,2026-09-29T13:05:42.246Z
2026-09-28,F,746,800594306,Elisa Rohrbach,FRA,France,2009,122,https://www.itftennis.com/tennis/api/PlayerRankApi/GetPlayerRankings?circuitCode=JT&playerTypeCode=G&ageCategoryCode=&juniorRankingType=itf&take=100&skip=700&isOrderAscending=true,2026-09-29T13:05:42.246Z
2026-09-28,F,747,800798287,Sofia Barbosa Perez,URU,Uruguay,2009,122,https://www.itftennis.com/tennis/api/PlayerRankApi/GetPlayerRankings?circuitCode=JT&playerTypeCode=G&ageCategoryCode=&juniorRankingType=itf&take=100&skip=700&isOrderAscending=true,2026-09-29T13:05:42.246Z
2026-09-28,F,748,800688607,yanziye zhang,GBR,Great Britain,2011,122,https://www.itftennis.com/tennis/api/PlayerRankApi/GetPlayerRankings?circuitCode=JT&playerTypeCode=G&ageCategoryCode=&juniorRankingType=itf&take=100&skip=700&isOrderAscending=true,2026-09-29T13:05:42.246Z
2026-09-28,F,749,800601838,Sonia Erika Butuc Cerchez,ROU,Romania,2009,121.75,https://www.itftennis.com/tennis/api/PlayerRankApi/GetPlayerRankings?circuitCode=JT&playerTypeCode=G&ageCategoryCode=&juniorRankingType=itf&take=100&skip=700&isOrderAscending=true,2026-09-29T13:05:42.246Z
2026-09-28,F,750,800735529,Ariana Morris,USA,USA,2009,121.75,https://www.itftennis.com/tennis/api/PlayerRankApi/GetPlayerRankings?circuitCode=JT&playerTypeCode=G&ageCategoryCode=&juniorRankingType=itf&take=100&skip=700&isOrderAscending=true,2026-09-29T13:05:42.246Z
2026-09-28,F,751,800648096,Marie Benmouyal,DEN,Denmark,2008,121.75,https://www.itftennis.com/tennis/api/PlayerRankApi/GetPlayerRankings?circuitCode=JT&playerTypeCode=G&ageCategoryCode=&juniorRankingType=itf&take=100&skip=700&isOrderAscending=true,2026-09-29T13:05:42.246Z
2026-09-28,F,752,800666023,Natalie Havelkova,CZE,Czechia,2010,121.75,https://www.itftennis.com/tennis/api/PlayerRankApi/GetPlayerRankings?circuitCode=JT&playerTypeCode=G&ageCategoryCode=&juniorRankingType=itf&take=100&skip=700&isOrderAscending=true,2026-09-29T13:05:42.246Z
2026-09-28,F,753,800585444,Marta Dobric,CRO,Croatia,2008,121.5,https://www.itftennis.com/tennis/api/PlayerRankApi/GetPlayerRankings?circuitCode=JT&playerTypeCode=G&ageCategoryCode=&juniorRankingType=itf&take=100&skip=700&isOrderAscending=true,2026-09-29T13:05:42.246Z
2026-09-28,F,754,800635897,Hedvig Turesson,SWE,Sweden,2009,121.5,https://www.itftennis.com/tennis/api/PlayerRankApi/GetPlayerRankings?circuitCode=JT&playerTypeCode=G&ageCategoryCode=&juniorRankingType=itf&take=100&skip=700&isOrderAscending=true,2026-09-29T13:05:42.246Z
2026-09-28,F,755,800780458,Noemi Nogradi,HUN,Hungary,2011,121.25,https://www.itftennis.com/tennis/api/PlayerRankApi/GetPlayerRankings?circuitCode=JT&playerTypeCode=G&ageCategoryCode=&juniorRankingType=itf&take=100&skip=700&isOrderAscending=true,2026-09-29T13:05:42.246Z
2026-09-28,F,756,800597375,Elizabete Marta Hamitova,LAT,Latvia,2009,121.25,https://www.itftennis.com/tennis/api/PlayerRankApi/GetPlayerRankings?circuitCode=JT&playerTypeCode=G&ageCategoryCode=&juniorRankingType=itf&take=100&skip=700&isOrderAscending=true,2026-09-29T13:05:42.246Z
2026-09-28,F,757,800647078,Margarita Aktuganova,ISR,Israel,2010,121,https://www.itftennis.com/tennis/api/PlayerRankApi/GetPlayerRankings?circuitCode=JT&playerTypeCode=G&ageCategoryCode=&juniorRankingType=itf&take=100&skip=700&isOrderAscending=true,2026-09-29T13:05:42.246Z
2026-09-28,F,758,800668879,Lotti Teker,HUN,Hungary,2009,121,https://www.itftennis.com/tennis/api/PlayerRankApi/GetPlayerRankings?circuitCode=JT&playerTypeCode=G&ageCategoryCode=&juniorRankingType=itf&take=100&skip=700&isOrderAscending=true,2026-09-29T13:05:42.246Z
2026-09-28,F,759,800762811,Kimika Fukui,JPN,Japan,2011,121,https://www.itftennis.com/tennis/api/PlayerRankApi/GetPlayerRankings?circuitCode=JT&playerTypeCode=G&ageCategoryCode=&juniorRankingType=itf&take=100&skip=700&isOrderAscending=true,2026-09-29T13:05:42.246Z
2026-09-28,F,760,800581749,Isabel Skoog,SWE,Sweden,2008,120,https://www.itftennis.com/tennis/api/PlayerRankApi/GetPlayerRankings?circuitCode=JT&playerTypeCode=G&ageCategoryCode=&juniorRankingType=itf&take=100&skip=700&isOrderAscending=true,2026-09-29T13:05:42.246Z
2026-09-28,F,761,800778506,Khadijat eleojo Mohammed,NGR,Nigeria,2009,120,https://www.itftennis.com/tennis/api/PlayerRankApi/GetPlayerRankings?circuitCode=JT&playerTypeCode=G&ageCategoryCode=&juniorRankingType=itf&take=100&skip=700&isOrderAscending=true,2026-09-29T13:05:42.246Z
2026-09-28,F,762,800733647,Mia Froehli,SUI,Switzerland,2009,119.75,https://www.itftennis.com/tennis/api/PlayerRankApi/GetPlayerRankings?circuitCode=JT&playerTypeCode=G&ageCategoryCode=&juniorRankingType=itf&take=100&skip=700&isOrderAscending=true,2026-09-29T13:05:42.246Z
2026-09-28,F,763,800653471,Lillian Santos,USA,USA,2008,119.5,https://www.itftennis.com/tennis/api/PlayerRankApi/GetPlayerRankings?circuitCode=JT&playerTypeCode=G&ageCategoryCode=&juniorRankingType=itf&take=100&skip=700&isOrderAscending=true,2026-09-29T13:05:42.246Z
2026-09-28,F,764,800699953,Anna-Sophia Andrei,ROU,Romania,2009,119.5,https://www.itftennis.com/tennis/api/PlayerRankApi/GetPlayerRankings?circuitCode=JT&playerTypeCode=G&ageCategoryCode=&juniorRankingType=itf&take=100&skip=700&isOrderAscending=true,2026-09-29T13:05:42.246Z
2026-09-28,F,765,800694072,Iva Jerkovic,CRO,Croatia,2010,119.5,https://www.itftennis.com/tennis/api/PlayerRankApi/GetPlayerRankings?circuitCode=JT&playerTypeCode=G&ageCategoryCode=&juniorRankingType=itf&take=100&skip=700&isOrderAscending=true,2026-09-29T13:05:42.246Z
2026-09-28,F,766,800654700,Ana Julieta Lopez Ocampos,PAR,Paraguay,2009,119.25,https://www.itftennis.com/tennis/api/PlayerRankApi/GetPlayerRankings?circuitCode=JT&playerTypeCode=G&ageCategoryCode=&juniorRankingType=itf&take=100&skip=700&isOrderAscending=true,2026-09-29T13:05:42.246Z
2026-09-28,F,767,800737682,Kira Mikaelian,RUS,Russia,2012,119.25,https://www.itftennis.com/tennis/api/PlayerRankApi/GetPlayerRankings?circuitCode=JT&playerTypeCode=G&ageCategoryCode=&juniorRankingType=itf&take=100&skip=700&isOrderAscending=true,2026-09-29T13:05:42.246Z
2026-09-28,F,768,800638613,Ana Paula Jativa,ECU,Ecuador,2009,119,https://www.itftennis.com/tennis/api/PlayerRankApi/GetPlayerRankings?circuitCode=JT&playerTypeCode=G&ageCategoryCode=&juniorRankingType=itf&take=100&skip=700&isOrderAscending=true,2026-09-29T13:05:42.246Z
2026-09-28,F,769,800662387,Stella Cinkanicova,SVK,Slovakia,2008,119,https://www.itftennis.com/tennis/api/PlayerRankApi/GetPlayerRankings?circuitCode=JT&playerTypeCode=G&ageCategoryCode=&juniorRankingType=itf&take=100&skip=700&isOrderAscending=true,2026-09-29T13:05:42.246Z
2026-09-28,F,770,800711333,Karolina Ligai,KAZ,Kazakhstan,2010,119,https://www.itftennis.com/tennis/api/PlayerRankApi/GetPlayerRankings?circuitCode=JT&playerTypeCode=G&ageCategoryCode=&juniorRankingType=itf&take=100&skip=700&isOrderAscending=true,2026-09-29T13:05:42.246Z
2026-09-28,F,771,800687315,Valeriia Derevyankina,RUS,Russia,2008,119,https://www.itftennis.com/tennis/api/PlayerRankApi/GetPlayerRankings?circuitCode=JT&playerTypeCode=G&ageCategoryCode=&juniorRankingType=itf&take=100&skip=700&isOrderAscending=true,2026-09-29T13:05:42.246Z
2026-09-28,F,772,800743169,Jihan LI,CHN,"China, P.R.",2010,118.5,https://www.itftennis.com/tennis/api/PlayerRankApi/GetPlayerRankings?circuitCode=JT&playerTypeCode=G&ageCategoryCode=&juniorRankingType=itf&take=100&skip=700&isOrderAscending=true,2026-09-29T13:05:42.246Z
2026-09-28,F,773,800595048,Sofia Kryvoruchko,UKR,Ukraine,2009,118.25,https://www.itftennis.com/tennis/api/PlayerRankApi/GetPlayerRankings?circuitCode=JT&playerTypeCode=G&ageCategoryCode=&juniorRankingType=itf&take=100&skip=700&isOrderAscending=true,2026-09-29T13:05:42.246Z
2026-09-28,F,774,800742082,Murong Wu,CHN,"China, P.R.",2009,118,https://www.itftennis.com/tennis/api/PlayerRankApi/GetPlayerRankings?circuitCode=JT&playerTypeCode=G&ageCategoryCode=&juniorRankingType=itf&take=100&skip=700&isOrderAscending=true,2026-09-29T13:05:42.246Z
2026-09-28,F,775,800661913,Jiyun Oh,KOR,"Korea, Rep.",2010,117.5,https://www.itftennis.com/tennis/api/PlayerRankApi/GetPlayerRankings?circuitCode=JT&playerTypeCode=G&ageCategoryCode=&juniorRankingType=itf&take=100&skip=700&isOrderAscending=true,2026-09-29T13:05:42.246Z
2026-09-28,F,776,800675738,Polina Barabanova,KAZ,Kazakhstan,2010,117.5,https://www.itftennis.com/tennis/api/PlayerRankApi/GetPlayerRankings?circuitCode=JT&playerTypeCode=G&ageCategoryCode=&juniorRankingType=itf&take=100&skip=700&isOrderAscending=true,2026-09-29T13:05:42.246Z
2026-09-28,F,777,800808101,Veronika Benackova,CZE,Czechia,2009,117.5,https://www.itftennis.com/tennis/api/PlayerRankApi/GetPlayerRankings?circuitCode=JT&playerTypeCode=G&ageCategoryCode=&juniorRankingType=itf&take=100&skip=700&isOrderAscending=true,2026-09-29T13:05:42.246Z
2026-09-28,F,778,800667999,VENETIA LEKA,GRE,Greece,2009,117.25,https://www.itftennis.com/tennis/api/PlayerRankApi/GetPlayerRankings?circuitCode=JT&playerTypeCode=G&ageCategoryCode=&juniorRankingType=itf&take=100&skip=700&isOrderAscending=true,2026-09-29T13:05:42.246Z
2026-09-28,F,779,800672404,Natalie Tsatsalashvili,CAN,Canada,2009,117.25,https://www.itftennis.com/tennis/api/PlayerRankApi/GetPlayerRankings?circuitCode=JT&playerTypeCode=G&ageCategoryCode=&juniorRankingType=itf&take=100&skip=700&isOrderAscending=true,2026-09-29T13:05:42.246Z
2026-09-28,F,780,800739938,Isabel Cairns,AUS,Australia,2011,117,https://www.itftennis.com/tennis/api/PlayerRankApi/GetPlayerRankings?circuitCode=JT&playerTypeCode=G&ageCategoryCode=&juniorRankingType=itf&take=100&skip=700&isOrderAscending=true,2026-09-29T13:05:42.246Z
2026-09-28,F,781,800653958,shahar manhard,ISR,Israel,2008,117,https://www.itftennis.com/tennis/api/PlayerRankApi/GetPlayerRankings?circuitCode=JT&playerTypeCode=G&ageCategoryCode=&juniorRankingType=itf&take=100&skip=700&isOrderAscending=true,2026-09-29T13:05:42.246Z
2026-09-28,F,782,800715628,Emilia Eyva Thygesen,DEN,Denmark,2011,116.75,https://www.itftennis.com/tennis/api/PlayerRankApi/GetPlayerRankings?circuitCode=JT&playerTypeCode=G&ageCategoryCode=&juniorRankingType=itf&take=100&skip=700&isOrderAscending=true,2026-09-29T13:05:42.246Z
2026-09-28,F,783,800765937,Shangran Cai,CHN,"China, P.R.",2012,116.75,https://www.itftennis.com/tennis/api/PlayerRankApi/GetPlayerRankings?circuitCode=JT&playerTypeCode=G&ageCategoryCode=&juniorRankingType=itf&take=100&skip=700&isOrderAscending=true,2026-09-29T13:05:42.246Z
2026-09-28,F,784,800725837,Oyku Sahbaz,TUR,Turkiye,2009,116.5,https://www.itftennis.com/tennis/api/PlayerRankApi/GetPlayerRankings?circuitCode=JT&playerTypeCode=G&ageCategoryCode=&juniorRankingType=itf&take=100&skip=700&isOrderAscending=true,2026-09-29T13:05:42.246Z
2026-09-28,F,785,800593627,Nika Dragicevic,CRO,Croatia,2008,116.5,https://www.itftennis.com/tennis/api/PlayerRankApi/GetPlayerRankings?circuitCode=JT&playerTypeCode=G&ageCategoryCode=&juniorRankingType=itf&take=100&skip=700&isOrderAscending=true,2026-09-29T13:05:42.246Z
2026-09-28,F,786,800784408,Selima Bendhia,TUN,Tunisia,2011,116.25,https://www.itftennis.com/tennis/api/PlayerRankApi/GetPlayerRankings?circuitCode=JT&playerTypeCode=G&ageCategoryCode=&juniorRankingType=itf&take=100&skip=700&isOrderAscending=true,2026-09-29T13:05:42.246Z
2026-09-28,F,787,800643286,Sorvisa Kulphisanrat,THA,Thailand,2009,116.25,https://www.itftennis.com/tennis/api/PlayerRankApi/GetPlayerRankings?circuitCode=JT&playerTypeCode=G&ageCategoryCode=&juniorRankingType=itf&take=100&skip=700&isOrderAscending=true,2026-09-29T13:05:42.246Z
2026-09-28,F,788,800643332,Teodora Miron,ROU,Romania,2009,116,https://www.itftennis.com/tennis/api/PlayerRankApi/GetPlayerRankings?circuitCode=JT&playerTypeCode=G&ageCategoryCode=&juniorRankingType=itf&take=100&skip=700&isOrderAscending=true,2026-09-29T13:05:42.246Z
2026-09-28,F,789,800639339,Sofia Nasonova,RUS,Russia,2009,116,https://www.itftennis.com/tennis/api/PlayerRankApi/GetPlayerRankings?circuitCode=JT&playerTypeCode=G&ageCategoryCode=&juniorRankingType=itf&take=100&skip=700&isOrderAscending=true,2026-09-29T13:05:42.246Z
2026-09-28,F,790,800639817,Aya Lababidi,FRA,France,2010,116,https://www.itftennis.com/tennis/api/PlayerRankApi/GetPlayerRankings?circuitCode=JT&playerTypeCode=G&ageCategoryCode=&juniorRankingType=itf&take=100&skip=700&isOrderAscending=true,2026-09-29T13:05:42.246Z
2026-09-28,F,791,800645610,Samantha Alvarez,CHI,Chile,2008,116,https://www.itftennis.com/tennis/api/PlayerRankApi/GetPlayerRankings?circuitCode=JT&playerTypeCode=G&ageCategoryCode=&juniorRankingType=itf&take=100&skip=700&isOrderAscending=true,2026-09-29T13:05:42.246Z
2026-09-28,F,792,800664565,Bar Shporen,ISR,Israel,2010,116,https://www.itftennis.com/tennis/api/PlayerRankApi/GetPlayerRankings?circuitCode=JT&playerTypeCode=G&ageCategoryCode=&juniorRankingType=itf&take=100&skip=700&isOrderAscending=true,2026-09-29T13:05:42.246Z
2026-09-28,F,793,800780046,Vasilisa Marchenko,RUS,Russia,2012,116,https://www.itftennis.com/tennis/api/PlayerRankApi/GetPlayerRankings?circuitCode=JT&playerTypeCode=G&ageCategoryCode=&juniorRankingType=itf&take=100&skip=700&isOrderAscending=true,2026-09-29T13:05:42.246Z
2026-09-28,F,794,800794828,Molly Widlansky,USA,USA,2010,115.75,https://www.itftennis.com/tennis/api/PlayerRankApi/GetPlayerRankings?circuitCode=JT&playerTypeCode=G&ageCategoryCode=&juniorRankingType=itf&take=100&skip=700&isOrderAscending=true,2026-09-29T13:05:42.246Z
2026-09-28,F,795,800694981,Nicole Saidizand,SWE,Sweden,2010,115.75,https://www.itftennis.com/tennis/api/PlayerRankApi/GetPlayerRankings?circuitCode=JT&playerTypeCode=G&ageCategoryCode=&juniorRankingType=itf&take=100&skip=700&isOrderAscending=true,2026-09-29T13:05:42.246Z
2026-09-28,F,796,800691462,Maria Azizyan,ARM,Armenia,2011,115.25,https://www.itftennis.com/tennis/api/PlayerRankApi/GetPlayerRankings?circuitCode=JT&playerTypeCode=G&ageCategoryCode=&juniorRankingType=itf&take=100&skip=700&isOrderAscending=true,2026-09-29T13:05:42.246Z
2026-09-28,F,797,800750454,Victoria Gruntova,RUS,Russia,2012,115,https://www.itftennis.com/tennis/api/PlayerRankApi/GetPlayerRankings?circuitCode=JT&playerTypeCode=G&ageCategoryCode=&juniorRankingType=itf&take=100&skip=700&isOrderAscending=true,2026-09-29T13:05:42.246Z
2026-09-28,F,798,800656359,Romina Hincu,MDA,Moldova,2009,114.5,https://www.itftennis.com/tennis/api/PlayerRankApi/GetPlayerRankings?circuitCode=JT&playerTypeCode=G&ageCategoryCode=&juniorRankingType=itf&take=100&skip=700&isOrderAscending=true,2026-09-29T13:05:42.246Z
2026-09-28,F,799,800749804,Jessica Benetkova,CZE,Czechia,2009,114.5,https://www.itftennis.com/tennis/api/PlayerRankApi/GetPlayerRankings?circuitCode=JT&playerTypeCode=G&ageCategoryCode=&juniorRankingType=itf&take=100&skip=700&isOrderAscending=true,2026-09-29T13:05:42.246Z
2026-09-28,F,800,800654983,Shira Dvir,ISR,Israel,2009,114.5,https://www.itftennis.com/tennis/api/PlayerRankApi/GetPlayerRankings?circuitCode=JT&playerTypeCode=G&ageCategoryCode=&juniorRankingType=itf&take=100&skip=700&isOrderAscending=true,2026-09-29T13:05:42.248Z
2026-09-28,F,801,800668431,Jasmine Maria Stroe,ROU,Romania,2010,114.25,https://www.itftennis.com/tennis/api/PlayerRankApi/GetPlayerRankings?circuitCode=JT&playerTypeCode=G&ageCategoryCode=&juniorRankingType=itf&take=100&skip=800&isOrderAscending=true,2026-09-29T13:05:58.383Z
2026-09-28,F,802,800713060,Beata Maresova,CZE,Czechia,2012,114,https://www.itftennis.com/tennis/api/PlayerRankApi/GetPlayerRankings?circuitCode=JT&playerTypeCode=G&ageCategoryCode=&juniorRankingType=itf&take=100&skip=800&isOrderAscending=true,2026-09-29T13:05:58.383Z
2026-09-28,F,803,800756269,SIQI WANG,CHN,"China, P.R.",2010,114,https://www.itftennis.com/tennis/api/PlayerRankApi/GetPlayerRankings?circuitCode=JT&playerTypeCode=G&ageCategoryCode=&juniorRankingType=itf&take=100&skip=800&isOrderAscending=true,2026-09-29T13:05:58.383Z
2026-09-28,F,804,800668206,Mariia Nozdrachova,UKR,Ukraine,2009,114,https://www.itftennis.com/tennis/api/PlayerRankApi/GetPlayerRankings?circuitCode=JT&playerTypeCode=G&ageCategoryCode=&juniorRankingType=itf&take=100&skip=800&isOrderAscending=true,2026-09-29T13:05:58.383Z
2026-09-28,F,805,800693901,Isabella Yepez Guzman,ECU,Ecuador,2010,114,https://www.itftennis.com/tennis/api/PlayerRankApi/GetPlayerRankings?circuitCode=JT&playerTypeCode=G&ageCategoryCode=&juniorRankingType=itf&take=100&skip=800&isOrderAscending=true,2026-09-29T13:05:58.383Z
2026-09-28,F,806,800787570,Luciana Chica,USA,USA,2010,114,https://www.itftennis.com/tennis/api/PlayerRankApi/GetPlayerRankings?circuitCode=JT&playerTypeCode=G&ageCategoryCode=&juniorRankingType=itf&take=100&skip=800&isOrderAscending=true,2026-09-29T13:05:58.383Z
2026-09-28,F,807,800749588,Parthsarthi Arun Mundhe,IND,India,2010,113.5,https://www.itftennis.com/tennis/api/PlayerRankApi/GetPlayerRankings?circuitCode=JT&playerTypeCode=G&ageCategoryCode=&juniorRankingType=itf&take=100&skip=800&isOrderAscending=true,2026-09-29T13:05:58.383Z
2026-09-28,F,808,800733055,Ava Khalil,USA,USA,2009,113.5,https://www.itftennis.com/tennis/api/PlayerRankApi/GetPlayerRankings?circuitCode=JT&playerTypeCode=G&ageCategoryCode=&juniorRankingType=itf&take=100&skip=800&isOrderAscending=true,2026-09-29T13:05:58.383Z
2026-09-28,F,809,800666092,Kristyna Prikrylova,CZE,Czechia,2010,113.5,https://www.itftennis.com/tennis/api/PlayerRankApi/GetPlayerRankings?circuitCode=JT&playerTypeCode=G&ageCategoryCode=&juniorRankingType=itf&take=100&skip=800&isOrderAscending=true,2026-09-29T13:05:58.383Z
2026-09-28,F,810,800664485,Charnelle FOZO,CMR,Cameroon,2008,113.5,https://www.itftennis.com/tennis/api/PlayerRankApi/GetPlayerRankings?circuitCode=JT&playerTypeCode=G&ageCategoryCode=&juniorRankingType=itf&take=100&skip=800&isOrderAscending=true,2026-09-29T13:05:58.383Z
2026-09-28,F,811,800653258,Lidia Fadeeva,RUS,Russia,2010,112.75,https://www.itftennis.com/tennis/api/PlayerRankApi/GetPlayerRankings?circuitCode=JT&playerTypeCode=G&ageCategoryCode=&juniorRankingType=itf&take=100&skip=800&isOrderAscending=true,2026-09-29T13:05:58.383Z
2026-09-28,F,812,800733624,Fernanda Gutierrez Perez,MEX,Mexico,2009,112.25,https://www.itftennis.com/tennis/api/PlayerRankApi/GetPlayerRankings?circuitCode=JT&playerTypeCode=G&ageCategoryCode=&juniorRankingType=itf&take=100&skip=800&isOrderAscending=true,2026-09-29T13:05:58.383Z
2026-09-28,F,813,800706744,YELYZAVETA HUCHKO,UKR,Ukraine,2011,112,https://www.itftennis.com/tennis/api/PlayerRankApi/GetPlayerRankings?circuitCode=JT&playerTypeCode=G&ageCategoryCode=&juniorRankingType=itf&take=100&skip=800&isOrderAscending=true,2026-09-29T13:05:58.383Z
2026-09-28,F,814,800637158,Fredrika Nicander,SWE,Sweden,2008,112,https://www.itftennis.com/tennis/api/PlayerRankApi/GetPlayerRankings?circuitCode=JT&playerTypeCode=G&ageCategoryCode=&juniorRankingType=itf&take=100&skip=800&isOrderAscending=true,2026-09-29T13:05:58.383Z
2026-09-28,F,815,800706756,Yasmin Dyussembayeva,KAZ,Kazakhstan,2011,112,https://www.itftennis.com/tennis/api/PlayerRankApi/GetPlayerRankings?circuitCode=JT&playerTypeCode=G&ageCategoryCode=&juniorRankingType=itf&take=100&skip=800&isOrderAscending=true,2026-09-29T13:05:58.383Z
2026-09-28,F,816,800671078,Sofia Drozdenko,BLR,Belarus,2011,111.5,https://www.itftennis.com/tennis/api/PlayerRankApi/GetPlayerRankings?circuitCode=JT&playerTypeCode=G&ageCategoryCode=&juniorRankingType=itf&take=100&skip=800&isOrderAscending=true,2026-09-29T13:05:58.383Z
2026-09-28,F,817,800745597,Noelle Zema,ITA,Italy,2010,111.5,https://www.itftennis.com/tennis/api/PlayerRankApi/GetPlayerRankings?circuitCode=JT&playerTypeCode=G&ageCategoryCode=&juniorRankingType=itf&take=100&skip=800&isOrderAscending=true,2026-09-29T13:05:58.383Z
2026-09-28,F,818,800704543,Eva Maria Bulai,ROU,Romania,2012,111,https://www.itftennis.com/tennis/api/PlayerRankApi/GetPlayerRankings?circuitCode=JT&playerTypeCode=G&ageCategoryCode=&juniorRankingType=itf&take=100&skip=800&isOrderAscending=true,2026-09-29T13:05:58.383Z
2026-09-28,F,819,800702286,Isabella Rebel,GBR,Great Britain,2012,111,https://www.itftennis.com/tennis/api/PlayerRankApi/GetPlayerRankings?circuitCode=JT&playerTypeCode=G&ageCategoryCode=&juniorRankingType=itf&take=100&skip=800&isOrderAscending=true,2026-09-29T13:05:58.383Z
2026-09-28,F,820,800799785,Lola Tremellat,FRA,France,2011,111,https://www.itftennis.com/tennis/api/PlayerRankApi/GetPlayerRankings?circuitCode=JT&playerTypeCode=G&ageCategoryCode=&juniorRankingType=itf&take=100&skip=800&isOrderAscending=true,2026-09-29T13:05:58.383Z
2026-09-28,F,821,800691229,Maryia Magro,MLT,Malta,2011,110.5,https://www.itftennis.com/tennis/api/PlayerRankApi/GetPlayerRankings?circuitCode=JT&playerTypeCode=G&ageCategoryCode=&juniorRankingType=itf&take=100&skip=800&isOrderAscending=true,2026-09-29T13:05:58.383Z
2026-09-28,F,822,800667639,NIKOL NEHRIA,UKR,Ukraine,2010,110.25,https://www.itftennis.com/tennis/api/PlayerRankApi/GetPlayerRankings?circuitCode=JT&playerTypeCode=G&ageCategoryCode=&juniorRankingType=itf&take=100&skip=800&isOrderAscending=true,2026-09-29T13:05:58.383Z
2026-09-28,F,823,800644838,Lora Kardos,HUN,Hungary,2009,110,https://www.itftennis.com/tennis/api/PlayerRankApi/GetPlayerRankings?circuitCode=JT&playerTypeCode=G&ageCategoryCode=&juniorRankingType=itf&take=100&skip=800&isOrderAscending=true,2026-09-29T13:05:58.383Z
2026-09-28,F,824,800736260,Noelle Dai,CAN,Canada,2010,110,https://www.itftennis.com/tennis/api/PlayerRankApi/GetPlayerRankings?circuitCode=JT&playerTypeCode=G&ageCategoryCode=&juniorRankingType=itf&take=100&skip=800&isOrderAscending=true,2026-09-29T13:05:58.383Z
2026-09-28,F,825,800593287,Rafaela Simeonova,BUL,Bulgaria,2008,110,https://www.itftennis.com/tennis/api/PlayerRankApi/GetPlayerRankings?circuitCode=JT&playerTypeCode=G&ageCategoryCode=&juniorRankingType=itf&take=100&skip=800&isOrderAscending=true,2026-09-29T13:05:58.383Z
2026-09-28,F,826,800667380,Sunmin AHN,KOR,"Korea, Rep.",2009,109.75,https://www.itftennis.com/tennis/api/PlayerRankApi/GetPlayerRankings?circuitCode=JT&playerTypeCode=G&ageCategoryCode=&juniorRankingType=itf&take=100&skip=800&isOrderAscending=true,2026-09-29T13:05:58.383Z
2026-09-28,F,827,800778825,Yuting Zhang,CHN,"China, P.R.",2011,109.75,https://www.itftennis.com/tennis/api/PlayerRankApi/GetPlayerRankings?circuitCode=JT&playerTypeCode=G&ageCategoryCode=&juniorRankingType=itf&take=100&skip=800&isOrderAscending=true,2026-09-29T13:05:58.383Z
2026-09-28,F,828,800563166,Tereza Ruzickova,CZE,Czechia,2008,109.5,https://www.itftennis.com/tennis/api/PlayerRankApi/GetPlayerRankings?circuitCode=JT&playerTypeCode=G&ageCategoryCode=&juniorRankingType=itf&take=100&skip=800&isOrderAscending=true,2026-09-29T13:05:58.383Z
2026-09-28,F,829,800705349,Mina Bacanin,SRB,Serbia,2011,109.5,https://www.itftennis.com/tennis/api/PlayerRankApi/GetPlayerRankings?circuitCode=JT&playerTypeCode=G&ageCategoryCode=&juniorRankingType=itf&take=100&skip=800&isOrderAscending=true,2026-09-29T13:05:58.383Z
2026-09-28,F,830,800689738,Sofia Almeida,POR,Portugal,2010,109.25,https://www.itftennis.com/tennis/api/PlayerRankApi/GetPlayerRankings?circuitCode=JT&playerTypeCode=G&ageCategoryCode=&juniorRankingType=itf&take=100&skip=800&isOrderAscending=true,2026-09-29T13:05:58.383Z
2026-09-28,F,831,800667711,Wilhelmina Vainikka,FIN,Finland,2009,109.25,https://www.itftennis.com/tennis/api/PlayerRankApi/GetPlayerRankings?circuitCode=JT&playerTypeCode=G&ageCategoryCode=&juniorRankingType=itf&take=100&skip=800&isOrderAscending=true,2026-09-29T13:05:58.383Z
2026-09-28,F,832,800595930,Alisa Kodzhebash,RUS,Russia,2008,109,https://www.itftennis.com/tennis/api/PlayerRankApi/GetPlayerRankings?circuitCode=JT&playerTypeCode=G&ageCategoryCode=&juniorRankingType=itf&take=100&skip=800&isOrderAscending=true,2026-09-29T13:05:58.383Z
2026-09-28,F,833,800719179,Ana Julia Sartori,BRA,Brazil,2009,109,https://www.itftennis.com/tennis/api/PlayerRankApi/GetPlayerRankings?circuitCode=JT&playerTypeCode=G&ageCategoryCode=&juniorRankingType=itf&take=100&skip=800&isOrderAscending=true,2026-09-29T13:05:58.383Z
2026-09-28,F,834,800741109,Heidi Felicia Schmal,SUI,Switzerland,2008,108.75,https://www.itftennis.com/tennis/api/PlayerRankApi/GetPlayerRankings?circuitCode=JT&playerTypeCode=G&ageCategoryCode=&juniorRankingType=itf&take=100&skip=800&isOrderAscending=true,2026-09-29T13:05:58.383Z
2026-09-28,F,835,800656134,Darya Savina,KAZ,Kazakhstan,2008,108.5,https://www.itftennis.com/tennis/api/PlayerRankApi/GetPlayerRankings?circuitCode=JT&playerTypeCode=G&ageCategoryCode=&juniorRankingType=itf&take=100&skip=800&isOrderAscending=true,2026-09-29T13:05:58.383Z
2026-09-28,F,836,800668372,Tereza Tsybulska,UKR,Ukraine,2010,108.5,https://www.itftennis.com/tennis/api/PlayerRankApi/GetPlayerRankings?circuitCode=JT&playerTypeCode=G&ageCategoryCode=&juniorRankingType=itf&take=100&skip=800&isOrderAscending=true,2026-09-29T13:05:58.384Z
2026-09-28,F,837,800769944,Lyndsey Philipps,RSA,South Africa,2010,108.25,https://www.itftennis.com/tennis/api/PlayerRankApi/GetPlayerRankings?circuitCode=JT&playerTypeCode=G&ageCategoryCode=&juniorRankingType=itf&take=100&skip=800&isOrderAscending=true,2026-09-29T13:05:58.384Z
2026-09-28,F,838,800745022,Anna Jancarikova,CZE,Czechia,2011,108,https://www.itftennis.com/tennis/api/PlayerRankApi/GetPlayerRankings?circuitCode=JT&playerTypeCode=G&ageCategoryCode=&juniorRankingType=itf&take=100&skip=800&isOrderAscending=true,2026-09-29T13:05:58.384Z
2026-09-28,F,839,800679275,Alexandra Peralta Boenaes,DEN,Denmark,2010,108,https://www.itftennis.com/tennis/api/PlayerRankApi/GetPlayerRankings?circuitCode=JT&playerTypeCode=G&ageCategoryCode=&juniorRankingType=itf&take=100&skip=800&isOrderAscending=true,2026-09-29T13:05:58.384Z
2026-09-28,F,840,800700540,Daphne Franssen,NED,Netherlands,2012,108,https://www.itftennis.com/tennis/api/PlayerRankApi/GetPlayerRankings?circuitCode=JT&playerTypeCode=G&ageCategoryCode=&juniorRankingType=itf&take=100&skip=800&isOrderAscending=true,2026-09-29T13:05:58.384Z
2026-09-28,F,841,800736552,Natalie Kha,USA,USA,2008,107.5,https://www.itftennis.com/tennis/api/PlayerRankApi/GetPlayerRankings?circuitCode=JT&playerTypeCode=G&ageCategoryCode=&juniorRankingType=itf&take=100&skip=800&isOrderAscending=true,2026-09-29T13:05:58.384Z
2026-09-28,F,842,800631263,Alena Polishchuk,RUS,Russia,2009,107.5,https://www.itftennis.com/tennis/api/PlayerRankApi/GetPlayerRankings?circuitCode=JT&playerTypeCode=G&ageCategoryCode=&juniorRankingType=itf&take=100&skip=800&isOrderAscending=true,2026-09-29T13:05:58.384Z
2026-09-28,F,843,800693853,Noor Ceulemans,BEL,Belgium,2011,107.5,https://www.itftennis.com/tennis/api/PlayerRankApi/GetPlayerRankings?circuitCode=JT&playerTypeCode=G&ageCategoryCode=&juniorRankingType=itf&take=100&skip=800&isOrderAscending=true,2026-09-29T13:05:58.384Z
2026-09-28,F,844,800659444,Tatyana Ivanova,KAZ,Kazakhstan,2009,107.25,https://www.itftennis.com/tennis/api/PlayerRankApi/GetPlayerRankings?circuitCode=JT&playerTypeCode=G&ageCategoryCode=&juniorRankingType=itf&take=100&skip=800&isOrderAscending=true,2026-09-29T13:05:58.384Z
2026-09-28,F,845,800667484,Una Grubesic,SRB,Serbia,2010,106.75,https://www.itftennis.com/tennis/api/PlayerRankApi/GetPlayerRankings?circuitCode=JT&playerTypeCode=G&ageCategoryCode=&juniorRankingType=itf&take=100&skip=800&isOrderAscending=true,2026-09-29T13:05:58.384Z
2026-09-28,F,846,800621792,Malgorzata Bajorek,POL,Poland,2008,106.5,https://www.itftennis.com/tennis/api/PlayerRankApi/GetPlayerRankings?circuitCode=JT&playerTypeCode=G&ageCategoryCode=&juniorRankingType=itf&take=100&skip=800&isOrderAscending=true,2026-09-29T13:05:58.384Z
2026-09-28,F,847,800753425,Marlene Victoria Sczech,GER,Germany,2011,106.5,https://www.itftennis.com/tennis/api/PlayerRankApi/GetPlayerRankings?circuitCode=JT&playerTypeCode=G&ageCategoryCode=&juniorRankingType=itf&take=100&skip=800&isOrderAscending=true,2026-09-29T13:05:58.384Z
2026-09-28,F,848,800671137,Quirina Trea,INA,Indonesia,2009,106.5,https://www.itftennis.com/tennis/api/PlayerRankApi/GetPlayerRankings?circuitCode=JT&playerTypeCode=G&ageCategoryCode=&juniorRankingType=itf&take=100&skip=800&isOrderAscending=true,2026-09-29T13:05:58.384Z
2026-09-28,F,849,800695033,Sophia-Elena Nicolae,BEL,Belgium,2010,106.25,https://www.itftennis.com/tennis/api/PlayerRankApi/GetPlayerRankings?circuitCode=JT&playerTypeCode=G&ageCategoryCode=&juniorRankingType=itf&take=100&skip=800&isOrderAscending=true,2026-09-29T13:05:58.384Z
2026-09-28,F,850,800694705,Katerina Foldova,CZE,Czechia,2010,106.25,https://www.itftennis.com/tennis/api/PlayerRankApi/GetPlayerRankings?circuitCode=JT&playerTypeCode=G&ageCategoryCode=&juniorRankingType=itf&take=100&skip=800&isOrderAscending=true,2026-09-29T13:05:58.384Z
2026-09-28,F,851,800692017,Anna Brunet-Brady,FRA,France,2010,106,https://www.itftennis.com/tennis/api/PlayerRankApi/GetPlayerRankings?circuitCode=JT&playerTypeCode=G&ageCategoryCode=&juniorRankingType=itf&take=100&skip=800&isOrderAscending=true,2026-09-29T13:05:58.384Z
2026-09-28,F,852,800753084,Emme Gale,NZL,New Zealand,2011,106,https://www.itftennis.com/tennis/api/PlayerRankApi/GetPlayerRankings?circuitCode=JT&playerTypeCode=G&ageCategoryCode=&juniorRankingType=itf&take=100&skip=800&isOrderAscending=true,2026-09-29T13:05:58.384Z
2026-09-28,F,853,800648388,Jaimee Collinson,NZL,New Zealand,2008,106,https://www.itftennis.com/tennis/api/PlayerRankApi/GetPlayerRankings?circuitCode=JT&playerTypeCode=G&ageCategoryCode=&juniorRankingType=itf&take=100&skip=800&isOrderAscending=true,2026-09-29T13:05:58.384Z
2026-09-28,F,854,800784415,Armine Yesaian,ARM,Armenia,2009,105.75,https://www.itftennis.com/tennis/api/PlayerRankApi/GetPlayerRankings?circuitCode=JT&playerTypeCode=G&ageCategoryCode=&juniorRankingType=itf&take=100&skip=800&isOrderAscending=true,2026-09-29T13:05:58.384Z
2026-09-28,F,855,800739710,Amaliya Bakumenko,UKR,Ukraine,2012,105.75,https://www.itftennis.com/tennis/api/PlayerRankApi/GetPlayerRankings?circuitCode=JT&playerTypeCode=G&ageCategoryCode=&juniorRankingType=itf&take=100&skip=800&isOrderAscending=true,2026-09-29T13:05:58.384Z
2026-09-28,F,856,800780953,Jiarui Sun,CHN,"China, P.R.",2011,105.5,https://www.itftennis.com/tennis/api/PlayerRankApi/GetPlayerRankings?circuitCode=JT&playerTypeCode=G&ageCategoryCode=&juniorRankingType=itf&take=100&skip=800&isOrderAscending=true,2026-09-29T13:05:58.384Z
2026-09-28,F,857,800636050,Janne Vanden Abeele,BEL,Belgium,2009,105.5,https://www.itftennis.com/tennis/api/PlayerRankApi/GetPlayerRankings?circuitCode=JT&playerTypeCode=G&ageCategoryCode=&juniorRankingType=itf&take=100&skip=800&isOrderAscending=true,2026-09-29T13:05:58.384Z
2026-09-28,F,858,800746032,Karina Berska,CAN,Canada,2011,105.25,https://www.itftennis.com/tennis/api/PlayerRankApi/GetPlayerRankings?circuitCode=JT&playerTypeCode=G&ageCategoryCode=&juniorRankingType=itf&take=100&skip=800&isOrderAscending=true,2026-09-29T13:05:58.384Z
2026-09-28,F,859,800696205,Safia ALLANI,TUN,Tunisia,2008,105,https://www.itftennis.com/tennis/api/PlayerRankApi/GetPlayerRankings?circuitCode=JT&playerTypeCode=G&ageCategoryCode=&juniorRankingType=itf&take=100&skip=800&isOrderAscending=true,2026-09-29T13:05:58.384Z
2026-09-28,F,860,800827221,Enya Hamilton,USA,USA,2010,104.75,https://www.itftennis.com/tennis/api/PlayerRankApi/GetPlayerRankings?circuitCode=JT&playerTypeCode=G&ageCategoryCode=&juniorRankingType=itf&take=100&skip=800&isOrderAscending=true,2026-09-29T13:05:58.384Z
2026-09-28,F,861,800706365,Gabriela Sulcova,CZE,Czechia,2011,104.75,https://www.itftennis.com/tennis/api/PlayerRankApi/GetPlayerRankings?circuitCode=JT&playerTypeCode=G&ageCategoryCode=&juniorRankingType=itf&take=100&skip=800&isOrderAscending=true,2026-09-29T13:05:58.384Z
2026-09-28,F,862,800745972,AKARI ODA,JPN,Japan,2010,104.5,https://www.itftennis.com/tennis/api/PlayerRankApi/GetPlayerRankings?circuitCode=JT&playerTypeCode=G&ageCategoryCode=&juniorRankingType=itf&take=100&skip=800&isOrderAscending=true,2026-09-29T13:05:58.384Z
2026-09-28,F,863,800791377,Florencia Mardones,ARG,Argentina,2011,104.5,https://www.itftennis.com/tennis/api/PlayerRankApi/GetPlayerRankings?circuitCode=JT&playerTypeCode=G&ageCategoryCode=&juniorRankingType=itf&take=100&skip=800&isOrderAscending=true,2026-09-29T13:05:58.384Z
2026-09-28,F,864,800780613,Shiqing Yuan,CHN,"China, P.R.",2010,104.25,https://www.itftennis.com/tennis/api/PlayerRankApi/GetPlayerRankings?circuitCode=JT&playerTypeCode=G&ageCategoryCode=&juniorRankingType=itf&take=100&skip=800&isOrderAscending=true,2026-09-29T13:05:58.384Z
2026-09-28,F,865,800722468,Ayaka Iwasa,JPN,Japan,2012,104,https://www.itftennis.com/tennis/api/PlayerRankApi/GetPlayerRankings?circuitCode=JT&playerTypeCode=G&ageCategoryCode=&juniorRankingType=itf&take=100&skip=800&isOrderAscending=true,2026-09-29T13:05:58.384Z
2026-09-28,F,866,800680538,Valentyna Benda,CZE,Czechia,2008,104,https://www.itftennis.com/tennis/api/PlayerRankApi/GetPlayerRankings?circuitCode=JT&playerTypeCode=G&ageCategoryCode=&juniorRankingType=itf&take=100&skip=800&isOrderAscending=true,2026-09-29T13:05:58.384Z
2026-09-28,F,867,800656033,ISABELA DE MATTOS SILVA,BRA,Brazil,2008,103.75,https://www.itftennis.com/tennis/api/PlayerRankApi/GetPlayerRankings?circuitCode=JT&playerTypeCode=G&ageCategoryCode=&juniorRankingType=itf&take=100&skip=800&isOrderAscending=true,2026-09-29T13:05:58.384Z
2026-09-28,F,868,800590048,Olesja Demcenkova,LAT,Latvia,2008,103.75,https://www.itftennis.com/tennis/api/PlayerRankApi/GetPlayerRankings?circuitCode=JT&playerTypeCode=G&ageCategoryCode=&juniorRankingType=itf&take=100&skip=800&isOrderAscending=true,2026-09-29T13:05:58.384Z
2026-09-28,F,869,800580907,Kai Ning Chanya Ng,SGP,Singapore,2008,103.75,https://www.itftennis.com/tennis/api/PlayerRankApi/GetPlayerRankings?circuitCode=JT&playerTypeCode=G&ageCategoryCode=&juniorRankingType=itf&take=100&skip=800&isOrderAscending=true,2026-09-29T13:05:58.384Z
2026-09-28,F,870,800791723,Jinyu Zhou,CHN,"China, P.R.",2012,103.5,https://www.itftennis.com/tennis/api/PlayerRankApi/GetPlayerRankings?circuitCode=JT&playerTypeCode=G&ageCategoryCode=&juniorRankingType=itf&take=100&skip=800&isOrderAscending=true,2026-09-29T13:05:58.384Z
2026-09-28,F,871,800732475,Xuetong Zhang,CHN,"China, P.R.",2009,103.5,https://www.itftennis.com/tennis/api/PlayerRankApi/GetPlayerRankings?circuitCode=JT&playerTypeCode=G&ageCategoryCode=&juniorRankingType=itf&take=100&skip=800&isOrderAscending=true,2026-09-29T13:05:58.384Z
2026-09-28,F,872,800739629,Mari Van Schalkwyk,NAM,Namibia,2009,103.5,https://www.itftennis.com/tennis/api/PlayerRankApi/GetPlayerRankings?circuitCode=JT&playerTypeCode=G&ageCategoryCode=&juniorRankingType=itf&take=100&skip=800&isOrderAscending=true,2026-09-29T13:05:58.384Z
2026-09-28,F,873,800625241,Isaure Bruscia,FRA,France,2009,103.25,https://www.itftennis.com/tennis/api/PlayerRankApi/GetPlayerRankings?circuitCode=JT&playerTypeCode=G&ageCategoryCode=&juniorRankingType=itf&take=100&skip=800&isOrderAscending=true,2026-09-29T13:05:58.384Z
2026-09-28,F,874,800679147,Mariana Teixeira de Paiva,BRA,Brazil,2009,103,https://www.itftennis.com/tennis/api/PlayerRankApi/GetPlayerRankings?circuitCode=JT&playerTypeCode=G&ageCategoryCode=&juniorRankingType=itf&take=100&skip=800&isOrderAscending=true,2026-09-29T13:05:58.384Z
2026-09-28,F,875,800714644,Stefania Kadzova,RUS,Russia,2011,103,https://www.itftennis.com/tennis/api/PlayerRankApi/GetPlayerRankings?circuitCode=JT&playerTypeCode=G&ageCategoryCode=&juniorRankingType=itf&take=100&skip=800&isOrderAscending=true,2026-09-29T13:05:58.384Z
2026-09-28,F,876,800696336,Bela Martinez Rivero,PUR,Puerto Rico,2009,102.75,https://www.itftennis.com/tennis/api/PlayerRankApi/GetPlayerRankings?circuitCode=JT&playerTypeCode=G&ageCategoryCode=&juniorRankingType=itf&take=100&skip=800&isOrderAscending=true,2026-09-29T13:05:58.384Z
2026-09-28,F,877,800662498,Julia Myakotkina,RUS,Russia,2009,102.5,https://www.itftennis.com/tennis/api/PlayerRankApi/GetPlayerRankings?circuitCode=JT&playerTypeCode=G&ageCategoryCode=&juniorRankingType=itf&take=100&skip=800&isOrderAscending=true,2026-09-29T13:05:58.384Z
2026-09-28,F,878,800800299,Yishan Jian,CHN,"China, P.R.",2010,102.25,https://www.itftennis.com/tennis/api/PlayerRankApi/GetPlayerRankings?circuitCode=JT&playerTypeCode=G&ageCategoryCode=&juniorRankingType=itf&take=100&skip=800&isOrderAscending=true,2026-09-29T13:05:58.384Z
2026-09-28,F,879,800790150,Ava Chua,USA,USA,2011,102.25,https://www.itftennis.com/tennis/api/PlayerRankApi/GetPlayerRankings?circuitCode=JT&playerTypeCode=G&ageCategoryCode=&juniorRankingType=itf&take=100&skip=800&isOrderAscending=true,2026-09-29T13:05:58.384Z
2026-09-28,F,880,800790095,Goodnews Eyinjuoluwa Aina,NGR,Nigeria,2011,102.25,https://www.itftennis.com/tennis/api/PlayerRankApi/GetPlayerRankings?circuitCode=JT&playerTypeCode=G&ageCategoryCode=&juniorRankingType=itf&take=100&skip=800&isOrderAscending=true,2026-09-29T13:05:58.384Z
2026-09-28,F,881,800624082,Grace Dollar,USA,USA,2008,102,https://www.itftennis.com/tennis/api/PlayerRankApi/GetPlayerRankings?circuitCode=JT&playerTypeCode=G&ageCategoryCode=&juniorRankingType=itf&take=100&skip=800&isOrderAscending=true,2026-09-29T13:05:58.384Z
2026-09-28,F,882,800716977,Natalia Maria Dicu,ROU,Romania,2012,102,https://www.itftennis.com/tennis/api/PlayerRankApi/GetPlayerRankings?circuitCode=JT&playerTypeCode=G&ageCategoryCode=&juniorRankingType=itf&take=100&skip=800&isOrderAscending=true,2026-09-29T13:05:58.384Z
2026-09-28,F,883,800719315,Eleni Makantasis,AUS,Australia,2011,101.5,https://www.itftennis.com/tennis/api/PlayerRankApi/GetPlayerRankings?circuitCode=JT&playerTypeCode=G&ageCategoryCode=&juniorRankingType=itf&take=100&skip=800&isOrderAscending=true,2026-09-29T13:05:58.384Z
2026-09-28,F,884,800676831,Gauhar Aktan,KAZ,Kazakhstan,2009,101.5,https://www.itftennis.com/tennis/api/PlayerRankApi/GetPlayerRankings?circuitCode=JT&playerTypeCode=G&ageCategoryCode=&juniorRankingType=itf&take=100&skip=800&isOrderAscending=true,2026-09-29T13:05:58.384Z
2026-09-28,F,885,800870644,Yichen Xiu,CHN,"China, P.R.",2013,101.25,https://www.itftennis.com/tennis/api/PlayerRankApi/GetPlayerRankings?circuitCode=JT&playerTypeCode=G&ageCategoryCode=&juniorRankingType=itf&take=100&skip=800&isOrderAscending=true,2026-09-29T13:05:58.384Z
2026-09-28,F,886,800803280,Rei Sato,JPN,Japan,2011,101.25,https://www.itftennis.com/tennis/api/PlayerRankApi/GetPlayerRankings?circuitCode=JT&playerTypeCode=G&ageCategoryCode=&juniorRankingType=itf&take=100&skip=800&isOrderAscending=true,2026-09-29T13:05:58.384Z
2026-09-28,F,887,800768943,Rutendo Mellisa Mavhenyengwa,ZIM,Zimbabwe,2009,101,https://www.itftennis.com/tennis/api/PlayerRankApi/GetPlayerRankings?circuitCode=JT&playerTypeCode=G&ageCategoryCode=&juniorRankingType=itf&take=100&skip=800&isOrderAscending=true,2026-09-29T13:05:58.384Z
2026-09-28,F,888,800731115,Disha Kumar,IND,India,2009,101,https://www.itftennis.com/tennis/api/PlayerRankApi/GetPlayerRankings?circuitCode=JT&playerTypeCode=G&ageCategoryCode=&juniorRankingType=itf&take=100&skip=800&isOrderAscending=true,2026-09-29T13:05:58.384Z
2026-09-28,F,889,800707780,MARIA CAMILA TOBON JIMENEZ,COL,Colombia,2010,100.75,https://www.itftennis.com/tennis/api/PlayerRankApi/GetPlayerRankings?circuitCode=JT&playerTypeCode=G&ageCategoryCode=&juniorRankingType=itf&take=100&skip=800&isOrderAscending=true,2026-09-29T13:05:58.384Z
2026-09-28,F,890,800707603,Brooke Komorowski,AUS,Australia,2009,100.5,https://www.itftennis.com/tennis/api/PlayerRankApi/GetPlayerRankings?circuitCode=JT&playerTypeCode=G&ageCategoryCode=&juniorRankingType=itf&take=100&skip=800&isOrderAscending=true,2026-09-29T13:05:58.384Z
2026-09-28,F,891,800726812,KAE AZUMA,JPN,Japan,2009,100.5,https://www.itftennis.com/tennis/api/PlayerRankApi/GetPlayerRankings?circuitCode=JT&playerTypeCode=G&ageCategoryCode=&juniorRankingType=itf&take=100&skip=800&isOrderAscending=true,2026-09-29T13:05:58.384Z
2026-09-28,F,892,800760373,PIN-YU WANG,TPE,Chinese Taipei,2008,100.5,https://www.itftennis.com/tennis/api/PlayerRankApi/GetPlayerRankings?circuitCode=JT&playerTypeCode=G&ageCategoryCode=&juniorRankingType=itf&take=100&skip=800&isOrderAscending=true,2026-09-29T13:05:58.384Z
2026-09-28,F,893,800640045,Bicene Benzaied,TUN,Tunisia,2009,100.25,https://www.itftennis.com/tennis/api/PlayerRankApi/GetPlayerRankings?circuitCode=JT&playerTypeCode=G&ageCategoryCode=&juniorRankingType=itf&take=100&skip=800&isOrderAscending=true,2026-09-29T13:05:58.384Z
2026-09-28,F,894,800723608,Sophia Valsted,DEN,Denmark,2011,100.25,https://www.itftennis.com/tennis/api/PlayerRankApi/GetPlayerRankings?circuitCode=JT&playerTypeCode=G&ageCategoryCode=&juniorRankingType=itf&take=100&skip=800&isOrderAscending=true,2026-09-29T13:05:58.384Z
2026-09-28,F,895,800578769,Natalia Krockova,SVK,Slovakia,2008,100,https://www.itftennis.com/tennis/api/PlayerRankApi/GetPlayerRankings?circuitCode=JT&playerTypeCode=G&ageCategoryCode=&juniorRankingType=itf&take=100&skip=800&isOrderAscending=true,2026-09-29T13:05:58.384Z
2026-09-28,F,896,800775743,Xier Ai,CHN,"China, P.R.",2010,100,https://www.itftennis.com/tennis/api/PlayerRankApi/GetPlayerRankings?circuitCode=JT&playerTypeCode=G&ageCategoryCode=&juniorRankingType=itf&take=100&skip=800&isOrderAscending=true,2026-09-29T13:05:58.384Z
2026-09-28,F,897,800720467,Escher Case-Boag,AUS,Australia,2010,99.75,https://www.itftennis.com/tennis/api/PlayerRankApi/GetPlayerRankings?circuitCode=JT&playerTypeCode=G&ageCategoryCode=&juniorRankingType=itf&take=100&skip=800&isOrderAscending=true,2026-09-29T13:05:58.384Z
2026-09-28,F,898,800823831,Zijun Miao,CHN,"China, P.R.",2012,99.5,https://www.itftennis.com/tennis/api/PlayerRankApi/GetPlayerRankings?circuitCode=JT&playerTypeCode=G&ageCategoryCode=&juniorRankingType=itf&take=100&skip=800&isOrderAscending=true,2026-09-29T13:05:58.384Z
2026-09-28,F,899,800716189,Gabriela Baena,COL,Colombia,2011,99.5,https://www.itftennis.com/tennis/api/PlayerRankApi/GetPlayerRankings?circuitCode=JT&playerTypeCode=G&ageCategoryCode=&juniorRankingType=itf&take=100&skip=800&isOrderAscending=true,2026-09-29T13:05:58.384Z
2026-09-28,F,900,800732125,Aiym Kanagatova,KAZ,Kazakhstan,2012,99.5,https://www.itftennis.com/tennis/api/PlayerRankApi/GetPlayerRankings?circuitCode=JT&playerTypeCode=G&ageCategoryCode=&juniorRankingType=itf&take=100&skip=800&isOrderAscending=true,2026-09-29T13:05:58.384Z
2026-09-28,F,901,800643282,Deniz Cakil,TUR,Turkiye,2009,99.5,https://www.itftennis.com/tennis/api/PlayerRankApi/GetPlayerRankings?circuitCode=JT&playerTypeCode=G&ageCategoryCode=&juniorRankingType=itf&take=100&skip=900&isOrderAscending=true,2026-09-29T13:05:59.677Z
2026-09-28,F,902,800697986,Laura Salvado,POR,Portugal,2010,99,https://www.itftennis.com/tennis/api/PlayerRankApi/GetPlayerRankings?circuitCode=JT&playerTypeCode=G&ageCategoryCode=&juniorRankingType=itf&take=100&skip=900&isOrderAscending=true,2026-09-29T13:05:59.677Z
2026-09-28,F,903,800675748,Sofia Streltsova,BEL,Belgium,2010,99,https://www.itftennis.com/tennis/api/PlayerRankApi/GetPlayerRankings?circuitCode=JT&playerTypeCode=G&ageCategoryCode=&juniorRankingType=itf&take=100&skip=900&isOrderAscending=true,2026-09-29T13:05:59.677Z
2026-09-28,F,904,800660863,Yeon Joo Cha,KOR,"Korea, Rep.",2008,99,https://www.itftennis.com/tennis/api/PlayerRankApi/GetPlayerRankings?circuitCode=JT&playerTypeCode=G&ageCategoryCode=&juniorRankingType=itf&take=100&skip=900&isOrderAscending=true,2026-09-29T13:05:59.677Z
2026-09-28,F,905,800690682,Eva Halfarova,CZE,Czechia,2011,98.75,https://www.itftennis.com/tennis/api/PlayerRankApi/GetPlayerRankings?circuitCode=JT&playerTypeCode=G&ageCategoryCode=&juniorRankingType=itf&take=100&skip=900&isOrderAscending=true,2026-09-29T13:05:59.678Z
2026-09-28,F,906,800676663,Kealani Agbulos,USA,USA,2008,98.5,https://www.itftennis.com/tennis/api/PlayerRankApi/GetPlayerRankings?circuitCode=JT&playerTypeCode=G&ageCategoryCode=&juniorRankingType=itf&take=100&skip=900&isOrderAscending=true,2026-09-29T13:05:59.678Z
2026-09-28,F,907,800806832,Zijie Yang,CHN,"China, P.R.",2011,98.5,https://www.itftennis.com/tennis/api/PlayerRankApi/GetPlayerRankings?circuitCode=JT&playerTypeCode=G&ageCategoryCode=&juniorRankingType=itf&take=100&skip=900&isOrderAscending=true,2026-09-29T13:05:59.678Z
2026-09-28,F,908,800722899,ANDO TIANTSOA RATRE,FRA,France,2011,98,https://www.itftennis.com/tennis/api/PlayerRankApi/GetPlayerRankings?circuitCode=JT&playerTypeCode=G&ageCategoryCode=&juniorRankingType=itf&take=100&skip=900&isOrderAscending=true,2026-09-29T13:05:59.678Z
2026-09-28,F,909,800663552,Jette Onnen,GER,Germany,2010,98,https://www.itftennis.com/tennis/api/PlayerRankApi/GetPlayerRankings?circuitCode=JT&playerTypeCode=G&ageCategoryCode=&juniorRankingType=itf&take=100&skip=900&isOrderAscending=true,2026-09-29T13:05:59.678Z
2026-09-28,F,910,800659912,Daria Dehmel,POL,Poland,2009,97.75,https://www.itftennis.com/tennis/api/PlayerRankApi/GetPlayerRankings?circuitCode=JT&playerTypeCode=G&ageCategoryCode=&juniorRankingType=itf&take=100&skip=900&isOrderAscending=true,2026-09-29T13:05:59.678Z
2026-09-28,F,911,800655936,sofia omati albieri,BRA,Brazil,2008,97.75,https://www.itftennis.com/tennis/api/PlayerRankApi/GetPlayerRankings?circuitCode=JT&playerTypeCode=G&ageCategoryCode=&juniorRankingType=itf&take=100&skip=900&isOrderAscending=true,2026-09-29T13:05:59.678Z
2026-09-28,F,912,800635401,Nika Cakarun,CRO,Croatia,2009,97.75,https://www.itftennis.com/tennis/api/PlayerRankApi/GetPlayerRankings?circuitCode=JT&playerTypeCode=G&ageCategoryCode=&juniorRankingType=itf&take=100&skip=900&isOrderAscending=true,2026-09-29T13:05:59.678Z
2026-09-28,F,913,800694728,Kamile Seliukaite,LTU,Lithuania,2011,97.75,https://www.itftennis.com/tennis/api/PlayerRankApi/GetPlayerRankings?circuitCode=JT&playerTypeCode=G&ageCategoryCode=&juniorRankingType=itf&take=100&skip=900&isOrderAscending=true,2026-09-29T13:05:59.678Z
2026-09-28,F,914,800645604,Nelli Ivanova,RUS,Russia,2009,97.5,https://www.itftennis.com/tennis/api/PlayerRankApi/GetPlayerRankings?circuitCode=JT&playerTypeCode=G&ageCategoryCode=&juniorRankingType=itf&take=100&skip=900&isOrderAscending=true,2026-09-29T13:05:59.678Z
2026-09-28,F,915,800709542,Leah Bush,GBR,Great Britain,2011,97.5,https://www.itftennis.com/tennis/api/PlayerRankApi/GetPlayerRankings?circuitCode=JT&playerTypeCode=G&ageCategoryCode=&juniorRankingType=itf&take=100&skip=900&isOrderAscending=true,2026-09-29T13:05:59.678Z
2026-09-28,F,916,800794788,Bianca Grim Mahn,BRA,Brazil,2009,97.25,https://www.itftennis.com/tennis/api/PlayerRankApi/GetPlayerRankings?circuitCode=JT&playerTypeCode=G&ageCategoryCode=&juniorRankingType=itf&take=100&skip=900&isOrderAscending=true,2026-09-29T13:05:59.678Z
2026-09-28,F,917,800737870,Botshelo Diseko,RSA,South Africa,2009,97.25,https://www.itftennis.com/tennis/api/PlayerRankApi/GetPlayerRankings?circuitCode=JT&playerTypeCode=G&ageCategoryCode=&juniorRankingType=itf&take=100&skip=900&isOrderAscending=true,2026-09-29T13:05:59.678Z
2026-09-28,F,918,800664488,TEODORA GEORGIANA PETRE,ROU,Romania,2010,97.25,https://www.itftennis.com/tennis/api/PlayerRankApi/GetPlayerRankings?circuitCode=JT&playerTypeCode=G&ageCategoryCode=&juniorRankingType=itf&take=100&skip=900&isOrderAscending=true,2026-09-29T13:05:59.678Z
2026-09-28,F,919,800819700,Lisha Balsiger,SUI,Switzerland,2011,97,https://www.itftennis.com/tennis/api/PlayerRankApi/GetPlayerRankings?circuitCode=JT&playerTypeCode=G&ageCategoryCode=&juniorRankingType=itf&take=100&skip=900&isOrderAscending=true,2026-09-29T13:05:59.678Z
2026-09-28,F,920,800575081,Aleksandra Kachushkina,RUS,Russia,2008,97,https://www.itftennis.com/tennis/api/PlayerRankApi/GetPlayerRankings?circuitCode=JT&playerTypeCode=G&ageCategoryCode=&juniorRankingType=itf&take=100&skip=900&isOrderAscending=true,2026-09-29T13:05:59.678Z
2026-09-28,F,921,800706254,Aoi Yoshida,JPN,Japan,2011,97,https://www.itftennis.com/tennis/api/PlayerRankApi/GetPlayerRankings?circuitCode=JT&playerTypeCode=G&ageCategoryCode=&juniorRankingType=itf&take=100&skip=900&isOrderAscending=true,2026-09-29T13:05:59.678Z
2026-09-28,F,922,800674978,Antonella Esquivel Useche,COL,Colombia,2010,96.5,https://www.itftennis.com/tennis/api/PlayerRankApi/GetPlayerRankings?circuitCode=JT&playerTypeCode=G&ageCategoryCode=&juniorRankingType=itf&take=100&skip=900&isOrderAscending=true,2026-09-29T13:05:59.678Z
2026-09-28,F,923,800580088,Evelina Balaganskaya,KAZ,Kazakhstan,2009,96.25,https://www.itftennis.com/tennis/api/PlayerRankApi/GetPlayerRankings?circuitCode=JT&playerTypeCode=G&ageCategoryCode=&juniorRankingType=itf&take=100&skip=900&isOrderAscending=true,2026-09-29T13:05:59.678Z
2026-09-28,F,924,800818125,Camilla Iannece,ITA,Italy,2011,96.25,https://www.itftennis.com/tennis/api/PlayerRankApi/GetPlayerRankings?circuitCode=JT&playerTypeCode=G&ageCategoryCode=&juniorRankingType=itf&take=100&skip=900&isOrderAscending=true,2026-09-29T13:05:59.678Z
2026-09-28,F,925,800703513,Julia Debicka,POL,Poland,2011,96.25,https://www.itftennis.com/tennis/api/PlayerRankApi/GetPlayerRankings?circuitCode=JT&playerTypeCode=G&ageCategoryCode=&juniorRankingType=itf&take=100&skip=900&isOrderAscending=true,2026-09-29T13:05:59.678Z
2026-09-28,F,926,800761080,Leyla Kilgour,USA,USA,2009,96,https://www.itftennis.com/tennis/api/PlayerRankApi/GetPlayerRankings?circuitCode=JT&playerTypeCode=G&ageCategoryCode=&juniorRankingType=itf&take=100&skip=900&isOrderAscending=true,2026-09-29T13:05:59.678Z
2026-09-28,F,927,800590655,Nehir Tuna,TUR,Turkiye,2008,95.75,https://www.itftennis.com/tennis/api/PlayerRankApi/GetPlayerRankings?circuitCode=JT&playerTypeCode=G&ageCategoryCode=&juniorRankingType=itf&take=100&skip=900&isOrderAscending=true,2026-09-29T13:05:59.678Z
2026-09-28,F,928,800671905,Polina Korelova,RUS,Russia,2011,95.75,https://www.itftennis.com/tennis/api/PlayerRankApi/GetPlayerRankings?circuitCode=JT&playerTypeCode=G&ageCategoryCode=&juniorRankingType=itf&take=100&skip=900&isOrderAscending=true,2026-09-29T13:05:59.678Z
2026-09-28,F,929,800715254,Giulia Gomes Ferreira,BRA,Brazil,2009,95.5,https://www.itftennis.com/tennis/api/PlayerRankApi/GetPlayerRankings?circuitCode=JT&playerTypeCode=G&ageCategoryCode=&juniorRankingType=itf&take=100&skip=900&isOrderAscending=true,2026-09-29T13:05:59.678Z
2026-09-28,F,930,800656340,Hana Shabanpour,IRI,Iran,2010,95.5,https://www.itftennis.com/tennis/api/PlayerRankApi/GetPlayerRankings?circuitCode=JT&playerTypeCode=G&ageCategoryCode=&juniorRankingType=itf&take=100&skip=900&isOrderAscending=true,2026-09-29T13:05:59.678Z
2026-09-28,F,931,800773887,Wanbing Wang,CHN,"China, P.R.",2009,95.25,https://www.itftennis.com/tennis/api/PlayerRankApi/GetPlayerRankings?circuitCode=JT&playerTypeCode=G&ageCategoryCode=&juniorRankingType=itf&take=100&skip=900&isOrderAscending=true,2026-09-29T13:05:59.678Z
2026-09-28,F,932,800718546,Mila Ajdukovic,CAN,Canada,2011,95.25,https://www.itftennis.com/tennis/api/PlayerRankApi/GetPlayerRankings?circuitCode=JT&playerTypeCode=G&ageCategoryCode=&juniorRankingType=itf&take=100&skip=900&isOrderAscending=true,2026-09-29T13:05:59.678Z
2026-09-28,F,933,800712648,Manuela Medina,BRA,Brazil,2010,95,https://www.itftennis.com/tennis/api/PlayerRankApi/GetPlayerRankings?circuitCode=JT&playerTypeCode=G&ageCategoryCode=&juniorRankingType=itf&take=100&skip=900&isOrderAscending=true,2026-09-29T13:05:59.678Z
2026-09-28,F,934,800670597,Virginia Proietti,ITA,Italy,2008,94.75,https://www.itftennis.com/tennis/api/PlayerRankApi/GetPlayerRankings?circuitCode=JT&playerTypeCode=G&ageCategoryCode=&juniorRankingType=itf&take=100&skip=900&isOrderAscending=true,2026-09-29T13:05:59.678Z
2026-09-28,F,935,800713338,Valentina Huang,BRA,Brazil,2010,94.75,https://www.itftennis.com/tennis/api/PlayerRankApi/GetPlayerRankings?circuitCode=JT&playerTypeCode=G&ageCategoryCode=&juniorRankingType=itf&take=100&skip=900&isOrderAscending=true,2026-09-29T13:05:59.678Z
2026-09-28,F,936,800850417,Winnie Masemola,RSA,South Africa,2012,94.5,https://www.itftennis.com/tennis/api/PlayerRankApi/GetPlayerRankings?circuitCode=JT&playerTypeCode=G&ageCategoryCode=&juniorRankingType=itf&take=100&skip=900&isOrderAscending=true,2026-09-29T13:05:59.678Z
2026-09-28,F,937,800692930,Claudia Valentina Chacon,VEN,Venezuela,2010,94.5,https://www.itftennis.com/tennis/api/PlayerRankApi/GetPlayerRankings?circuitCode=JT&playerTypeCode=G&ageCategoryCode=&juniorRankingType=itf&take=100&skip=900&isOrderAscending=true,2026-09-29T13:05:59.678Z
2026-09-28,F,938,800737808,Samiye Idil Ozkeresteci,TUR,Turkiye,2011,94.5,https://www.itftennis.com/tennis/api/PlayerRankApi/GetPlayerRankings?circuitCode=JT&playerTypeCode=G&ageCategoryCode=&juniorRankingType=itf&take=100&skip=900&isOrderAscending=true,2026-09-29T13:05:59.678Z
2026-09-28,F,939,800749030,JENNA THERON,RSA,South Africa,2009,94.25,https://www.itftennis.com/tennis/api/PlayerRankApi/GetPlayerRankings?circuitCode=JT&playerTypeCode=G&ageCategoryCode=&juniorRankingType=itf&take=100&skip=900&isOrderAscending=true,2026-09-29T13:05:59.678Z
2026-09-28,F,940,800594106,Amelia Grzelak,FRA,France,2008,94.25,https://www.itftennis.com/tennis/api/PlayerRankApi/GetPlayerRankings?circuitCode=JT&playerTypeCode=G&ageCategoryCode=&juniorRankingType=itf&take=100&skip=900&isOrderAscending=true,2026-09-29T13:05:59.678Z
2026-09-28,F,941,800578826,Shahzoda Artikbaeva,UZB,Uzbekistan,2008,94.25,https://www.itftennis.com/tennis/api/PlayerRankApi/GetPlayerRankings?circuitCode=JT&playerTypeCode=G&ageCategoryCode=&juniorRankingType=itf&take=100&skip=900&isOrderAscending=true,2026-09-29T13:05:59.678Z
2026-09-28,F,942,800839459,Evelina Nicolaeva,CAN,Canada,2012,94.25,https://www.itftennis.com/tennis/api/PlayerRankApi/GetPlayerRankings?circuitCode=JT&playerTypeCode=G&ageCategoryCode=&juniorRankingType=itf&take=100&skip=900&isOrderAscending=true,2026-09-29T13:05:59.678Z
2026-09-28,F,943,800684495,Zofia Jaruga,POL,Poland,2009,94,https://www.itftennis.com/tennis/api/PlayerRankApi/GetPlayerRankings?circuitCode=JT&playerTypeCode=G&ageCategoryCode=&juniorRankingType=itf&take=100&skip=900&isOrderAscending=true,2026-09-29T13:05:59.678Z
2026-09-28,F,944,800684190,Riko Shozui,JPN,Japan,2011,94,https://www.itftennis.com/tennis/api/PlayerRankApi/GetPlayerRankings?circuitCode=JT&playerTypeCode=G&ageCategoryCode=&juniorRankingType=itf&take=100&skip=900&isOrderAscending=true,2026-09-29T13:05:59.678Z
2026-09-28,F,945,800791276,Kristina Kamolova,RUS,Russia,2010,93.75,https://www.itftennis.com/tennis/api/PlayerRankApi/GetPlayerRankings?circuitCode=JT&playerTypeCode=G&ageCategoryCode=&juniorRankingType=itf&take=100&skip=900&isOrderAscending=true,2026-09-29T13:05:59.678Z
2026-09-28,F,946,800659846,CHRYSOULA PARASKEVOPOULOU,GRE,Greece,2009,93.5,https://www.itftennis.com/tennis/api/PlayerRankApi/GetPlayerRankings?circuitCode=JT&playerTypeCode=G&ageCategoryCode=&juniorRankingType=itf&take=100&skip=900&isOrderAscending=true,2026-09-29T13:05:59.678Z
2026-09-28,F,947,800729855,Sofia Ines Alvarez Monterroso,GUA,Guatemala,2009,93.5,https://www.itftennis.com/tennis/api/PlayerRankApi/GetPlayerRankings?circuitCode=JT&playerTypeCode=G&ageCategoryCode=&juniorRankingType=itf&take=100&skip=900&isOrderAscending=true,2026-09-29T13:05:59.678Z
2026-09-28,F,948,800660676,ANGEL PATEL,IND,India,2008,93.5,https://www.itftennis.com/tennis/api/PlayerRankApi/GetPlayerRankings?circuitCode=JT&playerTypeCode=G&ageCategoryCode=&juniorRankingType=itf&take=100&skip=900&isOrderAscending=true,2026-09-29T13:05:59.678Z
2026-09-28,F,949,800790364,Pin-Tsen Chou,TPE,Chinese Taipei,2011,93.5,https://www.itftennis.com/tennis/api/PlayerRankApi/GetPlayerRankings?circuitCode=JT&playerTypeCode=G&ageCategoryCode=&juniorRankingType=itf&take=100&skip=900&isOrderAscending=true,2026-09-29T13:05:59.678Z
2026-09-28,F,950,800702208,Verica Zrnic,SRB,Serbia,2009,93,https://www.itftennis.com/tennis/api/PlayerRankApi/GetPlayerRankings?circuitCode=JT&playerTypeCode=G&ageCategoryCode=&juniorRankingType=itf&take=100&skip=900&isOrderAscending=true,2026-09-29T13:05:59.678Z
2026-09-28,F,951,800685368,Misaki Yamagishi,JPN,Japan,2009,92.75,https://www.itftennis.com/tennis/api/PlayerRankApi/GetPlayerRankings?circuitCode=JT&playerTypeCode=G&ageCategoryCode=&juniorRankingType=itf&take=100&skip=900&isOrderAscending=true,2026-09-29T13:05:59.678Z
2026-09-28,F,952,800732205,Elise Virr,AUS,Australia,2010,92.75,https://www.itftennis.com/tennis/api/PlayerRankApi/GetPlayerRankings?circuitCode=JT&playerTypeCode=G&ageCategoryCode=&juniorRankingType=itf&take=100&skip=900&isOrderAscending=true,2026-09-29T13:05:59.678Z
2026-09-28,F,953,800652322,Victoria Lacki,SWE,Sweden,2010,92.5,https://www.itftennis.com/tennis/api/PlayerRankApi/GetPlayerRankings?circuitCode=JT&playerTypeCode=G&ageCategoryCode=&juniorRankingType=itf&take=100&skip=900&isOrderAscending=true,2026-09-29T13:05:59.678Z
2026-09-28,F,954,800674468,Hanin Rebai,TUN,Tunisia,2009,92.5,https://www.itftennis.com/tennis/api/PlayerRankApi/GetPlayerRankings?circuitCode=JT&playerTypeCode=G&ageCategoryCode=&juniorRankingType=itf&take=100&skip=900&isOrderAscending=true,2026-09-29T13:05:59.678Z
2026-09-28,F,955,800709306,Maria Jose Gil Castillo,MEX,Mexico,2009,92.25,https://www.itftennis.com/tennis/api/PlayerRankApi/GetPlayerRankings?circuitCode=JT&playerTypeCode=G&ageCategoryCode=&juniorRankingType=itf&take=100&skip=900&isOrderAscending=true,2026-09-29T13:05:59.678Z
2026-09-28,F,956,800714295,Mila Angrave,GBR,Great Britain,2012,92.25,https://www.itftennis.com/tennis/api/PlayerRankApi/GetPlayerRankings?circuitCode=JT&playerTypeCode=G&ageCategoryCode=&juniorRankingType=itf&take=100&skip=900&isOrderAscending=true,2026-09-29T13:05:59.678Z
2026-09-28,F,957,800759505,Belyakova Esenia,RUS,Russia,2010,91.75,https://www.itftennis.com/tennis/api/PlayerRankApi/GetPlayerRankings?circuitCode=JT&playerTypeCode=G&ageCategoryCode=&juniorRankingType=itf&take=100&skip=900&isOrderAscending=true,2026-09-29T13:05:59.678Z
2026-09-28,F,958,800707891,Vivien Cemanova,SVK,Slovakia,2011,91.5,https://www.itftennis.com/tennis/api/PlayerRankApi/GetPlayerRankings?circuitCode=JT&playerTypeCode=G&ageCategoryCode=&juniorRankingType=itf&take=100&skip=900&isOrderAscending=true,2026-09-29T13:05:59.678Z
2026-09-28,F,959,800649417,Miia Mihailov,EST,Estonia,2009,91.25,https://www.itftennis.com/tennis/api/PlayerRankApi/GetPlayerRankings?circuitCode=JT&playerTypeCode=G&ageCategoryCode=&juniorRankingType=itf&take=100&skip=900&isOrderAscending=true,2026-09-29T13:05:59.678Z
2026-09-28,F,960,800701820,Luzie Francke,SUI,Switzerland,2011,91.25,https://www.itftennis.com/tennis/api/PlayerRankApi/GetPlayerRankings?circuitCode=JT&playerTypeCode=G&ageCategoryCode=&juniorRankingType=itf&take=100&skip=900&isOrderAscending=true,2026-09-29T13:05:59.678Z
2026-09-28,F,961,800644659,Lara Seric,CRO,Croatia,2008,91,https://www.itftennis.com/tennis/api/PlayerRankApi/GetPlayerRankings?circuitCode=JT&playerTypeCode=G&ageCategoryCode=&juniorRankingType=itf&take=100&skip=900&isOrderAscending=true,2026-09-29T13:05:59.678Z
2026-09-28,F,962,800682839,Hiu Lam Ella Wong,HKG,"Hong Kong, China",2011,91,https://www.itftennis.com/tennis/api/PlayerRankApi/GetPlayerRankings?circuitCode=JT&playerTypeCode=G&ageCategoryCode=&juniorRankingType=itf&take=100&skip=900&isOrderAscending=true,2026-09-29T13:05:59.678Z
2026-09-28,F,963,800824858,Wanyi Luo,CHN,"China, P.R.",2012,91,https://www.itftennis.com/tennis/api/PlayerRankApi/GetPlayerRankings?circuitCode=JT&playerTypeCode=G&ageCategoryCode=&juniorRankingType=itf&take=100&skip=900&isOrderAscending=true,2026-09-29T13:05:59.678Z
2026-09-28,F,964,800690436,Charlotte CORA--BRUNETON,FRA,France,2010,90.75,https://www.itftennis.com/tennis/api/PlayerRankApi/GetPlayerRankings?circuitCode=JT&playerTypeCode=G&ageCategoryCode=&juniorRankingType=itf&take=100&skip=900&isOrderAscending=true,2026-09-29T13:05:59.678Z
2026-09-28,F,965,800661059,Shaivi Gaurav Dalal,IND,India,2009,90.75,https://www.itftennis.com/tennis/api/PlayerRankApi/GetPlayerRankings?circuitCode=JT&playerTypeCode=G&ageCategoryCode=&juniorRankingType=itf&take=100&skip=900&isOrderAscending=true,2026-09-29T13:05:59.678Z
2026-09-28,F,966,800718273,Carmen Maria Munoz Botia,ESP,Spain,2011,90.5,https://www.itftennis.com/tennis/api/PlayerRankApi/GetPlayerRankings?circuitCode=JT&playerTypeCode=G&ageCategoryCode=&juniorRankingType=itf&take=100&skip=900&isOrderAscending=true,2026-09-29T13:05:59.678Z
2026-09-28,F,967,800777750,YILIN DOU,CHN,"China, P.R.",2010,90.25,https://www.itftennis.com/tennis/api/PlayerRankApi/GetPlayerRankings?circuitCode=JT&playerTypeCode=G&ageCategoryCode=&juniorRankingType=itf&take=100&skip=900&isOrderAscending=true,2026-09-29T13:05:59.678Z
2026-09-28,F,968,800600501,Katerina Oustampasidou,GRE,Greece,2009,90.25,https://www.itftennis.com/tennis/api/PlayerRankApi/GetPlayerRankings?circuitCode=JT&playerTypeCode=G&ageCategoryCode=&juniorRankingType=itf&take=100&skip=900&isOrderAscending=true,2026-09-29T13:05:59.678Z
2026-09-28,F,969,800660544,Jinnipa Trachoovanich,THA,Thailand,2010,90.25,https://www.itftennis.com/tennis/api/PlayerRankApi/GetPlayerRankings?circuitCode=JT&playerTypeCode=G&ageCategoryCode=&juniorRankingType=itf&take=100&skip=900&isOrderAscending=true,2026-09-29T13:05:59.678Z
2026-09-28,F,970,800576556,Eleejah Inisan,FRA,France,2008,90,https://www.itftennis.com/tennis/api/PlayerRankApi/GetPlayerRankings?circuitCode=JT&playerTypeCode=G&ageCategoryCode=&juniorRankingType=itf&take=100&skip=900&isOrderAscending=true,2026-09-29T13:05:59.678Z
2026-09-28,F,970,800645834,Mika Stojsavljevic,GBR,Great Britain,2008,90,https://www.itftennis.com/tennis/api/PlayerRankApi/GetPlayerRankings?circuitCode=JT&playerTypeCode=G&ageCategoryCode=&juniorRankingType=itf&take=100&skip=900&isOrderAscending=true,2026-09-29T13:05:59.678Z
2026-09-28,F,970,800621243,Luna Vujovic,SRB,Serbia,2009,90,https://www.itftennis.com/tennis/api/PlayerRankApi/GetPlayerRankings?circuitCode=JT&playerTypeCode=G&ageCategoryCode=&juniorRankingType=itf&take=100&skip=900&isOrderAscending=true,2026-09-29T13:05:59.678Z
2026-09-28,F,973,800705344,Victoria Lanteri Monaco,ITA,Italy,2011,90,https://www.itftennis.com/tennis/api/PlayerRankApi/GetPlayerRankings?circuitCode=JT&playerTypeCode=G&ageCategoryCode=&juniorRankingType=itf&take=100&skip=900&isOrderAscending=true,2026-09-29T13:05:59.678Z
2026-09-28,F,974,800746215,Shiori Garcia,ESP,Spain,2011,90,https://www.itftennis.com/tennis/api/PlayerRankApi/GetPlayerRankings?circuitCode=JT&playerTypeCode=G&ageCategoryCode=&juniorRankingType=itf&take=100&skip=900&isOrderAscending=true,2026-09-29T13:05:59.678Z
2026-09-28,F,975,800590489,Natalie Moskova,CZE,Czechia,2008,89.75,https://www.itftennis.com/tennis/api/PlayerRankApi/GetPlayerRankings?circuitCode=JT&playerTypeCode=G&ageCategoryCode=&juniorRankingType=itf&take=100&skip=900&isOrderAscending=true,2026-09-29T13:05:59.678Z
2026-09-28,F,976,800748575,Sofiya Malysheva,KAZ,Kazakhstan,2011,89.75,https://www.itftennis.com/tennis/api/PlayerRankApi/GetPlayerRankings?circuitCode=JT&playerTypeCode=G&ageCategoryCode=&juniorRankingType=itf&take=100&skip=900&isOrderAscending=true,2026-09-29T13:05:59.678Z
2026-09-28,F,977,800763217,Natasha Jerkunica,USA,USA,2009,89.75,https://www.itftennis.com/tennis/api/PlayerRankApi/GetPlayerRankings?circuitCode=JT&playerTypeCode=G&ageCategoryCode=&juniorRankingType=itf&take=100&skip=900&isOrderAscending=true,2026-09-29T13:05:59.678Z
2026-09-28,F,978,800683564,Sarah Delgado,USA,USA,2008,89.75,https://www.itftennis.com/tennis/api/PlayerRankApi/GetPlayerRankings?circuitCode=JT&playerTypeCode=G&ageCategoryCode=&juniorRankingType=itf&take=100&skip=900&isOrderAscending=true,2026-09-29T13:05:59.678Z
2026-09-28,F,979,800704143,Layla Notta,CAN,Canada,2008,89.25,https://www.itftennis.com/tennis/api/PlayerRankApi/GetPlayerRankings?circuitCode=JT&playerTypeCode=G&ageCategoryCode=&juniorRankingType=itf&take=100&skip=900&isOrderAscending=true,2026-09-29T13:05:59.678Z
2026-09-28,F,980,800710476,Aahida Singh,IND,India,2010,89.25,https://www.itftennis.com/tennis/api/PlayerRankApi/GetPlayerRankings?circuitCode=JT&playerTypeCode=G&ageCategoryCode=&juniorRankingType=itf&take=100&skip=900&isOrderAscending=true,2026-09-29T13:05:59.678Z
2026-09-28,F,981,800645910,Laurence Demers,CAN,Canada,2009,89,https://www.itftennis.com/tennis/api/PlayerRankApi/GetPlayerRankings?circuitCode=JT&playerTypeCode=G&ageCategoryCode=&juniorRankingType=itf&take=100&skip=900&isOrderAscending=true,2026-09-29T13:05:59.678Z
2026-09-28,F,982,800763361,Lyla Messler,USA,USA,2008,88.75,https://www.itftennis.com/tennis/api/PlayerRankApi/GetPlayerRankings?circuitCode=JT&playerTypeCode=G&ageCategoryCode=&juniorRankingType=itf&take=100&skip=900&isOrderAscending=true,2026-09-29T13:05:59.678Z
2026-09-28,F,983,800675786,Tanishka Naveen,GBR,Great Britain,2011,88.75,https://www.itftennis.com/tennis/api/PlayerRankApi/GetPlayerRankings?circuitCode=JT&playerTypeCode=G&ageCategoryCode=&juniorRankingType=itf&take=100&skip=900&isOrderAscending=true,2026-09-29T13:05:59.678Z
2026-09-28,F,984,800725391,Margareth Keref,NOR,Norway,2008,88.5,https://www.itftennis.com/tennis/api/PlayerRankApi/GetPlayerRankings?circuitCode=JT&playerTypeCode=G&ageCategoryCode=&juniorRankingType=itf&take=100&skip=900&isOrderAscending=true,2026-09-29T13:05:59.678Z
2026-09-28,F,985,800730546,Amy Gray,AUS,Australia,2009,88.25,https://www.itftennis.com/tennis/api/PlayerRankApi/GetPlayerRankings?circuitCode=JT&playerTypeCode=G&ageCategoryCode=&juniorRankingType=itf&take=100&skip=900&isOrderAscending=true,2026-09-29T13:05:59.678Z
2026-09-28,F,986,800694497,Ailyn Leon,PER,Peru,2009,88.25,https://www.itftennis.com/tennis/api/PlayerRankApi/GetPlayerRankings?circuitCode=JT&playerTypeCode=G&ageCategoryCode=&juniorRankingType=itf&take=100&skip=900&isOrderAscending=true,2026-09-29T13:05:59.678Z
2026-09-28,F,987,800632405,YI ZHUO DONG,SGP,Singapore,2009,88.25,https://www.itftennis.com/tennis/api/PlayerRankApi/GetPlayerRankings?circuitCode=JT&playerTypeCode=G&ageCategoryCode=&juniorRankingType=itf&take=100&skip=900&isOrderAscending=true,2026-09-29T13:05:59.678Z
2026-09-28,F,988,800728507,Elena Manoj,AUS,Australia,2009,88.25,https://www.itftennis.com/tennis/api/PlayerRankApi/GetPlayerRankings?circuitCode=JT&playerTypeCode=G&ageCategoryCode=&juniorRankingType=itf&take=100&skip=900&isOrderAscending=true,2026-09-29T13:05:59.678Z
2026-09-28,F,989,800713179,Julia Ehrenberger,AUT,Austria,2011,88,https://www.itftennis.com/tennis/api/PlayerRankApi/GetPlayerRankings?circuitCode=JT&playerTypeCode=G&ageCategoryCode=&juniorRankingType=itf&take=100&skip=900&isOrderAscending=true,2026-09-29T13:05:59.678Z
2026-09-28,F,990,800725217,Karthika Padmakumar,IND,India,2011,88,https://www.itftennis.com/tennis/api/PlayerRankApi/GetPlayerRankings?circuitCode=JT&playerTypeCode=G&ageCategoryCode=&juniorRankingType=itf&take=100&skip=900&isOrderAscending=true,2026-09-29T13:05:59.678Z
2026-09-28,F,991,800733279,Antonina Zielinska,POL,Poland,2011,88,https://www.itftennis.com/tennis/api/PlayerRankApi/GetPlayerRankings?circuitCode=JT&playerTypeCode=G&ageCategoryCode=&juniorRankingType=itf&take=100&skip=900&isOrderAscending=true,2026-09-29T13:05:59.678Z
2026-09-28,F,992,800650447,A Hyun Jo,KOR,"Korea, Rep.",2009,88,https://www.itftennis.com/tennis/api/PlayerRankApi/GetPlayerRankings?circuitCode=JT&playerTypeCode=G&ageCategoryCode=&juniorRankingType=itf&take=100&skip=900&isOrderAscending=true,2026-09-29T13:05:59.678Z
2026-09-28,F,993,800672091,Giselle Isabella Guillen,AUS,Australia,2008,88,https://www.itftennis.com/tennis/api/PlayerRankApi/GetPlayerRankings?circuitCode=JT&playerTypeCode=G&ageCategoryCode=&juniorRankingType=itf&take=100&skip=900&isOrderAscending=true,2026-09-29T13:05:59.678Z
2026-09-28,F,994,800630416,Giulia Russo,ITA,Italy,2008,87.75,https://www.itftennis.com/tennis/api/PlayerRankApi/GetPlayerRankings?circuitCode=JT&playerTypeCode=G&ageCategoryCode=&juniorRankingType=itf&take=100&skip=900&isOrderAscending=true,2026-09-29T13:05:59.678Z
2026-09-28,F,995,800659390,Phitchayaphak Srimuk,THA,Thailand,2009,87.75,https://www.itftennis.com/tennis/api/PlayerRankApi/GetPlayerRankings?circuitCode=JT&playerTypeCode=G&ageCategoryCode=&juniorRankingType=itf&take=100&skip=900&isOrderAscending=true,2026-09-29T13:05:59.678Z
2026-09-28,F,996,800791049,Reena Alavalapati,USA,USA,2011,87.75,https://www.itftennis.com/tennis/api/PlayerRankApi/GetPlayerRankings?circuitCode=JT&playerTypeCode=G&ageCategoryCode=&juniorRankingType=itf&take=100&skip=900&isOrderAscending=true,2026-09-29T13:05:59.678Z
2026-09-28,F,997,800639223,Luisa Fusil,SLO,Slovenia,2009,87.5,https://www.itftennis.com/tennis/api/PlayerRankApi/GetPlayerRankings?circuitCode=JT&playerTypeCode=G&ageCategoryCode=&juniorRankingType=itf&take=100&skip=900&isOrderAscending=true,2026-09-29T13:05:59.678Z
2026-09-28,F,998,800681395,Muslimakhon Turdimurodova,UZB,Uzbekistan,2011,87.5,https://www.itftennis.com/tennis/api/PlayerRankApi/GetPlayerRankings?circuitCode=JT&playerTypeCode=G&ageCategoryCode=&juniorRankingType=itf&take=100&skip=900&isOrderAscending=true,2026-09-29T13:05:59.678Z
2026-09-28,F,999,800713377,Amelie Tvrzska,CZE,Czechia,2011,87.5,https://www.itftennis.com/tennis/api/PlayerRankApi/GetPlayerRankings?circuitCode=JT&playerTypeCode=G&ageCategoryCode=&juniorRankingType=itf&take=100&skip=900&isOrderAscending=true,2026-09-29T13:05:59.678Z
2026-09-28,F,1000,800791546,Catalina Porre,CHI,Chile,2010,87.5,https://www.itftennis.com/tennis/api/PlayerRankApi/GetPlayerRankings?circuitCode=JT&playerTypeCode=G&ageCategoryCode=&juniorRankingType=itf&take=100&skip=900&isOrderAscending=true,2026-09-29T13:05:59.678Z
2026-09-28,F,1001,800733278,Lea Gombarikova,SVK,Slovakia,2010,87.5,https://www.itftennis.com/tennis/api/PlayerRankApi/GetPlayerRankings?circuitCode=JT&playerTypeCode=G&ageCategoryCode=&juniorRankingType=itf&take=100&skip=1000&isOrderAscending=true,2026-09-29T13:06:14.830Z
2026-09-28,F,1002,800719515,Charlotte Perks,GBR,Great Britain,2009,87.5,https://www.itftennis.com/tennis/api/PlayerRankApi/GetPlayerRankings?circuitCode=JT&playerTypeCode=G&ageCategoryCode=&juniorRankingType=itf&take=100&skip=1000&isOrderAscending=true,2026-09-29T13:06:14.830Z
2026-09-28,F,1003,800667246,Lara Savic,GBR,Great Britain,2009,87.25,https://www.itftennis.com/tennis/api/PlayerRankApi/GetPlayerRankings?circuitCode=JT&playerTypeCode=G&ageCategoryCode=&juniorRankingType=itf&take=100&skip=1000&isOrderAscending=true,2026-09-29T13:06:14.830Z
2026-09-28,F,1004,800665081,Madinakhon Salidjanova,UZB,Uzbekistan,2010,87.25,https://www.itftennis.com/tennis/api/PlayerRankApi/GetPlayerRankings?circuitCode=JT&playerTypeCode=G&ageCategoryCode=&juniorRankingType=itf&take=100&skip=1000&isOrderAscending=true,2026-09-29T13:06:14.830Z
2026-09-28,F,1005,800579128,Anna Huisgen,FRA,France,2008,87.25,https://www.itftennis.com/tennis/api/PlayerRankApi/GetPlayerRankings?circuitCode=JT&playerTypeCode=G&ageCategoryCode=&juniorRankingType=itf&take=100&skip=1000&isOrderAscending=true,2026-09-29T13:06:14.830Z
2026-09-28,F,1006,800663602,Zoe Cheyenne Heins,LUX,Luxembourg,2010,87,https://www.itftennis.com/tennis/api/PlayerRankApi/GetPlayerRankings?circuitCode=JT&playerTypeCode=G&ageCategoryCode=&juniorRankingType=itf&take=100&skip=1000&isOrderAscending=true,2026-09-29T13:06:14.830Z
2026-09-28,F,1007,800723308,Romana Dekanova,SVK,Slovakia,2011,87,https://www.itftennis.com/tennis/api/PlayerRankApi/GetPlayerRankings?circuitCode=JT&playerTypeCode=G&ageCategoryCode=&juniorRankingType=itf&take=100&skip=1000&isOrderAscending=true,2026-09-29T13:06:14.830Z
2026-09-28,F,1008,800694674,Aleksandra Zaplawa,POL,Poland,2010,87,https://www.itftennis.com/tennis/api/PlayerRankApi/GetPlayerRankings?circuitCode=JT&playerTypeCode=G&ageCategoryCode=&juniorRankingType=itf&take=100&skip=1000&isOrderAscending=true,2026-09-29T13:06:14.830Z
2026-09-28,F,1009,800796351,Luciana Roa Munevar,COL,Colombia,2013,87,https://www.itftennis.com/tennis/api/PlayerRankApi/GetPlayerRankings?circuitCode=JT&playerTypeCode=G&ageCategoryCode=&juniorRankingType=itf&take=100&skip=1000&isOrderAscending=true,2026-09-29T13:06:14.830Z
2026-09-28,F,1010,800668581,Luiza Viesi Santoro Pereira,BRA,Brazil,2009,86.5,https://www.itftennis.com/tennis/api/PlayerRankApi/GetPlayerRankings?circuitCode=JT&playerTypeCode=G&ageCategoryCode=&juniorRankingType=itf&take=100&skip=1000&isOrderAscending=true,2026-09-29T13:06:14.830Z
2026-09-28,F,1011,800714003,Zaire Clarke,USA,USA,2009,86.25,https://www.itftennis.com/tennis/api/PlayerRankApi/GetPlayerRankings?circuitCode=JT&playerTypeCode=G&ageCategoryCode=&juniorRankingType=itf&take=100&skip=1000&isOrderAscending=true,2026-09-29T13:06:14.830Z
2026-09-28,F,1012,800684731,Maribel Aguilar Gasperin,MEX,Mexico,2008,86.25,https://www.itftennis.com/tennis/api/PlayerRankApi/GetPlayerRankings?circuitCode=JT&playerTypeCode=G&ageCategoryCode=&juniorRankingType=itf&take=100&skip=1000&isOrderAscending=true,2026-09-29T13:06:14.830Z
2026-09-28,F,1013,800668317,Tiana Vrajitoriu,ROU,Romania,2010,86,https://www.itftennis.com/tennis/api/PlayerRankApi/GetPlayerRankings?circuitCode=JT&playerTypeCode=G&ageCategoryCode=&juniorRankingType=itf&take=100&skip=1000&isOrderAscending=true,2026-09-29T13:06:14.830Z
2026-09-28,F,1014,800757968,Alexandra Sasha Miroshnichenko,USA,USA,2009,86,https://www.itftennis.com/tennis/api/PlayerRankApi/GetPlayerRankings?circuitCode=JT&playerTypeCode=G&ageCategoryCode=&juniorRankingType=itf&take=100&skip=1000&isOrderAscending=true,2026-09-29T13:06:14.830Z
2026-09-28,F,1015,800683069,JUSTYNA REIFOVA,CZE,Czechia,2011,85.5,https://www.itftennis.com/tennis/api/PlayerRankApi/GetPlayerRankings?circuitCode=JT&playerTypeCode=G&ageCategoryCode=&juniorRankingType=itf&take=100&skip=1000&isOrderAscending=true,2026-09-29T13:06:14.830Z
2026-09-28,F,1016,800760436,Winner Gakpo,TOG,Togo,2010,85.25,https://www.itftennis.com/tennis/api/PlayerRankApi/GetPlayerRankings?circuitCode=JT&playerTypeCode=G&ageCategoryCode=&juniorRankingType=itf&take=100&skip=1000&isOrderAscending=true,2026-09-29T13:06:14.830Z
2026-09-28,F,1017,800788386,Minenhle Moyo,ZIM,Zimbabwe,2010,85.25,https://www.itftennis.com/tennis/api/PlayerRankApi/GetPlayerRankings?circuitCode=JT&playerTypeCode=G&ageCategoryCode=&juniorRankingType=itf&take=100&skip=1000&isOrderAscending=true,2026-09-29T13:06:14.830Z
2026-09-28,F,1018,800748016,kano imai,JPN,Japan,2011,85.25,https://www.itftennis.com/tennis/api/PlayerRankApi/GetPlayerRankings?circuitCode=JT&playerTypeCode=G&ageCategoryCode=&juniorRankingType=itf&take=100&skip=1000&isOrderAscending=true,2026-09-29T13:06:14.830Z
2026-09-28,F,1019,800802281,Emna Mathlouthi,TUN,Tunisia,2011,85,https://www.itftennis.com/tennis/api/PlayerRankApi/GetPlayerRankings?circuitCode=JT&playerTypeCode=G&ageCategoryCode=&juniorRankingType=itf&take=100&skip=1000&isOrderAscending=true,2026-09-29T13:06:14.830Z
2026-09-28,F,1020,800805939,Mariia Sosunova,RUS,Russia,2010,85,https://www.itftennis.com/tennis/api/PlayerRankApi/GetPlayerRankings?circuitCode=JT&playerTypeCode=G&ageCategoryCode=&juniorRankingType=itf&take=100&skip=1000&isOrderAscending=true,2026-09-29T13:06:14.830Z
2026-09-28,F,1021,800760975,Zarina Faizrakhmanova,RUS,Russia,2011,85,https://www.itftennis.com/tennis/api/PlayerRankApi/GetPlayerRankings?circuitCode=JT&playerTypeCode=G&ageCategoryCode=&juniorRankingType=itf&take=100&skip=1000&isOrderAscending=true,2026-09-29T13:06:14.830Z
2026-09-28,F,1022,800723532,Saraswati Gowda,USA,USA,2011,85,https://www.itftennis.com/tennis/api/PlayerRankApi/GetPlayerRankings?circuitCode=JT&playerTypeCode=G&ageCategoryCode=&juniorRankingType=itf&take=100&skip=1000&isOrderAscending=true,2026-09-29T13:06:14.830Z
2026-09-28,F,1023,800636886,Gabriela Agra Amorim,POR,Portugal,2009,84.75,https://www.itftennis.com/tennis/api/PlayerRankApi/GetPlayerRankings?circuitCode=JT&playerTypeCode=G&ageCategoryCode=&juniorRankingType=itf&take=100&skip=1000&isOrderAscending=true,2026-09-29T13:06:14.830Z
2026-09-28,F,1024,800876911,Avita Beitler,USA,USA,2010,84.75,https://www.itftennis.com/tennis/api/PlayerRankApi/GetPlayerRankings?circuitCode=JT&playerTypeCode=G&ageCategoryCode=&juniorRankingType=itf&take=100&skip=1000&isOrderAscending=true,2026-09-29T13:06:14.830Z
2026-09-28,F,1025,800724452,Renee Huang,CAN,Canada,2009,84.75,https://www.itftennis.com/tennis/api/PlayerRankApi/GetPlayerRankings?circuitCode=JT&playerTypeCode=G&ageCategoryCode=&juniorRankingType=itf&take=100&skip=1000&isOrderAscending=true,2026-09-29T13:06:14.830Z
2026-09-28,F,1026,800663857,Celine Ricaud,GBR,Great Britain,2009,84.5,https://www.itftennis.com/tennis/api/PlayerRankApi/GetPlayerRankings?circuitCode=JT&playerTypeCode=G&ageCategoryCode=&juniorRankingType=itf&take=100&skip=1000&isOrderAscending=true,2026-09-29T13:06:14.830Z
2026-09-28,F,1027,800781803,Yihan Liu,CHN,"China, P.R.",2011,84.25,https://www.itftennis.com/tennis/api/PlayerRankApi/GetPlayerRankings?circuitCode=JT&playerTypeCode=G&ageCategoryCode=&juniorRankingType=itf&take=100&skip=1000&isOrderAscending=true,2026-09-29T13:06:14.830Z
2026-09-28,F,1028,800741112,Reagan Stanley,MEX,Mexico,2010,84.25,https://www.itftennis.com/tennis/api/PlayerRankApi/GetPlayerRankings?circuitCode=JT&playerTypeCode=G&ageCategoryCode=&juniorRankingType=itf&take=100&skip=1000&isOrderAscending=true,2026-09-29T13:06:14.830Z
2026-09-28,F,1029,800778109,Noor Elmalt,EGY,Egypt,2011,84,https://www.itftennis.com/tennis/api/PlayerRankApi/GetPlayerRankings?circuitCode=JT&playerTypeCode=G&ageCategoryCode=&juniorRankingType=itf&take=100&skip=1000&isOrderAscending=true,2026-09-29T13:06:14.830Z
2026-09-28,F,1030,800597557,Ye Eun Park,KOR,"Korea, Rep.",2008,84,https://www.itftennis.com/tennis/api/PlayerRankApi/GetPlayerRankings?circuitCode=JT&playerTypeCode=G&ageCategoryCode=&juniorRankingType=itf&take=100&skip=1000&isOrderAscending=true,2026-09-29T13:06:14.830Z
2026-09-28,F,1031,800697782,Daphne Lovdahl,GBR,Great Britain,2010,84,https://www.itftennis.com/tennis/api/PlayerRankApi/GetPlayerRankings?circuitCode=JT&playerTypeCode=G&ageCategoryCode=&juniorRankingType=itf&take=100&skip=1000&isOrderAscending=true,2026-09-29T13:06:14.830Z
2026-09-28,F,1032,800689938,Mariia Maltseva,RUS,Russia,2011,84,https://www.itftennis.com/tennis/api/PlayerRankApi/GetPlayerRankings?circuitCode=JT&playerTypeCode=G&ageCategoryCode=&juniorRankingType=itf&take=100&skip=1000&isOrderAscending=true,2026-09-29T13:06:14.830Z
2026-09-28,F,1033,800713249,Leonie Vivienne Epper,SUI,Switzerland,2011,83.75,https://www.itftennis.com/tennis/api/PlayerRankApi/GetPlayerRankings?circuitCode=JT&playerTypeCode=G&ageCategoryCode=&juniorRankingType=itf&take=100&skip=1000&isOrderAscending=true,2026-09-29T13:06:14.830Z
2026-09-28,F,1034,800803312,Arya Akkoyun,TUR,Turkiye,2011,83.75,https://www.itftennis.com/tennis/api/PlayerRankApi/GetPlayerRankings?circuitCode=JT&playerTypeCode=G&ageCategoryCode=&juniorRankingType=itf&take=100&skip=1000&isOrderAscending=true,2026-09-29T13:06:14.830Z
2026-09-28,F,1035,800706743,Stefi Marithe Aludo,PHI,Philippines,2008,83.75,https://www.itftennis.com/tennis/api/PlayerRankApi/GetPlayerRankings?circuitCode=JT&playerTypeCode=G&ageCategoryCode=&juniorRankingType=itf&take=100&skip=1000&isOrderAscending=true,2026-09-29T13:06:14.830Z
2026-09-28,F,1036,800797314,Yingxuan Zhong,CHN,"China, P.R.",2009,83.5,https://www.itftennis.com/tennis/api/PlayerRankApi/GetPlayerRankings?circuitCode=JT&playerTypeCode=G&ageCategoryCode=&juniorRankingType=itf&take=100&skip=1000&isOrderAscending=true,2026-09-29T13:06:14.830Z
2026-09-28,F,1037,800775742,Zihao Han,CHN,"China, P.R.",2011,83.5,https://www.itftennis.com/tennis/api/PlayerRankApi/GetPlayerRankings?circuitCode=JT&playerTypeCode=G&ageCategoryCode=&juniorRankingType=itf&take=100&skip=1000&isOrderAscending=true,2026-09-29T13:06:14.830Z
2026-09-28,F,1038,800655017,Valeriya Isaeva,RUS,Russia,2010,83.5,https://www.itftennis.com/tennis/api/PlayerRankApi/GetPlayerRankings?circuitCode=JT&playerTypeCode=G&ageCategoryCode=&juniorRankingType=itf&take=100&skip=1000&isOrderAscending=true,2026-09-29T13:06:14.830Z
2026-09-28,F,1039,800655628,Anna Wright,GBR,Great Britain,2010,83.5,https://www.itftennis.com/tennis/api/PlayerRankApi/GetPlayerRankings?circuitCode=JT&playerTypeCode=G&ageCategoryCode=&juniorRankingType=itf&take=100&skip=1000&isOrderAscending=true,2026-09-29T13:06:14.830Z
2026-09-28,F,1040,800632241,Anna Kmiecik,POL,Poland,2008,83.25,https://www.itftennis.com/tennis/api/PlayerRankApi/GetPlayerRankings?circuitCode=JT&playerTypeCode=G&ageCategoryCode=&juniorRankingType=itf&take=100&skip=1000&isOrderAscending=true,2026-09-29T13:06:14.830Z
2026-09-28,F,1041,800647015,Lara Quaglia,ARG,Argentina,2008,83.25,https://www.itftennis.com/tennis/api/PlayerRankApi/GetPlayerRankings?circuitCode=JT&playerTypeCode=G&ageCategoryCode=&juniorRankingType=itf&take=100&skip=1000&isOrderAscending=true,2026-09-29T13:06:14.830Z
2026-09-28,F,1042,800653267,Mina Markovic,SRB,Serbia,2009,83.25,https://www.itftennis.com/tennis/api/PlayerRankApi/GetPlayerRankings?circuitCode=JT&playerTypeCode=G&ageCategoryCode=&juniorRankingType=itf&take=100&skip=1000&isOrderAscending=true,2026-09-29T13:06:14.830Z
2026-09-28,F,1043,800721195,Maria Ines Leon,MEX,Mexico,2009,83.25,https://www.itftennis.com/tennis/api/PlayerRankApi/GetPlayerRankings?circuitCode=JT&playerTypeCode=G&ageCategoryCode=&juniorRankingType=itf&take=100&skip=1000&isOrderAscending=true,2026-09-29T13:06:14.830Z
2026-09-28,F,1044,800603746,Kornelia Krzesniak,POL,Poland,2008,83.25,https://www.itftennis.com/tennis/api/PlayerRankApi/GetPlayerRankings?circuitCode=JT&playerTypeCode=G&ageCategoryCode=&juniorRankingType=itf&take=100&skip=1000&isOrderAscending=true,2026-09-29T13:06:14.830Z
2026-09-28,F,1045,800639000,Daria Lokotkova,RUS,Russia,2009,83.25,https://www.itftennis.com/tennis/api/PlayerRankApi/GetPlayerRankings?circuitCode=JT&playerTypeCode=G&ageCategoryCode=&juniorRankingType=itf&take=100&skip=1000&isOrderAscending=true,2026-09-29T13:06:14.830Z
2026-09-28,F,1046,800792191,Jiayi Lu,CHN,"China, P.R.",2011,83,https://www.itftennis.com/tennis/api/PlayerRankApi/GetPlayerRankings?circuitCode=JT&playerTypeCode=G&ageCategoryCode=&juniorRankingType=itf&take=100&skip=1000&isOrderAscending=true,2026-09-29T13:06:14.830Z
2026-09-28,F,1047,800798000,Melek Gamaoun,TUN,Tunisia,2011,83,https://www.itftennis.com/tennis/api/PlayerRankApi/GetPlayerRankings?circuitCode=JT&playerTypeCode=G&ageCategoryCode=&juniorRankingType=itf&take=100&skip=1000&isOrderAscending=true,2026-09-29T13:06:14.830Z
2026-09-28,F,1048,800814032,Dari Duskova,CZE,Czechia,2010,82.75,https://www.itftennis.com/tennis/api/PlayerRankApi/GetPlayerRankings?circuitCode=JT&playerTypeCode=G&ageCategoryCode=&juniorRankingType=itf&take=100&skip=1000&isOrderAscending=true,2026-09-29T13:06:14.830Z
2026-09-28,F,1049,800657242,Teodora Sfirnaciuc,ROU,Romania,2010,82.5,https://www.itftennis.com/tennis/api/PlayerRankApi/GetPlayerRankings?circuitCode=JT&playerTypeCode=G&ageCategoryCode=&juniorRankingType=itf&take=100&skip=1000&isOrderAscending=true,2026-09-29T13:06:14.830Z
2026-09-28,F,1050,800714611,Maria Terpelyuk,RUS,Russia,2012,82.25,https://www.itftennis.com/tennis/api/PlayerRankApi/GetPlayerRankings?circuitCode=JT&playerTypeCode=G&ageCategoryCode=&juniorRankingType=itf&take=100&skip=1000&isOrderAscending=true,2026-09-29T13:06:14.830Z
2026-09-28,F,1051,800677956,Emery June Martin,USA,USA,2009,82,https://www.itftennis.com/tennis/api/PlayerRankApi/GetPlayerRankings?circuitCode=JT&playerTypeCode=G&ageCategoryCode=&juniorRankingType=itf&take=100&skip=1000&isOrderAscending=true,2026-09-29T13:06:14.830Z
2026-09-28,F,1052,800659485,Asia Basiletti,ITA,Italy,2009,82,https://www.itftennis.com/tennis/api/PlayerRankApi/GetPlayerRankings?circuitCode=JT&playerTypeCode=G&ageCategoryCode=&juniorRankingType=itf&take=100&skip=1000&isOrderAscending=true,2026-09-29T13:06:14.830Z
2026-09-28,F,1053,800595627,Alice Haddad,GBR,Great Britain,2008,82,https://www.itftennis.com/tennis/api/PlayerRankApi/GetPlayerRankings?circuitCode=JT&playerTypeCode=G&ageCategoryCode=&juniorRankingType=itf&take=100&skip=1000&isOrderAscending=true,2026-09-29T13:06:14.830Z
2026-09-28,F,1054,800739740,Isabella Moreno,ITA,Italy,2011,82,https://www.itftennis.com/tennis/api/PlayerRankApi/GetPlayerRankings?circuitCode=JT&playerTypeCode=G&ageCategoryCode=&juniorRankingType=itf&take=100&skip=1000&isOrderAscending=true,2026-09-29T13:06:14.830Z
2026-09-28,F,1055,800788268,Piyushi Bandara,AUS,Australia,2011,81.75,https://www.itftennis.com/tennis/api/PlayerRankApi/GetPlayerRankings?circuitCode=JT&playerTypeCode=G&ageCategoryCode=&juniorRankingType=itf&take=100&skip=1000&isOrderAscending=true,2026-09-29T13:06:14.830Z
2026-09-28,F,1056,800677398,Barbora Matouskova,CZE,Czechia,2008,81.5,https://www.itftennis.com/tennis/api/PlayerRankApi/GetPlayerRankings?circuitCode=JT&playerTypeCode=G&ageCategoryCode=&juniorRankingType=itf&take=100&skip=1000&isOrderAscending=true,2026-09-29T13:06:14.830Z
2026-09-28,F,1057,800763901,Vitoria Zuccon,BRA,Brazil,2009,81.25,https://www.itftennis.com/tennis/api/PlayerRankApi/GetPlayerRankings?circuitCode=JT&playerTypeCode=G&ageCategoryCode=&juniorRankingType=itf&take=100&skip=1000&isOrderAscending=true,2026-09-29T13:06:14.830Z
2026-09-28,F,1058,800781341,Lumi Cho Kusano,SUI,Switzerland,2010,81.25,https://www.itftennis.com/tennis/api/PlayerRankApi/GetPlayerRankings?circuitCode=JT&playerTypeCode=G&ageCategoryCode=&juniorRankingType=itf&take=100&skip=1000&isOrderAscending=true,2026-09-29T13:06:14.830Z
2026-09-28,F,1059,800749548,Gabriela Carvalho Bettoni,BRA,Brazil,2011,81.25,https://www.itftennis.com/tennis/api/PlayerRankApi/GetPlayerRankings?circuitCode=JT&playerTypeCode=G&ageCategoryCode=&juniorRankingType=itf&take=100&skip=1000&isOrderAscending=true,2026-09-29T13:06:14.830Z
2026-09-28,F,1060,800671782,DIONISIA KOUKOULI,GRE,Greece,2011,81.25,https://www.itftennis.com/tennis/api/PlayerRankApi/GetPlayerRankings?circuitCode=JT&playerTypeCode=G&ageCategoryCode=&juniorRankingType=itf&take=100&skip=1000&isOrderAscending=true,2026-09-29T13:06:14.830Z
2026-09-28,F,1061,800640427,Mila Jepkes,NED,Netherlands,2008,81.25,https://www.itftennis.com/tennis/api/PlayerRankApi/GetPlayerRankings?circuitCode=JT&playerTypeCode=G&ageCategoryCode=&juniorRankingType=itf&take=100&skip=1000&isOrderAscending=true,2026-09-29T13:06:14.830Z
2026-09-28,F,1062,800693386,Emily Golovanov,USA,USA,2008,81,https://www.itftennis.com/tennis/api/PlayerRankApi/GetPlayerRankings?circuitCode=JT&playerTypeCode=G&ageCategoryCode=&juniorRankingType=itf&take=100&skip=1000&isOrderAscending=true,2026-09-29T13:06:14.830Z
2026-09-28,F,1063,800735013,Julia Berke,POL,Poland,2011,81,https://www.itftennis.com/tennis/api/PlayerRankApi/GetPlayerRankings?circuitCode=JT&playerTypeCode=G&ageCategoryCode=&juniorRankingType=itf&take=100&skip=1000&isOrderAscending=true,2026-09-29T13:06:14.830Z
2026-09-28,F,1064,800790174,Brielle Amey,CAN,Canada,2012,81,https://www.itftennis.com/tennis/api/PlayerRankApi/GetPlayerRankings?circuitCode=JT&playerTypeCode=G&ageCategoryCode=&juniorRankingType=itf&take=100&skip=1000&isOrderAscending=true,2026-09-29T13:06:14.830Z
2026-09-28,F,1065,800679396,Emma Brandt Schultz,DEN,Denmark,2009,81,https://www.itftennis.com/tennis/api/PlayerRankApi/GetPlayerRankings?circuitCode=JT&playerTypeCode=G&ageCategoryCode=&juniorRankingType=itf&take=100&skip=1000&isOrderAscending=true,2026-09-29T13:06:14.830Z
2026-09-28,F,1066,800865488,Sarah Katherine Goodwin,USA,USA,2011,80.75,https://www.itftennis.com/tennis/api/PlayerRankApi/GetPlayerRankings?circuitCode=JT&playerTypeCode=G&ageCategoryCode=&juniorRankingType=itf&take=100&skip=1000&isOrderAscending=true,2026-09-29T13:06:14.830Z
2026-09-28,F,1067,800747738,Filippa Eckersten,SWE,Sweden,2010,80.75,https://www.itftennis.com/tennis/api/PlayerRankApi/GetPlayerRankings?circuitCode=JT&playerTypeCode=G&ageCategoryCode=&juniorRankingType=itf&take=100&skip=1000&isOrderAscending=true,2026-09-29T13:06:14.830Z
2026-09-28,F,1068,800631884,Eva-Vlada Anicina-Dzhygurda,FRA,France,2010,80.5,https://www.itftennis.com/tennis/api/PlayerRankApi/GetPlayerRankings?circuitCode=JT&playerTypeCode=G&ageCategoryCode=&juniorRankingType=itf&take=100&skip=1000&isOrderAscending=true,2026-09-29T13:06:14.830Z
2026-09-28,F,1069,800654848,anna orlando pellicero,ESP,Spain,2009,80,https://www.itftennis.com/tennis/api/PlayerRankApi/GetPlayerRankings?circuitCode=JT&playerTypeCode=G&ageCategoryCode=&juniorRankingType=itf&take=100&skip=1000&isOrderAscending=true,2026-09-29T13:06:14.830Z
2026-09-28,F,1070,800646745,SEOJIN LEE,KOR,"Korea, Rep.",2009,79.75,https://www.itftennis.com/tennis/api/PlayerRankApi/GetPlayerRankings?circuitCode=JT&playerTypeCode=G&ageCategoryCode=&juniorRankingType=itf&take=100&skip=1000&isOrderAscending=true,2026-09-29T13:06:14.830Z
2026-09-28,F,1071,800602152,Sophia Bergqvist,DEN,Denmark,2008,79.5,https://www.itftennis.com/tennis/api/PlayerRankApi/GetPlayerRankings?circuitCode=JT&playerTypeCode=G&ageCategoryCode=&juniorRankingType=itf&take=100&skip=1000&isOrderAscending=true,2026-09-29T13:06:14.830Z
2026-09-28,F,1072,800702697,Yuhansa Peiris,SRI,Sri Lanka,2010,79.5,https://www.itftennis.com/tennis/api/PlayerRankApi/GetPlayerRankings?circuitCode=JT&playerTypeCode=G&ageCategoryCode=&juniorRankingType=itf&take=100&skip=1000&isOrderAscending=true,2026-09-29T13:06:14.830Z
2026-09-28,F,1073,800604242,Karina Maria Capuzu,ROU,Romania,2009,79.5,https://www.itftennis.com/tennis/api/PlayerRankApi/GetPlayerRankings?circuitCode=JT&playerTypeCode=G&ageCategoryCode=&juniorRankingType=itf&take=100&skip=1000&isOrderAscending=true,2026-09-29T13:06:14.830Z
2026-09-28,F,1074,800709933,Giulia Luchetti,ITA,Italy,2012,79.25,https://www.itftennis.com/tennis/api/PlayerRankApi/GetPlayerRankings?circuitCode=JT&playerTypeCode=G&ageCategoryCode=&juniorRankingType=itf&take=100&skip=1000&isOrderAscending=true,2026-09-29T13:06:14.830Z
2026-09-28,F,1075,800665221,Jana Jelena Nicole Diaz,PHI,Philippines,2009,79.25,https://www.itftennis.com/tennis/api/PlayerRankApi/GetPlayerRankings?circuitCode=JT&playerTypeCode=G&ageCategoryCode=&juniorRankingType=itf&take=100&skip=1000&isOrderAscending=true,2026-09-29T13:06:14.830Z
2026-09-28,F,1076,800599857,Miroslava Alekseeva,RUS,Russia,2009,79,https://www.itftennis.com/tennis/api/PlayerRankApi/GetPlayerRankings?circuitCode=JT&playerTypeCode=G&ageCategoryCode=&juniorRankingType=itf&take=100&skip=1000&isOrderAscending=true,2026-09-29T13:06:14.830Z
2026-09-28,F,1077,800765814,Zheng Ye,CHN,"China, P.R.",2010,79,https://www.itftennis.com/tennis/api/PlayerRankApi/GetPlayerRankings?circuitCode=JT&playerTypeCode=G&ageCategoryCode=&juniorRankingType=itf&take=100&skip=1000&isOrderAscending=true,2026-09-29T13:06:14.830Z
2026-09-28,F,1078,800638477,Noemy De Bessa,FRA,France,2009,78.75,https://www.itftennis.com/tennis/api/PlayerRankApi/GetPlayerRankings?circuitCode=JT&playerTypeCode=G&ageCategoryCode=&juniorRankingType=itf&take=100&skip=1000&isOrderAscending=true,2026-09-29T13:06:14.830Z
2026-09-28,F,1079,800693980,Sofia Sharipova,RUS,Russia,2009,78.75,https://www.itftennis.com/tennis/api/PlayerRankApi/GetPlayerRankings?circuitCode=JT&playerTypeCode=G&ageCategoryCode=&juniorRankingType=itf&take=100&skip=1000&isOrderAscending=true,2026-09-29T13:06:14.830Z
2026-09-28,F,1080,800709044,Joanivia Bezuidenhout,NAM,Namibia,2009,78.75,https://www.itftennis.com/tennis/api/PlayerRankApi/GetPlayerRankings?circuitCode=JT&playerTypeCode=G&ageCategoryCode=&juniorRankingType=itf&take=100&skip=1000&isOrderAscending=true,2026-09-29T13:06:14.830Z
2026-09-28,F,1081,800588852,PEI CHI HO,TPE,Chinese Taipei,2008,78.5,https://www.itftennis.com/tennis/api/PlayerRankApi/GetPlayerRankings?circuitCode=JT&playerTypeCode=G&ageCategoryCode=&juniorRankingType=itf&take=100&skip=1000&isOrderAscending=true,2026-09-29T13:06:14.830Z
2026-09-28,F,1082,800661616,Ginevra Batti,ITA,Italy,2009,78.5,https://www.itftennis.com/tennis/api/PlayerRankApi/GetPlayerRankings?circuitCode=JT&playerTypeCode=G&ageCategoryCode=&juniorRankingType=itf&take=100&skip=1000&isOrderAscending=true,2026-09-29T13:06:14.830Z
2026-09-28,F,1083,800709080,Kaya Moe,USA,USA,2008,78.5,https://www.itftennis.com/tennis/api/PlayerRankApi/GetPlayerRankings?circuitCode=JT&playerTypeCode=G&ageCategoryCode=&juniorRankingType=itf&take=100&skip=1000&isOrderAscending=true,2026-09-29T13:06:14.830Z
2026-09-28,F,1084,800719600,Anastasiya Muravia,UKR,Ukraine,2009,78.25,https://www.itftennis.com/tennis/api/PlayerRankApi/GetPlayerRankings?circuitCode=JT&playerTypeCode=G&ageCategoryCode=&juniorRankingType=itf&take=100&skip=1000&isOrderAscending=true,2026-09-29T13:06:14.830Z
2026-09-28,F,1085,800664128,Jessica Morrison,GBR,Great Britain,2010,78.25,https://www.itftennis.com/tennis/api/PlayerRankApi/GetPlayerRankings?circuitCode=JT&playerTypeCode=G&ageCategoryCode=&juniorRankingType=itf&take=100&skip=1000&isOrderAscending=true,2026-09-29T13:06:14.830Z
2026-09-28,F,1086,800662063,Nikolina Kovacevic,BIH,Bosnia and Herzegovina,2009,78,https://www.itftennis.com/tennis/api/PlayerRankApi/GetPlayerRankings?circuitCode=JT&playerTypeCode=G&ageCategoryCode=&juniorRankingType=itf&take=100&skip=1000&isOrderAscending=true,2026-09-29T13:06:14.830Z
2026-09-28,F,1087,800675376,Alissa Korolyova,KAZ,Kazakhstan,2010,78,https://www.itftennis.com/tennis/api/PlayerRankApi/GetPlayerRankings?circuitCode=JT&playerTypeCode=G&ageCategoryCode=&juniorRankingType=itf&take=100&skip=1000&isOrderAscending=true,2026-09-29T13:06:14.830Z
2026-09-28,F,1088,800654963,Ofri Behr,ISR,Israel,2009,78,https://www.itftennis.com/tennis/api/PlayerRankApi/GetPlayerRankings?circuitCode=JT&playerTypeCode=G&ageCategoryCode=&juniorRankingType=itf&take=100&skip=1000&isOrderAscending=true,2026-09-29T13:06:14.830Z
2026-09-28,F,1089,800848185,Polina Molchanova,RUS,Russia,2011,78,https://www.itftennis.com/tennis/api/PlayerRankApi/GetPlayerRankings?circuitCode=JT&playerTypeCode=G&ageCategoryCode=&juniorRankingType=itf&take=100&skip=1000&isOrderAscending=true,2026-09-29T13:06:14.830Z
2026-09-28,F,1090,800676121,Isabel McLain,GBR,Great Britain,2011,78,https://www.itftennis.com/tennis/api/PlayerRankApi/GetPlayerRankings?circuitCode=JT&playerTypeCode=G&ageCategoryCode=&juniorRankingType=itf&take=100&skip=1000&isOrderAscending=true,2026-09-29T13:06:14.830Z
2026-09-28,F,1091,800676441,odritza anyelina sequera freitez,VEN,Venezuela,2010,78,https://www.itftennis.com/tennis/api/PlayerRankApi/GetPlayerRankings?circuitCode=JT&playerTypeCode=G&ageCategoryCode=&juniorRankingType=itf&take=100&skip=1000&isOrderAscending=true,2026-09-29T13:06:14.830Z
2026-09-28,F,1092,800774263,Zishan Huang,CHN,"China, P.R.",2010,78,https://www.itftennis.com/tennis/api/PlayerRankApi/GetPlayerRankings?circuitCode=JT&playerTypeCode=G&ageCategoryCode=&juniorRankingType=itf&take=100&skip=1000&isOrderAscending=true,2026-09-29T13:06:14.830Z
2026-09-28,F,1093,800646888,Beatriz Castro,POR,Portugal,2009,77.75,https://www.itftennis.com/tennis/api/PlayerRankApi/GetPlayerRankings?circuitCode=JT&playerTypeCode=G&ageCategoryCode=&juniorRankingType=itf&take=100&skip=1000&isOrderAscending=true,2026-09-29T13:06:14.830Z
2026-09-28,F,1094,800795121,Anna Kulikova,RUS,Russia,2011,77.75,https://www.itftennis.com/tennis/api/PlayerRankApi/GetPlayerRankings?circuitCode=JT&playerTypeCode=G&ageCategoryCode=&juniorRankingType=itf&take=100&skip=1000&isOrderAscending=true,2026-09-29T13:06:14.830Z
2026-09-28,F,1095,800803832,Sadira Ouyang,USA,USA,2009,77.5,https://www.itftennis.com/tennis/api/PlayerRankApi/GetPlayerRankings?circuitCode=JT&playerTypeCode=G&ageCategoryCode=&juniorRankingType=itf&take=100&skip=1000&isOrderAscending=true,2026-09-29T13:06:14.830Z
2026-09-28,F,1096,800753225,hanying WU,CHN,"China, P.R.",2009,77.5,https://www.itftennis.com/tennis/api/PlayerRankApi/GetPlayerRankings?circuitCode=JT&playerTypeCode=G&ageCategoryCode=&juniorRankingType=itf&take=100&skip=1000&isOrderAscending=true,2026-09-29T13:06:14.830Z
2026-09-28,F,1097,800656014,Lais Mika Shibata,BRA,Brazil,2008,77.5,https://www.itftennis.com/tennis/api/PlayerRankApi/GetPlayerRankings?circuitCode=JT&playerTypeCode=G&ageCategoryCode=&juniorRankingType=itf&take=100&skip=1000&isOrderAscending=true,2026-09-29T13:06:14.832Z
2026-09-28,F,1098,800720275,Maria Camila Velez Aristizabal,COL,Colombia,2010,77.5,https://www.itftennis.com/tennis/api/PlayerRankApi/GetPlayerRankings?circuitCode=JT&playerTypeCode=G&ageCategoryCode=&juniorRankingType=itf&take=100&skip=1000&isOrderAscending=true,2026-09-29T13:06:14.832Z
2026-09-28,F,1099,800603085,Elena Papadopoulou,BUL,Bulgaria,2009,77.25,https://www.itftennis.com/tennis/api/PlayerRankApi/GetPlayerRankings?circuitCode=JT&playerTypeCode=G&ageCategoryCode=&juniorRankingType=itf&take=100&skip=1000&isOrderAscending=true,2026-09-29T13:06:14.832Z
2026-09-28,F,1100,800732321,Anita Cytrycka,POL,Poland,2011,77.25,https://www.itftennis.com/tennis/api/PlayerRankApi/GetPlayerRankings?circuitCode=JT&playerTypeCode=G&ageCategoryCode=&juniorRankingType=itf&take=100&skip=1000&isOrderAscending=true,2026-09-29T13:06:14.832Z
2026-09-28,F,1101,800734163,Gulden Azamatkyzy,KAZ,Kazakhstan,2010,77.25,https://www.itftennis.com/tennis/api/PlayerRankApi/GetPlayerRankings?circuitCode=JT&playerTypeCode=G&ageCategoryCode=&juniorRankingType=itf&take=100&skip=1100&isOrderAscending=true,2026-09-29T13:06:28.586Z
2026-09-28,F,1102,800773506,Tamina Saken,KAZ,Kazakhstan,2011,77,https://www.itftennis.com/tennis/api/PlayerRankApi/GetPlayerRankings?circuitCode=JT&playerTypeCode=G&ageCategoryCode=&juniorRankingType=itf&take=100&skip=1100&isOrderAscending=true,2026-09-29T13:06:28.586Z
2026-09-28,F,1103,800597673,Daria Barsukov,GER,Germany,2009,77,https://www.itftennis.com/tennis/api/PlayerRankApi/GetPlayerRankings?circuitCode=JT&playerTypeCode=G&ageCategoryCode=&juniorRankingType=itf&take=100&skip=1100&isOrderAscending=true,2026-09-29T13:06:28.586Z
2026-09-28,F,1104,800677428,Ana Chachkhunashvili,GEO,Georgia,2010,77,https://www.itftennis.com/tennis/api/PlayerRankApi/GetPlayerRankings?circuitCode=JT&playerTypeCode=G&ageCategoryCode=&juniorRankingType=itf&take=100&skip=1100&isOrderAscending=true,2026-09-29T13:06:28.587Z
2026-09-28,F,1105,800579658,Katriin Reinvald,EST,Estonia,2008,76.5,https://www.itftennis.com/tennis/api/PlayerRankApi/GetPlayerRankings?circuitCode=JT&playerTypeCode=G&ageCategoryCode=&juniorRankingType=itf&take=100&skip=1100&isOrderAscending=true,2026-09-29T13:06:28.587Z
2026-09-28,F,1106,800637068,Zlata Chukhas,RUS,Russia,2009,76.5,https://www.itftennis.com/tennis/api/PlayerRankApi/GetPlayerRankings?circuitCode=JT&playerTypeCode=G&ageCategoryCode=&juniorRankingType=itf&take=100&skip=1100&isOrderAscending=true,2026-09-29T13:06:28.587Z
2026-09-28,F,1107,800700767,Delisle Manantsop,CMR,Cameroon,2008,76.5,https://www.itftennis.com/tennis/api/PlayerRankApi/GetPlayerRankings?circuitCode=JT&playerTypeCode=G&ageCategoryCode=&juniorRankingType=itf&take=100&skip=1100&isOrderAscending=true,2026-09-29T13:06:28.587Z
2026-09-28,F,1108,800567732,Sonja Wedenski,SWE,Sweden,2008,76.25,https://www.itftennis.com/tennis/api/PlayerRankApi/GetPlayerRankings?circuitCode=JT&playerTypeCode=G&ageCategoryCode=&juniorRankingType=itf&take=100&skip=1100&isOrderAscending=true,2026-09-29T13:06:28.587Z
2026-09-28,F,1109,800597379,Sofiia Kucherova,UKR,Ukraine,2008,76.25,https://www.itftennis.com/tennis/api/PlayerRankApi/GetPlayerRankings?circuitCode=JT&playerTypeCode=G&ageCategoryCode=&juniorRankingType=itf&take=100&skip=1100&isOrderAscending=true,2026-09-29T13:06:28.587Z
2026-09-28,F,1110,800715619,Rafaela Sofia Gomez Zavala,PER,Peru,2011,76,https://www.itftennis.com/tennis/api/PlayerRankApi/GetPlayerRankings?circuitCode=JT&playerTypeCode=G&ageCategoryCode=&juniorRankingType=itf&take=100&skip=1100&isOrderAscending=true,2026-09-29T13:06:28.587Z
2026-09-28,F,1111,800638188,Felien Willemse,NED,Netherlands,2008,75.75,https://www.itftennis.com/tennis/api/PlayerRankApi/GetPlayerRankings?circuitCode=JT&playerTypeCode=G&ageCategoryCode=&juniorRankingType=itf&take=100&skip=1100&isOrderAscending=true,2026-09-29T13:06:28.587Z
2026-09-28,F,1112,800763393,Saanchi Dalal,USA,USA,2009,75.5,https://www.itftennis.com/tennis/api/PlayerRankApi/GetPlayerRankings?circuitCode=JT&playerTypeCode=G&ageCategoryCode=&juniorRankingType=itf&take=100&skip=1100&isOrderAscending=true,2026-09-29T13:06:28.587Z
2026-09-28,F,1113,800576198,Selena Romero Calvo,ESP,Spain,2008,75.5,https://www.itftennis.com/tennis/api/PlayerRankApi/GetPlayerRankings?circuitCode=JT&playerTypeCode=G&ageCategoryCode=&juniorRankingType=itf&take=100&skip=1100&isOrderAscending=true,2026-09-29T13:06:28.587Z
2026-09-28,F,1114,800676974,Yu-Ning Tsai,TPE,Chinese Taipei,2008,75.5,https://www.itftennis.com/tennis/api/PlayerRankApi/GetPlayerRankings?circuitCode=JT&playerTypeCode=G&ageCategoryCode=&juniorRankingType=itf&take=100&skip=1100&isOrderAscending=true,2026-09-29T13:06:28.587Z
2026-09-28,F,1115,800691242,Eva Kozlova,RUS,Russia,2011,75.5,https://www.itftennis.com/tennis/api/PlayerRankApi/GetPlayerRankings?circuitCode=JT&playerTypeCode=G&ageCategoryCode=&juniorRankingType=itf&take=100&skip=1100&isOrderAscending=true,2026-09-29T13:06:28.587Z
2026-09-28,F,1116,800747746,Melany Esteban Gonzalez,ESP,Spain,2010,75.5,https://www.itftennis.com/tennis/api/PlayerRankApi/GetPlayerRankings?circuitCode=JT&playerTypeCode=G&ageCategoryCode=&juniorRankingType=itf&take=100&skip=1100&isOrderAscending=true,2026-09-29T13:06:28.587Z
2026-09-28,F,1117,800748281,Valentyna Rosa,AUS,Australia,2010,75.25,https://www.itftennis.com/tennis/api/PlayerRankApi/GetPlayerRankings?circuitCode=JT&playerTypeCode=G&ageCategoryCode=&juniorRankingType=itf&take=100&skip=1100&isOrderAscending=true,2026-09-29T13:06:28.587Z
2026-09-28,F,1118,800659849,Sofia Rachel Kocisova,SVK,Slovakia,2010,75.25,https://www.itftennis.com/tennis/api/PlayerRankApi/GetPlayerRankings?circuitCode=JT&playerTypeCode=G&ageCategoryCode=&juniorRankingType=itf&take=100&skip=1100&isOrderAscending=true,2026-09-29T13:06:28.587Z
2026-09-28,F,1119,800822494,Varvara Makarova,RUS,Russia,2012,75.25,https://www.itftennis.com/tennis/api/PlayerRankApi/GetPlayerRankings?circuitCode=JT&playerTypeCode=G&ageCategoryCode=&juniorRankingType=itf&take=100&skip=1100&isOrderAscending=true,2026-09-29T13:06:28.587Z
2026-09-28,F,1120,800684654,Chloe Wong,SUI,Switzerland,2011,75.25,https://www.itftennis.com/tennis/api/PlayerRankApi/GetPlayerRankings?circuitCode=JT&playerTypeCode=G&ageCategoryCode=&juniorRankingType=itf&take=100&skip=1100&isOrderAscending=true,2026-09-29T13:06:28.587Z
2026-09-28,F,1121,800631798,Sree Syleswari Velmanikandan,IND,India,2008,75,https://www.itftennis.com/tennis/api/PlayerRankApi/GetPlayerRankings?circuitCode=JT&playerTypeCode=G&ageCategoryCode=&juniorRankingType=itf&take=100&skip=1100&isOrderAscending=true,2026-09-29T13:06:28.587Z
2026-09-28,F,1122,800659701,Jaya Kapoor,IND,India,2008,75,https://www.itftennis.com/tennis/api/PlayerRankApi/GetPlayerRankings?circuitCode=JT&playerTypeCode=G&ageCategoryCode=&juniorRankingType=itf&take=100&skip=1100&isOrderAscending=true,2026-09-29T13:06:28.587Z
2026-09-28,F,1123,800693385,Kim Kriesi,SUI,Switzerland,2011,75,https://www.itftennis.com/tennis/api/PlayerRankApi/GetPlayerRankings?circuitCode=JT&playerTypeCode=G&ageCategoryCode=&juniorRankingType=itf&take=100&skip=1100&isOrderAscending=true,2026-09-29T13:06:28.587Z
2026-09-28,F,1124,800666164,Capucine CHARCOSSET,FRA,France,2011,75,https://www.itftennis.com/tennis/api/PlayerRankApi/GetPlayerRankings?circuitCode=JT&playerTypeCode=G&ageCategoryCode=&juniorRankingType=itf&take=100&skip=1100&isOrderAscending=true,2026-09-29T13:06:28.587Z
2026-09-28,F,1125,800675989,Aaraa Aasaal Azim,MDV,Maldives,2008,75,https://www.itftennis.com/tennis/api/PlayerRankApi/GetPlayerRankings?circuitCode=JT&playerTypeCode=G&ageCategoryCode=&juniorRankingType=itf&take=100&skip=1100&isOrderAscending=true,2026-09-29T13:06:28.587Z
2026-09-28,F,1126,800637103,Tiana Tian Deng,SWE,Sweden,2008,75,https://www.itftennis.com/tennis/api/PlayerRankApi/GetPlayerRankings?circuitCode=JT&playerTypeCode=G&ageCategoryCode=&juniorRankingType=itf&take=100&skip=1100&isOrderAscending=true,2026-09-29T13:06:28.587Z
2026-09-28,F,1127,800733899,Anjani Haripriya Vickneswaran,USA,USA,2009,74.75,https://www.itftennis.com/tennis/api/PlayerRankApi/GetPlayerRankings?circuitCode=JT&playerTypeCode=G&ageCategoryCode=&juniorRankingType=itf&take=100&skip=1100&isOrderAscending=true,2026-09-29T13:06:28.587Z
2026-09-28,F,1128,800748026,Melissa Wang,CAN,Canada,2009,74.75,https://www.itftennis.com/tennis/api/PlayerRankApi/GetPlayerRankings?circuitCode=JT&playerTypeCode=G&ageCategoryCode=&juniorRankingType=itf&take=100&skip=1100&isOrderAscending=true,2026-09-29T13:06:28.587Z
2026-09-28,F,1129,800592894,Natalia Drobca,MDA,Moldova,2008,74.75,https://www.itftennis.com/tennis/api/PlayerRankApi/GetPlayerRankings?circuitCode=JT&playerTypeCode=G&ageCategoryCode=&juniorRankingType=itf&take=100&skip=1100&isOrderAscending=true,2026-09-29T13:06:28.587Z
2026-09-28,F,1130,800692230,Moran JIN,CHN,"China, P.R.",2008,74.5,https://www.itftennis.com/tennis/api/PlayerRankApi/GetPlayerRankings?circuitCode=JT&playerTypeCode=G&ageCategoryCode=&juniorRankingType=itf&take=100&skip=1100&isOrderAscending=true,2026-09-29T13:06:28.587Z
2026-09-28,F,1131,800764428,Autumn Xu,USA,USA,2009,74.25,https://www.itftennis.com/tennis/api/PlayerRankApi/GetPlayerRankings?circuitCode=JT&playerTypeCode=G&ageCategoryCode=&juniorRankingType=itf&take=100&skip=1100&isOrderAscending=true,2026-09-29T13:06:28.587Z
2026-09-28,F,1132,800770029,Padmapriya Ramesh kumar,IND,India,2012,74.25,https://www.itftennis.com/tennis/api/PlayerRankApi/GetPlayerRankings?circuitCode=JT&playerTypeCode=G&ageCategoryCode=&juniorRankingType=itf&take=100&skip=1100&isOrderAscending=true,2026-09-29T13:06:28.587Z
2026-09-28,F,1133,800790035,Lara Wu,AUS,Australia,2012,74,https://www.itftennis.com/tennis/api/PlayerRankApi/GetPlayerRankings?circuitCode=JT&playerTypeCode=G&ageCategoryCode=&juniorRankingType=itf&take=100&skip=1100&isOrderAscending=true,2026-09-29T13:06:28.587Z
2026-09-28,F,1134,800773613,Luciana Ramirez Rosales,MEX,Mexico,2010,74,https://www.itftennis.com/tennis/api/PlayerRankApi/GetPlayerRankings?circuitCode=JT&playerTypeCode=G&ageCategoryCode=&juniorRankingType=itf&take=100&skip=1100&isOrderAscending=true,2026-09-29T13:06:28.587Z
2026-09-28,F,1135,800656861,RIDDHI SHINDE,IND,India,2009,74,https://www.itftennis.com/tennis/api/PlayerRankApi/GetPlayerRankings?circuitCode=JT&playerTypeCode=G&ageCategoryCode=&juniorRankingType=itf&take=100&skip=1100&isOrderAscending=true,2026-09-29T13:06:28.587Z
2026-09-28,F,1136,800813681,Alanna Ingalsbe,USA,USA,2008,73.75,https://www.itftennis.com/tennis/api/PlayerRankApi/GetPlayerRankings?circuitCode=JT&playerTypeCode=G&ageCategoryCode=&juniorRankingType=itf&take=100&skip=1100&isOrderAscending=true,2026-09-29T13:06:28.587Z
2026-09-28,F,1137,800692593,Ayla Giesen,NZL,New Zealand,2008,73.75,https://www.itftennis.com/tennis/api/PlayerRankApi/GetPlayerRankings?circuitCode=JT&playerTypeCode=G&ageCategoryCode=&juniorRankingType=itf&take=100&skip=1100&isOrderAscending=true,2026-09-29T13:06:28.587Z
2026-09-28,F,1138,800825798,Zuzana Langasova,CZE,Czechia,2011,73.75,https://www.itftennis.com/tennis/api/PlayerRankApi/GetPlayerRankings?circuitCode=JT&playerTypeCode=G&ageCategoryCode=&juniorRankingType=itf&take=100&skip=1100&isOrderAscending=true,2026-09-29T13:06:28.587Z
2026-09-28,F,1139,800725149,Artemis Anastasiadis,FRA,France,2012,73.75,https://www.itftennis.com/tennis/api/PlayerRankApi/GetPlayerRankings?circuitCode=JT&playerTypeCode=G&ageCategoryCode=&juniorRankingType=itf&take=100&skip=1100&isOrderAscending=true,2026-09-29T13:06:28.587Z
2026-09-28,F,1140,800856306,Elodie Agnamba,USA,USA,2013,73.75,https://www.itftennis.com/tennis/api/PlayerRankApi/GetPlayerRankings?circuitCode=JT&playerTypeCode=G&ageCategoryCode=&juniorRankingType=itf&take=100&skip=1100&isOrderAscending=true,2026-09-29T13:06:28.587Z
2026-09-28,F,1141,800646843,Emma Lam Singh Maan,SGP,Singapore,2010,73.75,https://www.itftennis.com/tennis/api/PlayerRankApi/GetPlayerRankings?circuitCode=JT&playerTypeCode=G&ageCategoryCode=&juniorRankingType=itf&take=100&skip=1100&isOrderAscending=true,2026-09-29T13:06:28.587Z
2026-09-28,F,1142,800759495,Gloria Temgoua,CMR,Cameroon,2012,73.75,https://www.itftennis.com/tennis/api/PlayerRankApi/GetPlayerRankings?circuitCode=JT&playerTypeCode=G&ageCategoryCode=&juniorRankingType=itf&take=100&skip=1100&isOrderAscending=true,2026-09-29T13:06:28.587Z
2026-09-28,F,1143,800656388,Sara Husar,POL,Poland,2008,73.5,https://www.itftennis.com/tennis/api/PlayerRankApi/GetPlayerRankings?circuitCode=JT&playerTypeCode=G&ageCategoryCode=&juniorRankingType=itf&take=100&skip=1100&isOrderAscending=true,2026-09-29T13:06:28.587Z
2026-09-28,F,1144,800656599,Solomia Maria Hryniv,USA,USA,2010,73.5,https://www.itftennis.com/tennis/api/PlayerRankApi/GetPlayerRankings?circuitCode=JT&playerTypeCode=G&ageCategoryCode=&juniorRankingType=itf&take=100&skip=1100&isOrderAscending=true,2026-09-29T13:06:28.587Z
2026-09-28,F,1145,800654995,Chiu Kwan Nina Wang,HKG,"Hong Kong, China",2010,73.5,https://www.itftennis.com/tennis/api/PlayerRankApi/GetPlayerRankings?circuitCode=JT&playerTypeCode=G&ageCategoryCode=&juniorRankingType=itf&take=100&skip=1100&isOrderAscending=true,2026-09-29T13:06:28.587Z
2026-09-28,F,1146,800660859,Yewon Lee,KOR,"Korea, Rep.",2008,73.5,https://www.itftennis.com/tennis/api/PlayerRankApi/GetPlayerRankings?circuitCode=JT&playerTypeCode=G&ageCategoryCode=&juniorRankingType=itf&take=100&skip=1100&isOrderAscending=true,2026-09-29T13:06:28.587Z
2026-09-28,F,1147,800662902,Aya Manning,USA,USA,2008,73,https://www.itftennis.com/tennis/api/PlayerRankApi/GetPlayerRankings?circuitCode=JT&playerTypeCode=G&ageCategoryCode=&juniorRankingType=itf&take=100&skip=1100&isOrderAscending=true,2026-09-29T13:06:28.587Z
2026-09-28,F,1148,800668851,si ah kim,KOR,"Korea, Rep.",2010,73,https://www.itftennis.com/tennis/api/PlayerRankApi/GetPlayerRankings?circuitCode=JT&playerTypeCode=G&ageCategoryCode=&juniorRankingType=itf&take=100&skip=1100&isOrderAscending=true,2026-09-29T13:06:28.587Z
2026-09-28,F,1149,800674455,Matilde Novais,POR,Portugal,2009,72.75,https://www.itftennis.com/tennis/api/PlayerRankApi/GetPlayerRankings?circuitCode=JT&playerTypeCode=G&ageCategoryCode=&juniorRankingType=itf&take=100&skip=1100&isOrderAscending=true,2026-09-29T13:06:28.587Z
2026-09-28,F,1150,800717346,Han Frida Siu,HKG,"Hong Kong, China",2009,72.25,https://www.itftennis.com/tennis/api/PlayerRankApi/GetPlayerRankings?circuitCode=JT&playerTypeCode=G&ageCategoryCode=&juniorRankingType=itf&take=100&skip=1100&isOrderAscending=true,2026-09-29T13:06:28.587Z
2026-09-28,F,1151,800665395,Aurora Piccinini,ITA,Italy,2008,72.25,https://www.itftennis.com/tennis/api/PlayerRankApi/GetPlayerRankings?circuitCode=JT&playerTypeCode=G&ageCategoryCode=&juniorRankingType=itf&take=100&skip=1100&isOrderAscending=true,2026-09-29T13:06:28.587Z
2026-09-28,F,1152,800642838,Klara Stepankova,CZE,Czechia,2008,72,https://www.itftennis.com/tennis/api/PlayerRankApi/GetPlayerRankings?circuitCode=JT&playerTypeCode=G&ageCategoryCode=&juniorRankingType=itf&take=100&skip=1100&isOrderAscending=true,2026-09-29T13:06:28.587Z
2026-09-28,F,1153,800720932,Laura Pedrotti de Oliveira Laura Pedrotti,BRA,Brazil,2008,71.75,https://www.itftennis.com/tennis/api/PlayerRankApi/GetPlayerRankings?circuitCode=JT&playerTypeCode=G&ageCategoryCode=&juniorRankingType=itf&take=100&skip=1100&isOrderAscending=true,2026-09-29T13:06:28.587Z
2026-09-28,F,1154,800757681,Vera Iamina,RUS,Russia,2012,71.75,https://www.itftennis.com/tennis/api/PlayerRankApi/GetPlayerRankings?circuitCode=JT&playerTypeCode=G&ageCategoryCode=&juniorRankingType=itf&take=100&skip=1100&isOrderAscending=true,2026-09-29T13:06:28.587Z
2026-09-28,F,1155,800725515,Taylor Burke,AUS,Australia,2009,71.75,https://www.itftennis.com/tennis/api/PlayerRankApi/GetPlayerRankings?circuitCode=JT&playerTypeCode=G&ageCategoryCode=&juniorRankingType=itf&take=100&skip=1100&isOrderAscending=true,2026-09-29T13:06:28.587Z
2026-09-28,F,1156,800753810,Ye Xin TANG,CHN,"China, P.R.",2008,71.5,https://www.itftennis.com/tennis/api/PlayerRankApi/GetPlayerRankings?circuitCode=JT&playerTypeCode=G&ageCategoryCode=&juniorRankingType=itf&take=100&skip=1100&isOrderAscending=true,2026-09-29T13:06:28.587Z
2026-09-28,F,1157,800764894,Jia Hui,CHN,"China, P.R.",2010,71.5,https://www.itftennis.com/tennis/api/PlayerRankApi/GetPlayerRankings?circuitCode=JT&playerTypeCode=G&ageCategoryCode=&juniorRankingType=itf&take=100&skip=1100&isOrderAscending=true,2026-09-29T13:06:28.587Z
2026-09-28,F,1158,800676323,Ella Van Gestel,BEL,Belgium,2011,71.5,https://www.itftennis.com/tennis/api/PlayerRankApi/GetPlayerRankings?circuitCode=JT&playerTypeCode=G&ageCategoryCode=&juniorRankingType=itf&take=100&skip=1100&isOrderAscending=true,2026-09-29T13:06:28.587Z
2026-09-28,F,1159,800603275,Briyana Ivanova,BUL,Bulgaria,2009,71.25,https://www.itftennis.com/tennis/api/PlayerRankApi/GetPlayerRankings?circuitCode=JT&playerTypeCode=G&ageCategoryCode=&juniorRankingType=itf&take=100&skip=1100&isOrderAscending=true,2026-09-29T13:06:28.587Z
2026-09-28,F,1160,800678956,Camila Zouein Yanez,CHI,Chile,2009,71.25,https://www.itftennis.com/tennis/api/PlayerRankApi/GetPlayerRankings?circuitCode=JT&playerTypeCode=G&ageCategoryCode=&juniorRankingType=itf&take=100&skip=1100&isOrderAscending=true,2026-09-29T13:06:28.587Z
2026-09-28,F,1161,800679389,Anna Brandt Schultz,DEN,Denmark,2009,71,https://www.itftennis.com/tennis/api/PlayerRankApi/GetPlayerRankings?circuitCode=JT&playerTypeCode=G&ageCategoryCode=&juniorRankingType=itf&take=100&skip=1100&isOrderAscending=true,2026-09-29T13:06:28.587Z
2026-09-28,F,1162,800732444,Dorea Morina,NZL,New Zealand,2010,70.75,https://www.itftennis.com/tennis/api/PlayerRankApi/GetPlayerRankings?circuitCode=JT&playerTypeCode=G&ageCategoryCode=&juniorRankingType=itf&take=100&skip=1100&isOrderAscending=true,2026-09-29T13:06:28.587Z
2026-09-28,F,1163,800695714,Bianca Francesconi,ITA,Italy,2010,70.75,https://www.itftennis.com/tennis/api/PlayerRankApi/GetPlayerRankings?circuitCode=JT&playerTypeCode=G&ageCategoryCode=&juniorRankingType=itf&take=100&skip=1100&isOrderAscending=true,2026-09-29T13:06:28.587Z
2026-09-28,F,1164,800823823,Fangqiao Zou,CHN,"China, P.R.",2013,70.5,https://www.itftennis.com/tennis/api/PlayerRankApi/GetPlayerRankings?circuitCode=JT&playerTypeCode=G&ageCategoryCode=&juniorRankingType=itf&take=100&skip=1100&isOrderAscending=true,2026-09-29T13:06:28.587Z
2026-09-28,F,1165,800659896,Serife Pelin Sari,TUR,Turkiye,2009,70.5,https://www.itftennis.com/tennis/api/PlayerRankApi/GetPlayerRankings?circuitCode=JT&playerTypeCode=G&ageCategoryCode=&juniorRankingType=itf&take=100&skip=1100&isOrderAscending=true,2026-09-29T13:06:28.587Z
2026-09-28,F,1166,800693792,Ivana Daubnerova,SVK,Slovakia,2008,70.5,https://www.itftennis.com/tennis/api/PlayerRankApi/GetPlayerRankings?circuitCode=JT&playerTypeCode=G&ageCategoryCode=&juniorRankingType=itf&take=100&skip=1100&isOrderAscending=true,2026-09-29T13:06:28.587Z
2026-09-28,F,1167,800743171,Clemence SCHNEIDER,FRA,France,2012,70.5,https://www.itftennis.com/tennis/api/PlayerRankApi/GetPlayerRankings?circuitCode=JT&playerTypeCode=G&ageCategoryCode=&juniorRankingType=itf&take=100&skip=1100&isOrderAscending=true,2026-09-29T13:06:28.587Z
2026-09-28,F,1168,800662618,Monika Gospodinova,BUL,Bulgaria,2009,70.5,https://www.itftennis.com/tennis/api/PlayerRankApi/GetPlayerRankings?circuitCode=JT&playerTypeCode=G&ageCategoryCode=&juniorRankingType=itf&take=100&skip=1100&isOrderAscending=true,2026-09-29T13:06:28.587Z
2026-09-28,F,1169,800645558,Rose Clifton,GBR,Great Britain,2009,70.25,https://www.itftennis.com/tennis/api/PlayerRankApi/GetPlayerRankings?circuitCode=JT&playerTypeCode=G&ageCategoryCode=&juniorRankingType=itf&take=100&skip=1100&isOrderAscending=true,2026-09-29T13:06:28.587Z
2026-09-28,F,1170,800623370,Sofia Glushenkova,RUS,Russia,2009,70.25,https://www.itftennis.com/tennis/api/PlayerRankApi/GetPlayerRankings?circuitCode=JT&playerTypeCode=G&ageCategoryCode=&juniorRankingType=itf&take=100&skip=1100&isOrderAscending=true,2026-09-29T13:06:28.587Z
2026-09-28,F,1171,800628854,Alexia Paula Bastos-Sousa Betanzos,ESP,Spain,2009,70.25,https://www.itftennis.com/tennis/api/PlayerRankApi/GetPlayerRankings?circuitCode=JT&playerTypeCode=G&ageCategoryCode=&juniorRankingType=itf&take=100&skip=1100&isOrderAscending=true,2026-09-29T13:06:28.587Z
2026-09-28,F,1172,800762825,Aaradhya Meena,IND,India,2011,70.25,https://www.itftennis.com/tennis/api/PlayerRankApi/GetPlayerRankings?circuitCode=JT&playerTypeCode=G&ageCategoryCode=&juniorRankingType=itf&take=100&skip=1100&isOrderAscending=true,2026-09-29T13:06:28.587Z
2026-09-28,F,1173,800670103,Lea Sabadi,AUT,Austria,2008,69.75,https://www.itftennis.com/tennis/api/PlayerRankApi/GetPlayerRankings?circuitCode=JT&playerTypeCode=G&ageCategoryCode=&juniorRankingType=itf&take=100&skip=1100&isOrderAscending=true,2026-09-29T13:06:28.587Z
2026-09-28,F,1174,800683869,Aleksandra Kardum,CRO,Croatia,2010,69.5,https://www.itftennis.com/tennis/api/PlayerRankApi/GetPlayerRankings?circuitCode=JT&playerTypeCode=G&ageCategoryCode=&juniorRankingType=itf&take=100&skip=1100&isOrderAscending=true,2026-09-29T13:06:28.587Z
2026-09-28,F,1175,800570920,Amelie Mathieu,FRA,France,2008,69.5,https://www.itftennis.com/tennis/api/PlayerRankApi/GetPlayerRankings?circuitCode=JT&playerTypeCode=G&ageCategoryCode=&juniorRankingType=itf&take=100&skip=1100&isOrderAscending=true,2026-09-29T13:06:28.587Z
2026-09-28,F,1176,800649863,Grace Chinwike,GBR,Great Britain,2009,69.5,https://www.itftennis.com/tennis/api/PlayerRankApi/GetPlayerRankings?circuitCode=JT&playerTypeCode=G&ageCategoryCode=&juniorRankingType=itf&take=100&skip=1100&isOrderAscending=true,2026-09-29T13:06:28.587Z
2026-09-28,F,1177,800680909,Valeriia Kaminskaia,RUS,Russia,2011,69.5,https://www.itftennis.com/tennis/api/PlayerRankApi/GetPlayerRankings?circuitCode=JT&playerTypeCode=G&ageCategoryCode=&juniorRankingType=itf&take=100&skip=1100&isOrderAscending=true,2026-09-29T13:06:28.587Z
2026-09-28,F,1178,800706899,yasaman yazdani,IRI,Iran,2008,69.5,https://www.itftennis.com/tennis/api/PlayerRankApi/GetPlayerRankings?circuitCode=JT&playerTypeCode=G&ageCategoryCode=&juniorRankingType=itf&take=100&skip=1100&isOrderAscending=true,2026-09-29T13:06:28.587Z
2026-09-28,F,1179,800830813,Kira Russell,AUS,Australia,2012,69.25,https://www.itftennis.com/tennis/api/PlayerRankApi/GetPlayerRankings?circuitCode=JT&playerTypeCode=G&ageCategoryCode=&juniorRankingType=itf&take=100&skip=1100&isOrderAscending=true,2026-09-29T13:06:28.587Z
2026-09-28,F,1180,800672382,Laura Chlumska,CZE,Czechia,2010,69.25,https://www.itftennis.com/tennis/api/PlayerRankApi/GetPlayerRankings?circuitCode=JT&playerTypeCode=G&ageCategoryCode=&juniorRankingType=itf&take=100&skip=1100&isOrderAscending=true,2026-09-29T13:06:28.587Z
2026-09-28,F,1181,800707320,PAWEENON NUALSRI,THA,Thailand,2011,69.25,https://www.itftennis.com/tennis/api/PlayerRankApi/GetPlayerRankings?circuitCode=JT&playerTypeCode=G&ageCategoryCode=&juniorRankingType=itf&take=100&skip=1100&isOrderAscending=true,2026-09-29T13:06:28.587Z
2026-09-28,F,1182,800685173,Ha-an Park,KOR,"Korea, Rep.",2010,69.25,https://www.itftennis.com/tennis/api/PlayerRankApi/GetPlayerRankings?circuitCode=JT&playerTypeCode=G&ageCategoryCode=&juniorRankingType=itf&take=100&skip=1100&isOrderAscending=true,2026-09-29T13:06:28.587Z
2026-09-28,F,1183,800665273,Lilly Becker,GER,Germany,2009,69,https://www.itftennis.com/tennis/api/PlayerRankApi/GetPlayerRankings?circuitCode=JT&playerTypeCode=G&ageCategoryCode=&juniorRankingType=itf&take=100&skip=1100&isOrderAscending=true,2026-09-29T13:06:28.587Z
2026-09-28,F,1184,800758244,yu-an lu,TPE,Chinese Taipei,2010,69,https://www.itftennis.com/tennis/api/PlayerRankApi/GetPlayerRankings?circuitCode=JT&playerTypeCode=G&ageCategoryCode=&juniorRankingType=itf&take=100&skip=1100&isOrderAscending=true,2026-09-29T13:06:28.587Z
2026-09-28,F,1185,800627080,Viktoria Egorova,RUS,Russia,2008,68.75,https://www.itftennis.com/tennis/api/PlayerRankApi/GetPlayerRankings?circuitCode=JT&playerTypeCode=G&ageCategoryCode=&juniorRankingType=itf&take=100&skip=1100&isOrderAscending=true,2026-09-29T13:06:28.587Z
2026-09-28,F,1186,800661870,Sophia Santos,CRO,Croatia,2010,68.75,https://www.itftennis.com/tennis/api/PlayerRankApi/GetPlayerRankings?circuitCode=JT&playerTypeCode=G&ageCategoryCode=&juniorRankingType=itf&take=100&skip=1100&isOrderAscending=true,2026-09-29T13:06:28.587Z
2026-09-28,F,1187,800598297,Dallas Janssen,NED,Netherlands,2008,68.25,https://www.itftennis.com/tennis/api/PlayerRankApi/GetPlayerRankings?circuitCode=JT&playerTypeCode=G&ageCategoryCode=&juniorRankingType=itf&take=100&skip=1100&isOrderAscending=true,2026-09-29T13:06:28.587Z
2026-09-28,F,1188,800670230,Sofia Paukova,SVK,Slovakia,2008,68,https://www.itftennis.com/tennis/api/PlayerRankApi/GetPlayerRankings?circuitCode=JT&playerTypeCode=G&ageCategoryCode=&juniorRankingType=itf&take=100&skip=1100&isOrderAscending=true,2026-09-29T13:06:28.587Z
2026-09-28,F,1189,800627275,Saina Jayesh Vaidya,SGP,Singapore,2009,68,https://www.itftennis.com/tennis/api/PlayerRankApi/GetPlayerRankings?circuitCode=JT&playerTypeCode=G&ageCategoryCode=&juniorRankingType=itf&take=100&skip=1100&isOrderAscending=true,2026-09-29T13:06:28.587Z
2026-09-28,F,1190,800734494,Ivana Peralta Zapata,MEX,Mexico,2009,68,https://www.itftennis.com/tennis/api/PlayerRankApi/GetPlayerRankings?circuitCode=JT&playerTypeCode=G&ageCategoryCode=&juniorRankingType=itf&take=100&skip=1100&isOrderAscending=true,2026-09-29T13:06:28.587Z
2026-09-28,F,1191,800698385,Sofia Tejada,GUA,Guatemala,2008,68,https://www.itftennis.com/tennis/api/PlayerRankApi/GetPlayerRankings?circuitCode=JT&playerTypeCode=G&ageCategoryCode=&juniorRankingType=itf&take=100&skip=1100&isOrderAscending=true,2026-09-29T13:06:28.587Z
2026-09-28,F,1192,800736979,Anna Bashkatova,UKR,Ukraine,2010,68,https://www.itftennis.com/tennis/api/PlayerRankApi/GetPlayerRankings?circuitCode=JT&playerTypeCode=G&ageCategoryCode=&juniorRankingType=itf&take=100&skip=1100&isOrderAscending=true,2026-09-29T13:06:28.587Z
2026-09-28,F,1193,800712350,Victoria Frederiksen,DEN,Denmark,2011,68,https://www.itftennis.com/tennis/api/PlayerRankApi/GetPlayerRankings?circuitCode=JT&playerTypeCode=G&ageCategoryCode=&juniorRankingType=itf&take=100&skip=1100&isOrderAscending=true,2026-09-29T13:06:28.587Z
2026-09-28,F,1194,800706853,Vittoria Medina,ITA,Italy,2009,67.75,https://www.itftennis.com/tennis/api/PlayerRankApi/GetPlayerRankings?circuitCode=JT&playerTypeCode=G&ageCategoryCode=&juniorRankingType=itf&take=100&skip=1100&isOrderAscending=true,2026-09-29T13:06:28.587Z
2026-09-28,F,1195,800806114,Quinn Sommer,USA,USA,2011,67.75,https://www.itftennis.com/tennis/api/PlayerRankApi/GetPlayerRankings?circuitCode=JT&playerTypeCode=G&ageCategoryCode=&juniorRankingType=itf&take=100&skip=1100&isOrderAscending=true,2026-09-29T13:06:28.587Z
2026-09-28,F,1196,800753342,aoyi li,CHN,"China, P.R.",2008,67.5,https://www.itftennis.com/tennis/api/PlayerRankApi/GetPlayerRankings?circuitCode=JT&playerTypeCode=G&ageCategoryCode=&juniorRankingType=itf&take=100&skip=1100&isOrderAscending=true,2026-09-29T13:06:28.587Z
2026-09-28,F,1197,800693968,Anna Idaszewska,POL,Poland,2010,67.5,https://www.itftennis.com/tennis/api/PlayerRankApi/GetPlayerRankings?circuitCode=JT&playerTypeCode=G&ageCategoryCode=&juniorRankingType=itf&take=100&skip=1100&isOrderAscending=true,2026-09-29T13:06:28.587Z
2026-09-28,F,1198,800671293,Dimitra Koumoutsea,GRE,Greece,2009,67.5,https://www.itftennis.com/tennis/api/PlayerRankApi/GetPlayerRankings?circuitCode=JT&playerTypeCode=G&ageCategoryCode=&juniorRankingType=itf&take=100&skip=1100&isOrderAscending=true,2026-09-29T13:06:28.587Z
2026-09-28,F,1199,800706586,Raya Markova,BUL,Bulgaria,2011,67.5,https://www.itftennis.com/tennis/api/PlayerRankApi/GetPlayerRankings?circuitCode=JT&playerTypeCode=G&ageCategoryCode=&juniorRankingType=itf&take=100&skip=1100&isOrderAscending=true,2026-09-29T13:06:28.587Z
2026-09-28,F,1200,800661745,Maria Malina Rosca,ROU,Romania,2010,67.25,https://www.itftennis.com/tennis/api/PlayerRankApi/GetPlayerRankings?circuitCode=JT&playerTypeCode=G&ageCategoryCode=&juniorRankingType=itf&take=100&skip=1100&isOrderAscending=true,2026-09-29T13:06:28.587Z
2026-09-28,F,1201,800745419,Tejaswi Manneni,IND,India,2010,67.25,https://www.itftennis.com/tennis/api/PlayerRankApi/GetPlayerRankings?circuitCode=JT&playerTypeCode=G&ageCategoryCode=&juniorRankingType=itf&take=100&skip=1200&isOrderAscending=true,2026-09-29T13:06:29.799Z
2026-09-28,F,1202,800810171,Megan Van Vuuren,RSA,South Africa,2011,67.25,https://www.itftennis.com/tennis/api/PlayerRankApi/GetPlayerRankings?circuitCode=JT&playerTypeCode=G&ageCategoryCode=&juniorRankingType=itf&take=100&skip=1200&isOrderAscending=true,2026-09-29T13:06:29.799Z
2026-09-28,F,1203,800690441,Francesca Fuzio,ITA,Italy,2010,67.25,https://www.itftennis.com/tennis/api/PlayerRankApi/GetPlayerRankings?circuitCode=JT&playerTypeCode=G&ageCategoryCode=&juniorRankingType=itf&take=100&skip=1200&isOrderAscending=true,2026-09-29T13:06:29.799Z
2026-09-28,F,1204,800638294,Luana Kappeler,SUI,Switzerland,2008,67,https://www.itftennis.com/tennis/api/PlayerRankApi/GetPlayerRankings?circuitCode=JT&playerTypeCode=G&ageCategoryCode=&juniorRankingType=itf&take=100&skip=1200&isOrderAscending=true,2026-09-29T13:06:29.799Z
2026-09-28,F,1205,800660870,Gyuree Nam,KOR,"Korea, Rep.",2008,67,https://www.itftennis.com/tennis/api/PlayerRankApi/GetPlayerRankings?circuitCode=JT&playerTypeCode=G&ageCategoryCode=&juniorRankingType=itf&take=100&skip=1200&isOrderAscending=true,2026-09-29T13:06:29.799Z
2026-09-28,F,1206,800713139,Michelle Agelvis,VEN,Venezuela,2008,66.75,https://www.itftennis.com/tennis/api/PlayerRankApi/GetPlayerRankings?circuitCode=JT&playerTypeCode=G&ageCategoryCode=&juniorRankingType=itf&take=100&skip=1200&isOrderAscending=true,2026-09-29T13:06:29.799Z
2026-09-28,F,1207,800686415,Doga Ilhan,TUR,Turkiye,2011,66.5,https://www.itftennis.com/tennis/api/PlayerRankApi/GetPlayerRankings?circuitCode=JT&playerTypeCode=G&ageCategoryCode=&juniorRankingType=itf&take=100&skip=1200&isOrderAscending=true,2026-09-29T13:06:29.799Z
2026-09-28,F,1208,800655315,Camila de las Casas Caceres,PER,Peru,2009,66.5,https://www.itftennis.com/tennis/api/PlayerRankApi/GetPlayerRankings?circuitCode=JT&playerTypeCode=G&ageCategoryCode=&juniorRankingType=itf&take=100&skip=1200&isOrderAscending=true,2026-09-29T13:06:29.799Z
2026-09-28,F,1209,800661887,Saida Ismail,UAE,United Arab Emirates,2011,66.5,https://www.itftennis.com/tennis/api/PlayerRankApi/GetPlayerRankings?circuitCode=JT&playerTypeCode=G&ageCategoryCode=&juniorRankingType=itf&take=100&skip=1200&isOrderAscending=true,2026-09-29T13:06:29.799Z
2026-09-28,F,1210,800725993,Bianca Maria Concetti,ITA,Italy,2010,66.5,https://www.itftennis.com/tennis/api/PlayerRankApi/GetPlayerRankings?circuitCode=JT&playerTypeCode=G&ageCategoryCode=&juniorRankingType=itf&take=100&skip=1200&isOrderAscending=true,2026-09-29T13:06:29.799Z
2026-09-28,F,1211,800696314,Sanmitha Harini Lokesh,IND,India,2010,66.5,https://www.itftennis.com/tennis/api/PlayerRankApi/GetPlayerRankings?circuitCode=JT&playerTypeCode=G&ageCategoryCode=&juniorRankingType=itf&take=100&skip=1200&isOrderAscending=true,2026-09-29T13:06:29.799Z
2026-09-28,F,1212,800665647,Milana Rasan-Buha,CRO,Croatia,2009,66.5,https://www.itftennis.com/tennis/api/PlayerRankApi/GetPlayerRankings?circuitCode=JT&playerTypeCode=G&ageCategoryCode=&juniorRankingType=itf&take=100&skip=1200&isOrderAscending=true,2026-09-29T13:06:29.799Z
2026-09-28,F,1213,800759490,Helena Perrone Bento Alves,BRA,Brazil,2011,66.25,https://www.itftennis.com/tennis/api/PlayerRankApi/GetPlayerRankings?circuitCode=JT&playerTypeCode=G&ageCategoryCode=&juniorRankingType=itf&take=100&skip=1200&isOrderAscending=true,2026-09-29T13:06:29.799Z
2026-09-28,F,1214,800711122,Scarlett Foley,IRL,Ireland,2011,66.25,https://www.itftennis.com/tennis/api/PlayerRankApi/GetPlayerRankings?circuitCode=JT&playerTypeCode=G&ageCategoryCode=&juniorRankingType=itf&take=100&skip=1200&isOrderAscending=true,2026-09-29T13:06:29.799Z
2026-09-28,F,1215,800732186,Aksiniia Velikolug,RUS,Russia,2012,66.25,https://www.itftennis.com/tennis/api/PlayerRankApi/GetPlayerRankings?circuitCode=JT&playerTypeCode=G&ageCategoryCode=&juniorRankingType=itf&take=100&skip=1200&isOrderAscending=true,2026-09-29T13:06:29.799Z
2026-09-28,F,1216,800718983,Ambra Marsiletti,ARG,Argentina,2009,66,https://www.itftennis.com/tennis/api/PlayerRankApi/GetPlayerRankings?circuitCode=JT&playerTypeCode=G&ageCategoryCode=&juniorRankingType=itf&take=100&skip=1200&isOrderAscending=true,2026-09-29T13:06:29.799Z
2026-09-28,F,1217,800647609,Mika Schuster,ISR,Israel,2010,66,https://www.itftennis.com/tennis/api/PlayerRankApi/GetPlayerRankings?circuitCode=JT&playerTypeCode=G&ageCategoryCode=&juniorRankingType=itf&take=100&skip=1200&isOrderAscending=true,2026-09-29T13:06:29.799Z
2026-09-28,F,1218,800742427,Valentina Montero,CRC,Costa Rica,2010,66,https://www.itftennis.com/tennis/api/PlayerRankApi/GetPlayerRankings?circuitCode=JT&playerTypeCode=G&ageCategoryCode=&juniorRankingType=itf&take=100&skip=1200&isOrderAscending=true,2026-09-29T13:06:29.799Z
2026-09-28,F,1219,800760736,Giovanna Mota Rocha Freire,BRA,Brazil,2011,66,https://www.itftennis.com/tennis/api/PlayerRankApi/GetPlayerRankings?circuitCode=JT&playerTypeCode=G&ageCategoryCode=&juniorRankingType=itf&take=100&skip=1200&isOrderAscending=true,2026-09-29T13:06:29.799Z
2026-09-28,F,1220,800807538,Savannah Schmitz,USA,USA,2011,65.75,https://www.itftennis.com/tennis/api/PlayerRankApi/GetPlayerRankings?circuitCode=JT&playerTypeCode=G&ageCategoryCode=&juniorRankingType=itf&take=100&skip=1200&isOrderAscending=true,2026-09-29T13:06:29.799Z
2026-09-28,F,1221,800746293,Harsha Karthika Oruganti,IND,India,2011,65.75,https://www.itftennis.com/tennis/api/PlayerRankApi/GetPlayerRankings?circuitCode=JT&playerTypeCode=G&ageCategoryCode=&juniorRankingType=itf&take=100&skip=1200&isOrderAscending=true,2026-09-29T13:06:29.799Z
2026-09-28,F,1222,800745755,Camila Morataya,ESA,El Salvador,2011,65.75,https://www.itftennis.com/tennis/api/PlayerRankApi/GetPlayerRankings?circuitCode=JT&playerTypeCode=G&ageCategoryCode=&juniorRankingType=itf&take=100&skip=1200&isOrderAscending=true,2026-09-29T13:06:29.799Z
2026-09-28,F,1223,800685081,Daniel Blustein,ISR,Israel,2011,65.5,https://www.itftennis.com/tennis/api/PlayerRankApi/GetPlayerRankings?circuitCode=JT&playerTypeCode=G&ageCategoryCode=&juniorRankingType=itf&take=100&skip=1200&isOrderAscending=true,2026-09-29T13:06:29.799Z
2026-09-28,F,1224,800717291,Patricia Cruciat,ROU,Romania,2011,65.5,https://www.itftennis.com/tennis/api/PlayerRankApi/GetPlayerRankings?circuitCode=JT&playerTypeCode=G&ageCategoryCode=&juniorRankingType=itf&take=100&skip=1200&isOrderAscending=true,2026-09-29T13:06:29.799Z
2026-09-28,F,1225,800817219,Armani Nalavade,IND,India,2008,65.5,https://www.itftennis.com/tennis/api/PlayerRankApi/GetPlayerRankings?circuitCode=JT&playerTypeCode=G&ageCategoryCode=&juniorRankingType=itf&take=100&skip=1200&isOrderAscending=true,2026-09-29T13:06:29.799Z
2026-09-28,F,1226,800724824,Kate Murray,GBR,Great Britain,2012,65.25,https://www.itftennis.com/tennis/api/PlayerRankApi/GetPlayerRankings?circuitCode=JT&playerTypeCode=G&ageCategoryCode=&juniorRankingType=itf&take=100&skip=1200&isOrderAscending=true,2026-09-29T13:06:29.799Z
2026-09-28,F,1227,800739709,Ling Sum Kana Leung,HKG,"Hong Kong, China",2010,65.25,https://www.itftennis.com/tennis/api/PlayerRankApi/GetPlayerRankings?circuitCode=JT&playerTypeCode=G&ageCategoryCode=&juniorRankingType=itf&take=100&skip=1200&isOrderAscending=true,2026-09-29T13:06:29.799Z
2026-09-28,F,1228,800655783,Viktoria Monge,ECU,Ecuador,2009,65,https://www.itftennis.com/tennis/api/PlayerRankApi/GetPlayerRankings?circuitCode=JT&playerTypeCode=G&ageCategoryCode=&juniorRankingType=itf&take=100&skip=1200&isOrderAscending=true,2026-09-29T13:06:29.799Z
2026-09-28,F,1229,800635944,Sophie Ehrenbergerova,CZE,Czechia,2008,65,https://www.itftennis.com/tennis/api/PlayerRankApi/GetPlayerRankings?circuitCode=JT&playerTypeCode=G&ageCategoryCode=&juniorRankingType=itf&take=100&skip=1200&isOrderAscending=true,2026-09-29T13:06:29.799Z
2026-09-28,F,1230,800750465,Mingxi Qu,CHN,"China, P.R.",2010,65,https://www.itftennis.com/tennis/api/PlayerRankApi/GetPlayerRankings?circuitCode=JT&playerTypeCode=G&ageCategoryCode=&juniorRankingType=itf&take=100&skip=1200&isOrderAscending=true,2026-09-29T13:06:29.799Z
2026-09-28,F,1231,800711165,Haya Radwan,EGY,Egypt,2009,65,https://www.itftennis.com/tennis/api/PlayerRankApi/GetPlayerRankings?circuitCode=JT&playerTypeCode=G&ageCategoryCode=&juniorRankingType=itf&take=100&skip=1200&isOrderAscending=true,2026-09-29T13:06:29.799Z
2026-09-28,F,1232,800693838,Elin Kalmus,EST,Estonia,2011,64.75,https://www.itftennis.com/tennis/api/PlayerRankApi/GetPlayerRankings?circuitCode=JT&playerTypeCode=G&ageCategoryCode=&juniorRankingType=itf&take=100&skip=1200&isOrderAscending=true,2026-09-29T13:06:29.799Z
2026-09-28,F,1233,800825409,Ayumi Ito,AUS,Australia,2012,64.5,https://www.itftennis.com/tennis/api/PlayerRankApi/GetPlayerRankings?circuitCode=JT&playerTypeCode=G&ageCategoryCode=&juniorRankingType=itf&take=100&skip=1200&isOrderAscending=true,2026-09-29T13:06:29.799Z
2026-09-28,F,1234,800782313,Lara Ramirez,PER,Peru,2010,64.5,https://www.itftennis.com/tennis/api/PlayerRankApi/GetPlayerRankings?circuitCode=JT&playerTypeCode=G&ageCategoryCode=&juniorRankingType=itf&take=100&skip=1200&isOrderAscending=true,2026-09-29T13:06:29.799Z
2026-09-28,F,1235,800675734,Elsa Goy,FRA,France,2011,64.5,https://www.itftennis.com/tennis/api/PlayerRankApi/GetPlayerRankings?circuitCode=JT&playerTypeCode=G&ageCategoryCode=&juniorRankingType=itf&take=100&skip=1200&isOrderAscending=true,2026-09-29T13:06:29.799Z
2026-09-28,F,1236,800707462,Vianka Carreno Quintana,PER,Peru,2010,64.25,https://www.itftennis.com/tennis/api/PlayerRankApi/GetPlayerRankings?circuitCode=JT&playerTypeCode=G&ageCategoryCode=&juniorRankingType=itf&take=100&skip=1200&isOrderAscending=true,2026-09-29T13:06:29.799Z
2026-09-28,F,1237,800751196,Martina Piccolo Nievas,ARG,Argentina,2011,64.25,https://www.itftennis.com/tennis/api/PlayerRankApi/GetPlayerRankings?circuitCode=JT&playerTypeCode=G&ageCategoryCode=&juniorRankingType=itf&take=100&skip=1200&isOrderAscending=true,2026-09-29T13:06:29.799Z
2026-09-28,F,1238,800725184,Zofia Barcik,FRA,France,2011,64.25,https://www.itftennis.com/tennis/api/PlayerRankApi/GetPlayerRankings?circuitCode=JT&playerTypeCode=G&ageCategoryCode=&juniorRankingType=itf&take=100&skip=1200&isOrderAscending=true,2026-09-29T13:06:29.799Z
2026-09-28,F,1239,800645516,Aline Amsalem,ISR,Israel,2010,64,https://www.itftennis.com/tennis/api/PlayerRankApi/GetPlayerRankings?circuitCode=JT&playerTypeCode=G&ageCategoryCode=&juniorRankingType=itf&take=100&skip=1200&isOrderAscending=true,2026-09-29T13:06:29.799Z
2026-09-28,F,1240,800733378,Lilly Jedrzejak,POL,Poland,2011,63.75,https://www.itftennis.com/tennis/api/PlayerRankApi/GetPlayerRankings?circuitCode=JT&playerTypeCode=G&ageCategoryCode=&juniorRankingType=itf&take=100&skip=1200&isOrderAscending=true,2026-09-29T13:06:29.799Z
2026-09-28,F,1241,800790392,Cyrine Triki,TUN,Tunisia,2011,63.75,https://www.itftennis.com/tennis/api/PlayerRankApi/GetPlayerRankings?circuitCode=JT&playerTypeCode=G&ageCategoryCode=&juniorRankingType=itf&take=100&skip=1200&isOrderAscending=true,2026-09-29T13:06:29.799Z
2026-09-28,F,1242,800752387,Veronica Rabinovich,CAN,Canada,2011,63.75,https://www.itftennis.com/tennis/api/PlayerRankApi/GetPlayerRankings?circuitCode=JT&playerTypeCode=G&ageCategoryCode=&juniorRankingType=itf&take=100&skip=1200&isOrderAscending=true,2026-09-29T13:06:29.799Z
2026-09-28,F,1243,800747960,Elisa Andreea Cucu,ROU,Romania,2011,63.75,https://www.itftennis.com/tennis/api/PlayerRankApi/GetPlayerRankings?circuitCode=JT&playerTypeCode=G&ageCategoryCode=&juniorRankingType=itf&take=100&skip=1200&isOrderAscending=true,2026-09-29T13:06:29.799Z
2026-09-28,F,1244,800773280,Zihan Feng,CHN,"China, P.R.",2010,63.25,https://www.itftennis.com/tennis/api/PlayerRankApi/GetPlayerRankings?circuitCode=JT&playerTypeCode=G&ageCategoryCode=&juniorRankingType=itf&take=100&skip=1200&isOrderAscending=true,2026-09-29T13:06:29.799Z
2026-09-28,F,1245,800679085,Alexie Normandin,CAN,Canada,2008,63,https://www.itftennis.com/tennis/api/PlayerRankApi/GetPlayerRankings?circuitCode=JT&playerTypeCode=G&ageCategoryCode=&juniorRankingType=itf&take=100&skip=1200&isOrderAscending=true,2026-09-29T13:06:29.799Z
2026-09-28,F,1246,800791638,Yueqi Fu,CHN,"China, P.R.",2011,62.75,https://www.itftennis.com/tennis/api/PlayerRankApi/GetPlayerRankings?circuitCode=JT&playerTypeCode=G&ageCategoryCode=&juniorRankingType=itf&take=100&skip=1200&isOrderAscending=true,2026-09-29T13:06:29.799Z
2026-09-28,F,1247,800678493,Mina Kondo,SUI,Switzerland,2009,62.75,https://www.itftennis.com/tennis/api/PlayerRankApi/GetPlayerRankings?circuitCode=JT&playerTypeCode=G&ageCategoryCode=&juniorRankingType=itf&take=100&skip=1200&isOrderAscending=true,2026-09-29T13:06:29.799Z
2026-09-28,F,1248,800637041,Oliwia Kuszel,POL,Poland,2008,62.5,https://www.itftennis.com/tennis/api/PlayerRankApi/GetPlayerRankings?circuitCode=JT&playerTypeCode=G&ageCategoryCode=&juniorRankingType=itf&take=100&skip=1200&isOrderAscending=true,2026-09-29T13:06:29.799Z
2026-09-28,F,1249,800714363,Veronica Mavero,ITA,Italy,2009,62.5,https://www.itftennis.com/tennis/api/PlayerRankApi/GetPlayerRankings?circuitCode=JT&playerTypeCode=G&ageCategoryCode=&juniorRankingType=itf&take=100&skip=1200&isOrderAscending=true,2026-09-29T13:06:29.799Z
2026-09-28,F,1250,800786074,Saatvi Parag Mardaniya,IND,India,2012,62.5,https://www.itftennis.com/tennis/api/PlayerRankApi/GetPlayerRankings?circuitCode=JT&playerTypeCode=G&ageCategoryCode=&juniorRankingType=itf&take=100&skip=1200&isOrderAscending=true,2026-09-29T13:06:29.799Z
2026-09-28,F,1251,800742306,Alice Luiza Semenova,USA,USA,2012,62.5,https://www.itftennis.com/tennis/api/PlayerRankApi/GetPlayerRankings?circuitCode=JT&playerTypeCode=G&ageCategoryCode=&juniorRankingType=itf&take=100&skip=1200&isOrderAscending=true,2026-09-29T13:06:29.799Z
2026-09-28,F,1252,800774284,Agathe Dayer,SUI,Switzerland,2010,62.25,https://www.itftennis.com/tennis/api/PlayerRankApi/GetPlayerRankings?circuitCode=JT&playerTypeCode=G&ageCategoryCode=&juniorRankingType=itf&take=100&skip=1200&isOrderAscending=true,2026-09-29T13:06:29.799Z
2026-09-28,F,1253,800644955,Lili Kordic,CRO,Croatia,2008,62.25,https://www.itftennis.com/tennis/api/PlayerRankApi/GetPlayerRankings?circuitCode=JT&playerTypeCode=G&ageCategoryCode=&juniorRankingType=itf&take=100&skip=1200&isOrderAscending=true,2026-09-29T13:06:29.799Z
2026-09-28,F,1254,800791798,Qige Yi,CHN,"China, P.R.",2011,62.25,https://www.itftennis.com/tennis/api/PlayerRankApi/GetPlayerRankings?circuitCode=JT&playerTypeCode=G&ageCategoryCode=&juniorRankingType=itf&take=100&skip=1200&isOrderAscending=true,2026-09-29T13:06:29.799Z
2026-09-28,F,1255,800711355,Mia Princip,AUS,Australia,2009,62.25,https://www.itftennis.com/tennis/api/PlayerRankApi/GetPlayerRankings?circuitCode=JT&playerTypeCode=G&ageCategoryCode=&juniorRankingType=itf&take=100&skip=1200&isOrderAscending=true,2026-09-29T13:06:29.799Z
2026-09-28,F,1256,800644091,Ceylin Konuralp,TUR,Turkiye,2009,62.25,https://www.itftennis.com/tennis/api/PlayerRankApi/GetPlayerRankings?circuitCode=JT&playerTypeCode=G&ageCategoryCode=&juniorRankingType=itf&take=100&skip=1200&isOrderAscending=true,2026-09-29T13:06:29.799Z
2026-09-28,F,1257,800737385,Ai Teng,CHN,"China, P.R.",2009,62.25,https://www.itftennis.com/tennis/api/PlayerRankApi/GetPlayerRankings?circuitCode=JT&playerTypeCode=G&ageCategoryCode=&juniorRankingType=itf&take=100&skip=1200&isOrderAscending=true,2026-09-29T13:06:29.799Z
2026-09-28,F,1258,800746186,Eliska Kucerova,CZE,Czechia,2011,62.25,https://www.itftennis.com/tennis/api/PlayerRankApi/GetPlayerRankings?circuitCode=JT&playerTypeCode=G&ageCategoryCode=&juniorRankingType=itf&take=100&skip=1200&isOrderAscending=true,2026-09-29T13:06:29.799Z
2026-09-28,F,1259,800690884,Ambre LE PRUNENEC,FRA,France,2011,62.25,https://www.itftennis.com/tennis/api/PlayerRankApi/GetPlayerRankings?circuitCode=JT&playerTypeCode=G&ageCategoryCode=&juniorRankingType=itf&take=100&skip=1200&isOrderAscending=true,2026-09-29T13:06:29.799Z
2026-09-28,F,1260,800705902,Paramee Tadkaew,THA,Thailand,2009,62,https://www.itftennis.com/tennis/api/PlayerRankApi/GetPlayerRankings?circuitCode=JT&playerTypeCode=G&ageCategoryCode=&juniorRankingType=itf&take=100&skip=1200&isOrderAscending=true,2026-09-29T13:06:29.799Z
2026-09-28,F,1261,800822429,Enya Neagu,USA,USA,2010,62,https://www.itftennis.com/tennis/api/PlayerRankApi/GetPlayerRankings?circuitCode=JT&playerTypeCode=G&ageCategoryCode=&juniorRankingType=itf&take=100&skip=1200&isOrderAscending=true,2026-09-29T13:06:29.799Z
2026-09-28,F,1262,800669942,Anastasiia Iezerska,UKR,Ukraine,2009,62,https://www.itftennis.com/tennis/api/PlayerRankApi/GetPlayerRankings?circuitCode=JT&playerTypeCode=G&ageCategoryCode=&juniorRankingType=itf&take=100&skip=1200&isOrderAscending=true,2026-09-29T13:06:29.799Z
2026-09-28,F,1263,800707898,Margherita Ferretti,ITA,Italy,2010,61.75,https://www.itftennis.com/tennis/api/PlayerRankApi/GetPlayerRankings?circuitCode=JT&playerTypeCode=G&ageCategoryCode=&juniorRankingType=itf&take=100&skip=1200&isOrderAscending=true,2026-09-29T13:06:29.799Z
2026-09-28,F,1264,800640374,GURLEEN KAUR KHANUJA,IND,India,2008,61.75,https://www.itftennis.com/tennis/api/PlayerRankApi/GetPlayerRankings?circuitCode=JT&playerTypeCode=G&ageCategoryCode=&juniorRankingType=itf&take=100&skip=1200&isOrderAscending=true,2026-09-29T13:06:29.799Z
2026-09-28,F,1265,800670353,Viktorie Dufkova,CZE,Czechia,2010,61.75,https://www.itftennis.com/tennis/api/PlayerRankApi/GetPlayerRankings?circuitCode=JT&playerTypeCode=G&ageCategoryCode=&juniorRankingType=itf&take=100&skip=1200&isOrderAscending=true,2026-09-29T13:06:29.799Z
2026-09-28,F,1266,800781385,Saranya Agarwal,USA,USA,2011,61.5,https://www.itftennis.com/tennis/api/PlayerRankApi/GetPlayerRankings?circuitCode=JT&playerTypeCode=G&ageCategoryCode=&juniorRankingType=itf&take=100&skip=1200&isOrderAscending=true,2026-09-29T13:06:29.799Z
2026-09-28,F,1267,800723153,Matilda Casarini,ARG,Argentina,2009,61.5,https://www.itftennis.com/tennis/api/PlayerRankApi/GetPlayerRankings?circuitCode=JT&playerTypeCode=G&ageCategoryCode=&juniorRankingType=itf&take=100&skip=1200&isOrderAscending=true,2026-09-29T13:06:29.799Z
2026-09-28,F,1268,800644118,Maja Schweika,GER,Germany,2010,61.25,https://www.itftennis.com/tennis/api/PlayerRankApi/GetPlayerRankings?circuitCode=JT&playerTypeCode=G&ageCategoryCode=&juniorRankingType=itf&take=100&skip=1200&isOrderAscending=true,2026-09-29T13:06:29.799Z
2026-09-28,F,1269,800597851,Yelena Lebeau,FRA,France,2009,61,https://www.itftennis.com/tennis/api/PlayerRankApi/GetPlayerRankings?circuitCode=JT&playerTypeCode=G&ageCategoryCode=&juniorRankingType=itf&take=100&skip=1200&isOrderAscending=true,2026-09-29T13:06:29.799Z
2026-09-28,F,1270,800664483,Sofia Saprykina,RUS,Russia,2009,61,https://www.itftennis.com/tennis/api/PlayerRankApi/GetPlayerRankings?circuitCode=JT&playerTypeCode=G&ageCategoryCode=&juniorRankingType=itf&take=100&skip=1200&isOrderAscending=true,2026-09-29T13:06:29.799Z
2026-09-28,F,1271,800672259,Gaia Donati,ITA,Italy,2010,61,https://www.itftennis.com/tennis/api/PlayerRankApi/GetPlayerRankings?circuitCode=JT&playerTypeCode=G&ageCategoryCode=&juniorRankingType=itf&take=100&skip=1200&isOrderAscending=true,2026-09-29T13:06:29.799Z
2026-09-28,F,1272,800706534,Katerina Halamova,CZE,Czechia,2008,61,https://www.itftennis.com/tennis/api/PlayerRankApi/GetPlayerRankings?circuitCode=JT&playerTypeCode=G&ageCategoryCode=&juniorRankingType=itf&take=100&skip=1200&isOrderAscending=true,2026-09-29T13:06:29.799Z
2026-09-28,F,1273,800676413,Lucy Bear,GBR,Great Britain,2010,61,https://www.itftennis.com/tennis/api/PlayerRankApi/GetPlayerRankings?circuitCode=JT&playerTypeCode=G&ageCategoryCode=&juniorRankingType=itf&take=100&skip=1200&isOrderAscending=true,2026-09-29T13:06:29.799Z
2026-09-28,F,1274,800667330,Dragica Stevanovic,SRB,Serbia,2010,61,https://www.itftennis.com/tennis/api/PlayerRankApi/GetPlayerRankings?circuitCode=JT&playerTypeCode=G&ageCategoryCode=&juniorRankingType=itf&take=100&skip=1200&isOrderAscending=true,2026-09-29T13:06:29.799Z
2026-09-28,F,1275,800597650,Eva Iurina,MDA,Moldova,2008,60.75,https://www.itftennis.com/tennis/api/PlayerRankApi/GetPlayerRankings?circuitCode=JT&playerTypeCode=G&ageCategoryCode=&juniorRankingType=itf&take=100&skip=1200&isOrderAscending=true,2026-09-29T13:06:29.799Z
2026-09-28,F,1276,800653276,Emilia Milash,RUS,Russia,2009,60.75,https://www.itftennis.com/tennis/api/PlayerRankApi/GetPlayerRankings?circuitCode=JT&playerTypeCode=G&ageCategoryCode=&juniorRankingType=itf&take=100&skip=1200&isOrderAscending=true,2026-09-29T13:06:29.799Z
2026-09-28,F,1277,800665539,Paulina Maier,AUT,Austria,2008,60.75,https://www.itftennis.com/tennis/api/PlayerRankApi/GetPlayerRankings?circuitCode=JT&playerTypeCode=G&ageCategoryCode=&juniorRankingType=itf&take=100&skip=1200&isOrderAscending=true,2026-09-29T13:06:29.799Z
2026-09-28,F,1278,800692201,Kira Ugolnikova,RUS,Russia,2011,60.75,https://www.itftennis.com/tennis/api/PlayerRankApi/GetPlayerRankings?circuitCode=JT&playerTypeCode=G&ageCategoryCode=&juniorRankingType=itf&take=100&skip=1200&isOrderAscending=true,2026-09-29T13:06:29.799Z
2026-09-28,F,1279,800681459,Elnura Boltaboyeva,UZB,Uzbekistan,2010,60.5,https://www.itftennis.com/tennis/api/PlayerRankApi/GetPlayerRankings?circuitCode=JT&playerTypeCode=G&ageCategoryCode=&juniorRankingType=itf&take=100&skip=1200&isOrderAscending=true,2026-09-29T13:06:29.799Z
2026-09-28,F,1280,800778092,Nonna De Ribot Montaner,ESP,Spain,2011,60.5,https://www.itftennis.com/tennis/api/PlayerRankApi/GetPlayerRankings?circuitCode=JT&playerTypeCode=G&ageCategoryCode=&juniorRankingType=itf&take=100&skip=1200&isOrderAscending=true,2026-09-29T13:06:29.799Z
2026-09-28,F,1281,800828624,Soo-Ah Byun,USA,USA,2011,60.5,https://www.itftennis.com/tennis/api/PlayerRankApi/GetPlayerRankings?circuitCode=JT&playerTypeCode=G&ageCategoryCode=&juniorRankingType=itf&take=100&skip=1200&isOrderAscending=true,2026-09-29T13:06:29.799Z
2026-09-28,F,1282,800748827,Nana Ohkawa,JPN,Japan,2012,60.5,https://www.itftennis.com/tennis/api/PlayerRankApi/GetPlayerRankings?circuitCode=JT&playerTypeCode=G&ageCategoryCode=&juniorRankingType=itf&take=100&skip=1200&isOrderAscending=true,2026-09-29T13:06:29.799Z
2026-09-28,F,1283,800656908,Jessica Laura Pabisiak,POL,Poland,2009,60.5,https://www.itftennis.com/tennis/api/PlayerRankApi/GetPlayerRankings?circuitCode=JT&playerTypeCode=G&ageCategoryCode=&juniorRankingType=itf&take=100&skip=1200&isOrderAscending=true,2026-09-29T13:06:29.799Z
2026-09-28,F,1284,800635194,Sara Khamitova,KAZ,Kazakhstan,2009,60.25,https://www.itftennis.com/tennis/api/PlayerRankApi/GetPlayerRankings?circuitCode=JT&playerTypeCode=G&ageCategoryCode=&juniorRankingType=itf&take=100&skip=1200&isOrderAscending=true,2026-09-29T13:06:29.799Z
2026-09-28,F,1285,800836533,Gwendolyn Duvor Klu,GHA,Ghana,2009,60.25,https://www.itftennis.com/tennis/api/PlayerRankApi/GetPlayerRankings?circuitCode=JT&playerTypeCode=G&ageCategoryCode=&juniorRankingType=itf&take=100&skip=1200&isOrderAscending=true,2026-09-29T13:06:29.799Z
2026-09-28,F,1286,800668639,Tegan Bush,GBR,Great Britain,2008,60,https://www.itftennis.com/tennis/api/PlayerRankApi/GetPlayerRankings?circuitCode=JT&playerTypeCode=G&ageCategoryCode=&juniorRankingType=itf&take=100&skip=1200&isOrderAscending=true,2026-09-29T13:06:29.799Z
2026-09-28,F,1287,800597456,Gala Ivanovic,SRB,Serbia,2008,60,https://www.itftennis.com/tennis/api/PlayerRankApi/GetPlayerRankings?circuitCode=JT&playerTypeCode=G&ageCategoryCode=&juniorRankingType=itf&take=100&skip=1200&isOrderAscending=true,2026-09-29T13:06:29.799Z
2026-09-28,F,1288,800813884,Karissa Chang,USA,USA,2010,60,https://www.itftennis.com/tennis/api/PlayerRankApi/GetPlayerRankings?circuitCode=JT&playerTypeCode=G&ageCategoryCode=&juniorRankingType=itf&take=100&skip=1200&isOrderAscending=true,2026-09-29T13:06:29.799Z
2026-09-28,F,1289,800582537,Victoire Lansaman,FRA,France,2008,60,https://www.itftennis.com/tennis/api/PlayerRankApi/GetPlayerRankings?circuitCode=JT&playerTypeCode=G&ageCategoryCode=&juniorRankingType=itf&take=100&skip=1200&isOrderAscending=true,2026-09-29T13:06:29.799Z
2026-09-28,F,1289,800668262,Teodora Prisadnikova,GBR,Great Britain,2008,60,https://www.itftennis.com/tennis/api/PlayerRankApi/GetPlayerRankings?circuitCode=JT&playerTypeCode=G&ageCategoryCode=&juniorRankingType=itf&take=100&skip=1200&isOrderAscending=true,2026-09-29T13:06:29.799Z
2026-09-28,F,1291,800731211,Gabriella Chase,CAN,Canada,2011,60,https://www.itftennis.com/tennis/api/PlayerRankApi/GetPlayerRankings?circuitCode=JT&playerTypeCode=G&ageCategoryCode=&juniorRankingType=itf&take=100&skip=1200&isOrderAscending=true,2026-09-29T13:06:29.799Z
2026-09-28,F,1292,800687091,Klara Pirkova,CZE,Czechia,2009,60,https://www.itftennis.com/tennis/api/PlayerRankApi/GetPlayerRankings?circuitCode=JT&playerTypeCode=G&ageCategoryCode=&juniorRankingType=itf&take=100&skip=1200&isOrderAscending=true,2026-09-29T13:06:29.799Z
2026-09-28,F,1293,800784455,Sara Sofia Lopez Gutierrez,COL,Colombia,2010,60,https://www.itftennis.com/tennis/api/PlayerRankApi/GetPlayerRankings?circuitCode=JT&playerTypeCode=G&ageCategoryCode=&juniorRankingType=itf&take=100&skip=1200&isOrderAscending=true,2026-09-29T13:06:29.799Z
2026-09-28,F,1294,800749251,Maja Trojanowska,IRL,Ireland,2011,60,https://www.itftennis.com/tennis/api/PlayerRankApi/GetPlayerRankings?circuitCode=JT&playerTypeCode=G&ageCategoryCode=&juniorRankingType=itf&take=100&skip=1200&isOrderAscending=true,2026-09-29T13:06:29.799Z
2026-09-28,F,1295,800779048,Edurne Tortajada,ESP,Spain,2012,59.75,https://www.itftennis.com/tennis/api/PlayerRankApi/GetPlayerRankings?circuitCode=JT&playerTypeCode=G&ageCategoryCode=&juniorRankingType=itf&take=100&skip=1200&isOrderAscending=true,2026-09-29T13:06:29.799Z
2026-09-28,F,1296,800695461,Maria Jimenez Perez,ESP,Spain,2009,59.75,https://www.itftennis.com/tennis/api/PlayerRankApi/GetPlayerRankings?circuitCode=JT&playerTypeCode=G&ageCategoryCode=&juniorRankingType=itf&take=100&skip=1200&isOrderAscending=true,2026-09-29T13:06:29.799Z
2026-09-28,F,1297,800683053,KIKA LIMA,POR,Portugal,2010,59.75,https://www.itftennis.com/tennis/api/PlayerRankApi/GetPlayerRankings?circuitCode=JT&playerTypeCode=G&ageCategoryCode=&juniorRankingType=itf&take=100&skip=1200&isOrderAscending=true,2026-09-29T13:06:29.799Z
2026-09-28,F,1298,800709491,Claire Hirschi,AUS,Australia,2012,59.5,https://www.itftennis.com/tennis/api/PlayerRankApi/GetPlayerRankings?circuitCode=JT&playerTypeCode=G&ageCategoryCode=&juniorRankingType=itf&take=100&skip=1200&isOrderAscending=true,2026-09-29T13:06:29.799Z
2026-09-28,F,1299,800763081,Gabriela Guapindaia Soares,BRA,Brazil,2008,59.5,https://www.itftennis.com/tennis/api/PlayerRankApi/GetPlayerRankings?circuitCode=JT&playerTypeCode=G&ageCategoryCode=&juniorRankingType=itf&take=100&skip=1200&isOrderAscending=true,2026-09-29T13:06:29.799Z
2026-09-28,F,1300,800681552,Georgiana-Victoria Juchi,ROU,Romania,2009,59.5,https://www.itftennis.com/tennis/api/PlayerRankApi/GetPlayerRankings?circuitCode=JT&playerTypeCode=G&ageCategoryCode=&juniorRankingType=itf&take=100&skip=1200&isOrderAscending=true,2026-09-29T13:06:29.799Z
2026-09-28,F,1301,800626090,Polina Bershteyn,RUS,Russia,2008,59.5,https://www.itftennis.com/tennis/api/PlayerRankApi/GetPlayerRankings?circuitCode=JT&playerTypeCode=G&ageCategoryCode=&juniorRankingType=itf&take=100&skip=1300&isOrderAscending=true,2026-09-29T13:06:45.307Z
2026-09-28,F,1302,800732871,Tessa Puente,CAN,Canada,2011,59.5,https://www.itftennis.com/tennis/api/PlayerRankApi/GetPlayerRankings?circuitCode=JT&playerTypeCode=G&ageCategoryCode=&juniorRankingType=itf&take=100&skip=1300&isOrderAscending=true,2026-09-29T13:06:45.307Z
2026-09-28,F,1303,800690951,Paige Wygodzki,USA,USA,2008,59.25,https://www.itftennis.com/tennis/api/PlayerRankApi/GetPlayerRankings?circuitCode=JT&playerTypeCode=G&ageCategoryCode=&juniorRankingType=itf&take=100&skip=1300&isOrderAscending=true,2026-09-29T13:06:45.307Z
2026-09-28,F,1304,800694758,Kaia Giribalan,USA,USA,2008,59.25,https://www.itftennis.com/tennis/api/PlayerRankApi/GetPlayerRankings?circuitCode=JT&playerTypeCode=G&ageCategoryCode=&juniorRankingType=itf&take=100&skip=1300&isOrderAscending=true,2026-09-29T13:06:45.307Z
2026-09-28,F,1305,800594608,Sveva Sveva Fumagalli,ITA,Italy,2008,59.25,https://www.itftennis.com/tennis/api/PlayerRankApi/GetPlayerRankings?circuitCode=JT&playerTypeCode=G&ageCategoryCode=&juniorRankingType=itf&take=100&skip=1300&isOrderAscending=true,2026-09-29T13:06:45.307Z
2026-09-28,F,1306,800718752,Milagros Belen Laino,ARG,Argentina,2009,59.25,https://www.itftennis.com/tennis/api/PlayerRankApi/GetPlayerRankings?circuitCode=JT&playerTypeCode=G&ageCategoryCode=&juniorRankingType=itf&take=100&skip=1300&isOrderAscending=true,2026-09-29T13:06:45.307Z
2026-09-28,F,1307,800740089,Jiwoo Jang,KOR,"Korea, Rep.",2011,59.25,https://www.itftennis.com/tennis/api/PlayerRankApi/GetPlayerRankings?circuitCode=JT&playerTypeCode=G&ageCategoryCode=&juniorRankingType=itf&take=100&skip=1300&isOrderAscending=true,2026-09-29T13:06:45.307Z
2026-09-28,F,1308,800770333,Leonie Schauer,AUT,Austria,2010,59,https://www.itftennis.com/tennis/api/PlayerRankApi/GetPlayerRankings?circuitCode=JT&playerTypeCode=G&ageCategoryCode=&juniorRankingType=itf&take=100&skip=1300&isOrderAscending=true,2026-09-29T13:06:45.307Z
2026-09-28,F,1309,800676755,Irene Basalo Magdaleno,ESP,Spain,2010,59,https://www.itftennis.com/tennis/api/PlayerRankApi/GetPlayerRankings?circuitCode=JT&playerTypeCode=G&ageCategoryCode=&juniorRankingType=itf&take=100&skip=1300&isOrderAscending=true,2026-09-29T13:06:45.307Z
2026-09-28,F,1310,800739042,Fin Gybels,BEL,Belgium,2011,59,https://www.itftennis.com/tennis/api/PlayerRankApi/GetPlayerRankings?circuitCode=JT&playerTypeCode=G&ageCategoryCode=&juniorRankingType=itf&take=100&skip=1300&isOrderAscending=true,2026-09-29T13:06:45.307Z
2026-09-28,F,1311,800677777,Ainara Fernandez Sanchez,ESP,Spain,2009,58.75,https://www.itftennis.com/tennis/api/PlayerRankApi/GetPlayerRankings?circuitCode=JT&playerTypeCode=G&ageCategoryCode=&juniorRankingType=itf&take=100&skip=1300&isOrderAscending=true,2026-09-29T13:06:45.307Z
2026-09-28,F,1312,800699023,Ia Reyes Romero,MEX,Mexico,2008,58.75,https://www.itftennis.com/tennis/api/PlayerRankApi/GetPlayerRankings?circuitCode=JT&playerTypeCode=G&ageCategoryCode=&juniorRankingType=itf&take=100&skip=1300&isOrderAscending=true,2026-09-29T13:06:45.307Z
2026-09-28,F,1313,800601225,ISABELLA Giraldo,COL,Colombia,2008,58.75,https://www.itftennis.com/tennis/api/PlayerRankApi/GetPlayerRankings?circuitCode=JT&playerTypeCode=G&ageCategoryCode=&juniorRankingType=itf&take=100&skip=1300&isOrderAscending=true,2026-09-29T13:06:45.307Z
2026-09-28,F,1314,800777308,Iman Bajramovic,CAN,Canada,2009,58.5,https://www.itftennis.com/tennis/api/PlayerRankApi/GetPlayerRankings?circuitCode=JT&playerTypeCode=G&ageCategoryCode=&juniorRankingType=itf&take=100&skip=1300&isOrderAscending=true,2026-09-29T13:06:45.307Z
2026-09-28,F,1315,800665417,Diletta DAmico,ITA,Italy,2009,58.25,https://www.itftennis.com/tennis/api/PlayerRankApi/GetPlayerRankings?circuitCode=JT&playerTypeCode=G&ageCategoryCode=&juniorRankingType=itf&take=100&skip=1300&isOrderAscending=true,2026-09-29T13:06:45.307Z
2026-09-28,F,1315,800868328,Gabrielle Alexa Villegas,USA,USA,2012,58.25,https://www.itftennis.com/tennis/api/PlayerRankApi/GetPlayerRankings?circuitCode=JT&playerTypeCode=G&ageCategoryCode=&juniorRankingType=itf&take=100&skip=1300&isOrderAscending=true,2026-09-29T13:06:45.307Z
2026-09-28,F,1317,800778456,Kexin Yu,CHN,"China, P.R.",2009,58.25,https://www.itftennis.com/tennis/api/PlayerRankApi/GetPlayerRankings?circuitCode=JT&playerTypeCode=G&ageCategoryCode=&juniorRankingType=itf&take=100&skip=1300&isOrderAscending=true,2026-09-29T13:06:45.307Z
2026-09-28,F,1318,800786587,Carmen Fuentes,GUA,Guatemala,2010,58,https://www.itftennis.com/tennis/api/PlayerRankApi/GetPlayerRankings?circuitCode=JT&playerTypeCode=G&ageCategoryCode=&juniorRankingType=itf&take=100&skip=1300&isOrderAscending=true,2026-09-29T13:06:45.307Z
2026-09-28,F,1319,800703288,Maria Pares Bergnes de las Casas,ESP,Spain,2009,58,https://www.itftennis.com/tennis/api/PlayerRankApi/GetPlayerRankings?circuitCode=JT&playerTypeCode=G&ageCategoryCode=&juniorRankingType=itf&take=100&skip=1300&isOrderAscending=true,2026-09-29T13:06:45.307Z
2026-09-28,F,1320,800712053,Jennifer Ott,AUS,Australia,2010,57.75,https://www.itftennis.com/tennis/api/PlayerRankApi/GetPlayerRankings?circuitCode=JT&playerTypeCode=G&ageCategoryCode=&juniorRankingType=itf&take=100&skip=1300&isOrderAscending=true,2026-09-29T13:06:45.307Z
2026-09-28,F,1321,800667510,Anna Kazinjan,EST,Estonia,2010,57.75,https://www.itftennis.com/tennis/api/PlayerRankApi/GetPlayerRankings?circuitCode=JT&playerTypeCode=G&ageCategoryCode=&juniorRankingType=itf&take=100&skip=1300&isOrderAscending=true,2026-09-29T13:06:45.307Z
2026-09-28,F,1322,800766434,Olivia Frauchiger,SUI,Switzerland,2010,57.75,https://www.itftennis.com/tennis/api/PlayerRankApi/GetPlayerRankings?circuitCode=JT&playerTypeCode=G&ageCategoryCode=&juniorRankingType=itf&take=100&skip=1300&isOrderAscending=true,2026-09-29T13:06:45.307Z
2026-09-28,F,1323,800738396,Sophia Osipova,USA,USA,2010,57.75,https://www.itftennis.com/tennis/api/PlayerRankApi/GetPlayerRankings?circuitCode=JT&playerTypeCode=G&ageCategoryCode=&juniorRankingType=itf&take=100&skip=1300&isOrderAscending=true,2026-09-29T13:06:45.307Z
2026-09-28,F,1324,800587248,Ying Chi Chloe Wong,HKG,"Hong Kong, China",2009,57.75,https://www.itftennis.com/tennis/api/PlayerRankApi/GetPlayerRankings?circuitCode=JT&playerTypeCode=G&ageCategoryCode=&juniorRankingType=itf&take=100&skip=1300&isOrderAscending=true,2026-09-29T13:06:45.307Z
2026-09-28,F,1325,800705909,Rebecca Gurghean,ITA,Italy,2010,57.5,https://www.itftennis.com/tennis/api/PlayerRankApi/GetPlayerRankings?circuitCode=JT&playerTypeCode=G&ageCategoryCode=&juniorRankingType=itf&take=100&skip=1300&isOrderAscending=true,2026-09-29T13:06:45.307Z
2026-09-28,F,1326,800741741,Yishan Xu,CHN,"China, P.R.",2010,57.25,https://www.itftennis.com/tennis/api/PlayerRankApi/GetPlayerRankings?circuitCode=JT&playerTypeCode=G&ageCategoryCode=&juniorRankingType=itf&take=100&skip=1300&isOrderAscending=true,2026-09-29T13:06:45.307Z
2026-09-28,F,1327,800766610,Tatum Venter,RSA,South Africa,2010,57.25,https://www.itftennis.com/tennis/api/PlayerRankApi/GetPlayerRankings?circuitCode=JT&playerTypeCode=G&ageCategoryCode=&juniorRankingType=itf&take=100&skip=1300&isOrderAscending=true,2026-09-29T13:06:45.307Z
2026-09-28,F,1328,800777943,Carlota Garibay Romero,MEX,Mexico,2009,57,https://www.itftennis.com/tennis/api/PlayerRankApi/GetPlayerRankings?circuitCode=JT&playerTypeCode=G&ageCategoryCode=&juniorRankingType=itf&take=100&skip=1300&isOrderAscending=true,2026-09-29T13:06:45.307Z
2026-09-28,F,1329,800676349,Valentina Carreras Medina,ESP,Spain,2009,57,https://www.itftennis.com/tennis/api/PlayerRankApi/GetPlayerRankings?circuitCode=JT&playerTypeCode=G&ageCategoryCode=&juniorRankingType=itf&take=100&skip=1300&isOrderAscending=true,2026-09-29T13:06:45.307Z
2026-09-28,F,1330,800656608,Despoina Koskina,GRE,Greece,2008,57,https://www.itftennis.com/tennis/api/PlayerRankApi/GetPlayerRankings?circuitCode=JT&playerTypeCode=G&ageCategoryCode=&juniorRankingType=itf&take=100&skip=1300&isOrderAscending=true,2026-09-29T13:06:45.307Z
2026-09-28,F,1331,800594473,Ingrid Ioana Sanduleasa,ROU,Romania,2008,57,https://www.itftennis.com/tennis/api/PlayerRankApi/GetPlayerRankings?circuitCode=JT&playerTypeCode=G&ageCategoryCode=&juniorRankingType=itf&take=100&skip=1300&isOrderAscending=true,2026-09-29T13:06:45.307Z
2026-09-28,F,1332,800677652,Abril Pajello,ARG,Argentina,2009,57,https://www.itftennis.com/tennis/api/PlayerRankApi/GetPlayerRankings?circuitCode=JT&playerTypeCode=G&ageCategoryCode=&juniorRankingType=itf&take=100&skip=1300&isOrderAscending=true,2026-09-29T13:06:45.307Z
2026-09-28,F,1333,800799228,Hanyu Wang,CHN,"China, P.R.",2010,57,https://www.itftennis.com/tennis/api/PlayerRankApi/GetPlayerRankings?circuitCode=JT&playerTypeCode=G&ageCategoryCode=&juniorRankingType=itf&take=100&skip=1300&isOrderAscending=true,2026-09-29T13:06:45.307Z
2026-09-28,F,1334,800844783,Alissa Jean-Baptiste,USA,USA,2010,57,https://www.itftennis.com/tennis/api/PlayerRankApi/GetPlayerRankings?circuitCode=JT&playerTypeCode=G&ageCategoryCode=&juniorRankingType=itf&take=100&skip=1300&isOrderAscending=true,2026-09-29T13:06:45.307Z
2026-09-28,F,1335,800746205,Jaiya Siffrard,USA,USA,2010,57,https://www.itftennis.com/tennis/api/PlayerRankApi/GetPlayerRankings?circuitCode=JT&playerTypeCode=G&ageCategoryCode=&juniorRankingType=itf&take=100&skip=1300&isOrderAscending=true,2026-09-29T13:06:45.307Z
2026-09-28,F,1336,800668570,Valentina Bailey,FRA,France,2009,57,https://www.itftennis.com/tennis/api/PlayerRankApi/GetPlayerRankings?circuitCode=JT&playerTypeCode=G&ageCategoryCode=&juniorRankingType=itf&take=100&skip=1300&isOrderAscending=true,2026-09-29T13:06:45.307Z
2026-09-28,F,1337,800741081,Sophia Xie,CAN,Canada,2010,56.75,https://www.itftennis.com/tennis/api/PlayerRankApi/GetPlayerRankings?circuitCode=JT&playerTypeCode=G&ageCategoryCode=&juniorRankingType=itf&take=100&skip=1300&isOrderAscending=true,2026-09-29T13:06:45.307Z
2026-09-28,F,1338,800734209,Miranda Sofia Escamilla Morales,MEX,Mexico,2009,56.75,https://www.itftennis.com/tennis/api/PlayerRankApi/GetPlayerRankings?circuitCode=JT&playerTypeCode=G&ageCategoryCode=&juniorRankingType=itf&take=100&skip=1300&isOrderAscending=true,2026-09-29T13:06:45.307Z
2026-09-28,F,1339,800776202,Anna Paula Perez,MEX,Mexico,2010,56.75,https://www.itftennis.com/tennis/api/PlayerRankApi/GetPlayerRankings?circuitCode=JT&playerTypeCode=G&ageCategoryCode=&juniorRankingType=itf&take=100&skip=1300&isOrderAscending=true,2026-09-29T13:06:45.307Z
2026-09-28,F,1340,800740517,Tina Jansone,LAT,Latvia,2013,56.75,https://www.itftennis.com/tennis/api/PlayerRankApi/GetPlayerRankings?circuitCode=JT&playerTypeCode=G&ageCategoryCode=&juniorRankingType=itf&take=100&skip=1300&isOrderAscending=true,2026-09-29T13:06:45.307Z
2026-09-28,F,1341,800711878,Isabella Pisarczyk,USA,USA,2008,56.5,https://www.itftennis.com/tennis/api/PlayerRankApi/GetPlayerRankings?circuitCode=JT&playerTypeCode=G&ageCategoryCode=&juniorRankingType=itf&take=100&skip=1300&isOrderAscending=true,2026-09-29T13:06:45.307Z
2026-09-28,F,1342,800660852,Tinatini Mtvarelishvili,GEO,Georgia,2009,56.5,https://www.itftennis.com/tennis/api/PlayerRankApi/GetPlayerRankings?circuitCode=JT&playerTypeCode=G&ageCategoryCode=&juniorRankingType=itf&take=100&skip=1300&isOrderAscending=true,2026-09-29T13:06:45.307Z
2026-09-28,F,1343,800755253,mengxi sun,CHN,"China, P.R.",2012,56.5,https://www.itftennis.com/tennis/api/PlayerRankApi/GetPlayerRankings?circuitCode=JT&playerTypeCode=G&ageCategoryCode=&juniorRankingType=itf&take=100&skip=1300&isOrderAscending=true,2026-09-29T13:06:45.307Z
2026-09-28,F,1344,800640096,Safina Safiulina,KAZ,Kazakhstan,2009,56.5,https://www.itftennis.com/tennis/api/PlayerRankApi/GetPlayerRankings?circuitCode=JT&playerTypeCode=G&ageCategoryCode=&juniorRankingType=itf&take=100&skip=1300&isOrderAscending=true,2026-09-29T13:06:45.307Z
2026-09-28,F,1345,800743056,Delfina Ruete,ARG,Argentina,2009,56.5,https://www.itftennis.com/tennis/api/PlayerRankApi/GetPlayerRankings?circuitCode=JT&playerTypeCode=G&ageCategoryCode=&juniorRankingType=itf&take=100&skip=1300&isOrderAscending=true,2026-09-29T13:06:45.307Z
2026-09-28,F,1346,800687454,Farah Rebai,TUN,Tunisia,2008,56.5,https://www.itftennis.com/tennis/api/PlayerRankApi/GetPlayerRankings?circuitCode=JT&playerTypeCode=G&ageCategoryCode=&juniorRankingType=itf&take=100&skip=1300&isOrderAscending=true,2026-09-29T13:06:45.307Z
2026-09-28,F,1347,800786198,Hinata Morishita,JPN,Japan,2010,56.25,https://www.itftennis.com/tennis/api/PlayerRankApi/GetPlayerRankings?circuitCode=JT&playerTypeCode=G&ageCategoryCode=&juniorRankingType=itf&take=100&skip=1300&isOrderAscending=true,2026-09-29T13:06:45.307Z
2026-09-28,F,1348,800675688,Tahlia Kokkinis,AUS,Australia,2008,56.25,https://www.itftennis.com/tennis/api/PlayerRankApi/GetPlayerRankings?circuitCode=JT&playerTypeCode=G&ageCategoryCode=&juniorRankingType=itf&take=100&skip=1300&isOrderAscending=true,2026-09-29T13:06:45.307Z
2026-09-28,F,1348,800636563,Lea Nilsson,SWE,Sweden,2008,56.25,https://www.itftennis.com/tennis/api/PlayerRankApi/GetPlayerRankings?circuitCode=JT&playerTypeCode=G&ageCategoryCode=&juniorRankingType=itf&take=100&skip=1300&isOrderAscending=true,2026-09-29T13:06:45.307Z
2026-09-28,F,1350,800709551,Mia Slatina,AUS,Australia,2010,56,https://www.itftennis.com/tennis/api/PlayerRankApi/GetPlayerRankings?circuitCode=JT&playerTypeCode=G&ageCategoryCode=&juniorRankingType=itf&take=100&skip=1300&isOrderAscending=true,2026-09-29T13:06:45.307Z
2026-09-28,F,1351,800837168,Angel Maria Chakanyuka,BOT,Botswana,2012,56,https://www.itftennis.com/tennis/api/PlayerRankApi/GetPlayerRankings?circuitCode=JT&playerTypeCode=G&ageCategoryCode=&juniorRankingType=itf&take=100&skip=1300&isOrderAscending=true,2026-09-29T13:06:45.307Z
2026-09-28,F,1352,800668244,Gabby Read,GBR,Great Britain,2009,56,https://www.itftennis.com/tennis/api/PlayerRankApi/GetPlayerRankings?circuitCode=JT&playerTypeCode=G&ageCategoryCode=&juniorRankingType=itf&take=100&skip=1300&isOrderAscending=true,2026-09-29T13:06:45.307Z
2026-09-28,F,1353,800745596,Virginia Zema,ITA,Italy,2010,56,https://www.itftennis.com/tennis/api/PlayerRankApi/GetPlayerRankings?circuitCode=JT&playerTypeCode=G&ageCategoryCode=&juniorRankingType=itf&take=100&skip=1300&isOrderAscending=true,2026-09-29T13:06:45.307Z
2026-09-28,F,1354,800738545,Yeva Husieva,UKR,Ukraine,2011,55.75,https://www.itftennis.com/tennis/api/PlayerRankApi/GetPlayerRankings?circuitCode=JT&playerTypeCode=G&ageCategoryCode=&juniorRankingType=itf&take=100&skip=1300&isOrderAscending=true,2026-09-29T13:06:45.307Z
2026-09-28,F,1355,800663260,Diya Chaudhary,IND,India,2009,55.75,https://www.itftennis.com/tennis/api/PlayerRankApi/GetPlayerRankings?circuitCode=JT&playerTypeCode=G&ageCategoryCode=&juniorRankingType=itf&take=100&skip=1300&isOrderAscending=true,2026-09-29T13:06:45.307Z
2026-09-28,F,1356,800800292,Yui Yamagiwa,JPN,Japan,2011,55.75,https://www.itftennis.com/tennis/api/PlayerRankApi/GetPlayerRankings?circuitCode=JT&playerTypeCode=G&ageCategoryCode=&juniorRankingType=itf&take=100&skip=1300&isOrderAscending=true,2026-09-29T13:06:45.307Z
2026-09-28,F,1357,800694802,CHARIKLEIA ZINA,GRE,Greece,2010,55.75,https://www.itftennis.com/tennis/api/PlayerRankApi/GetPlayerRankings?circuitCode=JT&playerTypeCode=G&ageCategoryCode=&juniorRankingType=itf&take=100&skip=1300&isOrderAscending=true,2026-09-29T13:06:45.307Z
2026-09-28,F,1358,800707121,Clarissa Santi,ITA,Italy,2010,55.75,https://www.itftennis.com/tennis/api/PlayerRankApi/GetPlayerRankings?circuitCode=JT&playerTypeCode=G&ageCategoryCode=&juniorRankingType=itf&take=100&skip=1300&isOrderAscending=true,2026-09-29T13:06:45.307Z
2026-09-28,F,1359,800672954,Nathalie Charlize Miskovsky,CZE,Czechia,2011,55.75,https://www.itftennis.com/tennis/api/PlayerRankApi/GetPlayerRankings?circuitCode=JT&playerTypeCode=G&ageCategoryCode=&juniorRankingType=itf&take=100&skip=1300&isOrderAscending=true,2026-09-29T13:06:45.307Z
2026-09-28,F,1360,800733525,Adwita Das Banerjee,IND,India,2012,55.75,https://www.itftennis.com/tennis/api/PlayerRankApi/GetPlayerRankings?circuitCode=JT&playerTypeCode=G&ageCategoryCode=&juniorRankingType=itf&take=100&skip=1300&isOrderAscending=true,2026-09-29T13:06:45.307Z
2026-09-28,F,1361,800586390,Eunjin Ryu,KOR,"Korea, Rep.",2008,55.5,https://www.itftennis.com/tennis/api/PlayerRankApi/GetPlayerRankings?circuitCode=JT&playerTypeCode=G&ageCategoryCode=&juniorRankingType=itf&take=100&skip=1300&isOrderAscending=true,2026-09-29T13:06:45.307Z
2026-09-28,F,1362,800630596,Carolina Correia,POR,Portugal,2008,55.5,https://www.itftennis.com/tennis/api/PlayerRankApi/GetPlayerRankings?circuitCode=JT&playerTypeCode=G&ageCategoryCode=&juniorRankingType=itf&take=100&skip=1300&isOrderAscending=true,2026-09-29T13:06:45.307Z
2026-09-28,F,1363,800588615,Viktorija Visocanska,LAT,Latvia,2008,55.5,https://www.itftennis.com/tennis/api/PlayerRankApi/GetPlayerRankings?circuitCode=JT&playerTypeCode=G&ageCategoryCode=&juniorRankingType=itf&take=100&skip=1300&isOrderAscending=true,2026-09-29T13:06:45.307Z
2026-09-28,F,1364,800730074,Lin-Ling Huang,TPE,Chinese Taipei,2009,55.5,https://www.itftennis.com/tennis/api/PlayerRankApi/GetPlayerRankings?circuitCode=JT&playerTypeCode=G&ageCategoryCode=&juniorRankingType=itf&take=100&skip=1300&isOrderAscending=true,2026-09-29T13:06:45.307Z
2026-09-28,F,1365,800667792,Sofiia Ziukyna,UKR,Ukraine,2009,55.25,https://www.itftennis.com/tennis/api/PlayerRankApi/GetPlayerRankings?circuitCode=JT&playerTypeCode=G&ageCategoryCode=&juniorRankingType=itf&take=100&skip=1300&isOrderAscending=true,2026-09-29T13:06:45.307Z
2026-09-28,F,1366,800591686,Johanna Andrea Corciova,AUT,Austria,2008,55.25,https://www.itftennis.com/tennis/api/PlayerRankApi/GetPlayerRankings?circuitCode=JT&playerTypeCode=G&ageCategoryCode=&juniorRankingType=itf&take=100&skip=1300&isOrderAscending=true,2026-09-29T13:06:45.307Z
2026-09-28,F,1367,800685012,Lisa-Marie Du Toit,RSA,South Africa,2008,55.25,https://www.itftennis.com/tennis/api/PlayerRankApi/GetPlayerRankings?circuitCode=JT&playerTypeCode=G&ageCategoryCode=&juniorRankingType=itf&take=100&skip=1300&isOrderAscending=true,2026-09-29T13:06:45.307Z
2026-09-28,F,1368,800682374,Ella Moeller Wilstrup,DEN,Denmark,2010,55.25,https://www.itftennis.com/tennis/api/PlayerRankApi/GetPlayerRankings?circuitCode=JT&playerTypeCode=G&ageCategoryCode=&juniorRankingType=itf&take=100&skip=1300&isOrderAscending=true,2026-09-29T13:06:45.307Z
2026-09-28,F,1369,800697232,Kaitlyn Poon,AUS,Australia,2011,55,https://www.itftennis.com/tennis/api/PlayerRankApi/GetPlayerRankings?circuitCode=JT&playerTypeCode=G&ageCategoryCode=&juniorRankingType=itf&take=100&skip=1300&isOrderAscending=true,2026-09-29T13:06:45.307Z
2026-09-28,F,1370,800583993,Beatrice Cocomazzi,ITA,Italy,2008,55,https://www.itftennis.com/tennis/api/PlayerRankApi/GetPlayerRankings?circuitCode=JT&playerTypeCode=G&ageCategoryCode=&juniorRankingType=itf&take=100&skip=1300&isOrderAscending=true,2026-09-29T13:06:45.307Z
2026-09-28,F,1371,800714569,Triana Tocon,PER,Peru,2011,55,https://www.itftennis.com/tennis/api/PlayerRankApi/GetPlayerRankings?circuitCode=JT&playerTypeCode=G&ageCategoryCode=&juniorRankingType=itf&take=100&skip=1300&isOrderAscending=true,2026-09-29T13:06:45.307Z
2026-09-28,F,1372,800732316,Milana Iureva,RUS,Russia,2012,55,https://www.itftennis.com/tennis/api/PlayerRankApi/GetPlayerRankings?circuitCode=JT&playerTypeCode=G&ageCategoryCode=&juniorRankingType=itf&take=100&skip=1300&isOrderAscending=true,2026-09-29T13:06:45.307Z
2026-09-28,F,1373,800829865,Anna Kapanadze,USA,USA,2012,54.75,https://www.itftennis.com/tennis/api/PlayerRankApi/GetPlayerRankings?circuitCode=JT&playerTypeCode=G&ageCategoryCode=&juniorRankingType=itf&take=100&skip=1300&isOrderAscending=true,2026-09-29T13:06:45.307Z
2026-09-28,F,1374,800733235,Kaiden Greer,USA,USA,2008,54.75,https://www.itftennis.com/tennis/api/PlayerRankApi/GetPlayerRankings?circuitCode=JT&playerTypeCode=G&ageCategoryCode=&juniorRankingType=itf&take=100&skip=1300&isOrderAscending=true,2026-09-29T13:06:45.307Z
2026-09-28,F,1375,800592343,Polina Kuharenko,BLR,Belarus,2008,54.75,https://www.itftennis.com/tennis/api/PlayerRankApi/GetPlayerRankings?circuitCode=JT&playerTypeCode=G&ageCategoryCode=&juniorRankingType=itf&take=100&skip=1300&isOrderAscending=true,2026-09-29T13:06:45.307Z
2026-09-28,F,1376,800756644,Marta Karas,BLR,Belarus,2012,54.75,https://www.itftennis.com/tennis/api/PlayerRankApi/GetPlayerRankings?circuitCode=JT&playerTypeCode=G&ageCategoryCode=&juniorRankingType=itf&take=100&skip=1300&isOrderAscending=true,2026-09-29T13:06:45.307Z
2026-09-28,F,1377,800724814,Annemijn Venema,NED,Netherlands,2009,54.75,https://www.itftennis.com/tennis/api/PlayerRankApi/GetPlayerRankings?circuitCode=JT&playerTypeCode=G&ageCategoryCode=&juniorRankingType=itf&take=100&skip=1300&isOrderAscending=true,2026-09-29T13:06:45.307Z
2026-09-28,F,1378,800698078,Sorana Gheorghe,ROU,Romania,2011,54.5,https://www.itftennis.com/tennis/api/PlayerRankApi/GetPlayerRankings?circuitCode=JT&playerTypeCode=G&ageCategoryCode=&juniorRankingType=itf&take=100&skip=1300&isOrderAscending=true,2026-09-29T13:06:45.307Z
2026-09-28,F,1379,800741075,Ana Marija Rebic,CRO,Croatia,2013,54.5,https://www.itftennis.com/tennis/api/PlayerRankApi/GetPlayerRankings?circuitCode=JT&playerTypeCode=G&ageCategoryCode=&juniorRankingType=itf&take=100&skip=1300&isOrderAscending=true,2026-09-29T13:06:45.307Z
2026-09-28,F,1380,800668069,Awen Gwilym-Davies,GBR,Great Britain,2010,54.25,https://www.itftennis.com/tennis/api/PlayerRankApi/GetPlayerRankings?circuitCode=JT&playerTypeCode=G&ageCategoryCode=&juniorRankingType=itf&take=100&skip=1300&isOrderAscending=true,2026-09-29T13:06:45.307Z
2026-09-28,F,1381,800697702,Lily Revak,USA,USA,2008,54,https://www.itftennis.com/tennis/api/PlayerRankApi/GetPlayerRankings?circuitCode=JT&playerTypeCode=G&ageCategoryCode=&juniorRankingType=itf&take=100&skip=1300&isOrderAscending=true,2026-09-29T13:06:45.307Z
2026-09-28,F,1382,800703909,Elena Miljkovic,AUT,Austria,2008,54,https://www.itftennis.com/tennis/api/PlayerRankApi/GetPlayerRankings?circuitCode=JT&playerTypeCode=G&ageCategoryCode=&juniorRankingType=itf&take=100&skip=1300&isOrderAscending=true,2026-09-29T13:06:45.307Z
2026-09-28,F,1383,800588414,Tara Vidan,CRO,Croatia,2008,54,https://www.itftennis.com/tennis/api/PlayerRankApi/GetPlayerRankings?circuitCode=JT&playerTypeCode=G&ageCategoryCode=&juniorRankingType=itf&take=100&skip=1300&isOrderAscending=true,2026-09-29T13:06:45.307Z
2026-09-28,F,1384,800796042,Lena Lin,HKG,"Hong Kong, China",2012,54,https://www.itftennis.com/tennis/api/PlayerRankApi/GetPlayerRankings?circuitCode=JT&playerTypeCode=G&ageCategoryCode=&juniorRankingType=itf&take=100&skip=1300&isOrderAscending=true,2026-09-29T13:06:45.307Z
2026-09-28,F,1385,800826659,Caroline Cox,USA,USA,2011,53.75,https://www.itftennis.com/tennis/api/PlayerRankApi/GetPlayerRankings?circuitCode=JT&playerTypeCode=G&ageCategoryCode=&juniorRankingType=itf&take=100&skip=1300&isOrderAscending=true,2026-09-29T13:06:45.307Z
2026-09-28,F,1386,800682513,Enno Nyona Pamela ADJIWANOU,TOG,Togo,2008,53.75,https://www.itftennis.com/tennis/api/PlayerRankApi/GetPlayerRankings?circuitCode=JT&playerTypeCode=G&ageCategoryCode=&juniorRankingType=itf&take=100&skip=1300&isOrderAscending=true,2026-09-29T13:06:45.307Z
2026-09-28,F,1387,800687989,Maria Uvarova,RUS,Russia,2011,53.75,https://www.itftennis.com/tennis/api/PlayerRankApi/GetPlayerRankings?circuitCode=JT&playerTypeCode=G&ageCategoryCode=&juniorRankingType=itf&take=100&skip=1300&isOrderAscending=true,2026-09-29T13:06:45.307Z
2026-09-28,F,1388,800664091,Andreea Kurta,ROU,Romania,2010,53.75,https://www.itftennis.com/tennis/api/PlayerRankApi/GetPlayerRankings?circuitCode=JT&playerTypeCode=G&ageCategoryCode=&juniorRankingType=itf&take=100&skip=1300&isOrderAscending=true,2026-09-29T13:06:45.307Z
2026-09-28,F,1389,800732335,Aleksandra Poroshina,RUS,Russia,2012,53.75,https://www.itftennis.com/tennis/api/PlayerRankApi/GetPlayerRankings?circuitCode=JT&playerTypeCode=G&ageCategoryCode=&juniorRankingType=itf&take=100&skip=1300&isOrderAscending=true,2026-09-29T13:06:45.307Z
2026-09-28,F,1390,800678077,Anna Frederikke Forland,DEN,Denmark,2009,53.75,https://www.itftennis.com/tennis/api/PlayerRankApi/GetPlayerRankings?circuitCode=JT&playerTypeCode=G&ageCategoryCode=&juniorRankingType=itf&take=100&skip=1300&isOrderAscending=true,2026-09-29T13:06:45.307Z
2026-09-28,F,1391,800774130,Anna Holovash,UKR,Ukraine,2011,53.5,https://www.itftennis.com/tennis/api/PlayerRankApi/GetPlayerRankings?circuitCode=JT&playerTypeCode=G&ageCategoryCode=&juniorRankingType=itf&take=100&skip=1300&isOrderAscending=true,2026-09-29T13:06:45.307Z
2026-09-28,F,1392,800653554,Victoria Ostroukh,RUS,Russia,2009,53.5,https://www.itftennis.com/tennis/api/PlayerRankApi/GetPlayerRankings?circuitCode=JT&playerTypeCode=G&ageCategoryCode=&juniorRankingType=itf&take=100&skip=1300&isOrderAscending=true,2026-09-29T13:06:45.307Z
2026-09-28,F,1393,800660004,Sofia Vasiltsova,RUS,Russia,2008,53.5,https://www.itftennis.com/tennis/api/PlayerRankApi/GetPlayerRankings?circuitCode=JT&playerTypeCode=G&ageCategoryCode=&juniorRankingType=itf&take=100&skip=1300&isOrderAscending=true,2026-09-29T13:06:45.307Z
2026-09-28,F,1394,800732599,Luisa Alvarado Villa,MEX,Mexico,2008,53.5,https://www.itftennis.com/tennis/api/PlayerRankApi/GetPlayerRankings?circuitCode=JT&playerTypeCode=G&ageCategoryCode=&juniorRankingType=itf&take=100&skip=1300&isOrderAscending=true,2026-09-29T13:06:45.307Z
2026-09-28,F,1395,800727743,Maria Paula Campuzano Giraldo,COL,Colombia,2008,53.5,https://www.itftennis.com/tennis/api/PlayerRankApi/GetPlayerRankings?circuitCode=JT&playerTypeCode=G&ageCategoryCode=&juniorRankingType=itf&take=100&skip=1300&isOrderAscending=true,2026-09-29T13:06:45.307Z
2026-09-28,F,1396,800688403,Emna Gharbi,TUN,Tunisia,2008,53.5,https://www.itftennis.com/tennis/api/PlayerRankApi/GetPlayerRankings?circuitCode=JT&playerTypeCode=G&ageCategoryCode=&juniorRankingType=itf&take=100&skip=1300&isOrderAscending=true,2026-09-29T13:06:45.307Z
2026-09-28,F,1397,800595514,Daniella Clara Suryapranata,INA,Indonesia,2008,53.5,https://www.itftennis.com/tennis/api/PlayerRankApi/GetPlayerRankings?circuitCode=JT&playerTypeCode=G&ageCategoryCode=&juniorRankingType=itf&take=100&skip=1300&isOrderAscending=true,2026-09-29T13:06:45.307Z
2026-09-28,F,1398,800750357,Kayleigh Stayt,RSA,South Africa,2009,53.25,https://www.itftennis.com/tennis/api/PlayerRankApi/GetPlayerRankings?circuitCode=JT&playerTypeCode=G&ageCategoryCode=&juniorRankingType=itf&take=100&skip=1300&isOrderAscending=true,2026-09-29T13:06:45.307Z
2026-09-28,F,1399,800806645,Morakane Molaoa,RSA,South Africa,2011,53.25,https://www.itftennis.com/tennis/api/PlayerRankApi/GetPlayerRankings?circuitCode=JT&playerTypeCode=G&ageCategoryCode=&juniorRankingType=itf&take=100&skip=1300&isOrderAscending=true,2026-09-29T13:06:45.307Z
2026-09-28,F,1400,800787759,Sun Park,KOR,"Korea, Rep.",2010,53.25,https://www.itftennis.com/tennis/api/PlayerRankApi/GetPlayerRankings?circuitCode=JT&playerTypeCode=G&ageCategoryCode=&juniorRankingType=itf&take=100&skip=1300&isOrderAscending=true,2026-09-29T13:06:45.307Z
2026-09-28,F,1401,800753549,Arianna Grigorian,RUS,Russia,2011,53.25,https://www.itftennis.com/tennis/api/PlayerRankApi/GetPlayerRankings?circuitCode=JT&playerTypeCode=G&ageCategoryCode=&juniorRankingType=itf&take=100&skip=1400&isOrderAscending=true,2026-09-29T13:06:47.014Z
2026-09-28,F,1402,800697904,Alexandra Chapurina,RUS,Russia,2011,53,https://www.itftennis.com/tennis/api/PlayerRankApi/GetPlayerRankings?circuitCode=JT&playerTypeCode=G&ageCategoryCode=&juniorRankingType=itf&take=100&skip=1400&isOrderAscending=true,2026-09-29T13:06:47.014Z
2026-09-28,F,1403,800774989,Lily Bazemore,USA,USA,2008,53,https://www.itftennis.com/tennis/api/PlayerRankApi/GetPlayerRankings?circuitCode=JT&playerTypeCode=G&ageCategoryCode=&juniorRankingType=itf&take=100&skip=1400&isOrderAscending=true,2026-09-29T13:06:47.014Z
2026-09-28,F,1404,800725827,Anna Shchavinska,UKR,Ukraine,2011,52.75,https://www.itftennis.com/tennis/api/PlayerRankApi/GetPlayerRankings?circuitCode=JT&playerTypeCode=G&ageCategoryCode=&juniorRankingType=itf&take=100&skip=1400&isOrderAscending=true,2026-09-29T13:06:47.014Z
2026-09-28,F,1405,800639017,Alisa Korovina,RUS,Russia,2009,52.75,https://www.itftennis.com/tennis/api/PlayerRankApi/GetPlayerRankings?circuitCode=JT&playerTypeCode=G&ageCategoryCode=&juniorRankingType=itf&take=100&skip=1400&isOrderAscending=true,2026-09-29T13:06:47.014Z
2026-09-28,F,1406,800597232,Kaja Kadak Ocvirk,SLO,Slovenia,2008,52.75,https://www.itftennis.com/tennis/api/PlayerRankApi/GetPlayerRankings?circuitCode=JT&playerTypeCode=G&ageCategoryCode=&juniorRankingType=itf&take=100&skip=1400&isOrderAscending=true,2026-09-29T13:06:47.014Z
2026-09-28,F,1407,800819235,Polina Konopleva,RUS,Russia,2011,52.75,https://www.itftennis.com/tennis/api/PlayerRankApi/GetPlayerRankings?circuitCode=JT&playerTypeCode=G&ageCategoryCode=&juniorRankingType=itf&take=100&skip=1400&isOrderAscending=true,2026-09-29T13:06:47.014Z
2026-09-28,F,1408,800686416,Isabel Arabarco,ARG,Argentina,2010,52.5,https://www.itftennis.com/tennis/api/PlayerRankApi/GetPlayerRankings?circuitCode=JT&playerTypeCode=G&ageCategoryCode=&juniorRankingType=itf&take=100&skip=1400&isOrderAscending=true,2026-09-29T13:06:47.014Z
2026-09-28,F,1409,800781384,Sitara Agarwal,USA,USA,2011,52.5,https://www.itftennis.com/tennis/api/PlayerRankApi/GetPlayerRankings?circuitCode=JT&playerTypeCode=G&ageCategoryCode=&juniorRankingType=itf&take=100&skip=1400&isOrderAscending=true,2026-09-29T13:06:47.014Z
2026-09-28,F,1410,800672306,Elsen Nil Aldemir,TUR,Turkiye,2010,52.25,https://www.itftennis.com/tennis/api/PlayerRankApi/GetPlayerRankings?circuitCode=JT&playerTypeCode=G&ageCategoryCode=&juniorRankingType=itf&take=100&skip=1400&isOrderAscending=true,2026-09-29T13:06:47.014Z
2026-09-28,F,1411,800866358,Nicole Alexandrovich,USA,USA,2011,52.25,https://www.itftennis.com/tennis/api/PlayerRankApi/GetPlayerRankings?circuitCode=JT&playerTypeCode=G&ageCategoryCode=&juniorRankingType=itf&take=100&skip=1400&isOrderAscending=true,2026-09-29T13:06:47.014Z
2026-09-28,F,1412,800683663,si a youm,KOR,"Korea, Rep.",2010,52.25,https://www.itftennis.com/tennis/api/PlayerRankApi/GetPlayerRankings?circuitCode=JT&playerTypeCode=G&ageCategoryCode=&juniorRankingType=itf&take=100&skip=1400&isOrderAscending=true,2026-09-29T13:06:47.014Z
2026-09-28,F,1413,800707724,Aaliyah Moussa,SVK,Slovakia,2011,52.25,https://www.itftennis.com/tennis/api/PlayerRankApi/GetPlayerRankings?circuitCode=JT&playerTypeCode=G&ageCategoryCode=&juniorRankingType=itf&take=100&skip=1400&isOrderAscending=true,2026-09-29T13:06:47.014Z
2026-09-28,F,1414,800739366,Nikitha Desai,AUS,Australia,2008,52,https://www.itftennis.com/tennis/api/PlayerRankApi/GetPlayerRankings?circuitCode=JT&playerTypeCode=G&ageCategoryCode=&juniorRankingType=itf&take=100&skip=1400&isOrderAscending=true,2026-09-29T13:06:47.014Z
2026-09-28,F,1415,800689196,Annina Kanerva,FIN,Finland,2010,52,https://www.itftennis.com/tennis/api/PlayerRankApi/GetPlayerRankings?circuitCode=JT&playerTypeCode=G&ageCategoryCode=&juniorRankingType=itf&take=100&skip=1400&isOrderAscending=true,2026-09-29T13:06:47.014Z
2026-09-28,F,1416,800652824,Vasundra Balajee,IND,India,2011,52,https://www.itftennis.com/tennis/api/PlayerRankApi/GetPlayerRankings?circuitCode=JT&playerTypeCode=G&ageCategoryCode=&juniorRankingType=itf&take=100&skip=1400&isOrderAscending=true,2026-09-29T13:06:47.014Z
2026-09-28,F,1417,800814669,Pritika Rana,IND,India,2010,52,https://www.itftennis.com/tennis/api/PlayerRankApi/GetPlayerRankings?circuitCode=JT&playerTypeCode=G&ageCategoryCode=&juniorRankingType=itf&take=100&skip=1400&isOrderAscending=true,2026-09-29T13:06:47.014Z
2026-09-28,F,1418,800773672,Assyifa khansa putri Raga,INA,Indonesia,2010,51.75,https://www.itftennis.com/tennis/api/PlayerRankApi/GetPlayerRankings?circuitCode=JT&playerTypeCode=G&ageCategoryCode=&juniorRankingType=itf&take=100&skip=1400&isOrderAscending=true,2026-09-29T13:06:47.014Z
2026-09-28,F,1419,800663286,Mariia Pryshchepa,UKR,Ukraine,2009,51.75,https://www.itftennis.com/tennis/api/PlayerRankApi/GetPlayerRankings?circuitCode=JT&playerTypeCode=G&ageCategoryCode=&juniorRankingType=itf&take=100&skip=1400&isOrderAscending=true,2026-09-29T13:06:47.014Z
2026-09-28,F,1420,800694924,Mariam Mamulashvili,GEO,Georgia,2011,51.75,https://www.itftennis.com/tennis/api/PlayerRankApi/GetPlayerRankings?circuitCode=JT&playerTypeCode=G&ageCategoryCode=&juniorRankingType=itf&take=100&skip=1400&isOrderAscending=true,2026-09-29T13:06:47.014Z
2026-09-28,F,1421,800784877,Jasmin Heapes,AUS,Australia,2010,51.5,https://www.itftennis.com/tennis/api/PlayerRankApi/GetPlayerRankings?circuitCode=JT&playerTypeCode=G&ageCategoryCode=&juniorRankingType=itf&take=100&skip=1400&isOrderAscending=true,2026-09-29T13:06:47.014Z
2026-09-28,F,1422,800746187,Annalyn McKee,USA,USA,2011,51.5,https://www.itftennis.com/tennis/api/PlayerRankApi/GetPlayerRankings?circuitCode=JT&playerTypeCode=G&ageCategoryCode=&juniorRankingType=itf&take=100&skip=1400&isOrderAscending=true,2026-09-29T13:06:47.014Z
2026-09-28,F,1423,800793703,Eugenia Skliar,RUS,Russia,2011,51.5,https://www.itftennis.com/tennis/api/PlayerRankApi/GetPlayerRankings?circuitCode=JT&playerTypeCode=G&ageCategoryCode=&juniorRankingType=itf&take=100&skip=1400&isOrderAscending=true,2026-09-29T13:06:47.014Z
2026-09-28,F,1424,800621255,Maria Drag,POL,Poland,2008,51.5,https://www.itftennis.com/tennis/api/PlayerRankApi/GetPlayerRankings?circuitCode=JT&playerTypeCode=G&ageCategoryCode=&juniorRankingType=itf&take=100&skip=1400&isOrderAscending=true,2026-09-29T13:06:47.014Z
2026-09-28,F,1425,800693433,Mia Cohen,ISR,Israel,2009,51.5,https://www.itftennis.com/tennis/api/PlayerRankApi/GetPlayerRankings?circuitCode=JT&playerTypeCode=G&ageCategoryCode=&juniorRankingType=itf&take=100&skip=1400&isOrderAscending=true,2026-09-29T13:06:47.014Z
2026-09-28,F,1426,800864528,Natalie Frisbie,USA,USA,2011,51.5,https://www.itftennis.com/tennis/api/PlayerRankApi/GetPlayerRankings?circuitCode=JT&playerTypeCode=G&ageCategoryCode=&juniorRankingType=itf&take=100&skip=1400&isOrderAscending=true,2026-09-29T13:06:47.014Z
2026-09-28,F,1427,800724306,Mi Na Lee,KOR,"Korea, Rep.",2011,51.5,https://www.itftennis.com/tennis/api/PlayerRankApi/GetPlayerRankings?circuitCode=JT&playerTypeCode=G&ageCategoryCode=&juniorRankingType=itf&take=100&skip=1400&isOrderAscending=true,2026-09-29T13:06:47.014Z
2026-09-28,F,1428,800741354,Julia Salamon,FRA,France,2012,51.5,https://www.itftennis.com/tennis/api/PlayerRankApi/GetPlayerRankings?circuitCode=JT&playerTypeCode=G&ageCategoryCode=&juniorRankingType=itf&take=100&skip=1400&isOrderAscending=true,2026-09-29T13:06:47.014Z
2026-09-28,F,1429,800691494,Varvara Berdieva,RUS,Russia,2011,51.5,https://www.itftennis.com/tennis/api/PlayerRankApi/GetPlayerRankings?circuitCode=JT&playerTypeCode=G&ageCategoryCode=&juniorRankingType=itf&take=100&skip=1400&isOrderAscending=true,2026-09-29T13:06:47.014Z
2026-09-28,F,1430,800680949,Marianne Berberian,LBN,Lebanon,2008,51.5,https://www.itftennis.com/tennis/api/PlayerRankApi/GetPlayerRankings?circuitCode=JT&playerTypeCode=G&ageCategoryCode=&juniorRankingType=itf&take=100&skip=1400&isOrderAscending=true,2026-09-29T13:06:47.014Z
2026-09-28,F,1431,800662631,Eva Ioana Cercel,ROU,Romania,2010,51.25,https://www.itftennis.com/tennis/api/PlayerRankApi/GetPlayerRankings?circuitCode=JT&playerTypeCode=G&ageCategoryCode=&juniorRankingType=itf&take=100&skip=1400&isOrderAscending=true,2026-09-29T13:06:47.014Z
2026-09-28,F,1432,800661769,Eva Elena Rosca,ROU,Romania,2010,51.25,https://www.itftennis.com/tennis/api/PlayerRankApi/GetPlayerRankings?circuitCode=JT&playerTypeCode=G&ageCategoryCode=&juniorRankingType=itf&take=100&skip=1400&isOrderAscending=true,2026-09-29T13:06:47.014Z
2026-09-28,F,1433,800600294,Romy De Baene,BEL,Belgium,2008,51.25,https://www.itftennis.com/tennis/api/PlayerRankApi/GetPlayerRankings?circuitCode=JT&playerTypeCode=G&ageCategoryCode=&juniorRankingType=itf&take=100&skip=1400&isOrderAscending=true,2026-09-29T13:06:47.014Z
2026-09-28,F,1434,800623358,Sofia Popova,RUS,Russia,2009,51.25,https://www.itftennis.com/tennis/api/PlayerRankApi/GetPlayerRankings?circuitCode=JT&playerTypeCode=G&ageCategoryCode=&juniorRankingType=itf&take=100&skip=1400&isOrderAscending=true,2026-09-29T13:06:47.014Z
2026-09-28,F,1435,800762965,Lauren Nolan,USA,USA,2008,51,https://www.itftennis.com/tennis/api/PlayerRankApi/GetPlayerRankings?circuitCode=JT&playerTypeCode=G&ageCategoryCode=&juniorRankingType=itf&take=100&skip=1400&isOrderAscending=true,2026-09-29T13:06:47.014Z
2026-09-28,F,1436,800590632,Anastasiia Hnidets,UKR,Ukraine,2009,51,https://www.itftennis.com/tennis/api/PlayerRankApi/GetPlayerRankings?circuitCode=JT&playerTypeCode=G&ageCategoryCode=&juniorRankingType=itf&take=100&skip=1400&isOrderAscending=true,2026-09-29T13:06:47.014Z
2026-09-28,F,1437,800709332,ZOHA QURESHI,IND,India,2012,51,https://www.itftennis.com/tennis/api/PlayerRankApi/GetPlayerRankings?circuitCode=JT&playerTypeCode=G&ageCategoryCode=&juniorRankingType=itf&take=100&skip=1400&isOrderAscending=true,2026-09-29T13:06:47.014Z
2026-09-28,F,1438,800765106,Yaroslava Sribna,UKR,Ukraine,2011,51,https://www.itftennis.com/tennis/api/PlayerRankApi/GetPlayerRankings?circuitCode=JT&playerTypeCode=G&ageCategoryCode=&juniorRankingType=itf&take=100&skip=1400&isOrderAscending=true,2026-09-29T13:06:47.014Z
2026-09-28,F,1439,800722002,Yura Ishida,JPN,Japan,2011,50.75,https://www.itftennis.com/tennis/api/PlayerRankApi/GetPlayerRankings?circuitCode=JT&playerTypeCode=G&ageCategoryCode=&juniorRankingType=itf&take=100&skip=1400&isOrderAscending=true,2026-09-29T13:06:47.014Z
2026-09-28,F,1440,800677794,Boram Lee,KOR,"Korea, Rep.",2009,50.75,https://www.itftennis.com/tennis/api/PlayerRankApi/GetPlayerRankings?circuitCode=JT&playerTypeCode=G&ageCategoryCode=&juniorRankingType=itf&take=100&skip=1400&isOrderAscending=true,2026-09-29T13:06:47.014Z
2026-09-28,F,1441,800716460,Nadja Knezevic,MNE,Montenegro,2012,50.75,https://www.itftennis.com/tennis/api/PlayerRankApi/GetPlayerRankings?circuitCode=JT&playerTypeCode=G&ageCategoryCode=&juniorRankingType=itf&take=100&skip=1400&isOrderAscending=true,2026-09-29T13:06:47.014Z
2026-09-28,F,1442,800683783,Dia Agarwal,IND,India,2009,50.75,https://www.itftennis.com/tennis/api/PlayerRankApi/GetPlayerRankings?circuitCode=JT&playerTypeCode=G&ageCategoryCode=&juniorRankingType=itf&take=100&skip=1400&isOrderAscending=true,2026-09-29T13:06:47.014Z
2026-09-28,F,1443,800661353,Meha Patil,IND,India,2009,50.75,https://www.itftennis.com/tennis/api/PlayerRankApi/GetPlayerRankings?circuitCode=JT&playerTypeCode=G&ageCategoryCode=&juniorRankingType=itf&take=100&skip=1400&isOrderAscending=true,2026-09-29T13:06:47.014Z
2026-09-28,F,1444,800676400,Sienna Wabnitz,GER,Germany,2010,50.5,https://www.itftennis.com/tennis/api/PlayerRankApi/GetPlayerRankings?circuitCode=JT&playerTypeCode=G&ageCategoryCode=&juniorRankingType=itf&take=100&skip=1400&isOrderAscending=true,2026-09-29T13:06:47.014Z
2026-09-28,F,1445,800835332,Kyndall Noel,USA,USA,2011,50.5,https://www.itftennis.com/tennis/api/PlayerRankApi/GetPlayerRankings?circuitCode=JT&playerTypeCode=G&ageCategoryCode=&juniorRankingType=itf&take=100&skip=1400&isOrderAscending=true,2026-09-29T13:06:47.014Z
2026-09-28,F,1446,800746994,RIA KIKUCHI,JPN,Japan,2010,50.5,https://www.itftennis.com/tennis/api/PlayerRankApi/GetPlayerRankings?circuitCode=JT&playerTypeCode=G&ageCategoryCode=&juniorRankingType=itf&take=100&skip=1400&isOrderAscending=true,2026-09-29T13:06:47.014Z
2026-09-28,F,1447,800743250,Pimpisa WONGWANITKAJON,THA,Thailand,2011,50.5,https://www.itftennis.com/tennis/api/PlayerRankApi/GetPlayerRankings?circuitCode=JT&playerTypeCode=G&ageCategoryCode=&juniorRankingType=itf&take=100&skip=1400&isOrderAscending=true,2026-09-29T13:06:47.014Z
2026-09-28,F,1448,800715143,Eliska Holubova,CZE,Czechia,2010,50.25,https://www.itftennis.com/tennis/api/PlayerRankApi/GetPlayerRankings?circuitCode=JT&playerTypeCode=G&ageCategoryCode=&juniorRankingType=itf&take=100&skip=1400&isOrderAscending=true,2026-09-29T13:06:47.014Z
2026-09-28,F,1449,800773320,gelissa verheijen,NED,Netherlands,2008,50.25,https://www.itftennis.com/tennis/api/PlayerRankApi/GetPlayerRankings?circuitCode=JT&playerTypeCode=G&ageCategoryCode=&juniorRankingType=itf&take=100&skip=1400&isOrderAscending=true,2026-09-29T13:06:47.014Z
2026-09-28,F,1450,800732734,Sahej Lakhat,USA,USA,2012,50.25,https://www.itftennis.com/tennis/api/PlayerRankApi/GetPlayerRankings?circuitCode=JT&playerTypeCode=G&ageCategoryCode=&juniorRankingType=itf&take=100&skip=1400&isOrderAscending=true,2026-09-29T13:06:47.014Z
2026-09-28,F,1451,800735793,Lydia Parranto,USA,USA,2009,50,https://www.itftennis.com/tennis/api/PlayerRankApi/GetPlayerRankings?circuitCode=JT&playerTypeCode=G&ageCategoryCode=&juniorRankingType=itf&take=100&skip=1400&isOrderAscending=true,2026-09-29T13:06:47.014Z
2026-09-28,F,1452,800665655,Mariia Koziar,UKR,Ukraine,2009,50,https://www.itftennis.com/tennis/api/PlayerRankApi/GetPlayerRankings?circuitCode=JT&playerTypeCode=G&ageCategoryCode=&juniorRankingType=itf&take=100&skip=1400&isOrderAscending=true,2026-09-29T13:06:47.014Z
2026-09-28,F,1453,800683468,Lara Faraj,MAR,Morocco,2010,50,https://www.itftennis.com/tennis/api/PlayerRankApi/GetPlayerRankings?circuitCode=JT&playerTypeCode=G&ageCategoryCode=&juniorRankingType=itf&take=100&skip=1400&isOrderAscending=true,2026-09-29T13:06:47.014Z
2026-09-28,F,1454,800740088,Masha Kostic,CAN,Canada,2009,49.75,https://www.itftennis.com/tennis/api/PlayerRankApi/GetPlayerRankings?circuitCode=JT&playerTypeCode=G&ageCategoryCode=&juniorRankingType=itf&take=100&skip=1400&isOrderAscending=true,2026-09-29T13:06:47.014Z
2026-09-28,F,1455,800721549,Vega Bontin,SWE,Sweden,2012,49.75,https://www.itftennis.com/tennis/api/PlayerRankApi/GetPlayerRankings?circuitCode=JT&playerTypeCode=G&ageCategoryCode=&juniorRankingType=itf&take=100&skip=1400&isOrderAscending=true,2026-09-29T13:06:47.014Z
2026-09-28,F,1456,800680136,Chloe Zigliara,USA,USA,2008,49.5,https://www.itftennis.com/tennis/api/PlayerRankApi/GetPlayerRankings?circuitCode=JT&playerTypeCode=G&ageCategoryCode=&juniorRankingType=itf&take=100&skip=1400&isOrderAscending=true,2026-09-29T13:06:47.014Z
2026-09-28,F,1457,800681449,Annabel Chapman,NZL,New Zealand,2008,49.5,https://www.itftennis.com/tennis/api/PlayerRankApi/GetPlayerRankings?circuitCode=JT&playerTypeCode=G&ageCategoryCode=&juniorRankingType=itf&take=100&skip=1400&isOrderAscending=true,2026-09-29T13:06:47.014Z
2026-09-28,F,1458,800632075,Qianyu Dong,CHN,"China, P.R.",2009,49.5,https://www.itftennis.com/tennis/api/PlayerRankApi/GetPlayerRankings?circuitCode=JT&playerTypeCode=G&ageCategoryCode=&juniorRankingType=itf&take=100&skip=1400&isOrderAscending=true,2026-09-29T13:06:47.014Z
2026-09-28,F,1459,800793501,Louraine Jallorina,PHI,Philippines,2010,49.5,https://www.itftennis.com/tennis/api/PlayerRankApi/GetPlayerRankings?circuitCode=JT&playerTypeCode=G&ageCategoryCode=&juniorRankingType=itf&take=100&skip=1400&isOrderAscending=true,2026-09-29T13:06:47.014Z
2026-09-28,F,1460,800665411,Arianna Ovarelli,ITA,Italy,2010,49.25,https://www.itftennis.com/tennis/api/PlayerRankApi/GetPlayerRankings?circuitCode=JT&playerTypeCode=G&ageCategoryCode=&juniorRankingType=itf&take=100&skip=1400&isOrderAscending=true,2026-09-29T13:06:47.014Z
2026-09-28,F,1461,800815510,Ruoming Zhao,CHN,"China, P.R.",2011,49.25,https://www.itftennis.com/tennis/api/PlayerRankApi/GetPlayerRankings?circuitCode=JT&playerTypeCode=G&ageCategoryCode=&juniorRankingType=itf&take=100&skip=1400&isOrderAscending=true,2026-09-29T13:06:47.014Z
2026-09-28,F,1462,800699948,Sophia Arpa,MLT,Malta,2012,49.25,https://www.itftennis.com/tennis/api/PlayerRankApi/GetPlayerRankings?circuitCode=JT&playerTypeCode=G&ageCategoryCode=&juniorRankingType=itf&take=100&skip=1400&isOrderAscending=true,2026-09-29T13:06:47.014Z
2026-09-28,F,1463,800592023,Ilona Kanerva,FIN,Finland,2008,49.25,https://www.itftennis.com/tennis/api/PlayerRankApi/GetPlayerRankings?circuitCode=JT&playerTypeCode=G&ageCategoryCode=&juniorRankingType=itf&take=100&skip=1400&isOrderAscending=true,2026-09-29T13:06:47.014Z
2026-09-28,F,1464,800781503,Rebeca Pinell Espinosa,BOL,Bolivia,2008,49,https://www.itftennis.com/tennis/api/PlayerRankApi/GetPlayerRankings?circuitCode=JT&playerTypeCode=G&ageCategoryCode=&juniorRankingType=itf&take=100&skip=1400&isOrderAscending=true,2026-09-29T13:06:47.014Z
2026-09-28,F,1465,800730099,Martina Claudeline Mora Da Silva,PAR,Paraguay,2011,49,https://www.itftennis.com/tennis/api/PlayerRankApi/GetPlayerRankings?circuitCode=JT&playerTypeCode=G&ageCategoryCode=&juniorRankingType=itf&take=100&skip=1400&isOrderAscending=true,2026-09-29T13:06:47.014Z
2026-09-28,F,1466,800719587,LUCIANA MEJIA ARCE,GUA,Guatemala,2009,49,https://www.itftennis.com/tennis/api/PlayerRankApi/GetPlayerRankings?circuitCode=JT&playerTypeCode=G&ageCategoryCode=&juniorRankingType=itf&take=100&skip=1400&isOrderAscending=true,2026-09-29T13:06:47.014Z
2026-09-28,F,1467,800821591,Courtney Claresha Asiimwe,UGA,Uganda,2011,49,https://www.itftennis.com/tennis/api/PlayerRankApi/GetPlayerRankings?circuitCode=JT&playerTypeCode=G&ageCategoryCode=&juniorRankingType=itf&take=100&skip=1400&isOrderAscending=true,2026-09-29T13:06:47.014Z
2026-09-28,F,1468,800665834,Anna Kotchetkov,AUT,Austria,2009,48.75,https://www.itftennis.com/tennis/api/PlayerRankApi/GetPlayerRankings?circuitCode=JT&playerTypeCode=G&ageCategoryCode=&juniorRankingType=itf&take=100&skip=1400&isOrderAscending=true,2026-09-29T13:06:47.014Z
2026-09-28,F,1469,800786385,Nana Shibayama,JPN,Japan,2010,48.75,https://www.itftennis.com/tennis/api/PlayerRankApi/GetPlayerRankings?circuitCode=JT&playerTypeCode=G&ageCategoryCode=&juniorRankingType=itf&take=100&skip=1400&isOrderAscending=true,2026-09-29T13:06:47.014Z
2026-09-28,F,1470,800690901,Pauline Hua,BEL,Belgium,2011,48.75,https://www.itftennis.com/tennis/api/PlayerRankApi/GetPlayerRankings?circuitCode=JT&playerTypeCode=G&ageCategoryCode=&juniorRankingType=itf&take=100&skip=1400&isOrderAscending=true,2026-09-29T13:06:47.014Z
2026-09-28,F,1471,800819553,Gloria Samuel,NGR,Nigeria,2011,48.5,https://www.itftennis.com/tennis/api/PlayerRankApi/GetPlayerRankings?circuitCode=JT&playerTypeCode=G&ageCategoryCode=&juniorRankingType=itf&take=100&skip=1400&isOrderAscending=true,2026-09-29T13:06:47.014Z
2026-09-28,F,1472,800779354,Zhitong Chen,CHN,"China, P.R.",2008,48.25,https://www.itftennis.com/tennis/api/PlayerRankApi/GetPlayerRankings?circuitCode=JT&playerTypeCode=G&ageCategoryCode=&juniorRankingType=itf&take=100&skip=1400&isOrderAscending=true,2026-09-29T13:06:47.014Z
2026-09-28,F,1473,800783451,Ange Bebita Ishimwe,BDI,Burundi,2010,48.25,https://www.itftennis.com/tennis/api/PlayerRankApi/GetPlayerRankings?circuitCode=JT&playerTypeCode=G&ageCategoryCode=&juniorRankingType=itf&take=100&skip=1400&isOrderAscending=true,2026-09-29T13:06:47.014Z
2026-09-28,F,1474,800848627,Samantha Govila,USA,USA,2011,48.25,https://www.itftennis.com/tennis/api/PlayerRankApi/GetPlayerRankings?circuitCode=JT&playerTypeCode=G&ageCategoryCode=&juniorRankingType=itf&take=100&skip=1400&isOrderAscending=true,2026-09-29T13:06:47.014Z
2026-09-28,F,1475,800703345,Viktorija Homutova,LAT,Latvia,2011,48,https://www.itftennis.com/tennis/api/PlayerRankApi/GetPlayerRankings?circuitCode=JT&playerTypeCode=G&ageCategoryCode=&juniorRankingType=itf&take=100&skip=1400&isOrderAscending=true,2026-09-29T13:06:47.014Z
2026-09-28,F,1476,800672763,Sofia Kova,ESP,Spain,2011,48,https://www.itftennis.com/tennis/api/PlayerRankApi/GetPlayerRankings?circuitCode=JT&playerTypeCode=G&ageCategoryCode=&juniorRankingType=itf&take=100&skip=1400&isOrderAscending=true,2026-09-29T13:06:47.014Z
2026-09-28,F,1477,800714989,Ginny Chen,GBR,Great Britain,2012,48,https://www.itftennis.com/tennis/api/PlayerRankApi/GetPlayerRankings?circuitCode=JT&playerTypeCode=G&ageCategoryCode=&juniorRankingType=itf&take=100&skip=1400&isOrderAscending=true,2026-09-29T13:06:47.014Z
2026-09-28,F,1478,800770232,Raina Miae Kim,USA,USA,2009,47.75,https://www.itftennis.com/tennis/api/PlayerRankApi/GetPlayerRankings?circuitCode=JT&playerTypeCode=G&ageCategoryCode=&juniorRankingType=itf&take=100&skip=1400&isOrderAscending=true,2026-09-29T13:06:47.014Z
2026-09-28,F,1479,800676959,Maja Grosicka,POL,Poland,2009,47.75,https://www.itftennis.com/tennis/api/PlayerRankApi/GetPlayerRankings?circuitCode=JT&playerTypeCode=G&ageCategoryCode=&juniorRankingType=itf&take=100&skip=1400&isOrderAscending=true,2026-09-29T13:06:47.014Z
2026-09-28,F,1480,800661691,Katherine Kobzar,CAN,Canada,2009,47.75,https://www.itftennis.com/tennis/api/PlayerRankApi/GetPlayerRankings?circuitCode=JT&playerTypeCode=G&ageCategoryCode=&juniorRankingType=itf&take=100&skip=1400&isOrderAscending=true,2026-09-29T13:06:47.014Z
2026-09-28,F,1481,800793653,Viyaleta Korshak,BLR,Belarus,2011,47.75,https://www.itftennis.com/tennis/api/PlayerRankApi/GetPlayerRankings?circuitCode=JT&playerTypeCode=G&ageCategoryCode=&juniorRankingType=itf&take=100&skip=1400&isOrderAscending=true,2026-09-29T13:06:47.014Z
2026-09-28,F,1482,800783609,Siyu Liu,CHN,"China, P.R.",2010,47.75,https://www.itftennis.com/tennis/api/PlayerRankApi/GetPlayerRankings?circuitCode=JT&playerTypeCode=G&ageCategoryCode=&juniorRankingType=itf&take=100&skip=1400&isOrderAscending=true,2026-09-29T13:06:47.014Z
2026-09-28,F,1483,800690281,Leila Montevidoni Leroy,USA,USA,2010,47.75,https://www.itftennis.com/tennis/api/PlayerRankApi/GetPlayerRankings?circuitCode=JT&playerTypeCode=G&ageCategoryCode=&juniorRankingType=itf&take=100&skip=1400&isOrderAscending=true,2026-09-29T13:06:47.014Z
2026-09-28,F,1484,800662946,Kateryna Tserkovna,UKR,Ukraine,2009,47.5,https://www.itftennis.com/tennis/api/PlayerRankApi/GetPlayerRankings?circuitCode=JT&playerTypeCode=G&ageCategoryCode=&juniorRankingType=itf&take=100&skip=1400&isOrderAscending=true,2026-09-29T13:06:47.014Z
2026-09-28,F,1485,800802755,Jingyue Zhang,CHN,"China, P.R.",2012,47.5,https://www.itftennis.com/tennis/api/PlayerRankApi/GetPlayerRankings?circuitCode=JT&playerTypeCode=G&ageCategoryCode=&juniorRankingType=itf&take=100&skip=1400&isOrderAscending=true,2026-09-29T13:06:47.014Z
2026-09-28,F,1486,800778870,Agustina Tarantola,ARG,Argentina,2011,47.5,https://www.itftennis.com/tennis/api/PlayerRankApi/GetPlayerRankings?circuitCode=JT&playerTypeCode=G&ageCategoryCode=&juniorRankingType=itf&take=100&skip=1400&isOrderAscending=true,2026-09-29T13:06:47.014Z
2026-09-28,F,1487,800765190,Isabella Wang,CAN,Canada,2010,47.5,https://www.itftennis.com/tennis/api/PlayerRankApi/GetPlayerRankings?circuitCode=JT&playerTypeCode=G&ageCategoryCode=&juniorRankingType=itf&take=100&skip=1400&isOrderAscending=true,2026-09-29T13:06:47.014Z
2026-09-28,F,1488,800726138,momoka okabe,JPN,Japan,2009,47.25,https://www.itftennis.com/tennis/api/PlayerRankApi/GetPlayerRankings?circuitCode=JT&playerTypeCode=G&ageCategoryCode=&juniorRankingType=itf&take=100&skip=1400&isOrderAscending=true,2026-09-29T13:06:47.014Z
2026-09-28,F,1489,800720191,Lucia Grinberg,ARG,Argentina,2008,47.25,https://www.itftennis.com/tennis/api/PlayerRankApi/GetPlayerRankings?circuitCode=JT&playerTypeCode=G&ageCategoryCode=&juniorRankingType=itf&take=100&skip=1400&isOrderAscending=true,2026-09-29T13:06:47.014Z
2026-09-28,F,1490,800777278,Safiia Urazalina,KAZ,Kazakhstan,2011,47.25,https://www.itftennis.com/tennis/api/PlayerRankApi/GetPlayerRankings?circuitCode=JT&playerTypeCode=G&ageCategoryCode=&juniorRankingType=itf&take=100&skip=1400&isOrderAscending=true,2026-09-29T13:06:47.014Z
2026-09-28,F,1491,800815017,Kyara Paullette Quinonez Zambrano,ECU,Ecuador,2012,47.25,https://www.itftennis.com/tennis/api/PlayerRankApi/GetPlayerRankings?circuitCode=JT&playerTypeCode=G&ageCategoryCode=&juniorRankingType=itf&take=100&skip=1400&isOrderAscending=true,2026-09-29T13:06:47.014Z
2026-09-28,F,1492,800745070,Pei-hsuan Chi,TPE,Chinese Taipei,2009,47.25,https://www.itftennis.com/tennis/api/PlayerRankApi/GetPlayerRankings?circuitCode=JT&playerTypeCode=G&ageCategoryCode=&juniorRankingType=itf&take=100&skip=1400&isOrderAscending=true,2026-09-29T13:06:47.014Z
2026-09-28,F,1493,800674952,Mariana Jimenez Escobar,COL,Colombia,2009,47,https://www.itftennis.com/tennis/api/PlayerRankApi/GetPlayerRankings?circuitCode=JT&playerTypeCode=G&ageCategoryCode=&juniorRankingType=itf&take=100&skip=1400&isOrderAscending=true,2026-09-29T13:06:47.014Z
2026-09-28,F,1494,800783873,Camilla Montenet,ITA,Italy,2009,47,https://www.itftennis.com/tennis/api/PlayerRankApi/GetPlayerRankings?circuitCode=JT&playerTypeCode=G&ageCategoryCode=&juniorRankingType=itf&take=100&skip=1400&isOrderAscending=true,2026-09-29T13:06:47.014Z
2026-09-28,F,1495,800597419,Kamilla Cernousova,LAT,Latvia,2008,47,https://www.itftennis.com/tennis/api/PlayerRankApi/GetPlayerRankings?circuitCode=JT&playerTypeCode=G&ageCategoryCode=&juniorRankingType=itf&take=100&skip=1400&isOrderAscending=true,2026-09-29T13:06:47.014Z
2026-09-28,F,1496,800724658,Felicitas Simon Padros,ARG,Argentina,2010,47,https://www.itftennis.com/tennis/api/PlayerRankApi/GetPlayerRankings?circuitCode=JT&playerTypeCode=G&ageCategoryCode=&juniorRankingType=itf&take=100&skip=1400&isOrderAscending=true,2026-09-29T13:06:47.014Z
2026-09-28,F,1497,800631727,Thalya Le Runigo,FRA,France,2009,46.75,https://www.itftennis.com/tennis/api/PlayerRankApi/GetPlayerRankings?circuitCode=JT&playerTypeCode=G&ageCategoryCode=&juniorRankingType=itf&take=100&skip=1400&isOrderAscending=true,2026-09-29T13:06:47.014Z
2026-09-28,F,1498,800635937,Anna Skorupska,POL,Poland,2008,46.75,https://www.itftennis.com/tennis/api/PlayerRankApi/GetPlayerRankings?circuitCode=JT&playerTypeCode=G&ageCategoryCode=&juniorRankingType=itf&take=100&skip=1400&isOrderAscending=true,2026-09-29T13:06:47.014Z
2026-09-28,F,1499,800660647,Nahia Sanchez-Marin Garcia,ESP,Spain,2009,46.75,https://www.itftennis.com/tennis/api/PlayerRankApi/GetPlayerRankings?circuitCode=JT&playerTypeCode=G&ageCategoryCode=&juniorRankingType=itf&take=100&skip=1400&isOrderAscending=true,2026-09-29T13:06:47.014Z
2026-09-28,F,1500,800840980,Aleksandra Kalashnikova,RUS,Russia,2011,46.75,https://www.itftennis.com/tennis/api/PlayerRankApi/GetPlayerRankings?circuitCode=JT&playerTypeCode=G&ageCategoryCode=&juniorRankingType=itf&take=100&skip=1400&isOrderAscending=true,2026-09-29T13:06:47.014Z
