ranking_date,gender,rank,player_id,player_name,country,country_name,birth_year,official_points,source_url,collected_at
2026-09-07,M,1,800680259,Luis Guto Miguel,BRA,Brazil,2009,2818,https://www.itftennis.com/tennis/api/PlayerRankApi/GetPlayerRankings?circuitCode=JT&playerTypeCode=B&ageCategoryCode=&juniorRankingType=itf&take=100&skip=0&isOrderAscending=true,2026-09-07T16:20:55.188Z
2026-09-07,M,2,800570117,Jamie Mackenzie,GER,Germany,2008,2520.25,https://www.itftennis.com/tennis/api/PlayerRankApi/GetPlayerRankings?circuitCode=JT&playerTypeCode=B&ageCategoryCode=&juniorRankingType=itf&take=100&skip=0&isOrderAscending=true,2026-09-07T16:20:55.188Z
2026-09-07,M,3,800732018,Michael Antonius,USA,USA,2010,2333.75,https://www.itftennis.com/tennis/api/PlayerRankApi/GetPlayerRankings?circuitCode=JT&playerTypeCode=B&ageCategoryCode=&juniorRankingType=itf&take=100&skip=0&isOrderAscending=true,2026-09-07T16:20:55.188Z
2026-09-07,M,4,800579895,Ziga Sesko,SLO,Slovenia,2008,2219.25,https://www.itftennis.com/tennis/api/PlayerRankApi/GetPlayerRankings?circuitCode=JT&playerTypeCode=B&ageCategoryCode=&juniorRankingType=itf&take=100&skip=0&isOrderAscending=true,2026-09-07T16:20:55.188Z
2026-09-07,M,5,800657117,Keaton Hance,USA,USA,2008,2100.25,https://www.itftennis.com/tennis/api/PlayerRankApi/GetPlayerRankings?circuitCode=JT&playerTypeCode=B&ageCategoryCode=&juniorRankingType=itf&take=100&skip=0&isOrderAscending=true,2026-09-07T16:20:55.188Z
2026-09-07,M,6,800589798,Thilo Behrmann,AUT,Austria,2008,2097.75,https://www.itftennis.com/tennis/api/PlayerRankApi/GetPlayerRankings?circuitCode=JT&playerTypeCode=B&ageCategoryCode=&juniorRankingType=itf&take=100&skip=0&isOrderAscending=true,2026-09-07T16:20:55.188Z
2026-09-07,M,7,800699673,Jordan Lee,USA,USA,2010,2026,https://www.itftennis.com/tennis/api/PlayerRankApi/GetPlayerRankings?circuitCode=JT&playerTypeCode=B&ageCategoryCode=&juniorRankingType=itf&take=100&skip=0&isOrderAscending=true,2026-09-07T16:20:55.188Z
2026-09-07,M,8,800564683,Yannick Theodor Alexandrescou,FRA,France,2008,1906.75,https://www.itftennis.com/tennis/api/PlayerRankApi/GetPlayerRankings?circuitCode=JT&playerTypeCode=B&ageCategoryCode=&juniorRankingType=itf&take=100&skip=0&isOrderAscending=true,2026-09-07T16:20:55.188Z
2026-09-07,M,9,800571859,Dimitar Kisimov,BUL,Bulgaria,2008,1873.75,https://www.itftennis.com/tennis/api/PlayerRankApi/GetPlayerRankings?circuitCode=JT&playerTypeCode=B&ageCategoryCode=&juniorRankingType=itf&take=100&skip=0&isOrderAscending=true,2026-09-07T16:20:55.188Z
2026-09-07,M,10,800635903,Vincent Reisach,GER,Germany,2009,1763.75,https://www.itftennis.com/tennis/api/PlayerRankApi/GetPlayerRankings?circuitCode=JT&playerTypeCode=B&ageCategoryCode=&juniorRankingType=itf&take=100&skip=0&isOrderAscending=true,2026-09-07T16:20:55.188Z
2026-09-07,M,11,800696168,Yannik Alvarez,PUR,Puerto Rico,2008,1612.75,https://www.itftennis.com/tennis/api/PlayerRankApi/GetPlayerRankings?circuitCode=JT&playerTypeCode=B&ageCategoryCode=&juniorRankingType=itf&take=100&skip=0&isOrderAscending=true,2026-09-07T16:20:55.188Z
2026-09-07,M,12,800597355,Mathys Domenc,FRA,France,2009,1576,https://www.itftennis.com/tennis/api/PlayerRankApi/GetPlayerRankings?circuitCode=JT&playerTypeCode=B&ageCategoryCode=&juniorRankingType=itf&take=100&skip=0&isOrderAscending=true,2026-09-07T16:20:55.188Z
2026-09-07,M,13,800692766,Kuan-Shou Chen,TPE,Chinese Taipei,2008,1543.75,https://www.itftennis.com/tennis/api/PlayerRankApi/GetPlayerRankings?circuitCode=JT&playerTypeCode=B&ageCategoryCode=&juniorRankingType=itf&take=100&skip=0&isOrderAscending=true,2026-09-07T16:20:55.188Z
2026-09-07,M,14,800600773,Nicolas Baena,PER,Peru,2008,1540.5,https://www.itftennis.com/tennis/api/PlayerRankApi/GetPlayerRankings?circuitCode=JT&playerTypeCode=B&ageCategoryCode=&juniorRankingType=itf&take=100&skip=0&isOrderAscending=true,2026-09-07T16:20:55.188Z
2026-09-07,M,15,800573038,Arnav Paparkar,IND,India,2008,1538.5,https://www.itftennis.com/tennis/api/PlayerRankApi/GetPlayerRankings?circuitCode=JT&playerTypeCode=B&ageCategoryCode=&juniorRankingType=itf&take=100&skip=0&isOrderAscending=true,2026-09-07T16:20:55.188Z
2026-09-07,M,16,800717286,Andrew Johnson,USA,USA,2009,1533.75,https://www.itftennis.com/tennis/api/PlayerRankApi/GetPlayerRankings?circuitCode=JT&playerTypeCode=B&ageCategoryCode=&juniorRankingType=itf&take=100&skip=0&isOrderAscending=true,2026-09-07T16:20:55.188Z
2026-09-07,M,17,800543488,Zangar Nurlanuly,KAZ,Kazakhstan,2008,1518.75,https://www.itftennis.com/tennis/api/PlayerRankApi/GetPlayerRankings?circuitCode=JT&playerTypeCode=B&ageCategoryCode=&juniorRankingType=itf&take=100&skip=0&isOrderAscending=true,2026-09-07T16:20:55.188Z
2026-09-07,M,18,800571129,Flynn Thomas,SUI,Switzerland,2008,1376,https://www.itftennis.com/tennis/api/PlayerRankApi/GetPlayerRankings?circuitCode=JT&playerTypeCode=B&ageCategoryCode=&juniorRankingType=itf&take=100&skip=0&isOrderAscending=true,2026-09-07T16:20:55.188Z
2026-09-07,M,19,800720203,Jack Secord,USA,USA,2008,1363.25,https://www.itftennis.com/tennis/api/PlayerRankApi/GetPlayerRankings?circuitCode=JT&playerTypeCode=B&ageCategoryCode=&juniorRankingType=itf&take=100&skip=0&isOrderAscending=true,2026-09-07T16:20:55.188Z
2026-09-07,M,20,800676504,Leonardo Storck Franca,BRA,Brazil,2009,1347.75,https://www.itftennis.com/tennis/api/PlayerRankApi/GetPlayerRankings?circuitCode=JT&playerTypeCode=B&ageCategoryCode=&juniorRankingType=itf&take=100&skip=0&isOrderAscending=true,2026-09-07T16:20:55.188Z
2026-09-07,M,21,800597132,Jakub Kusy,CZE,Czechia,2009,1318.75,https://www.itftennis.com/tennis/api/PlayerRankApi/GetPlayerRankings?circuitCode=JT&playerTypeCode=B&ageCategoryCode=&juniorRankingType=itf&take=100&skip=0&isOrderAscending=true,2026-09-07T16:20:55.188Z
2026-09-07,M,22,800646827,Mark Ceban,GBR,Great Britain,2009,1309.75,https://www.itftennis.com/tennis/api/PlayerRankApi/GetPlayerRankings?circuitCode=JT&playerTypeCode=B&ageCategoryCode=&juniorRankingType=itf&take=100&skip=0&isOrderAscending=true,2026-09-07T16:20:55.188Z
2026-09-07,M,23,800589799,Raffaele Ciurnelli,ITA,Italy,2008,1304.75,https://www.itftennis.com/tennis/api/PlayerRankApi/GetPlayerRankings?circuitCode=JT&playerTypeCode=B&ageCategoryCode=&juniorRankingType=itf&take=100&skip=0&isOrderAscending=true,2026-09-07T16:20:55.188Z
2026-09-07,M,24,800681412,Daniel Jade,FRA,France,2009,1304.25,https://www.itftennis.com/tennis/api/PlayerRankApi/GetPlayerRankings?circuitCode=JT&playerTypeCode=B&ageCategoryCode=&juniorRankingType=itf&take=100&skip=0&isOrderAscending=true,2026-09-07T16:20:55.188Z
2026-09-07,M,25,800658369,Dante Pagani,ARG,Argentina,2008,1286.75,https://www.itftennis.com/tennis/api/PlayerRankApi/GetPlayerRankings?circuitCode=JT&playerTypeCode=B&ageCategoryCode=&juniorRankingType=itf&take=100&skip=0&isOrderAscending=true,2026-09-07T16:20:55.188Z
2026-09-07,M,26,800583844,Ryo Tabata,JPN,Japan,2008,1281.75,https://www.itftennis.com/tennis/api/PlayerRankApi/GetPlayerRankings?circuitCode=JT&playerTypeCode=B&ageCategoryCode=&juniorRankingType=itf&take=100&skip=0&isOrderAscending=true,2026-09-07T16:20:55.188Z
2026-09-07,M,27,800591436,Kai Thompson,HKG,"Hong Kong, China",2008,1273.5,https://www.itftennis.com/tennis/api/PlayerRankApi/GetPlayerRankings?circuitCode=JT&playerTypeCode=B&ageCategoryCode=&juniorRankingType=itf&take=100&skip=0&isOrderAscending=true,2026-09-07T16:20:55.188Z
2026-09-07,M,28,800626357,Dan Brand,ISR,Israel,2009,1270.5,https://www.itftennis.com/tennis/api/PlayerRankApi/GetPlayerRankings?circuitCode=JT&playerTypeCode=B&ageCategoryCode=&juniorRankingType=itf&take=100&skip=0&isOrderAscending=true,2026-09-07T16:20:55.188Z
2026-09-07,M,29,800587925,Oliver Majdandzic,GER,Germany,2008,1246.75,https://www.itftennis.com/tennis/api/PlayerRankApi/GetPlayerRankings?circuitCode=JT&playerTypeCode=B&ageCategoryCode=&juniorRankingType=itf&take=100&skip=0&isOrderAscending=true,2026-09-07T16:20:55.188Z
2026-09-07,M,30,800700658,Hyu Kawanishi,JPN,Japan,2008,1236,https://www.itftennis.com/tennis/api/PlayerRankApi/GetPlayerRankings?circuitCode=JT&playerTypeCode=B&ageCategoryCode=&juniorRankingType=itf&take=100&skip=0&isOrderAscending=true,2026-09-07T16:20:55.188Z
2026-09-07,M,31,800559166,Damir Zhalgasbay,KAZ,Kazakhstan,2008,1231,https://www.itftennis.com/tennis/api/PlayerRankApi/GetPlayerRankings?circuitCode=JT&playerTypeCode=B&ageCategoryCode=&juniorRankingType=itf&take=100&skip=0&isOrderAscending=true,2026-09-07T16:20:55.188Z
2026-09-07,M,32,800590474,Tito Chavez,ESP,Spain,2008,1230.75,https://www.itftennis.com/tennis/api/PlayerRankApi/GetPlayerRankings?circuitCode=JT&playerTypeCode=B&ageCategoryCode=&juniorRankingType=itf&take=100&skip=0&isOrderAscending=true,2026-09-07T16:20:55.188Z
2026-09-07,M,33,800575096,Thijs Boogaard,NED,Netherlands,2008,1230,https://www.itftennis.com/tennis/api/PlayerRankApi/GetPlayerRankings?circuitCode=JT&playerTypeCode=B&ageCategoryCode=&juniorRankingType=itf&take=100&skip=0&isOrderAscending=true,2026-09-07T16:20:55.188Z
2026-09-07,M,34,800686514,Kanta Watanabe,JPN,Japan,2009,1228,https://www.itftennis.com/tennis/api/PlayerRankApi/GetPlayerRankings?circuitCode=JT&playerTypeCode=B&ageCategoryCode=&juniorRankingType=itf&take=100&skip=0&isOrderAscending=true,2026-09-07T16:20:55.188Z
2026-09-07,M,35,800692786,Jack Kennedy,USA,USA,2008,1189.75,https://www.itftennis.com/tennis/api/PlayerRankApi/GetPlayerRankings?circuitCode=JT&playerTypeCode=B&ageCategoryCode=&juniorRankingType=itf&take=100&skip=0&isOrderAscending=true,2026-09-07T16:20:55.188Z
2026-09-07,M,36,800721316,Ryan Cozad,USA,USA,2008,1171.5,https://www.itftennis.com/tennis/api/PlayerRankApi/GetPlayerRankings?circuitCode=JT&playerTypeCode=B&ageCategoryCode=&juniorRankingType=itf&take=100&skip=0&isOrderAscending=true,2026-09-07T16:20:55.188Z
2026-09-07,M,37,800654359,Emilio Camacho,ECU,Ecuador,2009,1160.5,https://www.itftennis.com/tennis/api/PlayerRankApi/GetPlayerRankings?circuitCode=JT&playerTypeCode=B&ageCategoryCode=&juniorRankingType=itf&take=100&skip=0&isOrderAscending=true,2026-09-07T16:20:55.188Z
2026-09-07,M,38,800650301,Pedro Henrique Chabalgoity,BRA,Brazil,2008,1147.75,https://www.itftennis.com/tennis/api/PlayerRankApi/GetPlayerRankings?circuitCode=JT&playerTypeCode=B&ageCategoryCode=&juniorRankingType=itf&take=100&skip=0&isOrderAscending=true,2026-09-07T16:20:55.188Z
2026-09-07,M,39,800793512,Tanishk Konduri,USA,USA,2009,1141.75,https://www.itftennis.com/tennis/api/PlayerRankApi/GetPlayerRankings?circuitCode=JT&playerTypeCode=B&ageCategoryCode=&juniorRankingType=itf&take=100&skip=0&isOrderAscending=true,2026-09-07T16:20:55.188Z
2026-09-07,M,40,800731255,Vihaan Reddy,USA,USA,2009,1130,https://www.itftennis.com/tennis/api/PlayerRankApi/GetPlayerRankings?circuitCode=JT&playerTypeCode=B&ageCategoryCode=&juniorRankingType=itf&take=100&skip=0&isOrderAscending=true,2026-09-07T16:20:55.188Z
2026-09-07,M,41,800704311,Marcel Latak,USA,USA,2009,1129.25,https://www.itftennis.com/tennis/api/PlayerRankApi/GetPlayerRankings?circuitCode=JT&playerTypeCode=B&ageCategoryCode=&juniorRankingType=itf&take=100&skip=0&isOrderAscending=true,2026-09-07T16:20:55.188Z
2026-09-07,M,42,800668600,Simone Massellani,ITA,Italy,2008,1123,https://www.itftennis.com/tennis/api/PlayerRankApi/GetPlayerRankings?circuitCode=JT&playerTypeCode=B&ageCategoryCode=&juniorRankingType=itf&take=100&skip=0&isOrderAscending=true,2026-09-07T16:20:55.188Z
2026-09-07,M,43,800654119,Connor Doig,RSA,South Africa,2008,1119.25,https://www.itftennis.com/tennis/api/PlayerRankApi/GetPlayerRankings?circuitCode=JT&playerTypeCode=B&ageCategoryCode=&juniorRankingType=itf&take=100&skip=0&isOrderAscending=true,2026-09-07T16:20:55.188Z
2026-09-07,M,44,800601948,Rhys Lawlor,GBR,Great Britain,2009,1106.25,https://www.itftennis.com/tennis/api/PlayerRankApi/GetPlayerRankings?circuitCode=JT&playerTypeCode=B&ageCategoryCode=&juniorRankingType=itf&take=100&skip=0&isOrderAscending=true,2026-09-07T16:20:55.188Z
2026-09-07,M,45,800705107,Matteo Gribaldo,ITA,Italy,2008,1093,https://www.itftennis.com/tennis/api/PlayerRankApi/GetPlayerRankings?circuitCode=JT&playerTypeCode=B&ageCategoryCode=&juniorRankingType=itf&take=100&skip=0&isOrderAscending=true,2026-09-07T16:20:55.188Z
2026-09-07,M,46,800572955,Kirill Filaretov,RUS,Russia,2008,1071.5,https://www.itftennis.com/tennis/api/PlayerRankApi/GetPlayerRankings?circuitCode=JT&playerTypeCode=B&ageCategoryCode=&juniorRankingType=itf&take=100&skip=0&isOrderAscending=true,2026-09-07T16:20:55.188Z
2026-09-07,M,47,800661936,Leon Sloboda,SVK,Slovakia,2009,1070.25,https://www.itftennis.com/tennis/api/PlayerRankApi/GetPlayerRankings?circuitCode=JT&playerTypeCode=B&ageCategoryCode=&juniorRankingType=itf&take=100&skip=0&isOrderAscending=true,2026-09-07T16:20:55.188Z
2026-09-07,M,48,800706603,Felix Roussel,CAN,Canada,2008,1060,https://www.itftennis.com/tennis/api/PlayerRankApi/GetPlayerRankings?circuitCode=JT&playerTypeCode=B&ageCategoryCode=&juniorRankingType=itf&take=100&skip=0&isOrderAscending=true,2026-09-07T16:20:55.188Z
2026-09-07,M,49,800781872,Safir Azam,USA,USA,2009,1057.5,https://www.itftennis.com/tennis/api/PlayerRankApi/GetPlayerRankings?circuitCode=JT&playerTypeCode=B&ageCategoryCode=&juniorRankingType=itf&take=100&skip=0&isOrderAscending=true,2026-09-07T16:20:55.188Z
2026-09-07,M,50,800652195,Juan Miguel Bolivar Idarraga,COL,Colombia,2009,1035,https://www.itftennis.com/tennis/api/PlayerRankApi/GetPlayerRankings?circuitCode=JT&playerTypeCode=B&ageCategoryCode=&juniorRankingType=itf&take=100&skip=0&isOrderAscending=true,2026-09-07T16:20:55.188Z
2026-09-07,M,51,800590813,Savva Rybkin,RUS,Russia,2009,1026,https://www.itftennis.com/tennis/api/PlayerRankApi/GetPlayerRankings?circuitCode=JT&playerTypeCode=B&ageCategoryCode=&juniorRankingType=itf&take=100&skip=0&isOrderAscending=true,2026-09-07T16:20:55.188Z
2026-09-07,M,52,800602130,Jan Sadzik,POL,Poland,2008,1023.5,https://www.itftennis.com/tennis/api/PlayerRankApi/GetPlayerRankings?circuitCode=JT&playerTypeCode=B&ageCategoryCode=&juniorRankingType=itf&take=100&skip=0&isOrderAscending=true,2026-09-07T16:20:55.188Z
2026-09-07,M,53,800661358,Filippo Alfano,ITA,Italy,2008,1022.5,https://www.itftennis.com/tennis/api/PlayerRankApi/GetPlayerRankings?circuitCode=JT&playerTypeCode=B&ageCategoryCode=&juniorRankingType=itf&take=100&skip=0&isOrderAscending=true,2026-09-07T16:20:55.188Z
2026-09-07,M,54,800590346,Nikita Belozertsev,UZB,Uzbekistan,2008,1019.75,https://www.itftennis.com/tennis/api/PlayerRankApi/GetPlayerRankings?circuitCode=JT&playerTypeCode=B&ageCategoryCode=&juniorRankingType=itf&take=100&skip=0&isOrderAscending=true,2026-09-07T16:20:55.188Z
2026-09-07,M,55,800594039,Valentin Gonzalez-Galino,ESP,Spain,2008,1019.75,https://www.itftennis.com/tennis/api/PlayerRankApi/GetPlayerRankings?circuitCode=JT&playerTypeCode=B&ageCategoryCode=&juniorRankingType=itf&take=100&skip=0&isOrderAscending=true,2026-09-07T16:20:55.188Z
2026-09-07,M,56,800626993,Mustafa Ege Sik,AUS,Australia,2009,1005.5,https://www.itftennis.com/tennis/api/PlayerRankApi/GetPlayerRankings?circuitCode=JT&playerTypeCode=B&ageCategoryCode=&juniorRankingType=itf&take=100&skip=0&isOrderAscending=true,2026-09-07T16:20:55.188Z
2026-09-07,M,57,800702395,Ntungamili RAGUIN,BOT,Botswana,2009,978.5,https://www.itftennis.com/tennis/api/PlayerRankApi/GetPlayerRankings?circuitCode=JT&playerTypeCode=B&ageCategoryCode=&juniorRankingType=itf&take=100&skip=0&isOrderAscending=true,2026-09-07T16:20:55.188Z
2026-09-07,M,58,800712851,Daniel Jovanovski,AUS,Australia,2008,954.25,https://www.itftennis.com/tennis/api/PlayerRankApi/GetPlayerRankings?circuitCode=JT&playerTypeCode=B&ageCategoryCode=&juniorRankingType=itf&take=100&skip=0&isOrderAscending=true,2026-09-07T16:20:55.188Z
2026-09-07,M,59,800672226,Benjamin Azar,CAN,Canada,2008,954.25,https://www.itftennis.com/tennis/api/PlayerRankApi/GetPlayerRankings?circuitCode=JT&playerTypeCode=B&ageCategoryCode=&juniorRankingType=itf&take=100&skip=0&isOrderAscending=true,2026-09-07T16:20:55.188Z
2026-09-07,M,60,800589300,Svit Suljic,SLO,Slovenia,2009,946.75,https://www.itftennis.com/tennis/api/PlayerRankApi/GetPlayerRankings?circuitCode=JT&playerTypeCode=B&ageCategoryCode=&juniorRankingType=itf&take=100&skip=0&isOrderAscending=true,2026-09-07T16:20:55.188Z
2026-09-07,M,61,800630725,Richard Lacis,BLR,Belarus,2009,941.25,https://www.itftennis.com/tennis/api/PlayerRankApi/GetPlayerRankings?circuitCode=JT&playerTypeCode=B&ageCategoryCode=&juniorRankingType=itf&take=100&skip=0&isOrderAscending=true,2026-09-07T16:20:55.188Z
2026-09-07,M,62,800565895,Matei Todoran,ROU,Romania,2008,941,https://www.itftennis.com/tennis/api/PlayerRankApi/GetPlayerRankings?circuitCode=JT&playerTypeCode=B&ageCategoryCode=&juniorRankingType=itf&take=100&skip=0&isOrderAscending=true,2026-09-07T16:20:55.188Z
2026-09-07,M,63,800626895,Eudald Gonzalez,ESP,Spain,2008,933,https://www.itftennis.com/tennis/api/PlayerRankApi/GetPlayerRankings?circuitCode=JT&playerTypeCode=B&ageCategoryCode=&juniorRankingType=itf&take=100&skip=0&isOrderAscending=true,2026-09-07T16:20:55.188Z
2026-09-07,M,64,800630877,Matei Victor Chelemen,ROU,Romania,2009,930.5,https://www.itftennis.com/tennis/api/PlayerRankApi/GetPlayerRankings?circuitCode=JT&playerTypeCode=B&ageCategoryCode=&juniorRankingType=itf&take=100&skip=0&isOrderAscending=true,2026-09-07T16:20:55.188Z
2026-09-07,M,65,800589275,Rihards Neimanis,LAT,Latvia,2008,924.75,https://www.itftennis.com/tennis/api/PlayerRankApi/GetPlayerRankings?circuitCode=JT&playerTypeCode=B&ageCategoryCode=&juniorRankingType=itf&take=100&skip=0&isOrderAscending=true,2026-09-07T16:20:55.188Z
2026-09-07,M,66,800688505,Max Villar,ESP,Spain,2008,917.5,https://www.itftennis.com/tennis/api/PlayerRankApi/GetPlayerRankings?circuitCode=JT&playerTypeCode=B&ageCategoryCode=&juniorRankingType=itf&take=100&skip=0&isOrderAscending=true,2026-09-07T16:20:55.188Z
2026-09-07,M,67,800580909,Kunanan Pantaratorn,THA,Thailand,2008,909.75,https://www.itftennis.com/tennis/api/PlayerRankApi/GetPlayerRankings?circuitCode=JT&playerTypeCode=B&ageCategoryCode=&juniorRankingType=itf&take=100&skip=0&isOrderAscending=true,2026-09-07T16:20:55.188Z
2026-09-07,M,68,800698105,Maxi Carrascosa Diaz,ESP,Spain,2008,904.25,https://www.itftennis.com/tennis/api/PlayerRankApi/GetPlayerRankings?circuitCode=JT&playerTypeCode=B&ageCategoryCode=&juniorRankingType=itf&take=100&skip=0&isOrderAscending=true,2026-09-07T16:20:55.188Z
2026-09-07,M,69,800754035,Gavin Goode,USA,USA,2008,899,https://www.itftennis.com/tennis/api/PlayerRankApi/GetPlayerRankings?circuitCode=JT&playerTypeCode=B&ageCategoryCode=&juniorRankingType=itf&take=100&skip=0&isOrderAscending=true,2026-09-07T16:20:55.188Z
2026-09-07,M,70,800678621,John Bothma,RSA,South Africa,2008,897.25,https://www.itftennis.com/tennis/api/PlayerRankApi/GetPlayerRankings?circuitCode=JT&playerTypeCode=B&ageCategoryCode=&juniorRankingType=itf&take=100&skip=0&isOrderAscending=true,2026-09-07T16:20:55.188Z
2026-09-07,M,71,800661621,Joshua Adamson,CAN,Canada,2009,895,https://www.itftennis.com/tennis/api/PlayerRankApi/GetPlayerRankings?circuitCode=JT&playerTypeCode=B&ageCategoryCode=&juniorRankingType=itf&take=100&skip=0&isOrderAscending=true,2026-09-07T16:20:55.188Z
2026-09-07,M,72,800688513,Xavier Massotte,CAN,Canada,2008,877.25,https://www.itftennis.com/tennis/api/PlayerRankApi/GetPlayerRankings?circuitCode=JT&playerTypeCode=B&ageCategoryCode=&juniorRankingType=itf&take=100&skip=0&isOrderAscending=true,2026-09-07T16:20:55.188Z
2026-09-07,M,73,800651243,Kaan Isik Kosaner,TUR,Turkiye,2009,861.75,https://www.itftennis.com/tennis/api/PlayerRankApi/GetPlayerRankings?circuitCode=JT&playerTypeCode=B&ageCategoryCode=&juniorRankingType=itf&take=100&skip=0&isOrderAscending=true,2026-09-07T16:20:55.188Z
2026-09-07,M,74,800656311,Stan Put,NED,Netherlands,2010,851.25,https://www.itftennis.com/tennis/api/PlayerRankApi/GetPlayerRankings?circuitCode=JT&playerTypeCode=B&ageCategoryCode=&juniorRankingType=itf&take=100&skip=0&isOrderAscending=true,2026-09-07T16:20:55.188Z
2026-09-07,M,75,800596852,Christopher Thies,GER,Germany,2008,848,https://www.itftennis.com/tennis/api/PlayerRankApi/GetPlayerRankings?circuitCode=JT&playerTypeCode=B&ageCategoryCode=&juniorRankingType=itf&take=100&skip=0&isOrderAscending=true,2026-09-07T16:20:55.188Z
2026-09-07,M,76,800592189,Aleksander Blus,POL,Poland,2008,847.25,https://www.itftennis.com/tennis/api/PlayerRankApi/GetPlayerRankings?circuitCode=JT&playerTypeCode=B&ageCategoryCode=&juniorRankingType=itf&take=100&skip=0&isOrderAscending=true,2026-09-07T16:20:55.188Z
2026-09-07,M,77,800573442,Marat Salbiev,RUS,Russia,2008,846.25,https://www.itftennis.com/tennis/api/PlayerRankApi/GetPlayerRankings?circuitCode=JT&playerTypeCode=B&ageCategoryCode=&juniorRankingType=itf&take=100&skip=0&isOrderAscending=true,2026-09-07T16:20:55.188Z
2026-09-07,M,78,800695726,OLUWASEUN PETER OGUNSAKIN,NGR,Nigeria,2009,845.75,https://www.itftennis.com/tennis/api/PlayerRankApi/GetPlayerRankings?circuitCode=JT&playerTypeCode=B&ageCategoryCode=&juniorRankingType=itf&take=100&skip=0&isOrderAscending=true,2026-09-07T16:20:55.188Z
2026-09-07,M,79,800733775,Koki Nara,JPN,Japan,2009,834.25,https://www.itftennis.com/tennis/api/PlayerRankApi/GetPlayerRankings?circuitCode=JT&playerTypeCode=B&ageCategoryCode=&juniorRankingType=itf&take=100&skip=0&isOrderAscending=true,2026-09-07T16:20:55.188Z
2026-09-07,M,80,800567149,Aaron Gabet,FRA,France,2008,830.75,https://www.itftennis.com/tennis/api/PlayerRankApi/GetPlayerRankings?circuitCode=JT&playerTypeCode=B&ageCategoryCode=&juniorRankingType=itf&take=100&skip=0&isOrderAscending=true,2026-09-07T16:20:55.188Z
2026-09-07,M,81,800621001,Eric Dylan Mueller,GER,Germany,2009,823.75,https://www.itftennis.com/tennis/api/PlayerRankApi/GetPlayerRankings?circuitCode=JT&playerTypeCode=B&ageCategoryCode=&juniorRankingType=itf&take=100&skip=0&isOrderAscending=true,2026-09-07T16:20:55.188Z
2026-09-07,M,82,800654550,Alvaro Ariel Frutos Alonso,PAR,Paraguay,2008,805,https://www.itftennis.com/tennis/api/PlayerRankApi/GetPlayerRankings?circuitCode=JT&playerTypeCode=B&ageCategoryCode=&juniorRankingType=itf&take=100&skip=0&isOrderAscending=true,2026-09-07T16:20:55.188Z
2026-09-07,M,83,800630549,Mattia Logrippo,ITA,Italy,2009,804,https://www.itftennis.com/tennis/api/PlayerRankApi/GetPlayerRankings?circuitCode=JT&playerTypeCode=B&ageCategoryCode=&juniorRankingType=itf&take=100&skip=0&isOrderAscending=true,2026-09-07T16:20:55.188Z
2026-09-07,M,84,800755951,Takahiro Kawaguchi,JPN,Japan,2010,775.5,https://www.itftennis.com/tennis/api/PlayerRankApi/GetPlayerRankings?circuitCode=JT&playerTypeCode=B&ageCategoryCode=&juniorRankingType=itf&take=100&skip=0&isOrderAscending=true,2026-09-07T16:20:55.188Z
2026-09-07,M,85,800716347,Livas Eduardo De Carvalho Damazio,BRA,Brazil,2010,762.5,https://www.itftennis.com/tennis/api/PlayerRankApi/GetPlayerRankings?circuitCode=JT&playerTypeCode=B&ageCategoryCode=&juniorRankingType=itf&take=100&skip=0&isOrderAscending=true,2026-09-07T16:20:55.188Z
2026-09-07,M,86,800706578,Navneet Raghuram,USA,USA,2009,761.25,https://www.itftennis.com/tennis/api/PlayerRankApi/GetPlayerRankings?circuitCode=JT&playerTypeCode=B&ageCategoryCode=&juniorRankingType=itf&take=100&skip=0&isOrderAscending=true,2026-09-07T16:20:55.188Z
2026-09-07,M,87,800624130,Alberto Pulido Moreno,ESP,Spain,2009,760,https://www.itftennis.com/tennis/api/PlayerRankApi/GetPlayerRankings?circuitCode=JT&playerTypeCode=B&ageCategoryCode=&juniorRankingType=itf&take=100&skip=0&isOrderAscending=true,2026-09-07T16:20:55.188Z
2026-09-07,M,88,800599675,Odysseas Geladaris,GRE,Greece,2008,749,https://www.itftennis.com/tennis/api/PlayerRankApi/GetPlayerRankings?circuitCode=JT&playerTypeCode=B&ageCategoryCode=&juniorRankingType=itf&take=100&skip=0&isOrderAscending=true,2026-09-07T16:20:55.188Z
2026-09-07,M,89,800679317,Eito Komada,JPN,Japan,2008,746.5,https://www.itftennis.com/tennis/api/PlayerRankApi/GetPlayerRankings?circuitCode=JT&playerTypeCode=B&ageCategoryCode=&juniorRankingType=itf&take=100&skip=0&isOrderAscending=true,2026-09-07T16:20:55.188Z
2026-09-07,M,90,800602679,Min Hyuk Cho,KOR,"Korea, Rep.",2009,737.5,https://www.itftennis.com/tennis/api/PlayerRankApi/GetPlayerRankings?circuitCode=JT&playerTypeCode=B&ageCategoryCode=&juniorRankingType=itf&take=100&skip=0&isOrderAscending=true,2026-09-07T16:20:55.188Z
2026-09-07,M,91,800671311,Alessandro Rubini Garcia Belaunde,PER,Peru,2009,737.5,https://www.itftennis.com/tennis/api/PlayerRankApi/GetPlayerRankings?circuitCode=JT&playerTypeCode=B&ageCategoryCode=&juniorRankingType=itf&take=100&skip=0&isOrderAscending=true,2026-09-07T16:20:55.188Z
2026-09-07,M,92,800597378,Tomas Krejci,CZE,Czechia,2009,734,https://www.itftennis.com/tennis/api/PlayerRankApi/GetPlayerRankings?circuitCode=JT&playerTypeCode=B&ageCategoryCode=&juniorRankingType=itf&take=100&skip=0&isOrderAscending=true,2026-09-07T16:20:55.188Z
2026-09-07,M,93,800594151,Felipe Vazquez,URU,Uruguay,2008,721,https://www.itftennis.com/tennis/api/PlayerRankApi/GetPlayerRankings?circuitCode=JT&playerTypeCode=B&ageCategoryCode=&juniorRankingType=itf&take=100&skip=0&isOrderAscending=true,2026-09-07T16:20:55.188Z
2026-09-07,M,94,800629142,Francisco Fontes Damorim,BRA,Brazil,2008,717.25,https://www.itftennis.com/tennis/api/PlayerRankApi/GetPlayerRankings?circuitCode=JT&playerTypeCode=B&ageCategoryCode=&juniorRankingType=itf&take=100&skip=0&isOrderAscending=true,2026-09-07T16:20:55.188Z
2026-09-07,M,95,800697653,Agassi Rusher,USA,USA,2008,715.5,https://www.itftennis.com/tennis/api/PlayerRankApi/GetPlayerRankings?circuitCode=JT&playerTypeCode=B&ageCategoryCode=&juniorRankingType=itf&take=100&skip=0&isOrderAscending=true,2026-09-07T16:20:55.188Z
2026-09-07,M,96,800622039,Thomas Gunzinger,SUI,Switzerland,2008,715,https://www.itftennis.com/tennis/api/PlayerRankApi/GetPlayerRankings?circuitCode=JT&playerTypeCode=B&ageCategoryCode=&juniorRankingType=itf&take=100&skip=0&isOrderAscending=true,2026-09-07T16:20:55.188Z
2026-09-07,M,97,800593329,Florian Zimmer,AUT,Austria,2008,714.5,https://www.itftennis.com/tennis/api/PlayerRankApi/GetPlayerRankings?circuitCode=JT&playerTypeCode=B&ageCategoryCode=&juniorRankingType=itf&take=100&skip=0&isOrderAscending=true,2026-09-07T16:20:55.188Z
2026-09-07,M,98,800597850,Carel Aubriel Ngounoue,USA,USA,2008,713.5,https://www.itftennis.com/tennis/api/PlayerRankApi/GetPlayerRankings?circuitCode=JT&playerTypeCode=B&ageCategoryCode=&juniorRankingType=itf&take=100&skip=0&isOrderAscending=true,2026-09-07T16:20:55.188Z
2026-09-07,M,99,800711858,Ymerali Ibraimi,AUS,Australia,2009,705.5,https://www.itftennis.com/tennis/api/PlayerRankApi/GetPlayerRankings?circuitCode=JT&playerTypeCode=B&ageCategoryCode=&juniorRankingType=itf&take=100&skip=0&isOrderAscending=true,2026-09-07T16:20:55.188Z
2026-09-07,M,100,800705312,Cooper Kose,AUS,Australia,2009,704.5,https://www.itftennis.com/tennis/api/PlayerRankApi/GetPlayerRankings?circuitCode=JT&playerTypeCode=B&ageCategoryCode=&juniorRankingType=itf&take=100&skip=0&isOrderAscending=true,2026-09-07T16:20:55.188Z
2026-09-07,M,101,800595243,Michael Savano,USA,USA,2008,700.5,https://www.itftennis.com/tennis/api/PlayerRankApi/GetPlayerRankings?circuitCode=JT&playerTypeCode=B&ageCategoryCode=&juniorRankingType=itf&take=100&skip=100&isOrderAscending=true,2026-09-07T16:20:56.015Z
2026-09-07,M,102,800543492,Daniel Tazabekov,KAZ,Kazakhstan,2008,700.25,https://www.itftennis.com/tennis/api/PlayerRankApi/GetPlayerRankings?circuitCode=JT&playerTypeCode=B&ageCategoryCode=&juniorRankingType=itf&take=100&skip=100&isOrderAscending=true,2026-09-07T16:20:56.015Z
2026-09-07,M,103,800694107,Cruz Hewitt,AUS,Australia,2008,700,https://www.itftennis.com/tennis/api/PlayerRankApi/GetPlayerRankings?circuitCode=JT&playerTypeCode=B&ageCategoryCode=&juniorRankingType=itf&take=100&skip=100&isOrderAscending=true,2026-09-07T16:20:56.015Z
2026-09-07,M,104,800638980,Marko Bekeni,SVK,Slovakia,2008,699.25,https://www.itftennis.com/tennis/api/PlayerRankApi/GetPlayerRankings?circuitCode=JT&playerTypeCode=B&ageCategoryCode=&juniorRankingType=itf&take=100&skip=100&isOrderAscending=true,2026-09-07T16:20:56.015Z
2026-09-07,M,105,800595066,Lucas Yunez,ECU,Ecuador,2008,697.5,https://www.itftennis.com/tennis/api/PlayerRankApi/GetPlayerRankings?circuitCode=JT&playerTypeCode=B&ageCategoryCode=&juniorRankingType=itf&take=100&skip=100&isOrderAscending=true,2026-09-07T16:20:56.015Z
2026-09-07,M,106,800602231,Ali Missoum,MAR,Morocco,2008,695.25,https://www.itftennis.com/tennis/api/PlayerRankApi/GetPlayerRankings?circuitCode=JT&playerTypeCode=B&ageCategoryCode=&juniorRankingType=itf&take=100&skip=100&isOrderAscending=true,2026-09-07T16:20:56.015Z
2026-09-07,M,107,800670455,Ignacio De Armas,VEN,Venezuela,2009,681,https://www.itftennis.com/tennis/api/PlayerRankApi/GetPlayerRankings?circuitCode=JT&playerTypeCode=B&ageCategoryCode=&juniorRankingType=itf&take=100&skip=100&isOrderAscending=true,2026-09-07T16:20:56.015Z
2026-09-07,M,108,800644692,Jack Cheng,HKG,"Hong Kong, China",2008,672.5,https://www.itftennis.com/tennis/api/PlayerRankApi/GetPlayerRankings?circuitCode=JT&playerTypeCode=B&ageCategoryCode=&juniorRankingType=itf&take=100&skip=100&isOrderAscending=true,2026-09-07T16:20:56.015Z
2026-09-07,M,109,800626211,Roberto Perez socas,ESP,Spain,2008,668,https://www.itftennis.com/tennis/api/PlayerRankApi/GetPlayerRankings?circuitCode=JT&playerTypeCode=B&ageCategoryCode=&juniorRankingType=itf&take=100&skip=100&isOrderAscending=true,2026-09-07T16:20:56.015Z
2026-09-07,M,110,800709452,Roshan Santhosh,USA,USA,2008,665,https://www.itftennis.com/tennis/api/PlayerRankApi/GetPlayerRankings?circuitCode=JT&playerTypeCode=B&ageCategoryCode=&juniorRankingType=itf&take=100&skip=100&isOrderAscending=true,2026-09-07T16:20:56.015Z
2026-09-07,M,111,800661480,Tomas Re,ARG,Argentina,2008,644.75,https://www.itftennis.com/tennis/api/PlayerRankApi/GetPlayerRankings?circuitCode=JT&playerTypeCode=B&ageCategoryCode=&juniorRankingType=itf&take=100&skip=100&isOrderAscending=true,2026-09-07T16:20:56.015Z
2026-09-07,M,112,800578788,Tymon Litwic,POL,Poland,2008,638.75,https://www.itftennis.com/tennis/api/PlayerRankApi/GetPlayerRankings?circuitCode=JT&playerTypeCode=B&ageCategoryCode=&juniorRankingType=itf&take=100&skip=100&isOrderAscending=true,2026-09-07T16:20:56.015Z
2026-09-07,M,113,800722515,Junseo Jang,KOR,"Korea, Rep.",2011,638.25,https://www.itftennis.com/tennis/api/PlayerRankApi/GetPlayerRankings?circuitCode=JT&playerTypeCode=B&ageCategoryCode=&juniorRankingType=itf&take=100&skip=100&isOrderAscending=true,2026-09-07T16:20:56.015Z
2026-09-07,M,114,800645019,William Kjellberg,SWE,Sweden,2009,636.25,https://www.itftennis.com/tennis/api/PlayerRankApi/GetPlayerRankings?circuitCode=JT&playerTypeCode=B&ageCategoryCode=&juniorRankingType=itf&take=100&skip=100&isOrderAscending=true,2026-09-07T16:20:56.015Z
2026-09-07,M,115,800662768,Jake Dembo,AUS,Australia,2008,629.25,https://www.itftennis.com/tennis/api/PlayerRankApi/GetPlayerRankings?circuitCode=JT&playerTypeCode=B&ageCategoryCode=&juniorRankingType=itf&take=100&skip=100&isOrderAscending=true,2026-09-07T16:20:56.015Z
2026-09-07,M,116,800596844,Ken Ink,EST,Estonia,2009,628.75,https://www.itftennis.com/tennis/api/PlayerRankApi/GetPlayerRankings?circuitCode=JT&playerTypeCode=B&ageCategoryCode=&juniorRankingType=itf&take=100&skip=100&isOrderAscending=true,2026-09-07T16:20:56.015Z
2026-09-07,M,117,800642706,Pedro Albuquerque Dietrich,BRA,Brazil,2008,628,https://www.itftennis.com/tennis/api/PlayerRankApi/GetPlayerRankings?circuitCode=JT&playerTypeCode=B&ageCategoryCode=&juniorRankingType=itf&take=100&skip=100&isOrderAscending=true,2026-09-07T16:20:56.015Z
2026-09-07,M,118,800665698,MATTIA BARONI,ITA,Italy,2009,628,https://www.itftennis.com/tennis/api/PlayerRankApi/GetPlayerRankings?circuitCode=JT&playerTypeCode=B&ageCategoryCode=&juniorRankingType=itf&take=100&skip=100&isOrderAscending=true,2026-09-07T16:20:56.015Z
2026-09-07,M,119,800587847,Antonio Marigliano,ITA,Italy,2008,626.25,https://www.itftennis.com/tennis/api/PlayerRankApi/GetPlayerRankings?circuitCode=JT&playerTypeCode=B&ageCategoryCode=&juniorRankingType=itf&take=100&skip=100&isOrderAscending=true,2026-09-07T16:20:56.016Z
2026-09-07,M,120,800732025,Izyan Ahmad,USA,USA,2010,618.75,https://www.itftennis.com/tennis/api/PlayerRankApi/GetPlayerRankings?circuitCode=JT&playerTypeCode=B&ageCategoryCode=&juniorRankingType=itf&take=100&skip=100&isOrderAscending=true,2026-09-07T16:20:56.016Z
2026-09-07,M,121,800746542,Taiki Takizawa,AUS,Australia,2010,618.5,https://www.itftennis.com/tennis/api/PlayerRankApi/GetPlayerRankings?circuitCode=JT&playerTypeCode=B&ageCategoryCode=&juniorRankingType=itf&take=100&skip=100&isOrderAscending=true,2026-09-07T16:20:56.016Z
2026-09-07,M,122,800630414,Dominik Vagner,CZE,Czechia,2009,618.5,https://www.itftennis.com/tennis/api/PlayerRankApi/GetPlayerRankings?circuitCode=JT&playerTypeCode=B&ageCategoryCode=&juniorRankingType=itf&take=100&skip=100&isOrderAscending=true,2026-09-07T16:20:56.016Z
2026-09-07,M,123,800718701,Antoine Genereux,CAN,Canada,2009,617.5,https://www.itftennis.com/tennis/api/PlayerRankApi/GetPlayerRankings?circuitCode=JT&playerTypeCode=B&ageCategoryCode=&juniorRankingType=itf&take=100&skip=100&isOrderAscending=true,2026-09-07T16:20:56.016Z
2026-09-07,M,124,800757736,Mason Vaughan,USA,USA,2009,611.25,https://www.itftennis.com/tennis/api/PlayerRankApi/GetPlayerRankings?circuitCode=JT&playerTypeCode=B&ageCategoryCode=&juniorRankingType=itf&take=100&skip=100&isOrderAscending=true,2026-09-07T16:20:56.016Z
2026-09-07,M,125,800635270,Kaloyan Shikov,BUL,Bulgaria,2009,610,https://www.itftennis.com/tennis/api/PlayerRankApi/GetPlayerRankings?circuitCode=JT&playerTypeCode=B&ageCategoryCode=&juniorRankingType=itf&take=100&skip=100&isOrderAscending=true,2026-09-07T16:20:56.016Z
2026-09-07,M,126,800707189,Jeffrey Strydom,RSA,South Africa,2009,610,https://www.itftennis.com/tennis/api/PlayerRankApi/GetPlayerRankings?circuitCode=JT&playerTypeCode=B&ageCategoryCode=&juniorRankingType=itf&take=100&skip=100&isOrderAscending=true,2026-09-07T16:20:56.016Z
2026-09-07,M,127,800660771,Alessandro Hunziker,SUI,Switzerland,2009,607.5,https://www.itftennis.com/tennis/api/PlayerRankApi/GetPlayerRankings?circuitCode=JT&playerTypeCode=B&ageCategoryCode=&juniorRankingType=itf&take=100&skip=100&isOrderAscending=true,2026-09-07T16:20:56.016Z
2026-09-07,M,128,800731732,Jerrid Gaines Jr,USA,USA,2009,596,https://www.itftennis.com/tennis/api/PlayerRankApi/GetPlayerRankings?circuitCode=JT&playerTypeCode=B&ageCategoryCode=&juniorRankingType=itf&take=100&skip=100&isOrderAscending=true,2026-09-07T16:20:56.016Z
2026-09-07,M,129,800625580,Angel Veliz,ECU,Ecuador,2008,595.5,https://www.itftennis.com/tennis/api/PlayerRankApi/GetPlayerRankings?circuitCode=JT&playerTypeCode=B&ageCategoryCode=&juniorRankingType=itf&take=100&skip=100&isOrderAscending=true,2026-09-07T16:20:56.016Z
2026-09-07,M,130,800626417,Samim Filiz,TUR,Turkiye,2009,594.25,https://www.itftennis.com/tennis/api/PlayerRankApi/GetPlayerRankings?circuitCode=JT&playerTypeCode=B&ageCategoryCode=&juniorRankingType=itf&take=100&skip=100&isOrderAscending=true,2026-09-07T16:20:56.016Z
2026-09-07,M,131,800597380,Dani Szabo,CAN,Canada,2008,591.75,https://www.itftennis.com/tennis/api/PlayerRankApi/GetPlayerRankings?circuitCode=JT&playerTypeCode=B&ageCategoryCode=&juniorRankingType=itf&take=100&skip=100&isOrderAscending=true,2026-09-07T16:20:56.016Z
2026-09-07,M,132,800596150,Matisse MARTIN,FRA,France,2009,588,https://www.itftennis.com/tennis/api/PlayerRankApi/GetPlayerRankings?circuitCode=JT&playerTypeCode=B&ageCategoryCode=&juniorRankingType=itf&take=100&skip=100&isOrderAscending=true,2026-09-07T16:20:56.016Z
2026-09-07,M,133,800602236,Alejandro Mateo Berge Nourescu,ROU,Romania,2008,584.75,https://www.itftennis.com/tennis/api/PlayerRankApi/GetPlayerRankings?circuitCode=JT&playerTypeCode=B&ageCategoryCode=&juniorRankingType=itf&take=100&skip=100&isOrderAscending=true,2026-09-07T16:20:56.016Z
2026-09-07,M,134,800631035,Samarth Sahita,IND,India,2008,577.5,https://www.itftennis.com/tennis/api/PlayerRankApi/GetPlayerRankings?circuitCode=JT&playerTypeCode=B&ageCategoryCode=&juniorRankingType=itf&take=100&skip=100&isOrderAscending=true,2026-09-07T16:20:56.016Z
2026-09-07,M,135,800774722,Amaury Abbas,FRA,France,2009,573.75,https://www.itftennis.com/tennis/api/PlayerRankApi/GetPlayerRankings?circuitCode=JT&playerTypeCode=B&ageCategoryCode=&juniorRankingType=itf&take=100&skip=100&isOrderAscending=true,2026-09-07T16:20:56.016Z
2026-09-07,M,136,800569863,Patrick-Valentin Moise,GER,Germany,2008,571.75,https://www.itftennis.com/tennis/api/PlayerRankApi/GetPlayerRankings?circuitCode=JT&playerTypeCode=B&ageCategoryCode=&juniorRankingType=itf&take=100&skip=100&isOrderAscending=true,2026-09-07T16:20:56.016Z
2026-09-07,M,137,800632039,ARADHYA KSHITIJ,IND,India,2008,569,https://www.itftennis.com/tennis/api/PlayerRankApi/GetPlayerRankings?circuitCode=JT&playerTypeCode=B&ageCategoryCode=&juniorRankingType=itf&take=100&skip=100&isOrderAscending=true,2026-09-07T16:20:56.016Z
2026-09-07,M,138,800725121,Gurjot Singh,USA,USA,2008,568.5,https://www.itftennis.com/tennis/api/PlayerRankApi/GetPlayerRankings?circuitCode=JT&playerTypeCode=B&ageCategoryCode=&juniorRankingType=itf&take=100&skip=100&isOrderAscending=true,2026-09-07T16:20:56.016Z
2026-09-07,M,139,800672538,Dominik Macej,SVK,Slovakia,2009,568.5,https://www.itftennis.com/tennis/api/PlayerRankApi/GetPlayerRankings?circuitCode=JT&playerTypeCode=B&ageCategoryCode=&juniorRankingType=itf&take=100&skip=100&isOrderAscending=true,2026-09-07T16:20:56.016Z
2026-09-07,M,140,800711174,Ethan Domingo,AUS,Australia,2010,565.25,https://www.itftennis.com/tennis/api/PlayerRankApi/GetPlayerRankings?circuitCode=JT&playerTypeCode=B&ageCategoryCode=&juniorRankingType=itf&take=100&skip=100&isOrderAscending=true,2026-09-07T16:20:56.016Z
2026-09-07,M,141,800583661,Mickael Kaouk,FRA,France,2008,564,https://www.itftennis.com/tennis/api/PlayerRankApi/GetPlayerRankings?circuitCode=JT&playerTypeCode=B&ageCategoryCode=&juniorRankingType=itf&take=100&skip=100&isOrderAscending=true,2026-09-07T16:20:56.016Z
2026-09-07,M,142,800590223,Alexey Frolov,RUS,Russia,2009,562.5,https://www.itftennis.com/tennis/api/PlayerRankApi/GetPlayerRankings?circuitCode=JT&playerTypeCode=B&ageCategoryCode=&juniorRankingType=itf&take=100&skip=100&isOrderAscending=true,2026-09-07T16:20:56.016Z
2026-09-07,M,143,800717018,Benjamin perez,CHI,Chile,2009,560,https://www.itftennis.com/tennis/api/PlayerRankApi/GetPlayerRankings?circuitCode=JT&playerTypeCode=B&ageCategoryCode=&juniorRankingType=itf&take=100&skip=100&isOrderAscending=true,2026-09-07T16:20:56.016Z
2026-09-07,M,144,800707613,Yen-Chun Wang,TPE,Chinese Taipei,2008,551.75,https://www.itftennis.com/tennis/api/PlayerRankApi/GetPlayerRankings?circuitCode=JT&playerTypeCode=B&ageCategoryCode=&juniorRankingType=itf&take=100&skip=100&isOrderAscending=true,2026-09-07T16:20:56.016Z
2026-09-07,M,145,800790501,Tyler Lee,USA,USA,2009,550,https://www.itftennis.com/tennis/api/PlayerRankApi/GetPlayerRankings?circuitCode=JT&playerTypeCode=B&ageCategoryCode=&juniorRankingType=itf&take=100&skip=100&isOrderAscending=true,2026-09-07T16:20:56.016Z
2026-09-07,M,146,800601993,Dominik Dujka,CZE,Czechia,2009,545.25,https://www.itftennis.com/tennis/api/PlayerRankApi/GetPlayerRankings?circuitCode=JT&playerTypeCode=B&ageCategoryCode=&juniorRankingType=itf&take=100&skip=100&isOrderAscending=true,2026-09-07T16:20:56.016Z
2026-09-07,M,147,800708825,Zavier Augustin,USA,USA,2008,542.75,https://www.itftennis.com/tennis/api/PlayerRankApi/GetPlayerRankings?circuitCode=JT&playerTypeCode=B&ageCategoryCode=&juniorRankingType=itf&take=100&skip=100&isOrderAscending=true,2026-09-07T16:20:56.016Z
2026-09-07,M,148,800693613,Luis Andres Flores Avila,MEX,Mexico,2008,532.75,https://www.itftennis.com/tennis/api/PlayerRankApi/GetPlayerRankings?circuitCode=JT&playerTypeCode=B&ageCategoryCode=&juniorRankingType=itf&take=100&skip=100&isOrderAscending=true,2026-09-07T16:20:56.016Z
2026-09-07,M,149,800757262,Jia Hu,CHN,"China, P.R.",2009,528.5,https://www.itftennis.com/tennis/api/PlayerRankApi/GetPlayerRankings?circuitCode=JT&playerTypeCode=B&ageCategoryCode=&juniorRankingType=itf&take=100&skip=100&isOrderAscending=true,2026-09-07T16:20:56.016Z
2026-09-07,M,150,800592750,Davide Ciaschetti,ITA,Italy,2008,527.75,https://www.itftennis.com/tennis/api/PlayerRankApi/GetPlayerRankings?circuitCode=JT&playerTypeCode=B&ageCategoryCode=&juniorRankingType=itf&take=100&skip=100&isOrderAscending=true,2026-09-07T16:20:56.016Z
2026-09-07,M,151,800581740,Siu Chi Nicholas Cheng,HKG,"Hong Kong, China",2008,527.25,https://www.itftennis.com/tennis/api/PlayerRankApi/GetPlayerRankings?circuitCode=JT&playerTypeCode=B&ageCategoryCode=&juniorRankingType=itf&take=100&skip=100&isOrderAscending=true,2026-09-07T16:20:56.016Z
2026-09-07,M,152,800704256,Teodor Davidov,USA,USA,2010,521.75,https://www.itftennis.com/tennis/api/PlayerRankApi/GetPlayerRankings?circuitCode=JT&playerTypeCode=B&ageCategoryCode=&juniorRankingType=itf&take=100&skip=100&isOrderAscending=true,2026-09-07T16:20:56.016Z
2026-09-07,M,153,800631785,Omar Kandil,EGY,Egypt,2009,521,https://www.itftennis.com/tennis/api/PlayerRankApi/GetPlayerRankings?circuitCode=JT&playerTypeCode=B&ageCategoryCode=&juniorRankingType=itf&take=100&skip=100&isOrderAscending=true,2026-09-07T16:20:56.016Z
2026-09-07,M,154,800708219,Marwan Ehab,EGY,Egypt,2008,515,https://www.itftennis.com/tennis/api/PlayerRankApi/GetPlayerRankings?circuitCode=JT&playerTypeCode=B&ageCategoryCode=&juniorRankingType=itf&take=100&skip=100&isOrderAscending=true,2026-09-07T16:20:56.016Z
2026-09-07,M,155,800603213,Eoghan Jennings,IRL,Ireland,2008,511.5,https://www.itftennis.com/tennis/api/PlayerRankApi/GetPlayerRankings?circuitCode=JT&playerTypeCode=B&ageCategoryCode=&juniorRankingType=itf&take=100&skip=100&isOrderAscending=true,2026-09-07T16:20:56.016Z
2026-09-07,M,156,800702805,Shintaro Ogaki,JPN,Japan,2010,511.5,https://www.itftennis.com/tennis/api/PlayerRankApi/GetPlayerRankings?circuitCode=JT&playerTypeCode=B&ageCategoryCode=&juniorRankingType=itf&take=100&skip=100&isOrderAscending=true,2026-09-07T16:20:56.016Z
2026-09-07,M,157,800637063,Jan Chlodnicki,POL,Poland,2008,510.75,https://www.itftennis.com/tennis/api/PlayerRankApi/GetPlayerRankings?circuitCode=JT&playerTypeCode=B&ageCategoryCode=&juniorRankingType=itf&take=100&skip=100&isOrderAscending=true,2026-09-07T16:20:56.016Z
2026-09-07,M,158,800597356,Oliver Page,GBR,Great Britain,2008,510.25,https://www.itftennis.com/tennis/api/PlayerRankApi/GetPlayerRankings?circuitCode=JT&playerTypeCode=B&ageCategoryCode=&juniorRankingType=itf&take=100&skip=100&isOrderAscending=true,2026-09-07T16:20:56.016Z
2026-09-07,M,159,800586416,Alan Aiukhanov,RUS,Russia,2008,508,https://www.itftennis.com/tennis/api/PlayerRankApi/GetPlayerRankings?circuitCode=JT&playerTypeCode=B&ageCategoryCode=&juniorRankingType=itf&take=100&skip=100&isOrderAscending=true,2026-09-07T16:20:56.016Z
2026-09-07,M,160,800739583,Yoshihiro Sakurai,JPN,Japan,2009,506,https://www.itftennis.com/tennis/api/PlayerRankApi/GetPlayerRankings?circuitCode=JT&playerTypeCode=B&ageCategoryCode=&juniorRankingType=itf&take=100&skip=100&isOrderAscending=true,2026-09-07T16:20:56.016Z
2026-09-07,M,161,800698558,Dongjae Kim,KOR,"Korea, Rep.",2010,504.75,https://www.itftennis.com/tennis/api/PlayerRankApi/GetPlayerRankings?circuitCode=JT&playerTypeCode=B&ageCategoryCode=&juniorRankingType=itf&take=100&skip=100&isOrderAscending=true,2026-09-07T16:20:56.016Z
2026-09-07,M,162,800692811,Ford McCollum,USA,USA,2008,504.5,https://www.itftennis.com/tennis/api/PlayerRankApi/GetPlayerRankings?circuitCode=JT&playerTypeCode=B&ageCategoryCode=&juniorRankingType=itf&take=100&skip=100&isOrderAscending=true,2026-09-07T16:20:56.016Z
2026-09-07,M,163,800720441,Erik Schinnerer,USA,USA,2008,500.5,https://www.itftennis.com/tennis/api/PlayerRankApi/GetPlayerRankings?circuitCode=JT&playerTypeCode=B&ageCategoryCode=&juniorRankingType=itf&take=100&skip=100&isOrderAscending=true,2026-09-07T16:20:56.016Z
2026-09-07,M,164,800709481,Riku Nakamoto,JPN,Japan,2009,497.5,https://www.itftennis.com/tennis/api/PlayerRankApi/GetPlayerRankings?circuitCode=JT&playerTypeCode=B&ageCategoryCode=&juniorRankingType=itf&take=100&skip=100&isOrderAscending=true,2026-09-07T16:20:56.016Z
2026-09-07,M,165,800685006,quincy yao,CAN,Canada,2008,497,https://www.itftennis.com/tennis/api/PlayerRankApi/GetPlayerRankings?circuitCode=JT&playerTypeCode=B&ageCategoryCode=&juniorRankingType=itf&take=100&skip=100&isOrderAscending=true,2026-09-07T16:20:56.016Z
2026-09-07,M,166,800682637,Mason Taube,USA,USA,2008,493.25,https://www.itftennis.com/tennis/api/PlayerRankApi/GetPlayerRankings?circuitCode=JT&playerTypeCode=B&ageCategoryCode=&juniorRankingType=itf&take=100&skip=100&isOrderAscending=true,2026-09-07T16:20:56.016Z
2026-09-07,M,167,800579231,Edwin Averjanov,EST,Estonia,2008,492.25,https://www.itftennis.com/tennis/api/PlayerRankApi/GetPlayerRankings?circuitCode=JT&playerTypeCode=B&ageCategoryCode=&juniorRankingType=itf&take=100&skip=100&isOrderAscending=true,2026-09-07T16:20:56.016Z
2026-09-07,M,168,800772281,Daniel Malacek,USA,USA,2009,490,https://www.itftennis.com/tennis/api/PlayerRankApi/GetPlayerRankings?circuitCode=JT&playerTypeCode=B&ageCategoryCode=&juniorRankingType=itf&take=100&skip=100&isOrderAscending=true,2026-09-07T16:20:56.016Z
2026-09-07,M,169,800595074,Tommaso Pedretti,ITA,Italy,2009,489,https://www.itftennis.com/tennis/api/PlayerRankApi/GetPlayerRankings?circuitCode=JT&playerTypeCode=B&ageCategoryCode=&juniorRankingType=itf&take=100&skip=100&isOrderAscending=true,2026-09-07T16:20:56.016Z
2026-09-07,M,170,800576465,Marcell Kovacs,HUN,Hungary,2008,487,https://www.itftennis.com/tennis/api/PlayerRankApi/GetPlayerRankings?circuitCode=JT&playerTypeCode=B&ageCategoryCode=&juniorRankingType=itf&take=100&skip=100&isOrderAscending=true,2026-09-07T16:20:56.016Z
2026-09-07,M,171,800715003,Kamil Stolarczyk,USA,USA,2009,482.5,https://www.itftennis.com/tennis/api/PlayerRankApi/GetPlayerRankings?circuitCode=JT&playerTypeCode=B&ageCategoryCode=&juniorRankingType=itf&take=100&skip=100&isOrderAscending=true,2026-09-07T16:20:56.016Z
2026-09-07,M,172,800659854,Praneel Sharma,IND,India,2008,482,https://www.itftennis.com/tennis/api/PlayerRankApi/GetPlayerRankings?circuitCode=JT&playerTypeCode=B&ageCategoryCode=&juniorRankingType=itf&take=100&skip=100&isOrderAscending=true,2026-09-07T16:20:56.016Z
2026-09-07,M,173,800646359,Eyad Reda Ezzat Mohamed Sherif,EGY,Egypt,2008,479.5,https://www.itftennis.com/tennis/api/PlayerRankApi/GetPlayerRankings?circuitCode=JT&playerTypeCode=B&ageCategoryCode=&juniorRankingType=itf&take=100&skip=100&isOrderAscending=true,2026-09-07T16:20:56.016Z
2026-09-07,M,174,800584132,Ramazan Kaan Oktay,TUR,Turkiye,2008,475,https://www.itftennis.com/tennis/api/PlayerRankApi/GetPlayerRankings?circuitCode=JT&playerTypeCode=B&ageCategoryCode=&juniorRankingType=itf&take=100&skip=100&isOrderAscending=true,2026-09-07T16:20:56.016Z
2026-09-07,M,175,800670641,Rafalentino Ali Da Costa,INA,Indonesia,2010,475,https://www.itftennis.com/tennis/api/PlayerRankApi/GetPlayerRankings?circuitCode=JT&playerTypeCode=B&ageCategoryCode=&juniorRankingType=itf&take=100&skip=100&isOrderAscending=true,2026-09-07T16:20:56.016Z
2026-09-07,M,176,800731445,Ikenna Prosper Okonkwo,NGR,Nigeria,2009,474.5,https://www.itftennis.com/tennis/api/PlayerRankApi/GetPlayerRankings?circuitCode=JT&playerTypeCode=B&ageCategoryCode=&juniorRankingType=itf&take=100&skip=100&isOrderAscending=true,2026-09-07T16:20:56.016Z
2026-09-07,M,177,800576610,Pavel Skvortcov,RUS,Russia,2008,474,https://www.itftennis.com/tennis/api/PlayerRankApi/GetPlayerRankings?circuitCode=JT&playerTypeCode=B&ageCategoryCode=&juniorRankingType=itf&take=100&skip=100&isOrderAscending=true,2026-09-07T16:20:56.016Z
2026-09-07,M,178,800659993,Nikita Berdin,RUS,Russia,2011,473,https://www.itftennis.com/tennis/api/PlayerRankApi/GetPlayerRankings?circuitCode=JT&playerTypeCode=B&ageCategoryCode=&juniorRankingType=itf&take=100&skip=100&isOrderAscending=true,2026-09-07T16:20:56.016Z
2026-09-07,M,179,800638951,Philip Niederle,AUT,Austria,2008,469.25,https://www.itftennis.com/tennis/api/PlayerRankApi/GetPlayerRankings?circuitCode=JT&playerTypeCode=B&ageCategoryCode=&juniorRankingType=itf&take=100&skip=100&isOrderAscending=true,2026-09-07T16:20:56.016Z
2026-09-07,M,180,800705065,Nikolas Baker,AUS,Australia,2009,468.5,https://www.itftennis.com/tennis/api/PlayerRankApi/GetPlayerRankings?circuitCode=JT&playerTypeCode=B&ageCategoryCode=&juniorRankingType=itf&take=100&skip=100&isOrderAscending=true,2026-09-07T16:20:56.016Z
2026-09-07,M,181,800710579,Tomas Dummer Macedo,BRA,Brazil,2008,468.5,https://www.itftennis.com/tennis/api/PlayerRankApi/GetPlayerRankings?circuitCode=JT&playerTypeCode=B&ageCategoryCode=&juniorRankingType=itf&take=100&skip=100&isOrderAscending=true,2026-09-07T16:20:56.016Z
2026-09-07,M,182,800667359,Seung-Min Oh,KOR,"Korea, Rep.",2009,467,https://www.itftennis.com/tennis/api/PlayerRankApi/GetPlayerRankings?circuitCode=JT&playerTypeCode=B&ageCategoryCode=&juniorRankingType=itf&take=100&skip=100&isOrderAscending=true,2026-09-07T16:20:56.016Z
2026-09-07,M,183,800680243,Tavish Pahwa,IND,India,2010,466,https://www.itftennis.com/tennis/api/PlayerRankApi/GetPlayerRankings?circuitCode=JT&playerTypeCode=B&ageCategoryCode=&juniorRankingType=itf&take=100&skip=100&isOrderAscending=true,2026-09-07T16:20:56.016Z
2026-09-07,M,184,800712329,Charles Minvielle,USA,USA,2009,465.5,https://www.itftennis.com/tennis/api/PlayerRankApi/GetPlayerRankings?circuitCode=JT&playerTypeCode=B&ageCategoryCode=&juniorRankingType=itf&take=100&skip=100&isOrderAscending=true,2026-09-07T16:20:56.016Z
2026-09-07,M,185,800655677,Sebastian Tejerina,POL,Poland,2010,465.5,https://www.itftennis.com/tennis/api/PlayerRankApi/GetPlayerRankings?circuitCode=JT&playerTypeCode=B&ageCategoryCode=&juniorRankingType=itf&take=100&skip=100&isOrderAscending=true,2026-09-07T16:20:56.016Z
2026-09-07,M,186,800620722,Tae Woo Kim,KOR,"Korea, Rep.",2009,464.5,https://www.itftennis.com/tennis/api/PlayerRankApi/GetPlayerRankings?circuitCode=JT&playerTypeCode=B&ageCategoryCode=&juniorRankingType=itf&take=100&skip=100&isOrderAscending=true,2026-09-07T16:20:56.016Z
2026-09-07,M,187,800683991,Seifelden Mostafa Samih,EGY,Egypt,2008,460,https://www.itftennis.com/tennis/api/PlayerRankApi/GetPlayerRankings?circuitCode=JT&playerTypeCode=B&ageCategoryCode=&juniorRankingType=itf&take=100&skip=100&isOrderAscending=true,2026-09-07T16:20:56.016Z
2026-09-07,M,188,800793938,Mohamed Genidy,EGY,Egypt,2011,459.75,https://www.itftennis.com/tennis/api/PlayerRankApi/GetPlayerRankings?circuitCode=JT&playerTypeCode=B&ageCategoryCode=&juniorRankingType=itf&take=100&skip=100&isOrderAscending=true,2026-09-07T16:20:56.016Z
2026-09-07,M,189,800583809,Damien Clerc,FRA,France,2008,459.5,https://www.itftennis.com/tennis/api/PlayerRankApi/GetPlayerRankings?circuitCode=JT&playerTypeCode=B&ageCategoryCode=&juniorRankingType=itf&take=100&skip=100&isOrderAscending=true,2026-09-07T16:20:56.016Z
2026-09-07,M,190,800726991,Hanlei Lu,CHN,"China, P.R.",2009,457,https://www.itftennis.com/tennis/api/PlayerRankApi/GetPlayerRankings?circuitCode=JT&playerTypeCode=B&ageCategoryCode=&juniorRankingType=itf&take=100&skip=100&isOrderAscending=true,2026-09-07T16:20:56.016Z
2026-09-07,M,191,800772607,Felix Raser,AUT,Austria,2009,456.25,https://www.itftennis.com/tennis/api/PlayerRankApi/GetPlayerRankings?circuitCode=JT&playerTypeCode=B&ageCategoryCode=&juniorRankingType=itf&take=100&skip=100&isOrderAscending=true,2026-09-07T16:20:56.016Z
2026-09-07,M,192,800593247,Adolfo Abascal,ESP,Spain,2009,454,https://www.itftennis.com/tennis/api/PlayerRankApi/GetPlayerRankings?circuitCode=JT&playerTypeCode=B&ageCategoryCode=&juniorRankingType=itf&take=100&skip=100&isOrderAscending=true,2026-09-07T16:20:56.016Z
2026-09-07,M,193,800712737,Har Abir Sekhon,AUS,Australia,2010,452.25,https://www.itftennis.com/tennis/api/PlayerRankApi/GetPlayerRankings?circuitCode=JT&playerTypeCode=B&ageCategoryCode=&juniorRankingType=itf&take=100&skip=100&isOrderAscending=true,2026-09-07T16:20:56.016Z
2026-09-07,M,194,800725608,Kayden Colombo,USA,USA,2009,451,https://www.itftennis.com/tennis/api/PlayerRankApi/GetPlayerRankings?circuitCode=JT&playerTypeCode=B&ageCategoryCode=&juniorRankingType=itf&take=100&skip=100&isOrderAscending=true,2026-09-07T16:20:56.016Z
2026-09-07,M,195,800659871,Felipe Mamede,BRA,Brazil,2009,450.75,https://www.itftennis.com/tennis/api/PlayerRankApi/GetPlayerRankings?circuitCode=JT&playerTypeCode=B&ageCategoryCode=&juniorRankingType=itf&take=100&skip=100&isOrderAscending=true,2026-09-07T16:20:56.016Z
2026-09-07,M,196,800680716,Mauricio Schtulmann Gasca,MEX,Mexico,2008,450.5,https://www.itftennis.com/tennis/api/PlayerRankApi/GetPlayerRankings?circuitCode=JT&playerTypeCode=B&ageCategoryCode=&juniorRankingType=itf&take=100&skip=100&isOrderAscending=true,2026-09-07T16:20:56.016Z
2026-09-07,M,197,800589891,Egor Shcherbakov,RUS,Russia,2008,450.25,https://www.itftennis.com/tennis/api/PlayerRankApi/GetPlayerRankings?circuitCode=JT&playerTypeCode=B&ageCategoryCode=&juniorRankingType=itf&take=100&skip=100&isOrderAscending=true,2026-09-07T16:20:56.016Z
2026-09-07,M,198,800684620,Cody Atkinson,NZL,New Zealand,2008,446.5,https://www.itftennis.com/tennis/api/PlayerRankApi/GetPlayerRankings?circuitCode=JT&playerTypeCode=B&ageCategoryCode=&juniorRankingType=itf&take=100&skip=100&isOrderAscending=true,2026-09-07T16:20:56.016Z
2026-09-07,M,199,800660621,Louis Mouffe,BEL,Belgium,2009,444.5,https://www.itftennis.com/tennis/api/PlayerRankApi/GetPlayerRankings?circuitCode=JT&playerTypeCode=B&ageCategoryCode=&juniorRankingType=itf&take=100&skip=100&isOrderAscending=true,2026-09-07T16:20:56.016Z
2026-09-07,M,200,800747700,Raphael Savelli,AUS,Australia,2010,442,https://www.itftennis.com/tennis/api/PlayerRankApi/GetPlayerRankings?circuitCode=JT&playerTypeCode=B&ageCategoryCode=&juniorRankingType=itf&take=100&skip=100&isOrderAscending=true,2026-09-07T16:20:56.016Z
2026-09-07,M,201,800576611,Jaron Held,GER,Germany,2008,433.5,https://www.itftennis.com/tennis/api/PlayerRankApi/GetPlayerRankings?circuitCode=JT&playerTypeCode=B&ageCategoryCode=&juniorRankingType=itf&take=100&skip=200&isOrderAscending=true,2026-09-07T16:20:56.837Z
2026-09-07,M,202,800717591,Dmytro Vterkovskiy,UKR,Ukraine,2008,429.5,https://www.itftennis.com/tennis/api/PlayerRankApi/GetPlayerRankings?circuitCode=JT&playerTypeCode=B&ageCategoryCode=&juniorRankingType=itf&take=100&skip=200&isOrderAscending=true,2026-09-07T16:20:56.837Z
2026-09-07,M,203,800654251,Djordje Sapic,SRB,Serbia,2009,429.5,https://www.itftennis.com/tennis/api/PlayerRankApi/GetPlayerRankings?circuitCode=JT&playerTypeCode=B&ageCategoryCode=&juniorRankingType=itf&take=100&skip=200&isOrderAscending=true,2026-09-07T16:20:56.837Z
2026-09-07,M,204,800719071,Theo Hegarty,USA,USA,2008,429,https://www.itftennis.com/tennis/api/PlayerRankApi/GetPlayerRankings?circuitCode=JT&playerTypeCode=B&ageCategoryCode=&juniorRankingType=itf&take=100&skip=200&isOrderAscending=true,2026-09-07T16:20:56.837Z
2026-09-07,M,205,800673010,Skander Nsairi,TUN,Tunisia,2009,427.5,https://www.itftennis.com/tennis/api/PlayerRankApi/GetPlayerRankings?circuitCode=JT&playerTypeCode=B&ageCategoryCode=&juniorRankingType=itf&take=100&skip=200&isOrderAscending=true,2026-09-07T16:20:56.837Z
2026-09-07,M,206,800727133,Goncalo Da Rosa Castro,POR,Portugal,2008,426.75,https://www.itftennis.com/tennis/api/PlayerRankApi/GetPlayerRankings?circuitCode=JT&playerTypeCode=B&ageCategoryCode=&juniorRankingType=itf&take=100&skip=200&isOrderAscending=true,2026-09-07T16:20:56.837Z
2026-09-07,M,207,800598010,Andrea Baudel,FRA,France,2009,424,https://www.itftennis.com/tennis/api/PlayerRankApi/GetPlayerRankings?circuitCode=JT&playerTypeCode=B&ageCategoryCode=&juniorRankingType=itf&take=100&skip=200&isOrderAscending=true,2026-09-07T16:20:56.837Z
2026-09-07,M,208,800667575,Alexandr Tiutchenko,UKR,Ukraine,2010,423.5,https://www.itftennis.com/tennis/api/PlayerRankApi/GetPlayerRankings?circuitCode=JT&playerTypeCode=B&ageCategoryCode=&juniorRankingType=itf&take=100&skip=200&isOrderAscending=true,2026-09-07T16:20:56.837Z
2026-09-07,M,209,800708478,Kensuke Kobayashi,JPN,Japan,2009,417,https://www.itftennis.com/tennis/api/PlayerRankApi/GetPlayerRankings?circuitCode=JT&playerTypeCode=B&ageCategoryCode=&juniorRankingType=itf&take=100&skip=200&isOrderAscending=true,2026-09-07T16:20:56.837Z
2026-09-07,M,210,800678627,Jayden Summers,RSA,South Africa,2008,414,https://www.itftennis.com/tennis/api/PlayerRankApi/GetPlayerRankings?circuitCode=JT&playerTypeCode=B&ageCategoryCode=&juniorRankingType=itf&take=100&skip=200&isOrderAscending=true,2026-09-07T16:20:56.837Z
2026-09-07,M,211,800783864,Aleix Galindo Puig,ESP,Spain,2009,411.5,https://www.itftennis.com/tennis/api/PlayerRankApi/GetPlayerRankings?circuitCode=JT&playerTypeCode=B&ageCategoryCode=&juniorRankingType=itf&take=100&skip=200&isOrderAscending=true,2026-09-07T16:20:56.837Z
2026-09-07,M,212,800711046,Caden Colburne,CAN,Canada,2009,408,https://www.itftennis.com/tennis/api/PlayerRankApi/GetPlayerRankings?circuitCode=JT&playerTypeCode=B&ageCategoryCode=&juniorRankingType=itf&take=100&skip=200&isOrderAscending=true,2026-09-07T16:20:56.837Z
2026-09-07,M,213,800678202,Benjamin Chelia,ARG,Argentina,2008,407,https://www.itftennis.com/tennis/api/PlayerRankApi/GetPlayerRankings?circuitCode=JT&playerTypeCode=B&ageCategoryCode=&juniorRankingType=itf&take=100&skip=200&isOrderAscending=true,2026-09-07T16:20:56.837Z
2026-09-07,M,214,800742825,Antoine Clavel,CAN,Canada,2009,402,https://www.itftennis.com/tennis/api/PlayerRankApi/GetPlayerRankings?circuitCode=JT&playerTypeCode=B&ageCategoryCode=&juniorRankingType=itf&take=100&skip=200&isOrderAscending=true,2026-09-07T16:20:56.837Z
2026-09-07,M,215,800787844,Jan Psota,CZE,Czechia,2008,400.5,https://www.itftennis.com/tennis/api/PlayerRankApi/GetPlayerRankings?circuitCode=JT&playerTypeCode=B&ageCategoryCode=&juniorRankingType=itf&take=100&skip=200&isOrderAscending=true,2026-09-07T16:20:56.837Z
2026-09-07,M,216,800667741,Yassin Ahmed Wageh,EGY,Egypt,2008,400,https://www.itftennis.com/tennis/api/PlayerRankApi/GetPlayerRankings?circuitCode=JT&playerTypeCode=B&ageCategoryCode=&juniorRankingType=itf&take=100&skip=200&isOrderAscending=true,2026-09-07T16:20:56.837Z
2026-09-07,M,217,800676373,Matyas Marsik,CZE,Czechia,2010,399.5,https://www.itftennis.com/tennis/api/PlayerRankApi/GetPlayerRankings?circuitCode=JT&playerTypeCode=B&ageCategoryCode=&juniorRankingType=itf&take=100&skip=200&isOrderAscending=true,2026-09-07T16:20:56.837Z
2026-09-07,M,218,800757256,Anay Kulkarni,USA,USA,2010,398.5,https://www.itftennis.com/tennis/api/PlayerRankApi/GetPlayerRankings?circuitCode=JT&playerTypeCode=B&ageCategoryCode=&juniorRankingType=itf&take=100&skip=200&isOrderAscending=true,2026-09-07T16:20:56.837Z
2026-09-07,M,219,800655675,Diego Ignacio Gomez Pajares,PER,Peru,2009,397.5,https://www.itftennis.com/tennis/api/PlayerRankApi/GetPlayerRankings?circuitCode=JT&playerTypeCode=B&ageCategoryCode=&juniorRankingType=itf&take=100&skip=200&isOrderAscending=true,2026-09-07T16:20:56.837Z
2026-09-07,M,220,800586905,Fedor Altukhov,RUS,Russia,2008,397.25,https://www.itftennis.com/tennis/api/PlayerRankApi/GetPlayerRankings?circuitCode=JT&playerTypeCode=B&ageCategoryCode=&juniorRankingType=itf&take=100&skip=200&isOrderAscending=true,2026-09-07T16:20:56.837Z
2026-09-07,M,221,800778647,Rowan Qalbani,USA,USA,2009,395.5,https://www.itftennis.com/tennis/api/PlayerRankApi/GetPlayerRankings?circuitCode=JT&playerTypeCode=B&ageCategoryCode=&juniorRankingType=itf&take=100&skip=200&isOrderAscending=true,2026-09-07T16:20:56.837Z
2026-09-07,M,222,800698197,Enrique Carrascosa Diaz,ESP,Spain,2008,390,https://www.itftennis.com/tennis/api/PlayerRankApi/GetPlayerRankings?circuitCode=JT&playerTypeCode=B&ageCategoryCode=&juniorRankingType=itf&take=100&skip=200&isOrderAscending=true,2026-09-07T16:20:56.837Z
2026-09-07,M,223,800652931,ALEXEY ILIN,RUS,Russia,2010,390,https://www.itftennis.com/tennis/api/PlayerRankApi/GetPlayerRankings?circuitCode=JT&playerTypeCode=B&ageCategoryCode=&juniorRankingType=itf&take=100&skip=200&isOrderAscending=true,2026-09-07T16:20:56.837Z
2026-09-07,M,224,800800115,Sebastian Inaki Godoy,USA,USA,2009,387.75,https://www.itftennis.com/tennis/api/PlayerRankApi/GetPlayerRankings?circuitCode=JT&playerTypeCode=B&ageCategoryCode=&juniorRankingType=itf&take=100&skip=200&isOrderAscending=true,2026-09-07T16:20:56.837Z
2026-09-07,M,225,800654580,Vlad Secara,ROU,Romania,2009,387,https://www.itftennis.com/tennis/api/PlayerRankApi/GetPlayerRankings?circuitCode=JT&playerTypeCode=B&ageCategoryCode=&juniorRankingType=itf&take=100&skip=200&isOrderAscending=true,2026-09-07T16:20:56.837Z
2026-09-07,M,226,800630828,Ivan Dorokhov,RUS,Russia,2008,385,https://www.itftennis.com/tennis/api/PlayerRankApi/GetPlayerRankings?circuitCode=JT&playerTypeCode=B&ageCategoryCode=&juniorRankingType=itf&take=100&skip=200&isOrderAscending=true,2026-09-07T16:20:56.837Z
2026-09-07,M,227,800664509,Pablo Pradat,FRA,France,2010,383.5,https://www.itftennis.com/tennis/api/PlayerRankApi/GetPlayerRankings?circuitCode=JT&playerTypeCode=B&ageCategoryCode=&juniorRankingType=itf&take=100&skip=200&isOrderAscending=true,2026-09-07T16:20:56.837Z
2026-09-07,M,228,800652665,Alexander Kunitsyn,RUS,Russia,2010,383,https://www.itftennis.com/tennis/api/PlayerRankApi/GetPlayerRankings?circuitCode=JT&playerTypeCode=B&ageCategoryCode=&juniorRankingType=itf&take=100&skip=200&isOrderAscending=true,2026-09-07T16:20:56.837Z
2026-09-07,M,229,800705403,Koyu Yanagi,JPN,Japan,2009,382.5,https://www.itftennis.com/tennis/api/PlayerRankApi/GetPlayerRankings?circuitCode=JT&playerTypeCode=B&ageCategoryCode=&juniorRankingType=itf&take=100&skip=200&isOrderAscending=true,2026-09-07T16:20:56.837Z
2026-09-07,M,230,800664204,Hryhorii Kartavenko,UKR,Ukraine,2008,381,https://www.itftennis.com/tennis/api/PlayerRankApi/GetPlayerRankings?circuitCode=JT&playerTypeCode=B&ageCategoryCode=&juniorRankingType=itf&take=100&skip=200&isOrderAscending=true,2026-09-07T16:20:56.837Z
2026-09-07,M,231,800675623,Henrique Pissetti Vialle,BRA,Brazil,2010,379,https://www.itftennis.com/tennis/api/PlayerRankApi/GetPlayerRankings?circuitCode=JT&playerTypeCode=B&ageCategoryCode=&juniorRankingType=itf&take=100&skip=200&isOrderAscending=true,2026-09-07T16:20:56.837Z
2026-09-07,M,232,800716820,Gadin Arun,USA,USA,2010,373.5,https://www.itftennis.com/tennis/api/PlayerRankApi/GetPlayerRankings?circuitCode=JT&playerTypeCode=B&ageCategoryCode=&juniorRankingType=itf&take=100&skip=200&isOrderAscending=true,2026-09-07T16:20:56.837Z
2026-09-07,M,233,800664214,Gabriel Niedermayr,AUT,Austria,2009,373.5,https://www.itftennis.com/tennis/api/PlayerRankApi/GetPlayerRankings?circuitCode=JT&playerTypeCode=B&ageCategoryCode=&juniorRankingType=itf&take=100&skip=200&isOrderAscending=true,2026-09-07T16:20:56.837Z
2026-09-07,M,234,800684304,Henrique Queiroz,BRA,Brazil,2008,372.5,https://www.itftennis.com/tennis/api/PlayerRankApi/GetPlayerRankings?circuitCode=JT&playerTypeCode=B&ageCategoryCode=&juniorRankingType=itf&take=100&skip=200&isOrderAscending=true,2026-09-07T16:20:56.837Z
2026-09-07,M,235,800601986,Nikolai Shibani,NOR,Norway,2008,372,https://www.itftennis.com/tennis/api/PlayerRankApi/GetPlayerRankings?circuitCode=JT&playerTypeCode=B&ageCategoryCode=&juniorRankingType=itf&take=100&skip=200&isOrderAscending=true,2026-09-07T16:20:56.837Z
2026-09-07,M,236,800660842,Jost Pecovnik,SLO,Slovenia,2008,370.5,https://www.itftennis.com/tennis/api/PlayerRankApi/GetPlayerRankings?circuitCode=JT&playerTypeCode=B&ageCategoryCode=&juniorRankingType=itf&take=100&skip=200&isOrderAscending=true,2026-09-07T16:20:56.837Z
2026-09-07,M,237,800653766,Moritz Glauser,LIE,Liechtenstein,2009,368.5,https://www.itftennis.com/tennis/api/PlayerRankApi/GetPlayerRankings?circuitCode=JT&playerTypeCode=B&ageCategoryCode=&juniorRankingType=itf&take=100&skip=200&isOrderAscending=true,2026-09-07T16:20:56.837Z
2026-09-07,M,238,800688338,Love Nyqvist,SWE,Sweden,2008,368.5,https://www.itftennis.com/tennis/api/PlayerRankApi/GetPlayerRankings?circuitCode=JT&playerTypeCode=B&ageCategoryCode=&juniorRankingType=itf&take=100&skip=200&isOrderAscending=true,2026-09-07T16:20:56.837Z
2026-09-07,M,239,800696001,Carlos Eduardo Lino,BRA,Brazil,2009,366,https://www.itftennis.com/tennis/api/PlayerRankApi/GetPlayerRankings?circuitCode=JT&playerTypeCode=B&ageCategoryCode=&juniorRankingType=itf&take=100&skip=200&isOrderAscending=true,2026-09-07T16:20:56.837Z
2026-09-07,M,240,800684025,Doruk Calikoglu,TUR,Turkiye,2008,366,https://www.itftennis.com/tennis/api/PlayerRankApi/GetPlayerRankings?circuitCode=JT&playerTypeCode=B&ageCategoryCode=&juniorRankingType=itf&take=100&skip=200&isOrderAscending=true,2026-09-07T16:20:56.837Z
2026-09-07,M,241,800589345,Pietro Ricci,ITA,Italy,2008,364.75,https://www.itftennis.com/tennis/api/PlayerRankApi/GetPlayerRankings?circuitCode=JT&playerTypeCode=B&ageCategoryCode=&juniorRankingType=itf&take=100&skip=200&isOrderAscending=true,2026-09-07T16:20:56.837Z
2026-09-07,M,242,800688594,Evan Simon,FRA,France,2008,364.5,https://www.itftennis.com/tennis/api/PlayerRankApi/GetPlayerRankings?circuitCode=JT&playerTypeCode=B&ageCategoryCode=&juniorRankingType=itf&take=100&skip=200&isOrderAscending=true,2026-09-07T16:20:56.837Z
2026-09-07,M,243,800599048,Wonmin Kim,KOR,"Korea, Rep.",2009,364,https://www.itftennis.com/tennis/api/PlayerRankApi/GetPlayerRankings?circuitCode=JT&playerTypeCode=B&ageCategoryCode=&juniorRankingType=itf&take=100&skip=200&isOrderAscending=true,2026-09-07T16:20:56.837Z
2026-09-07,M,244,800627137,Yuta Amano,JPN,Japan,2009,363.5,https://www.itftennis.com/tennis/api/PlayerRankApi/GetPlayerRankings?circuitCode=JT&playerTypeCode=B&ageCategoryCode=&juniorRankingType=itf&take=100&skip=200&isOrderAscending=true,2026-09-07T16:20:56.837Z
2026-09-07,M,245,800647226,Tomas Laukys,USA,USA,2010,363.25,https://www.itftennis.com/tennis/api/PlayerRankApi/GetPlayerRankings?circuitCode=JT&playerTypeCode=B&ageCategoryCode=&juniorRankingType=itf&take=100&skip=200&isOrderAscending=true,2026-09-07T16:20:56.837Z
2026-09-07,M,246,800706150,Carlo Arena Fava,MEX,Mexico,2008,363,https://www.itftennis.com/tennis/api/PlayerRankApi/GetPlayerRankings?circuitCode=JT&playerTypeCode=B&ageCategoryCode=&juniorRankingType=itf&take=100&skip=200&isOrderAscending=true,2026-09-07T16:20:56.837Z
2026-09-07,M,247,800644047,Marco Meacci,ITA,Italy,2009,363,https://www.itftennis.com/tennis/api/PlayerRankApi/GetPlayerRankings?circuitCode=JT&playerTypeCode=B&ageCategoryCode=&juniorRankingType=itf&take=100&skip=200&isOrderAscending=true,2026-09-07T16:20:56.837Z
2026-09-07,M,248,800586826,Gabriel Jalouneix,FRA,France,2008,362.5,https://www.itftennis.com/tennis/api/PlayerRankApi/GetPlayerRankings?circuitCode=JT&playerTypeCode=B&ageCategoryCode=&juniorRankingType=itf&take=100&skip=200&isOrderAscending=true,2026-09-07T16:20:56.837Z
2026-09-07,M,249,800601932,Alejandro Castellanos,COL,Colombia,2008,361.75,https://www.itftennis.com/tennis/api/PlayerRankApi/GetPlayerRankings?circuitCode=JT&playerTypeCode=B&ageCategoryCode=&juniorRankingType=itf&take=100&skip=200&isOrderAscending=true,2026-09-07T16:20:56.837Z
2026-09-07,M,250,800694428,Guy Leviner,ISR,Israel,2009,361.5,https://www.itftennis.com/tennis/api/PlayerRankApi/GetPlayerRankings?circuitCode=JT&playerTypeCode=B&ageCategoryCode=&juniorRankingType=itf&take=100&skip=200&isOrderAscending=true,2026-09-07T16:20:56.837Z
2026-09-07,M,251,800568045,Alexey Shibaev,RUS,Russia,2008,361.25,https://www.itftennis.com/tennis/api/PlayerRankApi/GetPlayerRankings?circuitCode=JT&playerTypeCode=B&ageCategoryCode=&juniorRankingType=itf&take=100&skip=200&isOrderAscending=true,2026-09-07T16:20:56.837Z
2026-09-07,M,252,800639390,Vincent Fletcher,GBR,Great Britain,2009,360.75,https://www.itftennis.com/tennis/api/PlayerRankApi/GetPlayerRankings?circuitCode=JT&playerTypeCode=B&ageCategoryCode=&juniorRankingType=itf&take=100&skip=200&isOrderAscending=true,2026-09-07T16:20:56.837Z
2026-09-07,M,253,800583662,Se Hyuk Cho,KOR,"Korea, Rep.",2008,359.75,https://www.itftennis.com/tennis/api/PlayerRankApi/GetPlayerRankings?circuitCode=JT&playerTypeCode=B&ageCategoryCode=&juniorRankingType=itf&take=100&skip=200&isOrderAscending=true,2026-09-07T16:20:56.837Z
2026-09-07,M,254,800652444,Guilherme Barbieri Renner,BRA,Brazil,2008,358.5,https://www.itftennis.com/tennis/api/PlayerRankApi/GetPlayerRankings?circuitCode=JT&playerTypeCode=B&ageCategoryCode=&juniorRankingType=itf&take=100&skip=200&isOrderAscending=true,2026-09-07T16:20:56.837Z
2026-09-07,M,255,800791730,Tristan Stratton,USA,USA,2009,358.25,https://www.itftennis.com/tennis/api/PlayerRankApi/GetPlayerRankings?circuitCode=JT&playerTypeCode=B&ageCategoryCode=&juniorRankingType=itf&take=100&skip=200&isOrderAscending=true,2026-09-07T16:20:56.837Z
2026-09-07,M,256,800591606,Ivan Makarov,RUS,Russia,2009,355.5,https://www.itftennis.com/tennis/api/PlayerRankApi/GetPlayerRankings?circuitCode=JT&playerTypeCode=B&ageCategoryCode=&juniorRankingType=itf&take=100&skip=200&isOrderAscending=true,2026-09-07T16:20:56.837Z
2026-09-07,M,257,800719079,SOTA KAGAWA,JPN,Japan,2009,354,https://www.itftennis.com/tennis/api/PlayerRankApi/GetPlayerRankings?circuitCode=JT&playerTypeCode=B&ageCategoryCode=&juniorRankingType=itf&take=100&skip=200&isOrderAscending=true,2026-09-07T16:20:56.837Z
2026-09-07,M,258,800665745,Luka Ceramilac,SRB,Serbia,2009,353,https://www.itftennis.com/tennis/api/PlayerRankApi/GetPlayerRankings?circuitCode=JT&playerTypeCode=B&ageCategoryCode=&juniorRankingType=itf&take=100&skip=200&isOrderAscending=true,2026-09-07T16:20:56.837Z
2026-09-07,M,259,800672663,Andy Tchinda Kepche,CAN,Canada,2009,352.5,https://www.itftennis.com/tennis/api/PlayerRankApi/GetPlayerRankings?circuitCode=JT&playerTypeCode=B&ageCategoryCode=&juniorRankingType=itf&take=100&skip=200&isOrderAscending=true,2026-09-07T16:20:56.837Z
2026-09-07,M,260,800737321,Kaigaoge Kang,CHN,"China, P.R.",2008,351,https://www.itftennis.com/tennis/api/PlayerRankApi/GetPlayerRankings?circuitCode=JT&playerTypeCode=B&ageCategoryCode=&juniorRankingType=itf&take=100&skip=200&isOrderAscending=true,2026-09-07T16:20:56.837Z
2026-09-07,M,261,800598481,Sin Hang Tam,HKG,"Hong Kong, China",2009,344.5,https://www.itftennis.com/tennis/api/PlayerRankApi/GetPlayerRankings?circuitCode=JT&playerTypeCode=B&ageCategoryCode=&juniorRankingType=itf&take=100&skip=200&isOrderAscending=true,2026-09-07T16:20:56.837Z
2026-09-07,M,262,800590611,Aren Baybars,TUR,Turkiye,2008,344,https://www.itftennis.com/tennis/api/PlayerRankApi/GetPlayerRankings?circuitCode=JT&playerTypeCode=B&ageCategoryCode=&juniorRankingType=itf&take=100&skip=200&isOrderAscending=true,2026-09-07T16:20:56.837Z
2026-09-07,M,263,800736018,Colter Amey,USA,USA,2009,342.75,https://www.itftennis.com/tennis/api/PlayerRankApi/GetPlayerRankings?circuitCode=JT&playerTypeCode=B&ageCategoryCode=&juniorRankingType=itf&take=100&skip=200&isOrderAscending=true,2026-09-07T16:20:56.837Z
2026-09-07,M,264,800646430,Nicolas Fays,BEL,Belgium,2008,342.5,https://www.itftennis.com/tennis/api/PlayerRankApi/GetPlayerRankings?circuitCode=JT&playerTypeCode=B&ageCategoryCode=&juniorRankingType=itf&take=100&skip=200&isOrderAscending=true,2026-09-07T16:20:56.837Z
2026-09-07,M,265,800654547,Fabio Zavalaga Uculmana,PER,Peru,2009,342,https://www.itftennis.com/tennis/api/PlayerRankApi/GetPlayerRankings?circuitCode=JT&playerTypeCode=B&ageCategoryCode=&juniorRankingType=itf&take=100&skip=200&isOrderAscending=true,2026-09-07T16:20:56.837Z
2026-09-07,M,266,800644954,Mark Becirovic Novak,SLO,Slovenia,2008,338.5,https://www.itftennis.com/tennis/api/PlayerRankApi/GetPlayerRankings?circuitCode=JT&playerTypeCode=B&ageCategoryCode=&juniorRankingType=itf&take=100&skip=200&isOrderAscending=true,2026-09-07T16:20:56.837Z
2026-09-07,M,267,800683679,Miko Koeppen,GER,Germany,2010,334,https://www.itftennis.com/tennis/api/PlayerRankApi/GetPlayerRankings?circuitCode=JT&playerTypeCode=B&ageCategoryCode=&juniorRankingType=itf&take=100&skip=200&isOrderAscending=true,2026-09-07T16:20:56.837Z
2026-09-07,M,268,800596861,William Moxon,GBR,Great Britain,2008,333.5,https://www.itftennis.com/tennis/api/PlayerRankApi/GetPlayerRankings?circuitCode=JT&playerTypeCode=B&ageCategoryCode=&juniorRankingType=itf&take=100&skip=200&isOrderAscending=true,2026-09-07T16:20:56.837Z
2026-09-07,M,269,800661541,Danila Kvasov,UZB,Uzbekistan,2008,330,https://www.itftennis.com/tennis/api/PlayerRankApi/GetPlayerRankings?circuitCode=JT&playerTypeCode=B&ageCategoryCode=&juniorRankingType=itf&take=100&skip=200&isOrderAscending=true,2026-09-07T16:20:56.837Z
2026-09-07,M,270,800668605,Alex Mirrington,GBR,Great Britain,2009,327.75,https://www.itftennis.com/tennis/api/PlayerRankApi/GetPlayerRankings?circuitCode=JT&playerTypeCode=B&ageCategoryCode=&juniorRankingType=itf&take=100&skip=200&isOrderAscending=true,2026-09-07T16:20:56.837Z
2026-09-07,M,271,800721308,William McEwan,USA,USA,2008,326.75,https://www.itftennis.com/tennis/api/PlayerRankApi/GetPlayerRankings?circuitCode=JT&playerTypeCode=B&ageCategoryCode=&juniorRankingType=itf&take=100&skip=200&isOrderAscending=true,2026-09-07T16:20:56.837Z
2026-09-07,M,272,800749558,Robert McAdoo,USA,USA,2009,324.75,https://www.itftennis.com/tennis/api/PlayerRankApi/GetPlayerRankings?circuitCode=JT&playerTypeCode=B&ageCategoryCode=&juniorRankingType=itf&take=100&skip=200&isOrderAscending=true,2026-09-07T16:20:56.837Z
2026-09-07,M,273,800661552,Pavle Stojiljkovic,SRB,Serbia,2010,323.5,https://www.itftennis.com/tennis/api/PlayerRankApi/GetPlayerRankings?circuitCode=JT&playerTypeCode=B&ageCategoryCode=&juniorRankingType=itf&take=100&skip=200&isOrderAscending=true,2026-09-07T16:20:56.837Z
2026-09-07,M,274,800634862,Arseniy Trebukhin,KAZ,Kazakhstan,2008,322.5,https://www.itftennis.com/tennis/api/PlayerRankApi/GetPlayerRankings?circuitCode=JT&playerTypeCode=B&ageCategoryCode=&juniorRankingType=itf&take=100&skip=200&isOrderAscending=true,2026-09-07T16:20:56.837Z
2026-09-07,M,275,800592332,Luca Stefan Prunescu Nita,ROU,Romania,2008,322.5,https://www.itftennis.com/tennis/api/PlayerRankApi/GetPlayerRankings?circuitCode=JT&playerTypeCode=B&ageCategoryCode=&juniorRankingType=itf&take=100&skip=200&isOrderAscending=true,2026-09-07T16:20:56.837Z
2026-09-07,M,276,800622304,Iaroslav Klishin,RUS,Russia,2009,320.25,https://www.itftennis.com/tennis/api/PlayerRankApi/GetPlayerRankings?circuitCode=JT&playerTypeCode=B&ageCategoryCode=&juniorRankingType=itf&take=100&skip=200&isOrderAscending=true,2026-09-07T16:20:56.837Z
2026-09-07,M,277,800710317,Makhmudbek Beknazarov,UZB,Uzbekistan,2010,319.5,https://www.itftennis.com/tennis/api/PlayerRankApi/GetPlayerRankings?circuitCode=JT&playerTypeCode=B&ageCategoryCode=&juniorRankingType=itf&take=100&skip=200&isOrderAscending=true,2026-09-07T16:20:56.837Z
2026-09-07,M,278,800599182,Vito Antonio Darderi,ITA,Italy,2008,319,https://www.itftennis.com/tennis/api/PlayerRankApi/GetPlayerRankings?circuitCode=JT&playerTypeCode=B&ageCategoryCode=&juniorRankingType=itf&take=100&skip=200&isOrderAscending=true,2026-09-07T16:20:56.837Z
2026-09-07,M,279,800714499,Fernando Fontan Pardo de Santayana,ESP,Spain,2010,318.75,https://www.itftennis.com/tennis/api/PlayerRankApi/GetPlayerRankings?circuitCode=JT&playerTypeCode=B&ageCategoryCode=&juniorRankingType=itf&take=100&skip=200&isOrderAscending=true,2026-09-07T16:20:56.837Z
2026-09-07,M,280,800713998,felipe gonzalez,ARG,Argentina,2008,318.5,https://www.itftennis.com/tennis/api/PlayerRankApi/GetPlayerRankings?circuitCode=JT&playerTypeCode=B&ageCategoryCode=&juniorRankingType=itf&take=100&skip=200&isOrderAscending=true,2026-09-07T16:20:56.837Z
2026-09-07,M,281,800697384,Dhakshish Aryan Basavaraju,USA,USA,2009,318.25,https://www.itftennis.com/tennis/api/PlayerRankApi/GetPlayerRankings?circuitCode=JT&playerTypeCode=B&ageCategoryCode=&juniorRankingType=itf&take=100&skip=200&isOrderAscending=true,2026-09-07T16:20:56.837Z
2026-09-07,M,282,800643882,Egor Navrazidi,RUS,Russia,2009,316.75,https://www.itftennis.com/tennis/api/PlayerRankApi/GetPlayerRankings?circuitCode=JT&playerTypeCode=B&ageCategoryCode=&juniorRankingType=itf&take=100&skip=200&isOrderAscending=true,2026-09-07T16:20:56.837Z
2026-09-07,M,283,800586897,Viggo Wagenknecht,GER,Germany,2008,315,https://www.itftennis.com/tennis/api/PlayerRankApi/GetPlayerRankings?circuitCode=JT&playerTypeCode=B&ageCategoryCode=&juniorRankingType=itf&take=100&skip=200&isOrderAscending=true,2026-09-07T16:20:56.837Z
2026-09-07,M,284,800621194,Aleksey Petushynskyy,UKR,Ukraine,2009,314,https://www.itftennis.com/tennis/api/PlayerRankApi/GetPlayerRankings?circuitCode=JT&playerTypeCode=B&ageCategoryCode=&juniorRankingType=itf&take=100&skip=200&isOrderAscending=true,2026-09-07T16:20:56.837Z
2026-09-07,M,285,800740257,Fu Wang Choi,HKG,"Hong Kong, China",2011,313.5,https://www.itftennis.com/tennis/api/PlayerRankApi/GetPlayerRankings?circuitCode=JT&playerTypeCode=B&ageCategoryCode=&juniorRankingType=itf&take=100&skip=200&isOrderAscending=true,2026-09-07T16:20:56.837Z
2026-09-07,M,286,800675182,Ansar Niyetkaliyev,KAZ,Kazakhstan,2010,312.75,https://www.itftennis.com/tennis/api/PlayerRankApi/GetPlayerRankings?circuitCode=JT&playerTypeCode=B&ageCategoryCode=&juniorRankingType=itf&take=100&skip=200&isOrderAscending=true,2026-09-07T16:20:56.837Z
2026-09-07,M,287,800572931,Niels McDonald,GER,Germany,2008,311.25,https://www.itftennis.com/tennis/api/PlayerRankApi/GetPlayerRankings?circuitCode=JT&playerTypeCode=B&ageCategoryCode=&juniorRankingType=itf&take=100&skip=200&isOrderAscending=true,2026-09-07T16:20:56.838Z
2026-09-07,M,288,800664727,Mateo Fluri,SUI,Switzerland,2008,310.75,https://www.itftennis.com/tennis/api/PlayerRankApi/GetPlayerRankings?circuitCode=JT&playerTypeCode=B&ageCategoryCode=&juniorRankingType=itf&take=100&skip=200&isOrderAscending=true,2026-09-07T16:20:56.838Z
2026-09-07,M,289,800701855,Lin Hao-Yu,TPE,Chinese Taipei,2008,310.5,https://www.itftennis.com/tennis/api/PlayerRankApi/GetPlayerRankings?circuitCode=JT&playerTypeCode=B&ageCategoryCode=&juniorRankingType=itf&take=100&skip=200&isOrderAscending=true,2026-09-07T16:20:56.838Z
2026-09-07,M,290,800589851,Leo Scheffer,GER,Germany,2008,308,https://www.itftennis.com/tennis/api/PlayerRankApi/GetPlayerRankings?circuitCode=JT&playerTypeCode=B&ageCategoryCode=&juniorRankingType=itf&take=100&skip=200&isOrderAscending=true,2026-09-07T16:20:56.838Z
2026-09-07,M,291,800661090,Toni Escarda Pineiro,ESP,Spain,2010,307.5,https://www.itftennis.com/tennis/api/PlayerRankApi/GetPlayerRankings?circuitCode=JT&playerTypeCode=B&ageCategoryCode=&juniorRankingType=itf&take=100&skip=200&isOrderAscending=true,2026-09-07T16:20:56.838Z
2026-09-07,M,292,800636407,David Stefan Burac,ROU,Romania,2009,306,https://www.itftennis.com/tennis/api/PlayerRankApi/GetPlayerRankings?circuitCode=JT&playerTypeCode=B&ageCategoryCode=&juniorRankingType=itf&take=100&skip=200&isOrderAscending=true,2026-09-07T16:20:56.838Z
2026-09-07,M,293,800657138,Arman Dubreuil,FRA,France,2010,306,https://www.itftennis.com/tennis/api/PlayerRankApi/GetPlayerRankings?circuitCode=JT&playerTypeCode=B&ageCategoryCode=&juniorRankingType=itf&take=100&skip=200&isOrderAscending=true,2026-09-07T16:20:56.838Z
2026-09-07,M,294,800601885,Arian Hasas,GER,Germany,2008,304.5,https://www.itftennis.com/tennis/api/PlayerRankApi/GetPlayerRankings?circuitCode=JT&playerTypeCode=B&ageCategoryCode=&juniorRankingType=itf&take=100&skip=200&isOrderAscending=true,2026-09-07T16:20:56.838Z
2026-09-07,M,295,800690276,Ren Matsumura,JPN,Japan,2008,303.5,https://www.itftennis.com/tennis/api/PlayerRankApi/GetPlayerRankings?circuitCode=JT&playerTypeCode=B&ageCategoryCode=&juniorRankingType=itf&take=100&skip=200&isOrderAscending=true,2026-09-07T16:20:56.838Z
2026-09-07,M,296,800746729,Kuan-Huai Mao,TPE,Chinese Taipei,2009,302,https://www.itftennis.com/tennis/api/PlayerRankApi/GetPlayerRankings?circuitCode=JT&playerTypeCode=B&ageCategoryCode=&juniorRankingType=itf&take=100&skip=200&isOrderAscending=true,2026-09-07T16:20:56.838Z
2026-09-07,M,297,800671394,Rafael Bote,CAN,Canada,2009,302,https://www.itftennis.com/tennis/api/PlayerRankApi/GetPlayerRankings?circuitCode=JT&playerTypeCode=B&ageCategoryCode=&juniorRankingType=itf&take=100&skip=200&isOrderAscending=true,2026-09-07T16:20:56.838Z
2026-09-07,M,298,800664945,Istvan Damjan Mokan,HUN,Hungary,2010,302,https://www.itftennis.com/tennis/api/PlayerRankApi/GetPlayerRankings?circuitCode=JT&playerTypeCode=B&ageCategoryCode=&juniorRankingType=itf&take=100&skip=200&isOrderAscending=true,2026-09-07T16:20:56.838Z
2026-09-07,M,299,800699552,Israel Dowie,NAM,Namibia,2010,298.5,https://www.itftennis.com/tennis/api/PlayerRankApi/GetPlayerRankings?circuitCode=JT&playerTypeCode=B&ageCategoryCode=&juniorRankingType=itf&take=100&skip=200&isOrderAscending=true,2026-09-07T16:20:56.838Z
2026-09-07,M,300,800708152,Daniel Brink,RSA,South Africa,2010,298.25,https://www.itftennis.com/tennis/api/PlayerRankApi/GetPlayerRankings?circuitCode=JT&playerTypeCode=B&ageCategoryCode=&juniorRankingType=itf&take=100&skip=200&isOrderAscending=true,2026-09-07T16:20:56.838Z
2026-09-07,M,301,800740791,Haolong He,CHN,"China, P.R.",2009,297.5,https://www.itftennis.com/tennis/api/PlayerRankApi/GetPlayerRankings?circuitCode=JT&playerTypeCode=B&ageCategoryCode=&juniorRankingType=itf&take=100&skip=300&isOrderAscending=true,2026-09-07T16:20:57.601Z
2026-09-07,M,302,800631654,Lilian Chidekh,FRA,France,2009,297.5,https://www.itftennis.com/tennis/api/PlayerRankApi/GetPlayerRankings?circuitCode=JT&playerTypeCode=B&ageCategoryCode=&juniorRankingType=itf&take=100&skip=300&isOrderAscending=true,2026-09-07T16:20:57.601Z
2026-09-07,M,303,800643315,Orhan Alp Akyol,TUR,Turkiye,2009,296,https://www.itftennis.com/tennis/api/PlayerRankApi/GetPlayerRankings?circuitCode=JT&playerTypeCode=B&ageCategoryCode=&juniorRankingType=itf&take=100&skip=300&isOrderAscending=true,2026-09-07T16:20:57.601Z
2026-09-07,M,304,800672403,Dany Robas,SUI,Switzerland,2008,295.5,https://www.itftennis.com/tennis/api/PlayerRankApi/GetPlayerRankings?circuitCode=JT&playerTypeCode=B&ageCategoryCode=&juniorRankingType=itf&take=100&skip=300&isOrderAscending=true,2026-09-07T16:20:57.601Z
2026-09-07,M,305,800710863,Hruthik Katakam,IND,India,2010,294.25,https://www.itftennis.com/tennis/api/PlayerRankApi/GetPlayerRankings?circuitCode=JT&playerTypeCode=B&ageCategoryCode=&juniorRankingType=itf&take=100&skip=300&isOrderAscending=true,2026-09-07T16:20:57.601Z
2026-09-07,M,306,800584484,Bercel Sandor Takacs,HUN,Hungary,2008,292.5,https://www.itftennis.com/tennis/api/PlayerRankApi/GetPlayerRankings?circuitCode=JT&playerTypeCode=B&ageCategoryCode=&juniorRankingType=itf&take=100&skip=300&isOrderAscending=true,2026-09-07T16:20:57.601Z
2026-09-07,M,307,800661196,Luca Cosimi,ITA,Italy,2009,291.75,https://www.itftennis.com/tennis/api/PlayerRankApi/GetPlayerRankings?circuitCode=JT&playerTypeCode=B&ageCategoryCode=&juniorRankingType=itf&take=100&skip=300&isOrderAscending=true,2026-09-07T16:20:57.601Z
2026-09-07,M,308,800590931,Ilya Mosolkin,RUS,Russia,2008,291.75,https://www.itftennis.com/tennis/api/PlayerRankApi/GetPlayerRankings?circuitCode=JT&playerTypeCode=B&ageCategoryCode=&juniorRankingType=itf&take=100&skip=300&isOrderAscending=true,2026-09-07T16:20:57.601Z
2026-09-07,M,309,800680752,Justin Riley Anson,USA,USA,2008,290.75,https://www.itftennis.com/tennis/api/PlayerRankApi/GetPlayerRankings?circuitCode=JT&playerTypeCode=B&ageCategoryCode=&juniorRankingType=itf&take=100&skip=300&isOrderAscending=true,2026-09-07T16:20:57.601Z
2026-09-07,M,310,800682340,Pratik Navin,AUS,Australia,2009,288.5,https://www.itftennis.com/tennis/api/PlayerRankApi/GetPlayerRankings?circuitCode=JT&playerTypeCode=B&ageCategoryCode=&juniorRankingType=itf&take=100&skip=300&isOrderAscending=true,2026-09-07T16:20:57.601Z
2026-09-07,M,311,800667373,Motoharu Abe,JPN,Japan,2009,288,https://www.itftennis.com/tennis/api/PlayerRankApi/GetPlayerRankings?circuitCode=JT&playerTypeCode=B&ageCategoryCode=&juniorRankingType=itf&take=100&skip=300&isOrderAscending=true,2026-09-07T16:20:57.601Z
2026-09-07,M,312,800642824,Oliver Andre Solis Encinas,BOL,Bolivia,2009,285.5,https://www.itftennis.com/tennis/api/PlayerRankApi/GetPlayerRankings?circuitCode=JT&playerTypeCode=B&ageCategoryCode=&juniorRankingType=itf&take=100&skip=300&isOrderAscending=true,2026-09-07T16:20:57.601Z
2026-09-07,M,313,800742444,Victor Pignaton,BRA,Brazil,2010,285.25,https://www.itftennis.com/tennis/api/PlayerRankApi/GetPlayerRankings?circuitCode=JT&playerTypeCode=B&ageCategoryCode=&juniorRankingType=itf&take=100&skip=300&isOrderAscending=true,2026-09-07T16:20:57.601Z
2026-09-07,M,314,800711438,DEMIAN AGUSTIN LUNA,ARG,Argentina,2010,285,https://www.itftennis.com/tennis/api/PlayerRankApi/GetPlayerRankings?circuitCode=JT&playerTypeCode=B&ageCategoryCode=&juniorRankingType=itf&take=100&skip=300&isOrderAscending=true,2026-09-07T16:20:57.601Z
2026-09-07,M,315,800692700,Harold Ronaldo Andre Cotom Hidalgo,GUA,Guatemala,2009,284.25,https://www.itftennis.com/tennis/api/PlayerRankApi/GetPlayerRankings?circuitCode=JT&playerTypeCode=B&ageCategoryCode=&juniorRankingType=itf&take=100&skip=300&isOrderAscending=true,2026-09-07T16:20:57.601Z
2026-09-07,M,316,800680729,Jakub Vrtilka,CZE,Czechia,2008,283.5,https://www.itftennis.com/tennis/api/PlayerRankApi/GetPlayerRankings?circuitCode=JT&playerTypeCode=B&ageCategoryCode=&juniorRankingType=itf&take=100&skip=300&isOrderAscending=true,2026-09-07T16:20:57.601Z
2026-09-07,M,317,800654322,ADRIA VELAZQUEZ FARRE,ESP,Spain,2009,281.75,https://www.itftennis.com/tennis/api/PlayerRankApi/GetPlayerRankings?circuitCode=JT&playerTypeCode=B&ageCategoryCode=&juniorRankingType=itf&take=100&skip=300&isOrderAscending=true,2026-09-07T16:20:57.601Z
2026-09-07,M,318,800631924,Rafael Asadullin,RUS,Russia,2008,281.75,https://www.itftennis.com/tennis/api/PlayerRankApi/GetPlayerRankings?circuitCode=JT&playerTypeCode=B&ageCategoryCode=&juniorRankingType=itf&take=100&skip=300&isOrderAscending=true,2026-09-07T16:20:57.601Z
2026-09-07,M,319,800705952,Connor McEvoy,AUS,Australia,2009,278,https://www.itftennis.com/tennis/api/PlayerRankApi/GetPlayerRankings?circuitCode=JT&playerTypeCode=B&ageCategoryCode=&juniorRankingType=itf&take=100&skip=300&isOrderAscending=true,2026-09-07T16:20:57.601Z
2026-09-07,M,320,800687305,REDA EL AOUNI,MAR,Morocco,2010,277.5,https://www.itftennis.com/tennis/api/PlayerRankApi/GetPlayerRankings?circuitCode=JT&playerTypeCode=B&ageCategoryCode=&juniorRankingType=itf&take=100&skip=300&isOrderAscending=true,2026-09-07T16:20:57.601Z
2026-09-07,M,321,800677723,Filip Malis,CAN,Canada,2009,277.5,https://www.itftennis.com/tennis/api/PlayerRankApi/GetPlayerRankings?circuitCode=JT&playerTypeCode=B&ageCategoryCode=&juniorRankingType=itf&take=100&skip=300&isOrderAscending=true,2026-09-07T16:20:57.601Z
2026-09-07,M,322,800632385,Paul Hjorteland,NOR,Norway,2009,275,https://www.itftennis.com/tennis/api/PlayerRankApi/GetPlayerRankings?circuitCode=JT&playerTypeCode=B&ageCategoryCode=&juniorRankingType=itf&take=100&skip=300&isOrderAscending=true,2026-09-07T16:20:57.601Z
2026-09-07,M,323,800660682,Dev Vipul Patel,IND,India,2009,275,https://www.itftennis.com/tennis/api/PlayerRankApi/GetPlayerRankings?circuitCode=JT&playerTypeCode=B&ageCategoryCode=&juniorRankingType=itf&take=100&skip=300&isOrderAscending=true,2026-09-07T16:20:57.601Z
2026-09-07,M,324,800811858,Kynan Enwright,AUS,Australia,2010,273.5,https://www.itftennis.com/tennis/api/PlayerRankApi/GetPlayerRankings?circuitCode=JT&playerTypeCode=B&ageCategoryCode=&juniorRankingType=itf&take=100&skip=300&isOrderAscending=true,2026-09-07T16:20:57.601Z
2026-09-07,M,325,800576472,Victor Barreira Bonzom,FRA,France,2008,273.5,https://www.itftennis.com/tennis/api/PlayerRankApi/GetPlayerRankings?circuitCode=JT&playerTypeCode=B&ageCategoryCode=&juniorRankingType=itf&take=100&skip=300&isOrderAscending=true,2026-09-07T16:20:57.601Z
2026-09-07,M,326,800621251,Zac Naughton,IRL,Ireland,2008,272.5,https://www.itftennis.com/tennis/api/PlayerRankApi/GetPlayerRankings?circuitCode=JT&playerTypeCode=B&ageCategoryCode=&juniorRankingType=itf&take=100&skip=300&isOrderAscending=true,2026-09-07T16:20:57.601Z
2026-09-07,M,327,800680096,Shaurya Bhardwaj,IND,India,2009,272.5,https://www.itftennis.com/tennis/api/PlayerRankApi/GetPlayerRankings?circuitCode=JT&playerTypeCode=B&ageCategoryCode=&juniorRankingType=itf&take=100&skip=300&isOrderAscending=true,2026-09-07T16:20:57.601Z
2026-09-07,M,328,800664252,Ivan Marakovic,CRO,Croatia,2009,271.5,https://www.itftennis.com/tennis/api/PlayerRankApi/GetPlayerRankings?circuitCode=JT&playerTypeCode=B&ageCategoryCode=&juniorRankingType=itf&take=100&skip=300&isOrderAscending=true,2026-09-07T16:20:57.601Z
2026-09-07,M,329,800624793,Adrian Oltean Achacollo,ESP,Spain,2008,270.75,https://www.itftennis.com/tennis/api/PlayerRankApi/GetPlayerRankings?circuitCode=JT&playerTypeCode=B&ageCategoryCode=&juniorRankingType=itf&take=100&skip=300&isOrderAscending=true,2026-09-07T16:20:57.601Z
2026-09-07,M,330,800680306,Heaton Pann,AUS,Australia,2010,270,https://www.itftennis.com/tennis/api/PlayerRankApi/GetPlayerRankings?circuitCode=JT&playerTypeCode=B&ageCategoryCode=&juniorRankingType=itf&take=100&skip=300&isOrderAscending=true,2026-09-07T16:20:57.601Z
2026-09-07,M,331,800653398,Niccolo Crivelli,SUI,Switzerland,2009,269,https://www.itftennis.com/tennis/api/PlayerRankApi/GetPlayerRankings?circuitCode=JT&playerTypeCode=B&ageCategoryCode=&juniorRankingType=itf&take=100&skip=300&isOrderAscending=true,2026-09-07T16:20:57.601Z
2026-09-07,M,332,800638434,Eriks Valeinis,LAT,Latvia,2009,268.5,https://www.itftennis.com/tennis/api/PlayerRankApi/GetPlayerRankings?circuitCode=JT&playerTypeCode=B&ageCategoryCode=&juniorRankingType=itf&take=100&skip=300&isOrderAscending=true,2026-09-07T16:20:57.601Z
2026-09-07,M,333,800671307,Leander Tauber,AUT,Austria,2009,268.25,https://www.itftennis.com/tennis/api/PlayerRankApi/GetPlayerRankings?circuitCode=JT&playerTypeCode=B&ageCategoryCode=&juniorRankingType=itf&take=100&skip=300&isOrderAscending=true,2026-09-07T16:20:57.601Z
2026-09-07,M,334,800680843,Guillermo Narcio,MEX,Mexico,2008,266.5,https://www.itftennis.com/tennis/api/PlayerRankApi/GetPlayerRankings?circuitCode=JT&playerTypeCode=B&ageCategoryCode=&juniorRankingType=itf&take=100&skip=300&isOrderAscending=true,2026-09-07T16:20:57.601Z
2026-09-07,M,335,800684702,Mateus Nogueira,BRA,Brazil,2008,266.25,https://www.itftennis.com/tennis/api/PlayerRankApi/GetPlayerRankings?circuitCode=JT&playerTypeCode=B&ageCategoryCode=&juniorRankingType=itf&take=100&skip=300&isOrderAscending=true,2026-09-07T16:20:57.601Z
2026-09-07,M,336,800680033,Pietro Gava,BRA,Brazil,2009,266,https://www.itftennis.com/tennis/api/PlayerRankApi/GetPlayerRankings?circuitCode=JT&playerTypeCode=B&ageCategoryCode=&juniorRankingType=itf&take=100&skip=300&isOrderAscending=true,2026-09-07T16:20:57.601Z
2026-09-07,M,337,800596349,Wiktor Jez,POL,Poland,2008,265.5,https://www.itftennis.com/tennis/api/PlayerRankApi/GetPlayerRankings?circuitCode=JT&playerTypeCode=B&ageCategoryCode=&juniorRankingType=itf&take=100&skip=300&isOrderAscending=true,2026-09-07T16:20:57.601Z
2026-09-07,M,338,800753720,Alvin Na,NZL,New Zealand,2010,265,https://www.itftennis.com/tennis/api/PlayerRankApi/GetPlayerRankings?circuitCode=JT&playerTypeCode=B&ageCategoryCode=&juniorRankingType=itf&take=100&skip=300&isOrderAscending=true,2026-09-07T16:20:57.601Z
2026-09-07,M,339,800647666,Tymur Chukanov,UKR,Ukraine,2009,264.5,https://www.itftennis.com/tennis/api/PlayerRankApi/GetPlayerRankings?circuitCode=JT&playerTypeCode=B&ageCategoryCode=&juniorRankingType=itf&take=100&skip=300&isOrderAscending=true,2026-09-07T16:20:57.601Z
2026-09-07,M,340,800631032,Dennis Ciprian Spircu,ROU,Romania,2009,263,https://www.itftennis.com/tennis/api/PlayerRankApi/GetPlayerRankings?circuitCode=JT&playerTypeCode=B&ageCategoryCode=&juniorRankingType=itf&take=100&skip=300&isOrderAscending=true,2026-09-07T16:20:57.601Z
2026-09-07,M,341,800667545,Filip Hesser,SWE,Sweden,2008,262,https://www.itftennis.com/tennis/api/PlayerRankApi/GetPlayerRankings?circuitCode=JT&playerTypeCode=B&ageCategoryCode=&juniorRankingType=itf&take=100&skip=300&isOrderAscending=true,2026-09-07T16:20:57.601Z
2026-09-07,M,342,800660335,Pavel JR Joromsky,RUS,Russia,2010,261.5,https://www.itftennis.com/tennis/api/PlayerRankApi/GetPlayerRankings?circuitCode=JT&playerTypeCode=B&ageCategoryCode=&juniorRankingType=itf&take=100&skip=300&isOrderAscending=true,2026-09-07T16:20:57.601Z
2026-09-07,M,343,800675502,zayyan virani,KEN,Kenya,2009,261.5,https://www.itftennis.com/tennis/api/PlayerRankApi/GetPlayerRankings?circuitCode=JT&playerTypeCode=B&ageCategoryCode=&juniorRankingType=itf&take=100&skip=300&isOrderAscending=true,2026-09-07T16:20:57.601Z
2026-09-07,M,344,800675433,Jorge Martinez Vasquez,ESP,Spain,2009,261,https://www.itftennis.com/tennis/api/PlayerRankApi/GetPlayerRankings?circuitCode=JT&playerTypeCode=B&ageCategoryCode=&juniorRankingType=itf&take=100&skip=300&isOrderAscending=true,2026-09-07T16:20:57.601Z
2026-09-07,M,345,800590053,Snir Morag,ISR,Israel,2008,260.25,https://www.itftennis.com/tennis/api/PlayerRankApi/GetPlayerRankings?circuitCode=JT&playerTypeCode=B&ageCategoryCode=&juniorRankingType=itf&take=100&skip=300&isOrderAscending=true,2026-09-07T16:20:57.601Z
2026-09-07,M,346,800718607,SEHUN PARK,AUS,Australia,2010,259.25,https://www.itftennis.com/tennis/api/PlayerRankApi/GetPlayerRankings?circuitCode=JT&playerTypeCode=B&ageCategoryCode=&juniorRankingType=itf&take=100&skip=300&isOrderAscending=true,2026-09-07T16:20:57.601Z
2026-09-07,M,347,800756384,Youssef Mourid,EGY,Egypt,2010,259,https://www.itftennis.com/tennis/api/PlayerRankApi/GetPlayerRankings?circuitCode=JT&playerTypeCode=B&ageCategoryCode=&juniorRankingType=itf&take=100&skip=300&isOrderAscending=true,2026-09-07T16:20:57.601Z
2026-09-07,M,348,800653477,Samuel Zlotnik,GBR,Great Britain,2009,257.5,https://www.itftennis.com/tennis/api/PlayerRankApi/GetPlayerRankings?circuitCode=JT&playerTypeCode=B&ageCategoryCode=&juniorRankingType=itf&take=100&skip=300&isOrderAscending=true,2026-09-07T16:20:57.601Z
2026-09-07,M,349,800660572,Akmal Abdullaev,UZB,Uzbekistan,2009,257.5,https://www.itftennis.com/tennis/api/PlayerRankApi/GetPlayerRankings?circuitCode=JT&playerTypeCode=B&ageCategoryCode=&juniorRankingType=itf&take=100&skip=300&isOrderAscending=true,2026-09-07T16:20:57.601Z
2026-09-07,M,350,800670178,Mahmoud chetouane,TUN,Tunisia,2008,257,https://www.itftennis.com/tennis/api/PlayerRankApi/GetPlayerRankings?circuitCode=JT&playerTypeCode=B&ageCategoryCode=&juniorRankingType=itf&take=100&skip=300&isOrderAscending=true,2026-09-07T16:20:57.601Z
2026-09-07,M,351,800627815,Juliusz Stanczyk,POL,Poland,2009,257,https://www.itftennis.com/tennis/api/PlayerRankApi/GetPlayerRankings?circuitCode=JT&playerTypeCode=B&ageCategoryCode=&juniorRankingType=itf&take=100&skip=300&isOrderAscending=true,2026-09-07T16:20:57.601Z
2026-09-07,M,352,800678231,Dario Ruiz Cruz,ESP,Spain,2010,255.5,https://www.itftennis.com/tennis/api/PlayerRankApi/GetPlayerRankings?circuitCode=JT&playerTypeCode=B&ageCategoryCode=&juniorRankingType=itf&take=100&skip=300&isOrderAscending=true,2026-09-07T16:20:57.601Z
2026-09-07,M,353,800768441,Jaime Robles,ECU,Ecuador,2009,255,https://www.itftennis.com/tennis/api/PlayerRankApi/GetPlayerRankings?circuitCode=JT&playerTypeCode=B&ageCategoryCode=&juniorRankingType=itf&take=100&skip=300&isOrderAscending=true,2026-09-07T16:20:57.601Z
2026-09-07,M,354,800807255,Rafael Augusto Garcia Finetto,BRA,Brazil,2008,254.75,https://www.itftennis.com/tennis/api/PlayerRankApi/GetPlayerRankings?circuitCode=JT&playerTypeCode=B&ageCategoryCode=&juniorRankingType=itf&take=100&skip=300&isOrderAscending=true,2026-09-07T16:20:57.601Z
2026-09-07,M,355,800700749,Cristobal Plasencia Robles,MEX,Mexico,2009,254,https://www.itftennis.com/tennis/api/PlayerRankApi/GetPlayerRankings?circuitCode=JT&playerTypeCode=B&ageCategoryCode=&juniorRankingType=itf&take=100&skip=300&isOrderAscending=true,2026-09-07T16:20:57.601Z
2026-09-07,M,356,800661962,Rafael Gama,BRA,Brazil,2009,253.75,https://www.itftennis.com/tennis/api/PlayerRankApi/GetPlayerRankings?circuitCode=JT&playerTypeCode=B&ageCategoryCode=&juniorRankingType=itf&take=100&skip=300&isOrderAscending=true,2026-09-07T16:20:57.601Z
2026-09-07,M,357,800668500,Casey Drake,GBR,Great Britain,2008,253,https://www.itftennis.com/tennis/api/PlayerRankApi/GetPlayerRankings?circuitCode=JT&playerTypeCode=B&ageCategoryCode=&juniorRankingType=itf&take=100&skip=300&isOrderAscending=true,2026-09-07T16:20:57.601Z
2026-09-07,M,358,800695229,Lucas Castan Moscatto,BRA,Brazil,2009,251.75,https://www.itftennis.com/tennis/api/PlayerRankApi/GetPlayerRankings?circuitCode=JT&playerTypeCode=B&ageCategoryCode=&juniorRankingType=itf&take=100&skip=300&isOrderAscending=true,2026-09-07T16:20:57.601Z
2026-09-07,M,359,800636613,Carl Filip Bak Weller,DEN,Denmark,2009,251.75,https://www.itftennis.com/tennis/api/PlayerRankApi/GetPlayerRankings?circuitCode=JT&playerTypeCode=B&ageCategoryCode=&juniorRankingType=itf&take=100&skip=300&isOrderAscending=true,2026-09-07T16:20:57.601Z
2026-09-07,M,360,800665702,Szymon Karpinski,POL,Poland,2008,250.5,https://www.itftennis.com/tennis/api/PlayerRankApi/GetPlayerRankings?circuitCode=JT&playerTypeCode=B&ageCategoryCode=&juniorRankingType=itf&take=100&skip=300&isOrderAscending=true,2026-09-07T16:20:57.601Z
2026-09-07,M,361,800567584,Salvador Monteiro,POR,Portugal,2008,250,https://www.itftennis.com/tennis/api/PlayerRankApi/GetPlayerRankings?circuitCode=JT&playerTypeCode=B&ageCategoryCode=&juniorRankingType=itf&take=100&skip=300&isOrderAscending=true,2026-09-07T16:20:57.601Z
2026-09-07,M,362,800719604,Akhmadi Makhanov,KAZ,Kazakhstan,2011,249.5,https://www.itftennis.com/tennis/api/PlayerRankApi/GetPlayerRankings?circuitCode=JT&playerTypeCode=B&ageCategoryCode=&juniorRankingType=itf&take=100&skip=300&isOrderAscending=true,2026-09-07T16:20:57.601Z
2026-09-07,M,363,800660210,Rodolfo Federico De Andreis,VEN,Venezuela,2009,248.5,https://www.itftennis.com/tennis/api/PlayerRankApi/GetPlayerRankings?circuitCode=JT&playerTypeCode=B&ageCategoryCode=&juniorRankingType=itf&take=100&skip=300&isOrderAscending=true,2026-09-07T16:20:57.601Z
2026-09-07,M,364,800644915,Iancu Manolache,ROU,Romania,2009,248.5,https://www.itftennis.com/tennis/api/PlayerRankApi/GetPlayerRankings?circuitCode=JT&playerTypeCode=B&ageCategoryCode=&juniorRankingType=itf&take=100&skip=300&isOrderAscending=true,2026-09-07T16:20:57.601Z
2026-09-07,M,365,800710169,Lachlan King,AUS,Australia,2009,247.75,https://www.itftennis.com/tennis/api/PlayerRankApi/GetPlayerRankings?circuitCode=JT&playerTypeCode=B&ageCategoryCode=&juniorRankingType=itf&take=100&skip=300&isOrderAscending=true,2026-09-07T16:20:57.601Z
2026-09-07,M,366,800660826,Lasse Bohr,GER,Germany,2009,247.5,https://www.itftennis.com/tennis/api/PlayerRankApi/GetPlayerRankings?circuitCode=JT&playerTypeCode=B&ageCategoryCode=&juniorRankingType=itf&take=100&skip=300&isOrderAscending=true,2026-09-07T16:20:57.601Z
2026-09-07,M,367,800589348,Utku Kerem Biberli,TUR,Turkiye,2008,246,https://www.itftennis.com/tennis/api/PlayerRankApi/GetPlayerRankings?circuitCode=JT&playerTypeCode=B&ageCategoryCode=&juniorRankingType=itf&take=100&skip=300&isOrderAscending=true,2026-09-07T16:20:57.601Z
2026-09-07,M,368,800636397,Laurentiu Albert Cristian Badea,ROU,Romania,2009,244.75,https://www.itftennis.com/tennis/api/PlayerRankApi/GetPlayerRankings?circuitCode=JT&playerTypeCode=B&ageCategoryCode=&juniorRankingType=itf&take=100&skip=300&isOrderAscending=true,2026-09-07T16:20:57.601Z
2026-09-07,M,369,800655160,Ivan Charnyshou,BLR,Belarus,2010,244.25,https://www.itftennis.com/tennis/api/PlayerRankApi/GetPlayerRankings?circuitCode=JT&playerTypeCode=B&ageCategoryCode=&juniorRankingType=itf&take=100&skip=300&isOrderAscending=true,2026-09-07T16:20:57.601Z
2026-09-07,M,370,800647867,Ivan Samstyka,BLR,Belarus,2009,243.75,https://www.itftennis.com/tennis/api/PlayerRankApi/GetPlayerRankings?circuitCode=JT&playerTypeCode=B&ageCategoryCode=&juniorRankingType=itf&take=100&skip=300&isOrderAscending=true,2026-09-07T16:20:57.601Z
2026-09-07,M,371,800695748,Ander Gomez Salas Villegas,MEX,Mexico,2009,243.5,https://www.itftennis.com/tennis/api/PlayerRankApi/GetPlayerRankings?circuitCode=JT&playerTypeCode=B&ageCategoryCode=&juniorRankingType=itf&take=100&skip=300&isOrderAscending=true,2026-09-07T16:20:57.601Z
2026-09-07,M,372,800660184,Young Hoon Kim,KOR,"Korea, Rep.",2008,243,https://www.itftennis.com/tennis/api/PlayerRankApi/GetPlayerRankings?circuitCode=JT&playerTypeCode=B&ageCategoryCode=&juniorRankingType=itf&take=100&skip=300&isOrderAscending=true,2026-09-07T16:20:57.601Z
2026-09-07,M,373,800684768,Benoit Geldof,FRA,France,2010,242.75,https://www.itftennis.com/tennis/api/PlayerRankApi/GetPlayerRankings?circuitCode=JT&playerTypeCode=B&ageCategoryCode=&juniorRankingType=itf&take=100&skip=300&isOrderAscending=true,2026-09-07T16:20:57.601Z
2026-09-07,M,374,800597641,Ethan David Zapp,INA,Indonesia,2008,241.5,https://www.itftennis.com/tennis/api/PlayerRankApi/GetPlayerRankings?circuitCode=JT&playerTypeCode=B&ageCategoryCode=&juniorRankingType=itf&take=100&skip=300&isOrderAscending=true,2026-09-07T16:20:57.601Z
2026-09-07,M,375,800742090,Mingwei Qiu,CHN,"China, P.R.",2009,239.5,https://www.itftennis.com/tennis/api/PlayerRankApi/GetPlayerRankings?circuitCode=JT&playerTypeCode=B&ageCategoryCode=&juniorRankingType=itf&take=100&skip=300&isOrderAscending=true,2026-09-07T16:20:57.601Z
2026-09-07,M,376,800652754,Kamal Fakhretdinov,RUS,Russia,2009,239.5,https://www.itftennis.com/tennis/api/PlayerRankApi/GetPlayerRankings?circuitCode=JT&playerTypeCode=B&ageCategoryCode=&juniorRankingType=itf&take=100&skip=300&isOrderAscending=true,2026-09-07T16:20:57.601Z
2026-09-07,M,377,800733684,Jian Huang,CHN,"China, P.R.",2008,237.5,https://www.itftennis.com/tennis/api/PlayerRankApi/GetPlayerRankings?circuitCode=JT&playerTypeCode=B&ageCategoryCode=&juniorRankingType=itf&take=100&skip=300&isOrderAscending=true,2026-09-07T16:20:57.601Z
2026-09-07,M,378,800680005,Mikaeel Ali Baig,PAK,Pakistan,2009,237,https://www.itftennis.com/tennis/api/PlayerRankApi/GetPlayerRankings?circuitCode=JT&playerTypeCode=B&ageCategoryCode=&juniorRankingType=itf&take=100&skip=300&isOrderAscending=true,2026-09-07T16:20:57.601Z
2026-09-07,M,379,800656188,Franco Davila Blotte,PER,Peru,2008,235,https://www.itftennis.com/tennis/api/PlayerRankApi/GetPlayerRankings?circuitCode=JT&playerTypeCode=B&ageCategoryCode=&juniorRankingType=itf&take=100&skip=300&isOrderAscending=true,2026-09-07T16:20:57.601Z
2026-09-07,M,380,800648404,Plamen Kolev,BUL,Bulgaria,2010,234,https://www.itftennis.com/tennis/api/PlayerRankApi/GetPlayerRankings?circuitCode=JT&playerTypeCode=B&ageCategoryCode=&juniorRankingType=itf&take=100&skip=300&isOrderAscending=true,2026-09-07T16:20:57.601Z
2026-09-07,M,381,800670278,Nicolas Moravec,CZE,Czechia,2009,234,https://www.itftennis.com/tennis/api/PlayerRankApi/GetPlayerRankings?circuitCode=JT&playerTypeCode=B&ageCategoryCode=&juniorRankingType=itf&take=100&skip=300&isOrderAscending=true,2026-09-07T16:20:57.601Z
2026-09-07,M,382,800692660,Yurii Stoliarov,UKR,Ukraine,2011,233,https://www.itftennis.com/tennis/api/PlayerRankApi/GetPlayerRankings?circuitCode=JT&playerTypeCode=B&ageCategoryCode=&juniorRankingType=itf&take=100&skip=300&isOrderAscending=true,2026-09-07T16:20:57.601Z
2026-09-07,M,383,800653617,Joao Cunha Cunha,BRA,Brazil,2008,232.5,https://www.itftennis.com/tennis/api/PlayerRankApi/GetPlayerRankings?circuitCode=JT&playerTypeCode=B&ageCategoryCode=&juniorRankingType=itf&take=100&skip=300&isOrderAscending=true,2026-09-07T16:20:57.601Z
2026-09-07,M,384,800599348,Georgios Mitalas,GRE,Greece,2008,232.5,https://www.itftennis.com/tennis/api/PlayerRankApi/GetPlayerRankings?circuitCode=JT&playerTypeCode=B&ageCategoryCode=&juniorRankingType=itf&take=100&skip=300&isOrderAscending=true,2026-09-07T16:20:57.601Z
2026-09-07,M,385,800599131,Edoardo Barbalaco,ITA,Italy,2008,232.5,https://www.itftennis.com/tennis/api/PlayerRankApi/GetPlayerRankings?circuitCode=JT&playerTypeCode=B&ageCategoryCode=&juniorRankingType=itf&take=100&skip=300&isOrderAscending=true,2026-09-07T16:20:57.601Z
2026-09-07,M,386,800599012,Alkis Michalakopoulos,GRE,Greece,2009,232,https://www.itftennis.com/tennis/api/PlayerRankApi/GetPlayerRankings?circuitCode=JT&playerTypeCode=B&ageCategoryCode=&juniorRankingType=itf&take=100&skip=300&isOrderAscending=true,2026-09-07T16:20:57.601Z
2026-09-07,M,387,800576306,Somon Amonov,TJK,Tajikistan,2008,231.5,https://www.itftennis.com/tennis/api/PlayerRankApi/GetPlayerRankings?circuitCode=JT&playerTypeCode=B&ageCategoryCode=&juniorRankingType=itf&take=100&skip=300&isOrderAscending=true,2026-09-07T16:20:57.601Z
2026-09-07,M,388,800644080,Nicolas Ciancaglini Rivera,BOL,Bolivia,2008,231,https://www.itftennis.com/tennis/api/PlayerRankApi/GetPlayerRankings?circuitCode=JT&playerTypeCode=B&ageCategoryCode=&juniorRankingType=itf&take=100&skip=300&isOrderAscending=true,2026-09-07T16:20:57.601Z
2026-09-07,M,389,800625534,Clement Hemery,FRA,France,2009,230.5,https://www.itftennis.com/tennis/api/PlayerRankApi/GetPlayerRankings?circuitCode=JT&playerTypeCode=B&ageCategoryCode=&juniorRankingType=itf&take=100&skip=300&isOrderAscending=true,2026-09-07T16:20:57.601Z
2026-09-07,M,390,800781981,Novak Palombo,AUS,Australia,2012,229.5,https://www.itftennis.com/tennis/api/PlayerRankApi/GetPlayerRankings?circuitCode=JT&playerTypeCode=B&ageCategoryCode=&juniorRankingType=itf&take=100&skip=300&isOrderAscending=true,2026-09-07T16:20:57.601Z
2026-09-07,M,391,800661025,Thomas PIOT,FRA,France,2009,229.5,https://www.itftennis.com/tennis/api/PlayerRankApi/GetPlayerRankings?circuitCode=JT&playerTypeCode=B&ageCategoryCode=&juniorRankingType=itf&take=100&skip=300&isOrderAscending=true,2026-09-07T16:20:57.601Z
2026-09-07,M,392,800661898,Lorenzo Rocco,ITA,Italy,2009,229.5,https://www.itftennis.com/tennis/api/PlayerRankApi/GetPlayerRankings?circuitCode=JT&playerTypeCode=B&ageCategoryCode=&juniorRankingType=itf&take=100&skip=300&isOrderAscending=true,2026-09-07T16:20:57.601Z
2026-09-07,M,393,800684524,SHIN JAEJUN,KOR,"Korea, Rep.",2010,229,https://www.itftennis.com/tennis/api/PlayerRankApi/GetPlayerRankings?circuitCode=JT&playerTypeCode=B&ageCategoryCode=&juniorRankingType=itf&take=100&skip=300&isOrderAscending=true,2026-09-07T16:20:57.601Z
2026-09-07,M,394,800598049,Alex Lap Hang Hui,HKG,"Hong Kong, China",2009,228.5,https://www.itftennis.com/tennis/api/PlayerRankApi/GetPlayerRankings?circuitCode=JT&playerTypeCode=B&ageCategoryCode=&juniorRankingType=itf&take=100&skip=300&isOrderAscending=true,2026-09-07T16:20:57.601Z
2026-09-07,M,395,800737788,Bruno Rodrigues,BRA,Brazil,2008,227.5,https://www.itftennis.com/tennis/api/PlayerRankApi/GetPlayerRankings?circuitCode=JT&playerTypeCode=B&ageCategoryCode=&juniorRankingType=itf&take=100&skip=300&isOrderAscending=true,2026-09-07T16:20:57.601Z
2026-09-07,M,396,800732662,Liam Youn,NZL,New Zealand,2009,227.5,https://www.itftennis.com/tennis/api/PlayerRankApi/GetPlayerRankings?circuitCode=JT&playerTypeCode=B&ageCategoryCode=&juniorRankingType=itf&take=100&skip=300&isOrderAscending=true,2026-09-07T16:20:57.601Z
2026-09-07,M,397,800722358,ghali salah-eddine,MAR,Morocco,2009,227.5,https://www.itftennis.com/tennis/api/PlayerRankApi/GetPlayerRankings?circuitCode=JT&playerTypeCode=B&ageCategoryCode=&juniorRankingType=itf&take=100&skip=300&isOrderAscending=true,2026-09-07T16:20:57.601Z
2026-09-07,M,398,800648156,Darsh Sachin Patel,GBR,Great Britain,2009,227,https://www.itftennis.com/tennis/api/PlayerRankApi/GetPlayerRankings?circuitCode=JT&playerTypeCode=B&ageCategoryCode=&juniorRankingType=itf&take=100&skip=300&isOrderAscending=true,2026-09-07T16:20:57.601Z
2026-09-07,M,399,800646769,Rodion Chetverikov,UKR,Ukraine,2008,226,https://www.itftennis.com/tennis/api/PlayerRankApi/GetPlayerRankings?circuitCode=JT&playerTypeCode=B&ageCategoryCode=&juniorRankingType=itf&take=100&skip=300&isOrderAscending=true,2026-09-07T16:20:57.601Z
2026-09-07,M,400,800738915,Luiz Gustavo Felisberto,BRA,Brazil,2009,225.25,https://www.itftennis.com/tennis/api/PlayerRankApi/GetPlayerRankings?circuitCode=JT&playerTypeCode=B&ageCategoryCode=&juniorRankingType=itf&take=100&skip=300&isOrderAscending=true,2026-09-07T16:20:57.601Z
2026-09-07,M,401,800643082,Ahmed Darmoul,TUN,Tunisia,2009,224,https://www.itftennis.com/tennis/api/PlayerRankApi/GetPlayerRankings?circuitCode=JT&playerTypeCode=B&ageCategoryCode=&juniorRankingType=itf&take=100&skip=400&isOrderAscending=true,2026-09-07T16:20:58.369Z
2026-09-07,M,402,800716262,Estanislao Lassaga,ARG,Argentina,2008,222.5,https://www.itftennis.com/tennis/api/PlayerRankApi/GetPlayerRankings?circuitCode=JT&playerTypeCode=B&ageCategoryCode=&juniorRankingType=itf&take=100&skip=400&isOrderAscending=true,2026-09-07T16:20:58.369Z
2026-09-07,M,403,800688517,Loic Massotte,CAN,Canada,2008,221.5,https://www.itftennis.com/tennis/api/PlayerRankApi/GetPlayerRankings?circuitCode=JT&playerTypeCode=B&ageCategoryCode=&juniorRankingType=itf&take=100&skip=400&isOrderAscending=true,2026-09-07T16:20:58.369Z
2026-09-07,M,404,800708495,Abdurakhmon Karimov,UZB,Uzbekistan,2010,221.5,https://www.itftennis.com/tennis/api/PlayerRankApi/GetPlayerRankings?circuitCode=JT&playerTypeCode=B&ageCategoryCode=&juniorRankingType=itf&take=100&skip=400&isOrderAscending=true,2026-09-07T16:20:58.369Z
2026-09-07,M,405,800625149,Nicolai Eie Worren,NOR,Norway,2008,221.25,https://www.itftennis.com/tennis/api/PlayerRankApi/GetPlayerRankings?circuitCode=JT&playerTypeCode=B&ageCategoryCode=&juniorRankingType=itf&take=100&skip=400&isOrderAscending=true,2026-09-07T16:20:58.369Z
2026-09-07,M,406,800727016,Ruochen Gao,CHN,"China, P.R.",2009,221,https://www.itftennis.com/tennis/api/PlayerRankApi/GetPlayerRankings?circuitCode=JT&playerTypeCode=B&ageCategoryCode=&juniorRankingType=itf&take=100&skip=400&isOrderAscending=true,2026-09-07T16:20:58.369Z
2026-09-07,M,407,800670012,Leonardo Suarez,BOL,Bolivia,2008,218,https://www.itftennis.com/tennis/api/PlayerRankApi/GetPlayerRankings?circuitCode=JT&playerTypeCode=B&ageCategoryCode=&juniorRankingType=itf&take=100&skip=400&isOrderAscending=true,2026-09-07T16:20:58.369Z
2026-09-07,M,408,800703955,Tobias Cank,CZE,Czechia,2008,217.5,https://www.itftennis.com/tennis/api/PlayerRankApi/GetPlayerRankings?circuitCode=JT&playerTypeCode=B&ageCategoryCode=&juniorRankingType=itf&take=100&skip=400&isOrderAscending=true,2026-09-07T16:20:58.369Z
2026-09-07,M,409,800670945,JUNYA KAWAMURA,JPN,Japan,2010,217.5,https://www.itftennis.com/tennis/api/PlayerRankApi/GetPlayerRankings?circuitCode=JT&playerTypeCode=B&ageCategoryCode=&juniorRankingType=itf&take=100&skip=400&isOrderAscending=true,2026-09-07T16:20:58.369Z
2026-09-07,M,410,800594775,Christian Pizzolante,ITA,Italy,2008,216.25,https://www.itftennis.com/tennis/api/PlayerRankApi/GetPlayerRankings?circuitCode=JT&playerTypeCode=B&ageCategoryCode=&juniorRankingType=itf&take=100&skip=400&isOrderAscending=true,2026-09-07T16:20:58.369Z
2026-09-07,M,411,800636930,Hassan Shoaib,EGY,Egypt,2009,216.25,https://www.itftennis.com/tennis/api/PlayerRankApi/GetPlayerRankings?circuitCode=JT&playerTypeCode=B&ageCategoryCode=&juniorRankingType=itf&take=100&skip=400&isOrderAscending=true,2026-09-07T16:20:58.369Z
2026-09-07,M,412,800644124,kuzey kerem bayrak,TUR,Turkiye,2010,215.75,https://www.itftennis.com/tennis/api/PlayerRankApi/GetPlayerRankings?circuitCode=JT&playerTypeCode=B&ageCategoryCode=&juniorRankingType=itf&take=100&skip=400&isOrderAscending=true,2026-09-07T16:20:58.369Z
2026-09-07,M,413,800599469,Nikolaos Papavasiliu,CZE,Czechia,2009,215.25,https://www.itftennis.com/tennis/api/PlayerRankApi/GetPlayerRankings?circuitCode=JT&playerTypeCode=B&ageCategoryCode=&juniorRankingType=itf&take=100&skip=400&isOrderAscending=true,2026-09-07T16:20:58.369Z
2026-09-07,M,414,800671941,Marcel Jelinek,AUT,Austria,2010,215,https://www.itftennis.com/tennis/api/PlayerRankApi/GetPlayerRankings?circuitCode=JT&playerTypeCode=B&ageCategoryCode=&juniorRankingType=itf&take=100&skip=400&isOrderAscending=true,2026-09-07T16:20:58.369Z
2026-09-07,M,415,800672361,joseph Phitoussi,FRA,France,2010,214.5,https://www.itftennis.com/tennis/api/PlayerRankApi/GetPlayerRankings?circuitCode=JT&playerTypeCode=B&ageCategoryCode=&juniorRankingType=itf&take=100&skip=400&isOrderAscending=true,2026-09-07T16:20:58.369Z
2026-09-07,M,416,800599918,Nand Vandepoele,BEL,Belgium,2008,212,https://www.itftennis.com/tennis/api/PlayerRankApi/GetPlayerRankings?circuitCode=JT&playerTypeCode=B&ageCategoryCode=&juniorRankingType=itf&take=100&skip=400&isOrderAscending=true,2026-09-07T16:20:58.369Z
2026-09-07,M,417,800719980,AASHRAVYA MEHRA,IND,India,2008,211,https://www.itftennis.com/tennis/api/PlayerRankApi/GetPlayerRankings?circuitCode=JT&playerTypeCode=B&ageCategoryCode=&juniorRankingType=itf&take=100&skip=400&isOrderAscending=true,2026-09-07T16:20:58.369Z
2026-09-07,M,418,800640458,Evgenii Kafelnikov,RUS,Russia,2010,211,https://www.itftennis.com/tennis/api/PlayerRankApi/GetPlayerRankings?circuitCode=JT&playerTypeCode=B&ageCategoryCode=&juniorRankingType=itf&take=100&skip=400&isOrderAscending=true,2026-09-07T16:20:58.369Z
2026-09-07,M,419,800678746,Petar Ciangherotti,ITA,Italy,2009,210.5,https://www.itftennis.com/tennis/api/PlayerRankApi/GetPlayerRankings?circuitCode=JT&playerTypeCode=B&ageCategoryCode=&juniorRankingType=itf&take=100&skip=400&isOrderAscending=true,2026-09-07T16:20:58.369Z
2026-09-07,M,420,800799267,Yashwin Krishnakumar,USA,USA,2008,209,https://www.itftennis.com/tennis/api/PlayerRankApi/GetPlayerRankings?circuitCode=JT&playerTypeCode=B&ageCategoryCode=&juniorRankingType=itf&take=100&skip=400&isOrderAscending=true,2026-09-07T16:20:58.369Z
2026-09-07,M,421,800738751,Hongjin Qi,CHN,"China, P.R.",2010,208.75,https://www.itftennis.com/tennis/api/PlayerRankApi/GetPlayerRankings?circuitCode=JT&playerTypeCode=B&ageCategoryCode=&juniorRankingType=itf&take=100&skip=400&isOrderAscending=true,2026-09-07T16:20:58.369Z
2026-09-07,M,422,800749167,Yiyuan Su,CHN,"China, P.R.",2009,208.5,https://www.itftennis.com/tennis/api/PlayerRankApi/GetPlayerRankings?circuitCode=JT&playerTypeCode=B&ageCategoryCode=&juniorRankingType=itf&take=100&skip=400&isOrderAscending=true,2026-09-07T16:20:58.369Z
2026-09-07,M,423,800598974,Ryan Bedwick,USA,USA,2008,208.5,https://www.itftennis.com/tennis/api/PlayerRankApi/GetPlayerRankings?circuitCode=JT&playerTypeCode=B&ageCategoryCode=&juniorRankingType=itf&take=100&skip=400&isOrderAscending=true,2026-09-07T16:20:58.369Z
2026-09-07,M,424,800720296,Matthew Shapiro,USA,USA,2008,208.5,https://www.itftennis.com/tennis/api/PlayerRankApi/GetPlayerRankings?circuitCode=JT&playerTypeCode=B&ageCategoryCode=&juniorRankingType=itf&take=100&skip=400&isOrderAscending=true,2026-09-07T16:20:58.369Z
2026-09-07,M,425,800717269,Nicolas Pedraza,USA,USA,2009,208.5,https://www.itftennis.com/tennis/api/PlayerRankApi/GetPlayerRankings?circuitCode=JT&playerTypeCode=B&ageCategoryCode=&juniorRankingType=itf&take=100&skip=400&isOrderAscending=true,2026-09-07T16:20:58.369Z
2026-09-07,M,426,800732400,VINCENT WEAVER,USA,USA,2008,208.25,https://www.itftennis.com/tennis/api/PlayerRankApi/GetPlayerRankings?circuitCode=JT&playerTypeCode=B&ageCategoryCode=&juniorRankingType=itf&take=100&skip=400&isOrderAscending=true,2026-09-07T16:20:58.369Z
2026-09-07,M,427,800695975,Sava Grozdev,BEL,Belgium,2010,207.5,https://www.itftennis.com/tennis/api/PlayerRankApi/GetPlayerRankings?circuitCode=JT&playerTypeCode=B&ageCategoryCode=&juniorRankingType=itf&take=100&skip=400&isOrderAscending=true,2026-09-07T16:20:58.369Z
2026-09-07,M,428,800671371,Yosuke Hino,JPN,Japan,2011,206,https://www.itftennis.com/tennis/api/PlayerRankApi/GetPlayerRankings?circuitCode=JT&playerTypeCode=B&ageCategoryCode=&juniorRankingType=itf&take=100&skip=400&isOrderAscending=true,2026-09-07T16:20:58.369Z
2026-09-07,M,429,800660323,Johann Nagel-Heyer,GER,Germany,2010,205.25,https://www.itftennis.com/tennis/api/PlayerRankApi/GetPlayerRankings?circuitCode=JT&playerTypeCode=B&ageCategoryCode=&juniorRankingType=itf&take=100&skip=400&isOrderAscending=true,2026-09-07T16:20:58.369Z
2026-09-07,M,430,800714672,Diego Custodio Wagner,USA,USA,2010,205.25,https://www.itftennis.com/tennis/api/PlayerRankApi/GetPlayerRankings?circuitCode=JT&playerTypeCode=B&ageCategoryCode=&juniorRankingType=itf&take=100&skip=400&isOrderAscending=true,2026-09-07T16:20:58.369Z
2026-09-07,M,431,800660623,DAVID MOGILEVSKY,KGZ,Kyrgyzstan,2009,204.75,https://www.itftennis.com/tennis/api/PlayerRankApi/GetPlayerRankings?circuitCode=JT&playerTypeCode=B&ageCategoryCode=&juniorRankingType=itf&take=100&skip=400&isOrderAscending=true,2026-09-07T16:20:58.369Z
2026-09-07,M,432,800627084,Jules Rimbaud,FRA,France,2009,203.75,https://www.itftennis.com/tennis/api/PlayerRankApi/GetPlayerRankings?circuitCode=JT&playerTypeCode=B&ageCategoryCode=&juniorRankingType=itf&take=100&skip=400&isOrderAscending=true,2026-09-07T16:20:58.369Z
2026-09-07,M,433,800660593,Nicolas Rivera Paz,MEX,Mexico,2008,203,https://www.itftennis.com/tennis/api/PlayerRankApi/GetPlayerRankings?circuitCode=JT&playerTypeCode=B&ageCategoryCode=&juniorRankingType=itf&take=100&skip=400&isOrderAscending=true,2026-09-07T16:20:58.369Z
2026-09-07,M,434,800643778,Andrei Radu,ROU,Romania,2010,203,https://www.itftennis.com/tennis/api/PlayerRankApi/GetPlayerRankings?circuitCode=JT&playerTypeCode=B&ageCategoryCode=&juniorRankingType=itf&take=100&skip=400&isOrderAscending=true,2026-09-07T16:20:58.369Z
2026-09-07,M,435,800691051,Rafael Pagonis,GRE,Greece,2011,202.75,https://www.itftennis.com/tennis/api/PlayerRankApi/GetPlayerRankings?circuitCode=JT&playerTypeCode=B&ageCategoryCode=&juniorRankingType=itf&take=100&skip=400&isOrderAscending=true,2026-09-07T16:20:58.369Z
2026-09-07,M,436,800776989,David Mas Masia Lopez,ESP,Spain,2008,202,https://www.itftennis.com/tennis/api/PlayerRankApi/GetPlayerRankings?circuitCode=JT&playerTypeCode=B&ageCategoryCode=&juniorRankingType=itf&take=100&skip=400&isOrderAscending=true,2026-09-07T16:20:58.369Z
2026-09-07,M,437,800623299,Akhmadjon Toshmukhamedov,UZB,Uzbekistan,2008,200.5,https://www.itftennis.com/tennis/api/PlayerRankApi/GetPlayerRankings?circuitCode=JT&playerTypeCode=B&ageCategoryCode=&juniorRankingType=itf&take=100&skip=400&isOrderAscending=true,2026-09-07T16:20:58.369Z
2026-09-07,M,438,800644919,Volodymyr Revenko,UKR,Ukraine,2009,200.5,https://www.itftennis.com/tennis/api/PlayerRankApi/GetPlayerRankings?circuitCode=JT&playerTypeCode=B&ageCategoryCode=&juniorRankingType=itf&take=100&skip=400&isOrderAscending=true,2026-09-07T16:20:58.369Z
2026-09-07,M,439,800657209,Petr Minakhin,ITA,Italy,2010,200,https://www.itftennis.com/tennis/api/PlayerRankApi/GetPlayerRankings?circuitCode=JT&playerTypeCode=B&ageCategoryCode=&juniorRankingType=itf&take=100&skip=400&isOrderAscending=true,2026-09-07T16:20:58.369Z
2026-09-07,M,440,800680775,Roger Koike,JPN,Japan,2008,199.5,https://www.itftennis.com/tennis/api/PlayerRankApi/GetPlayerRankings?circuitCode=JT&playerTypeCode=B&ageCategoryCode=&juniorRankingType=itf&take=100&skip=400&isOrderAscending=true,2026-09-07T16:20:58.369Z
2026-09-07,M,441,800734045,Thomas O'Neill,CAN,Canada,2010,199.25,https://www.itftennis.com/tennis/api/PlayerRankApi/GetPlayerRankings?circuitCode=JT&playerTypeCode=B&ageCategoryCode=&juniorRankingType=itf&take=100&skip=400&isOrderAscending=true,2026-09-07T16:20:58.369Z
2026-09-07,M,442,800743167,Jaime Gomez Lopez,MEX,Mexico,2010,199,https://www.itftennis.com/tennis/api/PlayerRankApi/GetPlayerRankings?circuitCode=JT&playerTypeCode=B&ageCategoryCode=&juniorRankingType=itf&take=100&skip=400&isOrderAscending=true,2026-09-07T16:20:58.369Z
2026-09-07,M,443,800811705,Maximo Cataldi,ARG,Argentina,2010,198.25,https://www.itftennis.com/tennis/api/PlayerRankApi/GetPlayerRankings?circuitCode=JT&playerTypeCode=B&ageCategoryCode=&juniorRankingType=itf&take=100&skip=400&isOrderAscending=true,2026-09-07T16:20:58.369Z
2026-09-07,M,444,800672512,Samuel Pelletier,CAN,Canada,2009,198,https://www.itftennis.com/tennis/api/PlayerRankApi/GetPlayerRankings?circuitCode=JT&playerTypeCode=B&ageCategoryCode=&juniorRankingType=itf&take=100&skip=400&isOrderAscending=true,2026-09-07T16:20:58.369Z
2026-09-07,M,445,800645550,Hugo Pawel Rytelewski,POL,Poland,2009,198,https://www.itftennis.com/tennis/api/PlayerRankApi/GetPlayerRankings?circuitCode=JT&playerTypeCode=B&ageCategoryCode=&juniorRankingType=itf&take=100&skip=400&isOrderAscending=true,2026-09-07T16:20:58.369Z
2026-09-07,M,446,800670108,Aaron Alberto Ascanio Prato,VEN,Venezuela,2009,197.5,https://www.itftennis.com/tennis/api/PlayerRankApi/GetPlayerRankings?circuitCode=JT&playerTypeCode=B&ageCategoryCode=&juniorRankingType=itf&take=100&skip=400&isOrderAscending=true,2026-09-07T16:20:58.369Z
2026-09-07,M,447,800715160,Samy IRAQI,MAR,Morocco,2010,197,https://www.itftennis.com/tennis/api/PlayerRankApi/GetPlayerRankings?circuitCode=JT&playerTypeCode=B&ageCategoryCode=&juniorRankingType=itf&take=100&skip=400&isOrderAscending=true,2026-09-07T16:20:58.369Z
2026-09-07,M,448,800621787,Kristian Vukovic,FRA,France,2009,196.75,https://www.itftennis.com/tennis/api/PlayerRankApi/GetPlayerRankings?circuitCode=JT&playerTypeCode=B&ageCategoryCode=&juniorRankingType=itf&take=100&skip=400&isOrderAscending=true,2026-09-07T16:20:58.369Z
2026-09-07,M,449,800598778,Archie Gray,GBR,Great Britain,2008,196,https://www.itftennis.com/tennis/api/PlayerRankApi/GetPlayerRankings?circuitCode=JT&playerTypeCode=B&ageCategoryCode=&juniorRankingType=itf&take=100&skip=400&isOrderAscending=true,2026-09-07T16:20:58.369Z
2026-09-07,M,450,800722085,TZU-YUAN TSENG,TPE,Chinese Taipei,2008,195.25,https://www.itftennis.com/tennis/api/PlayerRankApi/GetPlayerRankings?circuitCode=JT&playerTypeCode=B&ageCategoryCode=&juniorRankingType=itf&take=100&skip=400&isOrderAscending=true,2026-09-07T16:20:58.369Z
2026-09-07,M,451,800742693,Dehan Van Deventer,RSA,South Africa,2009,194.75,https://www.itftennis.com/tennis/api/PlayerRankApi/GetPlayerRankings?circuitCode=JT&playerTypeCode=B&ageCategoryCode=&juniorRankingType=itf&take=100&skip=400&isOrderAscending=true,2026-09-07T16:20:58.369Z
2026-09-07,M,452,800668264,Panagiotis-Gerasimos Grammatikakis,GRE,Greece,2008,194.5,https://www.itftennis.com/tennis/api/PlayerRankApi/GetPlayerRankings?circuitCode=JT&playerTypeCode=B&ageCategoryCode=&juniorRankingType=itf&take=100&skip=400&isOrderAscending=true,2026-09-07T16:20:58.369Z
2026-09-07,M,453,800645133,Marinos Karniatis,GRE,Greece,2009,194.5,https://www.itftennis.com/tennis/api/PlayerRankApi/GetPlayerRankings?circuitCode=JT&playerTypeCode=B&ageCategoryCode=&juniorRankingType=itf&take=100&skip=400&isOrderAscending=true,2026-09-07T16:20:58.369Z
2026-09-07,M,454,800670196,Aatu Niemelae,FIN,Finland,2010,194.5,https://www.itftennis.com/tennis/api/PlayerRankApi/GetPlayerRankings?circuitCode=JT&playerTypeCode=B&ageCategoryCode=&juniorRankingType=itf&take=100&skip=400&isOrderAscending=true,2026-09-07T16:20:58.369Z
2026-09-07,M,455,800671267,Mats Jutte,NED,Netherlands,2010,194.25,https://www.itftennis.com/tennis/api/PlayerRankApi/GetPlayerRankings?circuitCode=JT&playerTypeCode=B&ageCategoryCode=&juniorRankingType=itf&take=100&skip=400&isOrderAscending=true,2026-09-07T16:20:58.369Z
2026-09-07,M,456,800621925,Matija Putic,SRB,Serbia,2009,193.5,https://www.itftennis.com/tennis/api/PlayerRankApi/GetPlayerRankings?circuitCode=JT&playerTypeCode=B&ageCategoryCode=&juniorRankingType=itf&take=100&skip=400&isOrderAscending=true,2026-09-07T16:20:58.369Z
2026-09-07,M,457,800660947,Luca Iliescu,FRA,France,2010,193,https://www.itftennis.com/tennis/api/PlayerRankApi/GetPlayerRankings?circuitCode=JT&playerTypeCode=B&ageCategoryCode=&juniorRankingType=itf&take=100&skip=400&isOrderAscending=true,2026-09-07T16:20:58.369Z
2026-09-07,M,458,800725509,DANIEL EUSAMIO,ESP,Spain,2009,193,https://www.itftennis.com/tennis/api/PlayerRankApi/GetPlayerRankings?circuitCode=JT&playerTypeCode=B&ageCategoryCode=&juniorRankingType=itf&take=100&skip=400&isOrderAscending=true,2026-09-07T16:20:58.369Z
2026-09-07,M,459,800738302,Oluhle Senti,RSA,South Africa,2008,192.5,https://www.itftennis.com/tennis/api/PlayerRankApi/GetPlayerRankings?circuitCode=JT&playerTypeCode=B&ageCategoryCode=&juniorRankingType=itf&take=100&skip=400&isOrderAscending=true,2026-09-07T16:20:58.369Z
2026-09-07,M,460,800668803,Verneri Riikonen,FIN,Finland,2009,192.5,https://www.itftennis.com/tennis/api/PlayerRankApi/GetPlayerRankings?circuitCode=JT&playerTypeCode=B&ageCategoryCode=&juniorRankingType=itf&take=100&skip=400&isOrderAscending=true,2026-09-07T16:20:58.369Z
2026-09-07,M,461,800595239,Aleksandar Mitev,BUL,Bulgaria,2008,191.5,https://www.itftennis.com/tennis/api/PlayerRankApi/GetPlayerRankings?circuitCode=JT&playerTypeCode=B&ageCategoryCode=&juniorRankingType=itf&take=100&skip=400&isOrderAscending=true,2026-09-07T16:20:58.369Z
2026-09-07,M,462,800631800,Xingyu Chen,CHN,"China, P.R.",2008,191.5,https://www.itftennis.com/tennis/api/PlayerRankApi/GetPlayerRankings?circuitCode=JT&playerTypeCode=B&ageCategoryCode=&juniorRankingType=itf&take=100&skip=400&isOrderAscending=true,2026-09-07T16:20:58.369Z
2026-09-07,M,463,800589486,Rodrigo Leal,POR,Portugal,2008,191.5,https://www.itftennis.com/tennis/api/PlayerRankApi/GetPlayerRankings?circuitCode=JT&playerTypeCode=B&ageCategoryCode=&juniorRankingType=itf&take=100&skip=400&isOrderAscending=true,2026-09-07T16:20:58.369Z
2026-09-07,M,464,800586051,Filip Ladman,CZE,Czechia,2009,191.5,https://www.itftennis.com/tennis/api/PlayerRankApi/GetPlayerRankings?circuitCode=JT&playerTypeCode=B&ageCategoryCode=&juniorRankingType=itf&take=100&skip=400&isOrderAscending=true,2026-09-07T16:20:58.369Z
2026-09-07,M,465,800771874,Maximus Muller,SWE,Sweden,2008,191.5,https://www.itftennis.com/tennis/api/PlayerRankApi/GetPlayerRankings?circuitCode=JT&playerTypeCode=B&ageCategoryCode=&juniorRankingType=itf&take=100&skip=400&isOrderAscending=true,2026-09-07T16:20:58.369Z
2026-09-07,M,466,800692986,Henrique Hoffmann Schafer Henrique Schafer,BRA,Brazil,2009,191.25,https://www.itftennis.com/tennis/api/PlayerRankApi/GetPlayerRankings?circuitCode=JT&playerTypeCode=B&ageCategoryCode=&juniorRankingType=itf&take=100&skip=400&isOrderAscending=true,2026-09-07T16:20:58.369Z
2026-09-07,M,467,800670249,Lourenco Silva E Costa,POR,Portugal,2009,191,https://www.itftennis.com/tennis/api/PlayerRankApi/GetPlayerRankings?circuitCode=JT&playerTypeCode=B&ageCategoryCode=&juniorRankingType=itf&take=100&skip=400&isOrderAscending=true,2026-09-07T16:20:58.369Z
2026-09-07,M,468,800708031,Alvaro Lago Furio,ESP,Spain,2009,190.75,https://www.itftennis.com/tennis/api/PlayerRankApi/GetPlayerRankings?circuitCode=JT&playerTypeCode=B&ageCategoryCode=&juniorRankingType=itf&take=100&skip=400&isOrderAscending=true,2026-09-07T16:20:58.369Z
2026-09-07,M,469,800780744,Boshi Wang,CHN,"China, P.R.",2011,190.25,https://www.itftennis.com/tennis/api/PlayerRankApi/GetPlayerRankings?circuitCode=JT&playerTypeCode=B&ageCategoryCode=&juniorRankingType=itf&take=100&skip=400&isOrderAscending=true,2026-09-07T16:20:58.369Z
2026-09-07,M,470,800777511,Michal Pielat,POL,Poland,2009,190,https://www.itftennis.com/tennis/api/PlayerRankApi/GetPlayerRankings?circuitCode=JT&playerTypeCode=B&ageCategoryCode=&juniorRankingType=itf&take=100&skip=400&isOrderAscending=true,2026-09-07T16:20:58.369Z
2026-09-07,M,471,800624194,Luke Jie Xi Ho,SGP,Singapore,2009,190,https://www.itftennis.com/tennis/api/PlayerRankApi/GetPlayerRankings?circuitCode=JT&playerTypeCode=B&ageCategoryCode=&juniorRankingType=itf&take=100&skip=400&isOrderAscending=true,2026-09-07T16:20:58.369Z
2026-09-07,M,472,800696269,Rune Hosten,BEL,Belgium,2011,188.5,https://www.itftennis.com/tennis/api/PlayerRankApi/GetPlayerRankings?circuitCode=JT&playerTypeCode=B&ageCategoryCode=&juniorRankingType=itf&take=100&skip=400&isOrderAscending=true,2026-09-07T16:20:58.369Z
2026-09-07,M,473,800625292,Yanhong Li,CHN,"China, P.R.",2008,188.25,https://www.itftennis.com/tennis/api/PlayerRankApi/GetPlayerRankings?circuitCode=JT&playerTypeCode=B&ageCategoryCode=&juniorRankingType=itf&take=100&skip=400&isOrderAscending=true,2026-09-07T16:20:58.369Z
2026-09-07,M,474,800599350,Juchan Hwang,KOR,"Korea, Rep.",2008,188.25,https://www.itftennis.com/tennis/api/PlayerRankApi/GetPlayerRankings?circuitCode=JT&playerTypeCode=B&ageCategoryCode=&juniorRankingType=itf&take=100&skip=400&isOrderAscending=true,2026-09-07T16:20:58.369Z
2026-09-07,M,475,800775728,Kahven Singh,USA,USA,2009,188,https://www.itftennis.com/tennis/api/PlayerRankApi/GetPlayerRankings?circuitCode=JT&playerTypeCode=B&ageCategoryCode=&juniorRankingType=itf&take=100&skip=400&isOrderAscending=true,2026-09-07T16:20:58.369Z
2026-09-07,M,476,800693111,Prakaash Sarran,IND,India,2009,188,https://www.itftennis.com/tennis/api/PlayerRankApi/GetPlayerRankings?circuitCode=JT&playerTypeCode=B&ageCategoryCode=&juniorRankingType=itf&take=100&skip=400&isOrderAscending=true,2026-09-07T16:20:58.369Z
2026-09-07,M,477,800638422,Van Son Didoni,ITA,Italy,2008,188,https://www.itftennis.com/tennis/api/PlayerRankApi/GetPlayerRankings?circuitCode=JT&playerTypeCode=B&ageCategoryCode=&juniorRankingType=itf&take=100&skip=400&isOrderAscending=true,2026-09-07T16:20:58.369Z
2026-09-07,M,478,800733739,Mateo Comamala,SUI,Switzerland,2008,187.75,https://www.itftennis.com/tennis/api/PlayerRankApi/GetPlayerRankings?circuitCode=JT&playerTypeCode=B&ageCategoryCode=&juniorRankingType=itf&take=100&skip=400&isOrderAscending=true,2026-09-07T16:20:58.369Z
2026-09-07,M,479,800656414,Cayo Narvaez Espinola,PAR,Paraguay,2008,187.25,https://www.itftennis.com/tennis/api/PlayerRankApi/GetPlayerRankings?circuitCode=JT&playerTypeCode=B&ageCategoryCode=&juniorRankingType=itf&take=100&skip=400&isOrderAscending=true,2026-09-07T16:20:58.369Z
2026-09-07,M,480,800808372,Tommy Luxa,CZE,Czechia,2010,187.25,https://www.itftennis.com/tennis/api/PlayerRankApi/GetPlayerRankings?circuitCode=JT&playerTypeCode=B&ageCategoryCode=&juniorRankingType=itf&take=100&skip=400&isOrderAscending=true,2026-09-07T16:20:58.369Z
2026-09-07,M,481,800597838,Liam Channon,GBR,Great Britain,2008,186,https://www.itftennis.com/tennis/api/PlayerRankApi/GetPlayerRankings?circuitCode=JT&playerTypeCode=B&ageCategoryCode=&juniorRankingType=itf&take=100&skip=400&isOrderAscending=true,2026-09-07T16:20:58.369Z
2026-09-07,M,482,800732116,Mingrui Shi,CHN,"China, P.R.",2009,186,https://www.itftennis.com/tennis/api/PlayerRankApi/GetPlayerRankings?circuitCode=JT&playerTypeCode=B&ageCategoryCode=&juniorRankingType=itf&take=100&skip=400&isOrderAscending=true,2026-09-07T16:20:58.369Z
2026-09-07,M,483,800645769,Facundo Pereyra,ARG,Argentina,2008,183.25,https://www.itftennis.com/tennis/api/PlayerRankApi/GetPlayerRankings?circuitCode=JT&playerTypeCode=B&ageCategoryCode=&juniorRankingType=itf&take=100&skip=400&isOrderAscending=true,2026-09-07T16:20:58.369Z
2026-09-07,M,484,800631911,Mansur Sainov,KAZ,Kazakhstan,2009,182.5,https://www.itftennis.com/tennis/api/PlayerRankApi/GetPlayerRankings?circuitCode=JT&playerTypeCode=B&ageCategoryCode=&juniorRankingType=itf&take=100&skip=400&isOrderAscending=true,2026-09-07T16:20:58.369Z
2026-09-07,M,485,800592340,Oleg Covian,ESP,Spain,2009,181.5,https://www.itftennis.com/tennis/api/PlayerRankApi/GetPlayerRankings?circuitCode=JT&playerTypeCode=B&ageCategoryCode=&juniorRankingType=itf&take=100&skip=400&isOrderAscending=true,2026-09-07T16:20:58.369Z
2026-09-07,M,486,800716194,William Zhang,USA,USA,2008,181.25,https://www.itftennis.com/tennis/api/PlayerRankApi/GetPlayerRankings?circuitCode=JT&playerTypeCode=B&ageCategoryCode=&juniorRankingType=itf&take=100&skip=400&isOrderAscending=true,2026-09-07T16:20:58.369Z
2026-09-07,M,487,800718989,Niccolo Magagnin,ITA,Italy,2009,181,https://www.itftennis.com/tennis/api/PlayerRankApi/GetPlayerRankings?circuitCode=JT&playerTypeCode=B&ageCategoryCode=&juniorRankingType=itf&take=100&skip=400&isOrderAscending=true,2026-09-07T16:20:58.369Z
2026-09-07,M,488,800667513,Jaume Casas Blasi,ESP,Spain,2008,180.75,https://www.itftennis.com/tennis/api/PlayerRankApi/GetPlayerRankings?circuitCode=JT&playerTypeCode=B&ageCategoryCode=&juniorRankingType=itf&take=100&skip=400&isOrderAscending=true,2026-09-07T16:20:58.369Z
2026-09-07,M,489,800660722,Marek Smejcky,CZE,Czechia,2010,180.75,https://www.itftennis.com/tennis/api/PlayerRankApi/GetPlayerRankings?circuitCode=JT&playerTypeCode=B&ageCategoryCode=&juniorRankingType=itf&take=100&skip=400&isOrderAscending=true,2026-09-07T16:20:58.369Z
2026-09-07,M,490,800573486,Krystof Kominek,CZE,Czechia,2008,180.5,https://www.itftennis.com/tennis/api/PlayerRankApi/GetPlayerRankings?circuitCode=JT&playerTypeCode=B&ageCategoryCode=&juniorRankingType=itf&take=100&skip=400&isOrderAscending=true,2026-09-07T16:20:58.369Z
2026-09-07,M,491,800695236,Patrick Breen,IRL,Ireland,2010,180,https://www.itftennis.com/tennis/api/PlayerRankApi/GetPlayerRankings?circuitCode=JT&playerTypeCode=B&ageCategoryCode=&juniorRankingType=itf&take=100&skip=400&isOrderAscending=true,2026-09-07T16:20:58.369Z
2026-09-07,M,492,800661470,Mannan Ashok Agarwal,IND,India,2009,178.5,https://www.itftennis.com/tennis/api/PlayerRankApi/GetPlayerRankings?circuitCode=JT&playerTypeCode=B&ageCategoryCode=&juniorRankingType=itf&take=100&skip=400&isOrderAscending=true,2026-09-07T16:20:58.369Z
2026-09-07,M,493,800597524,Raul Clarijs,NED,Netherlands,2008,178.5,https://www.itftennis.com/tennis/api/PlayerRankApi/GetPlayerRankings?circuitCode=JT&playerTypeCode=B&ageCategoryCode=&juniorRankingType=itf&take=100&skip=400&isOrderAscending=true,2026-09-07T16:20:58.369Z
2026-09-07,M,494,800676485,Matias Erices,CHI,Chile,2009,178.5,https://www.itftennis.com/tennis/api/PlayerRankApi/GetPlayerRankings?circuitCode=JT&playerTypeCode=B&ageCategoryCode=&juniorRankingType=itf&take=100&skip=400&isOrderAscending=true,2026-09-07T16:20:58.369Z
2026-09-07,M,495,800668525,SungMin Lee,KOR,"Korea, Rep.",2009,176.75,https://www.itftennis.com/tennis/api/PlayerRankApi/GetPlayerRankings?circuitCode=JT&playerTypeCode=B&ageCategoryCode=&juniorRankingType=itf&take=100&skip=400&isOrderAscending=true,2026-09-07T16:20:58.369Z
2026-09-07,M,496,800800873,Kai Coghlan,AUS,Australia,2010,176.75,https://www.itftennis.com/tennis/api/PlayerRankApi/GetPlayerRankings?circuitCode=JT&playerTypeCode=B&ageCategoryCode=&juniorRankingType=itf&take=100&skip=400&isOrderAscending=true,2026-09-07T16:20:58.369Z
2026-09-07,M,497,800600188,Valentin Klaunzner,AUT,Austria,2008,176.75,https://www.itftennis.com/tennis/api/PlayerRankApi/GetPlayerRankings?circuitCode=JT&playerTypeCode=B&ageCategoryCode=&juniorRankingType=itf&take=100&skip=400&isOrderAscending=true,2026-09-07T16:20:58.369Z
2026-09-07,M,498,800750845,Matias Reyniak,USA,USA,2009,176.5,https://www.itftennis.com/tennis/api/PlayerRankApi/GetPlayerRankings?circuitCode=JT&playerTypeCode=B&ageCategoryCode=&juniorRankingType=itf&take=100&skip=400&isOrderAscending=true,2026-09-07T16:20:58.369Z
2026-09-07,M,499,800682107,Moritz Freitag,AUT,Austria,2011,176.25,https://www.itftennis.com/tennis/api/PlayerRankApi/GetPlayerRankings?circuitCode=JT&playerTypeCode=B&ageCategoryCode=&juniorRankingType=itf&take=100&skip=400&isOrderAscending=true,2026-09-07T16:20:58.369Z
2026-09-07,M,500,800632383,Roman Kulpin,RUS,Russia,2009,176,https://www.itftennis.com/tennis/api/PlayerRankApi/GetPlayerRankings?circuitCode=JT&playerTypeCode=B&ageCategoryCode=&juniorRankingType=itf&take=100&skip=400&isOrderAscending=true,2026-09-07T16:20:58.369Z
2026-09-07,M,501,800739462,Siyun Kim,KOR,"Korea, Rep.",2011,175.75,https://www.itftennis.com/tennis/api/PlayerRankApi/GetPlayerRankings?circuitCode=JT&playerTypeCode=B&ageCategoryCode=&juniorRankingType=itf&take=100&skip=500&isOrderAscending=true,2026-09-07T16:20:59.140Z
2026-09-07,M,502,800724361,Valentino Arjona,MEX,Mexico,2008,175.5,https://www.itftennis.com/tennis/api/PlayerRankApi/GetPlayerRankings?circuitCode=JT&playerTypeCode=B&ageCategoryCode=&juniorRankingType=itf&take=100&skip=500&isOrderAscending=true,2026-09-07T16:20:59.140Z
2026-09-07,M,503,800752829,Pedro Queiroz,BRA,Brazil,2009,175.25,https://www.itftennis.com/tennis/api/PlayerRankApi/GetPlayerRankings?circuitCode=JT&playerTypeCode=B&ageCategoryCode=&juniorRankingType=itf&take=100&skip=500&isOrderAscending=true,2026-09-07T16:20:59.140Z
2026-09-07,M,504,800655007,Om Verma,IND,India,2009,175,https://www.itftennis.com/tennis/api/PlayerRankApi/GetPlayerRankings?circuitCode=JT&playerTypeCode=B&ageCategoryCode=&juniorRankingType=itf&take=100&skip=500&isOrderAscending=true,2026-09-07T16:20:59.140Z
2026-09-07,M,505,800708029,Daniel Rat,CZE,Czechia,2008,174.5,https://www.itftennis.com/tennis/api/PlayerRankApi/GetPlayerRankings?circuitCode=JT&playerTypeCode=B&ageCategoryCode=&juniorRankingType=itf&take=100&skip=500&isOrderAscending=true,2026-09-07T16:20:59.140Z
2026-09-07,M,506,800655703,Jan Skrzynski,POL,Poland,2009,174.5,https://www.itftennis.com/tennis/api/PlayerRankApi/GetPlayerRankings?circuitCode=JT&playerTypeCode=B&ageCategoryCode=&juniorRankingType=itf&take=100&skip=500&isOrderAscending=true,2026-09-07T16:20:59.140Z
2026-09-07,M,507,800660765,Antonio Blanco Epple,CHI,Chile,2009,174,https://www.itftennis.com/tennis/api/PlayerRankApi/GetPlayerRankings?circuitCode=JT&playerTypeCode=B&ageCategoryCode=&juniorRankingType=itf&take=100&skip=500&isOrderAscending=true,2026-09-07T16:20:59.140Z
2026-09-07,M,508,800670194,Rafa Jeconia verdasco Mangunsong,INA,Indonesia,2009,173.75,https://www.itftennis.com/tennis/api/PlayerRankApi/GetPlayerRankings?circuitCode=JT&playerTypeCode=B&ageCategoryCode=&juniorRankingType=itf&take=100&skip=500&isOrderAscending=true,2026-09-07T16:20:59.140Z
2026-09-07,M,509,800738422,Shijie Chen,CHN,"China, P.R.",2008,173.25,https://www.itftennis.com/tennis/api/PlayerRankApi/GetPlayerRankings?circuitCode=JT&playerTypeCode=B&ageCategoryCode=&juniorRankingType=itf&take=100&skip=500&isOrderAscending=true,2026-09-07T16:20:59.140Z
2026-09-07,M,510,800712076,Gonzalo Corrales Chavarria,ESP,Spain,2010,173.25,https://www.itftennis.com/tennis/api/PlayerRankApi/GetPlayerRankings?circuitCode=JT&playerTypeCode=B&ageCategoryCode=&juniorRankingType=itf&take=100&skip=500&isOrderAscending=true,2026-09-07T16:20:59.140Z
2026-09-07,M,511,800654687,Mark Griaziutin Tverskoj,LTU,Lithuania,2010,173,https://www.itftennis.com/tennis/api/PlayerRankApi/GetPlayerRankings?circuitCode=JT&playerTypeCode=B&ageCategoryCode=&juniorRankingType=itf&take=100&skip=500&isOrderAscending=true,2026-09-07T16:20:59.140Z
2026-09-07,M,512,800830060,Eli Kaminski,USA,USA,2010,173,https://www.itftennis.com/tennis/api/PlayerRankApi/GetPlayerRankings?circuitCode=JT&playerTypeCode=B&ageCategoryCode=&juniorRankingType=itf&take=100&skip=500&isOrderAscending=true,2026-09-07T16:20:59.140Z
2026-09-07,M,513,800664223,Lucas Ariel Herrera Sanchez,GER,Germany,2011,172.75,https://www.itftennis.com/tennis/api/PlayerRankApi/GetPlayerRankings?circuitCode=JT&playerTypeCode=B&ageCategoryCode=&juniorRankingType=itf&take=100&skip=500&isOrderAscending=true,2026-09-07T16:20:59.140Z
2026-09-07,M,514,800708324,Yassin Abdelaziz,EGY,Egypt,2009,172.25,https://www.itftennis.com/tennis/api/PlayerRankApi/GetPlayerRankings?circuitCode=JT&playerTypeCode=B&ageCategoryCode=&juniorRankingType=itf&take=100&skip=500&isOrderAscending=true,2026-09-07T16:20:59.140Z
2026-09-07,M,515,800710920,Tomoki Fujiwara,JPN,Japan,2008,172,https://www.itftennis.com/tennis/api/PlayerRankApi/GetPlayerRankings?circuitCode=JT&playerTypeCode=B&ageCategoryCode=&juniorRankingType=itf&take=100&skip=500&isOrderAscending=true,2026-09-07T16:20:59.140Z
2026-09-07,M,516,800732776,Yacine Meghari,ALG,Algeria,2009,171.5,https://www.itftennis.com/tennis/api/PlayerRankApi/GetPlayerRankings?circuitCode=JT&playerTypeCode=B&ageCategoryCode=&juniorRankingType=itf&take=100&skip=500&isOrderAscending=true,2026-09-07T16:20:59.140Z
2026-09-07,M,517,800714127,Enoch Lin,CAN,Canada,2008,170.5,https://www.itftennis.com/tennis/api/PlayerRankApi/GetPlayerRankings?circuitCode=JT&playerTypeCode=B&ageCategoryCode=&juniorRankingType=itf&take=100&skip=500&isOrderAscending=true,2026-09-07T16:20:59.140Z
2026-09-07,M,518,800784748,Aaron-David Mefire Younzwe,CAN,Canada,2009,170.5,https://www.itftennis.com/tennis/api/PlayerRankApi/GetPlayerRankings?circuitCode=JT&playerTypeCode=B&ageCategoryCode=&juniorRankingType=itf&take=100&skip=500&isOrderAscending=true,2026-09-07T16:20:59.140Z
2026-09-07,M,519,800653870,Evan GIURESCU,FRA,France,2011,170.25,https://www.itftennis.com/tennis/api/PlayerRankApi/GetPlayerRankings?circuitCode=JT&playerTypeCode=B&ageCategoryCode=&juniorRankingType=itf&take=100&skip=500&isOrderAscending=true,2026-09-07T16:20:59.140Z
2026-09-07,M,520,800748774,Simon Hayal,USA,USA,2009,170.25,https://www.itftennis.com/tennis/api/PlayerRankApi/GetPlayerRankings?circuitCode=JT&playerTypeCode=B&ageCategoryCode=&juniorRankingType=itf&take=100&skip=500&isOrderAscending=true,2026-09-07T16:20:59.140Z
2026-09-07,M,521,800700675,Alejandro Hernandez Ramada,ESP,Spain,2009,170,https://www.itftennis.com/tennis/api/PlayerRankApi/GetPlayerRankings?circuitCode=JT&playerTypeCode=B&ageCategoryCode=&juniorRankingType=itf&take=100&skip=500&isOrderAscending=true,2026-09-07T16:20:59.140Z
2026-09-07,M,522,800756823,Zi Yi Ou,TPE,Chinese Taipei,2009,169.5,https://www.itftennis.com/tennis/api/PlayerRankApi/GetPlayerRankings?circuitCode=JT&playerTypeCode=B&ageCategoryCode=&juniorRankingType=itf&take=100&skip=500&isOrderAscending=true,2026-09-07T16:20:59.140Z
2026-09-07,M,523,800728578,Gabriel Jessup,USA,USA,2008,169.25,https://www.itftennis.com/tennis/api/PlayerRankApi/GetPlayerRankings?circuitCode=JT&playerTypeCode=B&ageCategoryCode=&juniorRankingType=itf&take=100&skip=500&isOrderAscending=true,2026-09-07T16:20:59.140Z
2026-09-07,M,524,800774005,Peter Nistad,USA,USA,2009,169,https://www.itftennis.com/tennis/api/PlayerRankApi/GetPlayerRankings?circuitCode=JT&playerTypeCode=B&ageCategoryCode=&juniorRankingType=itf&take=100&skip=500&isOrderAscending=true,2026-09-07T16:20:59.140Z
2026-09-07,M,525,800594600,Lenny Petit,MON,Monaco,2008,168.75,https://www.itftennis.com/tennis/api/PlayerRankApi/GetPlayerRankings?circuitCode=JT&playerTypeCode=B&ageCategoryCode=&juniorRankingType=itf&take=100&skip=500&isOrderAscending=true,2026-09-07T16:20:59.140Z
2026-09-07,M,526,800596350,Jure Siftar,SLO,Slovenia,2008,168.5,https://www.itftennis.com/tennis/api/PlayerRankApi/GetPlayerRankings?circuitCode=JT&playerTypeCode=B&ageCategoryCode=&juniorRankingType=itf&take=100&skip=500&isOrderAscending=true,2026-09-07T16:20:59.140Z
2026-09-07,M,527,800593318,Mattia Aiassa,SRB,Serbia,2008,168.25,https://www.itftennis.com/tennis/api/PlayerRankApi/GetPlayerRankings?circuitCode=JT&playerTypeCode=B&ageCategoryCode=&juniorRankingType=itf&take=100&skip=500&isOrderAscending=true,2026-09-07T16:20:59.140Z
2026-09-07,M,528,800683989,David Aguiar Johansson,ESP,Spain,2008,168.25,https://www.itftennis.com/tennis/api/PlayerRankApi/GetPlayerRankings?circuitCode=JT&playerTypeCode=B&ageCategoryCode=&juniorRankingType=itf&take=100&skip=500&isOrderAscending=true,2026-09-07T16:20:59.140Z
2026-09-07,M,529,800720051,ENRIQUE SANTIAGO CHORA BAYON,MEX,Mexico,2009,168.25,https://www.itftennis.com/tennis/api/PlayerRankApi/GetPlayerRankings?circuitCode=JT&playerTypeCode=B&ageCategoryCode=&juniorRankingType=itf&take=100&skip=500&isOrderAscending=true,2026-09-07T16:20:59.140Z
2026-09-07,M,530,800754775,TING-HO YANG,TPE,Chinese Taipei,2009,168,https://www.itftennis.com/tennis/api/PlayerRankApi/GetPlayerRankings?circuitCode=JT&playerTypeCode=B&ageCategoryCode=&juniorRankingType=itf&take=100&skip=500&isOrderAscending=true,2026-09-07T16:20:59.140Z
2026-09-07,M,531,800661204,Iakov Mazin,RUS,Russia,2011,168,https://www.itftennis.com/tennis/api/PlayerRankApi/GetPlayerRankings?circuitCode=JT&playerTypeCode=B&ageCategoryCode=&juniorRankingType=itf&take=100&skip=500&isOrderAscending=true,2026-09-07T16:20:59.140Z
2026-09-07,M,532,800725172,AbuBakar Talha,PAK,Pakistan,2010,168,https://www.itftennis.com/tennis/api/PlayerRankApi/GetPlayerRankings?circuitCode=JT&playerTypeCode=B&ageCategoryCode=&juniorRankingType=itf&take=100&skip=500&isOrderAscending=true,2026-09-07T16:20:59.140Z
2026-09-07,M,533,800663810,Aran Selvaraasan,GBR,Great Britain,2010,167.5,https://www.itftennis.com/tennis/api/PlayerRankApi/GetPlayerRankings?circuitCode=JT&playerTypeCode=B&ageCategoryCode=&juniorRankingType=itf&take=100&skip=500&isOrderAscending=true,2026-09-07T16:20:59.140Z
2026-09-07,M,534,800709432,Eduard Dragomir,ROU,Romania,2009,166.75,https://www.itftennis.com/tennis/api/PlayerRankApi/GetPlayerRankings?circuitCode=JT&playerTypeCode=B&ageCategoryCode=&juniorRankingType=itf&take=100&skip=500&isOrderAscending=true,2026-09-07T16:20:59.140Z
2026-09-07,M,535,800659883,Nicolas Dagda Mireles,MEX,Mexico,2008,166.5,https://www.itftennis.com/tennis/api/PlayerRankApi/GetPlayerRankings?circuitCode=JT&playerTypeCode=B&ageCategoryCode=&juniorRankingType=itf&take=100&skip=500&isOrderAscending=true,2026-09-07T16:20:59.140Z
2026-09-07,M,536,800750112,Cooper McCarthy,RSA,South Africa,2009,166.25,https://www.itftennis.com/tennis/api/PlayerRankApi/GetPlayerRankings?circuitCode=JT&playerTypeCode=B&ageCategoryCode=&juniorRankingType=itf&take=100&skip=500&isOrderAscending=true,2026-09-07T16:20:59.140Z
2026-09-07,M,537,800800673,Dylan Meineke,USA,USA,2010,166.25,https://www.itftennis.com/tennis/api/PlayerRankApi/GetPlayerRankings?circuitCode=JT&playerTypeCode=B&ageCategoryCode=&juniorRankingType=itf&take=100&skip=500&isOrderAscending=true,2026-09-07T16:20:59.140Z
2026-09-07,M,538,800603106,Charlie Bazil,SUI,Switzerland,2008,165,https://www.itftennis.com/tennis/api/PlayerRankApi/GetPlayerRankings?circuitCode=JT&playerTypeCode=B&ageCategoryCode=&juniorRankingType=itf&take=100&skip=500&isOrderAscending=true,2026-09-07T16:20:59.140Z
2026-09-07,M,539,800588272,Jesse Clarkson,GBR,Great Britain,2008,164.75,https://www.itftennis.com/tennis/api/PlayerRankApi/GetPlayerRankings?circuitCode=JT&playerTypeCode=B&ageCategoryCode=&juniorRankingType=itf&take=100&skip=500&isOrderAscending=true,2026-09-07T16:20:59.140Z
2026-09-07,M,540,800803100,Daniil Berezin,USA,USA,2010,164.75,https://www.itftennis.com/tennis/api/PlayerRankApi/GetPlayerRankings?circuitCode=JT&playerTypeCode=B&ageCategoryCode=&juniorRankingType=itf&take=100&skip=500&isOrderAscending=true,2026-09-07T16:20:59.140Z
2026-09-07,M,541,800697708,Simon Ignacio Flores Leyton,CHI,Chile,2009,164.25,https://www.itftennis.com/tennis/api/PlayerRankApi/GetPlayerRankings?circuitCode=JT&playerTypeCode=B&ageCategoryCode=&juniorRankingType=itf&take=100&skip=500&isOrderAscending=true,2026-09-07T16:20:59.140Z
2026-09-07,M,542,800734058,Brayden Woo,CAN,Canada,2009,163.5,https://www.itftennis.com/tennis/api/PlayerRankApi/GetPlayerRankings?circuitCode=JT&playerTypeCode=B&ageCategoryCode=&juniorRankingType=itf&take=100&skip=500&isOrderAscending=true,2026-09-07T16:20:59.140Z
2026-09-07,M,543,800743005,Flynn Coventry-Searle,AUS,Australia,2010,161.25,https://www.itftennis.com/tennis/api/PlayerRankApi/GetPlayerRankings?circuitCode=JT&playerTypeCode=B&ageCategoryCode=&juniorRankingType=itf&take=100&skip=500&isOrderAscending=true,2026-09-07T16:20:59.140Z
2026-09-07,M,544,800743522,Mathias Hamel-Van Dun,CAN,Canada,2008,161,https://www.itftennis.com/tennis/api/PlayerRankApi/GetPlayerRankings?circuitCode=JT&playerTypeCode=B&ageCategoryCode=&juniorRankingType=itf&take=100&skip=500&isOrderAscending=true,2026-09-07T16:20:59.140Z
2026-09-07,M,545,800725559,Pablo Rueda,ESP,Spain,2010,161,https://www.itftennis.com/tennis/api/PlayerRankApi/GetPlayerRankings?circuitCode=JT&playerTypeCode=B&ageCategoryCode=&juniorRankingType=itf&take=100&skip=500&isOrderAscending=true,2026-09-07T16:20:59.140Z
2026-09-07,M,546,800663475,Mario Vukovic,FRA,France,2011,160.75,https://www.itftennis.com/tennis/api/PlayerRankApi/GetPlayerRankings?circuitCode=JT&playerTypeCode=B&ageCategoryCode=&juniorRankingType=itf&take=100&skip=500&isOrderAscending=true,2026-09-07T16:20:59.140Z
2026-09-07,M,547,800674576,Rodion Traigel,KAZ,Kazakhstan,2010,160.5,https://www.itftennis.com/tennis/api/PlayerRankApi/GetPlayerRankings?circuitCode=JT&playerTypeCode=B&ageCategoryCode=&juniorRankingType=itf&take=100&skip=500&isOrderAscending=true,2026-09-07T16:20:59.140Z
2026-09-07,M,548,800758943,Daisuke Hashimoto,JPN,Japan,2010,160.25,https://www.itftennis.com/tennis/api/PlayerRankApi/GetPlayerRankings?circuitCode=JT&playerTypeCode=B&ageCategoryCode=&juniorRankingType=itf&take=100&skip=500&isOrderAscending=true,2026-09-07T16:20:59.140Z
2026-09-07,M,549,800707748,Dan Milburn,NZL,New Zealand,2008,160,https://www.itftennis.com/tennis/api/PlayerRankApi/GetPlayerRankings?circuitCode=JT&playerTypeCode=B&ageCategoryCode=&juniorRankingType=itf&take=100&skip=500&isOrderAscending=true,2026-09-07T16:20:59.140Z
2026-09-07,M,550,800780138,Hengzhi Cui,CHN,"China, P.R.",2010,159.25,https://www.itftennis.com/tennis/api/PlayerRankApi/GetPlayerRankings?circuitCode=JT&playerTypeCode=B&ageCategoryCode=&juniorRankingType=itf&take=100&skip=500&isOrderAscending=true,2026-09-07T16:20:59.140Z
2026-09-07,M,551,800602587,Jakub Cernovicky,CZE,Czechia,2008,158,https://www.itftennis.com/tennis/api/PlayerRankApi/GetPlayerRankings?circuitCode=JT&playerTypeCode=B&ageCategoryCode=&juniorRankingType=itf&take=100&skip=500&isOrderAscending=true,2026-09-07T16:20:59.140Z
2026-09-07,M,552,800629940,Nitzan Yossef Swisa,ISR,Israel,2009,157.75,https://www.itftennis.com/tennis/api/PlayerRankApi/GetPlayerRankings?circuitCode=JT&playerTypeCode=B&ageCategoryCode=&juniorRankingType=itf&take=100&skip=500&isOrderAscending=true,2026-09-07T16:20:59.140Z
2026-09-07,M,553,800625690,Ganuka Fernando,SRI,Sri Lanka,2008,157.75,https://www.itftennis.com/tennis/api/PlayerRankApi/GetPlayerRankings?circuitCode=JT&playerTypeCode=B&ageCategoryCode=&juniorRankingType=itf&take=100&skip=500&isOrderAscending=true,2026-09-07T16:20:59.140Z
2026-09-07,M,554,800585584,Sion Ji,KOR,"Korea, Rep.",2008,157.5,https://www.itftennis.com/tennis/api/PlayerRankApi/GetPlayerRankings?circuitCode=JT&playerTypeCode=B&ageCategoryCode=&juniorRankingType=itf&take=100&skip=500&isOrderAscending=true,2026-09-07T16:20:59.140Z
2026-09-07,M,555,800761640,Noa Milburn,NZL,New Zealand,2010,157.5,https://www.itftennis.com/tennis/api/PlayerRankApi/GetPlayerRankings?circuitCode=JT&playerTypeCode=B&ageCategoryCode=&juniorRankingType=itf&take=100&skip=500&isOrderAscending=true,2026-09-07T16:20:59.140Z
2026-09-07,M,556,800752045,Lucas Han,AUS,Australia,2010,157.25,https://www.itftennis.com/tennis/api/PlayerRankApi/GetPlayerRankings?circuitCode=JT&playerTypeCode=B&ageCategoryCode=&juniorRankingType=itf&take=100&skip=500&isOrderAscending=true,2026-09-07T16:20:59.140Z
2026-09-07,M,557,800587629,Alex Bergomi,SUI,Switzerland,2008,157,https://www.itftennis.com/tennis/api/PlayerRankApi/GetPlayerRankings?circuitCode=JT&playerTypeCode=B&ageCategoryCode=&juniorRankingType=itf&take=100&skip=500&isOrderAscending=true,2026-09-07T16:20:59.140Z
2026-09-07,M,558,800666190,Lyul Kim,KOR,"Korea, Rep.",2008,156.75,https://www.itftennis.com/tennis/api/PlayerRankApi/GetPlayerRankings?circuitCode=JT&playerTypeCode=B&ageCategoryCode=&juniorRankingType=itf&take=100&skip=500&isOrderAscending=true,2026-09-07T16:20:59.140Z
2026-09-07,M,559,800734188,Indra Vergne,USA,USA,2011,156.75,https://www.itftennis.com/tennis/api/PlayerRankApi/GetPlayerRankings?circuitCode=JT&playerTypeCode=B&ageCategoryCode=&juniorRankingType=itf&take=100&skip=500&isOrderAscending=true,2026-09-07T16:20:59.140Z
2026-09-07,M,560,800711481,joaquin gaitan,ARG,Argentina,2009,156.75,https://www.itftennis.com/tennis/api/PlayerRankApi/GetPlayerRankings?circuitCode=JT&playerTypeCode=B&ageCategoryCode=&juniorRankingType=itf&take=100&skip=500&isOrderAscending=true,2026-09-07T16:20:59.140Z
2026-09-07,M,561,800820294,Yu ting WU,CHN,"China, P.R.",2011,156.5,https://www.itftennis.com/tennis/api/PlayerRankApi/GetPlayerRankings?circuitCode=JT&playerTypeCode=B&ageCategoryCode=&juniorRankingType=itf&take=100&skip=500&isOrderAscending=true,2026-09-07T16:20:59.140Z
2026-09-07,M,562,800733407,Jinghan Li,CHN,"China, P.R.",2009,156.5,https://www.itftennis.com/tennis/api/PlayerRankApi/GetPlayerRankings?circuitCode=JT&playerTypeCode=B&ageCategoryCode=&juniorRankingType=itf&take=100&skip=500&isOrderAscending=true,2026-09-07T16:20:59.140Z
2026-09-07,M,563,800707562,Chase Bowden,USA,USA,2009,156,https://www.itftennis.com/tennis/api/PlayerRankApi/GetPlayerRankings?circuitCode=JT&playerTypeCode=B&ageCategoryCode=&juniorRankingType=itf&take=100&skip=500&isOrderAscending=true,2026-09-07T16:20:59.140Z
2026-09-07,M,564,800708776,ADITYA MOR,IND,India,2008,155.75,https://www.itftennis.com/tennis/api/PlayerRankApi/GetPlayerRankings?circuitCode=JT&playerTypeCode=B&ageCategoryCode=&juniorRankingType=itf&take=100&skip=500&isOrderAscending=true,2026-09-07T16:20:59.140Z
2026-09-07,M,565,800705298,Alejandro Pena,COL,Colombia,2008,155.5,https://www.itftennis.com/tennis/api/PlayerRankApi/GetPlayerRankings?circuitCode=JT&playerTypeCode=B&ageCategoryCode=&juniorRankingType=itf&take=100&skip=500&isOrderAscending=true,2026-09-07T16:20:59.140Z
2026-09-07,M,566,800673007,Riccardo Pretolani,ITA,Italy,2010,155.25,https://www.itftennis.com/tennis/api/PlayerRankApi/GetPlayerRankings?circuitCode=JT&playerTypeCode=B&ageCategoryCode=&juniorRankingType=itf&take=100&skip=500&isOrderAscending=true,2026-09-07T16:20:59.140Z
2026-09-07,M,567,800598999,Max Geissinger,GER,Germany,2008,155,https://www.itftennis.com/tennis/api/PlayerRankApi/GetPlayerRankings?circuitCode=JT&playerTypeCode=B&ageCategoryCode=&juniorRankingType=itf&take=100&skip=500&isOrderAscending=true,2026-09-07T16:20:59.140Z
2026-09-07,M,568,800649374,Martin Bonev,BUL,Bulgaria,2009,154.5,https://www.itftennis.com/tennis/api/PlayerRankApi/GetPlayerRankings?circuitCode=JT&playerTypeCode=B&ageCategoryCode=&juniorRankingType=itf&take=100&skip=500&isOrderAscending=true,2026-09-07T16:20:59.140Z
2026-09-07,M,569,800747931,Jiacheng Li,CHN,"China, P.R.",2009,154,https://www.itftennis.com/tennis/api/PlayerRankApi/GetPlayerRankings?circuitCode=JT&playerTypeCode=B&ageCategoryCode=&juniorRankingType=itf&take=100&skip=500&isOrderAscending=true,2026-09-07T16:20:59.140Z
2026-09-07,M,570,800811763,Ribhav Saroha,IND,India,2010,154,https://www.itftennis.com/tennis/api/PlayerRankApi/GetPlayerRankings?circuitCode=JT&playerTypeCode=B&ageCategoryCode=&juniorRankingType=itf&take=100&skip=500&isOrderAscending=true,2026-09-07T16:20:59.140Z
2026-09-07,M,571,800666225,Haqim Kamal,GBR,Great Britain,2011,153.5,https://www.itftennis.com/tennis/api/PlayerRankApi/GetPlayerRankings?circuitCode=JT&playerTypeCode=B&ageCategoryCode=&juniorRankingType=itf&take=100&skip=500&isOrderAscending=true,2026-09-07T16:20:59.140Z
2026-09-07,M,572,800673676,Rayen Zerai,CZE,Czechia,2008,153.25,https://www.itftennis.com/tennis/api/PlayerRankApi/GetPlayerRankings?circuitCode=JT&playerTypeCode=B&ageCategoryCode=&juniorRankingType=itf&take=100&skip=500&isOrderAscending=true,2026-09-07T16:20:59.140Z
2026-09-07,M,573,800670772,Michele Maniglia,ITA,Italy,2009,153,https://www.itftennis.com/tennis/api/PlayerRankApi/GetPlayerRankings?circuitCode=JT&playerTypeCode=B&ageCategoryCode=&juniorRankingType=itf&take=100&skip=500&isOrderAscending=true,2026-09-07T16:20:59.140Z
2026-09-07,M,574,800759865,Fernando Cafure,BRA,Brazil,2008,152.75,https://www.itftennis.com/tennis/api/PlayerRankApi/GetPlayerRankings?circuitCode=JT&playerTypeCode=B&ageCategoryCode=&juniorRankingType=itf&take=100&skip=500&isOrderAscending=true,2026-09-07T16:20:59.140Z
2026-09-07,M,575,800706159,Om Patel,IND,India,2009,152.75,https://www.itftennis.com/tennis/api/PlayerRankApi/GetPlayerRankings?circuitCode=JT&playerTypeCode=B&ageCategoryCode=&juniorRankingType=itf&take=100&skip=500&isOrderAscending=true,2026-09-07T16:20:59.140Z
2026-09-07,M,576,800718292,Mateus kREBS,BRA,Brazil,2008,152,https://www.itftennis.com/tennis/api/PlayerRankApi/GetPlayerRankings?circuitCode=JT&playerTypeCode=B&ageCategoryCode=&juniorRankingType=itf&take=100&skip=500&isOrderAscending=true,2026-09-07T16:20:59.140Z
2026-09-07,M,577,800709862,Dharma Pantaratorn,THA,Thailand,2010,151,https://www.itftennis.com/tennis/api/PlayerRankApi/GetPlayerRankings?circuitCode=JT&playerTypeCode=B&ageCategoryCode=&juniorRankingType=itf&take=100&skip=500&isOrderAscending=true,2026-09-07T16:20:59.140Z
2026-09-07,M,578,800672947,Marin Abadzhiev,BUL,Bulgaria,2009,151,https://www.itftennis.com/tennis/api/PlayerRankApi/GetPlayerRankings?circuitCode=JT&playerTypeCode=B&ageCategoryCode=&juniorRankingType=itf&take=100&skip=500&isOrderAscending=true,2026-09-07T16:20:59.140Z
2026-09-07,M,579,800668342,YASSINE KHELIF,TUN,Tunisia,2008,150,https://www.itftennis.com/tennis/api/PlayerRankApi/GetPlayerRankings?circuitCode=JT&playerTypeCode=B&ageCategoryCode=&juniorRankingType=itf&take=100&skip=500&isOrderAscending=true,2026-09-07T16:20:59.140Z
2026-09-07,M,580,800620949,Lazar Mladenovic,SUI,Switzerland,2009,150,https://www.itftennis.com/tennis/api/PlayerRankApi/GetPlayerRankings?circuitCode=JT&playerTypeCode=B&ageCategoryCode=&juniorRankingType=itf&take=100&skip=500&isOrderAscending=true,2026-09-07T16:20:59.140Z
2026-09-07,M,581,800752669,Platon Tsarenko,UKR,Ukraine,2008,149.75,https://www.itftennis.com/tennis/api/PlayerRankApi/GetPlayerRankings?circuitCode=JT&playerTypeCode=B&ageCategoryCode=&juniorRankingType=itf&take=100&skip=500&isOrderAscending=true,2026-09-07T16:20:59.140Z
2026-09-07,M,582,800714656,Thomas Coppi,FRA,France,2008,149.75,https://www.itftennis.com/tennis/api/PlayerRankApi/GetPlayerRankings?circuitCode=JT&playerTypeCode=B&ageCategoryCode=&juniorRankingType=itf&take=100&skip=500&isOrderAscending=true,2026-09-07T16:20:59.140Z
2026-09-07,M,583,800693132,Aziz Missaoui,TUN,Tunisia,2008,149.75,https://www.itftennis.com/tennis/api/PlayerRankApi/GetPlayerRankings?circuitCode=JT&playerTypeCode=B&ageCategoryCode=&juniorRankingType=itf&take=100&skip=500&isOrderAscending=true,2026-09-07T16:20:59.140Z
2026-09-07,M,584,800695732,Guilherme Castanho do Val,BRA,Brazil,2009,148.75,https://www.itftennis.com/tennis/api/PlayerRankApi/GetPlayerRankings?circuitCode=JT&playerTypeCode=B&ageCategoryCode=&juniorRankingType=itf&take=100&skip=500&isOrderAscending=true,2026-09-07T16:20:59.140Z
2026-09-07,M,585,800597371,Aleksandar Tolev,BUL,Bulgaria,2009,148.5,https://www.itftennis.com/tennis/api/PlayerRankApi/GetPlayerRankings?circuitCode=JT&playerTypeCode=B&ageCategoryCode=&juniorRankingType=itf&take=100&skip=500&isOrderAscending=true,2026-09-07T16:20:59.140Z
2026-09-07,M,586,800723515,Nicolas Bellas,ESP,Spain,2008,148,https://www.itftennis.com/tennis/api/PlayerRankApi/GetPlayerRankings?circuitCode=JT&playerTypeCode=B&ageCategoryCode=&juniorRankingType=itf&take=100&skip=500&isOrderAscending=true,2026-09-07T16:20:59.141Z
2026-09-07,M,587,800670415,Andriy Maksymenko,UKR,Ukraine,2009,147.75,https://www.itftennis.com/tennis/api/PlayerRankApi/GetPlayerRankings?circuitCode=JT&playerTypeCode=B&ageCategoryCode=&juniorRankingType=itf&take=100&skip=500&isOrderAscending=true,2026-09-07T16:20:59.141Z
2026-09-07,M,588,800591179,Daniel Bernovskyi,UKR,Ukraine,2008,147.5,https://www.itftennis.com/tennis/api/PlayerRankApi/GetPlayerRankings?circuitCode=JT&playerTypeCode=B&ageCategoryCode=&juniorRankingType=itf&take=100&skip=500&isOrderAscending=true,2026-09-07T16:20:59.141Z
2026-09-07,M,589,800711074,Yuto Hisano,JPN,Japan,2011,147.5,https://www.itftennis.com/tennis/api/PlayerRankApi/GetPlayerRankings?circuitCode=JT&playerTypeCode=B&ageCategoryCode=&juniorRankingType=itf&take=100&skip=500&isOrderAscending=true,2026-09-07T16:20:59.141Z
2026-09-07,M,590,800739119,Zichen Shao,CHN,"China, P.R.",2008,147.25,https://www.itftennis.com/tennis/api/PlayerRankApi/GetPlayerRankings?circuitCode=JT&playerTypeCode=B&ageCategoryCode=&juniorRankingType=itf&take=100&skip=500&isOrderAscending=true,2026-09-07T16:20:59.141Z
2026-09-07,M,591,800638904,Marko Savija,SRB,Serbia,2008,147.25,https://www.itftennis.com/tennis/api/PlayerRankApi/GetPlayerRankings?circuitCode=JT&playerTypeCode=B&ageCategoryCode=&juniorRankingType=itf&take=100&skip=500&isOrderAscending=true,2026-09-07T16:20:59.141Z
2026-09-07,M,592,800651342,Kasra Nathaniel Shirazi,GBR,Great Britain,2009,147,https://www.itftennis.com/tennis/api/PlayerRankApi/GetPlayerRankings?circuitCode=JT&playerTypeCode=B&ageCategoryCode=&juniorRankingType=itf&take=100&skip=500&isOrderAscending=true,2026-09-07T16:20:59.141Z
2026-09-07,M,593,800626846,LORENZO ELIA,ITA,Italy,2008,146,https://www.itftennis.com/tennis/api/PlayerRankApi/GetPlayerRankings?circuitCode=JT&playerTypeCode=B&ageCategoryCode=&juniorRankingType=itf&take=100&skip=500&isOrderAscending=true,2026-09-07T16:20:59.141Z
2026-09-07,M,594,800584996,Dylan Bairo,SVK,Slovakia,2008,146,https://www.itftennis.com/tennis/api/PlayerRankApi/GetPlayerRankings?circuitCode=JT&playerTypeCode=B&ageCategoryCode=&juniorRankingType=itf&take=100&skip=500&isOrderAscending=true,2026-09-07T16:20:59.141Z
2026-09-07,M,595,800681748,Diego Valpereiro,BRA,Brazil,2009,145.75,https://www.itftennis.com/tennis/api/PlayerRankApi/GetPlayerRankings?circuitCode=JT&playerTypeCode=B&ageCategoryCode=&juniorRankingType=itf&take=100&skip=500&isOrderAscending=true,2026-09-07T16:20:59.141Z
2026-09-07,M,596,800631055,Eric Ten,SWE,Sweden,2010,145.5,https://www.itftennis.com/tennis/api/PlayerRankApi/GetPlayerRankings?circuitCode=JT&playerTypeCode=B&ageCategoryCode=&juniorRankingType=itf&take=100&skip=500&isOrderAscending=true,2026-09-07T16:20:59.141Z
2026-09-07,M,597,800654511,Nikita Davidovsky,BLR,Belarus,2010,145.5,https://www.itftennis.com/tennis/api/PlayerRankApi/GetPlayerRankings?circuitCode=JT&playerTypeCode=B&ageCategoryCode=&juniorRankingType=itf&take=100&skip=500&isOrderAscending=true,2026-09-07T16:20:59.141Z
2026-09-07,M,598,800635982,Nicolas Pfaefflin,GER,Germany,2009,145,https://www.itftennis.com/tennis/api/PlayerRankApi/GetPlayerRankings?circuitCode=JT&playerTypeCode=B&ageCategoryCode=&juniorRankingType=itf&take=100&skip=500&isOrderAscending=true,2026-09-07T16:20:59.141Z
2026-09-07,M,599,800681738,Yassin Sherif,EGY,Egypt,2008,144.75,https://www.itftennis.com/tennis/api/PlayerRankApi/GetPlayerRankings?circuitCode=JT&playerTypeCode=B&ageCategoryCode=&juniorRankingType=itf&take=100&skip=500&isOrderAscending=true,2026-09-07T16:20:59.141Z
2026-09-07,M,600,800645448,Hamza Roman,PAK,Pakistan,2009,144.75,https://www.itftennis.com/tennis/api/PlayerRankApi/GetPlayerRankings?circuitCode=JT&playerTypeCode=B&ageCategoryCode=&juniorRankingType=itf&take=100&skip=500&isOrderAscending=true,2026-09-07T16:20:59.141Z
2026-09-07,M,601,800753060,Matias Quintero Tobon,COL,Colombia,2009,144.5,https://www.itftennis.com/tennis/api/PlayerRankApi/GetPlayerRankings?circuitCode=JT&playerTypeCode=B&ageCategoryCode=&juniorRankingType=itf&take=100&skip=600&isOrderAscending=true,2026-09-07T16:20:59.935Z
2026-09-07,M,602,800662153,Ivan van Ruiten,NED,Netherlands,2010,144.5,https://www.itftennis.com/tennis/api/PlayerRankApi/GetPlayerRankings?circuitCode=JT&playerTypeCode=B&ageCategoryCode=&juniorRankingType=itf&take=100&skip=600&isOrderAscending=true,2026-09-07T16:20:59.935Z
2026-09-07,M,603,800579616,Olav Berg,NOR,Norway,2008,144,https://www.itftennis.com/tennis/api/PlayerRankApi/GetPlayerRankings?circuitCode=JT&playerTypeCode=B&ageCategoryCode=&juniorRankingType=itf&take=100&skip=600&isOrderAscending=true,2026-09-07T16:20:59.935Z
2026-09-07,M,604,800766374,Andres Guerra Dabaghi,MEX,Mexico,2010,143.5,https://www.itftennis.com/tennis/api/PlayerRankApi/GetPlayerRankings?circuitCode=JT&playerTypeCode=B&ageCategoryCode=&juniorRankingType=itf&take=100&skip=600&isOrderAscending=true,2026-09-07T16:20:59.935Z
2026-09-07,M,605,800598995,Alan Zinatulin,UZB,Uzbekistan,2009,143,https://www.itftennis.com/tennis/api/PlayerRankApi/GetPlayerRankings?circuitCode=JT&playerTypeCode=B&ageCategoryCode=&juniorRankingType=itf&take=100&skip=600&isOrderAscending=true,2026-09-07T16:20:59.935Z
2026-09-07,M,606,800700226,Faustino Boffelli,ARG,Argentina,2008,142.5,https://www.itftennis.com/tennis/api/PlayerRankApi/GetPlayerRankings?circuitCode=JT&playerTypeCode=B&ageCategoryCode=&juniorRankingType=itf&take=100&skip=600&isOrderAscending=true,2026-09-07T16:20:59.935Z
2026-09-07,M,607,800675149,Jakob Joggerst,GER,Germany,2009,142.5,https://www.itftennis.com/tennis/api/PlayerRankApi/GetPlayerRankings?circuitCode=JT&playerTypeCode=B&ageCategoryCode=&juniorRankingType=itf&take=100&skip=600&isOrderAscending=true,2026-09-07T16:20:59.935Z
2026-09-07,M,608,800661176,Colin LANDRY,SUI,Switzerland,2010,142.25,https://www.itftennis.com/tennis/api/PlayerRankApi/GetPlayerRankings?circuitCode=JT&playerTypeCode=B&ageCategoryCode=&juniorRankingType=itf&take=100&skip=600&isOrderAscending=true,2026-09-07T16:20:59.935Z
2026-09-07,M,609,800714095,Angel Maffezzoli,ARG,Argentina,2008,141.75,https://www.itftennis.com/tennis/api/PlayerRankApi/GetPlayerRankings?circuitCode=JT&playerTypeCode=B&ageCategoryCode=&juniorRankingType=itf&take=100&skip=600&isOrderAscending=true,2026-09-07T16:20:59.935Z
2026-09-07,M,610,800715164,IAN BARROETA,ESP,Spain,2010,141.5,https://www.itftennis.com/tennis/api/PlayerRankApi/GetPlayerRankings?circuitCode=JT&playerTypeCode=B&ageCategoryCode=&juniorRankingType=itf&take=100&skip=600&isOrderAscending=true,2026-09-07T16:20:59.935Z
2026-09-07,M,611,800716657,Xavier Tonioni,ITA,Italy,2009,141.5,https://www.itftennis.com/tennis/api/PlayerRankApi/GetPlayerRankings?circuitCode=JT&playerTypeCode=B&ageCategoryCode=&juniorRankingType=itf&take=100&skip=600&isOrderAscending=true,2026-09-07T16:20:59.935Z
2026-09-07,M,612,800679799,VALENTIN LATRUBESSE,FRA,France,2010,141.5,https://www.itftennis.com/tennis/api/PlayerRankApi/GetPlayerRankings?circuitCode=JT&playerTypeCode=B&ageCategoryCode=&juniorRankingType=itf&take=100&skip=600&isOrderAscending=true,2026-09-07T16:20:59.935Z
2026-09-07,M,613,800652309,Nicolas Eduardo Barros Corredor,COL,Colombia,2008,141.25,https://www.itftennis.com/tennis/api/PlayerRankApi/GetPlayerRankings?circuitCode=JT&playerTypeCode=B&ageCategoryCode=&juniorRankingType=itf&take=100&skip=600&isOrderAscending=true,2026-09-07T16:20:59.935Z
2026-09-07,M,614,800668678,Zeno Roveri,ITA,Italy,2010,141,https://www.itftennis.com/tennis/api/PlayerRankApi/GetPlayerRankings?circuitCode=JT&playerTypeCode=B&ageCategoryCode=&juniorRankingType=itf&take=100&skip=600&isOrderAscending=true,2026-09-07T16:20:59.935Z
2026-09-07,M,615,800745866,Kodai ABE,JPN,Japan,2010,140.25,https://www.itftennis.com/tennis/api/PlayerRankApi/GetPlayerRankings?circuitCode=JT&playerTypeCode=B&ageCategoryCode=&juniorRankingType=itf&take=100&skip=600&isOrderAscending=true,2026-09-07T16:20:59.935Z
2026-09-07,M,616,800691038,Max Lorincik,SVK,Slovakia,2011,140,https://www.itftennis.com/tennis/api/PlayerRankApi/GetPlayerRankings?circuitCode=JT&playerTypeCode=B&ageCategoryCode=&juniorRankingType=itf&take=100&skip=600&isOrderAscending=true,2026-09-07T16:20:59.935Z
2026-09-07,M,617,800680089,Yashwin Dahiya,IND,India,2010,140,https://www.itftennis.com/tennis/api/PlayerRankApi/GetPlayerRankings?circuitCode=JT&playerTypeCode=B&ageCategoryCode=&juniorRankingType=itf&take=100&skip=600&isOrderAscending=true,2026-09-07T16:20:59.935Z
2026-09-07,M,618,800665768,Kaius Ketola,FIN,Finland,2010,140,https://www.itftennis.com/tennis/api/PlayerRankApi/GetPlayerRankings?circuitCode=JT&playerTypeCode=B&ageCategoryCode=&juniorRankingType=itf&take=100&skip=600&isOrderAscending=true,2026-09-07T16:20:59.935Z
2026-09-07,M,619,800677846,Filipe Bullamah,BRA,Brazil,2008,139.75,https://www.itftennis.com/tennis/api/PlayerRankApi/GetPlayerRankings?circuitCode=JT&playerTypeCode=B&ageCategoryCode=&juniorRankingType=itf&take=100&skip=600&isOrderAscending=true,2026-09-07T16:20:59.935Z
2026-09-07,M,620,800795682,Griffin Goode,USA,USA,2010,139.75,https://www.itftennis.com/tennis/api/PlayerRankApi/GetPlayerRankings?circuitCode=JT&playerTypeCode=B&ageCategoryCode=&juniorRankingType=itf&take=100&skip=600&isOrderAscending=true,2026-09-07T16:20:59.935Z
2026-09-07,M,621,800673070,Martino Guy Scotuzzi,ITA,Italy,2009,139,https://www.itftennis.com/tennis/api/PlayerRankApi/GetPlayerRankings?circuitCode=JT&playerTypeCode=B&ageCategoryCode=&juniorRankingType=itf&take=100&skip=600&isOrderAscending=true,2026-09-07T16:20:59.935Z
2026-09-07,M,622,800624729,Airik Abedinzadeh,IRI,Iran,2009,138.75,https://www.itftennis.com/tennis/api/PlayerRankApi/GetPlayerRankings?circuitCode=JT&playerTypeCode=B&ageCategoryCode=&juniorRankingType=itf&take=100&skip=600&isOrderAscending=true,2026-09-07T16:20:59.935Z
2026-09-07,M,623,800543490,Timur Saulenko,KAZ,Kazakhstan,2008,138.5,https://www.itftennis.com/tennis/api/PlayerRankApi/GetPlayerRankings?circuitCode=JT&playerTypeCode=B&ageCategoryCode=&juniorRankingType=itf&take=100&skip=600&isOrderAscending=true,2026-09-07T16:20:59.935Z
2026-09-07,M,624,800638992,Randy Manoela Rakotonavahy,CAN,Canada,2008,138,https://www.itftennis.com/tennis/api/PlayerRankApi/GetPlayerRankings?circuitCode=JT&playerTypeCode=B&ageCategoryCode=&juniorRankingType=itf&take=100&skip=600&isOrderAscending=true,2026-09-07T16:20:59.935Z
2026-09-07,M,625,800631686,andrea petrini,ITA,Italy,2009,138,https://www.itftennis.com/tennis/api/PlayerRankApi/GetPlayerRankings?circuitCode=JT&playerTypeCode=B&ageCategoryCode=&juniorRankingType=itf&take=100&skip=600&isOrderAscending=true,2026-09-07T16:20:59.935Z
2026-09-07,M,626,800664343,Niall Pickerd-Barua,GBR,Great Britain,2010,138,https://www.itftennis.com/tennis/api/PlayerRankApi/GetPlayerRankings?circuitCode=JT&playerTypeCode=B&ageCategoryCode=&juniorRankingType=itf&take=100&skip=600&isOrderAscending=true,2026-09-07T16:20:59.935Z
2026-09-07,M,627,800790783,David Beckles,USA,USA,2009,137.75,https://www.itftennis.com/tennis/api/PlayerRankApi/GetPlayerRankings?circuitCode=JT&playerTypeCode=B&ageCategoryCode=&juniorRankingType=itf&take=100&skip=600&isOrderAscending=true,2026-09-07T16:20:59.935Z
2026-09-07,M,628,800678358,JAVIER BALLESTER GALARZA,ESP,Spain,2010,137.5,https://www.itftennis.com/tennis/api/PlayerRankApi/GetPlayerRankings?circuitCode=JT&playerTypeCode=B&ageCategoryCode=&juniorRankingType=itf&take=100&skip=600&isOrderAscending=true,2026-09-07T16:20:59.935Z
2026-09-07,M,629,800676942,Tomas Wirgler,CZE,Czechia,2009,137.5,https://www.itftennis.com/tennis/api/PlayerRankApi/GetPlayerRankings?circuitCode=JT&playerTypeCode=B&ageCategoryCode=&juniorRankingType=itf&take=100&skip=600&isOrderAscending=true,2026-09-07T16:20:59.935Z
2026-09-07,M,630,800773934,Leonardo Calles Salinas,MEX,Mexico,2010,137.25,https://www.itftennis.com/tennis/api/PlayerRankApi/GetPlayerRankings?circuitCode=JT&playerTypeCode=B&ageCategoryCode=&juniorRankingType=itf&take=100&skip=600&isOrderAscending=true,2026-09-07T16:20:59.935Z
2026-09-07,M,631,800784563,Jinhong Yang,CHN,"China, P.R.",2010,137,https://www.itftennis.com/tennis/api/PlayerRankApi/GetPlayerRankings?circuitCode=JT&playerTypeCode=B&ageCategoryCode=&juniorRankingType=itf&take=100&skip=600&isOrderAscending=true,2026-09-07T16:20:59.935Z
2026-09-07,M,632,800675345,Aljaz Stor,SLO,Slovenia,2009,137,https://www.itftennis.com/tennis/api/PlayerRankApi/GetPlayerRankings?circuitCode=JT&playerTypeCode=B&ageCategoryCode=&juniorRankingType=itf&take=100&skip=600&isOrderAscending=true,2026-09-07T16:20:59.935Z
2026-09-07,M,633,800705099,Selwyn Tsz Yuen Wong,HKG,"Hong Kong, China",2009,137,https://www.itftennis.com/tennis/api/PlayerRankApi/GetPlayerRankings?circuitCode=JT&playerTypeCode=B&ageCategoryCode=&juniorRankingType=itf&take=100&skip=600&isOrderAscending=true,2026-09-07T16:20:59.935Z
2026-09-07,M,634,800693874,Jerry Han,CAN,Canada,2008,136.5,https://www.itftennis.com/tennis/api/PlayerRankApi/GetPlayerRankings?circuitCode=JT&playerTypeCode=B&ageCategoryCode=&juniorRankingType=itf&take=100&skip=600&isOrderAscending=true,2026-09-07T16:20:59.935Z
2026-09-07,M,635,800716469,Isaac Guerrero Hernandez,DOM,Dominican Republic,2009,136.25,https://www.itftennis.com/tennis/api/PlayerRankApi/GetPlayerRankings?circuitCode=JT&playerTypeCode=B&ageCategoryCode=&juniorRankingType=itf&take=100&skip=600&isOrderAscending=true,2026-09-07T16:20:59.935Z
2026-09-07,M,636,800686666,Philip Smirnov,RUS,Russia,2011,136.25,https://www.itftennis.com/tennis/api/PlayerRankApi/GetPlayerRankings?circuitCode=JT&playerTypeCode=B&ageCategoryCode=&juniorRankingType=itf&take=100&skip=600&isOrderAscending=true,2026-09-07T16:20:59.935Z
2026-09-07,M,637,800684389,JOAO GABRIEL Galhardo de Carvalho,BRA,Brazil,2008,136,https://www.itftennis.com/tennis/api/PlayerRankApi/GetPlayerRankings?circuitCode=JT&playerTypeCode=B&ageCategoryCode=&juniorRankingType=itf&take=100&skip=600&isOrderAscending=true,2026-09-07T16:20:59.935Z
2026-09-07,M,638,800572939,Georgio Bidan,LBN,Lebanon,2008,135,https://www.itftennis.com/tennis/api/PlayerRankApi/GetPlayerRankings?circuitCode=JT&playerTypeCode=B&ageCategoryCode=&juniorRankingType=itf&take=100&skip=600&isOrderAscending=true,2026-09-07T16:20:59.935Z
2026-09-07,M,639,800635975,Robert Dolya,SGP,Singapore,2009,134.5,https://www.itftennis.com/tennis/api/PlayerRankApi/GetPlayerRankings?circuitCode=JT&playerTypeCode=B&ageCategoryCode=&juniorRankingType=itf&take=100&skip=600&isOrderAscending=true,2026-09-07T16:20:59.935Z
2026-09-07,M,640,800636140,Mihailo Topic,SRB,Serbia,2009,134.25,https://www.itftennis.com/tennis/api/PlayerRankApi/GetPlayerRankings?circuitCode=JT&playerTypeCode=B&ageCategoryCode=&juniorRankingType=itf&take=100&skip=600&isOrderAscending=true,2026-09-07T16:20:59.935Z
2026-09-07,M,641,800559153,Damir Duisengazin,KAZ,Kazakhstan,2008,133.75,https://www.itftennis.com/tennis/api/PlayerRankApi/GetPlayerRankings?circuitCode=JT&playerTypeCode=B&ageCategoryCode=&juniorRankingType=itf&take=100&skip=600&isOrderAscending=true,2026-09-07T16:20:59.935Z
2026-09-07,M,642,800664701,Rene Bertos,CRO,Croatia,2010,133.75,https://www.itftennis.com/tennis/api/PlayerRankApi/GetPlayerRankings?circuitCode=JT&playerTypeCode=B&ageCategoryCode=&juniorRankingType=itf&take=100&skip=600&isOrderAscending=true,2026-09-07T16:20:59.935Z
2026-09-07,M,643,800775550,Erikas Maskolaitis,LTU,Lithuania,2010,133.5,https://www.itftennis.com/tennis/api/PlayerRankApi/GetPlayerRankings?circuitCode=JT&playerTypeCode=B&ageCategoryCode=&juniorRankingType=itf&take=100&skip=600&isOrderAscending=true,2026-09-07T16:20:59.935Z
2026-09-07,M,644,800598581,Gyeom Do,KOR,"Korea, Rep.",2008,133,https://www.itftennis.com/tennis/api/PlayerRankApi/GetPlayerRankings?circuitCode=JT&playerTypeCode=B&ageCategoryCode=&juniorRankingType=itf&take=100&skip=600&isOrderAscending=true,2026-09-07T16:20:59.935Z
2026-09-07,M,645,800678872,Carlos Marcelo Silva Sovero,CHI,Chile,2009,132.75,https://www.itftennis.com/tennis/api/PlayerRankApi/GetPlayerRankings?circuitCode=JT&playerTypeCode=B&ageCategoryCode=&juniorRankingType=itf&take=100&skip=600&isOrderAscending=true,2026-09-07T16:20:59.935Z
2026-09-07,M,646,800665720,Mao Tazuru,JPN,Japan,2009,132.5,https://www.itftennis.com/tennis/api/PlayerRankApi/GetPlayerRankings?circuitCode=JT&playerTypeCode=B&ageCategoryCode=&juniorRankingType=itf&take=100&skip=600&isOrderAscending=true,2026-09-07T16:20:59.935Z
2026-09-07,M,647,800735177,Juan Manuel Ascencion,MEX,Mexico,2009,132.5,https://www.itftennis.com/tennis/api/PlayerRankApi/GetPlayerRankings?circuitCode=JT&playerTypeCode=B&ageCategoryCode=&juniorRankingType=itf&take=100&skip=600&isOrderAscending=true,2026-09-07T16:20:59.935Z
2026-09-07,M,648,800654594,Samuel Sykora,SVK,Slovakia,2009,132.25,https://www.itftennis.com/tennis/api/PlayerRankApi/GetPlayerRankings?circuitCode=JT&playerTypeCode=B&ageCategoryCode=&juniorRankingType=itf&take=100&skip=600&isOrderAscending=true,2026-09-07T16:20:59.935Z
2026-09-07,M,649,800703537,Kye McDadi,CAN,Canada,2009,132,https://www.itftennis.com/tennis/api/PlayerRankApi/GetPlayerRankings?circuitCode=JT&playerTypeCode=B&ageCategoryCode=&juniorRankingType=itf&take=100&skip=600&isOrderAscending=true,2026-09-07T16:20:59.935Z
2026-09-07,M,650,800773075,ZIAO QIAN,CHN,"China, P.R.",2009,132,https://www.itftennis.com/tennis/api/PlayerRankApi/GetPlayerRankings?circuitCode=JT&playerTypeCode=B&ageCategoryCode=&juniorRankingType=itf&take=100&skip=600&isOrderAscending=true,2026-09-07T16:20:59.935Z
2026-09-07,M,651,800647836,Emiliano Bratomi,ITA,Italy,2009,131.75,https://www.itftennis.com/tennis/api/PlayerRankApi/GetPlayerRankings?circuitCode=JT&playerTypeCode=B&ageCategoryCode=&juniorRankingType=itf&take=100&skip=600&isOrderAscending=true,2026-09-07T16:20:59.935Z
2026-09-07,M,652,800646509,Ollie Knight,GBR,Great Britain,2008,131.5,https://www.itftennis.com/tennis/api/PlayerRankApi/GetPlayerRankings?circuitCode=JT&playerTypeCode=B&ageCategoryCode=&juniorRankingType=itf&take=100&skip=600&isOrderAscending=true,2026-09-07T16:20:59.935Z
2026-09-07,M,653,800763698,Juan Pablo Barriga Martinez,MEX,Mexico,2010,131.5,https://www.itftennis.com/tennis/api/PlayerRankApi/GetPlayerRankings?circuitCode=JT&playerTypeCode=B&ageCategoryCode=&juniorRankingType=itf&take=100&skip=600&isOrderAscending=true,2026-09-07T16:20:59.935Z
2026-09-07,M,654,800626828,Omer Shamian,ISR,Israel,2008,131.5,https://www.itftennis.com/tennis/api/PlayerRankApi/GetPlayerRankings?circuitCode=JT&playerTypeCode=B&ageCategoryCode=&juniorRankingType=itf&take=100&skip=600&isOrderAscending=true,2026-09-07T16:20:59.935Z
2026-09-07,M,655,800701263,Raphael Nii Nortei Dowuona,GHA,Ghana,2008,131.5,https://www.itftennis.com/tennis/api/PlayerRankApi/GetPlayerRankings?circuitCode=JT&playerTypeCode=B&ageCategoryCode=&juniorRankingType=itf&take=100&skip=600&isOrderAscending=true,2026-09-07T16:20:59.935Z
2026-09-07,M,656,800701531,David Wu,USA,USA,2008,131.25,https://www.itftennis.com/tennis/api/PlayerRankApi/GetPlayerRankings?circuitCode=JT&playerTypeCode=B&ageCategoryCode=&juniorRankingType=itf&take=100&skip=600&isOrderAscending=true,2026-09-07T16:20:59.935Z
2026-09-07,M,657,800692775,Sebastian Bielen,USA,USA,2008,131.25,https://www.itftennis.com/tennis/api/PlayerRankApi/GetPlayerRankings?circuitCode=JT&playerTypeCode=B&ageCategoryCode=&juniorRankingType=itf&take=100&skip=600&isOrderAscending=true,2026-09-07T16:20:59.935Z
2026-09-07,M,658,800603941,Josef Svoboda,CZE,Czechia,2008,131,https://www.itftennis.com/tennis/api/PlayerRankApi/GetPlayerRankings?circuitCode=JT&playerTypeCode=B&ageCategoryCode=&juniorRankingType=itf&take=100&skip=600&isOrderAscending=true,2026-09-07T16:20:59.935Z
2026-09-07,M,659,800645720,alexander winder,GBR,Great Britain,2008,130.75,https://www.itftennis.com/tennis/api/PlayerRankApi/GetPlayerRankings?circuitCode=JT&playerTypeCode=B&ageCategoryCode=&juniorRankingType=itf&take=100&skip=600&isOrderAscending=true,2026-09-07T16:20:59.935Z
2026-09-07,M,660,800567143,Yanael Beranger,FRA,France,2008,130.5,https://www.itftennis.com/tennis/api/PlayerRankApi/GetPlayerRankings?circuitCode=JT&playerTypeCode=B&ageCategoryCode=&juniorRankingType=itf&take=100&skip=600&isOrderAscending=true,2026-09-07T16:20:59.935Z
2026-09-07,M,661,800699824,Gaston Lopez,URU,Uruguay,2008,130.25,https://www.itftennis.com/tennis/api/PlayerRankApi/GetPlayerRankings?circuitCode=JT&playerTypeCode=B&ageCategoryCode=&juniorRankingType=itf&take=100&skip=600&isOrderAscending=true,2026-09-07T16:20:59.935Z
2026-09-07,M,662,800673640,Mattia Pescosolido,ITA,Italy,2009,129.75,https://www.itftennis.com/tennis/api/PlayerRankApi/GetPlayerRankings?circuitCode=JT&playerTypeCode=B&ageCategoryCode=&juniorRankingType=itf&take=100&skip=600&isOrderAscending=true,2026-09-07T16:20:59.935Z
2026-09-07,M,663,800676585,PAOLO GONZALEZ CONSTANTINO,CAN,Canada,2008,129.25,https://www.itftennis.com/tennis/api/PlayerRankApi/GetPlayerRankings?circuitCode=JT&playerTypeCode=B&ageCategoryCode=&juniorRankingType=itf&take=100&skip=600&isOrderAscending=true,2026-09-07T16:20:59.935Z
2026-09-07,M,664,800815356,Ishaan Marla,USA,USA,2011,128.25,https://www.itftennis.com/tennis/api/PlayerRankApi/GetPlayerRankings?circuitCode=JT&playerTypeCode=B&ageCategoryCode=&juniorRankingType=itf&take=100&skip=600&isOrderAscending=true,2026-09-07T16:20:59.935Z
2026-09-07,M,665,800746221,Daniel Ekango,CMR,Cameroon,2009,127.5,https://www.itftennis.com/tennis/api/PlayerRankApi/GetPlayerRankings?circuitCode=JT&playerTypeCode=B&ageCategoryCode=&juniorRankingType=itf&take=100&skip=600&isOrderAscending=true,2026-09-07T16:20:59.935Z
2026-09-07,M,666,800671150,Brandon Duan,USA,USA,2009,127.25,https://www.itftennis.com/tennis/api/PlayerRankApi/GetPlayerRankings?circuitCode=JT&playerTypeCode=B&ageCategoryCode=&juniorRankingType=itf&take=100&skip=600&isOrderAscending=true,2026-09-07T16:20:59.935Z
2026-09-07,M,667,800665866,Vuk Pantic Crncevic,SRB,Serbia,2009,127.25,https://www.itftennis.com/tennis/api/PlayerRankApi/GetPlayerRankings?circuitCode=JT&playerTypeCode=B&ageCategoryCode=&juniorRankingType=itf&take=100&skip=600&isOrderAscending=true,2026-09-07T16:20:59.935Z
2026-09-07,M,668,800664821,Eric Lorimer,GBR,Great Britain,2010,127,https://www.itftennis.com/tennis/api/PlayerRankApi/GetPlayerRankings?circuitCode=JT&playerTypeCode=B&ageCategoryCode=&juniorRankingType=itf&take=100&skip=600&isOrderAscending=true,2026-09-07T16:20:59.935Z
2026-09-07,M,669,800674756,DIEGO COSTANZI DE BRITO,BRA,Brazil,2008,127,https://www.itftennis.com/tennis/api/PlayerRankApi/GetPlayerRankings?circuitCode=JT&playerTypeCode=B&ageCategoryCode=&juniorRankingType=itf&take=100&skip=600&isOrderAscending=true,2026-09-07T16:20:59.935Z
2026-09-07,M,670,800590977,Ryu Kotikula,THA,Thailand,2009,127,https://www.itftennis.com/tennis/api/PlayerRankApi/GetPlayerRankings?circuitCode=JT&playerTypeCode=B&ageCategoryCode=&juniorRankingType=itf&take=100&skip=600&isOrderAscending=true,2026-09-07T16:20:59.935Z
2026-09-07,M,671,800681008,RANVIR SINGH,IND,India,2009,126.75,https://www.itftennis.com/tennis/api/PlayerRankApi/GetPlayerRankings?circuitCode=JT&playerTypeCode=B&ageCategoryCode=&juniorRankingType=itf&take=100&skip=600&isOrderAscending=true,2026-09-07T16:20:59.935Z
2026-09-07,M,672,800710227,Nemanja Savic,AUS,Australia,2008,126.75,https://www.itftennis.com/tennis/api/PlayerRankApi/GetPlayerRankings?circuitCode=JT&playerTypeCode=B&ageCategoryCode=&juniorRankingType=itf&take=100&skip=600&isOrderAscending=true,2026-09-07T16:20:59.935Z
2026-09-07,M,673,800765674,LIANGXUAN LIU,CHN,"China, P.R.",2010,126.75,https://www.itftennis.com/tennis/api/PlayerRankApi/GetPlayerRankings?circuitCode=JT&playerTypeCode=B&ageCategoryCode=&juniorRankingType=itf&take=100&skip=600&isOrderAscending=true,2026-09-07T16:20:59.935Z
2026-09-07,M,674,800696202,Alistair MUTSCH,BEL,Belgium,2010,126.5,https://www.itftennis.com/tennis/api/PlayerRankApi/GetPlayerRankings?circuitCode=JT&playerTypeCode=B&ageCategoryCode=&juniorRankingType=itf&take=100&skip=600&isOrderAscending=true,2026-09-07T16:20:59.935Z
2026-09-07,M,675,800673793,Jannik Soetebier,GER,Germany,2009,126.5,https://www.itftennis.com/tennis/api/PlayerRankApi/GetPlayerRankings?circuitCode=JT&playerTypeCode=B&ageCategoryCode=&juniorRankingType=itf&take=100&skip=600&isOrderAscending=true,2026-09-07T16:20:59.935Z
2026-09-07,M,676,800594399,Javier Montes Jimenez,ESP,Spain,2009,126.25,https://www.itftennis.com/tennis/api/PlayerRankApi/GetPlayerRankings?circuitCode=JT&playerTypeCode=B&ageCategoryCode=&juniorRankingType=itf&take=100&skip=600&isOrderAscending=true,2026-09-07T16:20:59.935Z
2026-09-07,M,677,800734118,Abdelrahman Eltaher,EGY,Egypt,2009,126,https://www.itftennis.com/tennis/api/PlayerRankApi/GetPlayerRankings?circuitCode=JT&playerTypeCode=B&ageCategoryCode=&juniorRankingType=itf&take=100&skip=600&isOrderAscending=true,2026-09-07T16:20:59.935Z
2026-09-07,M,678,800670740,M Alfaradu Sumirat,INA,Indonesia,2008,126,https://www.itftennis.com/tennis/api/PlayerRankApi/GetPlayerRankings?circuitCode=JT&playerTypeCode=B&ageCategoryCode=&juniorRankingType=itf&take=100&skip=600&isOrderAscending=true,2026-09-07T16:20:59.935Z
2026-09-07,M,679,800653180,Matvey Cherevatyj,RUS,Russia,2010,125.75,https://www.itftennis.com/tennis/api/PlayerRankApi/GetPlayerRankings?circuitCode=JT&playerTypeCode=B&ageCategoryCode=&juniorRankingType=itf&take=100&skip=600&isOrderAscending=true,2026-09-07T16:20:59.935Z
2026-09-07,M,680,800603015,David Popa,ROU,Romania,2008,125.25,https://www.itftennis.com/tennis/api/PlayerRankApi/GetPlayerRankings?circuitCode=JT&playerTypeCode=B&ageCategoryCode=&juniorRankingType=itf&take=100&skip=600&isOrderAscending=true,2026-09-07T16:20:59.935Z
2026-09-07,M,681,800796750,Matus Kliment,CZE,Czechia,2009,125.25,https://www.itftennis.com/tennis/api/PlayerRankApi/GetPlayerRankings?circuitCode=JT&playerTypeCode=B&ageCategoryCode=&juniorRankingType=itf&take=100&skip=600&isOrderAscending=true,2026-09-07T16:20:59.935Z
2026-09-07,M,682,800708323,Diego Tarlazzi,ITA,Italy,2011,125.25,https://www.itftennis.com/tennis/api/PlayerRankApi/GetPlayerRankings?circuitCode=JT&playerTypeCode=B&ageCategoryCode=&juniorRankingType=itf&take=100&skip=600&isOrderAscending=true,2026-09-07T16:20:59.935Z
2026-09-07,M,683,800678997,William Repakis,SWE,Sweden,2010,125,https://www.itftennis.com/tennis/api/PlayerRankApi/GetPlayerRankings?circuitCode=JT&playerTypeCode=B&ageCategoryCode=&juniorRankingType=itf&take=100&skip=600&isOrderAscending=true,2026-09-07T16:20:59.935Z
2026-09-07,M,684,800592868,Constantin Neubauer,AUT,Austria,2008,125,https://www.itftennis.com/tennis/api/PlayerRankApi/GetPlayerRankings?circuitCode=JT&playerTypeCode=B&ageCategoryCode=&juniorRankingType=itf&take=100&skip=600&isOrderAscending=true,2026-09-07T16:20:59.935Z
2026-09-07,M,685,800676649,Knut Andersch,SWE,Sweden,2009,124.75,https://www.itftennis.com/tennis/api/PlayerRankApi/GetPlayerRankings?circuitCode=JT&playerTypeCode=B&ageCategoryCode=&juniorRankingType=itf&take=100&skip=600&isOrderAscending=true,2026-09-07T16:20:59.935Z
2026-09-07,M,686,800598375,Linus Andersson,SWE,Sweden,2008,124.25,https://www.itftennis.com/tennis/api/PlayerRankApi/GetPlayerRankings?circuitCode=JT&playerTypeCode=B&ageCategoryCode=&juniorRankingType=itf&take=100&skip=600&isOrderAscending=true,2026-09-07T16:20:59.935Z
2026-09-07,M,687,800626203,Martin Riu,FRA,France,2009,124.25,https://www.itftennis.com/tennis/api/PlayerRankApi/GetPlayerRankings?circuitCode=JT&playerTypeCode=B&ageCategoryCode=&juniorRankingType=itf&take=100&skip=600&isOrderAscending=true,2026-09-07T16:20:59.935Z
2026-09-07,M,688,800654759,Timeo Coudray,FRA,France,2009,124,https://www.itftennis.com/tennis/api/PlayerRankApi/GetPlayerRankings?circuitCode=JT&playerTypeCode=B&ageCategoryCode=&juniorRankingType=itf&take=100&skip=600&isOrderAscending=true,2026-09-07T16:20:59.935Z
2026-09-07,M,689,800720228,Javier Chocano Pezoa,CHI,Chile,2009,123.75,https://www.itftennis.com/tennis/api/PlayerRankApi/GetPlayerRankings?circuitCode=JT&playerTypeCode=B&ageCategoryCode=&juniorRankingType=itf&take=100&skip=600&isOrderAscending=true,2026-09-07T16:20:59.935Z
2026-09-07,M,690,800654564,Daniel Yurekli,KAZ,Kazakhstan,2009,123.75,https://www.itftennis.com/tennis/api/PlayerRankApi/GetPlayerRankings?circuitCode=JT&playerTypeCode=B&ageCategoryCode=&juniorRankingType=itf&take=100&skip=600&isOrderAscending=true,2026-09-07T16:20:59.935Z
2026-09-07,M,691,800598680,Jonathan Dazert,GER,Germany,2008,123.25,https://www.itftennis.com/tennis/api/PlayerRankApi/GetPlayerRankings?circuitCode=JT&playerTypeCode=B&ageCategoryCode=&juniorRankingType=itf&take=100&skip=600&isOrderAscending=true,2026-09-07T16:20:59.935Z
2026-09-07,M,692,800589826,Lorenzo De Vizia,ITA,Italy,2008,123.25,https://www.itftennis.com/tennis/api/PlayerRankApi/GetPlayerRankings?circuitCode=JT&playerTypeCode=B&ageCategoryCode=&juniorRankingType=itf&take=100&skip=600&isOrderAscending=true,2026-09-07T16:20:59.935Z
2026-09-07,M,693,800630490,TOMAS LAGARDE,FRA,France,2009,122.75,https://www.itftennis.com/tennis/api/PlayerRankApi/GetPlayerRankings?circuitCode=JT&playerTypeCode=B&ageCategoryCode=&juniorRankingType=itf&take=100&skip=600&isOrderAscending=true,2026-09-07T16:20:59.935Z
2026-09-07,M,694,800787821,Gabriel Ignacio Ursini,ARG,Argentina,2009,122.75,https://www.itftennis.com/tennis/api/PlayerRankApi/GetPlayerRankings?circuitCode=JT&playerTypeCode=B&ageCategoryCode=&juniorRankingType=itf&take=100&skip=600&isOrderAscending=true,2026-09-07T16:20:59.935Z
2026-09-07,M,695,800797145,John Murphy,USA,USA,2009,122.5,https://www.itftennis.com/tennis/api/PlayerRankApi/GetPlayerRankings?circuitCode=JT&playerTypeCode=B&ageCategoryCode=&juniorRankingType=itf&take=100&skip=600&isOrderAscending=true,2026-09-07T16:20:59.935Z
2026-09-07,M,696,800653725,Jan Hemetzberger,AUT,Austria,2008,122.5,https://www.itftennis.com/tennis/api/PlayerRankApi/GetPlayerRankings?circuitCode=JT&playerTypeCode=B&ageCategoryCode=&juniorRankingType=itf&take=100&skip=600&isOrderAscending=true,2026-09-07T16:20:59.935Z
2026-09-07,M,697,800695508,Laurens Drijver,NED,Netherlands,2011,122.25,https://www.itftennis.com/tennis/api/PlayerRankApi/GetPlayerRankings?circuitCode=JT&playerTypeCode=B&ageCategoryCode=&juniorRankingType=itf&take=100&skip=600&isOrderAscending=true,2026-09-07T16:20:59.935Z
2026-09-07,M,698,800595642,Ziya Ayberk Aydin,TUR,Turkiye,2009,122.25,https://www.itftennis.com/tennis/api/PlayerRankApi/GetPlayerRankings?circuitCode=JT&playerTypeCode=B&ageCategoryCode=&juniorRankingType=itf&take=100&skip=600&isOrderAscending=true,2026-09-07T16:20:59.935Z
2026-09-07,M,699,800710308,Danialmoshtaghifard Moshtaghifard,IRI,Iran,2009,122.25,https://www.itftennis.com/tennis/api/PlayerRankApi/GetPlayerRankings?circuitCode=JT&playerTypeCode=B&ageCategoryCode=&juniorRankingType=itf&take=100&skip=600&isOrderAscending=true,2026-09-07T16:20:59.935Z
2026-09-07,M,700,800710161,Nicolas Brandao,BRA,Brazil,2008,122,https://www.itftennis.com/tennis/api/PlayerRankApi/GetPlayerRankings?circuitCode=JT&playerTypeCode=B&ageCategoryCode=&juniorRankingType=itf&take=100&skip=600&isOrderAscending=true,2026-09-07T16:20:59.935Z
2026-09-07,M,701,800748634,Jenson Yokota-Ho,AUS,Australia,2010,121.25,https://www.itftennis.com/tennis/api/PlayerRankApi/GetPlayerRankings?circuitCode=JT&playerTypeCode=B&ageCategoryCode=&juniorRankingType=itf&take=100&skip=700&isOrderAscending=true,2026-09-07T16:21:00.703Z
2026-09-07,M,702,800723319,Kei Badenhorst,RSA,South Africa,2008,121,https://www.itftennis.com/tennis/api/PlayerRankApi/GetPlayerRankings?circuitCode=JT&playerTypeCode=B&ageCategoryCode=&juniorRankingType=itf&take=100&skip=700&isOrderAscending=true,2026-09-07T16:21:00.703Z
2026-09-07,M,703,800589636,Lucian Stefan Andrei,ROU,Romania,2008,120.5,https://www.itftennis.com/tennis/api/PlayerRankApi/GetPlayerRankings?circuitCode=JT&playerTypeCode=B&ageCategoryCode=&juniorRankingType=itf&take=100&skip=700&isOrderAscending=true,2026-09-07T16:21:00.703Z
2026-09-07,M,704,800628607,Filippo Catalano,ITA,Italy,2009,120.5,https://www.itftennis.com/tennis/api/PlayerRankApi/GetPlayerRankings?circuitCode=JT&playerTypeCode=B&ageCategoryCode=&juniorRankingType=itf&take=100&skip=700&isOrderAscending=true,2026-09-07T16:21:00.703Z
2026-09-07,M,705,800694095,ANTOINE TARDIF,CAN,Canada,2010,120.5,https://www.itftennis.com/tennis/api/PlayerRankApi/GetPlayerRankings?circuitCode=JT&playerTypeCode=B&ageCategoryCode=&juniorRankingType=itf&take=100&skip=700&isOrderAscending=true,2026-09-07T16:21:00.703Z
2026-09-07,M,706,800798097,Robert Kaminskiy,KAZ,Kazakhstan,2010,120.5,https://www.itftennis.com/tennis/api/PlayerRankApi/GetPlayerRankings?circuitCode=JT&playerTypeCode=B&ageCategoryCode=&juniorRankingType=itf&take=100&skip=700&isOrderAscending=true,2026-09-07T16:21:00.703Z
2026-09-07,M,707,800791700,Marc Puig Mont,ESP,Spain,2008,120,https://www.itftennis.com/tennis/api/PlayerRankApi/GetPlayerRankings?circuitCode=JT&playerTypeCode=B&ageCategoryCode=&juniorRankingType=itf&take=100&skip=700&isOrderAscending=true,2026-09-07T16:21:00.703Z
2026-09-07,M,708,800733911,Liang Liang,CHN,"China, P.R.",2008,119.75,https://www.itftennis.com/tennis/api/PlayerRankApi/GetPlayerRankings?circuitCode=JT&playerTypeCode=B&ageCategoryCode=&juniorRankingType=itf&take=100&skip=700&isOrderAscending=true,2026-09-07T16:21:00.703Z
2026-09-07,M,709,800753989,Yuxuan Li,CHN,"China, P.R.",2010,119.5,https://www.itftennis.com/tennis/api/PlayerRankApi/GetPlayerRankings?circuitCode=JT&playerTypeCode=B&ageCategoryCode=&juniorRankingType=itf&take=100&skip=700&isOrderAscending=true,2026-09-07T16:21:00.703Z
2026-09-07,M,710,800694776,Borys Alexander,RSA,South Africa,2008,119.5,https://www.itftennis.com/tennis/api/PlayerRankApi/GetPlayerRankings?circuitCode=JT&playerTypeCode=B&ageCategoryCode=&juniorRankingType=itf&take=100&skip=700&isOrderAscending=true,2026-09-07T16:21:00.703Z
2026-09-07,M,711,800783410,Antoine Baudot,FRA,France,2009,119.5,https://www.itftennis.com/tennis/api/PlayerRankApi/GetPlayerRankings?circuitCode=JT&playerTypeCode=B&ageCategoryCode=&juniorRankingType=itf&take=100&skip=700&isOrderAscending=true,2026-09-07T16:21:00.703Z
2026-09-07,M,712,800716393,Marc Vives Martinez,ESP,Spain,2008,119,https://www.itftennis.com/tennis/api/PlayerRankApi/GetPlayerRankings?circuitCode=JT&playerTypeCode=B&ageCategoryCode=&juniorRankingType=itf&take=100&skip=700&isOrderAscending=true,2026-09-07T16:21:00.703Z
2026-09-07,M,713,800731041,Luke Kemball Gibbons,NZL,New Zealand,2009,119,https://www.itftennis.com/tennis/api/PlayerRankApi/GetPlayerRankings?circuitCode=JT&playerTypeCode=B&ageCategoryCode=&juniorRankingType=itf&take=100&skip=700&isOrderAscending=true,2026-09-07T16:21:00.703Z
2026-09-07,M,714,800724355,Ignacio Mejias,VEN,Venezuela,2011,119,https://www.itftennis.com/tennis/api/PlayerRankApi/GetPlayerRankings?circuitCode=JT&playerTypeCode=B&ageCategoryCode=&juniorRankingType=itf&take=100&skip=700&isOrderAscending=true,2026-09-07T16:21:00.703Z
2026-09-07,M,715,800646446,Tiago Peterhans,SUI,Switzerland,2009,118.75,https://www.itftennis.com/tennis/api/PlayerRankApi/GetPlayerRankings?circuitCode=JT&playerTypeCode=B&ageCategoryCode=&juniorRankingType=itf&take=100&skip=700&isOrderAscending=true,2026-09-07T16:21:00.703Z
2026-09-07,M,716,800740436,Jerald Carroll,USA,USA,2008,118.5,https://www.itftennis.com/tennis/api/PlayerRankApi/GetPlayerRankings?circuitCode=JT&playerTypeCode=B&ageCategoryCode=&juniorRankingType=itf&take=100&skip=700&isOrderAscending=true,2026-09-07T16:21:00.703Z
2026-09-07,M,717,800590616,Victor Ryden,SWE,Sweden,2008,118,https://www.itftennis.com/tennis/api/PlayerRankApi/GetPlayerRankings?circuitCode=JT&playerTypeCode=B&ageCategoryCode=&juniorRankingType=itf&take=100&skip=700&isOrderAscending=true,2026-09-07T16:21:00.703Z
2026-09-07,M,718,800761053,Luca Sevim,USA,USA,2009,118,https://www.itftennis.com/tennis/api/PlayerRankApi/GetPlayerRankings?circuitCode=JT&playerTypeCode=B&ageCategoryCode=&juniorRankingType=itf&take=100&skip=700&isOrderAscending=true,2026-09-07T16:21:00.703Z
2026-09-07,M,719,800754583,David III Bvunzawabaya,USA,USA,2008,117.5,https://www.itftennis.com/tennis/api/PlayerRankApi/GetPlayerRankings?circuitCode=JT&playerTypeCode=B&ageCategoryCode=&juniorRankingType=itf&take=100&skip=700&isOrderAscending=true,2026-09-07T16:21:00.703Z
2026-09-07,M,720,800707824,Zuka Kacheishvili,GEO,Georgia,2010,117.5,https://www.itftennis.com/tennis/api/PlayerRankApi/GetPlayerRankings?circuitCode=JT&playerTypeCode=B&ageCategoryCode=&juniorRankingType=itf&take=100&skip=700&isOrderAscending=true,2026-09-07T16:21:00.703Z
2026-09-07,M,721,800780019,Yul Ho Jung,KOR,"Korea, Rep.",2010,115.75,https://www.itftennis.com/tennis/api/PlayerRankApi/GetPlayerRankings?circuitCode=JT&playerTypeCode=B&ageCategoryCode=&juniorRankingType=itf&take=100&skip=700&isOrderAscending=true,2026-09-07T16:21:00.703Z
2026-09-07,M,722,800715038,Luca Bland,NZL,New Zealand,2009,114.75,https://www.itftennis.com/tennis/api/PlayerRankApi/GetPlayerRankings?circuitCode=JT&playerTypeCode=B&ageCategoryCode=&juniorRankingType=itf&take=100&skip=700&isOrderAscending=true,2026-09-07T16:21:00.703Z
2026-09-07,M,723,800672319,Francesco Pansecchi,ITA,Italy,2009,114.5,https://www.itftennis.com/tennis/api/PlayerRankApi/GetPlayerRankings?circuitCode=JT&playerTypeCode=B&ageCategoryCode=&juniorRankingType=itf&take=100&skip=700&isOrderAscending=true,2026-09-07T16:21:00.703Z
2026-09-07,M,724,800745332,Kuranosuke Suzuki,JPN,Japan,2010,114.5,https://www.itftennis.com/tennis/api/PlayerRankApi/GetPlayerRankings?circuitCode=JT&playerTypeCode=B&ageCategoryCode=&juniorRankingType=itf&take=100&skip=700&isOrderAscending=true,2026-09-07T16:21:00.703Z
2026-09-07,M,725,800771606,Arjun Krishnan,USA,USA,2010,114.25,https://www.itftennis.com/tennis/api/PlayerRankApi/GetPlayerRankings?circuitCode=JT&playerTypeCode=B&ageCategoryCode=&juniorRankingType=itf&take=100&skip=700&isOrderAscending=true,2026-09-07T16:21:00.703Z
2026-09-07,M,726,800654638,Bernardo Carvalho,BRA,Brazil,2010,114.25,https://www.itftennis.com/tennis/api/PlayerRankApi/GetPlayerRankings?circuitCode=JT&playerTypeCode=B&ageCategoryCode=&juniorRankingType=itf&take=100&skip=700&isOrderAscending=true,2026-09-07T16:21:00.703Z
2026-09-07,M,727,800684598,Daniel Yang,KOR,"Korea, Rep.",2009,114.25,https://www.itftennis.com/tennis/api/PlayerRankApi/GetPlayerRankings?circuitCode=JT&playerTypeCode=B&ageCategoryCode=&juniorRankingType=itf&take=100&skip=700&isOrderAscending=true,2026-09-07T16:21:00.703Z
2026-09-07,M,728,800646383,Dongyun Oh,KOR,"Korea, Rep.",2009,114.25,https://www.itftennis.com/tennis/api/PlayerRankApi/GetPlayerRankings?circuitCode=JT&playerTypeCode=B&ageCategoryCode=&juniorRankingType=itf&take=100&skip=700&isOrderAscending=true,2026-09-07T16:21:00.703Z
2026-09-07,M,729,800604236,Hubert Plenkiewicz,POL,Poland,2008,114.25,https://www.itftennis.com/tennis/api/PlayerRankApi/GetPlayerRankings?circuitCode=JT&playerTypeCode=B&ageCategoryCode=&juniorRankingType=itf&take=100&skip=700&isOrderAscending=true,2026-09-07T16:21:00.703Z
2026-09-07,M,730,800646189,JERZY FILIP URBAN,POL,Poland,2009,114,https://www.itftennis.com/tennis/api/PlayerRankApi/GetPlayerRankings?circuitCode=JT&playerTypeCode=B&ageCategoryCode=&juniorRankingType=itf&take=100&skip=700&isOrderAscending=true,2026-09-07T16:21:00.703Z
2026-09-07,M,731,800724202,Viktor FOURCROY,FRA,France,2011,113.75,https://www.itftennis.com/tennis/api/PlayerRankApi/GetPlayerRankings?circuitCode=JT&playerTypeCode=B&ageCategoryCode=&juniorRankingType=itf&take=100&skip=700&isOrderAscending=true,2026-09-07T16:21:00.703Z
2026-09-07,M,732,800591666,Philipp Dolotov,RUS,Russia,2008,113.5,https://www.itftennis.com/tennis/api/PlayerRankApi/GetPlayerRankings?circuitCode=JT&playerTypeCode=B&ageCategoryCode=&juniorRankingType=itf&take=100&skip=700&isOrderAscending=true,2026-09-07T16:21:00.703Z
2026-09-07,M,733,800679028,Leon Achurra Correa,CHI,Chile,2008,113.5,https://www.itftennis.com/tennis/api/PlayerRankApi/GetPlayerRankings?circuitCode=JT&playerTypeCode=B&ageCategoryCode=&juniorRankingType=itf&take=100&skip=700&isOrderAscending=true,2026-09-07T16:21:00.703Z
2026-09-07,M,734,800689813,Kazuki Nakajima,JPN,Japan,2011,113.25,https://www.itftennis.com/tennis/api/PlayerRankApi/GetPlayerRankings?circuitCode=JT&playerTypeCode=B&ageCategoryCode=&juniorRankingType=itf&take=100&skip=700&isOrderAscending=true,2026-09-07T16:21:00.703Z
2026-09-07,M,735,800701913,Fermin Barcala Lopez,ESP,Spain,2008,113.25,https://www.itftennis.com/tennis/api/PlayerRankApi/GetPlayerRankings?circuitCode=JT&playerTypeCode=B&ageCategoryCode=&juniorRankingType=itf&take=100&skip=700&isOrderAscending=true,2026-09-07T16:21:00.703Z
2026-09-07,M,736,800769296,Vincent Svedstam,SWE,Sweden,2009,113.25,https://www.itftennis.com/tennis/api/PlayerRankApi/GetPlayerRankings?circuitCode=JT&playerTypeCode=B&ageCategoryCode=&juniorRankingType=itf&take=100&skip=700&isOrderAscending=true,2026-09-07T16:21:00.703Z
2026-09-07,M,737,800743540,Shunhua He,CHN,"China, P.R.",2010,113.25,https://www.itftennis.com/tennis/api/PlayerRankApi/GetPlayerRankings?circuitCode=JT&playerTypeCode=B&ageCategoryCode=&juniorRankingType=itf&take=100&skip=700&isOrderAscending=true,2026-09-07T16:21:00.703Z
2026-09-07,M,738,800660191,Veer Madam,IND,India,2008,113.25,https://www.itftennis.com/tennis/api/PlayerRankApi/GetPlayerRankings?circuitCode=JT&playerTypeCode=B&ageCategoryCode=&juniorRankingType=itf&take=100&skip=700&isOrderAscending=true,2026-09-07T16:21:00.703Z
2026-09-07,M,739,800714749,Kale Dalla Costa,TTO,Trinidad & Tobago,2008,113,https://www.itftennis.com/tennis/api/PlayerRankApi/GetPlayerRankings?circuitCode=JT&playerTypeCode=B&ageCategoryCode=&juniorRankingType=itf&take=100&skip=700&isOrderAscending=true,2026-09-07T16:21:00.703Z
2026-09-07,M,740,800648820,Mads Bruhn Aaby,DEN,Denmark,2008,112.75,https://www.itftennis.com/tennis/api/PlayerRankApi/GetPlayerRankings?circuitCode=JT&playerTypeCode=B&ageCategoryCode=&juniorRankingType=itf&take=100&skip=700&isOrderAscending=true,2026-09-07T16:21:00.703Z
2026-09-07,M,741,800691348,Andrea PARNET,FRA,France,2010,112.5,https://www.itftennis.com/tennis/api/PlayerRankApi/GetPlayerRankings?circuitCode=JT&playerTypeCode=B&ageCategoryCode=&juniorRankingType=itf&take=100&skip=700&isOrderAscending=true,2026-09-07T16:21:00.703Z
2026-09-07,M,742,800661738,Darius Dorin,ROU,Romania,2010,111.75,https://www.itftennis.com/tennis/api/PlayerRankApi/GetPlayerRankings?circuitCode=JT&playerTypeCode=B&ageCategoryCode=&juniorRankingType=itf&take=100&skip=700&isOrderAscending=true,2026-09-07T16:21:00.703Z
2026-09-07,M,743,800695234,Andreas Mjeda,CAN,Canada,2010,111.75,https://www.itftennis.com/tennis/api/PlayerRankApi/GetPlayerRankings?circuitCode=JT&playerTypeCode=B&ageCategoryCode=&juniorRankingType=itf&take=100&skip=700&isOrderAscending=true,2026-09-07T16:21:00.703Z
2026-09-07,M,744,800687171,Andre Bruno,BRA,Brazil,2009,111.75,https://www.itftennis.com/tennis/api/PlayerRankApi/GetPlayerRankings?circuitCode=JT&playerTypeCode=B&ageCategoryCode=&juniorRankingType=itf&take=100&skip=700&isOrderAscending=true,2026-09-07T16:21:00.703Z
2026-09-07,M,745,800711350,Reita Yamanaka,JPN,Japan,2012,111.75,https://www.itftennis.com/tennis/api/PlayerRankApi/GetPlayerRankings?circuitCode=JT&playerTypeCode=B&ageCategoryCode=&juniorRankingType=itf&take=100&skip=700&isOrderAscending=true,2026-09-07T16:21:00.703Z
2026-09-07,M,746,800699052,Gianluca Galasso,USA,USA,2008,111.5,https://www.itftennis.com/tennis/api/PlayerRankApi/GetPlayerRankings?circuitCode=JT&playerTypeCode=B&ageCategoryCode=&juniorRankingType=itf&take=100&skip=700&isOrderAscending=true,2026-09-07T16:21:00.703Z
2026-09-07,M,747,800758454,Weibo Huang,TPE,Chinese Taipei,2009,111.5,https://www.itftennis.com/tennis/api/PlayerRankApi/GetPlayerRankings?circuitCode=JT&playerTypeCode=B&ageCategoryCode=&juniorRankingType=itf&take=100&skip=700&isOrderAscending=true,2026-09-07T16:21:00.703Z
2026-09-07,M,748,800814383,Tristan Ascenzo,USA,USA,2011,111.25,https://www.itftennis.com/tennis/api/PlayerRankApi/GetPlayerRankings?circuitCode=JT&playerTypeCode=B&ageCategoryCode=&juniorRankingType=itf&take=100&skip=700&isOrderAscending=true,2026-09-07T16:21:00.703Z
2026-09-07,M,749,800784858,Justin-Li Moroney,NZL,New Zealand,2010,110.75,https://www.itftennis.com/tennis/api/PlayerRankApi/GetPlayerRankings?circuitCode=JT&playerTypeCode=B&ageCategoryCode=&juniorRankingType=itf&take=100&skip=700&isOrderAscending=true,2026-09-07T16:21:00.703Z
2026-09-07,M,750,800742352,Junhyuk Seo,GUM,Guam,2009,110.5,https://www.itftennis.com/tennis/api/PlayerRankApi/GetPlayerRankings?circuitCode=JT&playerTypeCode=B&ageCategoryCode=&juniorRankingType=itf&take=100&skip=700&isOrderAscending=true,2026-09-07T16:21:00.703Z
2026-09-07,M,751,800663563,Samuel SCHIFANO,FRA,France,2010,110.5,https://www.itftennis.com/tennis/api/PlayerRankApi/GetPlayerRankings?circuitCode=JT&playerTypeCode=B&ageCategoryCode=&juniorRankingType=itf&take=100&skip=700&isOrderAscending=true,2026-09-07T16:21:00.703Z
2026-09-07,M,752,800746283,Keshav Muthuvel,USA,USA,2009,110.25,https://www.itftennis.com/tennis/api/PlayerRankApi/GetPlayerRankings?circuitCode=JT&playerTypeCode=B&ageCategoryCode=&juniorRankingType=itf&take=100&skip=700&isOrderAscending=true,2026-09-07T16:21:00.703Z
2026-09-07,M,753,800785818,Hayato Sata,AUS,Australia,2010,110.25,https://www.itftennis.com/tennis/api/PlayerRankApi/GetPlayerRankings?circuitCode=JT&playerTypeCode=B&ageCategoryCode=&juniorRankingType=itf&take=100&skip=700&isOrderAscending=true,2026-09-07T16:21:00.703Z
2026-09-07,M,754,800707125,Duarte Lima Sanches,POR,Portugal,2009,110.25,https://www.itftennis.com/tennis/api/PlayerRankApi/GetPlayerRankings?circuitCode=JT&playerTypeCode=B&ageCategoryCode=&juniorRankingType=itf&take=100&skip=700&isOrderAscending=true,2026-09-07T16:21:00.703Z
2026-09-07,M,755,800718013,Juan Ignacio Bazan,ARG,Argentina,2010,110.25,https://www.itftennis.com/tennis/api/PlayerRankApi/GetPlayerRankings?circuitCode=JT&playerTypeCode=B&ageCategoryCode=&juniorRankingType=itf&take=100&skip=700&isOrderAscending=true,2026-09-07T16:21:00.703Z
2026-09-07,M,756,800718016,Max Becerra,CHI,Chile,2010,110.25,https://www.itftennis.com/tennis/api/PlayerRankApi/GetPlayerRankings?circuitCode=JT&playerTypeCode=B&ageCategoryCode=&juniorRankingType=itf&take=100&skip=700&isOrderAscending=true,2026-09-07T16:21:00.703Z
2026-09-07,M,757,800814244,Sena Okabe,JPN,Japan,2009,110,https://www.itftennis.com/tennis/api/PlayerRankApi/GetPlayerRankings?circuitCode=JT&playerTypeCode=B&ageCategoryCode=&juniorRankingType=itf&take=100&skip=700&isOrderAscending=true,2026-09-07T16:21:00.703Z
2026-09-07,M,758,800631041,Anas Ben youssef,TUN,Tunisia,2009,110,https://www.itftennis.com/tennis/api/PlayerRankApi/GetPlayerRankings?circuitCode=JT&playerTypeCode=B&ageCategoryCode=&juniorRankingType=itf&take=100&skip=700&isOrderAscending=true,2026-09-07T16:21:00.703Z
2026-09-07,M,759,800670100,Martin Rivadeneira,ECU,Ecuador,2008,109.75,https://www.itftennis.com/tennis/api/PlayerRankApi/GetPlayerRankings?circuitCode=JT&playerTypeCode=B&ageCategoryCode=&juniorRankingType=itf&take=100&skip=700&isOrderAscending=true,2026-09-07T16:21:00.703Z
2026-09-07,M,760,800767737,Chuan Ding,CHN,"China, P.R.",2010,109.75,https://www.itftennis.com/tennis/api/PlayerRankApi/GetPlayerRankings?circuitCode=JT&playerTypeCode=B&ageCategoryCode=&juniorRankingType=itf&take=100&skip=700&isOrderAscending=true,2026-09-07T16:21:00.703Z
2026-09-07,M,761,800767229,Radovan Krisko,SVK,Slovakia,2008,109.25,https://www.itftennis.com/tennis/api/PlayerRankApi/GetPlayerRankings?circuitCode=JT&playerTypeCode=B&ageCategoryCode=&juniorRankingType=itf&take=100&skip=700&isOrderAscending=true,2026-09-07T16:21:00.703Z
2026-09-07,M,762,800629439,Cagan Cetin,TUR,Turkiye,2009,108.5,https://www.itftennis.com/tennis/api/PlayerRankApi/GetPlayerRankings?circuitCode=JT&playerTypeCode=B&ageCategoryCode=&juniorRankingType=itf&take=100&skip=700&isOrderAscending=true,2026-09-07T16:21:00.703Z
2026-09-07,M,763,800657256,Timur Gordeev,RUS,Russia,2010,108.5,https://www.itftennis.com/tennis/api/PlayerRankApi/GetPlayerRankings?circuitCode=JT&playerTypeCode=B&ageCategoryCode=&juniorRankingType=itf&take=100&skip=700&isOrderAscending=true,2026-09-07T16:21:00.703Z
2026-09-07,M,764,800640454,Dario Zorica,CRO,Croatia,2009,108.25,https://www.itftennis.com/tennis/api/PlayerRankApi/GetPlayerRankings?circuitCode=JT&playerTypeCode=B&ageCategoryCode=&juniorRankingType=itf&take=100&skip=700&isOrderAscending=true,2026-09-07T16:21:00.703Z
2026-09-07,M,765,800649478,Boris Nachev,BUL,Bulgaria,2009,108.25,https://www.itftennis.com/tennis/api/PlayerRankApi/GetPlayerRankings?circuitCode=JT&playerTypeCode=B&ageCategoryCode=&juniorRankingType=itf&take=100&skip=700&isOrderAscending=true,2026-09-07T16:21:00.703Z
2026-09-07,M,766,800768247,Achyuth Binu,USA,USA,2009,108,https://www.itftennis.com/tennis/api/PlayerRankApi/GetPlayerRankings?circuitCode=JT&playerTypeCode=B&ageCategoryCode=&juniorRankingType=itf&take=100&skip=700&isOrderAscending=true,2026-09-07T16:21:00.703Z
2026-09-07,M,767,800709178,CONSTANTINO PANNUNZIO,ARG,Argentina,2009,108,https://www.itftennis.com/tennis/api/PlayerRankApi/GetPlayerRankings?circuitCode=JT&playerTypeCode=B&ageCategoryCode=&juniorRankingType=itf&take=100&skip=700&isOrderAscending=true,2026-09-07T16:21:00.703Z
2026-09-07,M,768,800686461,Ivan Costa Lopez,ESP,Spain,2008,108,https://www.itftennis.com/tennis/api/PlayerRankApi/GetPlayerRankings?circuitCode=JT&playerTypeCode=B&ageCategoryCode=&juniorRankingType=itf&take=100&skip=700&isOrderAscending=true,2026-09-07T16:21:00.703Z
2026-09-07,M,769,800677693,Tshepang Maisela,RSA,South Africa,2008,107.75,https://www.itftennis.com/tennis/api/PlayerRankApi/GetPlayerRankings?circuitCode=JT&playerTypeCode=B&ageCategoryCode=&juniorRankingType=itf&take=100&skip=700&isOrderAscending=true,2026-09-07T16:21:00.703Z
2026-09-07,M,770,800664963,Jules Carron,SUI,Switzerland,2008,107.5,https://www.itftennis.com/tennis/api/PlayerRankApi/GetPlayerRankings?circuitCode=JT&playerTypeCode=B&ageCategoryCode=&juniorRankingType=itf&take=100&skip=700&isOrderAscending=true,2026-09-07T16:21:00.703Z
2026-09-07,M,771,800599509,Asger Sorensen,DEN,Denmark,2008,107.5,https://www.itftennis.com/tennis/api/PlayerRankApi/GetPlayerRankings?circuitCode=JT&playerTypeCode=B&ageCategoryCode=&juniorRankingType=itf&take=100&skip=700&isOrderAscending=true,2026-09-07T16:21:00.703Z
2026-09-07,M,772,800750185,Jack Thornhill,RSA,South Africa,2010,107.5,https://www.itftennis.com/tennis/api/PlayerRankApi/GetPlayerRankings?circuitCode=JT&playerTypeCode=B&ageCategoryCode=&juniorRankingType=itf&take=100&skip=700&isOrderAscending=true,2026-09-07T16:21:00.703Z
2026-09-07,M,773,800643334,Ivan Dumbovic,CRO,Croatia,2009,107,https://www.itftennis.com/tennis/api/PlayerRankApi/GetPlayerRankings?circuitCode=JT&playerTypeCode=B&ageCategoryCode=&juniorRankingType=itf&take=100&skip=700&isOrderAscending=true,2026-09-07T16:21:00.703Z
2026-09-07,M,774,800660690,Arian Barbic,GER,Germany,2008,106.75,https://www.itftennis.com/tennis/api/PlayerRankApi/GetPlayerRankings?circuitCode=JT&playerTypeCode=B&ageCategoryCode=&juniorRankingType=itf&take=100&skip=700&isOrderAscending=true,2026-09-07T16:21:00.703Z
2026-09-07,M,775,800753605,Luke Laughlin,CAN,Canada,2008,106.75,https://www.itftennis.com/tennis/api/PlayerRankApi/GetPlayerRankings?circuitCode=JT&playerTypeCode=B&ageCategoryCode=&juniorRankingType=itf&take=100&skip=700&isOrderAscending=true,2026-09-07T16:21:00.703Z
2026-09-07,M,776,800708071,NISHIT ARIMILLI,IND,India,2008,106.75,https://www.itftennis.com/tennis/api/PlayerRankApi/GetPlayerRankings?circuitCode=JT&playerTypeCode=B&ageCategoryCode=&juniorRankingType=itf&take=100&skip=700&isOrderAscending=true,2026-09-07T16:21:00.703Z
2026-09-07,M,777,800584482,Theo Alexandre Ifejika,FRA,France,2008,106.5,https://www.itftennis.com/tennis/api/PlayerRankApi/GetPlayerRankings?circuitCode=JT&playerTypeCode=B&ageCategoryCode=&juniorRankingType=itf&take=100&skip=700&isOrderAscending=true,2026-09-07T16:21:00.703Z
2026-09-07,M,778,800672359,Archie Stewart,NZL,New Zealand,2008,106.5,https://www.itftennis.com/tennis/api/PlayerRankApi/GetPlayerRankings?circuitCode=JT&playerTypeCode=B&ageCategoryCode=&juniorRankingType=itf&take=100&skip=700&isOrderAscending=true,2026-09-07T16:21:00.703Z
2026-09-07,M,779,800656068,Washington Cardoso de Matos Junior,BRA,Brazil,2008,106.5,https://www.itftennis.com/tennis/api/PlayerRankApi/GetPlayerRankings?circuitCode=JT&playerTypeCode=B&ageCategoryCode=&juniorRankingType=itf&take=100&skip=700&isOrderAscending=true,2026-09-07T16:21:00.703Z
2026-09-07,M,780,800671128,AOI ISHIZAKI,JPN,Japan,2010,106.25,https://www.itftennis.com/tennis/api/PlayerRankApi/GetPlayerRankings?circuitCode=JT&playerTypeCode=B&ageCategoryCode=&juniorRankingType=itf&take=100&skip=700&isOrderAscending=true,2026-09-07T16:21:00.703Z
2026-09-07,M,781,800745914,Ethan Dodd,RSA,South Africa,2009,106.25,https://www.itftennis.com/tennis/api/PlayerRankApi/GetPlayerRankings?circuitCode=JT&playerTypeCode=B&ageCategoryCode=&juniorRankingType=itf&take=100&skip=700&isOrderAscending=true,2026-09-07T16:21:00.703Z
2026-09-07,M,782,800763038,Advay Singh,USA,USA,2010,106,https://www.itftennis.com/tennis/api/PlayerRankApi/GetPlayerRankings?circuitCode=JT&playerTypeCode=B&ageCategoryCode=&juniorRankingType=itf&take=100&skip=700&isOrderAscending=true,2026-09-07T16:21:00.703Z
2026-09-07,M,783,800678813,Jakub Fedor,CZE,Czechia,2009,106,https://www.itftennis.com/tennis/api/PlayerRankApi/GetPlayerRankings?circuitCode=JT&playerTypeCode=B&ageCategoryCode=&juniorRankingType=itf&take=100&skip=700&isOrderAscending=true,2026-09-07T16:21:00.703Z
2026-09-07,M,784,800672502,Aedan Malik,CAN,Canada,2009,106,https://www.itftennis.com/tennis/api/PlayerRankApi/GetPlayerRankings?circuitCode=JT&playerTypeCode=B&ageCategoryCode=&juniorRankingType=itf&take=100&skip=700&isOrderAscending=true,2026-09-07T16:21:00.703Z
2026-09-07,M,785,800773356,Alexander Burmakin,SLO,Slovenia,2009,106,https://www.itftennis.com/tennis/api/PlayerRankApi/GetPlayerRankings?circuitCode=JT&playerTypeCode=B&ageCategoryCode=&juniorRankingType=itf&take=100&skip=700&isOrderAscending=true,2026-09-07T16:21:00.703Z
2026-09-07,M,786,800708498,Bing-Huan Tsai,TPE,Chinese Taipei,2011,106,https://www.itftennis.com/tennis/api/PlayerRankApi/GetPlayerRankings?circuitCode=JT&playerTypeCode=B&ageCategoryCode=&juniorRankingType=itf&take=100&skip=700&isOrderAscending=true,2026-09-07T16:21:00.703Z
2026-09-07,M,787,800706705,Judah McEachern-Brown,CAN,Canada,2008,105.75,https://www.itftennis.com/tennis/api/PlayerRankApi/GetPlayerRankings?circuitCode=JT&playerTypeCode=B&ageCategoryCode=&juniorRankingType=itf&take=100&skip=700&isOrderAscending=true,2026-09-07T16:21:00.703Z
2026-09-07,M,788,800692257,David Valeev,RUS,Russia,2010,105.25,https://www.itftennis.com/tennis/api/PlayerRankApi/GetPlayerRankings?circuitCode=JT&playerTypeCode=B&ageCategoryCode=&juniorRankingType=itf&take=100&skip=700&isOrderAscending=true,2026-09-07T16:21:00.703Z
2026-09-07,M,789,800778452,haoyuan li,CHN,"China, P.R.",2010,105.25,https://www.itftennis.com/tennis/api/PlayerRankApi/GetPlayerRankings?circuitCode=JT&playerTypeCode=B&ageCategoryCode=&juniorRankingType=itf&take=100&skip=700&isOrderAscending=true,2026-09-07T16:21:00.703Z
2026-09-07,M,790,800674490,Nick Mertgens,GER,Germany,2008,105,https://www.itftennis.com/tennis/api/PlayerRankApi/GetPlayerRankings?circuitCode=JT&playerTypeCode=B&ageCategoryCode=&juniorRankingType=itf&take=100&skip=700&isOrderAscending=true,2026-09-07T16:21:00.703Z
2026-09-07,M,791,800754674,Xi Cheng Huang,CHN,"China, P.R.",2008,105,https://www.itftennis.com/tennis/api/PlayerRankApi/GetPlayerRankings?circuitCode=JT&playerTypeCode=B&ageCategoryCode=&juniorRankingType=itf&take=100&skip=700&isOrderAscending=true,2026-09-07T16:21:00.703Z
2026-09-07,M,792,800709900,Akseli Finnila,FIN,Finland,2010,105,https://www.itftennis.com/tennis/api/PlayerRankApi/GetPlayerRankings?circuitCode=JT&playerTypeCode=B&ageCategoryCode=&juniorRankingType=itf&take=100&skip=700&isOrderAscending=true,2026-09-07T16:21:00.703Z
2026-09-07,M,793,800622597,Davit Zogranian,RUS,Russia,2009,104.75,https://www.itftennis.com/tennis/api/PlayerRankApi/GetPlayerRankings?circuitCode=JT&playerTypeCode=B&ageCategoryCode=&juniorRankingType=itf&take=100&skip=700&isOrderAscending=true,2026-09-07T16:21:00.703Z
2026-09-07,M,794,800775396,Agustin Siancha Borlenghi,ESP,Spain,2009,104.75,https://www.itftennis.com/tennis/api/PlayerRankApi/GetPlayerRankings?circuitCode=JT&playerTypeCode=B&ageCategoryCode=&juniorRankingType=itf&take=100&skip=700&isOrderAscending=true,2026-09-07T16:21:00.703Z
2026-09-07,M,795,800773636,Parth Chitroda,AUS,Australia,2010,104.5,https://www.itftennis.com/tennis/api/PlayerRankApi/GetPlayerRankings?circuitCode=JT&playerTypeCode=B&ageCategoryCode=&juniorRankingType=itf&take=100&skip=700&isOrderAscending=true,2026-09-07T16:21:00.703Z
2026-09-07,M,796,800691288,Tiziano Barbier,ARG,Argentina,2009,104.25,https://www.itftennis.com/tennis/api/PlayerRankApi/GetPlayerRankings?circuitCode=JT&playerTypeCode=B&ageCategoryCode=&juniorRankingType=itf&take=100&skip=700&isOrderAscending=true,2026-09-07T16:21:00.703Z
2026-09-07,M,797,800661322,Nikita Gafurov,UZB,Uzbekistan,2009,104,https://www.itftennis.com/tennis/api/PlayerRankApi/GetPlayerRankings?circuitCode=JT&playerTypeCode=B&ageCategoryCode=&juniorRankingType=itf&take=100&skip=700&isOrderAscending=true,2026-09-07T16:21:00.703Z
2026-09-07,M,798,800662741,TOMMASO ROSSO,ITA,Italy,2009,104,https://www.itftennis.com/tennis/api/PlayerRankApi/GetPlayerRankings?circuitCode=JT&playerTypeCode=B&ageCategoryCode=&juniorRankingType=itf&take=100&skip=700&isOrderAscending=true,2026-09-07T16:21:00.703Z
2026-09-07,M,799,800664357,Leo Wright,GBR,Great Britain,2009,103.75,https://www.itftennis.com/tennis/api/PlayerRankApi/GetPlayerRankings?circuitCode=JT&playerTypeCode=B&ageCategoryCode=&juniorRankingType=itf&take=100&skip=700&isOrderAscending=true,2026-09-07T16:21:00.703Z
2026-09-07,M,800,800660581,Vivaan Bidasaria,IND,India,2010,103.5,https://www.itftennis.com/tennis/api/PlayerRankApi/GetPlayerRankings?circuitCode=JT&playerTypeCode=B&ageCategoryCode=&juniorRankingType=itf&take=100&skip=700&isOrderAscending=true,2026-09-07T16:21:00.703Z
2026-09-07,M,801,800712978,Marc-Edouard Lallier,CAN,Canada,2010,103.5,https://www.itftennis.com/tennis/api/PlayerRankApi/GetPlayerRankings?circuitCode=JT&playerTypeCode=B&ageCategoryCode=&juniorRankingType=itf&take=100&skip=800&isOrderAscending=true,2026-09-07T16:21:01.554Z
2026-09-07,M,802,800650048,Oliver Wei Liu,SWE,Sweden,2008,103.5,https://www.itftennis.com/tennis/api/PlayerRankApi/GetPlayerRankings?circuitCode=JT&playerTypeCode=B&ageCategoryCode=&juniorRankingType=itf&take=100&skip=800&isOrderAscending=true,2026-09-07T16:21:01.554Z
2026-09-07,M,803,800767912,Yanshuo Pan,CHN,"China, P.R.",2010,103.25,https://www.itftennis.com/tennis/api/PlayerRankApi/GetPlayerRankings?circuitCode=JT&playerTypeCode=B&ageCategoryCode=&juniorRankingType=itf&take=100&skip=800&isOrderAscending=true,2026-09-07T16:21:01.554Z
2026-09-07,M,804,800772398,Sakeri Parnell,NZL,New Zealand,2009,103,https://www.itftennis.com/tennis/api/PlayerRankApi/GetPlayerRankings?circuitCode=JT&playerTypeCode=B&ageCategoryCode=&juniorRankingType=itf&take=100&skip=800&isOrderAscending=true,2026-09-07T16:21:01.554Z
2026-09-07,M,805,800592031,Nik Denotte,BEL,Belgium,2008,103,https://www.itftennis.com/tennis/api/PlayerRankApi/GetPlayerRankings?circuitCode=JT&playerTypeCode=B&ageCategoryCode=&juniorRankingType=itf&take=100&skip=800&isOrderAscending=true,2026-09-07T16:21:01.554Z
2026-09-07,M,806,800594610,Alessandro Maina,ITA,Italy,2008,103,https://www.itftennis.com/tennis/api/PlayerRankApi/GetPlayerRankings?circuitCode=JT&playerTypeCode=B&ageCategoryCode=&juniorRankingType=itf&take=100&skip=800&isOrderAscending=true,2026-09-07T16:21:01.554Z
2026-09-07,M,807,800774120,Kango Endoh,JPN,Japan,2010,103,https://www.itftennis.com/tennis/api/PlayerRankApi/GetPlayerRankings?circuitCode=JT&playerTypeCode=B&ageCategoryCode=&juniorRankingType=itf&take=100&skip=800&isOrderAscending=true,2026-09-07T16:21:01.554Z
2026-09-07,M,808,800758305,David Hustin Alemany,ESP,Spain,2009,102.75,https://www.itftennis.com/tennis/api/PlayerRankApi/GetPlayerRankings?circuitCode=JT&playerTypeCode=B&ageCategoryCode=&juniorRankingType=itf&take=100&skip=800&isOrderAscending=true,2026-09-07T16:21:01.554Z
2026-09-07,M,809,800577050,Maxime Rodesch,LUX,Luxembourg,2008,102.75,https://www.itftennis.com/tennis/api/PlayerRankApi/GetPlayerRankings?circuitCode=JT&playerTypeCode=B&ageCategoryCode=&juniorRankingType=itf&take=100&skip=800&isOrderAscending=true,2026-09-07T16:21:01.554Z
2026-09-07,M,810,800599907,Andreas Messis,GRE,Greece,2008,102.25,https://www.itftennis.com/tennis/api/PlayerRankApi/GetPlayerRankings?circuitCode=JT&playerTypeCode=B&ageCategoryCode=&juniorRankingType=itf&take=100&skip=800&isOrderAscending=true,2026-09-07T16:21:01.554Z
2026-09-07,M,811,800589059,Ivan Matveev,RUS,Russia,2008,101.75,https://www.itftennis.com/tennis/api/PlayerRankApi/GetPlayerRankings?circuitCode=JT&playerTypeCode=B&ageCategoryCode=&juniorRankingType=itf&take=100&skip=800&isOrderAscending=true,2026-09-07T16:21:01.554Z
2026-09-07,M,812,800595551,Hrvoje Jutresa,CRO,Croatia,2008,101.75,https://www.itftennis.com/tennis/api/PlayerRankApi/GetPlayerRankings?circuitCode=JT&playerTypeCode=B&ageCategoryCode=&juniorRankingType=itf&take=100&skip=800&isOrderAscending=true,2026-09-07T16:21:01.554Z
2026-09-07,M,813,800774897,Aiden Phoebus,USA,USA,2008,101.75,https://www.itftennis.com/tennis/api/PlayerRankApi/GetPlayerRankings?circuitCode=JT&playerTypeCode=B&ageCategoryCode=&juniorRankingType=itf&take=100&skip=800&isOrderAscending=true,2026-09-07T16:21:01.554Z
2026-09-07,M,814,800703827,Julian Garnier,CRC,Costa Rica,2008,101.75,https://www.itftennis.com/tennis/api/PlayerRankApi/GetPlayerRankings?circuitCode=JT&playerTypeCode=B&ageCategoryCode=&juniorRankingType=itf&take=100&skip=800&isOrderAscending=true,2026-09-07T16:21:01.554Z
2026-09-07,M,815,800731440,Zurui Zhang,CHN,"China, P.R.",2009,101.5,https://www.itftennis.com/tennis/api/PlayerRankApi/GetPlayerRankings?circuitCode=JT&playerTypeCode=B&ageCategoryCode=&juniorRankingType=itf&take=100&skip=800&isOrderAscending=true,2026-09-07T16:21:01.554Z
2026-09-07,M,816,800624235,Tanussh Ghildyal,IND,India,2008,101.5,https://www.itftennis.com/tennis/api/PlayerRankApi/GetPlayerRankings?circuitCode=JT&playerTypeCode=B&ageCategoryCode=&juniorRankingType=itf&take=100&skip=800&isOrderAscending=true,2026-09-07T16:21:01.554Z
2026-09-07,M,817,800595606,Ivon Jovanovic,CRO,Croatia,2008,101.25,https://www.itftennis.com/tennis/api/PlayerRankApi/GetPlayerRankings?circuitCode=JT&playerTypeCode=B&ageCategoryCode=&juniorRankingType=itf&take=100&skip=800&isOrderAscending=true,2026-09-07T16:21:01.554Z
2026-09-07,M,818,800648011,Lukas Lita,GER,Germany,2009,101.25,https://www.itftennis.com/tennis/api/PlayerRankApi/GetPlayerRankings?circuitCode=JT&playerTypeCode=B&ageCategoryCode=&juniorRankingType=itf&take=100&skip=800&isOrderAscending=true,2026-09-07T16:21:01.554Z
2026-09-07,M,819,800681024,Dario Ortega Ferrero,ESP,Spain,2009,101,https://www.itftennis.com/tennis/api/PlayerRankApi/GetPlayerRankings?circuitCode=JT&playerTypeCode=B&ageCategoryCode=&juniorRankingType=itf&take=100&skip=800&isOrderAscending=true,2026-09-07T16:21:01.554Z
2026-09-07,M,820,800706734,Rishi Makesar,AUS,Australia,2009,100.75,https://www.itftennis.com/tennis/api/PlayerRankApi/GetPlayerRankings?circuitCode=JT&playerTypeCode=B&ageCategoryCode=&juniorRankingType=itf&take=100&skip=800&isOrderAscending=true,2026-09-07T16:21:01.554Z
2026-09-07,M,821,800748406,Callum Mackinnon,CAN,Canada,2010,100.75,https://www.itftennis.com/tennis/api/PlayerRankApi/GetPlayerRankings?circuitCode=JT&playerTypeCode=B&ageCategoryCode=&juniorRankingType=itf&take=100&skip=800&isOrderAscending=true,2026-09-07T16:21:01.554Z
2026-09-07,M,822,800808116,Johnny Wolf,USA,USA,2010,100.5,https://www.itftennis.com/tennis/api/PlayerRankApi/GetPlayerRankings?circuitCode=JT&playerTypeCode=B&ageCategoryCode=&juniorRankingType=itf&take=100&skip=800&isOrderAscending=true,2026-09-07T16:21:01.554Z
2026-09-07,M,823,800707895,Makanaka Whata,ZIM,Zimbabwe,2008,100.5,https://www.itftennis.com/tennis/api/PlayerRankApi/GetPlayerRankings?circuitCode=JT&playerTypeCode=B&ageCategoryCode=&juniorRankingType=itf&take=100&skip=800&isOrderAscending=true,2026-09-07T16:21:01.554Z
2026-09-07,M,824,800775047,Junze Wu,CHN,"China, P.R.",2010,100.5,https://www.itftennis.com/tennis/api/PlayerRankApi/GetPlayerRankings?circuitCode=JT&playerTypeCode=B&ageCategoryCode=&juniorRankingType=itf&take=100&skip=800&isOrderAscending=true,2026-09-07T16:21:01.554Z
2026-09-07,M,825,800660548,Xavier De Marteau,BEL,Belgium,2009,100.5,https://www.itftennis.com/tennis/api/PlayerRankApi/GetPlayerRankings?circuitCode=JT&playerTypeCode=B&ageCategoryCode=&juniorRankingType=itf&take=100&skip=800&isOrderAscending=true,2026-09-07T16:21:01.554Z
2026-09-07,M,826,800703060,Jaydan Mitchell,GBR,Great Britain,2008,100.25,https://www.itftennis.com/tennis/api/PlayerRankApi/GetPlayerRankings?circuitCode=JT&playerTypeCode=B&ageCategoryCode=&juniorRankingType=itf&take=100&skip=800&isOrderAscending=true,2026-09-07T16:21:01.554Z
2026-09-07,M,827,800671015,Ferdinand Grasl,AUT,Austria,2010,100,https://www.itftennis.com/tennis/api/PlayerRankApi/GetPlayerRankings?circuitCode=JT&playerTypeCode=B&ageCategoryCode=&juniorRankingType=itf&take=100&skip=800&isOrderAscending=true,2026-09-07T16:21:01.554Z
2026-09-07,M,828,800647107,sergi ramis coll,ESP,Spain,2009,100,https://www.itftennis.com/tennis/api/PlayerRankApi/GetPlayerRankings?circuitCode=JT&playerTypeCode=B&ageCategoryCode=&juniorRankingType=itf&take=100&skip=800&isOrderAscending=true,2026-09-07T16:21:01.554Z
2026-09-07,M,829,800780528,Sebastian Lavorato,AUS,Australia,2012,99.75,https://www.itftennis.com/tennis/api/PlayerRankApi/GetPlayerRankings?circuitCode=JT&playerTypeCode=B&ageCategoryCode=&juniorRankingType=itf&take=100&skip=800&isOrderAscending=true,2026-09-07T16:21:01.554Z
2026-09-07,M,830,800693872,Gianluigi Martini,GUA,Guatemala,2008,99.5,https://www.itftennis.com/tennis/api/PlayerRankApi/GetPlayerRankings?circuitCode=JT&playerTypeCode=B&ageCategoryCode=&juniorRankingType=itf&take=100&skip=800&isOrderAscending=true,2026-09-07T16:21:01.554Z
2026-09-07,M,831,800760345,Jannik Spindler,AUT,Austria,2010,99.25,https://www.itftennis.com/tennis/api/PlayerRankApi/GetPlayerRankings?circuitCode=JT&playerTypeCode=B&ageCategoryCode=&juniorRankingType=itf&take=100&skip=800&isOrderAscending=true,2026-09-07T16:21:01.554Z
2026-09-07,M,832,800735005,Julio Cesar Perez,MEX,Mexico,2009,99,https://www.itftennis.com/tennis/api/PlayerRankApi/GetPlayerRankings?circuitCode=JT&playerTypeCode=B&ageCategoryCode=&juniorRankingType=itf&take=100&skip=800&isOrderAscending=true,2026-09-07T16:21:01.554Z
2026-09-07,M,833,800734010,Sulaiman Syed,USA,USA,2010,98.75,https://www.itftennis.com/tennis/api/PlayerRankApi/GetPlayerRankings?circuitCode=JT&playerTypeCode=B&ageCategoryCode=&juniorRankingType=itf&take=100&skip=800&isOrderAscending=true,2026-09-07T16:21:01.554Z
2026-09-07,M,834,800621604,Antoni Kasperski,POL,Poland,2008,98.5,https://www.itftennis.com/tennis/api/PlayerRankApi/GetPlayerRankings?circuitCode=JT&playerTypeCode=B&ageCategoryCode=&juniorRankingType=itf&take=100&skip=800&isOrderAscending=true,2026-09-07T16:21:01.554Z
2026-09-07,M,835,800664860,Liam Lugaric,SLO,Slovenia,2008,98.5,https://www.itftennis.com/tennis/api/PlayerRankApi/GetPlayerRankings?circuitCode=JT&playerTypeCode=B&ageCategoryCode=&juniorRankingType=itf&take=100&skip=800&isOrderAscending=true,2026-09-07T16:21:01.554Z
2026-09-07,M,836,800695570,George Margiev,RUS,Russia,2008,98.25,https://www.itftennis.com/tennis/api/PlayerRankApi/GetPlayerRankings?circuitCode=JT&playerTypeCode=B&ageCategoryCode=&juniorRankingType=itf&take=100&skip=800&isOrderAscending=true,2026-09-07T16:21:01.554Z
2026-09-07,M,837,800714933,Luca Braun,POR,Portugal,2009,98,https://www.itftennis.com/tennis/api/PlayerRankApi/GetPlayerRankings?circuitCode=JT&playerTypeCode=B&ageCategoryCode=&juniorRankingType=itf&take=100&skip=800&isOrderAscending=true,2026-09-07T16:21:01.554Z
2026-09-07,M,838,800596864,Nikita Smirnov,EST,Estonia,2009,98,https://www.itftennis.com/tennis/api/PlayerRankApi/GetPlayerRankings?circuitCode=JT&playerTypeCode=B&ageCategoryCode=&juniorRankingType=itf&take=100&skip=800&isOrderAscending=true,2026-09-07T16:21:01.554Z
2026-09-07,M,839,800679824,Mattis Thorsnes,NOR,Norway,2010,98,https://www.itftennis.com/tennis/api/PlayerRankApi/GetPlayerRankings?circuitCode=JT&playerTypeCode=B&ageCategoryCode=&juniorRankingType=itf&take=100&skip=800&isOrderAscending=true,2026-09-07T16:21:01.554Z
2026-09-07,M,840,800663632,Daksh Kukreti,IND,India,2008,98,https://www.itftennis.com/tennis/api/PlayerRankApi/GetPlayerRankings?circuitCode=JT&playerTypeCode=B&ageCategoryCode=&juniorRankingType=itf&take=100&skip=800&isOrderAscending=true,2026-09-07T16:21:01.554Z
2026-09-07,M,841,800650050,Harry Cornhill,GBR,Great Britain,2009,97.75,https://www.itftennis.com/tennis/api/PlayerRankApi/GetPlayerRankings?circuitCode=JT&playerTypeCode=B&ageCategoryCode=&juniorRankingType=itf&take=100&skip=800&isOrderAscending=true,2026-09-07T16:21:01.554Z
2026-09-07,M,842,800674983,Lorenzo Sverzut Corsini,BRA,Brazil,2009,97.25,https://www.itftennis.com/tennis/api/PlayerRankApi/GetPlayerRankings?circuitCode=JT&playerTypeCode=B&ageCategoryCode=&juniorRankingType=itf&take=100&skip=800&isOrderAscending=true,2026-09-07T16:21:01.554Z
2026-09-07,M,843,800717014,Ari Lewis-Kelly,AUS,Australia,2008,97.25,https://www.itftennis.com/tennis/api/PlayerRankApi/GetPlayerRankings?circuitCode=JT&playerTypeCode=B&ageCategoryCode=&juniorRankingType=itf&take=100&skip=800&isOrderAscending=true,2026-09-07T16:21:01.554Z
2026-09-07,M,844,800653897,Olzhas Yessenaly,KAZ,Kazakhstan,2008,97.25,https://www.itftennis.com/tennis/api/PlayerRankApi/GetPlayerRankings?circuitCode=JT&playerTypeCode=B&ageCategoryCode=&juniorRankingType=itf&take=100&skip=800&isOrderAscending=true,2026-09-07T16:21:01.554Z
2026-09-07,M,845,800670827,maximilian williams,GBR,Great Britain,2008,97,https://www.itftennis.com/tennis/api/PlayerRankApi/GetPlayerRankings?circuitCode=JT&playerTypeCode=B&ageCategoryCode=&juniorRankingType=itf&take=100&skip=800&isOrderAscending=true,2026-09-07T16:21:01.554Z
2026-09-07,M,846,800673353,Scott Watson,GBR,Great Britain,2010,96.25,https://www.itftennis.com/tennis/api/PlayerRankApi/GetPlayerRankings?circuitCode=JT&playerTypeCode=B&ageCategoryCode=&juniorRankingType=itf&take=100&skip=800&isOrderAscending=true,2026-09-07T16:21:01.554Z
2026-09-07,M,847,800686417,Keisei Miyagishi,JPN,Japan,2009,96,https://www.itftennis.com/tennis/api/PlayerRankApi/GetPlayerRankings?circuitCode=JT&playerTypeCode=B&ageCategoryCode=&juniorRankingType=itf&take=100&skip=800&isOrderAscending=true,2026-09-07T16:21:01.554Z
2026-09-07,M,848,800598403,Dragos Mihai Mone,ROU,Romania,2009,96,https://www.itftennis.com/tennis/api/PlayerRankApi/GetPlayerRankings?circuitCode=JT&playerTypeCode=B&ageCategoryCode=&juniorRankingType=itf&take=100&skip=800&isOrderAscending=true,2026-09-07T16:21:01.554Z
2026-09-07,M,849,800795972,Elia Ruffino,ITA,Italy,2009,96,https://www.itftennis.com/tennis/api/PlayerRankApi/GetPlayerRankings?circuitCode=JT&playerTypeCode=B&ageCategoryCode=&juniorRankingType=itf&take=100&skip=800&isOrderAscending=true,2026-09-07T16:21:01.554Z
2026-09-07,M,850,800689814,Kanata Ozaki,JPN,Japan,2008,95.75,https://www.itftennis.com/tennis/api/PlayerRankApi/GetPlayerRankings?circuitCode=JT&playerTypeCode=B&ageCategoryCode=&juniorRankingType=itf&take=100&skip=800&isOrderAscending=true,2026-09-07T16:21:01.554Z
2026-09-07,M,851,800736451,Lucas Pontes,BRA,Brazil,2009,95.5,https://www.itftennis.com/tennis/api/PlayerRankApi/GetPlayerRankings?circuitCode=JT&playerTypeCode=B&ageCategoryCode=&juniorRankingType=itf&take=100&skip=800&isOrderAscending=true,2026-09-07T16:21:01.554Z
2026-09-07,M,852,800731050,Tong Liu,CHN,"China, P.R.",2008,95.5,https://www.itftennis.com/tennis/api/PlayerRankApi/GetPlayerRankings?circuitCode=JT&playerTypeCode=B&ageCategoryCode=&juniorRankingType=itf&take=100&skip=800&isOrderAscending=true,2026-09-07T16:21:01.554Z
2026-09-07,M,853,800692052,Ronan Doyle,IRL,Ireland,2010,95.5,https://www.itftennis.com/tennis/api/PlayerRankApi/GetPlayerRankings?circuitCode=JT&playerTypeCode=B&ageCategoryCode=&juniorRankingType=itf&take=100&skip=800&isOrderAscending=true,2026-09-07T16:21:01.554Z
2026-09-07,M,854,800688308,Tri Srisen,THA,Thailand,2010,95.5,https://www.itftennis.com/tennis/api/PlayerRankApi/GetPlayerRankings?circuitCode=JT&playerTypeCode=B&ageCategoryCode=&juniorRankingType=itf&take=100&skip=800&isOrderAscending=true,2026-09-07T16:21:01.554Z
2026-09-07,M,855,800743576,Tobias Horsky,CZE,Czechia,2009,95.5,https://www.itftennis.com/tennis/api/PlayerRankApi/GetPlayerRankings?circuitCode=JT&playerTypeCode=B&ageCategoryCode=&juniorRankingType=itf&take=100&skip=800&isOrderAscending=true,2026-09-07T16:21:01.554Z
2026-09-07,M,856,800668009,Alex Tuomolin,FIN,Finland,2010,95.25,https://www.itftennis.com/tennis/api/PlayerRankApi/GetPlayerRankings?circuitCode=JT&playerTypeCode=B&ageCategoryCode=&juniorRankingType=itf&take=100&skip=800&isOrderAscending=true,2026-09-07T16:21:01.554Z
2026-09-07,M,857,800604458,Geonhyung Kim,KOR,"Korea, Rep.",2008,95,https://www.itftennis.com/tennis/api/PlayerRankApi/GetPlayerRankings?circuitCode=JT&playerTypeCode=B&ageCategoryCode=&juniorRankingType=itf&take=100&skip=800&isOrderAscending=true,2026-09-07T16:21:01.554Z
2026-09-07,M,858,800621795,Marko Colak,CRO,Croatia,2009,95,https://www.itftennis.com/tennis/api/PlayerRankApi/GetPlayerRankings?circuitCode=JT&playerTypeCode=B&ageCategoryCode=&juniorRankingType=itf&take=100&skip=800&isOrderAscending=true,2026-09-07T16:21:01.554Z
2026-09-07,M,859,800684208,Hursh Patel,UAE,United Arab Emirates,2010,94.75,https://www.itftennis.com/tennis/api/PlayerRankApi/GetPlayerRankings?circuitCode=JT&playerTypeCode=B&ageCategoryCode=&juniorRankingType=itf&take=100&skip=800&isOrderAscending=true,2026-09-07T16:21:01.555Z
2026-09-07,M,860,800680251,Hugo Eggert,FIN,Finland,2009,94.75,https://www.itftennis.com/tennis/api/PlayerRankApi/GetPlayerRankings?circuitCode=JT&playerTypeCode=B&ageCategoryCode=&juniorRankingType=itf&take=100&skip=800&isOrderAscending=true,2026-09-07T16:21:01.555Z
2026-09-07,M,861,800625842,Harrison Mcelnea,GBR,Great Britain,2008,93.75,https://www.itftennis.com/tennis/api/PlayerRankApi/GetPlayerRankings?circuitCode=JT&playerTypeCode=B&ageCategoryCode=&juniorRankingType=itf&take=100&skip=800&isOrderAscending=true,2026-09-07T16:21:01.555Z
2026-09-07,M,862,800702477,Alessandro Gallo,ITA,Italy,2010,93.75,https://www.itftennis.com/tennis/api/PlayerRankApi/GetPlayerRankings?circuitCode=JT&playerTypeCode=B&ageCategoryCode=&juniorRankingType=itf&take=100&skip=800&isOrderAscending=true,2026-09-07T16:21:01.555Z
2026-09-07,M,863,800714352,Andrej Adamovic,SVK,Slovakia,2011,93.25,https://www.itftennis.com/tennis/api/PlayerRankApi/GetPlayerRankings?circuitCode=JT&playerTypeCode=B&ageCategoryCode=&juniorRankingType=itf&take=100&skip=800&isOrderAscending=true,2026-09-07T16:21:01.555Z
2026-09-07,M,864,800667795,Alexander Groet,SUI,Switzerland,2009,93.25,https://www.itftennis.com/tennis/api/PlayerRankApi/GetPlayerRankings?circuitCode=JT&playerTypeCode=B&ageCategoryCode=&juniorRankingType=itf&take=100&skip=800&isOrderAscending=true,2026-09-07T16:21:01.555Z
2026-09-07,M,865,800694047,Luys Calin,GER,Germany,2011,93,https://www.itftennis.com/tennis/api/PlayerRankApi/GetPlayerRankings?circuitCode=JT&playerTypeCode=B&ageCategoryCode=&juniorRankingType=itf&take=100&skip=800&isOrderAscending=true,2026-09-07T16:21:01.555Z
2026-09-07,M,866,800602338,Hugo Tomas Garcia,ESP,Spain,2008,93,https://www.itftennis.com/tennis/api/PlayerRankApi/GetPlayerRankings?circuitCode=JT&playerTypeCode=B&ageCategoryCode=&juniorRankingType=itf&take=100&skip=800&isOrderAscending=true,2026-09-07T16:21:01.555Z
2026-09-07,M,867,800653613,Albin Colette,FRA,France,2010,92.75,https://www.itftennis.com/tennis/api/PlayerRankApi/GetPlayerRankings?circuitCode=JT&playerTypeCode=B&ageCategoryCode=&juniorRankingType=itf&take=100&skip=800&isOrderAscending=true,2026-09-07T16:21:01.555Z
2026-09-07,M,868,800715267,Mateus Bozzini Pisani,BRA,Brazil,2009,92.75,https://www.itftennis.com/tennis/api/PlayerRankApi/GetPlayerRankings?circuitCode=JT&playerTypeCode=B&ageCategoryCode=&juniorRankingType=itf&take=100&skip=800&isOrderAscending=true,2026-09-07T16:21:01.555Z
2026-09-07,M,869,800681941,Jacob Hewitt,USA,USA,2008,92.25,https://www.itftennis.com/tennis/api/PlayerRankApi/GetPlayerRankings?circuitCode=JT&playerTypeCode=B&ageCategoryCode=&juniorRankingType=itf&take=100&skip=800&isOrderAscending=true,2026-09-07T16:21:01.555Z
2026-09-07,M,870,800655445,Lucas Alexandru Milos,ROU,Romania,2010,92.25,https://www.itftennis.com/tennis/api/PlayerRankApi/GetPlayerRankings?circuitCode=JT&playerTypeCode=B&ageCategoryCode=&juniorRankingType=itf&take=100&skip=800&isOrderAscending=true,2026-09-07T16:21:01.555Z
2026-09-07,M,871,800655024,Paul Schmid,AUT,Austria,2008,92,https://www.itftennis.com/tennis/api/PlayerRankApi/GetPlayerRankings?circuitCode=JT&playerTypeCode=B&ageCategoryCode=&juniorRankingType=itf&take=100&skip=800&isOrderAscending=true,2026-09-07T16:21:01.555Z
2026-09-07,M,872,800593314,Artem Semenov,RUS,Russia,2009,91.75,https://www.itftennis.com/tennis/api/PlayerRankApi/GetPlayerRankings?circuitCode=JT&playerTypeCode=B&ageCategoryCode=&juniorRankingType=itf&take=100&skip=800&isOrderAscending=true,2026-09-07T16:21:01.555Z
2026-09-07,M,873,800763169,Jinxuan Cheng,CHN,"China, P.R.",2010,91.75,https://www.itftennis.com/tennis/api/PlayerRankApi/GetPlayerRankings?circuitCode=JT&playerTypeCode=B&ageCategoryCode=&juniorRankingType=itf&take=100&skip=800&isOrderAscending=true,2026-09-07T16:21:01.555Z
2026-09-07,M,874,800670538,Alexandros Avgeris,GRE,Greece,2010,91.5,https://www.itftennis.com/tennis/api/PlayerRankApi/GetPlayerRankings?circuitCode=JT&playerTypeCode=B&ageCategoryCode=&juniorRankingType=itf&take=100&skip=800&isOrderAscending=true,2026-09-07T16:21:01.555Z
2026-09-07,M,875,800593833,Daniil Tkachenko,RUS,Russia,2008,91.5,https://www.itftennis.com/tennis/api/PlayerRankApi/GetPlayerRankings?circuitCode=JT&playerTypeCode=B&ageCategoryCode=&juniorRankingType=itf&take=100&skip=800&isOrderAscending=true,2026-09-07T16:21:01.555Z
2026-09-07,M,876,800670475,Joachim Mika Gunawan,INA,Indonesia,2009,91.25,https://www.itftennis.com/tennis/api/PlayerRankApi/GetPlayerRankings?circuitCode=JT&playerTypeCode=B&ageCategoryCode=&juniorRankingType=itf&take=100&skip=800&isOrderAscending=true,2026-09-07T16:21:01.555Z
2026-09-07,M,877,800653591,Oluwajomiloju Aminu,GBR,Great Britain,2009,91.25,https://www.itftennis.com/tennis/api/PlayerRankApi/GetPlayerRankings?circuitCode=JT&playerTypeCode=B&ageCategoryCode=&juniorRankingType=itf&take=100&skip=800&isOrderAscending=true,2026-09-07T16:21:01.555Z
2026-09-07,M,878,800752433,Antonio Carlos Castellanos,GUA,Guatemala,2009,91,https://www.itftennis.com/tennis/api/PlayerRankApi/GetPlayerRankings?circuitCode=JT&playerTypeCode=B&ageCategoryCode=&juniorRankingType=itf&take=100&skip=800&isOrderAscending=true,2026-09-07T16:21:01.555Z
2026-09-07,M,879,800710243,Aaradhya Mhasde,IND,India,2010,90.5,https://www.itftennis.com/tennis/api/PlayerRankApi/GetPlayerRankings?circuitCode=JT&playerTypeCode=B&ageCategoryCode=&juniorRankingType=itf&take=100&skip=800&isOrderAscending=true,2026-09-07T16:21:01.555Z
2026-09-07,M,880,800653458,Mark Haidt,BLR,Belarus,2010,90.5,https://www.itftennis.com/tennis/api/PlayerRankApi/GetPlayerRankings?circuitCode=JT&playerTypeCode=B&ageCategoryCode=&juniorRankingType=itf&take=100&skip=800&isOrderAscending=true,2026-09-07T16:21:01.555Z
2026-09-07,M,881,800594501,Ferdinand Livet Novkirichka,FRA,France,2008,90,https://www.itftennis.com/tennis/api/PlayerRankApi/GetPlayerRankings?circuitCode=JT&playerTypeCode=B&ageCategoryCode=&juniorRankingType=itf&take=100&skip=800&isOrderAscending=true,2026-09-07T16:21:01.555Z
2026-09-07,M,882,800675200,Mihailo Trivunac,ITA,Italy,2008,90,https://www.itftennis.com/tennis/api/PlayerRankApi/GetPlayerRankings?circuitCode=JT&playerTypeCode=B&ageCategoryCode=&juniorRankingType=itf&take=100&skip=800&isOrderAscending=true,2026-09-07T16:21:01.555Z
2026-09-07,M,883,800741937,Matias Rivero Villena,BOL,Bolivia,2011,89.75,https://www.itftennis.com/tennis/api/PlayerRankApi/GetPlayerRankings?circuitCode=JT&playerTypeCode=B&ageCategoryCode=&juniorRankingType=itf&take=100&skip=800&isOrderAscending=true,2026-09-07T16:21:01.555Z
2026-09-07,M,884,800747188,Aidan Chan,AUS,Australia,2011,89.5,https://www.itftennis.com/tennis/api/PlayerRankApi/GetPlayerRankings?circuitCode=JT&playerTypeCode=B&ageCategoryCode=&juniorRankingType=itf&take=100&skip=800&isOrderAscending=true,2026-09-07T16:21:01.555Z
2026-09-07,M,885,800711636,Sebastian Pock,AUT,Austria,2010,89.5,https://www.itftennis.com/tennis/api/PlayerRankApi/GetPlayerRankings?circuitCode=JT&playerTypeCode=B&ageCategoryCode=&juniorRankingType=itf&take=100&skip=800&isOrderAscending=true,2026-09-07T16:21:01.555Z
2026-09-07,M,886,800695741,Antonio Vargas,BRA,Brazil,2009,89.5,https://www.itftennis.com/tennis/api/PlayerRankApi/GetPlayerRankings?circuitCode=JT&playerTypeCode=B&ageCategoryCode=&juniorRankingType=itf&take=100&skip=800&isOrderAscending=true,2026-09-07T16:21:01.555Z
2026-09-07,M,887,800667744,RYOTA TERAUCHI,JPN,Japan,2010,89.5,https://www.itftennis.com/tennis/api/PlayerRankApi/GetPlayerRankings?circuitCode=JT&playerTypeCode=B&ageCategoryCode=&juniorRankingType=itf&take=100&skip=800&isOrderAscending=true,2026-09-07T16:21:01.555Z
2026-09-07,M,888,800587826,Pietro Verno,ITA,Italy,2008,89.5,https://www.itftennis.com/tennis/api/PlayerRankApi/GetPlayerRankings?circuitCode=JT&playerTypeCode=B&ageCategoryCode=&juniorRankingType=itf&take=100&skip=800&isOrderAscending=true,2026-09-07T16:21:01.555Z
2026-09-07,M,889,800626198,Kristijan Janev,MKD,North Macedonia,2008,89.5,https://www.itftennis.com/tennis/api/PlayerRankApi/GetPlayerRankings?circuitCode=JT&playerTypeCode=B&ageCategoryCode=&juniorRankingType=itf&take=100&skip=800&isOrderAscending=true,2026-09-07T16:21:01.555Z
2026-09-07,M,890,800673622,Rafael Humberto Hartley Loayza,PER,Peru,2008,89.25,https://www.itftennis.com/tennis/api/PlayerRankApi/GetPlayerRankings?circuitCode=JT&playerTypeCode=B&ageCategoryCode=&juniorRankingType=itf&take=100&skip=800&isOrderAscending=true,2026-09-07T16:21:01.555Z
2026-09-07,M,891,800769027,Jaromir Peconka,CZE,Czechia,2008,89,https://www.itftennis.com/tennis/api/PlayerRankApi/GetPlayerRankings?circuitCode=JT&playerTypeCode=B&ageCategoryCode=&juniorRankingType=itf&take=100&skip=800&isOrderAscending=true,2026-09-07T16:21:01.555Z
2026-09-07,M,892,800645574,Stanislav Kosev,BUL,Bulgaria,2008,88.75,https://www.itftennis.com/tennis/api/PlayerRankApi/GetPlayerRankings?circuitCode=JT&playerTypeCode=B&ageCategoryCode=&juniorRankingType=itf&take=100&skip=800&isOrderAscending=true,2026-09-07T16:21:01.555Z
2026-09-07,M,893,800692423,Raoul Bazerghi,EGY,Egypt,2010,88.5,https://www.itftennis.com/tennis/api/PlayerRankApi/GetPlayerRankings?circuitCode=JT&playerTypeCode=B&ageCategoryCode=&juniorRankingType=itf&take=100&skip=800&isOrderAscending=true,2026-09-07T16:21:01.555Z
2026-09-07,M,894,800656237,Miguel Daiha,BRA,Brazil,2008,88.5,https://www.itftennis.com/tennis/api/PlayerRankApi/GetPlayerRankings?circuitCode=JT&playerTypeCode=B&ageCategoryCode=&juniorRankingType=itf&take=100&skip=800&isOrderAscending=true,2026-09-07T16:21:01.555Z
2026-09-07,M,895,800783662,Ryan Char,BRA,Brazil,2008,88.25,https://www.itftennis.com/tennis/api/PlayerRankApi/GetPlayerRankings?circuitCode=JT&playerTypeCode=B&ageCategoryCode=&juniorRankingType=itf&take=100&skip=800&isOrderAscending=true,2026-09-07T16:21:01.555Z
2026-09-07,M,896,800621894,Eita Suzuki,JPN,Japan,2008,88.25,https://www.itftennis.com/tennis/api/PlayerRankApi/GetPlayerRankings?circuitCode=JT&playerTypeCode=B&ageCategoryCode=&juniorRankingType=itf&take=100&skip=800&isOrderAscending=true,2026-09-07T16:21:01.555Z
2026-09-07,M,897,800589609,Titus Cristea,SUI,Switzerland,2008,88.25,https://www.itftennis.com/tennis/api/PlayerRankApi/GetPlayerRankings?circuitCode=JT&playerTypeCode=B&ageCategoryCode=&juniorRankingType=itf&take=100&skip=800&isOrderAscending=true,2026-09-07T16:21:01.555Z
2026-09-07,M,898,800735673,Tommy Camus,AUS,Australia,2011,88,https://www.itftennis.com/tennis/api/PlayerRankApi/GetPlayerRankings?circuitCode=JT&playerTypeCode=B&ageCategoryCode=&juniorRankingType=itf&take=100&skip=800&isOrderAscending=true,2026-09-07T16:21:01.555Z
2026-09-07,M,899,800628853,JOAQUIN RODRIGUEZ,PER,Peru,2008,87.75,https://www.itftennis.com/tennis/api/PlayerRankApi/GetPlayerRankings?circuitCode=JT&playerTypeCode=B&ageCategoryCode=&juniorRankingType=itf&take=100&skip=800&isOrderAscending=true,2026-09-07T16:21:01.555Z
2026-09-07,M,900,800629528,Jules Dannevoye,BEL,Belgium,2009,87.5,https://www.itftennis.com/tennis/api/PlayerRankApi/GetPlayerRankings?circuitCode=JT&playerTypeCode=B&ageCategoryCode=&juniorRankingType=itf&take=100&skip=800&isOrderAscending=true,2026-09-07T16:21:01.555Z
2026-09-07,M,901,800736992,Francisco Millan,ARG,Argentina,2008,87.25,https://www.itftennis.com/tennis/api/PlayerRankApi/GetPlayerRankings?circuitCode=JT&playerTypeCode=B&ageCategoryCode=&juniorRankingType=itf&take=100&skip=900&isOrderAscending=true,2026-09-07T16:21:02.364Z
2026-09-07,M,902,800710462,David Madero,USA,USA,2008,87.25,https://www.itftennis.com/tennis/api/PlayerRankApi/GetPlayerRankings?circuitCode=JT&playerTypeCode=B&ageCategoryCode=&juniorRankingType=itf&take=100&skip=900&isOrderAscending=true,2026-09-07T16:21:02.364Z
2026-09-07,M,903,800707169,Veerawit Kamput,THA,Thailand,2009,87.25,https://www.itftennis.com/tennis/api/PlayerRankApi/GetPlayerRankings?circuitCode=JT&playerTypeCode=B&ageCategoryCode=&juniorRankingType=itf&take=100&skip=900&isOrderAscending=true,2026-09-07T16:21:02.364Z
2026-09-07,M,904,800675749,Casey Unitt,GBR,Great Britain,2008,87.25,https://www.itftennis.com/tennis/api/PlayerRankApi/GetPlayerRankings?circuitCode=JT&playerTypeCode=B&ageCategoryCode=&juniorRankingType=itf&take=100&skip=900&isOrderAscending=true,2026-09-07T16:21:02.364Z
2026-09-07,M,905,800584371,Petar Ivanchev,BUL,Bulgaria,2008,87,https://www.itftennis.com/tennis/api/PlayerRankApi/GetPlayerRankings?circuitCode=JT&playerTypeCode=B&ageCategoryCode=&juniorRankingType=itf&take=100&skip=900&isOrderAscending=true,2026-09-07T16:21:02.364Z
2026-09-07,M,906,800642990,Alejandro Bejarano,BOL,Bolivia,2008,87,https://www.itftennis.com/tennis/api/PlayerRankApi/GetPlayerRankings?circuitCode=JT&playerTypeCode=B&ageCategoryCode=&juniorRankingType=itf&take=100&skip=900&isOrderAscending=true,2026-09-07T16:21:02.364Z
2026-09-07,M,907,800803073,Aiden Nitch,AUS,Australia,2009,86.75,https://www.itftennis.com/tennis/api/PlayerRankApi/GetPlayerRankings?circuitCode=JT&playerTypeCode=B&ageCategoryCode=&juniorRankingType=itf&take=100&skip=900&isOrderAscending=true,2026-09-07T16:21:02.365Z
2026-09-07,M,908,800777652,Ryan Bolger,AUS,Australia,2011,86.25,https://www.itftennis.com/tennis/api/PlayerRankApi/GetPlayerRankings?circuitCode=JT&playerTypeCode=B&ageCategoryCode=&juniorRankingType=itf&take=100&skip=900&isOrderAscending=true,2026-09-07T16:21:02.365Z
2026-09-07,M,909,800586968,Rodrigo Duarte,POR,Portugal,2008,86.25,https://www.itftennis.com/tennis/api/PlayerRankApi/GetPlayerRankings?circuitCode=JT&playerTypeCode=B&ageCategoryCode=&juniorRankingType=itf&take=100&skip=900&isOrderAscending=true,2026-09-07T16:21:02.365Z
2026-09-07,M,910,800630695,Amir Jaber,JOR,Jordan,2009,86.25,https://www.itftennis.com/tennis/api/PlayerRankApi/GetPlayerRankings?circuitCode=JT&playerTypeCode=B&ageCategoryCode=&juniorRankingType=itf&take=100&skip=900&isOrderAscending=true,2026-09-07T16:21:02.365Z
2026-09-07,M,911,800678780,Chetan Vasquez Quintero,COL,Colombia,2009,85.75,https://www.itftennis.com/tennis/api/PlayerRankApi/GetPlayerRankings?circuitCode=JT&playerTypeCode=B&ageCategoryCode=&juniorRankingType=itf&take=100&skip=900&isOrderAscending=true,2026-09-07T16:21:02.365Z
2026-09-07,M,912,800690312,Andrej Markovic,USA,USA,2008,85.5,https://www.itftennis.com/tennis/api/PlayerRankApi/GetPlayerRankings?circuitCode=JT&playerTypeCode=B&ageCategoryCode=&juniorRankingType=itf&take=100&skip=900&isOrderAscending=true,2026-09-07T16:21:02.365Z
2026-09-07,M,913,800679515,Stefanos Roussos,GRE,Greece,2009,85.5,https://www.itftennis.com/tennis/api/PlayerRankApi/GetPlayerRankings?circuitCode=JT&playerTypeCode=B&ageCategoryCode=&juniorRankingType=itf&take=100&skip=900&isOrderAscending=true,2026-09-07T16:21:02.365Z
2026-09-07,M,914,800764525,Ethan Andrew Pieber,AUT,Austria,2010,85.5,https://www.itftennis.com/tennis/api/PlayerRankApi/GetPlayerRankings?circuitCode=JT&playerTypeCode=B&ageCategoryCode=&juniorRankingType=itf&take=100&skip=900&isOrderAscending=true,2026-09-07T16:21:02.365Z
2026-09-07,M,915,800779648,Thomas Maximovitch Rodaminoff,FRA,France,2008,85.5,https://www.itftennis.com/tennis/api/PlayerRankApi/GetPlayerRankings?circuitCode=JT&playerTypeCode=B&ageCategoryCode=&juniorRankingType=itf&take=100&skip=900&isOrderAscending=true,2026-09-07T16:21:02.365Z
2026-09-07,M,916,800706507,Vincent Selmeczi,HUN,Hungary,2010,85.25,https://www.itftennis.com/tennis/api/PlayerRankApi/GetPlayerRankings?circuitCode=JT&playerTypeCode=B&ageCategoryCode=&juniorRankingType=itf&take=100&skip=900&isOrderAscending=true,2026-09-07T16:21:02.365Z
2026-09-07,M,917,800720305,Alex Perez,COL,Colombia,2010,85.25,https://www.itftennis.com/tennis/api/PlayerRankApi/GetPlayerRankings?circuitCode=JT&playerTypeCode=B&ageCategoryCode=&juniorRankingType=itf&take=100&skip=900&isOrderAscending=true,2026-09-07T16:21:02.365Z
2026-09-07,M,918,800730113,Mateo Herrarte,GUA,Guatemala,2009,85.25,https://www.itftennis.com/tennis/api/PlayerRankApi/GetPlayerRankings?circuitCode=JT&playerTypeCode=B&ageCategoryCode=&juniorRankingType=itf&take=100&skip=900&isOrderAscending=true,2026-09-07T16:21:02.365Z
2026-09-07,M,919,800703915,Vencel Fazekas,HUN,Hungary,2011,85,https://www.itftennis.com/tennis/api/PlayerRankApi/GetPlayerRankings?circuitCode=JT&playerTypeCode=B&ageCategoryCode=&juniorRankingType=itf&take=100&skip=900&isOrderAscending=true,2026-09-07T16:21:02.365Z
2026-09-07,M,920,800680415,Charles Rossillol,FRA,France,2010,85,https://www.itftennis.com/tennis/api/PlayerRankApi/GetPlayerRankings?circuitCode=JT&playerTypeCode=B&ageCategoryCode=&juniorRankingType=itf&take=100&skip=900&isOrderAscending=true,2026-09-07T16:21:02.365Z
2026-09-07,M,921,800729979,Tomas Tichy,CZE,Czechia,2009,84.75,https://www.itftennis.com/tennis/api/PlayerRankApi/GetPlayerRankings?circuitCode=JT&playerTypeCode=B&ageCategoryCode=&juniorRankingType=itf&take=100&skip=900&isOrderAscending=true,2026-09-07T16:21:02.365Z
2026-09-07,M,922,800635846,Gabriel Maciel Araujo Pyndt,DEN,Denmark,2008,84.75,https://www.itftennis.com/tennis/api/PlayerRankApi/GetPlayerRankings?circuitCode=JT&playerTypeCode=B&ageCategoryCode=&juniorRankingType=itf&take=100&skip=900&isOrderAscending=true,2026-09-07T16:21:02.365Z
2026-09-07,M,923,800696902,Iker Montes Velazquez,MEX,Mexico,2008,84.5,https://www.itftennis.com/tennis/api/PlayerRankApi/GetPlayerRankings?circuitCode=JT&playerTypeCode=B&ageCategoryCode=&juniorRankingType=itf&take=100&skip=900&isOrderAscending=true,2026-09-07T16:21:02.365Z
2026-09-07,M,924,800581494,Luka Petrovic,SLO,Slovenia,2008,84.25,https://www.itftennis.com/tennis/api/PlayerRankApi/GetPlayerRankings?circuitCode=JT&playerTypeCode=B&ageCategoryCode=&juniorRankingType=itf&take=100&skip=900&isOrderAscending=true,2026-09-07T16:21:02.365Z
2026-09-07,M,925,800662038,Gabriele Paolucci,LUX,Luxembourg,2009,84,https://www.itftennis.com/tennis/api/PlayerRankApi/GetPlayerRankings?circuitCode=JT&playerTypeCode=B&ageCategoryCode=&juniorRankingType=itf&take=100&skip=900&isOrderAscending=true,2026-09-07T16:21:02.365Z
2026-09-07,M,926,800713635,Sean Peng,USA,USA,2009,84,https://www.itftennis.com/tennis/api/PlayerRankApi/GetPlayerRankings?circuitCode=JT&playerTypeCode=B&ageCategoryCode=&juniorRankingType=itf&take=100&skip=900&isOrderAscending=true,2026-09-07T16:21:02.365Z
2026-09-07,M,927,800829023,Luke Jones,USA,USA,2011,83.75,https://www.itftennis.com/tennis/api/PlayerRankApi/GetPlayerRankings?circuitCode=JT&playerTypeCode=B&ageCategoryCode=&juniorRankingType=itf&take=100&skip=900&isOrderAscending=true,2026-09-07T16:21:02.365Z
2026-09-07,M,928,800647780,Jaylon Gabet,FRA,France,2010,83.75,https://www.itftennis.com/tennis/api/PlayerRankApi/GetPlayerRankings?circuitCode=JT&playerTypeCode=B&ageCategoryCode=&juniorRankingType=itf&take=100&skip=900&isOrderAscending=true,2026-09-07T16:21:02.365Z
2026-09-07,M,929,800696102,Matyas Perutka,CZE,Czechia,2009,83.75,https://www.itftennis.com/tennis/api/PlayerRankApi/GetPlayerRankings?circuitCode=JT&playerTypeCode=B&ageCategoryCode=&juniorRankingType=itf&take=100&skip=900&isOrderAscending=true,2026-09-07T16:21:02.365Z
2026-09-07,M,930,800743747,Levente Szasz,HUN,Hungary,2009,83.5,https://www.itftennis.com/tennis/api/PlayerRankApi/GetPlayerRankings?circuitCode=JT&playerTypeCode=B&ageCategoryCode=&juniorRankingType=itf&take=100&skip=900&isOrderAscending=true,2026-09-07T16:21:02.365Z
2026-09-07,M,931,800732950,Filip Vujicic,CAN,Canada,2010,83.5,https://www.itftennis.com/tennis/api/PlayerRankApi/GetPlayerRankings?circuitCode=JT&playerTypeCode=B&ageCategoryCode=&juniorRankingType=itf&take=100&skip=900&isOrderAscending=true,2026-09-07T16:21:02.365Z
2026-09-07,M,932,800746387,Mehdi LAABI,MAR,Morocco,2010,83.5,https://www.itftennis.com/tennis/api/PlayerRankApi/GetPlayerRankings?circuitCode=JT&playerTypeCode=B&ageCategoryCode=&juniorRankingType=itf&take=100&skip=900&isOrderAscending=true,2026-09-07T16:21:02.365Z
2026-09-07,M,933,800626479,Malek El-Qurneh,JOR,Jordan,2008,83.25,https://www.itftennis.com/tennis/api/PlayerRankApi/GetPlayerRankings?circuitCode=JT&playerTypeCode=B&ageCategoryCode=&juniorRankingType=itf&take=100&skip=900&isOrderAscending=true,2026-09-07T16:21:02.365Z
2026-09-07,M,934,800824908,Hozumi Kaneda,JPN,Japan,2011,83,https://www.itftennis.com/tennis/api/PlayerRankApi/GetPlayerRankings?circuitCode=JT&playerTypeCode=B&ageCategoryCode=&juniorRankingType=itf&take=100&skip=900&isOrderAscending=true,2026-09-07T16:21:02.365Z
2026-09-07,M,935,800675183,Mauricio Budge,PER,Peru,2008,83,https://www.itftennis.com/tennis/api/PlayerRankApi/GetPlayerRankings?circuitCode=JT&playerTypeCode=B&ageCategoryCode=&juniorRankingType=itf&take=100&skip=900&isOrderAscending=true,2026-09-07T16:21:02.365Z
2026-09-07,M,936,800574864,Armands Aire,LAT,Latvia,2008,83,https://www.itftennis.com/tennis/api/PlayerRankApi/GetPlayerRankings?circuitCode=JT&playerTypeCode=B&ageCategoryCode=&juniorRankingType=itf&take=100&skip=900&isOrderAscending=true,2026-09-07T16:21:02.365Z
2026-09-07,M,937,800652577,Jeronimo Duque Salazar,COL,Colombia,2009,82.75,https://www.itftennis.com/tennis/api/PlayerRankApi/GetPlayerRankings?circuitCode=JT&playerTypeCode=B&ageCategoryCode=&juniorRankingType=itf&take=100&skip=900&isOrderAscending=true,2026-09-07T16:21:02.365Z
2026-09-07,M,938,800774064,Karlo Filip Jukic,FRA,France,2009,82.75,https://www.itftennis.com/tennis/api/PlayerRankApi/GetPlayerRankings?circuitCode=JT&playerTypeCode=B&ageCategoryCode=&juniorRankingType=itf&take=100&skip=900&isOrderAscending=true,2026-09-07T16:21:02.365Z
2026-09-07,M,939,800732694,Juan Federico Nolo Pedrat,ARG,Argentina,2010,82.75,https://www.itftennis.com/tennis/api/PlayerRankApi/GetPlayerRankings?circuitCode=JT&playerTypeCode=B&ageCategoryCode=&juniorRankingType=itf&take=100&skip=900&isOrderAscending=true,2026-09-07T16:21:02.365Z
2026-09-07,M,940,800659919,Balthazar Orsanic,ARG,Argentina,2008,82.5,https://www.itftennis.com/tennis/api/PlayerRankApi/GetPlayerRankings?circuitCode=JT&playerTypeCode=B&ageCategoryCode=&juniorRankingType=itf&take=100&skip=900&isOrderAscending=true,2026-09-07T16:21:02.365Z
2026-09-07,M,941,800631676,Vadim Savlev,RUS,Russia,2009,82.5,https://www.itftennis.com/tennis/api/PlayerRankApi/GetPlayerRankings?circuitCode=JT&playerTypeCode=B&ageCategoryCode=&juniorRankingType=itf&take=100&skip=900&isOrderAscending=true,2026-09-07T16:21:02.365Z
2026-09-07,M,942,800845540,Iker Leon Castro,ESP,Spain,2010,82.25,https://www.itftennis.com/tennis/api/PlayerRankApi/GetPlayerRankings?circuitCode=JT&playerTypeCode=B&ageCategoryCode=&juniorRankingType=itf&take=100&skip=900&isOrderAscending=true,2026-09-07T16:21:02.365Z
2026-09-07,M,943,800630482,Luca Pedrosa,FRA,France,2009,82,https://www.itftennis.com/tennis/api/PlayerRankApi/GetPlayerRankings?circuitCode=JT&playerTypeCode=B&ageCategoryCode=&juniorRankingType=itf&take=100&skip=900&isOrderAscending=true,2026-09-07T16:21:02.365Z
2026-09-07,M,944,800798506,Doug Sheppard,AUS,Australia,2009,82,https://www.itftennis.com/tennis/api/PlayerRankApi/GetPlayerRankings?circuitCode=JT&playerTypeCode=B&ageCategoryCode=&juniorRankingType=itf&take=100&skip=900&isOrderAscending=true,2026-09-07T16:21:02.365Z
2026-09-07,M,945,800738513,Patricio Quintana Zapata,MEX,Mexico,2009,82,https://www.itftennis.com/tennis/api/PlayerRankApi/GetPlayerRankings?circuitCode=JT&playerTypeCode=B&ageCategoryCode=&juniorRankingType=itf&take=100&skip=900&isOrderAscending=true,2026-09-07T16:21:02.365Z
2026-09-07,M,946,800704246,Oscar Jusufagic,SWE,Sweden,2009,81.75,https://www.itftennis.com/tennis/api/PlayerRankApi/GetPlayerRankings?circuitCode=JT&playerTypeCode=B&ageCategoryCode=&juniorRankingType=itf&take=100&skip=900&isOrderAscending=true,2026-09-07T16:21:02.365Z
2026-09-07,M,947,800751148,Maddox Bogomolov,USA,USA,2009,81.5,https://www.itftennis.com/tennis/api/PlayerRankApi/GetPlayerRankings?circuitCode=JT&playerTypeCode=B&ageCategoryCode=&juniorRankingType=itf&take=100&skip=900&isOrderAscending=true,2026-09-07T16:21:02.365Z
2026-09-07,M,948,800733535,Yago Castellanos,ESP,Spain,2008,81,https://www.itftennis.com/tennis/api/PlayerRankApi/GetPlayerRankings?circuitCode=JT&playerTypeCode=B&ageCategoryCode=&juniorRankingType=itf&take=100&skip=900&isOrderAscending=true,2026-09-07T16:21:02.365Z
2026-09-07,M,949,800708119,Sean Grosman,USA,USA,2008,80.75,https://www.itftennis.com/tennis/api/PlayerRankApi/GetPlayerRankings?circuitCode=JT&playerTypeCode=B&ageCategoryCode=&juniorRankingType=itf&take=100&skip=900&isOrderAscending=true,2026-09-07T16:21:02.365Z
2026-09-07,M,950,800777433,Andres Guillermo Narcio Vazquez,MEX,Mexico,2010,80.75,https://www.itftennis.com/tennis/api/PlayerRankApi/GetPlayerRankings?circuitCode=JT&playerTypeCode=B&ageCategoryCode=&juniorRankingType=itf&take=100&skip=900&isOrderAscending=true,2026-09-07T16:21:02.365Z
2026-09-07,M,951,800679464,Edrick Koren,GBR,Great Britain,2009,80.75,https://www.itftennis.com/tennis/api/PlayerRankApi/GetPlayerRankings?circuitCode=JT&playerTypeCode=B&ageCategoryCode=&juniorRankingType=itf&take=100&skip=900&isOrderAscending=true,2026-09-07T16:21:02.365Z
2026-09-07,M,952,800664388,Joan Rosello Vives,ESP,Spain,2010,80.75,https://www.itftennis.com/tennis/api/PlayerRankApi/GetPlayerRankings?circuitCode=JT&playerTypeCode=B&ageCategoryCode=&juniorRankingType=itf&take=100&skip=900&isOrderAscending=true,2026-09-07T16:21:02.365Z
2026-09-07,M,953,800686524,Martin Cozar,ESP,Spain,2008,80.25,https://www.itftennis.com/tennis/api/PlayerRankApi/GetPlayerRankings?circuitCode=JT&playerTypeCode=B&ageCategoryCode=&juniorRankingType=itf&take=100&skip=900&isOrderAscending=true,2026-09-07T16:21:02.365Z
2026-09-07,M,954,800665832,Mykola Hrabar,UKR,Ukraine,2009,80.25,https://www.itftennis.com/tennis/api/PlayerRankApi/GetPlayerRankings?circuitCode=JT&playerTypeCode=B&ageCategoryCode=&juniorRankingType=itf&take=100&skip=900&isOrderAscending=true,2026-09-07T16:21:02.365Z
2026-09-07,M,955,800660011,Jens Holger Nissen,DEN,Denmark,2008,80.25,https://www.itftennis.com/tennis/api/PlayerRankApi/GetPlayerRankings?circuitCode=JT&playerTypeCode=B&ageCategoryCode=&juniorRankingType=itf&take=100&skip=900&isOrderAscending=true,2026-09-07T16:21:02.365Z
2026-09-07,M,956,800814074,Christofer Jair Nunez,HON,Honduras,2011,80.25,https://www.itftennis.com/tennis/api/PlayerRankApi/GetPlayerRankings?circuitCode=JT&playerTypeCode=B&ageCategoryCode=&juniorRankingType=itf&take=100&skip=900&isOrderAscending=true,2026-09-07T16:21:02.365Z
2026-09-07,M,957,800655019,Maksim Svetlov,BLR,Belarus,2010,80,https://www.itftennis.com/tennis/api/PlayerRankApi/GetPlayerRankings?circuitCode=JT&playerTypeCode=B&ageCategoryCode=&juniorRankingType=itf&take=100&skip=900&isOrderAscending=true,2026-09-07T16:21:02.365Z
2026-09-07,M,958,800600513,Felix Triquart,GER,Germany,2008,80,https://www.itftennis.com/tennis/api/PlayerRankApi/GetPlayerRankings?circuitCode=JT&playerTypeCode=B&ageCategoryCode=&juniorRankingType=itf&take=100&skip=900&isOrderAscending=true,2026-09-07T16:21:02.365Z
2026-09-07,M,959,800676473,VACLAV BARINA,CZE,Czechia,2011,80,https://www.itftennis.com/tennis/api/PlayerRankApi/GetPlayerRankings?circuitCode=JT&playerTypeCode=B&ageCategoryCode=&juniorRankingType=itf&take=100&skip=900&isOrderAscending=true,2026-09-07T16:21:02.365Z
2026-09-07,M,960,800765368,Alden Yu,CAN,Canada,2011,79.75,https://www.itftennis.com/tennis/api/PlayerRankApi/GetPlayerRankings?circuitCode=JT&playerTypeCode=B&ageCategoryCode=&juniorRankingType=itf&take=100&skip=900&isOrderAscending=true,2026-09-07T16:21:02.365Z
2026-09-07,M,961,800707426,Nadav Kraus,ISR,Israel,2010,79.75,https://www.itftennis.com/tennis/api/PlayerRankApi/GetPlayerRankings?circuitCode=JT&playerTypeCode=B&ageCategoryCode=&juniorRankingType=itf&take=100&skip=900&isOrderAscending=true,2026-09-07T16:21:02.365Z
2026-09-07,M,962,800726346,Davi Araujo De Sousa,BRA,Brazil,2010,79.5,https://www.itftennis.com/tennis/api/PlayerRankApi/GetPlayerRankings?circuitCode=JT&playerTypeCode=B&ageCategoryCode=&juniorRankingType=itf&take=100&skip=900&isOrderAscending=true,2026-09-07T16:21:02.365Z
2026-09-07,M,963,800600665,Daia Kurabayashi,JPN,Japan,2009,79.25,https://www.itftennis.com/tennis/api/PlayerRankApi/GetPlayerRankings?circuitCode=JT&playerTypeCode=B&ageCategoryCode=&juniorRankingType=itf&take=100&skip=900&isOrderAscending=true,2026-09-07T16:21:02.365Z
2026-09-07,M,964,800671011,Dash Green,GBR,Great Britain,2010,79.25,https://www.itftennis.com/tennis/api/PlayerRankApi/GetPlayerRankings?circuitCode=JT&playerTypeCode=B&ageCategoryCode=&juniorRankingType=itf&take=100&skip=900&isOrderAscending=true,2026-09-07T16:21:02.365Z
2026-09-07,M,965,800590604,Arsenii Lesniak,RUS,Russia,2008,79,https://www.itftennis.com/tennis/api/PlayerRankApi/GetPlayerRankings?circuitCode=JT&playerTypeCode=B&ageCategoryCode=&juniorRankingType=itf&take=100&skip=900&isOrderAscending=true,2026-09-07T16:21:02.365Z
2026-09-07,M,966,800737661,Billy Brennan,IRL,Ireland,2009,79,https://www.itftennis.com/tennis/api/PlayerRankApi/GetPlayerRankings?circuitCode=JT&playerTypeCode=B&ageCategoryCode=&juniorRankingType=itf&take=100&skip=900&isOrderAscending=true,2026-09-07T16:21:02.365Z
2026-09-07,M,967,800776732,Ricardo Dorantes Ramos,MEX,Mexico,2008,79,https://www.itftennis.com/tennis/api/PlayerRankApi/GetPlayerRankings?circuitCode=JT&playerTypeCode=B&ageCategoryCode=&juniorRankingType=itf&take=100&skip=900&isOrderAscending=true,2026-09-07T16:21:02.365Z
2026-09-07,M,968,800704421,Khaknazar Zhetkerbay,KAZ,Kazakhstan,2011,79,https://www.itftennis.com/tennis/api/PlayerRankApi/GetPlayerRankings?circuitCode=JT&playerTypeCode=B&ageCategoryCode=&juniorRankingType=itf&take=100&skip=900&isOrderAscending=true,2026-09-07T16:21:02.365Z
2026-09-07,M,969,800644789,Amir Gaisin,RUS,Russia,2008,78.75,https://www.itftennis.com/tennis/api/PlayerRankApi/GetPlayerRankings?circuitCode=JT&playerTypeCode=B&ageCategoryCode=&juniorRankingType=itf&take=100&skip=900&isOrderAscending=true,2026-09-07T16:21:02.365Z
2026-09-07,M,970,800644930,Ahtesham Humayun,PAK,Pakistan,2008,78.75,https://www.itftennis.com/tennis/api/PlayerRankApi/GetPlayerRankings?circuitCode=JT&playerTypeCode=B&ageCategoryCode=&juniorRankingType=itf&take=100&skip=900&isOrderAscending=true,2026-09-07T16:21:02.365Z
2026-09-07,M,971,800789672,Christopher Manton,AUS,Australia,2012,78.5,https://www.itftennis.com/tennis/api/PlayerRankApi/GetPlayerRankings?circuitCode=JT&playerTypeCode=B&ageCategoryCode=&juniorRankingType=itf&take=100&skip=900&isOrderAscending=true,2026-09-07T16:21:02.365Z
2026-09-07,M,972,800708773,Oliver Hancin,AUS,Australia,2010,78.5,https://www.itftennis.com/tennis/api/PlayerRankApi/GetPlayerRankings?circuitCode=JT&playerTypeCode=B&ageCategoryCode=&juniorRankingType=itf&take=100&skip=900&isOrderAscending=true,2026-09-07T16:21:02.365Z
2026-09-07,M,973,800711673,Augusto Scheidt,BRA,Brazil,2010,78.5,https://www.itftennis.com/tennis/api/PlayerRankApi/GetPlayerRankings?circuitCode=JT&playerTypeCode=B&ageCategoryCode=&juniorRankingType=itf&take=100&skip=900&isOrderAscending=true,2026-09-07T16:21:02.365Z
2026-09-07,M,974,800638713,Nicholas Capel,AUS,Australia,2008,78.25,https://www.itftennis.com/tennis/api/PlayerRankApi/GetPlayerRankings?circuitCode=JT&playerTypeCode=B&ageCategoryCode=&juniorRankingType=itf&take=100&skip=900&isOrderAscending=true,2026-09-07T16:21:02.365Z
2026-09-07,M,975,800811875,Liam Howes,NZL,New Zealand,2010,78.25,https://www.itftennis.com/tennis/api/PlayerRankApi/GetPlayerRankings?circuitCode=JT&playerTypeCode=B&ageCategoryCode=&juniorRankingType=itf&take=100&skip=900&isOrderAscending=true,2026-09-07T16:21:02.365Z
2026-09-07,M,976,800749902,Luke Verwey,RSA,South Africa,2009,78,https://www.itftennis.com/tennis/api/PlayerRankApi/GetPlayerRankings?circuitCode=JT&playerTypeCode=B&ageCategoryCode=&juniorRankingType=itf&take=100&skip=900&isOrderAscending=true,2026-09-07T16:21:02.365Z
2026-09-07,M,977,800731650,Jan Janda,GBR,Great Britain,2010,78,https://www.itftennis.com/tennis/api/PlayerRankApi/GetPlayerRankings?circuitCode=JT&playerTypeCode=B&ageCategoryCode=&juniorRankingType=itf&take=100&skip=900&isOrderAscending=true,2026-09-07T16:21:02.365Z
2026-09-07,M,978,800675368,Hamood Eyad Al-Areqi,YEM,Yemen,2010,77.75,https://www.itftennis.com/tennis/api/PlayerRankApi/GetPlayerRankings?circuitCode=JT&playerTypeCode=B&ageCategoryCode=&juniorRankingType=itf&take=100&skip=900&isOrderAscending=true,2026-09-07T16:21:02.365Z
2026-09-07,M,979,800703484,Saha Kapilasena,SRI,Sri Lanka,2009,77.75,https://www.itftennis.com/tennis/api/PlayerRankApi/GetPlayerRankings?circuitCode=JT&playerTypeCode=B&ageCategoryCode=&juniorRankingType=itf&take=100&skip=900&isOrderAscending=true,2026-09-07T16:21:02.365Z
2026-09-07,M,980,800792769,Seyi Ebenezer Ogunsakin,NGR,Nigeria,2011,77.75,https://www.itftennis.com/tennis/api/PlayerRankApi/GetPlayerRankings?circuitCode=JT&playerTypeCode=B&ageCategoryCode=&juniorRankingType=itf&take=100&skip=900&isOrderAscending=true,2026-09-07T16:21:02.365Z
2026-09-07,M,981,800720740,Omar Rhazali,USA,USA,2008,77.5,https://www.itftennis.com/tennis/api/PlayerRankApi/GetPlayerRankings?circuitCode=JT&playerTypeCode=B&ageCategoryCode=&juniorRankingType=itf&take=100&skip=900&isOrderAscending=true,2026-09-07T16:21:02.365Z
2026-09-07,M,982,800648542,Luka Lukovac,MNE,Montenegro,2009,77.5,https://www.itftennis.com/tennis/api/PlayerRankApi/GetPlayerRankings?circuitCode=JT&playerTypeCode=B&ageCategoryCode=&juniorRankingType=itf&take=100&skip=900&isOrderAscending=true,2026-09-07T16:21:02.365Z
2026-09-07,M,983,800592488,Vadim Liashenko,RUS,Russia,2008,77.5,https://www.itftennis.com/tennis/api/PlayerRankApi/GetPlayerRankings?circuitCode=JT&playerTypeCode=B&ageCategoryCode=&juniorRankingType=itf&take=100&skip=900&isOrderAscending=true,2026-09-07T16:21:02.365Z
2026-09-07,M,984,800736817,Nadir Mirza,PAK,Pakistan,2008,77,https://www.itftennis.com/tennis/api/PlayerRankApi/GetPlayerRankings?circuitCode=JT&playerTypeCode=B&ageCategoryCode=&juniorRankingType=itf&take=100&skip=900&isOrderAscending=true,2026-09-07T16:21:02.365Z
2026-09-07,M,985,800652777,Zhantore Sanzharuly,KAZ,Kazakhstan,2010,77,https://www.itftennis.com/tennis/api/PlayerRankApi/GetPlayerRankings?circuitCode=JT&playerTypeCode=B&ageCategoryCode=&juniorRankingType=itf&take=100&skip=900&isOrderAscending=true,2026-09-07T16:21:02.365Z
2026-09-07,M,986,800736755,Gustavo Vasconcellos,BRA,Brazil,2009,76.75,https://www.itftennis.com/tennis/api/PlayerRankApi/GetPlayerRankings?circuitCode=JT&playerTypeCode=B&ageCategoryCode=&juniorRankingType=itf&take=100&skip=900&isOrderAscending=true,2026-09-07T16:21:02.365Z
2026-09-07,M,987,800736506,Sacha Bouillard,FRA,France,2009,76.5,https://www.itftennis.com/tennis/api/PlayerRankApi/GetPlayerRankings?circuitCode=JT&playerTypeCode=B&ageCategoryCode=&juniorRankingType=itf&take=100&skip=900&isOrderAscending=true,2026-09-07T16:21:02.365Z
2026-09-07,M,988,800660768,Francisco Sardinha,POR,Portugal,2011,76.5,https://www.itftennis.com/tennis/api/PlayerRankApi/GetPlayerRankings?circuitCode=JT&playerTypeCode=B&ageCategoryCode=&juniorRankingType=itf&take=100&skip=900&isOrderAscending=true,2026-09-07T16:21:02.365Z
2026-09-07,M,989,800635687,Alejandro Torres Gonzalez,COL,Colombia,2008,76.5,https://www.itftennis.com/tennis/api/PlayerRankApi/GetPlayerRankings?circuitCode=JT&playerTypeCode=B&ageCategoryCode=&juniorRankingType=itf&take=100&skip=900&isOrderAscending=true,2026-09-07T16:21:02.365Z
2026-09-07,M,990,800821898,Easeo Kim,AUS,Australia,2009,76.25,https://www.itftennis.com/tennis/api/PlayerRankApi/GetPlayerRankings?circuitCode=JT&playerTypeCode=B&ageCategoryCode=&juniorRankingType=itf&take=100&skip=900&isOrderAscending=true,2026-09-07T16:21:02.365Z
2026-09-07,M,991,800750169,Jamie Roux,RSA,South Africa,2010,76.25,https://www.itftennis.com/tennis/api/PlayerRankApi/GetPlayerRankings?circuitCode=JT&playerTypeCode=B&ageCategoryCode=&juniorRankingType=itf&take=100&skip=900&isOrderAscending=true,2026-09-07T16:21:02.365Z
2026-09-07,M,992,800745317,Shun Munetoh,JPN,Japan,2011,76.25,https://www.itftennis.com/tennis/api/PlayerRankApi/GetPlayerRankings?circuitCode=JT&playerTypeCode=B&ageCategoryCode=&juniorRankingType=itf&take=100&skip=900&isOrderAscending=true,2026-09-07T16:21:02.365Z
2026-09-07,M,993,800750116,Connor Miller,RSA,South Africa,2009,76.25,https://www.itftennis.com/tennis/api/PlayerRankApi/GetPlayerRankings?circuitCode=JT&playerTypeCode=B&ageCategoryCode=&juniorRankingType=itf&take=100&skip=900&isOrderAscending=true,2026-09-07T16:21:02.365Z
2026-09-07,M,994,800751525,Christian Joseph,AUS,Australia,2011,76,https://www.itftennis.com/tennis/api/PlayerRankApi/GetPlayerRankings?circuitCode=JT&playerTypeCode=B&ageCategoryCode=&juniorRankingType=itf&take=100&skip=900&isOrderAscending=true,2026-09-07T16:21:02.365Z
2026-09-07,M,995,800592357,Vaclav Augustin Hruby,CZE,Czechia,2008,75.75,https://www.itftennis.com/tennis/api/PlayerRankApi/GetPlayerRankings?circuitCode=JT&playerTypeCode=B&ageCategoryCode=&juniorRankingType=itf&take=100&skip=900&isOrderAscending=true,2026-09-07T16:21:02.365Z
2026-09-07,M,996,800683105,Jun Hyuck Lee,KOR,"Korea, Rep.",2010,75.75,https://www.itftennis.com/tennis/api/PlayerRankApi/GetPlayerRankings?circuitCode=JT&playerTypeCode=B&ageCategoryCode=&juniorRankingType=itf&take=100&skip=900&isOrderAscending=true,2026-09-07T16:21:02.365Z
2026-09-07,M,997,800590617,Alessandro Fiocchi,ITA,Italy,2008,75.75,https://www.itftennis.com/tennis/api/PlayerRankApi/GetPlayerRankings?circuitCode=JT&playerTypeCode=B&ageCategoryCode=&juniorRankingType=itf&take=100&skip=900&isOrderAscending=true,2026-09-07T16:21:02.365Z
2026-09-07,M,998,800709953,VIVAAN MIRDHA,IND,India,2011,75.75,https://www.itftennis.com/tennis/api/PlayerRankApi/GetPlayerRankings?circuitCode=JT&playerTypeCode=B&ageCategoryCode=&juniorRankingType=itf&take=100&skip=900&isOrderAscending=true,2026-09-07T16:21:02.365Z
2026-09-07,M,999,800672638,Nikolozi Sirbiladze,GEO,Georgia,2010,75.5,https://www.itftennis.com/tennis/api/PlayerRankApi/GetPlayerRankings?circuitCode=JT&playerTypeCode=B&ageCategoryCode=&juniorRankingType=itf&take=100&skip=900&isOrderAscending=true,2026-09-07T16:21:02.365Z
2026-09-07,M,1000,800773177,Yan Lang Chen,CHN,"China, P.R.",2008,75.25,https://www.itftennis.com/tennis/api/PlayerRankApi/GetPlayerRankings?circuitCode=JT&playerTypeCode=B&ageCategoryCode=&juniorRankingType=itf&take=100&skip=900&isOrderAscending=true,2026-09-07T16:21:02.365Z
2026-09-07,F,1,800677732,Xinran Sun,CHN,"China, P.R.",2010,3273.5,https://www.itftennis.com/tennis/api/PlayerRankApi/GetPlayerRankings?circuitCode=JT&playerTypeCode=G&ageCategoryCode=&juniorRankingType=itf&take=100&skip=0&isOrderAscending=true,2026-09-07T16:21:03.193Z
2026-09-07,F,2,800661515,Jana Kovackova,CZE,Czechia,2010,2470.5,https://www.itftennis.com/tennis/api/PlayerRankApi/GetPlayerRankings?circuitCode=JT&playerTypeCode=G&ageCategoryCode=&juniorRankingType=itf&take=100&skip=0&isOrderAscending=true,2026-09-07T16:21:03.193Z
2026-09-07,F,3,800655335,Victoria Luiza Barros,BRA,Brazil,2009,2445.75,https://www.itftennis.com/tennis/api/PlayerRankApi/GetPlayerRankings?circuitCode=JT&playerTypeCode=G&ageCategoryCode=&juniorRankingType=itf&take=100&skip=0&isOrderAscending=true,2026-09-07T16:21:03.193Z
2026-09-07,F,4,800591535,Ksenia Efremova,FRA,France,2009,2323.75,https://www.itftennis.com/tennis/api/PlayerRankApi/GetPlayerRankings?circuitCode=JT&playerTypeCode=G&ageCategoryCode=&juniorRankingType=itf&take=100&skip=0&isOrderAscending=true,2026-09-07T16:21:03.193Z
2026-09-07,F,5,800636696,Anna Pushkareva,RUS,Russia,2009,2155.5,https://www.itftennis.com/tennis/api/PlayerRankApi/GetPlayerRankings?circuitCode=JT&playerTypeCode=G&ageCategoryCode=&juniorRankingType=itf&take=100&skip=0&isOrderAscending=true,2026-09-07T16:21:03.193Z
2026-09-07,F,6,800758791,Janae Preston,USA,USA,2010,1926.5,https://www.itftennis.com/tennis/api/PlayerRankApi/GetPlayerRankings?circuitCode=JT&playerTypeCode=G&ageCategoryCode=&juniorRankingType=itf&take=100&skip=0&isOrderAscending=true,2026-09-07T16:21:03.193Z
2026-09-07,F,7,800644962,Mariia Makarova,RUS,Russia,2010,1890.5,https://www.itftennis.com/tennis/api/PlayerRankApi/GetPlayerRankings?circuitCode=JT&playerTypeCode=G&ageCategoryCode=&juniorRankingType=itf&take=100&skip=0&isOrderAscending=true,2026-09-07T16:21:03.193Z
2026-09-07,F,8,800598140,Anastasija Cvetkovic,SRB,Serbia,2008,1880.25,https://www.itftennis.com/tennis/api/PlayerRankApi/GetPlayerRankings?circuitCode=JT&playerTypeCode=G&ageCategoryCode=&juniorRankingType=itf&take=100&skip=0&isOrderAscending=true,2026-09-07T16:21:03.193Z
2026-09-07,F,9,800695060,Nauhany Vitoria Leme Da Silva,BRA,Brazil,2010,1866.75,https://www.itftennis.com/tennis/api/PlayerRankApi/GetPlayerRankings?circuitCode=JT&playerTypeCode=G&ageCategoryCode=&juniorRankingType=itf&take=100&skip=0&isOrderAscending=true,2026-09-07T16:21:03.193Z
2026-09-07,F,10,800667265,Polina Skliar,UKR,Ukraine,2010,1736.75,https://www.itftennis.com/tennis/api/PlayerRankApi/GetPlayerRankings?circuitCode=JT&playerTypeCode=G&ageCategoryCode=&juniorRankingType=itf&take=100&skip=0&isOrderAscending=true,2026-09-07T16:21:03.193Z
2026-09-07,F,11,800656554,Paola Pinera Celorio,ESP,Spain,2010,1649.75,https://www.itftennis.com/tennis/api/PlayerRankApi/GetPlayerRankings?circuitCode=JT&playerTypeCode=G&ageCategoryCode=&juniorRankingType=itf&take=100&skip=0&isOrderAscending=true,2026-09-07T16:21:03.193Z
2026-09-07,F,12,800601474,Mariella Thamm,GER,Germany,2009,1648.75,https://www.itftennis.com/tennis/api/PlayerRankApi/GetPlayerRankings?circuitCode=JT&playerTypeCode=G&ageCategoryCode=&juniorRankingType=itf&take=100&skip=0&isOrderAscending=true,2026-09-07T16:21:03.193Z
2026-09-07,F,13,800572951,Alena Kovackova,CZE,Czechia,2008,1609.25,https://www.itftennis.com/tennis/api/PlayerRankApi/GetPlayerRankings?circuitCode=JT&playerTypeCode=G&ageCategoryCode=&juniorRankingType=itf&take=100&skip=0&isOrderAscending=true,2026-09-07T16:21:03.193Z
2026-09-07,F,14,800659876,Sol Ailin Larraya Guidi,ARG,Argentina,2008,1600.25,https://www.itftennis.com/tennis/api/PlayerRankApi/GetPlayerRankings?circuitCode=JT&playerTypeCode=G&ageCategoryCode=&juniorRankingType=itf&take=100&skip=0&isOrderAscending=true,2026-09-07T16:21:03.193Z
2026-09-07,F,15,800721825,Felitsata Dorofeeva-Rybas,RUS,Russia,2009,1597.25,https://www.itftennis.com/tennis/api/PlayerRankApi/GetPlayerRankings?circuitCode=JT&playerTypeCode=G&ageCategoryCode=&juniorRankingType=itf&take=100&skip=0&isOrderAscending=true,2026-09-07T16:21:03.193Z
2026-09-07,F,16,800671481,Ida Wobker,GER,Germany,2010,1359.5,https://www.itftennis.com/tennis/api/PlayerRankApi/GetPlayerRankings?circuitCode=JT&playerTypeCode=G&ageCategoryCode=&juniorRankingType=itf&take=100&skip=0&isOrderAscending=true,2026-09-07T16:21:03.193Z
2026-09-07,F,17,800632131,Maaya Rajeshwaran Revathi,IND,India,2009,1357.25,https://www.itftennis.com/tennis/api/PlayerRankApi/GetPlayerRankings?circuitCode=JT&playerTypeCode=G&ageCategoryCode=&juniorRankingType=itf&take=100&skip=0&isOrderAscending=true,2026-09-07T16:21:03.193Z
2026-09-07,F,18,800646432,Jordyn Hazelitt,USA,USA,2010,1304.25,https://www.itftennis.com/tennis/api/PlayerRankApi/GetPlayerRankings?circuitCode=JT&playerTypeCode=G&ageCategoryCode=&juniorRankingType=itf&take=100&skip=0&isOrderAscending=true,2026-09-07T16:21:03.193Z
2026-09-07,F,19,800638346,Denisa Zoldakova,CZE,Czechia,2008,1297.25,https://www.itftennis.com/tennis/api/PlayerRankApi/GetPlayerRankings?circuitCode=JT&playerTypeCode=G&ageCategoryCode=&juniorRankingType=itf&take=100&skip=0&isOrderAscending=true,2026-09-07T16:21:03.193Z
2026-09-07,F,20,800636281,Maia Ilinca Burcescu,ROU,Romania,2009,1275.5,https://www.itftennis.com/tennis/api/PlayerRankApi/GetPlayerRankings?circuitCode=JT&playerTypeCode=G&ageCategoryCode=&juniorRankingType=itf&take=100&skip=0&isOrderAscending=true,2026-09-07T16:21:03.193Z
2026-09-07,F,21,800656226,Katerina Zajickova,CZE,Czechia,2010,1271.75,https://www.itftennis.com/tennis/api/PlayerRankApi/GetPlayerRankings?circuitCode=JT&playerTypeCode=G&ageCategoryCode=&juniorRankingType=itf&take=100&skip=0&isOrderAscending=true,2026-09-07T16:21:03.193Z
2026-09-07,F,22,800665507,Daniella Britton,GBR,Great Britain,2010,1258,https://www.itftennis.com/tennis/api/PlayerRankApi/GetPlayerRankings?circuitCode=JT&playerTypeCode=G&ageCategoryCode=&juniorRankingType=itf&take=100&skip=0&isOrderAscending=true,2026-09-07T16:21:03.193Z
2026-09-07,F,23,800739107,Yu Jun Lin,CHN,"China, P.R.",2010,1248.5,https://www.itftennis.com/tennis/api/PlayerRankApi/GetPlayerRankings?circuitCode=JT&playerTypeCode=G&ageCategoryCode=&juniorRankingType=itf&take=100&skip=0&isOrderAscending=true,2026-09-07T16:21:03.193Z
2026-09-07,F,24,800719373,Kristina Penickova,USA,USA,2009,1243.75,https://www.itftennis.com/tennis/api/PlayerRankApi/GetPlayerRankings?circuitCode=JT&playerTypeCode=G&ageCategoryCode=&juniorRankingType=itf&take=100&skip=0&isOrderAscending=true,2026-09-07T16:21:03.193Z
2026-09-07,F,25,800672253,Charo Esquiva Banuls,ESP,Spain,2008,1232.5,https://www.itftennis.com/tennis/api/PlayerRankApi/GetPlayerRankings?circuitCode=JT&playerTypeCode=G&ageCategoryCode=&juniorRankingType=itf&take=100&skip=0&isOrderAscending=true,2026-09-07T16:21:03.193Z
2026-09-07,F,26,800635479,Alexandra Malova,RUS,Russia,2008,1232.25,https://www.itftennis.com/tennis/api/PlayerRankApi/GetPlayerRankings?circuitCode=JT&playerTypeCode=G&ageCategoryCode=&juniorRankingType=itf&take=100&skip=0&isOrderAscending=true,2026-09-07T16:21:03.193Z
2026-09-07,F,27,800586389,Ha Eum Lee,KOR,"Korea, Rep.",2008,1199,https://www.itftennis.com/tennis/api/PlayerRankApi/GetPlayerRankings?circuitCode=JT&playerTypeCode=G&ageCategoryCode=&juniorRankingType=itf&take=100&skip=0&isOrderAscending=true,2026-09-07T16:21:03.193Z
2026-09-07,F,28,800598679,Emily Victoria Eigelsbach,GER,Germany,2008,1187.25,https://www.itftennis.com/tennis/api/PlayerRankApi/GetPlayerRankings?circuitCode=JT&playerTypeCode=G&ageCategoryCode=&juniorRankingType=itf&take=100&skip=0&isOrderAscending=true,2026-09-07T16:21:03.194Z
2026-09-07,F,29,800726989,Yihan Qu,CHN,"China, P.R.",2009,1177.5,https://www.itftennis.com/tennis/api/PlayerRankApi/GetPlayerRankings?circuitCode=JT&playerTypeCode=G&ageCategoryCode=&juniorRankingType=itf&take=100&skip=0&isOrderAscending=true,2026-09-07T16:21:03.194Z
2026-09-07,F,30,800731351,Yushan Shao,CHN,"China, P.R.",2008,1169.25,https://www.itftennis.com/tennis/api/PlayerRankApi/GetPlayerRankings?circuitCode=JT&playerTypeCode=G&ageCategoryCode=&juniorRankingType=itf&take=100&skip=0&isOrderAscending=true,2026-09-07T16:21:03.194Z
2026-09-07,F,31,800666095,Kanon Sawashiro,JPN,Japan,2008,1169.25,https://www.itftennis.com/tennis/api/PlayerRankApi/GetPlayerRankings?circuitCode=JT&playerTypeCode=G&ageCategoryCode=&juniorRankingType=itf&take=100&skip=0&isOrderAscending=true,2026-09-07T16:21:03.194Z
2026-09-07,F,32,800701055,Renee Alame,AUS,Australia,2009,1159,https://www.itftennis.com/tennis/api/PlayerRankApi/GetPlayerRankings?circuitCode=JT&playerTypeCode=G&ageCategoryCode=&juniorRankingType=itf&take=100&skip=0&isOrderAscending=true,2026-09-07T16:21:03.194Z
2026-09-07,F,33,800677532,Ekaterina Dotsenko,RUS,Russia,2011,1148,https://www.itftennis.com/tennis/api/PlayerRankApi/GetPlayerRankings?circuitCode=JT&playerTypeCode=G&ageCategoryCode=&juniorRankingType=itf&take=100&skip=0&isOrderAscending=true,2026-09-07T16:21:03.194Z
2026-09-07,F,34,800664506,Maria Valentina Pop,ROU,Romania,2010,1133.75,https://www.itftennis.com/tennis/api/PlayerRankApi/GetPlayerRankings?circuitCode=JT&playerTypeCode=G&ageCategoryCode=&juniorRankingType=itf&take=100&skip=0&isOrderAscending=true,2026-09-07T16:21:03.194Z
2026-09-07,F,35,800640357,Giulia Safina Popa,ROU,Romania,2009,1131,https://www.itftennis.com/tennis/api/PlayerRankApi/GetPlayerRankings?circuitCode=JT&playerTypeCode=G&ageCategoryCode=&juniorRankingType=itf&take=100&skip=0&isOrderAscending=true,2026-09-07T16:21:03.194Z
2026-09-07,F,36,800597362,Antonina Sushkova,UKR,Ukraine,2008,1121,https://www.itftennis.com/tennis/api/PlayerRankApi/GetPlayerRankings?circuitCode=JT&playerTypeCode=G&ageCategoryCode=&juniorRankingType=itf&take=100&skip=0&isOrderAscending=true,2026-09-07T16:21:03.194Z
2026-09-07,F,37,800592997,Adelina Lacinova,LAT,Latvia,2008,1120,https://www.itftennis.com/tennis/api/PlayerRankApi/GetPlayerRankings?circuitCode=JT&playerTypeCode=G&ageCategoryCode=&juniorRankingType=itf&take=100&skip=0&isOrderAscending=true,2026-09-07T16:21:03.194Z
2026-09-07,F,38,800705703,Welles Newman,USA,USA,2010,1114.75,https://www.itftennis.com/tennis/api/PlayerRankApi/GetPlayerRankings?circuitCode=JT&playerTypeCode=G&ageCategoryCode=&juniorRankingType=itf&take=100&skip=0&isOrderAscending=true,2026-09-07T16:21:03.194Z
2026-09-07,F,39,800665359,Lujza Beviz,HUN,Hungary,2009,1098.75,https://www.itftennis.com/tennis/api/PlayerRankApi/GetPlayerRankings?circuitCode=JT&playerTypeCode=G&ageCategoryCode=&juniorRankingType=itf&take=100&skip=0&isOrderAscending=true,2026-09-07T16:21:03.194Z
2026-09-07,F,40,800702416,Thea Frodin,USA,USA,2008,1097.25,https://www.itftennis.com/tennis/api/PlayerRankApi/GetPlayerRankings?circuitCode=JT&playerTypeCode=G&ageCategoryCode=&juniorRankingType=itf&take=100&skip=0&isOrderAscending=true,2026-09-07T16:21:03.194Z
2026-09-07,F,41,800587881,Ilary Pistola,ITA,Italy,2008,1078.75,https://www.itftennis.com/tennis/api/PlayerRankApi/GetPlayerRankings?circuitCode=JT&playerTypeCode=G&ageCategoryCode=&juniorRankingType=itf&take=100&skip=0&isOrderAscending=true,2026-09-07T16:21:03.194Z
2026-09-07,F,42,800661849,Hollie Smart,GBR,Great Britain,2009,1072.25,https://www.itftennis.com/tennis/api/PlayerRankApi/GetPlayerRankings?circuitCode=JT&playerTypeCode=G&ageCategoryCode=&juniorRankingType=itf&take=100&skip=0&isOrderAscending=true,2026-09-07T16:21:03.194Z
2026-09-07,F,43,800624123,Polina Berezina,RUS,Russia,2009,1060.25,https://www.itftennis.com/tennis/api/PlayerRankApi/GetPlayerRankings?circuitCode=JT&playerTypeCode=G&ageCategoryCode=&juniorRankingType=itf&take=100&skip=0&isOrderAscending=true,2026-09-07T16:21:03.194Z
2026-09-07,F,44,800638930,Nadia Lagaev,CAN,Canada,2008,1059.25,https://www.itftennis.com/tennis/api/PlayerRankApi/GetPlayerRankings?circuitCode=JT&playerTypeCode=G&ageCategoryCode=&juniorRankingType=itf&take=100&skip=0&isOrderAscending=true,2026-09-07T16:21:03.194Z
2026-09-07,F,45,800693920,Alyssa James,JAM,Jamaica,2008,1024.75,https://www.itftennis.com/tennis/api/PlayerRankApi/GetPlayerRankings?circuitCode=JT&playerTypeCode=G&ageCategoryCode=&juniorRankingType=itf&take=100&skip=0&isOrderAscending=true,2026-09-07T16:21:03.194Z
2026-09-07,F,46,800604444,Sofie Hettlerova,CZE,Czechia,2009,1016.75,https://www.itftennis.com/tennis/api/PlayerRankApi/GetPlayerRankings?circuitCode=JT&playerTypeCode=G&ageCategoryCode=&juniorRankingType=itf&take=100&skip=0&isOrderAscending=true,2026-09-07T16:21:03.194Z
2026-09-07,F,47,800667997,Anastasiia Nikolaieva,UKR,Ukraine,2010,1013.75,https://www.itftennis.com/tennis/api/PlayerRankApi/GetPlayerRankings?circuitCode=JT&playerTypeCode=G&ageCategoryCode=&juniorRankingType=itf&take=100&skip=0&isOrderAscending=true,2026-09-07T16:21:03.194Z
2026-09-07,F,48,800595363,Sofia Meabe,ARG,Argentina,2008,1004.25,https://www.itftennis.com/tennis/api/PlayerRankApi/GetPlayerRankings?circuitCode=JT&playerTypeCode=G&ageCategoryCode=&juniorRankingType=itf&take=100&skip=0&isOrderAscending=true,2026-09-07T16:21:03.194Z
2026-09-07,F,49,800672579,Tereza Hermanova,CZE,Czechia,2009,1003,https://www.itftennis.com/tennis/api/PlayerRankApi/GetPlayerRankings?circuitCode=JT&playerTypeCode=G&ageCategoryCode=&juniorRankingType=itf&take=100&skip=0&isOrderAscending=true,2026-09-07T16:21:03.194Z
2026-09-07,F,50,800593679,Alisa Oktiabreva,CZE,Czechia,2008,1000,https://www.itftennis.com/tennis/api/PlayerRankApi/GetPlayerRankings?circuitCode=JT&playerTypeCode=G&ageCategoryCode=&juniorRankingType=itf&take=100&skip=0&isOrderAscending=true,2026-09-07T16:21:03.194Z
2026-09-07,F,51,800719735,Chukwumelije Clarke,USA,USA,2009,994.25,https://www.itftennis.com/tennis/api/PlayerRankApi/GetPlayerRankings?circuitCode=JT&playerTypeCode=G&ageCategoryCode=&juniorRankingType=itf&take=100&skip=0&isOrderAscending=true,2026-09-07T16:21:03.194Z
2026-09-07,F,52,800703935,Anita Tu,USA,USA,2009,983,https://www.itftennis.com/tennis/api/PlayerRankApi/GetPlayerRankings?circuitCode=JT&playerTypeCode=G&ageCategoryCode=&juniorRankingType=itf&take=100&skip=0&isOrderAscending=true,2026-09-07T16:21:03.194Z
2026-09-07,F,53,800709314,Lani Chang,USA,USA,2010,976.75,https://www.itftennis.com/tennis/api/PlayerRankApi/GetPlayerRankings?circuitCode=JT&playerTypeCode=G&ageCategoryCode=&juniorRankingType=itf&take=100&skip=0&isOrderAscending=true,2026-09-07T16:21:03.194Z
2026-09-07,F,54,800651337,UI SU JEONG,KOR,"Korea, Rep.",2008,971.25,https://www.itftennis.com/tennis/api/PlayerRankApi/GetPlayerRankings?circuitCode=JT&playerTypeCode=G&ageCategoryCode=&juniorRankingType=itf&take=100&skip=0&isOrderAscending=true,2026-09-07T16:21:03.194Z
2026-09-07,F,55,800589857,Anastasia Lizunova,RUS,Russia,2008,960.5,https://www.itftennis.com/tennis/api/PlayerRankApi/GetPlayerRankings?circuitCode=JT&playerTypeCode=G&ageCategoryCode=&juniorRankingType=itf&take=100&skip=0&isOrderAscending=true,2026-09-07T16:21:03.194Z
2026-09-07,F,56,800571280,Ekaterina Tupitsyna,RUS,Russia,2008,956.75,https://www.itftennis.com/tennis/api/PlayerRankApi/GetPlayerRankings?circuitCode=JT&playerTypeCode=G&ageCategoryCode=&juniorRankingType=itf&take=100&skip=0&isOrderAscending=true,2026-09-07T16:21:03.194Z
2026-09-07,F,57,800708800,Yu-Chen Lin,TPE,Chinese Taipei,2009,948,https://www.itftennis.com/tennis/api/PlayerRankApi/GetPlayerRankings?circuitCode=JT&playerTypeCode=G&ageCategoryCode=&juniorRankingType=itf&take=100&skip=0&isOrderAscending=true,2026-09-07T16:21:03.194Z
2026-09-07,F,58,800631529,Ruien Zhang,CHN,"China, P.R.",2008,940.5,https://www.itftennis.com/tennis/api/PlayerRankApi/GetPlayerRankings?circuitCode=JT&playerTypeCode=G&ageCategoryCode=&juniorRankingType=itf&take=100&skip=0&isOrderAscending=true,2026-09-07T16:21:03.194Z
2026-09-07,F,59,800705172,Sofiia Bielinska,UKR,Ukraine,2011,930,https://www.itftennis.com/tennis/api/PlayerRankApi/GetPlayerRankings?circuitCode=JT&playerTypeCode=G&ageCategoryCode=&juniorRankingType=itf&take=100&skip=0&isOrderAscending=true,2026-09-07T16:21:03.194Z
2026-09-07,F,60,800696508,Olivia Traynor,USA,USA,2008,926.75,https://www.itftennis.com/tennis/api/PlayerRankApi/GetPlayerRankings?circuitCode=JT&playerTypeCode=G&ageCategoryCode=&juniorRankingType=itf&take=100&skip=0&isOrderAscending=true,2026-09-07T16:21:03.194Z
2026-09-07,F,61,800730824,Zhang-Qian Wei,CHN,"China, P.R.",2008,925.25,https://www.itftennis.com/tennis/api/PlayerRankApi/GetPlayerRankings?circuitCode=JT&playerTypeCode=G&ageCategoryCode=&juniorRankingType=itf&take=100&skip=0&isOrderAscending=true,2026-09-07T16:21:03.194Z
2026-09-07,F,62,800726871,Avery Alexander,CAN,Canada,2009,922.5,https://www.itftennis.com/tennis/api/PlayerRankApi/GetPlayerRankings?circuitCode=JT&playerTypeCode=G&ageCategoryCode=&juniorRankingType=itf&take=100&skip=0&isOrderAscending=true,2026-09-07T16:21:03.194Z
2026-09-07,F,63,800660727,Noelia Manta,SUI,Switzerland,2009,922.25,https://www.itftennis.com/tennis/api/PlayerRankApi/GetPlayerRankings?circuitCode=JT&playerTypeCode=G&ageCategoryCode=&juniorRankingType=itf&take=100&skip=0&isOrderAscending=true,2026-09-07T16:21:03.194Z
2026-09-07,F,64,800629808,Iva Marinkovic,SWE,Sweden,2008,908,https://www.itftennis.com/tennis/api/PlayerRankApi/GetPlayerRankings?circuitCode=JT&playerTypeCode=G&ageCategoryCode=&juniorRankingType=itf&take=100&skip=0&isOrderAscending=true,2026-09-07T16:21:03.194Z
2026-09-07,F,65,800772612,Hannah Ayrault,USA,USA,2010,907.5,https://www.itftennis.com/tennis/api/PlayerRankApi/GetPlayerRankings?circuitCode=JT&playerTypeCode=G&ageCategoryCode=&juniorRankingType=itf&take=100&skip=0&isOrderAscending=true,2026-09-07T16:21:03.194Z
2026-09-07,F,66,800655734,Pietra Rivoli,BRA,Brazil,2008,902.75,https://www.itftennis.com/tennis/api/PlayerRankApi/GetPlayerRankings?circuitCode=JT&playerTypeCode=G&ageCategoryCode=&juniorRankingType=itf&take=100&skip=0&isOrderAscending=true,2026-09-07T16:21:03.194Z
2026-09-07,F,67,800741292,Jensi Dipakbhai Kanabar,IND,India,2011,897.5,https://www.itftennis.com/tennis/api/PlayerRankApi/GetPlayerRankings?circuitCode=JT&playerTypeCode=G&ageCategoryCode=&juniorRankingType=itf&take=100&skip=0&isOrderAscending=true,2026-09-07T16:21:03.194Z
2026-09-07,F,68,800667963,Siyoen Sim,KOR,"Korea, Rep.",2010,893,https://www.itftennis.com/tennis/api/PlayerRankApi/GetPlayerRankings?circuitCode=JT&playerTypeCode=G&ageCategoryCode=&juniorRankingType=itf&take=100&skip=0&isOrderAscending=true,2026-09-07T16:21:03.194Z
2026-09-07,F,69,800636609,Fleur De Bresser,NED,Netherlands,2009,886,https://www.itftennis.com/tennis/api/PlayerRankApi/GetPlayerRankings?circuitCode=JT&playerTypeCode=G&ageCategoryCode=&juniorRankingType=itf&take=100&skip=0&isOrderAscending=true,2026-09-07T16:21:03.194Z
2026-09-07,F,70,800725207,Jizelle Sibai,AUS,Australia,2009,881.25,https://www.itftennis.com/tennis/api/PlayerRankApi/GetPlayerRankings?circuitCode=JT&playerTypeCode=G&ageCategoryCode=&juniorRankingType=itf&take=100&skip=0&isOrderAscending=true,2026-09-07T16:21:03.194Z
2026-09-07,F,71,800676754,Alisa Terentyeva,RUS,Russia,2010,875.5,https://www.itftennis.com/tennis/api/PlayerRankApi/GetPlayerRankings?circuitCode=JT&playerTypeCode=G&ageCategoryCode=&juniorRankingType=itf&take=100&skip=0&isOrderAscending=true,2026-09-07T16:21:03.194Z
2026-09-07,F,72,800737952,Margaret Sohns,USA,USA,2010,864.25,https://www.itftennis.com/tennis/api/PlayerRankApi/GetPlayerRankings?circuitCode=JT&playerTypeCode=G&ageCategoryCode=&juniorRankingType=itf&take=100&skip=0&isOrderAscending=true,2026-09-07T16:21:03.194Z
2026-09-07,F,73,800656578,Oliwia Sybicka,POL,Poland,2009,849.75,https://www.itftennis.com/tennis/api/PlayerRankApi/GetPlayerRankings?circuitCode=JT&playerTypeCode=G&ageCategoryCode=&juniorRankingType=itf&take=100&skip=0&isOrderAscending=true,2026-09-07T16:21:03.194Z
2026-09-07,F,74,800731574,Sarah Ye,USA,USA,2010,847.5,https://www.itftennis.com/tennis/api/PlayerRankApi/GetPlayerRankings?circuitCode=JT&playerTypeCode=G&ageCategoryCode=&juniorRankingType=itf&take=100&skip=0&isOrderAscending=true,2026-09-07T16:21:03.194Z
2026-09-07,F,75,800640047,Veronika Sekerkova,CZE,Czechia,2009,844.75,https://www.itftennis.com/tennis/api/PlayerRankApi/GetPlayerRankings?circuitCode=JT&playerTypeCode=G&ageCategoryCode=&juniorRankingType=itf&take=100&skip=0&isOrderAscending=true,2026-09-07T16:21:03.194Z
2026-09-07,F,76,800765496,Kennedy Drenser-Hagmann,USA,USA,2009,844.25,https://www.itftennis.com/tennis/api/PlayerRankApi/GetPlayerRankings?circuitCode=JT&playerTypeCode=G&ageCategoryCode=&juniorRankingType=itf&take=100&skip=0&isOrderAscending=true,2026-09-07T16:21:03.194Z
2026-09-07,F,77,800598811,Dusica Popovski,SRB,Serbia,2009,823.5,https://www.itftennis.com/tennis/api/PlayerRankApi/GetPlayerRankings?circuitCode=JT&playerTypeCode=G&ageCategoryCode=&juniorRankingType=itf&take=100&skip=0&isOrderAscending=true,2026-09-07T16:21:03.194Z
2026-09-07,F,78,800639340,Camila Rodero,CHI,Chile,2008,821.25,https://www.itftennis.com/tennis/api/PlayerRankApi/GetPlayerRankings?circuitCode=JT&playerTypeCode=G&ageCategoryCode=&juniorRankingType=itf&take=100&skip=0&isOrderAscending=true,2026-09-07T16:21:03.194Z
2026-09-07,F,79,800597508,Marija Lauva,LAT,Latvia,2008,819.25,https://www.itftennis.com/tennis/api/PlayerRankApi/GetPlayerRankings?circuitCode=JT&playerTypeCode=G&ageCategoryCode=&juniorRankingType=itf&take=100&skip=0&isOrderAscending=true,2026-09-07T16:21:03.194Z
2026-09-07,F,80,800595539,Iulia Maria Buculei,ROU,Romania,2008,797.5,https://www.itftennis.com/tennis/api/PlayerRankApi/GetPlayerRankings?circuitCode=JT&playerTypeCode=G&ageCategoryCode=&juniorRankingType=itf&take=100&skip=0&isOrderAscending=true,2026-09-07T16:21:03.194Z
2026-09-07,F,81,800640040,Nikola Farkasova,SVK,Slovakia,2009,795,https://www.itftennis.com/tennis/api/PlayerRankApi/GetPlayerRankings?circuitCode=JT&playerTypeCode=G&ageCategoryCode=&juniorRankingType=itf&take=100&skip=0&isOrderAscending=true,2026-09-07T16:21:03.194Z
2026-09-07,F,82,800587892,Daphnee Mpetshi Perricard,FRA,France,2008,794.75,https://www.itftennis.com/tennis/api/PlayerRankApi/GetPlayerRankings?circuitCode=JT&playerTypeCode=G&ageCategoryCode=&juniorRankingType=itf&take=100&skip=0&isOrderAscending=true,2026-09-07T16:21:03.194Z
2026-09-07,F,83,800647979,Anna Pircher,AUT,Austria,2010,793.75,https://www.itftennis.com/tennis/api/PlayerRankApi/GetPlayerRankings?circuitCode=JT&playerTypeCode=G&ageCategoryCode=&juniorRankingType=itf&take=100&skip=0&isOrderAscending=true,2026-09-07T16:21:03.194Z
2026-09-07,F,84,800587900,Rada Zolotareva,RUS,Russia,2008,778,https://www.itftennis.com/tennis/api/PlayerRankApi/GetPlayerRankings?circuitCode=JT&playerTypeCode=G&ageCategoryCode=&juniorRankingType=itf&take=100&skip=0&isOrderAscending=true,2026-09-07T16:21:03.194Z
2026-09-07,F,85,800701856,Nancy Lee,USA,USA,2009,776,https://www.itftennis.com/tennis/api/PlayerRankApi/GetPlayerRankings?circuitCode=JT&playerTypeCode=G&ageCategoryCode=&juniorRankingType=itf&take=100&skip=0&isOrderAscending=true,2026-09-07T16:21:03.194Z
2026-09-07,F,86,800727956,Ireland O'Brien,USA,USA,2008,775.25,https://www.itftennis.com/tennis/api/PlayerRankApi/GetPlayerRankings?circuitCode=JT&playerTypeCode=G&ageCategoryCode=&juniorRankingType=itf&take=100&skip=0&isOrderAscending=true,2026-09-07T16:21:03.194Z
2026-09-07,F,87,800661652,Alena Kharchenko,RUS,Russia,2010,772.25,https://www.itftennis.com/tennis/api/PlayerRankApi/GetPlayerRankings?circuitCode=JT&playerTypeCode=G&ageCategoryCode=&juniorRankingType=itf&take=100&skip=0&isOrderAscending=true,2026-09-07T16:21:03.194Z
2026-09-07,F,88,800668234,Adla Lopez,USA,USA,2008,768.75,https://www.itftennis.com/tennis/api/PlayerRankApi/GetPlayerRankings?circuitCode=JT&playerTypeCode=G&ageCategoryCode=&juniorRankingType=itf&take=100&skip=0&isOrderAscending=true,2026-09-07T16:21:03.194Z
2026-09-07,F,89,800595274,Sofie Maresova,CZE,Czechia,2009,765.5,https://www.itftennis.com/tennis/api/PlayerRankApi/GetPlayerRankings?circuitCode=JT&playerTypeCode=G&ageCategoryCode=&juniorRankingType=itf&take=100&skip=0&isOrderAscending=true,2026-09-07T16:21:03.194Z
2026-09-07,F,90,800644753,Luna Maria Cinalli,ARG,Argentina,2008,757.75,https://www.itftennis.com/tennis/api/PlayerRankApi/GetPlayerRankings?circuitCode=JT&playerTypeCode=G&ageCategoryCode=&juniorRankingType=itf&take=100&skip=0&isOrderAscending=true,2026-09-07T16:21:03.194Z
2026-09-07,F,91,800595543,Klara Blazkova,CZE,Czechia,2008,750.25,https://www.itftennis.com/tennis/api/PlayerRankApi/GetPlayerRankings?circuitCode=JT&playerTypeCode=G&ageCategoryCode=&juniorRankingType=itf&take=100&skip=0&isOrderAscending=true,2026-09-07T16:21:03.194Z
2026-09-07,F,92,800781002,Tea Kovacevic,BIH,Bosnia and Herzegovina,2010,749.25,https://www.itftennis.com/tennis/api/PlayerRankApi/GetPlayerRankings?circuitCode=JT&playerTypeCode=G&ageCategoryCode=&juniorRankingType=itf&take=100&skip=0&isOrderAscending=true,2026-09-07T16:21:03.194Z
2026-09-07,F,93,800708388,Ran Wakana,JPN,Japan,2010,748,https://www.itftennis.com/tennis/api/PlayerRankApi/GetPlayerRankings?circuitCode=JT&playerTypeCode=G&ageCategoryCode=&juniorRankingType=itf&take=100&skip=0&isOrderAscending=true,2026-09-07T16:21:03.194Z
2026-09-07,F,94,800732202,Carrie-Anne Hoo,USA,USA,2009,744.75,https://www.itftennis.com/tennis/api/PlayerRankApi/GetPlayerRankings?circuitCode=JT&playerTypeCode=G&ageCategoryCode=&juniorRankingType=itf&take=100&skip=0&isOrderAscending=true,2026-09-07T16:21:03.194Z
2026-09-07,F,95,800665797,Yeri Hong,KOR,"Korea, Rep.",2011,744.75,https://www.itftennis.com/tennis/api/PlayerRankApi/GetPlayerRankings?circuitCode=JT&playerTypeCode=G&ageCategoryCode=&juniorRankingType=itf&take=100&skip=0&isOrderAscending=true,2026-09-07T16:21:03.194Z
2026-09-07,F,96,800785739,Emery Combs,USA,USA,2011,744.5,https://www.itftennis.com/tennis/api/PlayerRankApi/GetPlayerRankings?circuitCode=JT&playerTypeCode=G&ageCategoryCode=&juniorRankingType=itf&take=100&skip=0&isOrderAscending=true,2026-09-07T16:21:03.194Z
2026-09-07,F,97,800655687,Marianne Angel,MEX,Mexico,2008,742.5,https://www.itftennis.com/tennis/api/PlayerRankApi/GetPlayerRankings?circuitCode=JT&playerTypeCode=G&ageCategoryCode=&juniorRankingType=itf&take=100&skip=0&isOrderAscending=true,2026-09-07T16:21:03.194Z
2026-09-07,F,98,800656994,Pavla Sviglerova,CZE,Czechia,2008,738.25,https://www.itftennis.com/tennis/api/PlayerRankApi/GetPlayerRankings?circuitCode=JT&playerTypeCode=G&ageCategoryCode=&juniorRankingType=itf&take=100&skip=0&isOrderAscending=true,2026-09-07T16:21:03.194Z
2026-09-07,F,99,800758765,Armira Kockinis,USA,USA,2009,736.5,https://www.itftennis.com/tennis/api/PlayerRankApi/GetPlayerRankings?circuitCode=JT&playerTypeCode=G&ageCategoryCode=&juniorRankingType=itf&take=100&skip=0&isOrderAscending=true,2026-09-07T16:21:03.194Z
2026-09-07,F,100,800693144,Yael Saffar,USA,USA,2008,732.5,https://www.itftennis.com/tennis/api/PlayerRankApi/GetPlayerRankings?circuitCode=JT&playerTypeCode=G&ageCategoryCode=&juniorRankingType=itf&take=100&skip=0&isOrderAscending=true,2026-09-07T16:21:03.194Z
2026-09-07,F,101,800660470,Elfya Ba,BEL,Belgium,2009,724.75,https://www.itftennis.com/tennis/api/PlayerRankApi/GetPlayerRankings?circuitCode=JT&playerTypeCode=G&ageCategoryCode=&juniorRankingType=itf&take=100&skip=100&isOrderAscending=true,2026-09-07T16:21:04.010Z
2026-09-07,F,102,800785150,Olivia De Los Reyes,USA,USA,2011,722.5,https://www.itftennis.com/tennis/api/PlayerRankApi/GetPlayerRankings?circuitCode=JT&playerTypeCode=G&ageCategoryCode=&juniorRankingType=itf&take=100&skip=100&isOrderAscending=true,2026-09-07T16:21:04.010Z
2026-09-07,F,103,800661601,Ayse Bal,TUR,Turkiye,2010,715.5,https://www.itftennis.com/tennis/api/PlayerRankApi/GetPlayerRankings?circuitCode=JT&playerTypeCode=G&ageCategoryCode=&juniorRankingType=itf&take=100&skip=100&isOrderAscending=true,2026-09-07T16:21:04.010Z
2026-09-07,F,104,800590696,Arina Malygina,RUS,Russia,2008,715.5,https://www.itftennis.com/tennis/api/PlayerRankApi/GetPlayerRankings?circuitCode=JT&playerTypeCode=G&ageCategoryCode=&juniorRankingType=itf&take=100&skip=100&isOrderAscending=true,2026-09-07T16:21:04.010Z
2026-09-07,F,105,800660315,Isabelle Thi DeLuccia DeLuccia,USA,USA,2008,714.25,https://www.itftennis.com/tennis/api/PlayerRankApi/GetPlayerRankings?circuitCode=JT&playerTypeCode=G&ageCategoryCode=&juniorRankingType=itf&take=100&skip=100&isOrderAscending=true,2026-09-07T16:21:04.010Z
2026-09-07,F,106,800598381,Michelle Khomich,GER,Germany,2008,714.25,https://www.itftennis.com/tennis/api/PlayerRankApi/GetPlayerRankings?circuitCode=JT&playerTypeCode=G&ageCategoryCode=&juniorRankingType=itf&take=100&skip=100&isOrderAscending=true,2026-09-07T16:21:04.010Z
2026-09-07,F,107,800602615,Ana Petkovic,CRO,Croatia,2009,710,https://www.itftennis.com/tennis/api/PlayerRankApi/GetPlayerRankings?circuitCode=JT&playerTypeCode=G&ageCategoryCode=&juniorRankingType=itf&take=100&skip=100&isOrderAscending=true,2026-09-07T16:21:04.010Z
2026-09-07,F,108,800742299,Thara Gowda,USA,USA,2009,708,https://www.itftennis.com/tennis/api/PlayerRankApi/GetPlayerRankings?circuitCode=JT&playerTypeCode=G&ageCategoryCode=&juniorRankingType=itf&take=100&skip=100&isOrderAscending=true,2026-09-07T16:21:04.010Z
2026-09-07,F,109,800694788,Jahnie Van Zyl,RSA,South Africa,2009,706,https://www.itftennis.com/tennis/api/PlayerRankApi/GetPlayerRankings?circuitCode=JT&playerTypeCode=G&ageCategoryCode=&juniorRankingType=itf&take=100&skip=100&isOrderAscending=true,2026-09-07T16:21:04.010Z
2026-09-07,F,110,800696764,Kokona Ishii,JPN,Japan,2010,705.25,https://www.itftennis.com/tennis/api/PlayerRankApi/GetPlayerRankings?circuitCode=JT&playerTypeCode=G&ageCategoryCode=&juniorRankingType=itf&take=100&skip=100&isOrderAscending=true,2026-09-07T16:21:04.010Z
2026-09-07,F,111,800696293,Elizaveta Anikina,EST,Estonia,2012,697.5,https://www.itftennis.com/tennis/api/PlayerRankApi/GetPlayerRankings?circuitCode=JT&playerTypeCode=G&ageCategoryCode=&juniorRankingType=itf&take=100&skip=100&isOrderAscending=true,2026-09-07T16:21:04.010Z
2026-09-07,F,112,800621244,Barbara Kostecka,POL,Poland,2009,697.25,https://www.itftennis.com/tennis/api/PlayerRankApi/GetPlayerRankings?circuitCode=JT&playerTypeCode=G&ageCategoryCode=&juniorRankingType=itf&take=100&skip=100&isOrderAscending=true,2026-09-07T16:21:04.010Z
2026-09-07,F,113,800664895,Sofia Barhacova,SVK,Slovakia,2009,691.75,https://www.itftennis.com/tennis/api/PlayerRankApi/GetPlayerRankings?circuitCode=JT&playerTypeCode=G&ageCategoryCode=&juniorRankingType=itf&take=100&skip=100&isOrderAscending=true,2026-09-07T16:21:04.010Z
2026-09-07,F,114,800710011,Miku Kitaoka,JPN,Japan,2009,688.5,https://www.itftennis.com/tennis/api/PlayerRankApi/GetPlayerRankings?circuitCode=JT&playerTypeCode=G&ageCategoryCode=&juniorRankingType=itf&take=100&skip=100&isOrderAscending=true,2026-09-07T16:21:04.010Z
2026-09-07,F,115,800740538,Isabella Ruyu Yan,CAN,Canada,2011,686,https://www.itftennis.com/tennis/api/PlayerRankApi/GetPlayerRankings?circuitCode=JT&playerTypeCode=G&ageCategoryCode=&juniorRankingType=itf&take=100&skip=100&isOrderAscending=true,2026-09-07T16:21:04.010Z
2026-09-07,F,116,800691106,Londyn McCord,USA,USA,2009,678,https://www.itftennis.com/tennis/api/PlayerRankApi/GetPlayerRankings?circuitCode=JT&playerTypeCode=G&ageCategoryCode=&juniorRankingType=itf&take=100&skip=100&isOrderAscending=true,2026-09-07T16:21:04.010Z
2026-09-07,F,117,800750798,Mailuodi Lei,CHN,"China, P.R.",2009,675,https://www.itftennis.com/tennis/api/PlayerRankApi/GetPlayerRankings?circuitCode=JT&playerTypeCode=G&ageCategoryCode=&juniorRankingType=itf&take=100&skip=100&isOrderAscending=true,2026-09-07T16:21:04.010Z
2026-09-07,F,118,800632134,Kristina Liutova,RUS,Russia,2010,668,https://www.itftennis.com/tennis/api/PlayerRankApi/GetPlayerRankings?circuitCode=JT&playerTypeCode=G&ageCategoryCode=&juniorRankingType=itf&take=100&skip=100&isOrderAscending=true,2026-09-07T16:21:04.010Z
2026-09-07,F,119,800671760,Riyo Yoshida,JPN,Japan,2008,668,https://www.itftennis.com/tennis/api/PlayerRankApi/GetPlayerRankings?circuitCode=JT&playerTypeCode=G&ageCategoryCode=&juniorRankingType=itf&take=100&skip=100&isOrderAscending=true,2026-09-07T16:21:04.010Z
2026-09-07,F,120,800711402,Sakino Miyazawa,JPN,Japan,2011,660.5,https://www.itftennis.com/tennis/api/PlayerRankApi/GetPlayerRankings?circuitCode=JT&playerTypeCode=G&ageCategoryCode=&juniorRankingType=itf&take=100&skip=100&isOrderAscending=true,2026-09-07T16:21:04.010Z
2026-09-07,F,121,800678384,Clemence Mercier,CAN,Canada,2008,658.75,https://www.itftennis.com/tennis/api/PlayerRankApi/GetPlayerRankings?circuitCode=JT&playerTypeCode=G&ageCategoryCode=&juniorRankingType=itf&take=100&skip=100&isOrderAscending=true,2026-09-07T16:21:04.010Z
2026-09-07,F,122,800664341,Kristyna Dulikova,CZE,Czechia,2009,652.5,https://www.itftennis.com/tennis/api/PlayerRankApi/GetPlayerRankings?circuitCode=JT&playerTypeCode=G&ageCategoryCode=&juniorRankingType=itf&take=100&skip=100&isOrderAscending=true,2026-09-07T16:21:04.010Z
2026-09-07,F,123,800829633,Carlota Moreno,USA,USA,2008,651.25,https://www.itftennis.com/tennis/api/PlayerRankApi/GetPlayerRankings?circuitCode=JT&playerTypeCode=G&ageCategoryCode=&juniorRankingType=itf&take=100&skip=100&isOrderAscending=true,2026-09-07T16:21:04.010Z
2026-09-07,F,124,800730101,Brooke Wallman,USA,USA,2008,636.75,https://www.itftennis.com/tennis/api/PlayerRankApi/GetPlayerRankings?circuitCode=JT&playerTypeCode=G&ageCategoryCode=&juniorRankingType=itf&take=100&skip=100&isOrderAscending=true,2026-09-07T16:21:04.010Z
2026-09-07,F,125,800643318,Ophelia Korpanec Davies,GBR,Great Britain,2009,636.5,https://www.itftennis.com/tennis/api/PlayerRankApi/GetPlayerRankings?circuitCode=JT&playerTypeCode=G&ageCategoryCode=&juniorRankingType=itf&take=100&skip=100&isOrderAscending=true,2026-09-07T16:21:04.010Z
2026-09-07,F,126,800687278,Darina Matvejeva,LAT,Latvia,2011,635,https://www.itftennis.com/tennis/api/PlayerRankApi/GetPlayerRankings?circuitCode=JT&playerTypeCode=G&ageCategoryCode=&juniorRankingType=itf&take=100&skip=100&isOrderAscending=true,2026-09-07T16:21:04.010Z
2026-09-07,F,127,800737888,Camille Allegre,USA,USA,2009,634.5,https://www.itftennis.com/tennis/api/PlayerRankApi/GetPlayerRankings?circuitCode=JT&playerTypeCode=G&ageCategoryCode=&juniorRankingType=itf&take=100&skip=100&isOrderAscending=true,2026-09-07T16:21:04.010Z
2026-09-07,F,128,800732065,Laura Masarykova,SVK,Slovakia,2011,634.5,https://www.itftennis.com/tennis/api/PlayerRankApi/GetPlayerRankings?circuitCode=JT&playerTypeCode=G&ageCategoryCode=&juniorRankingType=itf&take=100&skip=100&isOrderAscending=true,2026-09-07T16:21:04.010Z
2026-09-07,F,129,800655655,Elsa Bonelli,SUI,Switzerland,2009,633.25,https://www.itftennis.com/tennis/api/PlayerRankApi/GetPlayerRankings?circuitCode=JT&playerTypeCode=G&ageCategoryCode=&juniorRankingType=itf&take=100&skip=100&isOrderAscending=true,2026-09-07T16:21:04.010Z
2026-09-07,F,130,800764262,Sofia Iakukhina,RUS,Russia,2010,632.5,https://www.itftennis.com/tennis/api/PlayerRankApi/GetPlayerRankings?circuitCode=JT&playerTypeCode=G&ageCategoryCode=&juniorRankingType=itf&take=100&skip=100&isOrderAscending=true,2026-09-07T16:21:04.010Z
2026-09-07,F,131,800684996,Andrea Cabio,CAN,Canada,2009,629.75,https://www.itftennis.com/tennis/api/PlayerRankApi/GetPlayerRankings?circuitCode=JT&playerTypeCode=G&ageCategoryCode=&juniorRankingType=itf&take=100&skip=100&isOrderAscending=true,2026-09-07T16:21:04.010Z
2026-09-07,F,132,800753704,Ru Xi Wu,CHN,"China, P.R.",2008,627.5,https://www.itftennis.com/tennis/api/PlayerRankApi/GetPlayerRankings?circuitCode=JT&playerTypeCode=G&ageCategoryCode=&juniorRankingType=itf&take=100&skip=100&isOrderAscending=true,2026-09-07T16:21:04.010Z
2026-09-07,F,133,800672327,Sophie Triquart,GER,Germany,2010,620.5,https://www.itftennis.com/tennis/api/PlayerRankApi/GetPlayerRankings?circuitCode=JT&playerTypeCode=G&ageCategoryCode=&juniorRankingType=itf&take=100&skip=100&isOrderAscending=true,2026-09-07T16:21:04.010Z
2026-09-07,F,134,800792877,Allison Wang,USA,USA,2011,616.5,https://www.itftennis.com/tennis/api/PlayerRankApi/GetPlayerRankings?circuitCode=JT&playerTypeCode=G&ageCategoryCode=&juniorRankingType=itf&take=100&skip=100&isOrderAscending=true,2026-09-07T16:21:04.010Z
2026-09-07,F,135,800596280,Sona Depesova,SVK,Slovakia,2008,616.25,https://www.itftennis.com/tennis/api/PlayerRankApi/GetPlayerRankings?circuitCode=JT&playerTypeCode=G&ageCategoryCode=&juniorRankingType=itf&take=100&skip=100&isOrderAscending=true,2026-09-07T16:21:04.010Z
2026-09-07,F,136,800764753,Scarlett Fagan,USA,USA,2010,615,https://www.itftennis.com/tennis/api/PlayerRankApi/GetPlayerRankings?circuitCode=JT&playerTypeCode=G&ageCategoryCode=&juniorRankingType=itf&take=100&skip=100&isOrderAscending=true,2026-09-07T16:21:04.010Z
2026-09-07,F,137,800771032,Minami Suzuki,JPN,Japan,2010,613,https://www.itftennis.com/tennis/api/PlayerRankApi/GetPlayerRankings?circuitCode=JT&playerTypeCode=G&ageCategoryCode=&juniorRankingType=itf&take=100&skip=100&isOrderAscending=true,2026-09-07T16:21:04.010Z
2026-09-07,F,138,800687687,Nathalia Pontes Tourinho,BRA,Brazil,2010,610.75,https://www.itftennis.com/tennis/api/PlayerRankApi/GetPlayerRankings?circuitCode=JT&playerTypeCode=G&ageCategoryCode=&juniorRankingType=itf&take=100&skip=100&isOrderAscending=true,2026-09-07T16:21:04.010Z
2026-09-07,F,139,800630721,Capucine Cedillo- Vayson de Pradenne,FRA,France,2009,592.5,https://www.itftennis.com/tennis/api/PlayerRankApi/GetPlayerRankings?circuitCode=JT&playerTypeCode=G&ageCategoryCode=&juniorRankingType=itf&take=100&skip=100&isOrderAscending=true,2026-09-07T16:21:04.010Z
2026-09-07,F,140,800644108,Anna Bazderova,RUS,Russia,2009,590,https://www.itftennis.com/tennis/api/PlayerRankApi/GetPlayerRankings?circuitCode=JT&playerTypeCode=G&ageCategoryCode=&juniorRankingType=itf&take=100&skip=100&isOrderAscending=true,2026-09-07T16:21:04.010Z
2026-09-07,F,141,800780175,Vasilisa Taranova,RUS,Russia,2010,588.75,https://www.itftennis.com/tennis/api/PlayerRankApi/GetPlayerRankings?circuitCode=JT&playerTypeCode=G&ageCategoryCode=&juniorRankingType=itf&take=100&skip=100&isOrderAscending=true,2026-09-07T16:21:04.010Z
2026-09-07,F,142,800732376,Xiaotong Wang,CHN,"China, P.R.",2009,586.25,https://www.itftennis.com/tennis/api/PlayerRankApi/GetPlayerRankings?circuitCode=JT&playerTypeCode=G&ageCategoryCode=&juniorRankingType=itf&take=100&skip=100&isOrderAscending=true,2026-09-07T16:21:04.010Z
2026-09-07,F,143,800702424,Natsuki Irokawa,JPN,Japan,2010,583.75,https://www.itftennis.com/tennis/api/PlayerRankApi/GetPlayerRankings?circuitCode=JT&playerTypeCode=G&ageCategoryCode=&juniorRankingType=itf&take=100&skip=100&isOrderAscending=true,2026-09-07T16:21:04.010Z
2026-09-07,F,144,800587914,Masa Jankovic,SRB,Serbia,2008,576.75,https://www.itftennis.com/tennis/api/PlayerRankApi/GetPlayerRankings?circuitCode=JT&playerTypeCode=G&ageCategoryCode=&juniorRankingType=itf&take=100&skip=100&isOrderAscending=true,2026-09-07T16:21:04.010Z
2026-09-07,F,145,800654350,Isabella Angelina Abendroth,GER,Germany,2010,574.5,https://www.itftennis.com/tennis/api/PlayerRankApi/GetPlayerRankings?circuitCode=JT&playerTypeCode=G&ageCategoryCode=&juniorRankingType=itf&take=100&skip=100&isOrderAscending=true,2026-09-07T16:21:04.010Z
2026-09-07,F,146,800692381,Diya Ramesh Ramesh,IND,India,2009,573,https://www.itftennis.com/tennis/api/PlayerRankApi/GetPlayerRankings?circuitCode=JT&playerTypeCode=G&ageCategoryCode=&juniorRankingType=itf&take=100&skip=100&isOrderAscending=true,2026-09-07T16:21:04.010Z
2026-09-07,F,147,800676215,Carla Vazquez Alcudia,ESP,Spain,2009,572.5,https://www.itftennis.com/tennis/api/PlayerRankApi/GetPlayerRankings?circuitCode=JT&playerTypeCode=G&ageCategoryCode=&juniorRankingType=itf&take=100&skip=100&isOrderAscending=true,2026-09-07T16:21:04.010Z
2026-09-07,F,148,800585002,Nehir Dogan,TUR,Turkiye,2008,571.25,https://www.itftennis.com/tennis/api/PlayerRankApi/GetPlayerRankings?circuitCode=JT&playerTypeCode=G&ageCategoryCode=&juniorRankingType=itf&take=100&skip=100&isOrderAscending=true,2026-09-07T16:21:04.010Z
2026-09-07,F,149,800646526,Sara Oliveriusova,CZE,Czechia,2009,570.5,https://www.itftennis.com/tennis/api/PlayerRankApi/GetPlayerRankings?circuitCode=JT&playerTypeCode=G&ageCategoryCode=&juniorRankingType=itf&take=100&skip=100&isOrderAscending=true,2026-09-07T16:21:04.010Z
2026-09-07,F,150,800666178,Lana Virc,SRB,Serbia,2008,565.25,https://www.itftennis.com/tennis/api/PlayerRankApi/GetPlayerRankings?circuitCode=JT&playerTypeCode=G&ageCategoryCode=&juniorRankingType=itf&take=100&skip=100&isOrderAscending=true,2026-09-07T16:21:04.010Z
2026-09-07,F,151,800725103,Ellery Mendell,USA,USA,2009,561,https://www.itftennis.com/tennis/api/PlayerRankApi/GetPlayerRankings?circuitCode=JT&playerTypeCode=G&ageCategoryCode=&juniorRankingType=itf&take=100&skip=100&isOrderAscending=true,2026-09-07T16:21:04.010Z
2026-09-07,F,152,800681271,Kori Montoya,USA,USA,2008,559.75,https://www.itftennis.com/tennis/api/PlayerRankApi/GetPlayerRankings?circuitCode=JT&playerTypeCode=G&ageCategoryCode=&juniorRankingType=itf&take=100&skip=100&isOrderAscending=true,2026-09-07T16:21:04.010Z
2026-09-07,F,153,800652356,Aishi Das,NZL,New Zealand,2008,558,https://www.itftennis.com/tennis/api/PlayerRankApi/GetPlayerRankings?circuitCode=JT&playerTypeCode=G&ageCategoryCode=&juniorRankingType=itf&take=100&skip=100&isOrderAscending=true,2026-09-07T16:21:04.010Z
2026-09-07,F,154,800655608,Catalina Delmas Schaerer,PAR,Paraguay,2009,554.75,https://www.itftennis.com/tennis/api/PlayerRankApi/GetPlayerRankings?circuitCode=JT&playerTypeCode=G&ageCategoryCode=&juniorRankingType=itf&take=100&skip=100&isOrderAscending=true,2026-09-07T16:21:04.010Z
2026-09-07,F,155,800662490,Caroline Hermanns,DEN,Denmark,2009,550.75,https://www.itftennis.com/tennis/api/PlayerRankApi/GetPlayerRankings?circuitCode=JT&playerTypeCode=G&ageCategoryCode=&juniorRankingType=itf&take=100&skip=100&isOrderAscending=true,2026-09-07T16:21:04.010Z
2026-09-07,F,156,800708129,Yui Komada,JPN,Japan,2010,550.25,https://www.itftennis.com/tennis/api/PlayerRankApi/GetPlayerRankings?circuitCode=JT&playerTypeCode=G&ageCategoryCode=&juniorRankingType=itf&take=100&skip=100&isOrderAscending=true,2026-09-07T16:21:04.010Z
2026-09-07,F,157,800627475,Mia Pohankova,SVK,Slovakia,2008,550,https://www.itftennis.com/tennis/api/PlayerRankApi/GetPlayerRankings?circuitCode=JT&playerTypeCode=G&ageCategoryCode=&juniorRankingType=itf&take=100&skip=100&isOrderAscending=true,2026-09-07T16:21:04.010Z
2026-09-07,F,158,800662436,Keisija Berzina,LAT,Latvia,2010,548,https://www.itftennis.com/tennis/api/PlayerRankApi/GetPlayerRankings?circuitCode=JT&playerTypeCode=G&ageCategoryCode=&juniorRankingType=itf&take=100&skip=100&isOrderAscending=true,2026-09-07T16:21:04.010Z
2026-09-07,F,159,800685082,Daniel Baranes,FRA,France,2011,547.5,https://www.itftennis.com/tennis/api/PlayerRankApi/GetPlayerRankings?circuitCode=JT&playerTypeCode=G&ageCategoryCode=&juniorRankingType=itf&take=100&skip=100&isOrderAscending=true,2026-09-07T16:21:04.010Z
2026-09-07,F,160,800595691,Sonja Zhenikhova,GER,Germany,2008,546.75,https://www.itftennis.com/tennis/api/PlayerRankApi/GetPlayerRankings?circuitCode=JT&playerTypeCode=G&ageCategoryCode=&juniorRankingType=itf&take=100&skip=100&isOrderAscending=true,2026-09-07T16:21:04.010Z
2026-09-07,F,161,800600260,Gwendolyn Fedel,GER,Germany,2008,546.75,https://www.itftennis.com/tennis/api/PlayerRankApi/GetPlayerRankings?circuitCode=JT&playerTypeCode=G&ageCategoryCode=&juniorRankingType=itf&take=100&skip=100&isOrderAscending=true,2026-09-07T16:21:04.010Z
2026-09-07,F,162,800626636,Nehira Sanon,FRA,France,2009,546.5,https://www.itftennis.com/tennis/api/PlayerRankApi/GetPlayerRankings?circuitCode=JT&playerTypeCode=G&ageCategoryCode=&juniorRankingType=itf&take=100&skip=100&isOrderAscending=true,2026-09-07T16:21:04.010Z
2026-09-07,F,163,800778327,Anya Arora,USA,USA,2011,546,https://www.itftennis.com/tennis/api/PlayerRankApi/GetPlayerRankings?circuitCode=JT&playerTypeCode=G&ageCategoryCode=&juniorRankingType=itf&take=100&skip=100&isOrderAscending=true,2026-09-07T16:21:04.010Z
2026-09-07,F,164,800642724,Rira Kosaka,JPN,Japan,2008,538.25,https://www.itftennis.com/tennis/api/PlayerRankApi/GetPlayerRankings?circuitCode=JT&playerTypeCode=G&ageCategoryCode=&juniorRankingType=itf&take=100&skip=100&isOrderAscending=true,2026-09-07T16:21:04.010Z
2026-09-07,F,165,800805629,Polina Orlova,RUS,Russia,2011,534.75,https://www.itftennis.com/tennis/api/PlayerRankApi/GetPlayerRankings?circuitCode=JT&playerTypeCode=G&ageCategoryCode=&juniorRankingType=itf&take=100&skip=100&isOrderAscending=true,2026-09-07T16:21:04.010Z
2026-09-07,F,166,800684523,Ellen Hirschi,AUS,Australia,2008,529.25,https://www.itftennis.com/tennis/api/PlayerRankApi/GetPlayerRankings?circuitCode=JT&playerTypeCode=G&ageCategoryCode=&juniorRankingType=itf&take=100&skip=100&isOrderAscending=true,2026-09-07T16:21:04.010Z
2026-09-07,F,167,800639382,Ioana Stefania Boian,ROU,Romania,2009,519.25,https://www.itftennis.com/tennis/api/PlayerRankApi/GetPlayerRankings?circuitCode=JT&playerTypeCode=G&ageCategoryCode=&juniorRankingType=itf&take=100&skip=100&isOrderAscending=true,2026-09-07T16:21:04.010Z
2026-09-07,F,168,800732650,Reiley Rhodes,USA,USA,2009,515,https://www.itftennis.com/tennis/api/PlayerRankApi/GetPlayerRankings?circuitCode=JT&playerTypeCode=G&ageCategoryCode=&juniorRankingType=itf&take=100&skip=100&isOrderAscending=true,2026-09-07T16:21:04.010Z
2026-09-07,F,169,800589634,Laura Valentine Pop,FRA,France,2009,507.25,https://www.itftennis.com/tennis/api/PlayerRankApi/GetPlayerRankings?circuitCode=JT&playerTypeCode=G&ageCategoryCode=&juniorRankingType=itf&take=100&skip=100&isOrderAscending=true,2026-09-07T16:21:04.010Z
2026-09-07,F,170,800689265,Aoi Watanabe,JPN,Japan,2009,505.75,https://www.itftennis.com/tennis/api/PlayerRankApi/GetPlayerRankings?circuitCode=JT&playerTypeCode=G&ageCategoryCode=&juniorRankingType=itf&take=100&skip=100&isOrderAscending=true,2026-09-07T16:21:04.010Z
2026-09-07,F,171,800598122,Karina Kovalchuk,UKR,Ukraine,2008,499.5,https://www.itftennis.com/tennis/api/PlayerRankApi/GetPlayerRankings?circuitCode=JT&playerTypeCode=G&ageCategoryCode=&juniorRankingType=itf&take=100&skip=100&isOrderAscending=true,2026-09-07T16:21:04.010Z
2026-09-07,F,172,800660486,Sabrina Balderrama,VEN,Venezuela,2009,495.5,https://www.itftennis.com/tennis/api/PlayerRankApi/GetPlayerRankings?circuitCode=JT&playerTypeCode=G&ageCategoryCode=&juniorRankingType=itf&take=100&skip=100&isOrderAscending=true,2026-09-07T16:21:04.010Z
2026-09-07,F,173,800747553,Tori Russell,AUS,Australia,2010,491,https://www.itftennis.com/tennis/api/PlayerRankApi/GetPlayerRankings?circuitCode=JT&playerTypeCode=G&ageCategoryCode=&juniorRankingType=itf&take=100&skip=100&isOrderAscending=true,2026-09-07T16:21:04.010Z
2026-09-07,F,174,800631038,Hannah Klugman,GBR,Great Britain,2009,490,https://www.itftennis.com/tennis/api/PlayerRankApi/GetPlayerRankings?circuitCode=JT&playerTypeCode=G&ageCategoryCode=&juniorRankingType=itf&take=100&skip=100&isOrderAscending=true,2026-09-07T16:21:04.010Z
2026-09-07,F,175,800712922,Audrey Kao,TPE,Chinese Taipei,2009,488.5,https://www.itftennis.com/tennis/api/PlayerRankApi/GetPlayerRankings?circuitCode=JT&playerTypeCode=G&ageCategoryCode=&juniorRankingType=itf&take=100&skip=100&isOrderAscending=true,2026-09-07T16:21:04.010Z
2026-09-07,F,176,800664865,Edie Griffiths,GBR,Great Britain,2009,486.5,https://www.itftennis.com/tennis/api/PlayerRankApi/GetPlayerRankings?circuitCode=JT&playerTypeCode=G&ageCategoryCode=&juniorRankingType=itf&take=100&skip=100&isOrderAscending=true,2026-09-07T16:21:04.010Z
2026-09-07,F,177,800642979,Vittoria Vignolini,ITA,Italy,2009,486,https://www.itftennis.com/tennis/api/PlayerRankApi/GetPlayerRankings?circuitCode=JT&playerTypeCode=G&ageCategoryCode=&juniorRankingType=itf&take=100&skip=100&isOrderAscending=true,2026-09-07T16:21:04.010Z
2026-09-07,F,178,800802849,Kathryn Cragg,USA,USA,2011,485.25,https://www.itftennis.com/tennis/api/PlayerRankApi/GetPlayerRankings?circuitCode=JT&playerTypeCode=G&ageCategoryCode=&juniorRankingType=itf&take=100&skip=100&isOrderAscending=true,2026-09-07T16:21:04.010Z
2026-09-07,F,179,800765119,Clara Coura,BRA,Brazil,2011,485.25,https://www.itftennis.com/tennis/api/PlayerRankApi/GetPlayerRankings?circuitCode=JT&playerTypeCode=G&ageCategoryCode=&juniorRankingType=itf&take=100&skip=100&isOrderAscending=true,2026-09-07T16:21:04.010Z
2026-09-07,F,180,800653329,Capucine Jauffret,USA,USA,2008,482.75,https://www.itftennis.com/tennis/api/PlayerRankApi/GetPlayerRankings?circuitCode=JT&playerTypeCode=G&ageCategoryCode=&juniorRankingType=itf&take=100&skip=100&isOrderAscending=true,2026-09-07T16:21:04.010Z
2026-09-07,F,181,800715977,Iva Ivankovic,SUI,Switzerland,2010,482.5,https://www.itftennis.com/tennis/api/PlayerRankApi/GetPlayerRankings?circuitCode=JT&playerTypeCode=G&ageCategoryCode=&juniorRankingType=itf&take=100&skip=100&isOrderAscending=true,2026-09-07T16:21:04.010Z
2026-09-07,F,182,800662933,LYDIA PANAGIOTIDOU,GRE,Greece,2010,482.5,https://www.itftennis.com/tennis/api/PlayerRankApi/GetPlayerRankings?circuitCode=JT&playerTypeCode=G&ageCategoryCode=&juniorRankingType=itf&take=100&skip=100&isOrderAscending=true,2026-09-07T16:21:04.010Z
2026-09-07,F,183,800844714,Elizaveta Timokhina,RUS,Russia,2011,477.75,https://www.itftennis.com/tennis/api/PlayerRankApi/GetPlayerRankings?circuitCode=JT&playerTypeCode=G&ageCategoryCode=&juniorRankingType=itf&take=100&skip=100&isOrderAscending=true,2026-09-07T16:21:04.010Z
2026-09-07,F,184,800756485,JiaLi Dong,CHN,"China, P.R.",2010,476,https://www.itftennis.com/tennis/api/PlayerRankApi/GetPlayerRankings?circuitCode=JT&playerTypeCode=G&ageCategoryCode=&juniorRankingType=itf&take=100&skip=100&isOrderAscending=true,2026-09-07T16:21:04.010Z
2026-09-07,F,185,800743801,FANGYU SHANG,CHN,"China, P.R.",2010,474.5,https://www.itftennis.com/tennis/api/PlayerRankApi/GetPlayerRankings?circuitCode=JT&playerTypeCode=G&ageCategoryCode=&juniorRankingType=itf&take=100&skip=100&isOrderAscending=true,2026-09-07T16:21:04.010Z
2026-09-07,F,186,800593756,Anna Mihalka,HUN,Hungary,2009,470.75,https://www.itftennis.com/tennis/api/PlayerRankApi/GetPlayerRankings?circuitCode=JT&playerTypeCode=G&ageCategoryCode=&juniorRankingType=itf&take=100&skip=100&isOrderAscending=true,2026-09-07T16:21:04.010Z
2026-09-07,F,187,800586889,Alexandra Cheishvili,RUS,Russia,2008,467.5,https://www.itftennis.com/tennis/api/PlayerRankApi/GetPlayerRankings?circuitCode=JT&playerTypeCode=G&ageCategoryCode=&juniorRankingType=itf&take=100&skip=100&isOrderAscending=true,2026-09-07T16:21:04.010Z
2026-09-07,F,188,800622037,Gabriela Paun,ESP,Spain,2008,466.25,https://www.itftennis.com/tennis/api/PlayerRankApi/GetPlayerRankings?circuitCode=JT&playerTypeCode=G&ageCategoryCode=&juniorRankingType=itf&take=100&skip=100&isOrderAscending=true,2026-09-07T16:21:04.010Z
2026-09-07,F,189,800655000,ofir manhard,ISR,Israel,2011,466,https://www.itftennis.com/tennis/api/PlayerRankApi/GetPlayerRankings?circuitCode=JT&playerTypeCode=G&ageCategoryCode=&juniorRankingType=itf&take=100&skip=100&isOrderAscending=true,2026-09-07T16:21:04.010Z
2026-09-07,F,190,800713288,Maria Eduarda Carbone dos Santos,BRA,Brazil,2010,465,https://www.itftennis.com/tennis/api/PlayerRankApi/GetPlayerRankings?circuitCode=JT&playerTypeCode=G&ageCategoryCode=&juniorRankingType=itf&take=100&skip=100&isOrderAscending=true,2026-09-07T16:21:04.010Z
2026-09-07,F,191,800726353,Karlin Schock,USA,USA,2008,465,https://www.itftennis.com/tennis/api/PlayerRankApi/GetPlayerRankings?circuitCode=JT&playerTypeCode=G&ageCategoryCode=&juniorRankingType=itf&take=100&skip=100&isOrderAscending=true,2026-09-07T16:21:04.010Z
2026-09-07,F,192,800652535,Vanessa Svobodova,CZE,Czechia,2009,464.75,https://www.itftennis.com/tennis/api/PlayerRankApi/GetPlayerRankings?circuitCode=JT&playerTypeCode=G&ageCategoryCode=&juniorRankingType=itf&take=100&skip=100&isOrderAscending=true,2026-09-07T16:21:04.010Z
2026-09-07,F,193,800632088,Lucia Rodriguez,ESP,Spain,2009,464.5,https://www.itftennis.com/tennis/api/PlayerRankApi/GetPlayerRankings?circuitCode=JT&playerTypeCode=G&ageCategoryCode=&juniorRankingType=itf&take=100&skip=100&isOrderAscending=true,2026-09-07T16:21:04.010Z
2026-09-07,F,194,800672692,Leticia Alessia Bazan Bazan,PER,Peru,2009,464,https://www.itftennis.com/tennis/api/PlayerRankApi/GetPlayerRankings?circuitCode=JT&playerTypeCode=G&ageCategoryCode=&juniorRankingType=itf&take=100&skip=100&isOrderAscending=true,2026-09-07T16:21:04.010Z
2026-09-07,F,195,800722126,Elicia Lin,CAN,Canada,2009,463,https://www.itftennis.com/tennis/api/PlayerRankApi/GetPlayerRankings?circuitCode=JT&playerTypeCode=G&ageCategoryCode=&juniorRankingType=itf&take=100&skip=100&isOrderAscending=true,2026-09-07T16:21:04.010Z
2026-09-07,F,196,800654679,Alisha Ndukwu,POL,Poland,2009,458.5,https://www.itftennis.com/tennis/api/PlayerRankApi/GetPlayerRankings?circuitCode=JT&playerTypeCode=G&ageCategoryCode=&juniorRankingType=itf&take=100&skip=100&isOrderAscending=true,2026-09-07T16:21:04.010Z
2026-09-07,F,197,800725240,Roxy Bredenkamp,RSA,South Africa,2009,457,https://www.itftennis.com/tennis/api/PlayerRankApi/GetPlayerRankings?circuitCode=JT&playerTypeCode=G&ageCategoryCode=&juniorRankingType=itf&take=100&skip=100&isOrderAscending=true,2026-09-07T16:21:04.010Z
2026-09-07,F,198,800587951,Daria Kuznetsova,RUS,Russia,2008,455.75,https://www.itftennis.com/tennis/api/PlayerRankApi/GetPlayerRankings?circuitCode=JT&playerTypeCode=G&ageCategoryCode=&juniorRankingType=itf&take=100&skip=100&isOrderAscending=true,2026-09-07T16:21:04.010Z
2026-09-07,F,199,800719372,Annika Penickova,USA,USA,2009,455.5,https://www.itftennis.com/tennis/api/PlayerRankApi/GetPlayerRankings?circuitCode=JT&playerTypeCode=G&ageCategoryCode=&juniorRankingType=itf&take=100&skip=100&isOrderAscending=true,2026-09-07T16:21:04.010Z
2026-09-07,F,200,800632255,Eva Korysheva,KAZ,Kazakhstan,2009,455,https://www.itftennis.com/tennis/api/PlayerRankApi/GetPlayerRankings?circuitCode=JT&playerTypeCode=G&ageCategoryCode=&juniorRankingType=itf&take=100&skip=100&isOrderAscending=true,2026-09-07T16:21:04.010Z
2026-09-07,F,201,800718202,Isidora Lisboa,CHI,Chile,2009,447,https://www.itftennis.com/tennis/api/PlayerRankApi/GetPlayerRankings?circuitCode=JT&playerTypeCode=G&ageCategoryCode=&juniorRankingType=itf&take=100&skip=200&isOrderAscending=true,2026-09-07T16:21:04.814Z
2026-09-07,F,202,800668189,Ena Ilic,SRB,Serbia,2010,446.5,https://www.itftennis.com/tennis/api/PlayerRankApi/GetPlayerRankings?circuitCode=JT&playerTypeCode=G&ageCategoryCode=&juniorRankingType=itf&take=100&skip=200&isOrderAscending=true,2026-09-07T16:21:04.814Z
2026-09-07,F,203,800699757,Sera Park,KOR,"Korea, Rep.",2010,445,https://www.itftennis.com/tennis/api/PlayerRankApi/GetPlayerRankings?circuitCode=JT&playerTypeCode=G&ageCategoryCode=&juniorRankingType=itf&take=100&skip=200&isOrderAscending=true,2026-09-07T16:21:04.814Z
2026-09-07,F,204,800661147,Ana Frommenwiler,SUI,Switzerland,2009,443,https://www.itftennis.com/tennis/api/PlayerRankApi/GetPlayerRankings?circuitCode=JT&playerTypeCode=G&ageCategoryCode=&juniorRankingType=itf&take=100&skip=200&isOrderAscending=true,2026-09-07T16:21:04.814Z
2026-09-07,F,205,800691563,Kseniia Akhrameeva,RUS,Russia,2010,442,https://www.itftennis.com/tennis/api/PlayerRankApi/GetPlayerRankings?circuitCode=JT&playerTypeCode=G&ageCategoryCode=&juniorRankingType=itf&take=100&skip=200&isOrderAscending=true,2026-09-07T16:21:04.814Z
2026-09-07,F,206,800672178,Eliska Drevojanova,CZE,Czechia,2009,442,https://www.itftennis.com/tennis/api/PlayerRankApi/GetPlayerRankings?circuitCode=JT&playerTypeCode=G&ageCategoryCode=&juniorRankingType=itf&take=100&skip=200&isOrderAscending=true,2026-09-07T16:21:04.814Z
2026-09-07,F,207,800598081,Sophie Bekker,GBR,Great Britain,2008,438.5,https://www.itftennis.com/tennis/api/PlayerRankApi/GetPlayerRankings?circuitCode=JT&playerTypeCode=G&ageCategoryCode=&juniorRankingType=itf&take=100&skip=200&isOrderAscending=true,2026-09-07T16:21:04.814Z
2026-09-07,F,208,800598087,Sarina Schnyder,SUI,Switzerland,2008,437.75,https://www.itftennis.com/tennis/api/PlayerRankApi/GetPlayerRankings?circuitCode=JT&playerTypeCode=G&ageCategoryCode=&juniorRankingType=itf&take=100&skip=200&isOrderAscending=true,2026-09-07T16:21:04.814Z
2026-09-07,F,209,800797140,Sylvana Jalbert,USA,USA,2010,434,https://www.itftennis.com/tennis/api/PlayerRankApi/GetPlayerRankings?circuitCode=JT&playerTypeCode=G&ageCategoryCode=&juniorRankingType=itf&take=100&skip=200&isOrderAscending=true,2026-09-07T16:21:04.814Z
2026-09-07,F,210,800683370,Varvara Vinogradova,RUS,Russia,2010,431.75,https://www.itftennis.com/tennis/api/PlayerRankApi/GetPlayerRankings?circuitCode=JT&playerTypeCode=G&ageCategoryCode=&juniorRankingType=itf&take=100&skip=200&isOrderAscending=true,2026-09-07T16:21:04.814Z
2026-09-07,F,211,800663836,Liv Zingg,GBR,Great Britain,2011,422,https://www.itftennis.com/tennis/api/PlayerRankApi/GetPlayerRankings?circuitCode=JT&playerTypeCode=G&ageCategoryCode=&juniorRankingType=itf&take=100&skip=200&isOrderAscending=true,2026-09-07T16:21:04.814Z
2026-09-07,F,212,800734391,Daria Bilyk,UKR,Ukraine,2010,419.5,https://www.itftennis.com/tennis/api/PlayerRankApi/GetPlayerRankings?circuitCode=JT&playerTypeCode=G&ageCategoryCode=&juniorRankingType=itf&take=100&skip=200&isOrderAscending=true,2026-09-07T16:21:04.814Z
2026-09-07,F,213,800767494,Aarini Bhattacharya,USA,USA,2010,419.5,https://www.itftennis.com/tennis/api/PlayerRankApi/GetPlayerRankings?circuitCode=JT&playerTypeCode=G&ageCategoryCode=&juniorRankingType=itf&take=100&skip=200&isOrderAscending=true,2026-09-07T16:21:04.814Z
2026-09-07,F,214,800688060,Romina Dominguez Garcia,MEX,Mexico,2009,418.5,https://www.itftennis.com/tennis/api/PlayerRankApi/GetPlayerRankings?circuitCode=JT&playerTypeCode=G&ageCategoryCode=&juniorRankingType=itf&take=100&skip=200&isOrderAscending=true,2026-09-07T16:21:04.814Z
2026-09-07,F,215,800693517,Kalista Papadopoulos,USA,USA,2009,417,https://www.itftennis.com/tennis/api/PlayerRankApi/GetPlayerRankings?circuitCode=JT&playerTypeCode=G&ageCategoryCode=&juniorRankingType=itf&take=100&skip=200&isOrderAscending=true,2026-09-07T16:21:04.814Z
2026-09-07,F,216,800587831,Anna Kartseva,RUS,Russia,2008,413,https://www.itftennis.com/tennis/api/PlayerRankApi/GetPlayerRankings?circuitCode=JT&playerTypeCode=G&ageCategoryCode=&juniorRankingType=itf&take=100&skip=200&isOrderAscending=true,2026-09-07T16:21:04.814Z
2026-09-07,F,217,800741206,Angel Warang,AUS,Australia,2010,406.5,https://www.itftennis.com/tennis/api/PlayerRankApi/GetPlayerRankings?circuitCode=JT&playerTypeCode=G&ageCategoryCode=&juniorRankingType=itf&take=100&skip=200&isOrderAscending=true,2026-09-07T16:21:04.814Z
2026-09-07,F,218,800670966,Lea Haider-Maurer,AUT,Austria,2010,406,https://www.itftennis.com/tennis/api/PlayerRankApi/GetPlayerRankings?circuitCode=JT&playerTypeCode=G&ageCategoryCode=&juniorRankingType=itf&take=100&skip=200&isOrderAscending=true,2026-09-07T16:21:04.814Z
2026-09-07,F,219,800655627,Silvana Fajardo,PER,Peru,2009,403.5,https://www.itftennis.com/tennis/api/PlayerRankApi/GetPlayerRankings?circuitCode=JT&playerTypeCode=G&ageCategoryCode=&juniorRankingType=itf&take=100&skip=200&isOrderAscending=true,2026-09-07T16:21:04.814Z
2026-09-07,F,220,800771024,Caroline Shao,USA,USA,2011,402.25,https://www.itftennis.com/tennis/api/PlayerRankApi/GetPlayerRankings?circuitCode=JT&playerTypeCode=G&ageCategoryCode=&juniorRankingType=itf&take=100&skip=200&isOrderAscending=true,2026-09-07T16:21:04.814Z
2026-09-07,F,221,800650824,Anastasiia Sorska,UKR,Ukraine,2008,402,https://www.itftennis.com/tennis/api/PlayerRankApi/GetPlayerRankings?circuitCode=JT&playerTypeCode=G&ageCategoryCode=&juniorRankingType=itf&take=100&skip=200&isOrderAscending=true,2026-09-07T16:21:04.814Z
2026-09-07,F,222,800543426,Albina Kakenova,KAZ,Kazakhstan,2008,401,https://www.itftennis.com/tennis/api/PlayerRankApi/GetPlayerRankings?circuitCode=JT&playerTypeCode=G&ageCategoryCode=&juniorRankingType=itf&take=100&skip=200&isOrderAscending=true,2026-09-07T16:21:04.814Z
2026-09-07,F,223,800689372,Rahaf Mostafa,EGY,Egypt,2008,400.25,https://www.itftennis.com/tennis/api/PlayerRankApi/GetPlayerRankings?circuitCode=JT&playerTypeCode=G&ageCategoryCode=&juniorRankingType=itf&take=100&skip=200&isOrderAscending=true,2026-09-07T16:21:04.814Z
2026-09-07,F,224,800700177,Ciara Harding,USA,USA,2009,399,https://www.itftennis.com/tennis/api/PlayerRankApi/GetPlayerRankings?circuitCode=JT&playerTypeCode=G&ageCategoryCode=&juniorRankingType=itf&take=100&skip=200&isOrderAscending=true,2026-09-07T16:21:04.814Z
2026-09-07,F,225,800637116,Angelica Sara,ITA,Italy,2009,397.5,https://www.itftennis.com/tennis/api/PlayerRankApi/GetPlayerRankings?circuitCode=JT&playerTypeCode=G&ageCategoryCode=&juniorRankingType=itf&take=100&skip=200&isOrderAscending=true,2026-09-07T16:21:04.814Z
2026-09-07,F,226,800632085,Adiya Omarbek,KAZ,Kazakhstan,2009,396,https://www.itftennis.com/tennis/api/PlayerRankApi/GetPlayerRankings?circuitCode=JT&playerTypeCode=G&ageCategoryCode=&juniorRankingType=itf&take=100&skip=200&isOrderAscending=true,2026-09-07T16:21:04.814Z
2026-09-07,F,227,800692442,Hannelore Daniels,BEL,Belgium,2011,394.75,https://www.itftennis.com/tennis/api/PlayerRankApi/GetPlayerRankings?circuitCode=JT&playerTypeCode=G&ageCategoryCode=&juniorRankingType=itf&take=100&skip=200&isOrderAscending=true,2026-09-07T16:21:04.814Z
2026-09-07,F,228,800701368,Georgia Campbell,AUS,Australia,2009,394.25,https://www.itftennis.com/tennis/api/PlayerRankApi/GetPlayerRankings?circuitCode=JT&playerTypeCode=G&ageCategoryCode=&juniorRankingType=itf&take=100&skip=200&isOrderAscending=true,2026-09-07T16:21:04.814Z
2026-09-07,F,229,800708722,Emma Fulvia Wiesenfeld,FRA,France,2009,394,https://www.itftennis.com/tennis/api/PlayerRankApi/GetPlayerRankings?circuitCode=JT&playerTypeCode=G&ageCategoryCode=&juniorRankingType=itf&take=100&skip=200&isOrderAscending=true,2026-09-07T16:21:04.814Z
2026-09-07,F,230,800671762,Elizaveta Nalesnik,RUS,Russia,2011,393,https://www.itftennis.com/tennis/api/PlayerRankApi/GetPlayerRankings?circuitCode=JT&playerTypeCode=G&ageCategoryCode=&juniorRankingType=itf&take=100&skip=200&isOrderAscending=true,2026-09-07T16:21:04.814Z
2026-09-07,F,231,800639234,Valeria Garnevska,BUL,Bulgaria,2008,391.5,https://www.itftennis.com/tennis/api/PlayerRankApi/GetPlayerRankings?circuitCode=JT&playerTypeCode=G&ageCategoryCode=&juniorRankingType=itf&take=100&skip=200&isOrderAscending=true,2026-09-07T16:21:04.814Z
2026-09-07,F,232,800638511,Candela Vazquez,ARG,Argentina,2008,391.25,https://www.itftennis.com/tennis/api/PlayerRankApi/GetPlayerRankings?circuitCode=JT&playerTypeCode=G&ageCategoryCode=&juniorRankingType=itf&take=100&skip=200&isOrderAscending=true,2026-09-07T16:21:04.814Z
2026-09-07,F,233,800679611,Sarah Mildren,AUS,Australia,2008,388,https://www.itftennis.com/tennis/api/PlayerRankApi/GetPlayerRankings?circuitCode=JT&playerTypeCode=G&ageCategoryCode=&juniorRankingType=itf&take=100&skip=200&isOrderAscending=true,2026-09-07T16:21:04.814Z
2026-09-07,F,234,800731468,Anna Yang,CHN,"China, P.R.",2008,387,https://www.itftennis.com/tennis/api/PlayerRankApi/GetPlayerRankings?circuitCode=JT&playerTypeCode=G&ageCategoryCode=&juniorRankingType=itf&take=100&skip=200&isOrderAscending=true,2026-09-07T16:21:04.814Z
2026-09-07,F,235,800824938,Daniella Sales,USA,USA,2011,386.5,https://www.itftennis.com/tennis/api/PlayerRankApi/GetPlayerRankings?circuitCode=JT&playerTypeCode=G&ageCategoryCode=&juniorRankingType=itf&take=100&skip=200&isOrderAscending=true,2026-09-07T16:21:04.814Z
2026-09-07,F,236,800596707,Constanza Fernandez Rincon,MEX,Mexico,2008,385,https://www.itftennis.com/tennis/api/PlayerRankApi/GetPlayerRankings?circuitCode=JT&playerTypeCode=G&ageCategoryCode=&juniorRankingType=itf&take=100&skip=200&isOrderAscending=true,2026-09-07T16:21:04.814Z
2026-09-07,F,237,800684509,Rito Arima,JPN,Japan,2008,383,https://www.itftennis.com/tennis/api/PlayerRankApi/GetPlayerRankings?circuitCode=JT&playerTypeCode=G&ageCategoryCode=&juniorRankingType=itf&take=100&skip=200&isOrderAscending=true,2026-09-07T16:21:04.814Z
2026-09-07,F,238,800668270,Rozalie Vrajikova,CZE,Czechia,2009,382,https://www.itftennis.com/tennis/api/PlayerRankApi/GetPlayerRankings?circuitCode=JT&playerTypeCode=G&ageCategoryCode=&juniorRankingType=itf&take=100&skip=200&isOrderAscending=true,2026-09-07T16:21:04.814Z
2026-09-07,F,239,800713253,Emanuela Lares,COL,Colombia,2010,382,https://www.itftennis.com/tennis/api/PlayerRankApi/GetPlayerRankings?circuitCode=JT&playerTypeCode=G&ageCategoryCode=&juniorRankingType=itf&take=100&skip=200&isOrderAscending=true,2026-09-07T16:21:04.815Z
2026-09-07,F,240,800708405,Miyu Nishiwaki,JPN,Japan,2010,381.25,https://www.itftennis.com/tennis/api/PlayerRankApi/GetPlayerRankings?circuitCode=JT&playerTypeCode=G&ageCategoryCode=&juniorRankingType=itf&take=100&skip=200&isOrderAscending=true,2026-09-07T16:21:04.815Z
2026-09-07,F,241,800652919,Ana Avramovic,USA,USA,2009,380.25,https://www.itftennis.com/tennis/api/PlayerRankApi/GetPlayerRankings?circuitCode=JT&playerTypeCode=G&ageCategoryCode=&juniorRankingType=itf&take=100&skip=200&isOrderAscending=true,2026-09-07T16:21:04.815Z
2026-09-07,F,242,800668351,Megan Knight,GBR,Great Britain,2011,379.75,https://www.itftennis.com/tennis/api/PlayerRankApi/GetPlayerRankings?circuitCode=JT&playerTypeCode=G&ageCategoryCode=&juniorRankingType=itf&take=100&skip=200&isOrderAscending=true,2026-09-07T16:21:04.815Z
2026-09-07,F,243,800589402,Nina Andronicou,CYP,Cyprus,2008,379,https://www.itftennis.com/tennis/api/PlayerRankApi/GetPlayerRankings?circuitCode=JT&playerTypeCode=G&ageCategoryCode=&juniorRankingType=itf&take=100&skip=200&isOrderAscending=true,2026-09-07T16:21:04.815Z
2026-09-07,F,244,800594116,Fabiola Marino,ITA,Italy,2008,378.75,https://www.itftennis.com/tennis/api/PlayerRankApi/GetPlayerRankings?circuitCode=JT&playerTypeCode=G&ageCategoryCode=&juniorRankingType=itf&take=100&skip=200&isOrderAscending=true,2026-09-07T16:21:04.815Z
2026-09-07,F,245,800751736,Pauline Ma,AUS,Australia,2010,377,https://www.itftennis.com/tennis/api/PlayerRankApi/GetPlayerRankings?circuitCode=JT&playerTypeCode=G&ageCategoryCode=&juniorRankingType=itf&take=100&skip=200&isOrderAscending=true,2026-09-07T16:21:04.815Z
2026-09-07,F,246,800732157,Yen-Ni Chiang,TPE,Chinese Taipei,2010,376.5,https://www.itftennis.com/tennis/api/PlayerRankApi/GetPlayerRankings?circuitCode=JT&playerTypeCode=G&ageCategoryCode=&juniorRankingType=itf&take=100&skip=200&isOrderAscending=true,2026-09-07T16:21:04.815Z
2026-09-07,F,247,800745722,Mai Sasaki,JPN,Japan,2010,374.5,https://www.itftennis.com/tennis/api/PlayerRankApi/GetPlayerRankings?circuitCode=JT&playerTypeCode=G&ageCategoryCode=&juniorRankingType=itf&take=100&skip=200&isOrderAscending=true,2026-09-07T16:21:04.815Z
2026-09-07,F,248,800668017,Anna-Adelina Nykyforuk,UKR,Ukraine,2009,372,https://www.itftennis.com/tennis/api/PlayerRankApi/GetPlayerRankings?circuitCode=JT&playerTypeCode=G&ageCategoryCode=&juniorRankingType=itf&take=100&skip=200&isOrderAscending=true,2026-09-07T16:21:04.815Z
2026-09-07,F,249,800686378,Ema Chladova,CZE,Czechia,2010,372,https://www.itftennis.com/tennis/api/PlayerRankApi/GetPlayerRankings?circuitCode=JT&playerTypeCode=G&ageCategoryCode=&juniorRankingType=itf&take=100&skip=200&isOrderAscending=true,2026-09-07T16:21:04.815Z
2026-09-07,F,250,800591943,Ada Kumru,TUR,Turkiye,2008,371.5,https://www.itftennis.com/tennis/api/PlayerRankApi/GetPlayerRankings?circuitCode=JT&playerTypeCode=G&ageCategoryCode=&juniorRankingType=itf&take=100&skip=200&isOrderAscending=true,2026-09-07T16:21:04.815Z
2026-09-07,F,251,800783027,Julianny De La Cruz Champagne,DOM,Dominican Republic,2011,367.25,https://www.itftennis.com/tennis/api/PlayerRankApi/GetPlayerRankings?circuitCode=JT&playerTypeCode=G&ageCategoryCode=&juniorRankingType=itf&take=100&skip=200&isOrderAscending=true,2026-09-07T16:21:04.815Z
2026-09-07,F,252,800671701,Nouk Kleinenberg,NED,Netherlands,2009,367,https://www.itftennis.com/tennis/api/PlayerRankApi/GetPlayerRankings?circuitCode=JT&playerTypeCode=G&ageCategoryCode=&juniorRankingType=itf&take=100&skip=200&isOrderAscending=true,2026-09-07T16:21:04.815Z
2026-09-07,F,253,800732563,Alicia Taylor,RSA,South Africa,2009,366,https://www.itftennis.com/tennis/api/PlayerRankApi/GetPlayerRankings?circuitCode=JT&playerTypeCode=G&ageCategoryCode=&juniorRankingType=itf&take=100&skip=200&isOrderAscending=true,2026-09-07T16:21:04.815Z
2026-09-07,F,254,800796000,Mia Brayotta,ARG,Argentina,2009,364.5,https://www.itftennis.com/tennis/api/PlayerRankApi/GetPlayerRankings?circuitCode=JT&playerTypeCode=G&ageCategoryCode=&juniorRankingType=itf&take=100&skip=200&isOrderAscending=true,2026-09-07T16:21:04.815Z
2026-09-07,F,255,800775735,Jiayi Sun,CHN,"China, P.R.",2010,364.5,https://www.itftennis.com/tennis/api/PlayerRankApi/GetPlayerRankings?circuitCode=JT&playerTypeCode=G&ageCategoryCode=&juniorRankingType=itf&take=100&skip=200&isOrderAscending=true,2026-09-07T16:21:04.815Z
2026-09-07,F,256,800651750,Vega Aguilar Ferrandez,ESP,Spain,2009,364.25,https://www.itftennis.com/tennis/api/PlayerRankApi/GetPlayerRankings?circuitCode=JT&playerTypeCode=G&ageCategoryCode=&juniorRankingType=itf&take=100&skip=200&isOrderAscending=true,2026-09-07T16:21:04.815Z
2026-09-07,F,257,800604494,Yleymi Lugiana Muelle Valdez,PER,Peru,2008,362.75,https://www.itftennis.com/tennis/api/PlayerRankApi/GetPlayerRankings?circuitCode=JT&playerTypeCode=G&ageCategoryCode=&juniorRankingType=itf&take=100&skip=200&isOrderAscending=true,2026-09-07T16:21:04.815Z
2026-09-07,F,258,800725197,Anastasia Malysheva,CAN,Canada,2009,362.5,https://www.itftennis.com/tennis/api/PlayerRankApi/GetPlayerRankings?circuitCode=JT&playerTypeCode=G&ageCategoryCode=&juniorRankingType=itf&take=100&skip=200&isOrderAscending=true,2026-09-07T16:21:04.815Z
2026-09-07,F,259,800734994,Anastasia Pleskun,USA,USA,2009,362,https://www.itftennis.com/tennis/api/PlayerRankApi/GetPlayerRankings?circuitCode=JT&playerTypeCode=G&ageCategoryCode=&juniorRankingType=itf&take=100&skip=200&isOrderAscending=true,2026-09-07T16:21:04.815Z
2026-09-07,F,260,800720484,Seohyeon kim,KOR,"Korea, Rep.",2012,361.25,https://www.itftennis.com/tennis/api/PlayerRankApi/GetPlayerRankings?circuitCode=JT&playerTypeCode=G&ageCategoryCode=&juniorRankingType=itf&take=100&skip=200&isOrderAscending=true,2026-09-07T16:21:04.815Z
2026-09-07,F,261,800601508,Ana Ioana Varsa,ROU,Romania,2009,360.75,https://www.itftennis.com/tennis/api/PlayerRankApi/GetPlayerRankings?circuitCode=JT&playerTypeCode=G&ageCategoryCode=&juniorRankingType=itf&take=100&skip=200&isOrderAscending=true,2026-09-07T16:21:04.815Z
2026-09-07,F,262,800579453,Julia Stusek,GER,Germany,2008,360,https://www.itftennis.com/tennis/api/PlayerRankApi/GetPlayerRankings?circuitCode=JT&playerTypeCode=G&ageCategoryCode=&juniorRankingType=itf&take=100&skip=200&isOrderAscending=true,2026-09-07T16:21:04.815Z
2026-09-07,F,263,800630879,Polina Nikitina,RUS,Russia,2009,359,https://www.itftennis.com/tennis/api/PlayerRankApi/GetPlayerRankings?circuitCode=JT&playerTypeCode=G&ageCategoryCode=&juniorRankingType=itf&take=100&skip=200&isOrderAscending=true,2026-09-07T16:21:04.815Z
2026-09-07,F,264,800682923,Clara Gouvea Vieira Elkind,BRA,Brazil,2009,358,https://www.itftennis.com/tennis/api/PlayerRankApi/GetPlayerRankings?circuitCode=JT&playerTypeCode=G&ageCategoryCode=&juniorRankingType=itf&take=100&skip=200&isOrderAscending=true,2026-09-07T16:21:04.815Z
2026-09-07,F,265,800675131,Tatyana Golovina,RUS,Russia,2010,357.5,https://www.itftennis.com/tennis/api/PlayerRankApi/GetPlayerRankings?circuitCode=JT&playerTypeCode=G&ageCategoryCode=&juniorRankingType=itf&take=100&skip=200&isOrderAscending=true,2026-09-07T16:21:04.815Z
2026-09-07,F,266,800636412,Victoria Khastsaeva,RUS,Russia,2010,355.5,https://www.itftennis.com/tennis/api/PlayerRankApi/GetPlayerRankings?circuitCode=JT&playerTypeCode=G&ageCategoryCode=&juniorRankingType=itf&take=100&skip=200&isOrderAscending=true,2026-09-07T16:21:04.815Z
2026-09-07,F,267,800778567,Ziyu Zhou,CHN,"China, P.R.",2009,355,https://www.itftennis.com/tennis/api/PlayerRankApi/GetPlayerRankings?circuitCode=JT&playerTypeCode=G&ageCategoryCode=&juniorRankingType=itf&take=100&skip=200&isOrderAscending=true,2026-09-07T16:21:04.815Z
2026-09-07,F,268,800654681,Alba Maria Coromina Boluda,ESP,Spain,2009,354.25,https://www.itftennis.com/tennis/api/PlayerRankApi/GetPlayerRankings?circuitCode=JT&playerTypeCode=G&ageCategoryCode=&juniorRankingType=itf&take=100&skip=200&isOrderAscending=true,2026-09-07T16:21:04.815Z
2026-09-07,F,269,800715880,Charlize Celebrini,CAN,Canada,2009,351.5,https://www.itftennis.com/tennis/api/PlayerRankApi/GetPlayerRankings?circuitCode=JT&playerTypeCode=G&ageCategoryCode=&juniorRankingType=itf&take=100&skip=200&isOrderAscending=true,2026-09-07T16:21:04.815Z
2026-09-07,F,270,800655701,Sofia Ferraris,ITA,Italy,2010,351.5,https://www.itftennis.com/tennis/api/PlayerRankApi/GetPlayerRankings?circuitCode=JT&playerTypeCode=G&ageCategoryCode=&juniorRankingType=itf&take=100&skip=200&isOrderAscending=true,2026-09-07T16:21:04.815Z
2026-09-07,F,271,800694619,Ailish Garcia Fernandez,ESP,Spain,2010,349.5,https://www.itftennis.com/tennis/api/PlayerRankApi/GetPlayerRankings?circuitCode=JT&playerTypeCode=G&ageCategoryCode=&juniorRankingType=itf&take=100&skip=200&isOrderAscending=true,2026-09-07T16:21:04.815Z
2026-09-07,F,272,800694699,Camilla Olga Castracani,ITA,Italy,2010,348,https://www.itftennis.com/tennis/api/PlayerRankApi/GetPlayerRankings?circuitCode=JT&playerTypeCode=G&ageCategoryCode=&juniorRankingType=itf&take=100&skip=200&isOrderAscending=true,2026-09-07T16:21:04.815Z
2026-09-07,F,273,800738190,Yi-En Hua,TPE,Chinese Taipei,2009,347.75,https://www.itftennis.com/tennis/api/PlayerRankApi/GetPlayerRankings?circuitCode=JT&playerTypeCode=G&ageCategoryCode=&juniorRankingType=itf&take=100&skip=200&isOrderAscending=true,2026-09-07T16:21:04.815Z
2026-09-07,F,274,800631835,Eva Kaliadina,RUS,Russia,2010,346.5,https://www.itftennis.com/tennis/api/PlayerRankApi/GetPlayerRankings?circuitCode=JT&playerTypeCode=G&ageCategoryCode=&juniorRankingType=itf&take=100&skip=200&isOrderAscending=true,2026-09-07T16:21:04.815Z
2026-09-07,F,275,800623372,Viktoriia Sedenkova,RUS,Russia,2009,346.5,https://www.itftennis.com/tennis/api/PlayerRankApi/GetPlayerRankings?circuitCode=JT&playerTypeCode=G&ageCategoryCode=&juniorRankingType=itf&take=100&skip=200&isOrderAscending=true,2026-09-07T16:21:04.815Z
2026-09-07,F,276,800691559,Ameliia Kononenko,RUS,Russia,2011,345,https://www.itftennis.com/tennis/api/PlayerRankApi/GetPlayerRankings?circuitCode=JT&playerTypeCode=G&ageCategoryCode=&juniorRankingType=itf&take=100&skip=200&isOrderAscending=true,2026-09-07T16:21:04.815Z
2026-09-07,F,277,800632505,Aleksandra Khomitskaya,RUS,Russia,2009,344.25,https://www.itftennis.com/tennis/api/PlayerRankApi/GetPlayerRankings?circuitCode=JT&playerTypeCode=G&ageCategoryCode=&juniorRankingType=itf&take=100&skip=200&isOrderAscending=true,2026-09-07T16:21:04.815Z
2026-09-07,F,278,800671706,Gloria Reusch,GER,Germany,2009,342.75,https://www.itftennis.com/tennis/api/PlayerRankApi/GetPlayerRankings?circuitCode=JT&playerTypeCode=G&ageCategoryCode=&juniorRankingType=itf&take=100&skip=200&isOrderAscending=true,2026-09-07T16:21:04.815Z
2026-09-07,F,279,800594278,Luca Kalman,HUN,Hungary,2009,342,https://www.itftennis.com/tennis/api/PlayerRankApi/GetPlayerRankings?circuitCode=JT&playerTypeCode=G&ageCategoryCode=&juniorRankingType=itf&take=100&skip=200&isOrderAscending=true,2026-09-07T16:21:04.815Z
2026-09-07,F,280,800647044,Lisa Anzai,JPN,Japan,2009,339.75,https://www.itftennis.com/tennis/api/PlayerRankApi/GetPlayerRankings?circuitCode=JT&playerTypeCode=G&ageCategoryCode=&juniorRankingType=itf&take=100&skip=200&isOrderAscending=true,2026-09-07T16:21:04.815Z
2026-09-07,F,281,800659996,Tamina Kochta,GER,Germany,2009,337.75,https://www.itftennis.com/tennis/api/PlayerRankApi/GetPlayerRankings?circuitCode=JT&playerTypeCode=G&ageCategoryCode=&juniorRankingType=itf&take=100&skip=200&isOrderAscending=true,2026-09-07T16:21:04.815Z
2026-09-07,F,282,800648436,Aleksandra Barmicheva,UZB,Uzbekistan,2010,337.75,https://www.itftennis.com/tennis/api/PlayerRankApi/GetPlayerRankings?circuitCode=JT&playerTypeCode=G&ageCategoryCode=&juniorRankingType=itf&take=100&skip=200&isOrderAscending=true,2026-09-07T16:21:04.815Z
2026-09-07,F,283,800639865,Kseniia Ruchkina,RUS,Russia,2010,337.5,https://www.itftennis.com/tennis/api/PlayerRankApi/GetPlayerRankings?circuitCode=JT&playerTypeCode=G&ageCategoryCode=&juniorRankingType=itf&take=100&skip=200&isOrderAscending=true,2026-09-07T16:21:04.815Z
2026-09-07,F,284,800653761,Micaela Moro Pleuss,PER,Peru,2008,337,https://www.itftennis.com/tennis/api/PlayerRankApi/GetPlayerRankings?circuitCode=JT&playerTypeCode=G&ageCategoryCode=&juniorRankingType=itf&take=100&skip=200&isOrderAscending=true,2026-09-07T16:21:04.815Z
2026-09-07,F,285,800702391,Lingling Zhu,CHN,"China, P.R.",2009,337,https://www.itftennis.com/tennis/api/PlayerRankApi/GetPlayerRankings?circuitCode=JT&playerTypeCode=G&ageCategoryCode=&juniorRankingType=itf&take=100&skip=200&isOrderAscending=true,2026-09-07T16:21:04.815Z
2026-09-07,F,286,800708182,Ching Ying Chen,TPE,Chinese Taipei,2009,335,https://www.itftennis.com/tennis/api/PlayerRankApi/GetPlayerRankings?circuitCode=JT&playerTypeCode=G&ageCategoryCode=&juniorRankingType=itf&take=100&skip=200&isOrderAscending=true,2026-09-07T16:21:04.815Z
2026-09-07,F,287,800681654,REI MIYAMOTO,JPN,Japan,2010,332,https://www.itftennis.com/tennis/api/PlayerRankApi/GetPlayerRankings?circuitCode=JT&playerTypeCode=G&ageCategoryCode=&juniorRankingType=itf&take=100&skip=200&isOrderAscending=true,2026-09-07T16:21:04.815Z
2026-09-07,F,288,800594040,Lia Belibova,MDA,Moldova,2009,330.5,https://www.itftennis.com/tennis/api/PlayerRankApi/GetPlayerRankings?circuitCode=JT&playerTypeCode=G&ageCategoryCode=&juniorRankingType=itf&take=100&skip=200&isOrderAscending=true,2026-09-07T16:21:04.815Z
2026-09-07,F,289,800571556,Carla Giambelli,ITA,Italy,2008,330,https://www.itftennis.com/tennis/api/PlayerRankApi/GetPlayerRankings?circuitCode=JT&playerTypeCode=G&ageCategoryCode=&juniorRankingType=itf&take=100&skip=200&isOrderAscending=true,2026-09-07T16:21:04.815Z
2026-09-07,F,290,800646012,Lucie Slamenikova,CZE,Czechia,2009,330,https://www.itftennis.com/tennis/api/PlayerRankApi/GetPlayerRankings?circuitCode=JT&playerTypeCode=G&ageCategoryCode=&juniorRankingType=itf&take=100&skip=200&isOrderAscending=true,2026-09-07T16:21:04.815Z
2026-09-07,F,291,800632054,Nadine Hamrouni,TUN,Tunisia,2009,330,https://www.itftennis.com/tennis/api/PlayerRankApi/GetPlayerRankings?circuitCode=JT&playerTypeCode=G&ageCategoryCode=&juniorRankingType=itf&take=100&skip=200&isOrderAscending=true,2026-09-07T16:21:04.815Z
2026-09-07,F,292,800713143,Chotirin Kaewka,THA,Thailand,2010,329.25,https://www.itftennis.com/tennis/api/PlayerRankApi/GetPlayerRankings?circuitCode=JT&playerTypeCode=G&ageCategoryCode=&juniorRankingType=itf&take=100&skip=200&isOrderAscending=true,2026-09-07T16:21:04.815Z
2026-09-07,F,293,800712049,Emilie Chen,AUS,Australia,2010,327.5,https://www.itftennis.com/tennis/api/PlayerRankApi/GetPlayerRankings?circuitCode=JT&playerTypeCode=G&ageCategoryCode=&juniorRankingType=itf&take=100&skip=200&isOrderAscending=true,2026-09-07T16:21:04.815Z
2026-09-07,F,294,800654007,Haniya Aman Minhas,KSA,Saudi Arabia,2010,327.5,https://www.itftennis.com/tennis/api/PlayerRankApi/GetPlayerRankings?circuitCode=JT&playerTypeCode=G&ageCategoryCode=&juniorRankingType=itf&take=100&skip=200&isOrderAscending=true,2026-09-07T16:21:04.815Z
2026-09-07,F,295,800674757,daniela gonzales,PER,Peru,2009,326.5,https://www.itftennis.com/tennis/api/PlayerRankApi/GetPlayerRankings?circuitCode=JT&playerTypeCode=G&ageCategoryCode=&juniorRankingType=itf&take=100&skip=200&isOrderAscending=true,2026-09-07T16:21:04.815Z
2026-09-07,F,296,800712943,Peien Deng,CHN,"China, P.R.",2008,326.25,https://www.itftennis.com/tennis/api/PlayerRankApi/GetPlayerRankings?circuitCode=JT&playerTypeCode=G&ageCategoryCode=&juniorRankingType=itf&take=100&skip=200&isOrderAscending=true,2026-09-07T16:21:04.815Z
2026-09-07,F,297,800713070,Eve Thibault,CAN,Canada,2010,324.5,https://www.itftennis.com/tennis/api/PlayerRankApi/GetPlayerRankings?circuitCode=JT&playerTypeCode=G&ageCategoryCode=&juniorRankingType=itf&take=100&skip=200&isOrderAscending=true,2026-09-07T16:21:04.815Z
2026-09-07,F,298,800668392,Rosie Cho,GBR,Great Britain,2010,324,https://www.itftennis.com/tennis/api/PlayerRankApi/GetPlayerRankings?circuitCode=JT&playerTypeCode=G&ageCategoryCode=&juniorRankingType=itf&take=100&skip=200&isOrderAscending=true,2026-09-07T16:21:04.815Z
2026-09-07,F,299,800598981,Maja Pawelska,POL,Poland,2008,322.75,https://www.itftennis.com/tennis/api/PlayerRankApi/GetPlayerRankings?circuitCode=JT&playerTypeCode=G&ageCategoryCode=&juniorRankingType=itf&take=100&skip=200&isOrderAscending=true,2026-09-07T16:21:04.815Z
2026-09-07,F,300,800640605,Azuna Ichioka,JPN,Japan,2008,321,https://www.itftennis.com/tennis/api/PlayerRankApi/GetPlayerRankings?circuitCode=JT&playerTypeCode=G&ageCategoryCode=&juniorRankingType=itf&take=100&skip=200&isOrderAscending=true,2026-09-07T16:21:04.815Z
2026-09-07,F,301,800746388,Sophia Budacsek,USA,USA,2009,319.25,https://www.itftennis.com/tennis/api/PlayerRankApi/GetPlayerRankings?circuitCode=JT&playerTypeCode=G&ageCategoryCode=&juniorRankingType=itf&take=100&skip=300&isOrderAscending=true,2026-09-07T16:21:06.808Z
2026-09-07,F,302,800647681,Hanne Estrada Cortes,MEX,Mexico,2009,319,https://www.itftennis.com/tennis/api/PlayerRankApi/GetPlayerRankings?circuitCode=JT&playerTypeCode=G&ageCategoryCode=&juniorRankingType=itf&take=100&skip=300&isOrderAscending=true,2026-09-07T16:21:06.808Z
2026-09-07,F,303,800647029,Gloria Levinsky,CZE,Czechia,2010,317,https://www.itftennis.com/tennis/api/PlayerRankApi/GetPlayerRankings?circuitCode=JT&playerTypeCode=G&ageCategoryCode=&juniorRankingType=itf&take=100&skip=300&isOrderAscending=true,2026-09-07T16:21:06.808Z
2026-09-07,F,304,800746289,Riho Goto,JPN,Japan,2010,317,https://www.itftennis.com/tennis/api/PlayerRankApi/GetPlayerRankings?circuitCode=JT&playerTypeCode=G&ageCategoryCode=&juniorRankingType=itf&take=100&skip=300&isOrderAscending=true,2026-09-07T16:21:06.808Z
2026-09-07,F,305,800672510,Raya Kotseva,USA,USA,2010,316,https://www.itftennis.com/tennis/api/PlayerRankApi/GetPlayerRankings?circuitCode=JT&playerTypeCode=G&ageCategoryCode=&juniorRankingType=itf&take=100&skip=300&isOrderAscending=true,2026-09-07T16:21:06.808Z
2026-09-07,F,306,800810185,Catarina Braun,POR,Portugal,2011,315.5,https://www.itftennis.com/tennis/api/PlayerRankApi/GetPlayerRankings?circuitCode=JT&playerTypeCode=G&ageCategoryCode=&juniorRankingType=itf&take=100&skip=300&isOrderAscending=true,2026-09-07T16:21:06.808Z
2026-09-07,F,307,800739041,Yerin Lee,KOR,"Korea, Rep.",2011,315.25,https://www.itftennis.com/tennis/api/PlayerRankApi/GetPlayerRankings?circuitCode=JT&playerTypeCode=G&ageCategoryCode=&juniorRankingType=itf&take=100&skip=300&isOrderAscending=true,2026-09-07T16:21:06.808Z
2026-09-07,F,308,800695604,Alicia Reichel,BRA,Brazil,2009,314.5,https://www.itftennis.com/tennis/api/PlayerRankApi/GetPlayerRankings?circuitCode=JT&playerTypeCode=G&ageCategoryCode=&juniorRankingType=itf&take=100&skip=300&isOrderAscending=true,2026-09-07T16:21:06.808Z
2026-09-07,F,309,800755694,Polina Kashitsyna,RUS,Russia,2012,314.25,https://www.itftennis.com/tennis/api/PlayerRankApi/GetPlayerRankings?circuitCode=JT&playerTypeCode=G&ageCategoryCode=&juniorRankingType=itf&take=100&skip=300&isOrderAscending=true,2026-09-07T16:21:06.808Z
2026-09-07,F,310,800596629,Yerkezhan Zhanatayeva,KAZ,Kazakhstan,2009,313.5,https://www.itftennis.com/tennis/api/PlayerRankApi/GetPlayerRankings?circuitCode=JT&playerTypeCode=G&ageCategoryCode=&juniorRankingType=itf&take=100&skip=300&isOrderAscending=true,2026-09-07T16:21:06.808Z
2026-09-07,F,311,800659780,Viktoria Novakova,SVK,Slovakia,2010,312,https://www.itftennis.com/tennis/api/PlayerRankApi/GetPlayerRankings?circuitCode=JT&playerTypeCode=G&ageCategoryCode=&juniorRankingType=itf&take=100&skip=300&isOrderAscending=true,2026-09-07T16:21:06.808Z
2026-09-07,F,312,800693916,Luciana Luna,PER,Peru,2010,310.5,https://www.itftennis.com/tennis/api/PlayerRankApi/GetPlayerRankings?circuitCode=JT&playerTypeCode=G&ageCategoryCode=&juniorRankingType=itf&take=100&skip=300&isOrderAscending=true,2026-09-07T16:21:06.808Z
2026-09-07,F,313,800665281,Aleksandra Rangelova,BUL,Bulgaria,2009,310.25,https://www.itftennis.com/tennis/api/PlayerRankApi/GetPlayerRankings?circuitCode=JT&playerTypeCode=G&ageCategoryCode=&juniorRankingType=itf&take=100&skip=300&isOrderAscending=true,2026-09-07T16:21:06.808Z
2026-09-07,F,314,800732423,Xiran Lan,CHN,"China, P.R.",2009,307,https://www.itftennis.com/tennis/api/PlayerRankApi/GetPlayerRankings?circuitCode=JT&playerTypeCode=G&ageCategoryCode=&juniorRankingType=itf&take=100&skip=300&isOrderAscending=true,2026-09-07T16:21:06.808Z
2026-09-07,F,315,800695711,VIOLA SEVERI,ITA,Italy,2011,305.25,https://www.itftennis.com/tennis/api/PlayerRankApi/GetPlayerRankings?circuitCode=JT&playerTypeCode=G&ageCategoryCode=&juniorRankingType=itf&take=100&skip=300&isOrderAscending=true,2026-09-07T16:21:06.808Z
2026-09-07,F,316,800771484,Tsai-Jung Chiang,TPE,Chinese Taipei,2011,305,https://www.itftennis.com/tennis/api/PlayerRankApi/GetPlayerRankings?circuitCode=JT&playerTypeCode=G&ageCategoryCode=&juniorRankingType=itf&take=100&skip=300&isOrderAscending=true,2026-09-07T16:21:06.808Z
2026-09-07,F,317,800790888,Yulia Liakhava,BLR,Belarus,2009,305,https://www.itftennis.com/tennis/api/PlayerRankApi/GetPlayerRankings?circuitCode=JT&playerTypeCode=G&ageCategoryCode=&juniorRankingType=itf&take=100&skip=300&isOrderAscending=true,2026-09-07T16:21:06.808Z
2026-09-07,F,318,800695753,Ana Cruz,BRA,Brazil,2009,304,https://www.itftennis.com/tennis/api/PlayerRankApi/GetPlayerRankings?circuitCode=JT&playerTypeCode=G&ageCategoryCode=&juniorRankingType=itf&take=100&skip=300&isOrderAscending=true,2026-09-07T16:21:06.808Z
2026-09-07,F,319,800671198,Montserrat Marron Baruqui,MEX,Mexico,2008,303.5,https://www.itftennis.com/tennis/api/PlayerRankApi/GetPlayerRankings?circuitCode=JT&playerTypeCode=G&ageCategoryCode=&juniorRankingType=itf&take=100&skip=300&isOrderAscending=true,2026-09-07T16:21:06.808Z
2026-09-07,F,320,800655163,Morgan Jordaan,RSA,South Africa,2008,303.5,https://www.itftennis.com/tennis/api/PlayerRankApi/GetPlayerRankings?circuitCode=JT&playerTypeCode=G&ageCategoryCode=&juniorRankingType=itf&take=100&skip=300&isOrderAscending=true,2026-09-07T16:21:06.808Z
2026-09-07,F,321,800674315,Sarra Attig,TUN,Tunisia,2009,302.25,https://www.itftennis.com/tennis/api/PlayerRankApi/GetPlayerRankings?circuitCode=JT&playerTypeCode=G&ageCategoryCode=&juniorRankingType=itf&take=100&skip=300&isOrderAscending=true,2026-09-07T16:21:06.808Z
2026-09-07,F,322,800738182,Ami Dalla Pozza,AUS,Australia,2011,302,https://www.itftennis.com/tennis/api/PlayerRankApi/GetPlayerRankings?circuitCode=JT&playerTypeCode=G&ageCategoryCode=&juniorRankingType=itf&take=100&skip=300&isOrderAscending=true,2026-09-07T16:21:06.808Z
2026-09-07,F,323,800699079,Anna Boron,GBR,Great Britain,2010,301.5,https://www.itftennis.com/tennis/api/PlayerRankApi/GetPlayerRankings?circuitCode=JT&playerTypeCode=G&ageCategoryCode=&juniorRankingType=itf&take=100&skip=300&isOrderAscending=true,2026-09-07T16:21:06.808Z
2026-09-07,F,324,800693459,Xinle Geng,CHN,"China, P.R.",2010,300,https://www.itftennis.com/tennis/api/PlayerRankApi/GetPlayerRankings?circuitCode=JT&playerTypeCode=G&ageCategoryCode=&juniorRankingType=itf&take=100&skip=300&isOrderAscending=true,2026-09-07T16:21:06.808Z
2026-09-07,F,325,800718567,Filipa Delgado,USA,USA,2009,300,https://www.itftennis.com/tennis/api/PlayerRankApi/GetPlayerRankings?circuitCode=JT&playerTypeCode=G&ageCategoryCode=&juniorRankingType=itf&take=100&skip=300&isOrderAscending=true,2026-09-07T16:21:06.808Z
2026-09-07,F,326,800696136,Oliwia Kadzielska,POL,Poland,2011,299.75,https://www.itftennis.com/tennis/api/PlayerRankApi/GetPlayerRankings?circuitCode=JT&playerTypeCode=G&ageCategoryCode=&juniorRankingType=itf&take=100&skip=300&isOrderAscending=true,2026-09-07T16:21:06.808Z
2026-09-07,F,327,800671927,Victoria Brand,GER,Germany,2010,293.25,https://www.itftennis.com/tennis/api/PlayerRankApi/GetPlayerRankings?circuitCode=JT&playerTypeCode=G&ageCategoryCode=&juniorRankingType=itf&take=100&skip=300&isOrderAscending=true,2026-09-07T16:21:06.808Z
2026-09-07,F,328,800679348,lamiss Houas,TUN,Tunisia,2008,293,https://www.itftennis.com/tennis/api/PlayerRankApi/GetPlayerRankings?circuitCode=JT&playerTypeCode=G&ageCategoryCode=&juniorRankingType=itf&take=100&skip=300&isOrderAscending=true,2026-09-07T16:21:06.808Z
2026-09-07,F,329,800662814,Zeliha Nil Cukurluoglu,TUR,Turkiye,2011,292.25,https://www.itftennis.com/tennis/api/PlayerRankApi/GetPlayerRankings?circuitCode=JT&playerTypeCode=G&ageCategoryCode=&juniorRankingType=itf&take=100&skip=300&isOrderAscending=true,2026-09-07T16:21:06.808Z
2026-09-07,F,330,800654767,Kali Supova,SVK,Slovakia,2009,291.75,https://www.itftennis.com/tennis/api/PlayerRankApi/GetPlayerRankings?circuitCode=JT&playerTypeCode=G&ageCategoryCode=&juniorRankingType=itf&take=100&skip=300&isOrderAscending=true,2026-09-07T16:21:06.808Z
2026-09-07,F,331,800732240,Zeina Elgerby,EGY,Egypt,2009,291,https://www.itftennis.com/tennis/api/PlayerRankApi/GetPlayerRankings?circuitCode=JT&playerTypeCode=G&ageCategoryCode=&juniorRankingType=itf&take=100&skip=300&isOrderAscending=true,2026-09-07T16:21:06.808Z
2026-09-07,F,332,800684114,Sena Yoon,USA,USA,2008,290.25,https://www.itftennis.com/tennis/api/PlayerRankApi/GetPlayerRankings?circuitCode=JT&playerTypeCode=G&ageCategoryCode=&juniorRankingType=itf&take=100&skip=300&isOrderAscending=true,2026-09-07T16:21:06.808Z
2026-09-07,F,333,800647963,Ninon Carpentier,FRA,France,2010,288.75,https://www.itftennis.com/tennis/api/PlayerRankApi/GetPlayerRankings?circuitCode=JT&playerTypeCode=G&ageCategoryCode=&juniorRankingType=itf&take=100&skip=300&isOrderAscending=true,2026-09-07T16:21:06.808Z
2026-09-07,F,334,800861487,Daria Podsypanina,RUS,Russia,2009,288.25,https://www.itftennis.com/tennis/api/PlayerRankApi/GetPlayerRankings?circuitCode=JT&playerTypeCode=G&ageCategoryCode=&juniorRankingType=itf&take=100&skip=300&isOrderAscending=true,2026-09-07T16:21:06.808Z
2026-09-07,F,335,800706062,Emese Serkedi,HUN,Hungary,2010,287.5,https://www.itftennis.com/tennis/api/PlayerRankApi/GetPlayerRankings?circuitCode=JT&playerTypeCode=G&ageCategoryCode=&juniorRankingType=itf&take=100&skip=300&isOrderAscending=true,2026-09-07T16:21:06.808Z
2026-09-07,F,336,800677997,Marie Charlotte Monnier,POL,Poland,2009,286,https://www.itftennis.com/tennis/api/PlayerRankApi/GetPlayerRankings?circuitCode=JT&playerTypeCode=G&ageCategoryCode=&juniorRankingType=itf&take=100&skip=300&isOrderAscending=true,2026-09-07T16:21:06.808Z
2026-09-07,F,337,800700921,Sofia Tatu,GBR,Great Britain,2011,286,https://www.itftennis.com/tennis/api/PlayerRankApi/GetPlayerRankings?circuitCode=JT&playerTypeCode=G&ageCategoryCode=&juniorRankingType=itf&take=100&skip=300&isOrderAscending=true,2026-09-07T16:21:06.808Z
2026-09-07,F,338,800661516,Zoe Doldan,PAR,Paraguay,2010,285.5,https://www.itftennis.com/tennis/api/PlayerRankApi/GetPlayerRankings?circuitCode=JT&playerTypeCode=G&ageCategoryCode=&juniorRankingType=itf&take=100&skip=300&isOrderAscending=true,2026-09-07T16:21:06.808Z
2026-09-07,F,339,800795255,Daria Podlipskaya,RUS,Russia,2010,285.5,https://www.itftennis.com/tennis/api/PlayerRankApi/GetPlayerRankings?circuitCode=JT&playerTypeCode=G&ageCategoryCode=&juniorRankingType=itf&take=100&skip=300&isOrderAscending=true,2026-09-07T16:21:06.808Z
2026-09-07,F,340,800638775,Greta Nemcsek,HUN,Hungary,2009,284.5,https://www.itftennis.com/tennis/api/PlayerRankApi/GetPlayerRankings?circuitCode=JT&playerTypeCode=G&ageCategoryCode=&juniorRankingType=itf&take=100&skip=300&isOrderAscending=true,2026-09-07T16:21:06.808Z
2026-09-07,F,341,800773164,Jinling Shi,CHN,"China, P.R.",2010,284.5,https://www.itftennis.com/tennis/api/PlayerRankApi/GetPlayerRankings?circuitCode=JT&playerTypeCode=G&ageCategoryCode=&juniorRankingType=itf&take=100&skip=300&isOrderAscending=true,2026-09-07T16:21:06.808Z
2026-09-07,F,342,800762461,Rachel Wu,CAN,Canada,2010,284.25,https://www.itftennis.com/tennis/api/PlayerRankApi/GetPlayerRankings?circuitCode=JT&playerTypeCode=G&ageCategoryCode=&juniorRankingType=itf&take=100&skip=300&isOrderAscending=true,2026-09-07T16:21:06.808Z
2026-09-07,F,343,800688040,Marta Gayoso de los Rios,ESP,Spain,2009,283.75,https://www.itftennis.com/tennis/api/PlayerRankApi/GetPlayerRankings?circuitCode=JT&playerTypeCode=G&ageCategoryCode=&juniorRankingType=itf&take=100&skip=300&isOrderAscending=true,2026-09-07T16:21:06.808Z
2026-09-07,F,344,800686554,HERMIONE Korpanec Davies,GBR,Great Britain,2011,283,https://www.itftennis.com/tennis/api/PlayerRankApi/GetPlayerRankings?circuitCode=JT&playerTypeCode=G&ageCategoryCode=&juniorRankingType=itf&take=100&skip=300&isOrderAscending=true,2026-09-07T16:21:06.808Z
2026-09-07,F,345,800795881,Ziduan Zhao,CHN,"China, P.R.",2010,282.5,https://www.itftennis.com/tennis/api/PlayerRankApi/GetPlayerRankings?circuitCode=JT&playerTypeCode=G&ageCategoryCode=&juniorRankingType=itf&take=100&skip=300&isOrderAscending=true,2026-09-07T16:21:06.808Z
2026-09-07,F,346,800706118,Ariana Ikwueme,USA,USA,2009,282,https://www.itftennis.com/tennis/api/PlayerRankApi/GetPlayerRankings?circuitCode=JT&playerTypeCode=G&ageCategoryCode=&juniorRankingType=itf&take=100&skip=300&isOrderAscending=true,2026-09-07T16:21:06.808Z
2026-09-07,F,347,800722831,YERIN LIM,KOR,"Korea, Rep.",2011,282,https://www.itftennis.com/tennis/api/PlayerRankApi/GetPlayerRankings?circuitCode=JT&playerTypeCode=G&ageCategoryCode=&juniorRankingType=itf&take=100&skip=300&isOrderAscending=true,2026-09-07T16:21:06.808Z
2026-09-07,F,348,800711857,Liv Bretscher,SUI,Switzerland,2012,281.5,https://www.itftennis.com/tennis/api/PlayerRankApi/GetPlayerRankings?circuitCode=JT&playerTypeCode=G&ageCategoryCode=&juniorRankingType=itf&take=100&skip=300&isOrderAscending=true,2026-09-07T16:21:06.808Z
2026-09-07,F,349,800775976,Jia Liu,CHN,"China, P.R.",2010,281.25,https://www.itftennis.com/tennis/api/PlayerRankApi/GetPlayerRankings?circuitCode=JT&playerTypeCode=G&ageCategoryCode=&juniorRankingType=itf&take=100&skip=300&isOrderAscending=true,2026-09-07T16:21:06.808Z
2026-09-07,F,350,800842309,Isha Manchala,USA,USA,2012,280.75,https://www.itftennis.com/tennis/api/PlayerRankApi/GetPlayerRankings?circuitCode=JT&playerTypeCode=G&ageCategoryCode=&juniorRankingType=itf&take=100&skip=300&isOrderAscending=true,2026-09-07T16:21:06.808Z
2026-09-07,F,351,800687360,Maria Badache,ALG,Algeria,2008,278.75,https://www.itftennis.com/tennis/api/PlayerRankApi/GetPlayerRankings?circuitCode=JT&playerTypeCode=G&ageCategoryCode=&juniorRankingType=itf&take=100&skip=300&isOrderAscending=true,2026-09-07T16:21:06.808Z
2026-09-07,F,352,800695465,Abril Cardenas Olivares,MEX,Mexico,2009,278.5,https://www.itftennis.com/tennis/api/PlayerRankApi/GetPlayerRankings?circuitCode=JT&playerTypeCode=G&ageCategoryCode=&juniorRankingType=itf&take=100&skip=300&isOrderAscending=true,2026-09-07T16:21:06.808Z
2026-09-07,F,353,800667968,Suha Lee,KOR,"Korea, Rep.",2008,277.5,https://www.itftennis.com/tennis/api/PlayerRankApi/GetPlayerRankings?circuitCode=JT&playerTypeCode=G&ageCategoryCode=&juniorRankingType=itf&take=100&skip=300&isOrderAscending=true,2026-09-07T16:21:06.808Z
2026-09-07,F,354,800738281,Yashwitha Reddy,NZL,New Zealand,2010,276.5,https://www.itftennis.com/tennis/api/PlayerRankApi/GetPlayerRankings?circuitCode=JT&playerTypeCode=G&ageCategoryCode=&juniorRankingType=itf&take=100&skip=300&isOrderAscending=true,2026-09-07T16:21:06.808Z
2026-09-07,F,355,800695706,Nikol Nuneva,BUL,Bulgaria,2010,275,https://www.itftennis.com/tennis/api/PlayerRankApi/GetPlayerRankings?circuitCode=JT&playerTypeCode=G&ageCategoryCode=&juniorRankingType=itf&take=100&skip=300&isOrderAscending=true,2026-09-07T16:21:06.808Z
2026-09-07,F,356,800667267,Sara Cozma,ROU,Romania,2009,275,https://www.itftennis.com/tennis/api/PlayerRankApi/GetPlayerRankings?circuitCode=JT&playerTypeCode=G&ageCategoryCode=&juniorRankingType=itf&take=100&skip=300&isOrderAscending=true,2026-09-07T16:21:06.808Z
2026-09-07,F,357,800672181,Alessandra Fiorillo,ITA,Italy,2008,273.25,https://www.itftennis.com/tennis/api/PlayerRankApi/GetPlayerRankings?circuitCode=JT&playerTypeCode=G&ageCategoryCode=&juniorRankingType=itf&take=100&skip=300&isOrderAscending=true,2026-09-07T16:21:06.808Z
2026-09-07,F,358,800628944,Maryia Kolas,BLR,Belarus,2009,272.5,https://www.itftennis.com/tennis/api/PlayerRankApi/GetPlayerRankings?circuitCode=JT&playerTypeCode=G&ageCategoryCode=&juniorRankingType=itf&take=100&skip=300&isOrderAscending=true,2026-09-07T16:21:06.808Z
2026-09-07,F,359,800654422,Sara Mitevska,MKD,North Macedonia,2010,272.5,https://www.itftennis.com/tennis/api/PlayerRankApi/GetPlayerRankings?circuitCode=JT&playerTypeCode=G&ageCategoryCode=&juniorRankingType=itf&take=100&skip=300&isOrderAscending=true,2026-09-07T16:21:06.808Z
2026-09-07,F,360,800663864,Marina Markina,LAT,Latvia,2010,270,https://www.itftennis.com/tennis/api/PlayerRankApi/GetPlayerRankings?circuitCode=JT&playerTypeCode=G&ageCategoryCode=&juniorRankingType=itf&take=100&skip=300&isOrderAscending=true,2026-09-07T16:21:06.808Z
2026-09-07,F,361,800718678,Leila Shakhmuradova,RUS,Russia,2009,269.5,https://www.itftennis.com/tennis/api/PlayerRankApi/GetPlayerRankings?circuitCode=JT&playerTypeCode=G&ageCategoryCode=&juniorRankingType=itf&take=100&skip=300&isOrderAscending=true,2026-09-07T16:21:06.808Z
2026-09-07,F,362,800667886,Sarah Stoyanov,USA,USA,2008,268,https://www.itftennis.com/tennis/api/PlayerRankApi/GetPlayerRankings?circuitCode=JT&playerTypeCode=G&ageCategoryCode=&juniorRankingType=itf&take=100&skip=300&isOrderAscending=true,2026-09-07T16:21:06.808Z
2026-09-07,F,363,800677160,larissa silenci,BRA,Brazil,2010,267,https://www.itftennis.com/tennis/api/PlayerRankApi/GetPlayerRankings?circuitCode=JT&playerTypeCode=G&ageCategoryCode=&juniorRankingType=itf&take=100&skip=300&isOrderAscending=true,2026-09-07T16:21:06.808Z
2026-09-07,F,364,800626938,Melis Yildirim,TUR,Turkiye,2009,267,https://www.itftennis.com/tennis/api/PlayerRankApi/GetPlayerRankings?circuitCode=JT&playerTypeCode=G&ageCategoryCode=&juniorRankingType=itf&take=100&skip=300&isOrderAscending=true,2026-09-07T16:21:06.808Z
2026-09-07,F,365,800751083,Musemma Cilek,AUS,Australia,2011,266.5,https://www.itftennis.com/tennis/api/PlayerRankApi/GetPlayerRankings?circuitCode=JT&playerTypeCode=G&ageCategoryCode=&juniorRankingType=itf&take=100&skip=300&isOrderAscending=true,2026-09-07T16:21:06.808Z
2026-09-07,F,366,800672091,Giselle Isabella Guillen,AUS,Australia,2008,266,https://www.itftennis.com/tennis/api/PlayerRankApi/GetPlayerRankings?circuitCode=JT&playerTypeCode=G&ageCategoryCode=&juniorRankingType=itf&take=100&skip=300&isOrderAscending=true,2026-09-07T16:21:06.808Z
2026-09-07,F,367,800693286,Milena Steinkamp,GER,Germany,2010,266,https://www.itftennis.com/tennis/api/PlayerRankApi/GetPlayerRankings?circuitCode=JT&playerTypeCode=G&ageCategoryCode=&juniorRankingType=itf&take=100&skip=300&isOrderAscending=true,2026-09-07T16:21:06.808Z
2026-09-07,F,368,800694994,Judy Tawila,EGY,Egypt,2008,266,https://www.itftennis.com/tennis/api/PlayerRankApi/GetPlayerRankings?circuitCode=JT&playerTypeCode=G&ageCategoryCode=&juniorRankingType=itf&take=100&skip=300&isOrderAscending=true,2026-09-07T16:21:06.808Z
2026-09-07,F,369,800655606,Hila Buhadana,ISR,Israel,2010,265.25,https://www.itftennis.com/tennis/api/PlayerRankApi/GetPlayerRankings?circuitCode=JT&playerTypeCode=G&ageCategoryCode=&juniorRankingType=itf&take=100&skip=300&isOrderAscending=true,2026-09-07T16:21:06.808Z
2026-09-07,F,370,800645136,Zoja Peternel,SLO,Slovenia,2009,265,https://www.itftennis.com/tennis/api/PlayerRankApi/GetPlayerRankings?circuitCode=JT&playerTypeCode=G&ageCategoryCode=&juniorRankingType=itf&take=100&skip=300&isOrderAscending=true,2026-09-07T16:21:06.808Z
2026-09-07,F,371,800748367,Suri Suchovsky,AUS,Australia,2011,264.75,https://www.itftennis.com/tennis/api/PlayerRankApi/GetPlayerRankings?circuitCode=JT&playerTypeCode=G&ageCategoryCode=&juniorRankingType=itf&take=100&skip=300&isOrderAscending=true,2026-09-07T16:21:06.808Z
2026-09-07,F,372,800750562,Chenming Zhang,CHN,"China, P.R.",2009,264,https://www.itftennis.com/tennis/api/PlayerRankApi/GetPlayerRankings?circuitCode=JT&playerTypeCode=G&ageCategoryCode=&juniorRankingType=itf&take=100&skip=300&isOrderAscending=true,2026-09-07T16:21:06.808Z
2026-09-07,F,373,800707529,Lily Rochon,CAN,Canada,2009,261.25,https://www.itftennis.com/tennis/api/PlayerRankApi/GetPlayerRankings?circuitCode=JT&playerTypeCode=G&ageCategoryCode=&juniorRankingType=itf&take=100&skip=300&isOrderAscending=true,2026-09-07T16:21:06.808Z
2026-09-07,F,374,800802797,Jiayi Wang,CHN,"China, P.R.",2012,261,https://www.itftennis.com/tennis/api/PlayerRankApi/GetPlayerRankings?circuitCode=JT&playerTypeCode=G&ageCategoryCode=&juniorRankingType=itf&take=100&skip=300&isOrderAscending=true,2026-09-07T16:21:06.808Z
2026-09-07,F,375,800698179,Milan Swanepoel,RSA,South Africa,2010,261,https://www.itftennis.com/tennis/api/PlayerRankApi/GetPlayerRankings?circuitCode=JT&playerTypeCode=G&ageCategoryCode=&juniorRankingType=itf&take=100&skip=300&isOrderAscending=true,2026-09-07T16:21:06.808Z
2026-09-07,F,376,800629801,Alexandra Korneeva,ARM,Armenia,2009,260.5,https://www.itftennis.com/tennis/api/PlayerRankApi/GetPlayerRankings?circuitCode=JT&playerTypeCode=G&ageCategoryCode=&juniorRankingType=itf&take=100&skip=300&isOrderAscending=true,2026-09-07T16:21:06.808Z
2026-09-07,F,377,800708283,Sara Nikolic,AUS,Australia,2009,260.25,https://www.itftennis.com/tennis/api/PlayerRankApi/GetPlayerRankings?circuitCode=JT&playerTypeCode=G&ageCategoryCode=&juniorRankingType=itf&take=100&skip=300&isOrderAscending=true,2026-09-07T16:21:06.808Z
2026-09-07,F,378,800722835,SRISHTI KIRAN,IND,India,2012,258.25,https://www.itftennis.com/tennis/api/PlayerRankApi/GetPlayerRankings?circuitCode=JT&playerTypeCode=G&ageCategoryCode=&juniorRankingType=itf&take=100&skip=300&isOrderAscending=true,2026-09-07T16:21:06.808Z
2026-09-07,F,379,800575413,Daria Koreshkova,RUS,Russia,2008,258,https://www.itftennis.com/tennis/api/PlayerRankApi/GetPlayerRankings?circuitCode=JT&playerTypeCode=G&ageCategoryCode=&juniorRankingType=itf&take=100&skip=300&isOrderAscending=true,2026-09-07T16:21:06.808Z
2026-09-07,F,380,800646528,MILANA KOLESOVA,RUS,Russia,2010,256.5,https://www.itftennis.com/tennis/api/PlayerRankApi/GetPlayerRankings?circuitCode=JT&playerTypeCode=G&ageCategoryCode=&juniorRankingType=itf&take=100&skip=300&isOrderAscending=true,2026-09-07T16:21:06.808Z
2026-09-07,F,381,800671582,Ohunene Comfort Yakubu,NGR,Nigeria,2008,256,https://www.itftennis.com/tennis/api/PlayerRankApi/GetPlayerRankings?circuitCode=JT&playerTypeCode=G&ageCategoryCode=&juniorRankingType=itf&take=100&skip=300&isOrderAscending=true,2026-09-07T16:21:06.808Z
2026-09-07,F,382,800756804,Eduarda Gomes,BRA,Brazil,2012,255.75,https://www.itftennis.com/tennis/api/PlayerRankApi/GetPlayerRankings?circuitCode=JT&playerTypeCode=G&ageCategoryCode=&juniorRankingType=itf&take=100&skip=300&isOrderAscending=true,2026-09-07T16:21:06.808Z
2026-09-07,F,383,800706315,Milagros Helena Pastuszka,CAN,Canada,2011,254.75,https://www.itftennis.com/tennis/api/PlayerRankApi/GetPlayerRankings?circuitCode=JT&playerTypeCode=G&ageCategoryCode=&juniorRankingType=itf&take=100&skip=300&isOrderAscending=true,2026-09-07T16:21:06.808Z
2026-09-07,F,384,800630863,Victoria Lopez Ocampos,PAR,Paraguay,2008,254.5,https://www.itftennis.com/tennis/api/PlayerRankApi/GetPlayerRankings?circuitCode=JT&playerTypeCode=G&ageCategoryCode=&juniorRankingType=itf&take=100&skip=300&isOrderAscending=true,2026-09-07T16:21:06.808Z
2026-09-07,F,385,800692269,Laura Carvalho e Silva Kracke,IRL,Ireland,2010,254.5,https://www.itftennis.com/tennis/api/PlayerRankApi/GetPlayerRankings?circuitCode=JT&playerTypeCode=G&ageCategoryCode=&juniorRankingType=itf&take=100&skip=300&isOrderAscending=true,2026-09-07T16:21:06.808Z
2026-09-07,F,386,800777696,Berrak Kocak,TUR,Turkiye,2008,252.5,https://www.itftennis.com/tennis/api/PlayerRankApi/GetPlayerRankings?circuitCode=JT&playerTypeCode=G&ageCategoryCode=&juniorRankingType=itf&take=100&skip=300&isOrderAscending=true,2026-09-07T16:21:06.808Z
2026-09-07,F,387,800675091,Emmi Nehls,GER,Germany,2009,252.5,https://www.itftennis.com/tennis/api/PlayerRankApi/GetPlayerRankings?circuitCode=JT&playerTypeCode=G&ageCategoryCode=&juniorRankingType=itf&take=100&skip=300&isOrderAscending=true,2026-09-07T16:21:06.808Z
2026-09-07,F,388,800755324,Romy Gravenor,CAN,Canada,2010,250.5,https://www.itftennis.com/tennis/api/PlayerRankApi/GetPlayerRankings?circuitCode=JT&playerTypeCode=G&ageCategoryCode=&juniorRankingType=itf&take=100&skip=300&isOrderAscending=true,2026-09-07T16:21:06.808Z
2026-09-07,F,389,800705480,Xiang Liu,CHN,"China, P.R.",2009,248.5,https://www.itftennis.com/tennis/api/PlayerRankApi/GetPlayerRankings?circuitCode=JT&playerTypeCode=G&ageCategoryCode=&juniorRankingType=itf&take=100&skip=300&isOrderAscending=true,2026-09-07T16:21:06.808Z
2026-09-07,F,390,800696224,Habiba Habib,EGY,Egypt,2009,248,https://www.itftennis.com/tennis/api/PlayerRankApi/GetPlayerRankings?circuitCode=JT&playerTypeCode=G&ageCategoryCode=&juniorRankingType=itf&take=100&skip=300&isOrderAscending=true,2026-09-07T16:21:06.808Z
2026-09-07,F,391,800772860,Deepshika Vinayagamurthy,IND,India,2010,247,https://www.itftennis.com/tennis/api/PlayerRankApi/GetPlayerRankings?circuitCode=JT&playerTypeCode=G&ageCategoryCode=&juniorRankingType=itf&take=100&skip=300&isOrderAscending=true,2026-09-07T16:21:06.808Z
2026-09-07,F,392,800694765,SARA NICOLE SITAR,ROU,Romania,2011,246.25,https://www.itftennis.com/tennis/api/PlayerRankApi/GetPlayerRankings?circuitCode=JT&playerTypeCode=G&ageCategoryCode=&juniorRankingType=itf&take=100&skip=300&isOrderAscending=true,2026-09-07T16:21:06.808Z
2026-09-07,F,393,800667887,Nanayo Wada,JPN,Japan,2009,243.5,https://www.itftennis.com/tennis/api/PlayerRankApi/GetPlayerRankings?circuitCode=JT&playerTypeCode=G&ageCategoryCode=&juniorRankingType=itf&take=100&skip=300&isOrderAscending=true,2026-09-07T16:21:06.808Z
2026-09-07,F,394,800543453,Satima Toregen,KAZ,Kazakhstan,2008,243,https://www.itftennis.com/tennis/api/PlayerRankApi/GetPlayerRankings?circuitCode=JT&playerTypeCode=G&ageCategoryCode=&juniorRankingType=itf&take=100&skip=300&isOrderAscending=true,2026-09-07T16:21:06.808Z
2026-09-07,F,395,800657148,Valery Sumoya Lopez,BOL,Bolivia,2009,242.75,https://www.itftennis.com/tennis/api/PlayerRankApi/GetPlayerRankings?circuitCode=JT&playerTypeCode=G&ageCategoryCode=&juniorRankingType=itf&take=100&skip=300&isOrderAscending=true,2026-09-07T16:21:06.808Z
2026-09-07,F,396,800660696,Victoria Carron,SUI,Switzerland,2010,242.75,https://www.itftennis.com/tennis/api/PlayerRankApi/GetPlayerRankings?circuitCode=JT&playerTypeCode=G&ageCategoryCode=&juniorRankingType=itf&take=100&skip=300&isOrderAscending=true,2026-09-07T16:21:06.808Z
2026-09-07,F,397,800753468,Isabella Welsh,AUS,Australia,2010,242,https://www.itftennis.com/tennis/api/PlayerRankApi/GetPlayerRankings?circuitCode=JT&playerTypeCode=G&ageCategoryCode=&juniorRankingType=itf&take=100&skip=300&isOrderAscending=true,2026-09-07T16:21:06.808Z
2026-09-07,F,398,800755673,Sydney Wright,USA,USA,2010,242,https://www.itftennis.com/tennis/api/PlayerRankApi/GetPlayerRankings?circuitCode=JT&playerTypeCode=G&ageCategoryCode=&juniorRankingType=itf&take=100&skip=300&isOrderAscending=true,2026-09-07T16:21:06.808Z
2026-09-07,F,399,800630092,Tomiris Nurzhan,KAZ,Kazakhstan,2009,240.75,https://www.itftennis.com/tennis/api/PlayerRankApi/GetPlayerRankings?circuitCode=JT&playerTypeCode=G&ageCategoryCode=&juniorRankingType=itf&take=100&skip=300&isOrderAscending=true,2026-09-07T16:21:06.808Z
2026-09-07,F,400,800668047,Annabel Wong,GBR,Great Britain,2010,240.25,https://www.itftennis.com/tennis/api/PlayerRankApi/GetPlayerRankings?circuitCode=JT&playerTypeCode=G&ageCategoryCode=&juniorRankingType=itf&take=100&skip=300&isOrderAscending=true,2026-09-07T16:21:06.808Z
2026-09-07,F,401,800770797,Emily Dunn,NZL,New Zealand,2009,240,https://www.itftennis.com/tennis/api/PlayerRankApi/GetPlayerRankings?circuitCode=JT&playerTypeCode=G&ageCategoryCode=&juniorRankingType=itf&take=100&skip=400&isOrderAscending=true,2026-09-07T16:21:07.585Z
2026-09-07,F,402,800659796,Mariia Masliakova,RUS,Russia,2010,239,https://www.itftennis.com/tennis/api/PlayerRankApi/GetPlayerRankings?circuitCode=JT&playerTypeCode=G&ageCategoryCode=&juniorRankingType=itf&take=100&skip=400&isOrderAscending=true,2026-09-07T16:21:07.585Z
2026-09-07,F,403,800650753,Alexandra Talina,RUS,Russia,2010,238,https://www.itftennis.com/tennis/api/PlayerRankApi/GetPlayerRankings?circuitCode=JT&playerTypeCode=G&ageCategoryCode=&juniorRankingType=itf&take=100&skip=400&isOrderAscending=true,2026-09-07T16:21:07.585Z
2026-09-07,F,404,800663534,Nicole Yekaterina Villa,SUI,Switzerland,2009,236,https://www.itftennis.com/tennis/api/PlayerRankApi/GetPlayerRankings?circuitCode=JT&playerTypeCode=G&ageCategoryCode=&juniorRankingType=itf&take=100&skip=400&isOrderAscending=true,2026-09-07T16:21:07.585Z
2026-09-07,F,405,800655598,Julieta Marcos Cattoni,PAR,Paraguay,2009,235,https://www.itftennis.com/tennis/api/PlayerRankApi/GetPlayerRankings?circuitCode=JT&playerTypeCode=G&ageCategoryCode=&juniorRankingType=itf&take=100&skip=400&isOrderAscending=true,2026-09-07T16:21:07.585Z
2026-09-07,F,406,800635959,Sophie Ray,NED,Netherlands,2009,234.5,https://www.itftennis.com/tennis/api/PlayerRankApi/GetPlayerRankings?circuitCode=JT&playerTypeCode=G&ageCategoryCode=&juniorRankingType=itf&take=100&skip=400&isOrderAscending=true,2026-09-07T16:21:07.585Z
2026-09-07,F,407,800760287,Siyun Xiao,CHN,"China, P.R.",2012,234.25,https://www.itftennis.com/tennis/api/PlayerRankApi/GetPlayerRankings?circuitCode=JT&playerTypeCode=G&ageCategoryCode=&juniorRankingType=itf&take=100&skip=400&isOrderAscending=true,2026-09-07T16:21:07.585Z
2026-09-07,F,408,800672759,Veronika Navratilova,CZE,Czechia,2010,234,https://www.itftennis.com/tennis/api/PlayerRankApi/GetPlayerRankings?circuitCode=JT&playerTypeCode=G&ageCategoryCode=&juniorRankingType=itf&take=100&skip=400&isOrderAscending=true,2026-09-07T16:21:07.585Z
2026-09-07,F,409,800682591,Ava Beck,AUS,Australia,2008,233,https://www.itftennis.com/tennis/api/PlayerRankApi/GetPlayerRankings?circuitCode=JT&playerTypeCode=G&ageCategoryCode=&juniorRankingType=itf&take=100&skip=400&isOrderAscending=true,2026-09-07T16:21:07.585Z
2026-09-07,F,410,800756409,Ava Itaoui,AUS,Australia,2010,232.75,https://www.itftennis.com/tennis/api/PlayerRankApi/GetPlayerRankings?circuitCode=JT&playerTypeCode=G&ageCategoryCode=&juniorRankingType=itf&take=100&skip=400&isOrderAscending=true,2026-09-07T16:21:07.585Z
2026-09-07,F,411,800700950,Lilly Marie Greinert,GER,Germany,2011,232.5,https://www.itftennis.com/tennis/api/PlayerRankApi/GetPlayerRankings?circuitCode=JT&playerTypeCode=G&ageCategoryCode=&juniorRankingType=itf&take=100&skip=400&isOrderAscending=true,2026-09-07T16:21:07.585Z
2026-09-07,F,412,800645387,Radmila Rakhmatullina,RUS,Russia,2009,230,https://www.itftennis.com/tennis/api/PlayerRankApi/GetPlayerRankings?circuitCode=JT&playerTypeCode=G&ageCategoryCode=&juniorRankingType=itf&take=100&skip=400&isOrderAscending=true,2026-09-07T16:21:07.585Z
2026-09-07,F,413,800761287,Shristi Selvan,USA,USA,2010,229.25,https://www.itftennis.com/tennis/api/PlayerRankApi/GetPlayerRankings?circuitCode=JT&playerTypeCode=G&ageCategoryCode=&juniorRankingType=itf&take=100&skip=400&isOrderAscending=true,2026-09-07T16:21:07.585Z
2026-09-07,F,414,800632439,Emiliya Fedoseeva,RUS,Russia,2010,228.5,https://www.itftennis.com/tennis/api/PlayerRankApi/GetPlayerRankings?circuitCode=JT&playerTypeCode=G&ageCategoryCode=&juniorRankingType=itf&take=100&skip=400&isOrderAscending=true,2026-09-07T16:21:07.585Z
2026-09-07,F,415,800653019,Valeria Galyaeva,RUS,Russia,2009,227.5,https://www.itftennis.com/tennis/api/PlayerRankApi/GetPlayerRankings?circuitCode=JT&playerTypeCode=G&ageCategoryCode=&juniorRankingType=itf&take=100&skip=400&isOrderAscending=true,2026-09-07T16:21:07.585Z
2026-09-07,F,416,800724406,Isabella Bosso,USA,USA,2011,227.5,https://www.itftennis.com/tennis/api/PlayerRankApi/GetPlayerRankings?circuitCode=JT&playerTypeCode=G&ageCategoryCode=&juniorRankingType=itf&take=100&skip=400&isOrderAscending=true,2026-09-07T16:21:07.585Z
2026-09-07,F,417,800696893,Misaki Sekido,JPN,Japan,2011,227.25,https://www.itftennis.com/tennis/api/PlayerRankApi/GetPlayerRankings?circuitCode=JT&playerTypeCode=G&ageCategoryCode=&juniorRankingType=itf&take=100&skip=400&isOrderAscending=true,2026-09-07T16:21:07.585Z
2026-09-07,F,418,800765970,Carolina Castro,PUR,Puerto Rico,2009,227.25,https://www.itftennis.com/tennis/api/PlayerRankApi/GetPlayerRankings?circuitCode=JT&playerTypeCode=G&ageCategoryCode=&juniorRankingType=itf&take=100&skip=400&isOrderAscending=true,2026-09-07T16:21:07.585Z
2026-09-07,F,419,800603080,Cindy Langlais,FRA,France,2009,226.75,https://www.itftennis.com/tennis/api/PlayerRankApi/GetPlayerRankings?circuitCode=JT&playerTypeCode=G&ageCategoryCode=&juniorRankingType=itf&take=100&skip=400&isOrderAscending=true,2026-09-07T16:21:07.585Z
2026-09-07,F,420,800659624,Azul Lopez Vazquez R,MEX,Mexico,2009,225.5,https://www.itftennis.com/tennis/api/PlayerRankApi/GetPlayerRankings?circuitCode=JT&playerTypeCode=G&ageCategoryCode=&juniorRankingType=itf&take=100&skip=400&isOrderAscending=true,2026-09-07T16:21:07.585Z
2026-09-07,F,421,800651913,Beatriz Nahmias Melo Rodrigues,BRA,Brazil,2009,225,https://www.itftennis.com/tennis/api/PlayerRankApi/GetPlayerRankings?circuitCode=JT&playerTypeCode=G&ageCategoryCode=&juniorRankingType=itf&take=100&skip=400&isOrderAscending=true,2026-09-07T16:21:07.585Z
2026-09-07,F,422,800666093,Karolina Smidova,CZE,Czechia,2010,223.5,https://www.itftennis.com/tennis/api/PlayerRankApi/GetPlayerRankings?circuitCode=JT&playerTypeCode=G&ageCategoryCode=&juniorRankingType=itf&take=100&skip=400&isOrderAscending=true,2026-09-07T16:21:07.585Z
2026-09-07,F,423,800722768,Emilia Henningsen,DEN,Denmark,2012,223.5,https://www.itftennis.com/tennis/api/PlayerRankApi/GetPlayerRankings?circuitCode=JT&playerTypeCode=G&ageCategoryCode=&juniorRankingType=itf&take=100&skip=400&isOrderAscending=true,2026-09-07T16:21:07.585Z
2026-09-07,F,424,800708320,Adelina Andreea Iftime,USA,USA,2011,223.25,https://www.itftennis.com/tennis/api/PlayerRankApi/GetPlayerRankings?circuitCode=JT&playerTypeCode=G&ageCategoryCode=&juniorRankingType=itf&take=100&skip=400&isOrderAscending=true,2026-09-07T16:21:07.585Z
2026-09-07,F,425,800676487,Irma Chukhlich,UKR,Ukraine,2010,222.5,https://www.itftennis.com/tennis/api/PlayerRankApi/GetPlayerRankings?circuitCode=JT&playerTypeCode=G&ageCategoryCode=&juniorRankingType=itf&take=100&skip=400&isOrderAscending=true,2026-09-07T16:21:07.585Z
2026-09-07,F,426,800668842,Yelyzaveta Dovhopol,UKR,Ukraine,2010,222.5,https://www.itftennis.com/tennis/api/PlayerRankApi/GetPlayerRankings?circuitCode=JT&playerTypeCode=G&ageCategoryCode=&juniorRankingType=itf&take=100&skip=400&isOrderAscending=true,2026-09-07T16:21:07.585Z
2026-09-07,F,427,800654504,Vlada Razina,BLR,Belarus,2009,222,https://www.itftennis.com/tennis/api/PlayerRankApi/GetPlayerRankings?circuitCode=JT&playerTypeCode=G&ageCategoryCode=&juniorRankingType=itf&take=100&skip=400&isOrderAscending=true,2026-09-07T16:21:07.585Z
2026-09-07,F,428,800602862,Lydia Brennan,IRL,Ireland,2008,221.5,https://www.itftennis.com/tennis/api/PlayerRankApi/GetPlayerRankings?circuitCode=JT&playerTypeCode=G&ageCategoryCode=&juniorRankingType=itf&take=100&skip=400&isOrderAscending=true,2026-09-07T16:21:07.585Z
2026-09-07,F,429,800573301,Kristina Kruchenko,KAZ,Kazakhstan,2009,221.5,https://www.itftennis.com/tennis/api/PlayerRankApi/GetPlayerRankings?circuitCode=JT&playerTypeCode=G&ageCategoryCode=&juniorRankingType=itf&take=100&skip=400&isOrderAscending=true,2026-09-07T16:21:07.585Z
2026-09-07,F,430,800668664,Ana Chindris,ROU,Romania,2010,220.75,https://www.itftennis.com/tennis/api/PlayerRankApi/GetPlayerRankings?circuitCode=JT&playerTypeCode=G&ageCategoryCode=&juniorRankingType=itf&take=100&skip=400&isOrderAscending=true,2026-09-07T16:21:07.585Z
2026-09-07,F,431,800693044,Angelina Pakhomenko,RUS,Russia,2011,220.75,https://www.itftennis.com/tennis/api/PlayerRankApi/GetPlayerRankings?circuitCode=JT&playerTypeCode=G&ageCategoryCode=&juniorRankingType=itf&take=100&skip=400&isOrderAscending=true,2026-09-07T16:21:07.585Z
2026-09-07,F,432,800759753,stephanie pumar,VEN,Venezuela,2011,220.5,https://www.itftennis.com/tennis/api/PlayerRankApi/GetPlayerRankings?circuitCode=JT&playerTypeCode=G&ageCategoryCode=&juniorRankingType=itf&take=100&skip=400&isOrderAscending=true,2026-09-07T16:21:07.585Z
2026-09-07,F,433,800675286,Marta Dudek,POL,Poland,2009,220.5,https://www.itftennis.com/tennis/api/PlayerRankApi/GetPlayerRankings?circuitCode=JT&playerTypeCode=G&ageCategoryCode=&juniorRankingType=itf&take=100&skip=400&isOrderAscending=true,2026-09-07T16:21:07.585Z
2026-09-07,F,434,800706799,Amy Shen,CAN,Canada,2011,220.25,https://www.itftennis.com/tennis/api/PlayerRankApi/GetPlayerRankings?circuitCode=JT&playerTypeCode=G&ageCategoryCode=&juniorRankingType=itf&take=100&skip=400&isOrderAscending=true,2026-09-07T16:21:07.585Z
2026-09-07,F,435,800677161,CLARA BORRASCA,BRA,Brazil,2009,220,https://www.itftennis.com/tennis/api/PlayerRankApi/GetPlayerRankings?circuitCode=JT&playerTypeCode=G&ageCategoryCode=&juniorRankingType=itf&take=100&skip=400&isOrderAscending=true,2026-09-07T16:21:07.585Z
2026-09-07,F,436,800639867,Sophia Izabella Ragus,DEN,Denmark,2008,220,https://www.itftennis.com/tennis/api/PlayerRankApi/GetPlayerRankings?circuitCode=JT&playerTypeCode=G&ageCategoryCode=&juniorRankingType=itf&take=100&skip=400&isOrderAscending=true,2026-09-07T16:21:07.585Z
2026-09-07,F,437,800753596,Maria Shmeleva,RUS,Russia,2009,219.75,https://www.itftennis.com/tennis/api/PlayerRankApi/GetPlayerRankings?circuitCode=JT&playerTypeCode=G&ageCategoryCode=&juniorRankingType=itf&take=100&skip=400&isOrderAscending=true,2026-09-07T16:21:07.585Z
2026-09-07,F,438,800681351,Pallavi Patel,IND,India,2009,219.5,https://www.itftennis.com/tennis/api/PlayerRankApi/GetPlayerRankings?circuitCode=JT&playerTypeCode=G&ageCategoryCode=&juniorRankingType=itf&take=100&skip=400&isOrderAscending=true,2026-09-07T16:21:07.585Z
2026-09-07,F,439,800678118,Taylah Lessue,AUS,Australia,2008,219.5,https://www.itftennis.com/tennis/api/PlayerRankApi/GetPlayerRankings?circuitCode=JT&playerTypeCode=G&ageCategoryCode=&juniorRankingType=itf&take=100&skip=400&isOrderAscending=true,2026-09-07T16:21:07.585Z
2026-09-07,F,440,800637045,Kateryna Chuieshova,UKR,Ukraine,2009,219,https://www.itftennis.com/tennis/api/PlayerRankApi/GetPlayerRankings?circuitCode=JT&playerTypeCode=G&ageCategoryCode=&juniorRankingType=itf&take=100&skip=400&isOrderAscending=true,2026-09-07T16:21:07.585Z
2026-09-07,F,441,800702429,AMINA NURMAKHAN,KAZ,Kazakhstan,2011,218.5,https://www.itftennis.com/tennis/api/PlayerRankApi/GetPlayerRankings?circuitCode=JT&playerTypeCode=G&ageCategoryCode=&juniorRankingType=itf&take=100&skip=400&isOrderAscending=true,2026-09-07T16:21:07.586Z
2026-09-07,F,442,800741013,Bojia Zhang,CHN,"China, P.R.",2009,217.5,https://www.itftennis.com/tennis/api/PlayerRankApi/GetPlayerRankings?circuitCode=JT&playerTypeCode=G&ageCategoryCode=&juniorRankingType=itf&take=100&skip=400&isOrderAscending=true,2026-09-07T16:21:07.586Z
2026-09-07,F,443,800671177,Antonina Snochowska,POL,Poland,2010,217,https://www.itftennis.com/tennis/api/PlayerRankApi/GetPlayerRankings?circuitCode=JT&playerTypeCode=G&ageCategoryCode=&juniorRankingType=itf&take=100&skip=400&isOrderAscending=true,2026-09-07T16:21:07.586Z
2026-09-07,F,444,800626494,Mireia Sagrista Bermejo,ESP,Spain,2009,216.75,https://www.itftennis.com/tennis/api/PlayerRankApi/GetPlayerRankings?circuitCode=JT&playerTypeCode=G&ageCategoryCode=&juniorRankingType=itf&take=100&skip=400&isOrderAscending=true,2026-09-07T16:21:07.586Z
2026-09-07,F,445,800759123,Manuela Ferreira Banietti,BRA,Brazil,2011,216.5,https://www.itftennis.com/tennis/api/PlayerRankApi/GetPlayerRankings?circuitCode=JT&playerTypeCode=G&ageCategoryCode=&juniorRankingType=itf&take=100&skip=400&isOrderAscending=true,2026-09-07T16:21:07.586Z
2026-09-07,F,446,800660358,Sandra Victoria Talamo Pinto,VEN,Venezuela,2010,215,https://www.itftennis.com/tennis/api/PlayerRankApi/GetPlayerRankings?circuitCode=JT&playerTypeCode=G&ageCategoryCode=&juniorRankingType=itf&take=100&skip=400&isOrderAscending=true,2026-09-07T16:21:07.586Z
2026-09-07,F,447,800624608,Dinara De Silva,SRI,Sri Lanka,2008,214,https://www.itftennis.com/tennis/api/PlayerRankApi/GetPlayerRankings?circuitCode=JT&playerTypeCode=G&ageCategoryCode=&juniorRankingType=itf&take=100&skip=400&isOrderAscending=true,2026-09-07T16:21:07.586Z
2026-09-07,F,448,800767045,Julia Seversen,USA,USA,2010,213.5,https://www.itftennis.com/tennis/api/PlayerRankApi/GetPlayerRankings?circuitCode=JT&playerTypeCode=G&ageCategoryCode=&juniorRankingType=itf&take=100&skip=400&isOrderAscending=true,2026-09-07T16:21:07.586Z
2026-09-07,F,449,800602593,Emilija Lebedevaite,GBR,Great Britain,2009,213.5,https://www.itftennis.com/tennis/api/PlayerRankApi/GetPlayerRankings?circuitCode=JT&playerTypeCode=G&ageCategoryCode=&juniorRankingType=itf&take=100&skip=400&isOrderAscending=true,2026-09-07T16:21:07.586Z
2026-09-07,F,450,800688667,Shivali Gurung,NEP,Nepal,2011,213.5,https://www.itftennis.com/tennis/api/PlayerRankApi/GetPlayerRankings?circuitCode=JT&playerTypeCode=G&ageCategoryCode=&juniorRankingType=itf&take=100&skip=400&isOrderAscending=true,2026-09-07T16:21:07.586Z
2026-09-07,F,451,800690150,Kaya Baker,USA,USA,2008,213,https://www.itftennis.com/tennis/api/PlayerRankApi/GetPlayerRankings?circuitCode=JT&playerTypeCode=G&ageCategoryCode=&juniorRankingType=itf&take=100&skip=400&isOrderAscending=true,2026-09-07T16:21:07.586Z
2026-09-07,F,452,800668635,Carlotta Seling,GER,Germany,2009,212.75,https://www.itftennis.com/tennis/api/PlayerRankApi/GetPlayerRankings?circuitCode=JT&playerTypeCode=G&ageCategoryCode=&juniorRankingType=itf&take=100&skip=400&isOrderAscending=true,2026-09-07T16:21:07.586Z
2026-09-07,F,453,800687445,Elly Meszarosova,CZE,Czechia,2009,212,https://www.itftennis.com/tennis/api/PlayerRankApi/GetPlayerRankings?circuitCode=JT&playerTypeCode=G&ageCategoryCode=&juniorRankingType=itf&take=100&skip=400&isOrderAscending=true,2026-09-07T16:21:07.586Z
2026-09-07,F,454,800758641,LARA CRISTINA HASS,BRA,Brazil,2011,211,https://www.itftennis.com/tennis/api/PlayerRankApi/GetPlayerRankings?circuitCode=JT&playerTypeCode=G&ageCategoryCode=&juniorRankingType=itf&take=100&skip=400&isOrderAscending=true,2026-09-07T16:21:07.586Z
2026-09-07,F,455,800839150,Capri Butera,USA,USA,2012,210,https://www.itftennis.com/tennis/api/PlayerRankApi/GetPlayerRankings?circuitCode=JT&playerTypeCode=G&ageCategoryCode=&juniorRankingType=itf&take=100&skip=400&isOrderAscending=true,2026-09-07T16:21:07.586Z
2026-09-07,F,456,800670459,Mischka Sinclaire Goenadi,INA,Indonesia,2008,209.75,https://www.itftennis.com/tennis/api/PlayerRankApi/GetPlayerRankings?circuitCode=JT&playerTypeCode=G&ageCategoryCode=&juniorRankingType=itf&take=100&skip=400&isOrderAscending=true,2026-09-07T16:21:07.586Z
2026-09-07,F,457,800685193,Eva Misko,RUS,Russia,2009,209,https://www.itftennis.com/tennis/api/PlayerRankApi/GetPlayerRankings?circuitCode=JT&playerTypeCode=G&ageCategoryCode=&juniorRankingType=itf&take=100&skip=400&isOrderAscending=true,2026-09-07T16:21:07.586Z
2026-09-07,F,458,800664558,Veritsa Yaneva,SLO,Slovenia,2009,208.5,https://www.itftennis.com/tennis/api/PlayerRankApi/GetPlayerRankings?circuitCode=JT&playerTypeCode=G&ageCategoryCode=&juniorRankingType=itf&take=100&skip=400&isOrderAscending=true,2026-09-07T16:21:07.586Z
2026-09-07,F,459,800788468,Shina Okuyama,JPN,Japan,2012,207.25,https://www.itftennis.com/tennis/api/PlayerRankApi/GetPlayerRankings?circuitCode=JT&playerTypeCode=G&ageCategoryCode=&juniorRankingType=itf&take=100&skip=400&isOrderAscending=true,2026-09-07T16:21:07.586Z
2026-09-07,F,460,800710984,Haritha Shree Venkatesh,IND,India,2009,207,https://www.itftennis.com/tennis/api/PlayerRankApi/GetPlayerRankings?circuitCode=JT&playerTypeCode=G&ageCategoryCode=&juniorRankingType=itf&take=100&skip=400&isOrderAscending=true,2026-09-07T16:21:07.586Z
2026-09-07,F,461,800673054,Alison Julieta Oliva Ramirez,GUA,Guatemala,2009,207,https://www.itftennis.com/tennis/api/PlayerRankApi/GetPlayerRankings?circuitCode=JT&playerTypeCode=G&ageCategoryCode=&juniorRankingType=itf&take=100&skip=400&isOrderAscending=true,2026-09-07T16:21:07.586Z
2026-09-07,F,462,800667717,Alessia Antici,ITA,Italy,2008,205.5,https://www.itftennis.com/tennis/api/PlayerRankApi/GetPlayerRankings?circuitCode=JT&playerTypeCode=G&ageCategoryCode=&juniorRankingType=itf&take=100&skip=400&isOrderAscending=true,2026-09-07T16:21:07.586Z
2026-09-07,F,463,800683666,YEBIN JEON,KOR,"Korea, Rep.",2009,203.25,https://www.itftennis.com/tennis/api/PlayerRankApi/GetPlayerRankings?circuitCode=JT&playerTypeCode=G&ageCategoryCode=&juniorRankingType=itf&take=100&skip=400&isOrderAscending=true,2026-09-07T16:21:07.586Z
2026-09-07,F,464,800687516,Grace Watson,GBR,Great Britain,2011,203.25,https://www.itftennis.com/tennis/api/PlayerRankApi/GetPlayerRankings?circuitCode=JT&playerTypeCode=G&ageCategoryCode=&juniorRankingType=itf&take=100&skip=400&isOrderAscending=true,2026-09-07T16:21:07.586Z
2026-09-07,F,465,800711127,Nina Tepic,SRB,Serbia,2011,203,https://www.itftennis.com/tennis/api/PlayerRankApi/GetPlayerRankings?circuitCode=JT&playerTypeCode=G&ageCategoryCode=&juniorRankingType=itf&take=100&skip=400&isOrderAscending=true,2026-09-07T16:21:07.586Z
2026-09-07,F,466,800732562,Meri Sandenbergh,RSA,South Africa,2008,202.75,https://www.itftennis.com/tennis/api/PlayerRankApi/GetPlayerRankings?circuitCode=JT&playerTypeCode=G&ageCategoryCode=&juniorRankingType=itf&take=100&skip=400&isOrderAscending=true,2026-09-07T16:21:07.586Z
2026-09-07,F,467,800662105,Sofia Cadar,ITA,Italy,2010,202.25,https://www.itftennis.com/tennis/api/PlayerRankApi/GetPlayerRankings?circuitCode=JT&playerTypeCode=G&ageCategoryCode=&juniorRankingType=itf&take=100&skip=400&isOrderAscending=true,2026-09-07T16:21:07.586Z
2026-09-07,F,468,800671835,Ioana Maria Sandru,ROU,Romania,2009,200.75,https://www.itftennis.com/tennis/api/PlayerRankApi/GetPlayerRankings?circuitCode=JT&playerTypeCode=G&ageCategoryCode=&juniorRankingType=itf&take=100&skip=400&isOrderAscending=true,2026-09-07T16:21:07.586Z
2026-09-07,F,469,800686720,Teaghan Jou An Keys,USA,USA,2010,200.5,https://www.itftennis.com/tennis/api/PlayerRankApi/GetPlayerRankings?circuitCode=JT&playerTypeCode=G&ageCategoryCode=&juniorRankingType=itf&take=100&skip=400&isOrderAscending=true,2026-09-07T16:21:07.586Z
2026-09-07,F,470,800728255,Laura Valentina Villamil Arias,COL,Colombia,2011,200.5,https://www.itftennis.com/tennis/api/PlayerRankApi/GetPlayerRankings?circuitCode=JT&playerTypeCode=G&ageCategoryCode=&juniorRankingType=itf&take=100&skip=400&isOrderAscending=true,2026-09-07T16:21:07.586Z
2026-09-07,F,471,800692783,Leah Puk,POL,Poland,2010,200,https://www.itftennis.com/tennis/api/PlayerRankApi/GetPlayerRankings?circuitCode=JT&playerTypeCode=G&ageCategoryCode=&juniorRankingType=itf&take=100&skip=400&isOrderAscending=true,2026-09-07T16:21:07.586Z
2026-09-07,F,472,800668844,Grace Bernstein,SWE,Sweden,2011,199.5,https://www.itftennis.com/tennis/api/PlayerRankApi/GetPlayerRankings?circuitCode=JT&playerTypeCode=G&ageCategoryCode=&juniorRankingType=itf&take=100&skip=400&isOrderAscending=true,2026-09-07T16:21:07.586Z
2026-09-07,F,473,800575095,Iana Semichina,MDA,Moldova,2008,198.25,https://www.itftennis.com/tennis/api/PlayerRankApi/GetPlayerRankings?circuitCode=JT&playerTypeCode=G&ageCategoryCode=&juniorRankingType=itf&take=100&skip=400&isOrderAscending=true,2026-09-07T16:21:07.586Z
2026-09-07,F,474,800593280,Safina Khabibrakhmanova,KGZ,Kyrgyzstan,2008,197.75,https://www.itftennis.com/tennis/api/PlayerRankApi/GetPlayerRankings?circuitCode=JT&playerTypeCode=G&ageCategoryCode=&juniorRankingType=itf&take=100&skip=400&isOrderAscending=true,2026-09-07T16:21:07.586Z
2026-09-07,F,475,800640091,Anna Azarova,LAT,Latvia,2009,197.5,https://www.itftennis.com/tennis/api/PlayerRankApi/GetPlayerRankings?circuitCode=JT&playerTypeCode=G&ageCategoryCode=&juniorRankingType=itf&take=100&skip=400&isOrderAscending=true,2026-09-07T16:21:07.586Z
2026-09-07,F,476,800809404,Tanvi Pandey,USA,USA,2011,197.25,https://www.itftennis.com/tennis/api/PlayerRankApi/GetPlayerRankings?circuitCode=JT&playerTypeCode=G&ageCategoryCode=&juniorRankingType=itf&take=100&skip=400&isOrderAscending=true,2026-09-07T16:21:07.586Z
2026-09-07,F,477,800677381,Carla Guerrero Calvo,ESP,Spain,2009,196.5,https://www.itftennis.com/tennis/api/PlayerRankApi/GetPlayerRankings?circuitCode=JT&playerTypeCode=G&ageCategoryCode=&juniorRankingType=itf&take=100&skip=400&isOrderAscending=true,2026-09-07T16:21:07.586Z
2026-09-07,F,478,800807287,Chen Yun Tsai,TPE,Chinese Taipei,2011,195.25,https://www.itftennis.com/tennis/api/PlayerRankApi/GetPlayerRankings?circuitCode=JT&playerTypeCode=G&ageCategoryCode=&juniorRankingType=itf&take=100&skip=400&isOrderAscending=true,2026-09-07T16:21:07.586Z
2026-09-07,F,479,800695483,Maria Fernanda Lopes,BRA,Brazil,2010,194.5,https://www.itftennis.com/tennis/api/PlayerRankApi/GetPlayerRankings?circuitCode=JT&playerTypeCode=G&ageCategoryCode=&juniorRankingType=itf&take=100&skip=400&isOrderAscending=true,2026-09-07T16:21:07.586Z
2026-09-07,F,480,800671362,Viktorie Havlikova,CZE,Czechia,2010,194.25,https://www.itftennis.com/tennis/api/PlayerRankApi/GetPlayerRankings?circuitCode=JT&playerTypeCode=G&ageCategoryCode=&juniorRankingType=itf&take=100&skip=400&isOrderAscending=true,2026-09-07T16:21:07.586Z
2026-09-07,F,481,800693707,Sofi Plamenova Fitcheva,BUL,Bulgaria,2009,193.75,https://www.itftennis.com/tennis/api/PlayerRankApi/GetPlayerRankings?circuitCode=JT&playerTypeCode=G&ageCategoryCode=&juniorRankingType=itf&take=100&skip=400&isOrderAscending=true,2026-09-07T16:21:07.586Z
2026-09-07,F,482,800661833,Aurelia von Brueck,GER,Germany,2010,193.5,https://www.itftennis.com/tennis/api/PlayerRankApi/GetPlayerRankings?circuitCode=JT&playerTypeCode=G&ageCategoryCode=&juniorRankingType=itf&take=100&skip=400&isOrderAscending=true,2026-09-07T16:21:07.586Z
2026-09-07,F,483,800786447,Xiaofen Liu,CHN,"China, P.R.",2009,193,https://www.itftennis.com/tennis/api/PlayerRankApi/GetPlayerRankings?circuitCode=JT&playerTypeCode=G&ageCategoryCode=&juniorRankingType=itf&take=100&skip=400&isOrderAscending=true,2026-09-07T16:21:07.586Z
2026-09-07,F,484,800718209,Daania Daniella Hazli,MAS,Malaysia,2010,192.75,https://www.itftennis.com/tennis/api/PlayerRankApi/GetPlayerRankings?circuitCode=JT&playerTypeCode=G&ageCategoryCode=&juniorRankingType=itf&take=100&skip=400&isOrderAscending=true,2026-09-07T16:21:07.586Z
2026-09-07,F,485,800779000,Success Ogunjobi,NGR,Nigeria,2008,191.5,https://www.itftennis.com/tennis/api/PlayerRankApi/GetPlayerRankings?circuitCode=JT&playerTypeCode=G&ageCategoryCode=&juniorRankingType=itf&take=100&skip=400&isOrderAscending=true,2026-09-07T16:21:07.586Z
2026-09-07,F,486,800747724,Kuzivaishe Chapepa,ZIM,Zimbabwe,2011,190.75,https://www.itftennis.com/tennis/api/PlayerRankApi/GetPlayerRankings?circuitCode=JT&playerTypeCode=G&ageCategoryCode=&juniorRankingType=itf&take=100&skip=400&isOrderAscending=true,2026-09-07T16:21:07.586Z
2026-09-07,F,487,800661913,Jiyun Oh,KOR,"Korea, Rep.",2010,190.5,https://www.itftennis.com/tennis/api/PlayerRankApi/GetPlayerRankings?circuitCode=JT&playerTypeCode=G&ageCategoryCode=&juniorRankingType=itf&take=100&skip=400&isOrderAscending=true,2026-09-07T16:21:07.586Z
2026-09-07,F,488,800829077,Rutendo Tom,ZIM,Zimbabwe,2011,190.5,https://www.itftennis.com/tennis/api/PlayerRankApi/GetPlayerRankings?circuitCode=JT&playerTypeCode=G&ageCategoryCode=&juniorRankingType=itf&take=100&skip=400&isOrderAscending=true,2026-09-07T16:21:07.586Z
2026-09-07,F,489,800640076,Kiira Pashkov,EST,Estonia,2010,190.25,https://www.itftennis.com/tennis/api/PlayerRankApi/GetPlayerRankings?circuitCode=JT&playerTypeCode=G&ageCategoryCode=&juniorRankingType=itf&take=100&skip=400&isOrderAscending=true,2026-09-07T16:21:07.586Z
2026-09-07,F,490,800660001,Andrea Georgiou Papakyriacou,CYP,Cyprus,2010,189.5,https://www.itftennis.com/tennis/api/PlayerRankApi/GetPlayerRankings?circuitCode=JT&playerTypeCode=G&ageCategoryCode=&juniorRankingType=itf&take=100&skip=400&isOrderAscending=true,2026-09-07T16:21:07.586Z
2026-09-07,F,491,800695348,Valerie Hafstrom,SWE,Sweden,2010,189,https://www.itftennis.com/tennis/api/PlayerRankApi/GetPlayerRankings?circuitCode=JT&playerTypeCode=G&ageCategoryCode=&juniorRankingType=itf&take=100&skip=400&isOrderAscending=true,2026-09-07T16:21:07.586Z
2026-09-07,F,492,800666224,Elizaveta Astafjeva,EST,Estonia,2010,188,https://www.itftennis.com/tennis/api/PlayerRankApi/GetPlayerRankings?circuitCode=JT&playerTypeCode=G&ageCategoryCode=&juniorRankingType=itf&take=100&skip=400&isOrderAscending=true,2026-09-07T16:21:07.586Z
2026-09-07,F,493,800588026,Celine Weynen,BEL,Belgium,2009,187.5,https://www.itftennis.com/tennis/api/PlayerRankApi/GetPlayerRankings?circuitCode=JT&playerTypeCode=G&ageCategoryCode=&juniorRankingType=itf&take=100&skip=400&isOrderAscending=true,2026-09-07T16:21:07.586Z
2026-09-07,F,494,800621782,Yan Rong Tzeng,TPE,Chinese Taipei,2009,187,https://www.itftennis.com/tennis/api/PlayerRankApi/GetPlayerRankings?circuitCode=JT&playerTypeCode=G&ageCategoryCode=&juniorRankingType=itf&take=100&skip=400&isOrderAscending=true,2026-09-07T16:21:07.586Z
2026-09-07,F,495,800774309,Montserrat Temprana Falco,MEX,Mexico,2010,187,https://www.itftennis.com/tennis/api/PlayerRankApi/GetPlayerRankings?circuitCode=JT&playerTypeCode=G&ageCategoryCode=&juniorRankingType=itf&take=100&skip=400&isOrderAscending=true,2026-09-07T16:21:07.586Z
2026-09-07,F,496,800656713,Prisha Nikhil Shinde,IND,India,2009,186,https://www.itftennis.com/tennis/api/PlayerRankApi/GetPlayerRankings?circuitCode=JT&playerTypeCode=G&ageCategoryCode=&juniorRankingType=itf&take=100&skip=400&isOrderAscending=true,2026-09-07T16:21:07.586Z
2026-09-07,F,497,800694779,Angelina Cerdic,GER,Germany,2011,185.75,https://www.itftennis.com/tennis/api/PlayerRankApi/GetPlayerRankings?circuitCode=JT&playerTypeCode=G&ageCategoryCode=&juniorRankingType=itf&take=100&skip=400&isOrderAscending=true,2026-09-07T16:21:07.586Z
2026-09-07,F,498,800643051,Martina Salaberry,BOL,Bolivia,2008,185.25,https://www.itftennis.com/tennis/api/PlayerRankApi/GetPlayerRankings?circuitCode=JT&playerTypeCode=G&ageCategoryCode=&juniorRankingType=itf&take=100&skip=400&isOrderAscending=true,2026-09-07T16:21:07.586Z
2026-09-07,F,499,800675203,Aliaksandra Tryhubkina,BLR,Belarus,2010,184.5,https://www.itftennis.com/tennis/api/PlayerRankApi/GetPlayerRankings?circuitCode=JT&playerTypeCode=G&ageCategoryCode=&juniorRankingType=itf&take=100&skip=400&isOrderAscending=true,2026-09-07T16:21:07.586Z
2026-09-07,F,500,800665681,Veronica Cervac,ROU,Romania,2010,184.5,https://www.itftennis.com/tennis/api/PlayerRankApi/GetPlayerRankings?circuitCode=JT&playerTypeCode=G&ageCategoryCode=&juniorRankingType=itf&take=100&skip=400&isOrderAscending=true,2026-09-07T16:21:07.586Z
2026-09-07,F,501,800740007,Sukriye Ezgi Akyol,TUR,Turkiye,2009,184.5,https://www.itftennis.com/tennis/api/PlayerRankApi/GetPlayerRankings?circuitCode=JT&playerTypeCode=G&ageCategoryCode=&juniorRankingType=itf&take=100&skip=500&isOrderAscending=true,2026-09-07T16:21:08.360Z
2026-09-07,F,502,800632483,Antonia Stoyanov,NED,Netherlands,2009,183.75,https://www.itftennis.com/tennis/api/PlayerRankApi/GetPlayerRankings?circuitCode=JT&playerTypeCode=G&ageCategoryCode=&juniorRankingType=itf&take=100&skip=500&isOrderAscending=true,2026-09-07T16:21:08.360Z
2026-09-07,F,503,800644177,nour sahnoun,TUN,Tunisia,2009,183.5,https://www.itftennis.com/tennis/api/PlayerRankApi/GetPlayerRankings?circuitCode=JT&playerTypeCode=G&ageCategoryCode=&juniorRankingType=itf&take=100&skip=500&isOrderAscending=true,2026-09-07T16:21:08.360Z
2026-09-07,F,504,800670972,Lucia Gale,NZL,New Zealand,2008,183.5,https://www.itftennis.com/tennis/api/PlayerRankApi/GetPlayerRankings?circuitCode=JT&playerTypeCode=G&ageCategoryCode=&juniorRankingType=itf&take=100&skip=500&isOrderAscending=true,2026-09-07T16:21:08.360Z
2026-09-07,F,505,800830781,Seungyeon Seo,AUS,Australia,2013,182.5,https://www.itftennis.com/tennis/api/PlayerRankApi/GetPlayerRankings?circuitCode=JT&playerTypeCode=G&ageCategoryCode=&juniorRankingType=itf&take=100&skip=500&isOrderAscending=true,2026-09-07T16:21:08.360Z
2026-09-07,F,506,800775653,Audrey Dussault,USA,USA,2011,182.25,https://www.itftennis.com/tennis/api/PlayerRankApi/GetPlayerRankings?circuitCode=JT&playerTypeCode=G&ageCategoryCode=&juniorRankingType=itf&take=100&skip=500&isOrderAscending=true,2026-09-07T16:21:08.361Z
2026-09-07,F,507,800715587,Maria Laura Sejas,BOL,Bolivia,2011,182,https://www.itftennis.com/tennis/api/PlayerRankApi/GetPlayerRankings?circuitCode=JT&playerTypeCode=G&ageCategoryCode=&juniorRankingType=itf&take=100&skip=500&isOrderAscending=true,2026-09-07T16:21:08.361Z
2026-09-07,F,508,800786222,Nagisa Shiomi,JPN,Japan,2010,181.75,https://www.itftennis.com/tennis/api/PlayerRankApi/GetPlayerRankings?circuitCode=JT&playerTypeCode=G&ageCategoryCode=&juniorRankingType=itf&take=100&skip=500&isOrderAscending=true,2026-09-07T16:21:08.361Z
2026-09-07,F,509,800593288,Milla Kotamaki,FIN,Finland,2009,181.5,https://www.itftennis.com/tennis/api/PlayerRankApi/GetPlayerRankings?circuitCode=JT&playerTypeCode=G&ageCategoryCode=&juniorRankingType=itf&take=100&skip=500&isOrderAscending=true,2026-09-07T16:21:08.361Z
2026-09-07,F,510,800675493,Giulia Bajsic Leo,BRA,Brazil,2009,181.25,https://www.itftennis.com/tennis/api/PlayerRankApi/GetPlayerRankings?circuitCode=JT&playerTypeCode=G&ageCategoryCode=&juniorRankingType=itf&take=100&skip=500&isOrderAscending=true,2026-09-07T16:21:08.361Z
2026-09-07,F,511,800672048,Gwen Emily Kurniawan,INA,Indonesia,2010,181.25,https://www.itftennis.com/tennis/api/PlayerRankApi/GetPlayerRankings?circuitCode=JT&playerTypeCode=G&ageCategoryCode=&juniorRankingType=itf&take=100&skip=500&isOrderAscending=true,2026-09-07T16:21:08.361Z
2026-09-07,F,512,800804593,Ava Sanicharan,CAN,Canada,2011,181.25,https://www.itftennis.com/tennis/api/PlayerRankApi/GetPlayerRankings?circuitCode=JT&playerTypeCode=G&ageCategoryCode=&juniorRankingType=itf&take=100&skip=500&isOrderAscending=true,2026-09-07T16:21:08.361Z
2026-09-07,F,513,800648775,Gabriella Eie,NOR,Norway,2009,181,https://www.itftennis.com/tennis/api/PlayerRankApi/GetPlayerRankings?circuitCode=JT&playerTypeCode=G&ageCategoryCode=&juniorRankingType=itf&take=100&skip=500&isOrderAscending=true,2026-09-07T16:21:08.361Z
2026-09-07,F,514,800755513,Shaya Jovanovic,USA,USA,2009,180.5,https://www.itftennis.com/tennis/api/PlayerRankApi/GetPlayerRankings?circuitCode=JT&playerTypeCode=G&ageCategoryCode=&juniorRankingType=itf&take=100&skip=500&isOrderAscending=true,2026-09-07T16:21:08.361Z
2026-09-07,F,515,800672773,Lilien Kubalova,SVK,Slovakia,2011,179.25,https://www.itftennis.com/tennis/api/PlayerRankApi/GetPlayerRankings?circuitCode=JT&playerTypeCode=G&ageCategoryCode=&juniorRankingType=itf&take=100&skip=500&isOrderAscending=true,2026-09-07T16:21:08.361Z
2026-09-07,F,516,800599619,Snigdha Kanta,IND,India,2009,179,https://www.itftennis.com/tennis/api/PlayerRankApi/GetPlayerRankings?circuitCode=JT&playerTypeCode=G&ageCategoryCode=&juniorRankingType=itf&take=100&skip=500&isOrderAscending=true,2026-09-07T16:21:08.361Z
2026-09-07,F,517,800748021,Elisabeth Djabourian,CAN,Canada,2011,179,https://www.itftennis.com/tennis/api/PlayerRankApi/GetPlayerRankings?circuitCode=JT&playerTypeCode=G&ageCategoryCode=&juniorRankingType=itf&take=100&skip=500&isOrderAscending=true,2026-09-07T16:21:08.361Z
2026-09-07,F,518,800736997,Pavitar Kaur Felicity Pansi,AUS,Australia,2010,179,https://www.itftennis.com/tennis/api/PlayerRankApi/GetPlayerRankings?circuitCode=JT&playerTypeCode=G&ageCategoryCode=&juniorRankingType=itf&take=100&skip=500&isOrderAscending=true,2026-09-07T16:21:08.361Z
2026-09-07,F,519,800638368,Gloria Pop,ROU,Romania,2009,178.75,https://www.itftennis.com/tennis/api/PlayerRankApi/GetPlayerRankings?circuitCode=JT&playerTypeCode=G&ageCategoryCode=&juniorRankingType=itf&take=100&skip=500&isOrderAscending=true,2026-09-07T16:21:08.361Z
2026-09-07,F,520,800672478,Sophie Dement,CAN,Canada,2009,178.25,https://www.itftennis.com/tennis/api/PlayerRankApi/GetPlayerRankings?circuitCode=JT&playerTypeCode=G&ageCategoryCode=&juniorRankingType=itf&take=100&skip=500&isOrderAscending=true,2026-09-07T16:21:08.361Z
2026-09-07,F,521,800652273,Nicole Jimenez,BOL,Bolivia,2009,178,https://www.itftennis.com/tennis/api/PlayerRankApi/GetPlayerRankings?circuitCode=JT&playerTypeCode=G&ageCategoryCode=&juniorRankingType=itf&take=100&skip=500&isOrderAscending=true,2026-09-07T16:21:08.361Z
2026-09-07,F,522,800636229,Mariia Lazarenko,UKR,Ukraine,2008,176,https://www.itftennis.com/tennis/api/PlayerRankApi/GetPlayerRankings?circuitCode=JT&playerTypeCode=G&ageCategoryCode=&juniorRankingType=itf&take=100&skip=500&isOrderAscending=true,2026-09-07T16:21:08.361Z
2026-09-07,F,523,800654892,Liza Richterman,ISR,Israel,2010,176,https://www.itftennis.com/tennis/api/PlayerRankApi/GetPlayerRankings?circuitCode=JT&playerTypeCode=G&ageCategoryCode=&juniorRankingType=itf&take=100&skip=500&isOrderAscending=true,2026-09-07T16:21:08.361Z
2026-09-07,F,524,800596523,Maja Wrobel,POL,Poland,2008,176,https://www.itftennis.com/tennis/api/PlayerRankApi/GetPlayerRankings?circuitCode=JT&playerTypeCode=G&ageCategoryCode=&juniorRankingType=itf&take=100&skip=500&isOrderAscending=true,2026-09-07T16:21:08.361Z
2026-09-07,F,525,800673016,AYANNA MARIA MITU,ROU,Romania,2010,176,https://www.itftennis.com/tennis/api/PlayerRankApi/GetPlayerRankings?circuitCode=JT&playerTypeCode=G&ageCategoryCode=&juniorRankingType=itf&take=100&skip=500&isOrderAscending=true,2026-09-07T16:21:08.361Z
2026-09-07,F,526,800720466,Aurora Lugo Torres,PUR,Puerto Rico,2009,175.5,https://www.itftennis.com/tennis/api/PlayerRankApi/GetPlayerRankings?circuitCode=JT&playerTypeCode=G&ageCategoryCode=&juniorRankingType=itf&take=100&skip=500&isOrderAscending=true,2026-09-07T16:21:08.361Z
2026-09-07,F,527,800774896,Lea Dube,RSA,South Africa,2011,175,https://www.itftennis.com/tennis/api/PlayerRankApi/GetPlayerRankings?circuitCode=JT&playerTypeCode=G&ageCategoryCode=&juniorRankingType=itf&take=100&skip=500&isOrderAscending=true,2026-09-07T16:21:08.361Z
2026-09-07,F,528,800692247,Maria Vidutova,RUS,Russia,2011,175,https://www.itftennis.com/tennis/api/PlayerRankApi/GetPlayerRankings?circuitCode=JT&playerTypeCode=G&ageCategoryCode=&juniorRankingType=itf&take=100&skip=500&isOrderAscending=true,2026-09-07T16:21:08.361Z
2026-09-07,F,529,800640535,Alexandra Bayuschenko,BLR,Belarus,2009,174.5,https://www.itftennis.com/tennis/api/PlayerRankApi/GetPlayerRankings?circuitCode=JT&playerTypeCode=G&ageCategoryCode=&juniorRankingType=itf&take=100&skip=500&isOrderAscending=true,2026-09-07T16:21:08.361Z
2026-09-07,F,530,800603748,Martina Cerbo,ITA,Italy,2009,173.75,https://www.itftennis.com/tennis/api/PlayerRankApi/GetPlayerRankings?circuitCode=JT&playerTypeCode=G&ageCategoryCode=&juniorRankingType=itf&take=100&skip=500&isOrderAscending=true,2026-09-07T16:21:08.361Z
2026-09-07,F,531,800718706,LEANA NANNAPANENI,AUS,Australia,2009,173,https://www.itftennis.com/tennis/api/PlayerRankApi/GetPlayerRankings?circuitCode=JT&playerTypeCode=G&ageCategoryCode=&juniorRankingType=itf&take=100&skip=500&isOrderAscending=true,2026-09-07T16:21:08.361Z
2026-09-07,F,532,800637044,Katerina Filipova,CZE,Czechia,2010,173,https://www.itftennis.com/tennis/api/PlayerRankApi/GetPlayerRankings?circuitCode=JT&playerTypeCode=G&ageCategoryCode=&juniorRankingType=itf&take=100&skip=500&isOrderAscending=true,2026-09-07T16:21:08.361Z
2026-09-07,F,533,800672279,Riana Rusnackova,SVK,Slovakia,2011,172.5,https://www.itftennis.com/tennis/api/PlayerRankApi/GetPlayerRankings?circuitCode=JT&playerTypeCode=G&ageCategoryCode=&juniorRankingType=itf&take=100&skip=500&isOrderAscending=true,2026-09-07T16:21:08.361Z
2026-09-07,F,534,800651945,Maria Isabel Suarez,COL,Colombia,2008,171.75,https://www.itftennis.com/tennis/api/PlayerRankApi/GetPlayerRankings?circuitCode=JT&playerTypeCode=G&ageCategoryCode=&juniorRankingType=itf&take=100&skip=500&isOrderAscending=true,2026-09-07T16:21:08.361Z
2026-09-07,F,535,800622254,Kuai Jiananxi,CHN,"China, P.R.",2009,171,https://www.itftennis.com/tennis/api/PlayerRankApi/GetPlayerRankings?circuitCode=JT&playerTypeCode=G&ageCategoryCode=&juniorRankingType=itf&take=100&skip=500&isOrderAscending=true,2026-09-07T16:21:08.361Z
2026-09-07,F,536,800675179,Mariana Andrea Pinzon Sampedro,COL,Colombia,2009,170.75,https://www.itftennis.com/tennis/api/PlayerRankApi/GetPlayerRankings?circuitCode=JT&playerTypeCode=G&ageCategoryCode=&juniorRankingType=itf&take=100&skip=500&isOrderAscending=true,2026-09-07T16:21:08.361Z
2026-09-07,F,537,800743146,Natalie Irahola,CZE,Czechia,2009,170.5,https://www.itftennis.com/tennis/api/PlayerRankApi/GetPlayerRankings?circuitCode=JT&playerTypeCode=G&ageCategoryCode=&juniorRankingType=itf&take=100&skip=500&isOrderAscending=true,2026-09-07T16:21:08.361Z
2026-09-07,F,538,800677663,Valeria Santander,PAR,Paraguay,2010,169.75,https://www.itftennis.com/tennis/api/PlayerRankApi/GetPlayerRankings?circuitCode=JT&playerTypeCode=G&ageCategoryCode=&juniorRankingType=itf&take=100&skip=500&isOrderAscending=true,2026-09-07T16:21:08.361Z
2026-09-07,F,539,800838210,Tianyi Gong,CHN,"China, P.R.",2012,169.75,https://www.itftennis.com/tennis/api/PlayerRankApi/GetPlayerRankings?circuitCode=JT&playerTypeCode=G&ageCategoryCode=&juniorRankingType=itf&take=100&skip=500&isOrderAscending=true,2026-09-07T16:21:08.361Z
2026-09-07,F,540,800755329,Kauany Rodrigues,BRA,Brazil,2011,169.5,https://www.itftennis.com/tennis/api/PlayerRankApi/GetPlayerRankings?circuitCode=JT&playerTypeCode=G&ageCategoryCode=&juniorRankingType=itf&take=100&skip=500&isOrderAscending=true,2026-09-07T16:21:08.361Z
2026-09-07,F,541,800694576,Jasmine Li,CAN,Canada,2010,169.5,https://www.itftennis.com/tennis/api/PlayerRankApi/GetPlayerRankings?circuitCode=JT&playerTypeCode=G&ageCategoryCode=&juniorRankingType=itf&take=100&skip=500&isOrderAscending=true,2026-09-07T16:21:08.361Z
2026-09-07,F,542,800809602,Swanika Roy,USA,USA,2010,168.75,https://www.itftennis.com/tennis/api/PlayerRankApi/GetPlayerRankings?circuitCode=JT&playerTypeCode=G&ageCategoryCode=&juniorRankingType=itf&take=100&skip=500&isOrderAscending=true,2026-09-07T16:21:08.361Z
2026-09-07,F,543,800660429,Maria Alexandra Mateas,ROU,Romania,2009,168.5,https://www.itftennis.com/tennis/api/PlayerRankApi/GetPlayerRankings?circuitCode=JT&playerTypeCode=G&ageCategoryCode=&juniorRankingType=itf&take=100&skip=500&isOrderAscending=true,2026-09-07T16:21:08.361Z
2026-09-07,F,544,800710292,Una Misic,NZL,New Zealand,2010,168,https://www.itftennis.com/tennis/api/PlayerRankApi/GetPlayerRankings?circuitCode=JT&playerTypeCode=G&ageCategoryCode=&juniorRankingType=itf&take=100&skip=500&isOrderAscending=true,2026-09-07T16:21:08.361Z
2026-09-07,F,545,800754679,YU TSEN KO,TPE,Chinese Taipei,2010,167.5,https://www.itftennis.com/tennis/api/PlayerRankApi/GetPlayerRankings?circuitCode=JT&playerTypeCode=G&ageCategoryCode=&juniorRankingType=itf&take=100&skip=500&isOrderAscending=true,2026-09-07T16:21:08.361Z
2026-09-07,F,546,800736699,Ziyan Zhang,CHN,"China, P.R.",2008,167,https://www.itftennis.com/tennis/api/PlayerRankApi/GetPlayerRankings?circuitCode=JT&playerTypeCode=G&ageCategoryCode=&juniorRankingType=itf&take=100&skip=500&isOrderAscending=true,2026-09-07T16:21:08.361Z
2026-09-07,F,547,800677249,Carlota Lujan,ESP,Spain,2009,167,https://www.itftennis.com/tennis/api/PlayerRankApi/GetPlayerRankings?circuitCode=JT&playerTypeCode=G&ageCategoryCode=&juniorRankingType=itf&take=100&skip=500&isOrderAscending=true,2026-09-07T16:21:08.361Z
2026-09-07,F,548,800690847,Sofia Lomakina,RUS,Russia,2011,166.5,https://www.itftennis.com/tennis/api/PlayerRankApi/GetPlayerRankings?circuitCode=JT&playerTypeCode=G&ageCategoryCode=&juniorRankingType=itf&take=100&skip=500&isOrderAscending=true,2026-09-07T16:21:08.361Z
2026-09-07,F,549,800736977,Aleksandra Karabanova,RUS,Russia,2012,165.25,https://www.itftennis.com/tennis/api/PlayerRankApi/GetPlayerRankings?circuitCode=JT&playerTypeCode=G&ageCategoryCode=&juniorRankingType=itf&take=100&skip=500&isOrderAscending=true,2026-09-07T16:21:08.361Z
2026-09-07,F,550,800726992,Ma RuoXi,CHN,"China, P.R.",2008,165,https://www.itftennis.com/tennis/api/PlayerRankApi/GetPlayerRankings?circuitCode=JT&playerTypeCode=G&ageCategoryCode=&juniorRankingType=itf&take=100&skip=500&isOrderAscending=true,2026-09-07T16:21:08.361Z
2026-09-07,F,551,800592500,Beti Butina Jazbec,SLO,Slovenia,2008,165,https://www.itftennis.com/tennis/api/PlayerRankApi/GetPlayerRankings?circuitCode=JT&playerTypeCode=G&ageCategoryCode=&juniorRankingType=itf&take=100&skip=500&isOrderAscending=true,2026-09-07T16:21:08.361Z
2026-09-07,F,552,800672257,Diana Petrasova,SVK,Slovakia,2009,165,https://www.itftennis.com/tennis/api/PlayerRankApi/GetPlayerRankings?circuitCode=JT&playerTypeCode=G&ageCategoryCode=&juniorRankingType=itf&take=100&skip=500&isOrderAscending=true,2026-09-07T16:21:08.361Z
2026-09-07,F,553,800647037,Nora Olivia Adamson,EST,Estonia,2010,165,https://www.itftennis.com/tennis/api/PlayerRankApi/GetPlayerRankings?circuitCode=JT&playerTypeCode=G&ageCategoryCode=&juniorRankingType=itf&take=100&skip=500&isOrderAscending=true,2026-09-07T16:21:08.361Z
2026-09-07,F,554,800648176,Michelle Amy Geznenge,GER,Germany,2009,164.5,https://www.itftennis.com/tennis/api/PlayerRankApi/GetPlayerRankings?circuitCode=JT&playerTypeCode=G&ageCategoryCode=&juniorRankingType=itf&take=100&skip=500&isOrderAscending=true,2026-09-07T16:21:08.361Z
2026-09-07,F,555,800640501,Eleonora Toneva,BUL,Bulgaria,2009,163.75,https://www.itftennis.com/tennis/api/PlayerRankApi/GetPlayerRankings?circuitCode=JT&playerTypeCode=G&ageCategoryCode=&juniorRankingType=itf&take=100&skip=500&isOrderAscending=true,2026-09-07T16:21:08.361Z
2026-09-07,F,556,800631882,Kira Pleshivtseva,RUS,Russia,2009,163.25,https://www.itftennis.com/tennis/api/PlayerRankApi/GetPlayerRankings?circuitCode=JT&playerTypeCode=G&ageCategoryCode=&juniorRankingType=itf&take=100&skip=500&isOrderAscending=true,2026-09-07T16:21:08.361Z
2026-09-07,F,557,800601992,Hyejeong Ahn,KOR,"Korea, Rep.",2008,163,https://www.itftennis.com/tennis/api/PlayerRankApi/GetPlayerRankings?circuitCode=JT&playerTypeCode=G&ageCategoryCode=&juniorRankingType=itf&take=100&skip=500&isOrderAscending=true,2026-09-07T16:21:08.361Z
2026-09-07,F,558,800778303,Aleksandra Jerkunica,USA,USA,2010,163,https://www.itftennis.com/tennis/api/PlayerRankApi/GetPlayerRankings?circuitCode=JT&playerTypeCode=G&ageCategoryCode=&juniorRankingType=itf&take=100&skip=500&isOrderAscending=true,2026-09-07T16:21:08.361Z
2026-09-07,F,559,800709284,Chanelle Tariro Zhuwakini,ZIM,Zimbabwe,2009,162.5,https://www.itftennis.com/tennis/api/PlayerRankApi/GetPlayerRankings?circuitCode=JT&playerTypeCode=G&ageCategoryCode=&juniorRankingType=itf&take=100&skip=500&isOrderAscending=true,2026-09-07T16:21:08.361Z
2026-09-07,F,560,800653457,Ekaterina Matsko,RUS,Russia,2009,162.5,https://www.itftennis.com/tennis/api/PlayerRankApi/GetPlayerRankings?circuitCode=JT&playerTypeCode=G&ageCategoryCode=&juniorRankingType=itf&take=100&skip=500&isOrderAscending=true,2026-09-07T16:21:08.361Z
2026-09-07,F,561,800665674,Nina Kosicka,SVK,Slovakia,2010,162.5,https://www.itftennis.com/tennis/api/PlayerRankApi/GetPlayerRankings?circuitCode=JT&playerTypeCode=G&ageCategoryCode=&juniorRankingType=itf&take=100&skip=500&isOrderAscending=true,2026-09-07T16:21:08.361Z
2026-09-07,F,562,800660961,zoe levresse zavala,MEX,Mexico,2008,162.25,https://www.itftennis.com/tennis/api/PlayerRankApi/GetPlayerRankings?circuitCode=JT&playerTypeCode=G&ageCategoryCode=&juniorRankingType=itf&take=100&skip=500&isOrderAscending=true,2026-09-07T16:21:08.361Z
2026-09-07,F,563,800670901,Matilda Cabrera Burns,GBR,Great Britain,2009,162.25,https://www.itftennis.com/tennis/api/PlayerRankApi/GetPlayerRankings?circuitCode=JT&playerTypeCode=G&ageCategoryCode=&juniorRankingType=itf&take=100&skip=500&isOrderAscending=true,2026-09-07T16:21:08.361Z
2026-09-07,F,564,800652574,Celeste Orozco Salazar,COL,Colombia,2009,162,https://www.itftennis.com/tennis/api/PlayerRankApi/GetPlayerRankings?circuitCode=JT&playerTypeCode=G&ageCategoryCode=&juniorRankingType=itf&take=100&skip=500&isOrderAscending=true,2026-09-07T16:21:08.361Z
2026-09-07,F,565,800693680,Pui Yin Lung,GBR,Great Britain,2010,161.75,https://www.itftennis.com/tennis/api/PlayerRankApi/GetPlayerRankings?circuitCode=JT&playerTypeCode=G&ageCategoryCode=&juniorRankingType=itf&take=100&skip=500&isOrderAscending=true,2026-09-07T16:21:08.361Z
2026-09-07,F,566,800662745,Karina Elena Gabriela Dumitru,ROU,Romania,2010,161.75,https://www.itftennis.com/tennis/api/PlayerRankApi/GetPlayerRankings?circuitCode=JT&playerTypeCode=G&ageCategoryCode=&juniorRankingType=itf&take=100&skip=500&isOrderAscending=true,2026-09-07T16:21:08.361Z
2026-09-07,F,567,800626493,Clemence Lesdos,FRA,France,2009,161.5,https://www.itftennis.com/tennis/api/PlayerRankApi/GetPlayerRankings?circuitCode=JT&playerTypeCode=G&ageCategoryCode=&juniorRankingType=itf&take=100&skip=500&isOrderAscending=true,2026-09-07T16:21:08.361Z
2026-09-07,F,568,800668548,Nela Padrnosova,CZE,Czechia,2010,161.5,https://www.itftennis.com/tennis/api/PlayerRankApi/GetPlayerRankings?circuitCode=JT&playerTypeCode=G&ageCategoryCode=&juniorRankingType=itf&take=100&skip=500&isOrderAscending=true,2026-09-07T16:21:08.361Z
2026-09-07,F,569,800665091,Nadia Affelt,POL,Poland,2008,161.25,https://www.itftennis.com/tennis/api/PlayerRankApi/GetPlayerRankings?circuitCode=JT&playerTypeCode=G&ageCategoryCode=&juniorRankingType=itf&take=100&skip=500&isOrderAscending=true,2026-09-07T16:21:08.361Z
2026-09-07,F,569,800764887,Yilin Chen,USA,USA,2009,161.25,https://www.itftennis.com/tennis/api/PlayerRankApi/GetPlayerRankings?circuitCode=JT&playerTypeCode=G&ageCategoryCode=&juniorRankingType=itf&take=100&skip=500&isOrderAscending=true,2026-09-07T16:21:08.361Z
2026-09-07,F,571,800795506,Maryna Levadna,UKR,Ukraine,2011,161,https://www.itftennis.com/tennis/api/PlayerRankApi/GetPlayerRankings?circuitCode=JT&playerTypeCode=G&ageCategoryCode=&juniorRankingType=itf&take=100&skip=500&isOrderAscending=true,2026-09-07T16:21:08.361Z
2026-09-07,F,572,800663696,Nigina Alimova,UZB,Uzbekistan,2008,160.75,https://www.itftennis.com/tennis/api/PlayerRankApi/GetPlayerRankings?circuitCode=JT&playerTypeCode=G&ageCategoryCode=&juniorRankingType=itf&take=100&skip=500&isOrderAscending=true,2026-09-07T16:21:08.361Z
2026-09-07,F,573,800756011,YU-WEI CHEN,TPE,Chinese Taipei,2008,160.5,https://www.itftennis.com/tennis/api/PlayerRankApi/GetPlayerRankings?circuitCode=JT&playerTypeCode=G&ageCategoryCode=&juniorRankingType=itf&take=100&skip=500&isOrderAscending=true,2026-09-07T16:21:08.361Z
2026-09-07,F,574,800661952,ludovica casalino,ITA,Italy,2010,160.25,https://www.itftennis.com/tennis/api/PlayerRankApi/GetPlayerRankings?circuitCode=JT&playerTypeCode=G&ageCategoryCode=&juniorRankingType=itf&take=100&skip=500&isOrderAscending=true,2026-09-07T16:21:08.361Z
2026-09-07,F,575,800728775,Tala Ahmed Noureldine,EGY,Egypt,2009,160,https://www.itftennis.com/tennis/api/PlayerRankApi/GetPlayerRankings?circuitCode=JT&playerTypeCode=G&ageCategoryCode=&juniorRankingType=itf&take=100&skip=500&isOrderAscending=true,2026-09-07T16:21:08.361Z
2026-09-07,F,576,800732660,Sophie Suh,USA,USA,2009,160,https://www.itftennis.com/tennis/api/PlayerRankApi/GetPlayerRankings?circuitCode=JT&playerTypeCode=G&ageCategoryCode=&juniorRankingType=itf&take=100&skip=500&isOrderAscending=true,2026-09-07T16:21:08.361Z
2026-09-07,F,577,800727920,Olivia Poinsot Avila,ESP,Spain,2009,160,https://www.itftennis.com/tennis/api/PlayerRankApi/GetPlayerRankings?circuitCode=JT&playerTypeCode=G&ageCategoryCode=&juniorRankingType=itf&take=100&skip=500&isOrderAscending=true,2026-09-07T16:21:08.361Z
2026-09-07,F,578,800682737,ESTEFANIA SUSANA NOVOA VIZCAINO,ECU,Ecuador,2010,160,https://www.itftennis.com/tennis/api/PlayerRankApi/GetPlayerRankings?circuitCode=JT&playerTypeCode=G&ageCategoryCode=&juniorRankingType=itf&take=100&skip=500&isOrderAscending=true,2026-09-07T16:21:08.361Z
2026-09-07,F,579,800741282,Vera Levin,SWE,Sweden,2010,159.5,https://www.itftennis.com/tennis/api/PlayerRankApi/GetPlayerRankings?circuitCode=JT&playerTypeCode=G&ageCategoryCode=&juniorRankingType=itf&take=100&skip=500&isOrderAscending=true,2026-09-07T16:21:08.361Z
2026-09-07,F,580,800672382,Laura Chlumska,CZE,Czechia,2010,159.25,https://www.itftennis.com/tennis/api/PlayerRankApi/GetPlayerRankings?circuitCode=JT&playerTypeCode=G&ageCategoryCode=&juniorRankingType=itf&take=100&skip=500&isOrderAscending=true,2026-09-07T16:21:08.361Z
2026-09-07,F,581,800682346,Flavia Cherobim Souza,BRA,Brazil,2011,159.25,https://www.itftennis.com/tennis/api/PlayerRankApi/GetPlayerRankings?circuitCode=JT&playerTypeCode=G&ageCategoryCode=&juniorRankingType=itf&take=100&skip=500&isOrderAscending=true,2026-09-07T16:21:08.361Z
2026-09-07,F,582,800644318,Vasilisa Dorina,RUS,Russia,2010,159,https://www.itftennis.com/tennis/api/PlayerRankApi/GetPlayerRankings?circuitCode=JT&playerTypeCode=G&ageCategoryCode=&juniorRankingType=itf&take=100&skip=500&isOrderAscending=true,2026-09-07T16:21:08.361Z
2026-09-07,F,583,800711385,Mimmie Buchler,SWE,Sweden,2011,159,https://www.itftennis.com/tennis/api/PlayerRankApi/GetPlayerRankings?circuitCode=JT&playerTypeCode=G&ageCategoryCode=&juniorRankingType=itf&take=100&skip=500&isOrderAscending=true,2026-09-07T16:21:08.361Z
2026-09-07,F,584,800811815,London Evans,USA,USA,2011,158.5,https://www.itftennis.com/tennis/api/PlayerRankApi/GetPlayerRankings?circuitCode=JT&playerTypeCode=G&ageCategoryCode=&juniorRankingType=itf&take=100&skip=500&isOrderAscending=true,2026-09-07T16:21:08.361Z
2026-09-07,F,585,800726875,Payton Dith,CAN,Canada,2010,158.5,https://www.itftennis.com/tennis/api/PlayerRankApi/GetPlayerRankings?circuitCode=JT&playerTypeCode=G&ageCategoryCode=&juniorRankingType=itf&take=100&skip=500&isOrderAscending=true,2026-09-07T16:21:08.361Z
2026-09-07,F,586,800644151,Zeinab Ayadi,TUN,Tunisia,2009,158.5,https://www.itftennis.com/tennis/api/PlayerRankApi/GetPlayerRankings?circuitCode=JT&playerTypeCode=G&ageCategoryCode=&juniorRankingType=itf&take=100&skip=500&isOrderAscending=true,2026-09-07T16:21:08.361Z
2026-09-07,F,587,800657191,Andreea Olariu,ROU,Romania,2010,158,https://www.itftennis.com/tennis/api/PlayerRankApi/GetPlayerRankings?circuitCode=JT&playerTypeCode=G&ageCategoryCode=&juniorRankingType=itf&take=100&skip=500&isOrderAscending=true,2026-09-07T16:21:08.361Z
2026-09-07,F,588,800655784,Daniela Zegarra,PER,Peru,2009,158,https://www.itftennis.com/tennis/api/PlayerRankApi/GetPlayerRankings?circuitCode=JT&playerTypeCode=G&ageCategoryCode=&juniorRankingType=itf&take=100&skip=500&isOrderAscending=true,2026-09-07T16:21:08.361Z
2026-09-07,F,589,800679181,Allegra van der Walt,RSA,South Africa,2008,157.5,https://www.itftennis.com/tennis/api/PlayerRankApi/GetPlayerRankings?circuitCode=JT&playerTypeCode=G&ageCategoryCode=&juniorRankingType=itf&take=100&skip=500&isOrderAscending=true,2026-09-07T16:21:08.361Z
2026-09-07,F,590,800682976,Milla Kotze,RSA,South Africa,2008,157.5,https://www.itftennis.com/tennis/api/PlayerRankApi/GetPlayerRankings?circuitCode=JT&playerTypeCode=G&ageCategoryCode=&juniorRankingType=itf&take=100&skip=500&isOrderAscending=true,2026-09-07T16:21:08.361Z
2026-09-07,F,591,800675005,Sofie Mottlova,CZE,Czechia,2011,157,https://www.itftennis.com/tennis/api/PlayerRankApi/GetPlayerRankings?circuitCode=JT&playerTypeCode=G&ageCategoryCode=&juniorRankingType=itf&take=100&skip=500&isOrderAscending=true,2026-09-07T16:21:08.361Z
2026-09-07,F,592,800699869,Dasha Jones,GBR,Great Britain,2012,156.5,https://www.itftennis.com/tennis/api/PlayerRankApi/GetPlayerRankings?circuitCode=JT&playerTypeCode=G&ageCategoryCode=&juniorRankingType=itf&take=100&skip=500&isOrderAscending=true,2026-09-07T16:21:08.361Z
2026-09-07,F,593,800656341,Tarita Hongsyok,THA,Thailand,2009,155.5,https://www.itftennis.com/tennis/api/PlayerRankApi/GetPlayerRankings?circuitCode=JT&playerTypeCode=G&ageCategoryCode=&juniorRankingType=itf&take=100&skip=500&isOrderAscending=true,2026-09-07T16:21:08.361Z
2026-09-07,F,594,800683649,YASMINE DOUYEB,MAR,Morocco,2010,155.5,https://www.itftennis.com/tennis/api/PlayerRankApi/GetPlayerRankings?circuitCode=JT&playerTypeCode=G&ageCategoryCode=&juniorRankingType=itf&take=100&skip=500&isOrderAscending=true,2026-09-07T16:21:08.361Z
2026-09-07,F,595,800674141,Nicole Lederman,COL,Colombia,2009,154.75,https://www.itftennis.com/tennis/api/PlayerRankApi/GetPlayerRankings?circuitCode=JT&playerTypeCode=G&ageCategoryCode=&juniorRankingType=itf&take=100&skip=500&isOrderAscending=true,2026-09-07T16:21:08.361Z
2026-09-07,F,596,800651948,Sandra Ciobica,ROU,Romania,2010,154.75,https://www.itftennis.com/tennis/api/PlayerRankApi/GetPlayerRankings?circuitCode=JT&playerTypeCode=G&ageCategoryCode=&juniorRankingType=itf&take=100&skip=500&isOrderAscending=true,2026-09-07T16:21:08.361Z
2026-09-07,F,597,800721695,April Sackflame,GBR,Great Britain,2012,154.5,https://www.itftennis.com/tennis/api/PlayerRankApi/GetPlayerRankings?circuitCode=JT&playerTypeCode=G&ageCategoryCode=&juniorRankingType=itf&take=100&skip=500&isOrderAscending=true,2026-09-07T16:21:08.361Z
2026-09-07,F,598,800644706,Defne Aydemir,TUR,Turkiye,2009,154.5,https://www.itftennis.com/tennis/api/PlayerRankApi/GetPlayerRankings?circuitCode=JT&playerTypeCode=G&ageCategoryCode=&juniorRankingType=itf&take=100&skip=500&isOrderAscending=true,2026-09-07T16:21:08.361Z
2026-09-07,F,599,800636136,Julia Kolodziejska,POL,Poland,2008,154.5,https://www.itftennis.com/tennis/api/PlayerRankApi/GetPlayerRankings?circuitCode=JT&playerTypeCode=G&ageCategoryCode=&juniorRankingType=itf&take=100&skip=500&isOrderAscending=true,2026-09-07T16:21:08.361Z
2026-09-07,F,600,800742082,Murong Wu,CHN,"China, P.R.",2009,154.25,https://www.itftennis.com/tennis/api/PlayerRankApi/GetPlayerRankings?circuitCode=JT&playerTypeCode=G&ageCategoryCode=&juniorRankingType=itf&take=100&skip=500&isOrderAscending=true,2026-09-07T16:21:08.361Z
2026-09-07,F,601,800645604,Nelli Ivanova,RUS,Russia,2009,153.75,https://www.itftennis.com/tennis/api/PlayerRankApi/GetPlayerRankings?circuitCode=JT&playerTypeCode=G&ageCategoryCode=&juniorRankingType=itf&take=100&skip=600&isOrderAscending=true,2026-09-07T16:21:09.166Z
2026-09-07,F,602,800710109,Andrea Taylor,CAN,Canada,2009,153.5,https://www.itftennis.com/tennis/api/PlayerRankApi/GetPlayerRankings?circuitCode=JT&playerTypeCode=G&ageCategoryCode=&juniorRankingType=itf&take=100&skip=600&isOrderAscending=true,2026-09-07T16:21:09.166Z
2026-09-07,F,603,800794356,Agnes Bang Kjaersgaard,DEN,Denmark,2011,153,https://www.itftennis.com/tennis/api/PlayerRankApi/GetPlayerRankings?circuitCode=JT&playerTypeCode=G&ageCategoryCode=&juniorRankingType=itf&take=100&skip=600&isOrderAscending=true,2026-09-07T16:21:09.166Z
2026-09-07,F,604,800806432,Yui Watanabe,JPN,Japan,2011,152.75,https://www.itftennis.com/tennis/api/PlayerRankApi/GetPlayerRankings?circuitCode=JT&playerTypeCode=G&ageCategoryCode=&juniorRankingType=itf&take=100&skip=600&isOrderAscending=true,2026-09-07T16:21:09.166Z
2026-09-07,F,605,800662079,Lujza Zimenova,SVK,Slovakia,2009,152.5,https://www.itftennis.com/tennis/api/PlayerRankApi/GetPlayerRankings?circuitCode=JT&playerTypeCode=G&ageCategoryCode=&juniorRankingType=itf&take=100&skip=600&isOrderAscending=true,2026-09-07T16:21:09.166Z
2026-09-07,F,606,800836985,Neirouz Myriam Godhbane,FRA,France,2012,152.5,https://www.itftennis.com/tennis/api/PlayerRankApi/GetPlayerRankings?circuitCode=JT&playerTypeCode=G&ageCategoryCode=&juniorRankingType=itf&take=100&skip=600&isOrderAscending=true,2026-09-07T16:21:09.166Z
2026-09-07,F,607,800656330,Ava Quincy Brewer,USA,USA,2010,151.5,https://www.itftennis.com/tennis/api/PlayerRankApi/GetPlayerRankings?circuitCode=JT&playerTypeCode=G&ageCategoryCode=&juniorRankingType=itf&take=100&skip=600&isOrderAscending=true,2026-09-07T16:21:09.166Z
2026-09-07,F,608,800692458,Valentina Obregon Mirambell,CRC,Costa Rica,2009,151.5,https://www.itftennis.com/tennis/api/PlayerRankApi/GetPlayerRankings?circuitCode=JT&playerTypeCode=G&ageCategoryCode=&juniorRankingType=itf&take=100&skip=600&isOrderAscending=true,2026-09-07T16:21:09.166Z
2026-09-07,F,609,800700087,Capucine DOURNES,FRA,France,2011,151.25,https://www.itftennis.com/tennis/api/PlayerRankApi/GetPlayerRankings?circuitCode=JT&playerTypeCode=G&ageCategoryCode=&juniorRankingType=itf&take=100&skip=600&isOrderAscending=true,2026-09-07T16:21:09.166Z
2026-09-07,F,610,800647078,Margarita Aktuganova,ISR,Israel,2010,150.5,https://www.itftennis.com/tennis/api/PlayerRankApi/GetPlayerRankings?circuitCode=JT&playerTypeCode=G&ageCategoryCode=&juniorRankingType=itf&take=100&skip=600&isOrderAscending=true,2026-09-07T16:21:09.166Z
2026-09-07,F,611,800598957,Sophia Christodoulou,GBR,Great Britain,2008,150.5,https://www.itftennis.com/tennis/api/PlayerRankApi/GetPlayerRankings?circuitCode=JT&playerTypeCode=G&ageCategoryCode=&juniorRankingType=itf&take=100&skip=600&isOrderAscending=true,2026-09-07T16:21:09.166Z
2026-09-07,F,612,800631675,Alua Marat,KAZ,Kazakhstan,2010,150.25,https://www.itftennis.com/tennis/api/PlayerRankApi/GetPlayerRankings?circuitCode=JT&playerTypeCode=G&ageCategoryCode=&juniorRankingType=itf&take=100&skip=600&isOrderAscending=true,2026-09-07T16:21:09.166Z
2026-09-07,F,613,800682866,Jannat Chiripal,IND,India,2008,150.25,https://www.itftennis.com/tennis/api/PlayerRankApi/GetPlayerRankings?circuitCode=JT&playerTypeCode=G&ageCategoryCode=&juniorRankingType=itf&take=100&skip=600&isOrderAscending=true,2026-09-07T16:21:09.166Z
2026-09-07,F,614,800647015,Lara Quaglia,ARG,Argentina,2008,150,https://www.itftennis.com/tennis/api/PlayerRankApi/GetPlayerRankings?circuitCode=JT&playerTypeCode=G&ageCategoryCode=&juniorRankingType=itf&take=100&skip=600&isOrderAscending=true,2026-09-07T16:21:09.166Z
2026-09-07,F,615,800671087,Judit Pla Martinell,ESP,Spain,2010,150,https://www.itftennis.com/tennis/api/PlayerRankApi/GetPlayerRankings?circuitCode=JT&playerTypeCode=G&ageCategoryCode=&juniorRankingType=itf&take=100&skip=600&isOrderAscending=true,2026-09-07T16:21:09.166Z
2026-09-07,F,616,800730335,Savitha Bhuvaneswaran,IND,India,2009,149.5,https://www.itftennis.com/tennis/api/PlayerRankApi/GetPlayerRankings?circuitCode=JT&playerTypeCode=G&ageCategoryCode=&juniorRankingType=itf&take=100&skip=600&isOrderAscending=true,2026-09-07T16:21:09.166Z
2026-09-07,F,617,800736955,Justine Fuchs,FRA,France,2010,149.5,https://www.itftennis.com/tennis/api/PlayerRankApi/GetPlayerRankings?circuitCode=JT&playerTypeCode=G&ageCategoryCode=&juniorRankingType=itf&take=100&skip=600&isOrderAscending=true,2026-09-07T16:21:09.166Z
2026-09-07,F,618,800825688,Diana Komissarova,ISR,Israel,2010,149.25,https://www.itftennis.com/tennis/api/PlayerRankApi/GetPlayerRankings?circuitCode=JT&playerTypeCode=G&ageCategoryCode=&juniorRankingType=itf&take=100&skip=600&isOrderAscending=true,2026-09-07T16:21:09.166Z
2026-09-07,F,619,800652888,Valentina Garcia Rojas,COL,Colombia,2009,149,https://www.itftennis.com/tennis/api/PlayerRankApi/GetPlayerRankings?circuitCode=JT&playerTypeCode=G&ageCategoryCode=&juniorRankingType=itf&take=100&skip=600&isOrderAscending=true,2026-09-07T16:21:09.166Z
2026-09-07,F,620,800676654,Milica Sakamoto Milojevic,GBR,Great Britain,2011,148.75,https://www.itftennis.com/tennis/api/PlayerRankApi/GetPlayerRankings?circuitCode=JT&playerTypeCode=G&ageCategoryCode=&juniorRankingType=itf&take=100&skip=600&isOrderAscending=true,2026-09-07T16:21:09.166Z
2026-09-07,F,621,800675738,Polina Barabanova,KAZ,Kazakhstan,2010,148.5,https://www.itftennis.com/tennis/api/PlayerRankApi/GetPlayerRankings?circuitCode=JT&playerTypeCode=G&ageCategoryCode=&juniorRankingType=itf&take=100&skip=600&isOrderAscending=true,2026-09-07T16:21:09.166Z
2026-09-07,F,622,800621780,Anina Durrer,SUI,Switzerland,2008,148,https://www.itftennis.com/tennis/api/PlayerRankApi/GetPlayerRankings?circuitCode=JT&playerTypeCode=G&ageCategoryCode=&juniorRankingType=itf&take=100&skip=600&isOrderAscending=true,2026-09-07T16:21:09.166Z
2026-09-07,F,623,800798287,Sofia Barbosa Perez,URU,Uruguay,2009,148,https://www.itftennis.com/tennis/api/PlayerRankApi/GetPlayerRankings?circuitCode=JT&playerTypeCode=G&ageCategoryCode=&juniorRankingType=itf&take=100&skip=600&isOrderAscending=true,2026-09-07T16:21:09.166Z
2026-09-07,F,624,800808126,Vibha Gogineni,USA,USA,2010,147.75,https://www.itftennis.com/tennis/api/PlayerRankApi/GetPlayerRankings?circuitCode=JT&playerTypeCode=G&ageCategoryCode=&juniorRankingType=itf&take=100&skip=600&isOrderAscending=true,2026-09-07T16:21:09.166Z
2026-09-07,F,625,800686478,Sara Saad,EGY,Egypt,2008,147.5,https://www.itftennis.com/tennis/api/PlayerRankApi/GetPlayerRankings?circuitCode=JT&playerTypeCode=G&ageCategoryCode=&juniorRankingType=itf&take=100&skip=600&isOrderAscending=true,2026-09-07T16:21:09.166Z
2026-09-07,F,626,800757229,Jiayi Lin,CHN,"China, P.R.",2011,147.25,https://www.itftennis.com/tennis/api/PlayerRankApi/GetPlayerRankings?circuitCode=JT&playerTypeCode=G&ageCategoryCode=&juniorRankingType=itf&take=100&skip=600&isOrderAscending=true,2026-09-07T16:21:09.166Z
2026-09-07,F,627,800668239,Seojin Park,KOR,"Korea, Rep.",2010,147,https://www.itftennis.com/tennis/api/PlayerRankApi/GetPlayerRankings?circuitCode=JT&playerTypeCode=G&ageCategoryCode=&juniorRankingType=itf&take=100&skip=600&isOrderAscending=true,2026-09-07T16:21:09.166Z
2026-09-07,F,628,800717709,JEONG IN CHOI,KOR,"Korea, Rep.",2010,146.75,https://www.itftennis.com/tennis/api/PlayerRankApi/GetPlayerRankings?circuitCode=JT&playerTypeCode=G&ageCategoryCode=&juniorRankingType=itf&take=100&skip=600&isOrderAscending=true,2026-09-07T16:21:09.166Z
2026-09-07,F,629,800678843,Konstantina Volonaki,GRE,Greece,2011,146.75,https://www.itftennis.com/tennis/api/PlayerRankApi/GetPlayerRankings?circuitCode=JT&playerTypeCode=G&ageCategoryCode=&juniorRankingType=itf&take=100&skip=600&isOrderAscending=true,2026-09-07T16:21:09.166Z
2026-09-07,F,630,800814180,Tiantian Sun,CHN,"China, P.R.",2011,146.25,https://www.itftennis.com/tennis/api/PlayerRankApi/GetPlayerRankings?circuitCode=JT&playerTypeCode=G&ageCategoryCode=&juniorRankingType=itf&take=100&skip=600&isOrderAscending=true,2026-09-07T16:21:09.166Z
2026-09-07,F,631,800659813,Camila Markus,ARG,Argentina,2008,146,https://www.itftennis.com/tennis/api/PlayerRankApi/GetPlayerRankings?circuitCode=JT&playerTypeCode=G&ageCategoryCode=&juniorRankingType=itf&take=100&skip=600&isOrderAscending=true,2026-09-07T16:21:09.166Z
2026-09-07,F,632,800675163,Vendula Mojzisova,CZE,Czechia,2009,146,https://www.itftennis.com/tennis/api/PlayerRankApi/GetPlayerRankings?circuitCode=JT&playerTypeCode=G&ageCategoryCode=&juniorRankingType=itf&take=100&skip=600&isOrderAscending=true,2026-09-07T16:21:09.166Z
2026-09-07,F,633,800683576,Lois Bernstein,SWE,Sweden,2008,146,https://www.itftennis.com/tennis/api/PlayerRankApi/GetPlayerRankings?circuitCode=JT&playerTypeCode=G&ageCategoryCode=&juniorRankingType=itf&take=100&skip=600&isOrderAscending=true,2026-09-07T16:21:09.166Z
2026-09-07,F,634,800767226,Baotong Xu,CHN,"China, P.R.",2010,145.75,https://www.itftennis.com/tennis/api/PlayerRankApi/GetPlayerRankings?circuitCode=JT&playerTypeCode=G&ageCategoryCode=&juniorRankingType=itf&take=100&skip=600&isOrderAscending=true,2026-09-07T16:21:09.166Z
2026-09-07,F,635,800590580,Madalena Matias,POR,Portugal,2008,145.75,https://www.itftennis.com/tennis/api/PlayerRankApi/GetPlayerRankings?circuitCode=JT&playerTypeCode=G&ageCategoryCode=&juniorRankingType=itf&take=100&skip=600&isOrderAscending=true,2026-09-07T16:21:09.166Z
2026-09-07,F,636,800783015,Lana Chloe Agbaba,FRA,France,2010,145.5,https://www.itftennis.com/tennis/api/PlayerRankApi/GetPlayerRankings?circuitCode=JT&playerTypeCode=G&ageCategoryCode=&juniorRankingType=itf&take=100&skip=600&isOrderAscending=true,2026-09-07T16:21:09.166Z
2026-09-07,F,637,800753342,aoyi li,CHN,"China, P.R.",2008,145.25,https://www.itftennis.com/tennis/api/PlayerRankApi/GetPlayerRankings?circuitCode=JT&playerTypeCode=G&ageCategoryCode=&juniorRankingType=itf&take=100&skip=600&isOrderAscending=true,2026-09-07T16:21:09.166Z
2026-09-07,F,638,800708508,Arina Fomina,RUS,Russia,2012,145.25,https://www.itftennis.com/tennis/api/PlayerRankApi/GetPlayerRankings?circuitCode=JT&playerTypeCode=G&ageCategoryCode=&juniorRankingType=itf&take=100&skip=600&isOrderAscending=true,2026-09-07T16:21:09.166Z
2026-09-07,F,639,800665774,Anna Sediva,CZE,Czechia,2009,145,https://www.itftennis.com/tennis/api/PlayerRankApi/GetPlayerRankings?circuitCode=JT&playerTypeCode=G&ageCategoryCode=&juniorRankingType=itf&take=100&skip=600&isOrderAscending=true,2026-09-07T16:21:09.166Z
2026-09-07,F,640,800697740,Pippa Fennis,NED,Netherlands,2011,145,https://www.itftennis.com/tennis/api/PlayerRankApi/GetPlayerRankings?circuitCode=JT&playerTypeCode=G&ageCategoryCode=&juniorRankingType=itf&take=100&skip=600&isOrderAscending=true,2026-09-07T16:21:09.166Z
2026-09-07,F,641,800656134,Darya Savina,KAZ,Kazakhstan,2008,144.75,https://www.itftennis.com/tennis/api/PlayerRankApi/GetPlayerRankings?circuitCode=JT&playerTypeCode=G&ageCategoryCode=&juniorRankingType=itf&take=100&skip=600&isOrderAscending=true,2026-09-07T16:21:09.166Z
2026-09-07,F,642,800675498,Lina Freya Simonsen,GER,Germany,2010,144.5,https://www.itftennis.com/tennis/api/PlayerRankApi/GetPlayerRankings?circuitCode=JT&playerTypeCode=G&ageCategoryCode=&juniorRankingType=itf&take=100&skip=600&isOrderAscending=true,2026-09-07T16:21:09.166Z
2026-09-07,F,643,800585918,Francesca Parcelli,GER,Germany,2009,144.25,https://www.itftennis.com/tennis/api/PlayerRankApi/GetPlayerRankings?circuitCode=JT&playerTypeCode=G&ageCategoryCode=&juniorRankingType=itf&take=100&skip=600&isOrderAscending=true,2026-09-07T16:21:09.166Z
2026-09-07,F,644,800762959,Rose Biria,USA,USA,2009,144.25,https://www.itftennis.com/tennis/api/PlayerRankApi/GetPlayerRankings?circuitCode=JT&playerTypeCode=G&ageCategoryCode=&juniorRankingType=itf&take=100&skip=600&isOrderAscending=true,2026-09-07T16:21:09.166Z
2026-09-07,F,645,800765343,Emily Craven,GBR,Great Britain,2011,144,https://www.itftennis.com/tennis/api/PlayerRankApi/GetPlayerRankings?circuitCode=JT&playerTypeCode=G&ageCategoryCode=&juniorRankingType=itf&take=100&skip=600&isOrderAscending=true,2026-09-07T16:21:09.166Z
2026-09-07,F,646,800780061,Beatrice Vittoria Gatti,ITA,Italy,2009,143.75,https://www.itftennis.com/tennis/api/PlayerRankApi/GetPlayerRankings?circuitCode=JT&playerTypeCode=G&ageCategoryCode=&juniorRankingType=itf&take=100&skip=600&isOrderAscending=true,2026-09-07T16:21:09.166Z
2026-09-07,F,647,800684119,Kara Fronek,AUT,Austria,2010,143.75,https://www.itftennis.com/tennis/api/PlayerRankApi/GetPlayerRankings?circuitCode=JT&playerTypeCode=G&ageCategoryCode=&juniorRankingType=itf&take=100&skip=600&isOrderAscending=true,2026-09-07T16:21:09.166Z
2026-09-07,F,648,800675314,Daria Litvinova,RUS,Russia,2008,143,https://www.itftennis.com/tennis/api/PlayerRankApi/GetPlayerRankings?circuitCode=JT&playerTypeCode=G&ageCategoryCode=&juniorRankingType=itf&take=100&skip=600&isOrderAscending=true,2026-09-07T16:21:09.166Z
2026-09-07,F,649,800595764,Marie Johanna Lapimaa,EST,Estonia,2008,143,https://www.itftennis.com/tennis/api/PlayerRankApi/GetPlayerRankings?circuitCode=JT&playerTypeCode=G&ageCategoryCode=&juniorRankingType=itf&take=100&skip=600&isOrderAscending=true,2026-09-07T16:21:09.166Z
2026-09-07,F,650,800657164,Rishitha Reddy Basireddy,IND,India,2008,142.5,https://www.itftennis.com/tennis/api/PlayerRankApi/GetPlayerRankings?circuitCode=JT&playerTypeCode=G&ageCategoryCode=&juniorRankingType=itf&take=100&skip=600&isOrderAscending=true,2026-09-07T16:21:09.166Z
2026-09-07,F,651,800599906,Hanna Vanni,FIN,Finland,2008,142.5,https://www.itftennis.com/tennis/api/PlayerRankApi/GetPlayerRankings?circuitCode=JT&playerTypeCode=G&ageCategoryCode=&juniorRankingType=itf&take=100&skip=600&isOrderAscending=true,2026-09-07T16:21:09.166Z
2026-09-07,F,652,800630540,Ghita Sebbar,MAR,Morocco,2009,141.75,https://www.itftennis.com/tennis/api/PlayerRankApi/GetPlayerRankings?circuitCode=JT&playerTypeCode=G&ageCategoryCode=&juniorRankingType=itf&take=100&skip=600&isOrderAscending=true,2026-09-07T16:21:09.166Z
2026-09-07,F,653,800664347,Kudzai Erin Patience Chapepa,ZIM,Zimbabwe,2008,141.5,https://www.itftennis.com/tennis/api/PlayerRankApi/GetPlayerRankings?circuitCode=JT&playerTypeCode=G&ageCategoryCode=&juniorRankingType=itf&take=100&skip=600&isOrderAscending=true,2026-09-07T16:21:09.166Z
2026-09-07,F,654,800659762,Sude Ulueren,TUR,Turkiye,2009,141,https://www.itftennis.com/tennis/api/PlayerRankApi/GetPlayerRankings?circuitCode=JT&playerTypeCode=G&ageCategoryCode=&juniorRankingType=itf&take=100&skip=600&isOrderAscending=true,2026-09-07T16:21:09.166Z
2026-09-07,F,655,800792251,Ruohan Yang,CHN,"China, P.R.",2011,141,https://www.itftennis.com/tennis/api/PlayerRankApi/GetPlayerRankings?circuitCode=JT&playerTypeCode=G&ageCategoryCode=&juniorRankingType=itf&take=100&skip=600&isOrderAscending=true,2026-09-07T16:21:09.166Z
2026-09-07,F,656,800790350,Isabella Gonzalez Alvarez,USA,USA,2011,141,https://www.itftennis.com/tennis/api/PlayerRankApi/GetPlayerRankings?circuitCode=JT&playerTypeCode=G&ageCategoryCode=&juniorRankingType=itf&take=100&skip=600&isOrderAscending=true,2026-09-07T16:21:09.166Z
2026-09-07,F,657,800660411,Liliana Chetry Rodriguez,ESP,Spain,2010,140.75,https://www.itftennis.com/tennis/api/PlayerRankApi/GetPlayerRankings?circuitCode=JT&playerTypeCode=G&ageCategoryCode=&juniorRankingType=itf&take=100&skip=600&isOrderAscending=true,2026-09-07T16:21:09.166Z
2026-09-07,F,658,800663533,Andreya Glushkova,BUL,Bulgaria,2009,140.75,https://www.itftennis.com/tennis/api/PlayerRankApi/GetPlayerRankings?circuitCode=JT&playerTypeCode=G&ageCategoryCode=&juniorRankingType=itf&take=100&skip=600&isOrderAscending=true,2026-09-07T16:21:09.166Z
2026-09-07,F,659,800706732,sara alejandra lozano avellaneda,COL,Colombia,2011,140.5,https://www.itftennis.com/tennis/api/PlayerRankApi/GetPlayerRankings?circuitCode=JT&playerTypeCode=G&ageCategoryCode=&juniorRankingType=itf&take=100&skip=600&isOrderAscending=true,2026-09-07T16:21:09.166Z
2026-09-07,F,660,800599185,Asia Sundas,ITA,Italy,2009,140.5,https://www.itftennis.com/tennis/api/PlayerRankApi/GetPlayerRankings?circuitCode=JT&playerTypeCode=G&ageCategoryCode=&juniorRankingType=itf&take=100&skip=600&isOrderAscending=true,2026-09-07T16:21:09.166Z
2026-09-07,F,661,800780953,Jiarui Sun,CHN,"China, P.R.",2011,140.25,https://www.itftennis.com/tennis/api/PlayerRankApi/GetPlayerRankings?circuitCode=JT&playerTypeCode=G&ageCategoryCode=&juniorRankingType=itf&take=100&skip=600&isOrderAscending=true,2026-09-07T16:21:09.166Z
2026-09-07,F,662,800590273,Keira Kim,UZB,Uzbekistan,2009,140,https://www.itftennis.com/tennis/api/PlayerRankApi/GetPlayerRankings?circuitCode=JT&playerTypeCode=G&ageCategoryCode=&juniorRankingType=itf&take=100&skip=600&isOrderAscending=true,2026-09-07T16:21:09.166Z
2026-09-07,F,663,800683655,Sophie Johnstone,GBR,Great Britain,2008,139.75,https://www.itftennis.com/tennis/api/PlayerRankApi/GetPlayerRankings?circuitCode=JT&playerTypeCode=G&ageCategoryCode=&juniorRankingType=itf&take=100&skip=600&isOrderAscending=true,2026-09-07T16:21:09.166Z
2026-09-07,F,664,800749890,Charlotte Bouwer,RSA,South Africa,2010,139.5,https://www.itftennis.com/tennis/api/PlayerRankApi/GetPlayerRankings?circuitCode=JT&playerTypeCode=G&ageCategoryCode=&juniorRankingType=itf&take=100&skip=600&isOrderAscending=true,2026-09-07T16:21:09.166Z
2026-09-07,F,665,800636881,Alice Iozzi,ITA,Italy,2009,139.5,https://www.itftennis.com/tennis/api/PlayerRankApi/GetPlayerRankings?circuitCode=JT&playerTypeCode=G&ageCategoryCode=&juniorRankingType=itf&take=100&skip=600&isOrderAscending=true,2026-09-07T16:21:09.166Z
2026-09-07,F,666,800661768,Sofia Mills,USA,USA,2008,139,https://www.itftennis.com/tennis/api/PlayerRankApi/GetPlayerRankings?circuitCode=JT&playerTypeCode=G&ageCategoryCode=&juniorRankingType=itf&take=100&skip=600&isOrderAscending=true,2026-09-07T16:21:09.166Z
2026-09-07,F,667,800692785,Luciana Agudelo,ARG,Argentina,2010,139,https://www.itftennis.com/tennis/api/PlayerRankApi/GetPlayerRankings?circuitCode=JT&playerTypeCode=G&ageCategoryCode=&juniorRankingType=itf&take=100&skip=600&isOrderAscending=true,2026-09-07T16:21:09.166Z
2026-09-07,F,668,800646719,Elisabet Rossinol,ESP,Spain,2009,138.5,https://www.itftennis.com/tennis/api/PlayerRankApi/GetPlayerRankings?circuitCode=JT&playerTypeCode=G&ageCategoryCode=&juniorRankingType=itf&take=100&skip=600&isOrderAscending=true,2026-09-07T16:21:09.166Z
2026-09-07,F,669,800595169,Victoria Bervid,CZE,Czechia,2008,138,https://www.itftennis.com/tennis/api/PlayerRankApi/GetPlayerRankings?circuitCode=JT&playerTypeCode=G&ageCategoryCode=&juniorRankingType=itf&take=100&skip=600&isOrderAscending=true,2026-09-07T16:21:09.166Z
2026-09-07,F,670,800854425,Zhiyu Zhou,CHN,"China, P.R.",2012,138,https://www.itftennis.com/tennis/api/PlayerRankApi/GetPlayerRankings?circuitCode=JT&playerTypeCode=G&ageCategoryCode=&juniorRankingType=itf&take=100&skip=600&isOrderAscending=true,2026-09-07T16:21:09.166Z
2026-09-07,F,671,800781876,Sofia Kedrin,USA,USA,2010,137.5,https://www.itftennis.com/tennis/api/PlayerRankApi/GetPlayerRankings?circuitCode=JT&playerTypeCode=G&ageCategoryCode=&juniorRankingType=itf&take=100&skip=600&isOrderAscending=true,2026-09-07T16:21:09.166Z
2026-09-07,F,672,800716681,Simphiwe Emma Malunguza,ZIM,Zimbabwe,2009,137.5,https://www.itftennis.com/tennis/api/PlayerRankApi/GetPlayerRankings?circuitCode=JT&playerTypeCode=G&ageCategoryCode=&juniorRankingType=itf&take=100&skip=600&isOrderAscending=true,2026-09-07T16:21:09.166Z
2026-09-07,F,673,800729361,Vanesa Mrazova,SVK,Slovakia,2009,137,https://www.itftennis.com/tennis/api/PlayerRankApi/GetPlayerRankings?circuitCode=JT&playerTypeCode=G&ageCategoryCode=&juniorRankingType=itf&take=100&skip=600&isOrderAscending=true,2026-09-07T16:21:09.166Z
2026-09-07,F,674,800682695,Adriana Calvo Lopez,ESP,Spain,2010,137,https://www.itftennis.com/tennis/api/PlayerRankApi/GetPlayerRankings?circuitCode=JT&playerTypeCode=G&ageCategoryCode=&juniorRankingType=itf&take=100&skip=600&isOrderAscending=true,2026-09-07T16:21:09.166Z
2026-09-07,F,675,800788239,Tanem Yilmaz,TUR,Turkiye,2010,136.75,https://www.itftennis.com/tennis/api/PlayerRankApi/GetPlayerRankings?circuitCode=JT&playerTypeCode=G&ageCategoryCode=&juniorRankingType=itf&take=100&skip=600&isOrderAscending=true,2026-09-07T16:21:09.166Z
2026-09-07,F,676,800678956,Camila Zouein Yanez,CHI,Chile,2009,136.5,https://www.itftennis.com/tennis/api/PlayerRankApi/GetPlayerRankings?circuitCode=JT&playerTypeCode=G&ageCategoryCode=&juniorRankingType=itf&take=100&skip=600&isOrderAscending=true,2026-09-07T16:21:09.166Z
2026-09-07,F,677,800866643,Nikol Davletshina,RUS,Russia,2013,136.5,https://www.itftennis.com/tennis/api/PlayerRankApi/GetPlayerRankings?circuitCode=JT&playerTypeCode=G&ageCategoryCode=&juniorRankingType=itf&take=100&skip=600&isOrderAscending=true,2026-09-07T16:21:09.166Z
2026-09-07,F,678,800671078,Sofia Drozdenko,BLR,Belarus,2011,136.5,https://www.itftennis.com/tennis/api/PlayerRankApi/GetPlayerRankings?circuitCode=JT&playerTypeCode=G&ageCategoryCode=&juniorRankingType=itf&take=100&skip=600&isOrderAscending=true,2026-09-07T16:21:09.166Z
2026-09-07,F,679,800655494,STACY CHEPKEMEI YEGO,KEN,Kenya,2008,136.5,https://www.itftennis.com/tennis/api/PlayerRankApi/GetPlayerRankings?circuitCode=JT&playerTypeCode=G&ageCategoryCode=&juniorRankingType=itf&take=100&skip=600&isOrderAscending=true,2026-09-07T16:21:09.166Z
2026-09-07,F,680,800730571,Shreeniti Chowdhury,IND,India,2011,136,https://www.itftennis.com/tennis/api/PlayerRankApi/GetPlayerRankings?circuitCode=JT&playerTypeCode=G&ageCategoryCode=&juniorRankingType=itf&take=100&skip=600&isOrderAscending=true,2026-09-07T16:21:09.166Z
2026-09-07,F,681,800718171,Ildana Zaripova,RUS,Russia,2012,135.25,https://www.itftennis.com/tennis/api/PlayerRankApi/GetPlayerRankings?circuitCode=JT&playerTypeCode=G&ageCategoryCode=&juniorRankingType=itf&take=100&skip=600&isOrderAscending=true,2026-09-07T16:21:09.166Z
2026-09-07,F,682,800708435,Sara Dessouky,EGY,Egypt,2009,135,https://www.itftennis.com/tennis/api/PlayerRankApi/GetPlayerRankings?circuitCode=JT&playerTypeCode=G&ageCategoryCode=&juniorRankingType=itf&take=100&skip=600&isOrderAscending=true,2026-09-07T16:21:09.166Z
2026-09-07,F,683,800603275,Briyana Ivanova,BUL,Bulgaria,2009,134.75,https://www.itftennis.com/tennis/api/PlayerRankApi/GetPlayerRankings?circuitCode=JT&playerTypeCode=G&ageCategoryCode=&juniorRankingType=itf&take=100&skip=600&isOrderAscending=true,2026-09-07T16:21:09.166Z
2026-09-07,F,684,800679275,Alexandra Peralta Boenaes,DEN,Denmark,2010,134.75,https://www.itftennis.com/tennis/api/PlayerRankApi/GetPlayerRankings?circuitCode=JT&playerTypeCode=G&ageCategoryCode=&juniorRankingType=itf&take=100&skip=600&isOrderAscending=true,2026-09-07T16:21:09.166Z
2026-09-07,F,685,800638613,Ana Paula Jativa,ECU,Ecuador,2009,134.5,https://www.itftennis.com/tennis/api/PlayerRankApi/GetPlayerRankings?circuitCode=JT&playerTypeCode=G&ageCategoryCode=&juniorRankingType=itf&take=100&skip=600&isOrderAscending=true,2026-09-07T16:21:09.166Z
2026-09-07,F,686,800675480,Maria Fernanda Poma Coronado,PER,Peru,2010,134.25,https://www.itftennis.com/tennis/api/PlayerRankApi/GetPlayerRankings?circuitCode=JT&playerTypeCode=G&ageCategoryCode=&juniorRankingType=itf&take=100&skip=600&isOrderAscending=true,2026-09-07T16:21:09.166Z
2026-09-07,F,687,800693137,Lucy King Oyebog Atang,USA,USA,2008,134,https://www.itftennis.com/tennis/api/PlayerRankApi/GetPlayerRankings?circuitCode=JT&playerTypeCode=G&ageCategoryCode=&juniorRankingType=itf&take=100&skip=600&isOrderAscending=true,2026-09-07T16:21:09.166Z
2026-09-07,F,688,800750923,Ceressa Jackson,AUS,Australia,2011,134,https://www.itftennis.com/tennis/api/PlayerRankApi/GetPlayerRankings?circuitCode=JT&playerTypeCode=G&ageCategoryCode=&juniorRankingType=itf&take=100&skip=600&isOrderAscending=true,2026-09-07T16:21:09.166Z
2026-09-07,F,689,800679424,Aleena Farid,IND,India,2009,134,https://www.itftennis.com/tennis/api/PlayerRankApi/GetPlayerRankings?circuitCode=JT&playerTypeCode=G&ageCategoryCode=&juniorRankingType=itf&take=100&skip=600&isOrderAscending=true,2026-09-07T16:21:09.166Z
2026-09-07,F,690,800644838,Lora Kardos,HUN,Hungary,2009,133.75,https://www.itftennis.com/tennis/api/PlayerRankApi/GetPlayerRankings?circuitCode=JT&playerTypeCode=G&ageCategoryCode=&juniorRankingType=itf&take=100&skip=600&isOrderAscending=true,2026-09-07T16:21:09.166Z
2026-09-07,F,691,800774038,Malak haytham Malak haytham ismeil,EGY,Egypt,2009,133.75,https://www.itftennis.com/tennis/api/PlayerRankApi/GetPlayerRankings?circuitCode=JT&playerTypeCode=G&ageCategoryCode=&juniorRankingType=itf&take=100&skip=600&isOrderAscending=true,2026-09-07T16:21:09.166Z
2026-09-07,F,692,800587894,Aishwarya Jadhav,IND,India,2008,133.5,https://www.itftennis.com/tennis/api/PlayerRankApi/GetPlayerRankings?circuitCode=JT&playerTypeCode=G&ageCategoryCode=&juniorRankingType=itf&take=100&skip=600&isOrderAscending=true,2026-09-07T16:21:09.166Z
2026-09-07,F,693,800702924,Honey Gaurav Jumani,IND,India,2011,133,https://www.itftennis.com/tennis/api/PlayerRankApi/GetPlayerRankings?circuitCode=JT&playerTypeCode=G&ageCategoryCode=&juniorRankingType=itf&take=100&skip=600&isOrderAscending=true,2026-09-07T16:21:09.166Z
2026-09-07,F,694,800719263,Briley Rhoden,USA,USA,2009,132.5,https://www.itftennis.com/tennis/api/PlayerRankApi/GetPlayerRankings?circuitCode=JT&playerTypeCode=G&ageCategoryCode=&juniorRankingType=itf&take=100&skip=600&isOrderAscending=true,2026-09-07T16:21:09.166Z
2026-09-07,F,695,800790242,Sofija Dimitrievic,USA,USA,2011,132.5,https://www.itftennis.com/tennis/api/PlayerRankApi/GetPlayerRankings?circuitCode=JT&playerTypeCode=G&ageCategoryCode=&juniorRankingType=itf&take=100&skip=600&isOrderAscending=true,2026-09-07T16:21:09.166Z
2026-09-07,F,696,800659504,Ecrin Lal Yavuz,TUR,Turkiye,2010,132.5,https://www.itftennis.com/tennis/api/PlayerRankApi/GetPlayerRankings?circuitCode=JT&playerTypeCode=G&ageCategoryCode=&juniorRankingType=itf&take=100&skip=600&isOrderAscending=true,2026-09-07T16:21:09.166Z
2026-09-07,F,697,800664565,Bar Shporen,ISR,Israel,2010,132.25,https://www.itftennis.com/tennis/api/PlayerRankApi/GetPlayerRankings?circuitCode=JT&playerTypeCode=G&ageCategoryCode=&juniorRankingType=itf&take=100&skip=600&isOrderAscending=true,2026-09-07T16:21:09.166Z
2026-09-07,F,698,800595383,Klara Andonegui Sehnalova,GBR,Great Britain,2008,132,https://www.itftennis.com/tennis/api/PlayerRankApi/GetPlayerRankings?circuitCode=JT&playerTypeCode=G&ageCategoryCode=&juniorRankingType=itf&take=100&skip=600&isOrderAscending=true,2026-09-07T16:21:09.166Z
2026-09-07,F,699,800601838,Sonia Erika Butuc Cerchez,ROU,Romania,2009,131.75,https://www.itftennis.com/tennis/api/PlayerRankApi/GetPlayerRankings?circuitCode=JT&playerTypeCode=G&ageCategoryCode=&juniorRankingType=itf&take=100&skip=600&isOrderAscending=true,2026-09-07T16:21:09.166Z
2026-09-07,F,700,800593627,Nika Dragicevic,CRO,Croatia,2008,131.5,https://www.itftennis.com/tennis/api/PlayerRankApi/GetPlayerRankings?circuitCode=JT&playerTypeCode=G&ageCategoryCode=&juniorRankingType=itf&take=100&skip=600&isOrderAscending=true,2026-09-07T16:21:09.166Z
2026-09-07,F,701,800815111,Adriana Khomyakova,USA,USA,2011,131.25,https://www.itftennis.com/tennis/api/PlayerRankApi/GetPlayerRankings?circuitCode=JT&playerTypeCode=G&ageCategoryCode=&juniorRankingType=itf&take=100&skip=700&isOrderAscending=true,2026-09-07T16:21:09.953Z
2026-09-07,F,702,800630416,Giulia Russo,ITA,Italy,2008,131,https://www.itftennis.com/tennis/api/PlayerRankApi/GetPlayerRankings?circuitCode=JT&playerTypeCode=G&ageCategoryCode=&juniorRankingType=itf&take=100&skip=700&isOrderAscending=true,2026-09-07T16:21:09.953Z
2026-09-07,F,703,800830867,Sofia Dvortsova,USA,USA,2012,131,https://www.itftennis.com/tennis/api/PlayerRankApi/GetPlayerRankings?circuitCode=JT&playerTypeCode=G&ageCategoryCode=&juniorRankingType=itf&take=100&skip=700&isOrderAscending=true,2026-09-07T16:21:09.953Z
2026-09-07,F,704,800722741,Zyanya Saavedra Carrera,MEX,Mexico,2009,131,https://www.itftennis.com/tennis/api/PlayerRankApi/GetPlayerRankings?circuitCode=JT&playerTypeCode=G&ageCategoryCode=&juniorRankingType=itf&take=100&skip=700&isOrderAscending=true,2026-09-07T16:21:09.953Z
2026-09-07,F,705,800645493,ISABELLA RELTON,GBR,Great Britain,2009,131,https://www.itftennis.com/tennis/api/PlayerRankApi/GetPlayerRankings?circuitCode=JT&playerTypeCode=G&ageCategoryCode=&juniorRankingType=itf&take=100&skip=700&isOrderAscending=true,2026-09-07T16:21:09.953Z
2026-09-07,F,706,800698801,Nika Stor,SLO,Slovenia,2010,130.75,https://www.itftennis.com/tennis/api/PlayerRankApi/GetPlayerRankings?circuitCode=JT&playerTypeCode=G&ageCategoryCode=&juniorRankingType=itf&take=100&skip=700&isOrderAscending=true,2026-09-07T16:21:09.953Z
2026-09-07,F,707,800732807,Yinuo Huang,CHN,"China, P.R.",2009,130.25,https://www.itftennis.com/tennis/api/PlayerRankApi/GetPlayerRankings?circuitCode=JT&playerTypeCode=G&ageCategoryCode=&juniorRankingType=itf&take=100&skip=700&isOrderAscending=true,2026-09-07T16:21:09.953Z
2026-09-07,F,708,800742005,Elisa Pieri,ITA,Italy,2011,130.25,https://www.itftennis.com/tennis/api/PlayerRankApi/GetPlayerRankings?circuitCode=JT&playerTypeCode=G&ageCategoryCode=&juniorRankingType=itf&take=100&skip=700&isOrderAscending=true,2026-09-07T16:21:09.953Z
2026-09-07,F,709,800663170,Alina Vysochenko,UKR,Ukraine,2009,129.75,https://www.itftennis.com/tennis/api/PlayerRankApi/GetPlayerRankings?circuitCode=JT&playerTypeCode=G&ageCategoryCode=&juniorRankingType=itf&take=100&skip=700&isOrderAscending=true,2026-09-07T16:21:09.953Z
2026-09-07,F,710,800675268,Varvara Rubtsova,RUS,Russia,2009,129.75,https://www.itftennis.com/tennis/api/PlayerRankApi/GetPlayerRankings?circuitCode=JT&playerTypeCode=G&ageCategoryCode=&juniorRankingType=itf&take=100&skip=700&isOrderAscending=true,2026-09-07T16:21:09.953Z
2026-09-07,F,711,800676831,Gauhar Aktan,KAZ,Kazakhstan,2009,129.5,https://www.itftennis.com/tennis/api/PlayerRankApi/GetPlayerRankings?circuitCode=JT&playerTypeCode=G&ageCategoryCode=&juniorRankingType=itf&take=100&skip=700&isOrderAscending=true,2026-09-07T16:21:09.953Z
2026-09-07,F,712,800668374,Rea Godinic,CRO,Croatia,2010,129.5,https://www.itftennis.com/tennis/api/PlayerRankApi/GetPlayerRankings?circuitCode=JT&playerTypeCode=G&ageCategoryCode=&juniorRankingType=itf&take=100&skip=700&isOrderAscending=true,2026-09-07T16:21:09.953Z
2026-09-07,F,713,800662387,Stella Cinkanicova,SVK,Slovakia,2008,129,https://www.itftennis.com/tennis/api/PlayerRankApi/GetPlayerRankings?circuitCode=JT&playerTypeCode=G&ageCategoryCode=&juniorRankingType=itf&take=100&skip=700&isOrderAscending=true,2026-09-07T16:21:09.953Z
2026-09-07,F,714,800696220,Mila van der Lecq,NED,Netherlands,2011,129,https://www.itftennis.com/tennis/api/PlayerRankApi/GetPlayerRankings?circuitCode=JT&playerTypeCode=G&ageCategoryCode=&juniorRankingType=itf&take=100&skip=700&isOrderAscending=true,2026-09-07T16:21:09.953Z
2026-09-07,F,715,800739751,Emilia Cecilia Antelo Cordova,BOL,Bolivia,2010,129,https://www.itftennis.com/tennis/api/PlayerRankApi/GetPlayerRankings?circuitCode=JT&playerTypeCode=G&ageCategoryCode=&juniorRankingType=itf&take=100&skip=700&isOrderAscending=true,2026-09-07T16:21:09.953Z
2026-09-07,F,716,800701381,Acalia Shamim,AUS,Australia,2009,128.5,https://www.itftennis.com/tennis/api/PlayerRankApi/GetPlayerRankings?circuitCode=JT&playerTypeCode=G&ageCategoryCode=&juniorRankingType=itf&take=100&skip=700&isOrderAscending=true,2026-09-07T16:21:09.953Z
2026-09-07,F,717,800663476,Mila Bastianelli,FRA,France,2010,128.5,https://www.itftennis.com/tennis/api/PlayerRankApi/GetPlayerRankings?circuitCode=JT&playerTypeCode=G&ageCategoryCode=&juniorRankingType=itf&take=100&skip=700&isOrderAscending=true,2026-09-07T16:21:09.953Z
2026-09-07,F,718,800707550,Matilde Stamborg,SWE,Sweden,2009,128.25,https://www.itftennis.com/tennis/api/PlayerRankApi/GetPlayerRankings?circuitCode=JT&playerTypeCode=G&ageCategoryCode=&juniorRankingType=itf&take=100&skip=700&isOrderAscending=true,2026-09-07T16:21:09.953Z
2026-09-07,F,719,800696212,Luisa Maria Oprescu,ESP,Spain,2009,128.25,https://www.itftennis.com/tennis/api/PlayerRankApi/GetPlayerRankings?circuitCode=JT&playerTypeCode=G&ageCategoryCode=&juniorRankingType=itf&take=100&skip=700&isOrderAscending=true,2026-09-07T16:21:09.953Z
2026-09-07,F,720,800594280,Eva Panova,CYP,Cyprus,2008,128,https://www.itftennis.com/tennis/api/PlayerRankApi/GetPlayerRankings?circuitCode=JT&playerTypeCode=G&ageCategoryCode=&juniorRankingType=itf&take=100&skip=700&isOrderAscending=true,2026-09-07T16:21:09.953Z
2026-09-07,F,721,800735392,Abril Goded Luna,MEX,Mexico,2011,127.5,https://www.itftennis.com/tennis/api/PlayerRankApi/GetPlayerRankings?circuitCode=JT&playerTypeCode=G&ageCategoryCode=&juniorRankingType=itf&take=100&skip=700&isOrderAscending=true,2026-09-07T16:21:09.953Z
2026-09-07,F,722,800673762,Daria Belyakova,RUS,Russia,2011,127.5,https://www.itftennis.com/tennis/api/PlayerRankApi/GetPlayerRankings?circuitCode=JT&playerTypeCode=G&ageCategoryCode=&juniorRankingType=itf&take=100&skip=700&isOrderAscending=true,2026-09-07T16:21:09.953Z
2026-09-07,F,723,800724934,Galia Garcia Anzures,MEX,Mexico,2008,127.5,https://www.itftennis.com/tennis/api/PlayerRankApi/GetPlayerRankings?circuitCode=JT&playerTypeCode=G&ageCategoryCode=&juniorRankingType=itf&take=100&skip=700&isOrderAscending=true,2026-09-07T16:21:09.953Z
2026-09-07,F,724,800803786,Miranda Renee Fernandez Figueroa,MEX,Mexico,2011,127.5,https://www.itftennis.com/tennis/api/PlayerRankApi/GetPlayerRankings?circuitCode=JT&playerTypeCode=G&ageCategoryCode=&juniorRankingType=itf&take=100&skip=700&isOrderAscending=true,2026-09-07T16:21:09.953Z
2026-09-07,F,725,800811641,Daniela Del Mastro,USA,USA,2011,127.25,https://www.itftennis.com/tennis/api/PlayerRankApi/GetPlayerRankings?circuitCode=JT&playerTypeCode=G&ageCategoryCode=&juniorRankingType=itf&take=100&skip=700&isOrderAscending=true,2026-09-07T16:21:09.953Z
2026-09-07,F,726,800739106,Sofia Cuoco,ARG,Argentina,2011,127.25,https://www.itftennis.com/tennis/api/PlayerRankApi/GetPlayerRankings?circuitCode=JT&playerTypeCode=G&ageCategoryCode=&juniorRankingType=itf&take=100&skip=700&isOrderAscending=true,2026-09-07T16:21:09.953Z
2026-09-07,F,727,800766298,Mildalyn D'aguilar,USA,USA,2008,126.75,https://www.itftennis.com/tennis/api/PlayerRankApi/GetPlayerRankings?circuitCode=JT&playerTypeCode=G&ageCategoryCode=&juniorRankingType=itf&take=100&skip=700&isOrderAscending=true,2026-09-07T16:21:09.953Z
2026-09-07,F,728,800677420,Kayla Lorrimer,CAN,Canada,2008,126.5,https://www.itftennis.com/tennis/api/PlayerRankApi/GetPlayerRankings?circuitCode=JT&playerTypeCode=G&ageCategoryCode=&juniorRankingType=itf&take=100&skip=700&isOrderAscending=true,2026-09-07T16:21:09.953Z
2026-09-07,F,729,800773855,Alexie Duclair,CAN,Canada,2012,126.25,https://www.itftennis.com/tennis/api/PlayerRankApi/GetPlayerRankings?circuitCode=JT&playerTypeCode=G&ageCategoryCode=&juniorRankingType=itf&take=100&skip=700&isOrderAscending=true,2026-09-07T16:21:09.953Z
2026-09-07,F,730,800709080,Kaya Moe,USA,USA,2008,125.75,https://www.itftennis.com/tennis/api/PlayerRankApi/GetPlayerRankings?circuitCode=JT&playerTypeCode=G&ageCategoryCode=&juniorRankingType=itf&take=100&skip=700&isOrderAscending=true,2026-09-07T16:21:09.953Z
2026-09-07,F,731,800760478,Karin Hiramatsu,AUS,Australia,2009,125.5,https://www.itftennis.com/tennis/api/PlayerRankApi/GetPlayerRankings?circuitCode=JT&playerTypeCode=G&ageCategoryCode=&juniorRankingType=itf&take=100&skip=700&isOrderAscending=true,2026-09-07T16:21:09.953Z
2026-09-07,F,732,800778506,Khadijat eleojo Mohammed,NGR,Nigeria,2009,125.25,https://www.itftennis.com/tennis/api/PlayerRankApi/GetPlayerRankings?circuitCode=JT&playerTypeCode=G&ageCategoryCode=&juniorRankingType=itf&take=100&skip=700&isOrderAscending=true,2026-09-07T16:21:09.953Z
2026-09-07,F,733,800719638,Jana YOUSSEF,EGY,Egypt,2009,125.25,https://www.itftennis.com/tennis/api/PlayerRankApi/GetPlayerRankings?circuitCode=JT&playerTypeCode=G&ageCategoryCode=&juniorRankingType=itf&take=100&skip=700&isOrderAscending=true,2026-09-07T16:21:09.953Z
2026-09-07,F,734,800745418,Tomoka Umeda,JPN,Japan,2011,125,https://www.itftennis.com/tennis/api/PlayerRankApi/GetPlayerRankings?circuitCode=JT&playerTypeCode=G&ageCategoryCode=&juniorRankingType=itf&take=100&skip=700&isOrderAscending=true,2026-09-07T16:21:09.953Z
2026-09-07,F,735,800674702,Linara Bulesheva,KAZ,Kazakhstan,2010,125,https://www.itftennis.com/tennis/api/PlayerRankApi/GetPlayerRankings?circuitCode=JT&playerTypeCode=G&ageCategoryCode=&juniorRankingType=itf&take=100&skip=700&isOrderAscending=true,2026-09-07T16:21:09.953Z
2026-09-07,F,736,800796328,Daniela Davletshina,RUS,Russia,2011,124.75,https://www.itftennis.com/tennis/api/PlayerRankApi/GetPlayerRankings?circuitCode=JT&playerTypeCode=G&ageCategoryCode=&juniorRankingType=itf&take=100&skip=700&isOrderAscending=true,2026-09-07T16:21:09.953Z
2026-09-07,F,737,800769944,Lyndsey Philipps,RSA,South Africa,2010,124.5,https://www.itftennis.com/tennis/api/PlayerRankApi/GetPlayerRankings?circuitCode=JT&playerTypeCode=G&ageCategoryCode=&juniorRankingType=itf&take=100&skip=700&isOrderAscending=true,2026-09-07T16:21:09.953Z
2026-09-07,F,738,800675020,Luise Luczak,GER,Germany,2010,124.5,https://www.itftennis.com/tennis/api/PlayerRankApi/GetPlayerRankings?circuitCode=JT&playerTypeCode=G&ageCategoryCode=&juniorRankingType=itf&take=100&skip=700&isOrderAscending=true,2026-09-07T16:21:09.953Z
2026-09-07,F,739,800700548,Lina BEZZA,MAR,Morocco,2009,124.25,https://www.itftennis.com/tennis/api/PlayerRankApi/GetPlayerRankings?circuitCode=JT&playerTypeCode=G&ageCategoryCode=&juniorRankingType=itf&take=100&skip=700&isOrderAscending=true,2026-09-07T16:21:09.953Z
2026-09-07,F,740,800597375,Elizabete Marta Hamitova,LAT,Latvia,2009,124.25,https://www.itftennis.com/tennis/api/PlayerRankApi/GetPlayerRankings?circuitCode=JT&playerTypeCode=G&ageCategoryCode=&juniorRankingType=itf&take=100&skip=700&isOrderAscending=true,2026-09-07T16:21:09.953Z
2026-09-07,F,741,800677956,Emery June Martin,USA,USA,2009,124,https://www.itftennis.com/tennis/api/PlayerRankApi/GetPlayerRankings?circuitCode=JT&playerTypeCode=G&ageCategoryCode=&juniorRankingType=itf&take=100&skip=700&isOrderAscending=true,2026-09-07T16:21:09.953Z
2026-09-07,F,742,800667999,VENETIA LEKA,GRE,Greece,2009,124,https://www.itftennis.com/tennis/api/PlayerRankApi/GetPlayerRankings?circuitCode=JT&playerTypeCode=G&ageCategoryCode=&juniorRankingType=itf&take=100&skip=700&isOrderAscending=true,2026-09-07T16:21:09.953Z
2026-09-07,F,743,800671734,Viktorija Cesonyte,GER,Germany,2010,123.25,https://www.itftennis.com/tennis/api/PlayerRankApi/GetPlayerRankings?circuitCode=JT&playerTypeCode=G&ageCategoryCode=&juniorRankingType=itf&take=100&skip=700&isOrderAscending=true,2026-09-07T16:21:09.953Z
2026-09-07,F,744,800802913,Xinran Yan,CHN,"China, P.R.",2012,122.75,https://www.itftennis.com/tennis/api/PlayerRankApi/GetPlayerRankings?circuitCode=JT&playerTypeCode=G&ageCategoryCode=&juniorRankingType=itf&take=100&skip=700&isOrderAscending=true,2026-09-07T16:21:09.953Z
2026-09-07,F,745,800733647,Mia Froehli,SUI,Switzerland,2009,122.75,https://www.itftennis.com/tennis/api/PlayerRankApi/GetPlayerRankings?circuitCode=JT&playerTypeCode=G&ageCategoryCode=&juniorRankingType=itf&take=100&skip=700&isOrderAscending=true,2026-09-07T16:21:09.953Z
2026-09-07,F,746,800680588,Sofia Pyzhyanova,RUS,Russia,2010,122.75,https://www.itftennis.com/tennis/api/PlayerRankApi/GetPlayerRankings?circuitCode=JT&playerTypeCode=G&ageCategoryCode=&juniorRankingType=itf&take=100&skip=700&isOrderAscending=true,2026-09-07T16:21:09.953Z
2026-09-07,F,747,800750616,Haolin WANG,CHN,"China, P.R.",2012,122.5,https://www.itftennis.com/tennis/api/PlayerRankApi/GetPlayerRankings?circuitCode=JT&playerTypeCode=G&ageCategoryCode=&juniorRankingType=itf&take=100&skip=700&isOrderAscending=true,2026-09-07T16:21:09.953Z
2026-09-07,F,748,800713662,Scarlett Dattoli,AUS,Australia,2009,122.5,https://www.itftennis.com/tennis/api/PlayerRankApi/GetPlayerRankings?circuitCode=JT&playerTypeCode=G&ageCategoryCode=&juniorRankingType=itf&take=100&skip=700&isOrderAscending=true,2026-09-07T16:21:09.953Z
2026-09-07,F,749,800753425,Marlene Victoria Sczech,GER,Germany,2011,122.5,https://www.itftennis.com/tennis/api/PlayerRankApi/GetPlayerRankings?circuitCode=JT&playerTypeCode=G&ageCategoryCode=&juniorRankingType=itf&take=100&skip=700&isOrderAscending=true,2026-09-07T16:21:09.953Z
2026-09-07,F,750,800644032,Mira Karatogma,TUR,Turkiye,2009,122.25,https://www.itftennis.com/tennis/api/PlayerRankApi/GetPlayerRankings?circuitCode=JT&playerTypeCode=G&ageCategoryCode=&juniorRankingType=itf&take=100&skip=700&isOrderAscending=true,2026-09-07T16:21:09.953Z
2026-09-07,F,751,800654700,Ana Julieta Lopez Ocampos,PAR,Paraguay,2009,122,https://www.itftennis.com/tennis/api/PlayerRankApi/GetPlayerRankings?circuitCode=JT&playerTypeCode=G&ageCategoryCode=&juniorRankingType=itf&take=100&skip=700&isOrderAscending=true,2026-09-07T16:21:09.953Z
2026-09-07,F,752,800688607,yanziye zhang,GBR,Great Britain,2011,122,https://www.itftennis.com/tennis/api/PlayerRankApi/GetPlayerRankings?circuitCode=JT&playerTypeCode=G&ageCategoryCode=&juniorRankingType=itf&take=100&skip=700&isOrderAscending=true,2026-09-07T16:21:09.953Z
2026-09-07,F,753,800735529,Ariana Morris,USA,USA,2009,121.75,https://www.itftennis.com/tennis/api/PlayerRankApi/GetPlayerRankings?circuitCode=JT&playerTypeCode=G&ageCategoryCode=&juniorRankingType=itf&take=100&skip=700&isOrderAscending=true,2026-09-07T16:21:09.953Z
2026-09-07,F,754,800794828,Molly Widlansky,USA,USA,2010,121.75,https://www.itftennis.com/tennis/api/PlayerRankApi/GetPlayerRankings?circuitCode=JT&playerTypeCode=G&ageCategoryCode=&juniorRankingType=itf&take=100&skip=700&isOrderAscending=true,2026-09-07T16:21:09.953Z
2026-09-07,F,755,800648096,Marie Benmouyal,DEN,Denmark,2008,121.75,https://www.itftennis.com/tennis/api/PlayerRankApi/GetPlayerRankings?circuitCode=JT&playerTypeCode=G&ageCategoryCode=&juniorRankingType=itf&take=100&skip=700&isOrderAscending=true,2026-09-07T16:21:09.953Z
2026-09-07,F,756,800666023,Natalie Havelkova,CZE,Czechia,2010,121.75,https://www.itftennis.com/tennis/api/PlayerRankApi/GetPlayerRankings?circuitCode=JT&playerTypeCode=G&ageCategoryCode=&juniorRankingType=itf&take=100&skip=700&isOrderAscending=true,2026-09-07T16:21:09.953Z
2026-09-07,F,757,800791723,Jinyu Zhou,CHN,"China, P.R.",2012,121.5,https://www.itftennis.com/tennis/api/PlayerRankApi/GetPlayerRankings?circuitCode=JT&playerTypeCode=G&ageCategoryCode=&juniorRankingType=itf&take=100&skip=700&isOrderAscending=true,2026-09-07T16:21:09.953Z
2026-09-07,F,758,800585444,Marta Dobric,CRO,Croatia,2008,121.5,https://www.itftennis.com/tennis/api/PlayerRankApi/GetPlayerRankings?circuitCode=JT&playerTypeCode=G&ageCategoryCode=&juniorRankingType=itf&take=100&skip=700&isOrderAscending=true,2026-09-07T16:21:09.953Z
2026-09-07,F,759,800748700,Alicia Londono,COL,Colombia,2010,121.5,https://www.itftennis.com/tennis/api/PlayerRankApi/GetPlayerRankings?circuitCode=JT&playerTypeCode=G&ageCategoryCode=&juniorRankingType=itf&take=100&skip=700&isOrderAscending=true,2026-09-07T16:21:09.953Z
2026-09-07,F,760,800749245,Emina Honic,SWE,Sweden,2011,121.5,https://www.itftennis.com/tennis/api/PlayerRankApi/GetPlayerRankings?circuitCode=JT&playerTypeCode=G&ageCategoryCode=&juniorRankingType=itf&take=100&skip=700&isOrderAscending=true,2026-09-07T16:21:09.953Z
2026-09-07,F,761,800791364,Anna Scott Laney,USA,USA,2011,121,https://www.itftennis.com/tennis/api/PlayerRankApi/GetPlayerRankings?circuitCode=JT&playerTypeCode=G&ageCategoryCode=&juniorRankingType=itf&take=100&skip=700&isOrderAscending=true,2026-09-07T16:21:09.953Z
2026-09-07,F,762,800668879,Lotti Teker,HUN,Hungary,2009,121,https://www.itftennis.com/tennis/api/PlayerRankApi/GetPlayerRankings?circuitCode=JT&playerTypeCode=G&ageCategoryCode=&juniorRankingType=itf&take=100&skip=700&isOrderAscending=true,2026-09-07T16:21:09.953Z
2026-09-07,F,763,800599911,Zoe Ulrich,FRA,France,2008,120,https://www.itftennis.com/tennis/api/PlayerRankApi/GetPlayerRankings?circuitCode=JT&playerTypeCode=G&ageCategoryCode=&juniorRankingType=itf&take=100&skip=700&isOrderAscending=true,2026-09-07T16:21:09.953Z
2026-09-07,F,764,800653471,Lillian Santos,USA,USA,2008,119.5,https://www.itftennis.com/tennis/api/PlayerRankApi/GetPlayerRankings?circuitCode=JT&playerTypeCode=G&ageCategoryCode=&juniorRankingType=itf&take=100&skip=700&isOrderAscending=true,2026-09-07T16:21:09.953Z
2026-09-07,F,765,800563166,Tereza Ruzickova,CZE,Czechia,2008,119.5,https://www.itftennis.com/tennis/api/PlayerRankApi/GetPlayerRankings?circuitCode=JT&playerTypeCode=G&ageCategoryCode=&juniorRankingType=itf&take=100&skip=700&isOrderAscending=true,2026-09-07T16:21:09.953Z
2026-09-07,F,766,800699953,Anna-Sophia Andrei,ROU,Romania,2009,119.5,https://www.itftennis.com/tennis/api/PlayerRankApi/GetPlayerRankings?circuitCode=JT&playerTypeCode=G&ageCategoryCode=&juniorRankingType=itf&take=100&skip=700&isOrderAscending=true,2026-09-07T16:21:09.953Z
2026-09-07,F,767,800694072,Iva Jerkovic,CRO,Croatia,2010,119.5,https://www.itftennis.com/tennis/api/PlayerRankApi/GetPlayerRankings?circuitCode=JT&playerTypeCode=G&ageCategoryCode=&juniorRankingType=itf&take=100&skip=700&isOrderAscending=true,2026-09-07T16:21:09.953Z
2026-09-07,F,768,800779644,Ke-Chieh Hsu,TPE,Chinese Taipei,2012,119.5,https://www.itftennis.com/tennis/api/PlayerRankApi/GetPlayerRankings?circuitCode=JT&playerTypeCode=G&ageCategoryCode=&juniorRankingType=itf&take=100&skip=700&isOrderAscending=true,2026-09-07T16:21:09.953Z
2026-09-07,F,769,800711333,Karolina Ligai,KAZ,Kazakhstan,2010,119,https://www.itftennis.com/tennis/api/PlayerRankApi/GetPlayerRankings?circuitCode=JT&playerTypeCode=G&ageCategoryCode=&juniorRankingType=itf&take=100&skip=700&isOrderAscending=true,2026-09-07T16:21:09.953Z
2026-09-07,F,770,800696049,Lea casse cotellon,FRA,France,2011,119,https://www.itftennis.com/tennis/api/PlayerRankApi/GetPlayerRankings?circuitCode=JT&playerTypeCode=G&ageCategoryCode=&juniorRankingType=itf&take=100&skip=700&isOrderAscending=true,2026-09-07T16:21:09.953Z
2026-09-07,F,771,800687315,Valeriia Derevyankina,RUS,Russia,2008,119,https://www.itftennis.com/tennis/api/PlayerRankApi/GetPlayerRankings?circuitCode=JT&playerTypeCode=G&ageCategoryCode=&juniorRankingType=itf&take=100&skip=700&isOrderAscending=true,2026-09-07T16:21:09.953Z
2026-09-07,F,772,800671293,Dimitra Koumoutsea,GRE,Greece,2009,118.75,https://www.itftennis.com/tennis/api/PlayerRankApi/GetPlayerRankings?circuitCode=JT&playerTypeCode=G&ageCategoryCode=&juniorRankingType=itf&take=100&skip=700&isOrderAscending=true,2026-09-07T16:21:09.953Z
2026-09-07,F,773,800675960,Poudima Anne-Marie Bre-Naam Gnarou,TOG,Togo,2008,118.75,https://www.itftennis.com/tennis/api/PlayerRankApi/GetPlayerRankings?circuitCode=JT&playerTypeCode=G&ageCategoryCode=&juniorRankingType=itf&take=100&skip=700&isOrderAscending=true,2026-09-07T16:21:09.953Z
2026-09-07,F,774,800762811,Kimika Fukui,JPN,Japan,2011,118.75,https://www.itftennis.com/tennis/api/PlayerRankApi/GetPlayerRankings?circuitCode=JT&playerTypeCode=G&ageCategoryCode=&juniorRankingType=itf&take=100&skip=700&isOrderAscending=true,2026-09-07T16:21:09.953Z
2026-09-07,F,775,800666092,Kristyna Prikrylova,CZE,Czechia,2010,118.5,https://www.itftennis.com/tennis/api/PlayerRankApi/GetPlayerRankings?circuitCode=JT&playerTypeCode=G&ageCategoryCode=&juniorRankingType=itf&take=100&skip=700&isOrderAscending=true,2026-09-07T16:21:09.953Z
2026-09-07,F,776,800595048,Sofia Kryvoruchko,UKR,Ukraine,2009,118.25,https://www.itftennis.com/tennis/api/PlayerRankApi/GetPlayerRankings?circuitCode=JT&playerTypeCode=G&ageCategoryCode=&juniorRankingType=itf&take=100&skip=700&isOrderAscending=true,2026-09-07T16:21:09.953Z
2026-09-07,F,777,800653958,shahar manhard,ISR,Israel,2008,118,https://www.itftennis.com/tennis/api/PlayerRankApi/GetPlayerRankings?circuitCode=JT&playerTypeCode=G&ageCategoryCode=&juniorRankingType=itf&take=100&skip=700&isOrderAscending=true,2026-09-07T16:21:09.953Z
2026-09-07,F,778,800680538,Valentyna Benda,CZE,Czechia,2008,117.75,https://www.itftennis.com/tennis/api/PlayerRankApi/GetPlayerRankings?circuitCode=JT&playerTypeCode=G&ageCategoryCode=&juniorRankingType=itf&take=100&skip=700&isOrderAscending=true,2026-09-07T16:21:09.953Z
2026-09-07,F,779,800765371,Kiana Smith,USA,USA,2010,117.5,https://www.itftennis.com/tennis/api/PlayerRankApi/GetPlayerRankings?circuitCode=JT&playerTypeCode=G&ageCategoryCode=&juniorRankingType=itf&take=100&skip=700&isOrderAscending=true,2026-09-07T16:21:09.953Z
2026-09-07,F,780,800749804,Jessica Benetkova,CZE,Czechia,2009,117.25,https://www.itftennis.com/tennis/api/PlayerRankApi/GetPlayerRankings?circuitCode=JT&playerTypeCode=G&ageCategoryCode=&juniorRankingType=itf&take=100&skip=700&isOrderAscending=true,2026-09-07T16:21:09.953Z
2026-09-07,F,781,800672404,Natalie Tsatsalashvili,CAN,Canada,2009,117.25,https://www.itftennis.com/tennis/api/PlayerRankApi/GetPlayerRankings?circuitCode=JT&playerTypeCode=G&ageCategoryCode=&juniorRankingType=itf&take=100&skip=700&isOrderAscending=true,2026-09-07T16:21:09.953Z
2026-09-07,F,782,800739938,Isabel Cairns,AUS,Australia,2011,117,https://www.itftennis.com/tennis/api/PlayerRankApi/GetPlayerRankings?circuitCode=JT&playerTypeCode=G&ageCategoryCode=&juniorRankingType=itf&take=100&skip=700&isOrderAscending=true,2026-09-07T16:21:09.953Z
2026-09-07,F,783,800808101,Veronika Benackova,CZE,Czechia,2009,117,https://www.itftennis.com/tennis/api/PlayerRankApi/GetPlayerRankings?circuitCode=JT&playerTypeCode=G&ageCategoryCode=&juniorRankingType=itf&take=100&skip=700&isOrderAscending=true,2026-09-07T16:21:09.953Z
2026-09-07,F,784,800715628,Emilia Eyva Thygesen,DEN,Denmark,2011,116.75,https://www.itftennis.com/tennis/api/PlayerRankApi/GetPlayerRankings?circuitCode=JT&playerTypeCode=G&ageCategoryCode=&juniorRankingType=itf&take=100&skip=700&isOrderAscending=true,2026-09-07T16:21:09.953Z
2026-09-07,F,785,800765937,Shangran Cai,CHN,"China, P.R.",2012,116.75,https://www.itftennis.com/tennis/api/PlayerRankApi/GetPlayerRankings?circuitCode=JT&playerTypeCode=G&ageCategoryCode=&juniorRankingType=itf&take=100&skip=700&isOrderAscending=true,2026-09-07T16:21:09.953Z
2026-09-07,F,786,800725837,Oyku Sahbaz,TUR,Turkiye,2009,116.5,https://www.itftennis.com/tennis/api/PlayerRankApi/GetPlayerRankings?circuitCode=JT&playerTypeCode=G&ageCategoryCode=&juniorRankingType=itf&take=100&skip=700&isOrderAscending=true,2026-09-07T16:21:09.953Z
2026-09-07,F,787,800784408,Selima Bendhia,TUN,Tunisia,2011,116.25,https://www.itftennis.com/tennis/api/PlayerRankApi/GetPlayerRankings?circuitCode=JT&playerTypeCode=G&ageCategoryCode=&juniorRankingType=itf&take=100&skip=700&isOrderAscending=true,2026-09-07T16:21:09.953Z
2026-09-07,F,788,800639339,Sofia Nasonova,RUS,Russia,2009,116,https://www.itftennis.com/tennis/api/PlayerRankApi/GetPlayerRankings?circuitCode=JT&playerTypeCode=G&ageCategoryCode=&juniorRankingType=itf&take=100&skip=700&isOrderAscending=true,2026-09-07T16:21:09.953Z
2026-09-07,F,789,800639817,Aya Lababidi,FRA,France,2010,116,https://www.itftennis.com/tennis/api/PlayerRankApi/GetPlayerRankings?circuitCode=JT&playerTypeCode=G&ageCategoryCode=&juniorRankingType=itf&take=100&skip=700&isOrderAscending=true,2026-09-07T16:21:09.953Z
2026-09-07,F,790,800645610,Samantha Alvarez,CHI,Chile,2008,116,https://www.itftennis.com/tennis/api/PlayerRankApi/GetPlayerRankings?circuitCode=JT&playerTypeCode=G&ageCategoryCode=&juniorRankingType=itf&take=100&skip=700&isOrderAscending=true,2026-09-07T16:21:09.953Z
2026-09-07,F,791,800780046,Vasilisa Marchenko,RUS,Russia,2012,116,https://www.itftennis.com/tennis/api/PlayerRankApi/GetPlayerRankings?circuitCode=JT&playerTypeCode=G&ageCategoryCode=&juniorRankingType=itf&take=100&skip=700&isOrderAscending=true,2026-09-07T16:21:09.953Z
2026-09-07,F,792,800653276,Emilia Milash,RUS,Russia,2009,115.75,https://www.itftennis.com/tennis/api/PlayerRankApi/GetPlayerRankings?circuitCode=JT&playerTypeCode=G&ageCategoryCode=&juniorRankingType=itf&take=100&skip=700&isOrderAscending=true,2026-09-07T16:21:09.953Z
2026-09-07,F,793,800753960,Martina Toniasso Mattos,BRA,Brazil,2011,115.5,https://www.itftennis.com/tennis/api/PlayerRankApi/GetPlayerRankings?circuitCode=JT&playerTypeCode=G&ageCategoryCode=&juniorRankingType=itf&take=100&skip=700&isOrderAscending=true,2026-09-07T16:21:09.953Z
2026-09-07,F,794,800780458,Noemi Nogradi,HUN,Hungary,2011,115.25,https://www.itftennis.com/tennis/api/PlayerRankApi/GetPlayerRankings?circuitCode=JT&playerTypeCode=G&ageCategoryCode=&juniorRankingType=itf&take=100&skip=700&isOrderAscending=true,2026-09-07T16:21:09.953Z
2026-09-07,F,795,800694981,Nicole Saidizand,SWE,Sweden,2010,114.75,https://www.itftennis.com/tennis/api/PlayerRankApi/GetPlayerRankings?circuitCode=JT&playerTypeCode=G&ageCategoryCode=&juniorRankingType=itf&take=100&skip=700&isOrderAscending=true,2026-09-07T16:21:09.953Z
2026-09-07,F,796,800696889,Ilina Ilieva,BUL,Bulgaria,2011,114.5,https://www.itftennis.com/tennis/api/PlayerRankApi/GetPlayerRankings?circuitCode=JT&playerTypeCode=G&ageCategoryCode=&juniorRankingType=itf&take=100&skip=700&isOrderAscending=true,2026-09-07T16:21:09.953Z
2026-09-07,F,797,800593788,Lulwa Naswardhani,INA,Indonesia,2008,114.25,https://www.itftennis.com/tennis/api/PlayerRankApi/GetPlayerRankings?circuitCode=JT&playerTypeCode=G&ageCategoryCode=&juniorRankingType=itf&take=100&skip=700&isOrderAscending=true,2026-09-07T16:21:09.953Z
2026-09-07,F,798,800662902,Aya Manning,USA,USA,2008,114,https://www.itftennis.com/tennis/api/PlayerRankApi/GetPlayerRankings?circuitCode=JT&playerTypeCode=G&ageCategoryCode=&juniorRankingType=itf&take=100&skip=700&isOrderAscending=true,2026-09-07T16:21:09.953Z
2026-09-07,F,799,800756269,SIQI WANG,CHN,"China, P.R.",2010,114,https://www.itftennis.com/tennis/api/PlayerRankApi/GetPlayerRankings?circuitCode=JT&playerTypeCode=G&ageCategoryCode=&juniorRankingType=itf&take=100&skip=700&isOrderAscending=true,2026-09-07T16:21:09.953Z
2026-09-07,F,800,800668206,Mariia Nozdrachova,UKR,Ukraine,2009,114,https://www.itftennis.com/tennis/api/PlayerRankApi/GetPlayerRankings?circuitCode=JT&playerTypeCode=G&ageCategoryCode=&juniorRankingType=itf&take=100&skip=700&isOrderAscending=true,2026-09-07T16:21:09.953Z
2026-09-07,F,801,800628586,Emilia Lu Knapik,POL,Poland,2009,113.75,https://www.itftennis.com/tennis/api/PlayerRankApi/GetPlayerRankings?circuitCode=JT&playerTypeCode=G&ageCategoryCode=&juniorRankingType=itf&take=100&skip=800&isOrderAscending=true,2026-09-07T16:21:10.767Z
2026-09-07,F,802,800749588,Parthsarthi Arun Mundhe,IND,India,2010,113.5,https://www.itftennis.com/tennis/api/PlayerRankApi/GetPlayerRankings?circuitCode=JT&playerTypeCode=G&ageCategoryCode=&juniorRankingType=itf&take=100&skip=800&isOrderAscending=true,2026-09-07T16:21:10.768Z
2026-09-07,F,803,800733055,Ava Khalil,USA,USA,2009,113.5,https://www.itftennis.com/tennis/api/PlayerRankApi/GetPlayerRankings?circuitCode=JT&playerTypeCode=G&ageCategoryCode=&juniorRankingType=itf&take=100&skip=800&isOrderAscending=true,2026-09-07T16:21:10.768Z
2026-09-07,F,804,800637158,Fredrika Nicander,SWE,Sweden,2008,113.5,https://www.itftennis.com/tennis/api/PlayerRankApi/GetPlayerRankings?circuitCode=JT&playerTypeCode=G&ageCategoryCode=&juniorRankingType=itf&take=100&skip=800&isOrderAscending=true,2026-09-07T16:21:10.768Z
2026-09-07,F,805,800664485,Charnelle FOZO,CMR,Cameroon,2008,113.5,https://www.itftennis.com/tennis/api/PlayerRankApi/GetPlayerRankings?circuitCode=JT&playerTypeCode=G&ageCategoryCode=&juniorRankingType=itf&take=100&skip=800&isOrderAscending=true,2026-09-07T16:21:10.768Z
2026-09-07,F,806,800708739,Clarice Ouvarova,GBR,Great Britain,2010,113.25,https://www.itftennis.com/tennis/api/PlayerRankApi/GetPlayerRankings?circuitCode=JT&playerTypeCode=G&ageCategoryCode=&juniorRankingType=itf&take=100&skip=800&isOrderAscending=true,2026-09-07T16:21:10.768Z
2026-09-07,F,807,800704143,Layla Notta,CAN,Canada,2008,113,https://www.itftennis.com/tennis/api/PlayerRankApi/GetPlayerRankings?circuitCode=JT&playerTypeCode=G&ageCategoryCode=&juniorRankingType=itf&take=100&skip=800&isOrderAscending=true,2026-09-07T16:21:10.768Z
2026-09-07,F,808,800653258,Lidia Fadeeva,RUS,Russia,2010,112.75,https://www.itftennis.com/tennis/api/PlayerRankApi/GetPlayerRankings?circuitCode=JT&playerTypeCode=G&ageCategoryCode=&juniorRankingType=itf&take=100&skip=800&isOrderAscending=true,2026-09-07T16:21:10.768Z
2026-09-07,F,809,800648388,Jaimee Collinson,NZL,New Zealand,2008,112.25,https://www.itftennis.com/tennis/api/PlayerRankApi/GetPlayerRankings?circuitCode=JT&playerTypeCode=G&ageCategoryCode=&juniorRankingType=itf&take=100&skip=800&isOrderAscending=true,2026-09-07T16:21:10.768Z
2026-09-07,F,810,800663579,Ana Maria Popa Lazar,ROU,Romania,2009,112.25,https://www.itftennis.com/tennis/api/PlayerRankApi/GetPlayerRankings?circuitCode=JT&playerTypeCode=G&ageCategoryCode=&juniorRankingType=itf&take=100&skip=800&isOrderAscending=true,2026-09-07T16:21:10.768Z
2026-09-07,F,811,800733624,Fernanda Gutierrez Perez,MEX,Mexico,2009,112.25,https://www.itftennis.com/tennis/api/PlayerRankApi/GetPlayerRankings?circuitCode=JT&playerTypeCode=G&ageCategoryCode=&juniorRankingType=itf&take=100&skip=800&isOrderAscending=true,2026-09-07T16:21:10.768Z
2026-09-07,F,812,800706744,YELYZAVETA HUCHKO,UKR,Ukraine,2011,112,https://www.itftennis.com/tennis/api/PlayerRankApi/GetPlayerRankings?circuitCode=JT&playerTypeCode=G&ageCategoryCode=&juniorRankingType=itf&take=100&skip=800&isOrderAscending=true,2026-09-07T16:21:10.768Z
2026-09-07,F,813,800696205,Safia ALLANI,TUN,Tunisia,2008,112,https://www.itftennis.com/tennis/api/PlayerRankApi/GetPlayerRankings?circuitCode=JT&playerTypeCode=G&ageCategoryCode=&juniorRankingType=itf&take=100&skip=800&isOrderAscending=true,2026-09-07T16:21:10.768Z
2026-09-07,F,814,800691462,Maria Azizyan,ARM,Armenia,2011,112,https://www.itftennis.com/tennis/api/PlayerRankApi/GetPlayerRankings?circuitCode=JT&playerTypeCode=G&ageCategoryCode=&juniorRankingType=itf&take=100&skip=800&isOrderAscending=true,2026-09-07T16:21:10.768Z
2026-09-07,F,815,800741109,Heidi Felicia Schmal,SUI,Switzerland,2008,111.75,https://www.itftennis.com/tennis/api/PlayerRankApi/GetPlayerRankings?circuitCode=JT&playerTypeCode=G&ageCategoryCode=&juniorRankingType=itf&take=100&skip=800&isOrderAscending=true,2026-09-07T16:21:10.768Z
2026-09-07,F,816,800685356,Sakura Mori,JPN,Japan,2010,111.75,https://www.itftennis.com/tennis/api/PlayerRankApi/GetPlayerRankings?circuitCode=JT&playerTypeCode=G&ageCategoryCode=&juniorRankingType=itf&take=100&skip=800&isOrderAscending=true,2026-09-07T16:21:10.768Z
2026-09-07,F,817,800570259,Ophelie Boullay,FRA,France,2008,111.25,https://www.itftennis.com/tennis/api/PlayerRankApi/GetPlayerRankings?circuitCode=JT&playerTypeCode=G&ageCategoryCode=&juniorRankingType=itf&take=100&skip=800&isOrderAscending=true,2026-09-07T16:21:10.768Z
2026-09-07,F,818,800668431,Jasmine Maria Stroe,ROU,Romania,2010,111,https://www.itftennis.com/tennis/api/PlayerRankApi/GetPlayerRankings?circuitCode=JT&playerTypeCode=G&ageCategoryCode=&juniorRankingType=itf&take=100&skip=800&isOrderAscending=true,2026-09-07T16:21:10.768Z
2026-09-07,F,819,800702286,Isabella Rebel,GBR,Great Britain,2012,111,https://www.itftennis.com/tennis/api/PlayerRankApi/GetPlayerRankings?circuitCode=JT&playerTypeCode=G&ageCategoryCode=&juniorRankingType=itf&take=100&skip=800&isOrderAscending=true,2026-09-07T16:21:10.768Z
2026-09-07,F,820,800799785,Lola Tremellat,FRA,France,2011,111,https://www.itftennis.com/tennis/api/PlayerRankApi/GetPlayerRankings?circuitCode=JT&playerTypeCode=G&ageCategoryCode=&juniorRankingType=itf&take=100&skip=800&isOrderAscending=true,2026-09-07T16:21:10.768Z
2026-09-07,F,821,800691229,Maryia Magro,MLT,Malta,2011,110.5,https://www.itftennis.com/tennis/api/PlayerRankApi/GetPlayerRankings?circuitCode=JT&playerTypeCode=G&ageCategoryCode=&juniorRankingType=itf&take=100&skip=800&isOrderAscending=true,2026-09-07T16:21:10.768Z
2026-09-07,F,822,800667639,NIKOL NEHRIA,UKR,Ukraine,2010,110.25,https://www.itftennis.com/tennis/api/PlayerRankApi/GetPlayerRankings?circuitCode=JT&playerTypeCode=G&ageCategoryCode=&juniorRankingType=itf&take=100&skip=800&isOrderAscending=true,2026-09-07T16:21:10.768Z
2026-09-07,F,823,800745022,Anna Jancarikova,CZE,Czechia,2011,110,https://www.itftennis.com/tennis/api/PlayerRankApi/GetPlayerRankings?circuitCode=JT&playerTypeCode=G&ageCategoryCode=&juniorRankingType=itf&take=100&skip=800&isOrderAscending=true,2026-09-07T16:21:10.768Z
2026-09-07,F,824,800736260,Noelle Dai,CAN,Canada,2010,110,https://www.itftennis.com/tennis/api/PlayerRankApi/GetPlayerRankings?circuitCode=JT&playerTypeCode=G&ageCategoryCode=&juniorRankingType=itf&take=100&skip=800&isOrderAscending=true,2026-09-07T16:21:10.768Z
2026-09-07,F,825,800593287,Rafaela Simeonova,BUL,Bulgaria,2008,110,https://www.itftennis.com/tennis/api/PlayerRankApi/GetPlayerRankings?circuitCode=JT&playerTypeCode=G&ageCategoryCode=&juniorRankingType=itf&take=100&skip=800&isOrderAscending=true,2026-09-07T16:21:10.768Z
2026-09-07,F,826,800667380,Sunmin AHN,KOR,"Korea, Rep.",2009,109.75,https://www.itftennis.com/tennis/api/PlayerRankApi/GetPlayerRankings?circuitCode=JT&playerTypeCode=G&ageCategoryCode=&juniorRankingType=itf&take=100&skip=800&isOrderAscending=true,2026-09-07T16:21:10.768Z
2026-09-07,F,827,800778825,Yuting Zhang,CHN,"China, P.R.",2011,109.75,https://www.itftennis.com/tennis/api/PlayerRankApi/GetPlayerRankings?circuitCode=JT&playerTypeCode=G&ageCategoryCode=&juniorRankingType=itf&take=100&skip=800&isOrderAscending=true,2026-09-07T16:21:10.768Z
2026-09-07,F,828,800737682,Kira Mikaelian,RUS,Russia,2012,109.25,https://www.itftennis.com/tennis/api/PlayerRankApi/GetPlayerRankings?circuitCode=JT&playerTypeCode=G&ageCategoryCode=&juniorRankingType=itf&take=100&skip=800&isOrderAscending=true,2026-09-07T16:21:10.768Z
2026-09-07,F,829,800689738,Sofia Almeida,POR,Portugal,2010,109.25,https://www.itftennis.com/tennis/api/PlayerRankApi/GetPlayerRankings?circuitCode=JT&playerTypeCode=G&ageCategoryCode=&juniorRankingType=itf&take=100&skip=800&isOrderAscending=true,2026-09-07T16:21:10.768Z
2026-09-07,F,830,800668372,Tereza Tsybulska,UKR,Ukraine,2010,109.25,https://www.itftennis.com/tennis/api/PlayerRankApi/GetPlayerRankings?circuitCode=JT&playerTypeCode=G&ageCategoryCode=&juniorRankingType=itf&take=100&skip=800&isOrderAscending=true,2026-09-07T16:21:10.768Z
2026-09-07,F,831,800667711,Wilhelmina Vainikka,FIN,Finland,2009,109.25,https://www.itftennis.com/tennis/api/PlayerRankApi/GetPlayerRankings?circuitCode=JT&playerTypeCode=G&ageCategoryCode=&juniorRankingType=itf&take=100&skip=800&isOrderAscending=true,2026-09-07T16:21:10.768Z
2026-09-07,F,832,800595930,Alisa Kodzhebash,RUS,Russia,2008,109,https://www.itftennis.com/tennis/api/PlayerRankApi/GetPlayerRankings?circuitCode=JT&playerTypeCode=G&ageCategoryCode=&juniorRankingType=itf&take=100&skip=800&isOrderAscending=true,2026-09-07T16:21:10.768Z
2026-09-07,F,833,800719179,Ana Julia Sartori,BRA,Brazil,2009,109,https://www.itftennis.com/tennis/api/PlayerRankApi/GetPlayerRankings?circuitCode=JT&playerTypeCode=G&ageCategoryCode=&juniorRankingType=itf&take=100&skip=800&isOrderAscending=true,2026-09-07T16:21:10.768Z
2026-09-07,F,834,800640045,Bicene Benzaied,TUN,Tunisia,2009,108.75,https://www.itftennis.com/tennis/api/PlayerRankApi/GetPlayerRankings?circuitCode=JT&playerTypeCode=G&ageCategoryCode=&juniorRankingType=itf&take=100&skip=800&isOrderAscending=true,2026-09-07T16:21:10.768Z
2026-09-07,F,835,800592195,Ekaterina Duvanova,RUS,Russia,2009,107.75,https://www.itftennis.com/tennis/api/PlayerRankApi/GetPlayerRankings?circuitCode=JT&playerTypeCode=G&ageCategoryCode=&juniorRankingType=itf&take=100&skip=800&isOrderAscending=true,2026-09-07T16:21:10.768Z
2026-09-07,F,836,800722468,Ayaka Iwasa,JPN,Japan,2012,107.75,https://www.itftennis.com/tennis/api/PlayerRankApi/GetPlayerRankings?circuitCode=JT&playerTypeCode=G&ageCategoryCode=&juniorRankingType=itf&take=100&skip=800&isOrderAscending=true,2026-09-07T16:21:10.768Z
2026-09-07,F,837,800580907,Kai Ning Chanya Ng,SGP,Singapore,2008,107.75,https://www.itftennis.com/tennis/api/PlayerRankApi/GetPlayerRankings?circuitCode=JT&playerTypeCode=G&ageCategoryCode=&juniorRankingType=itf&take=100&skip=800&isOrderAscending=true,2026-09-07T16:21:10.768Z
2026-09-07,F,838,800704543,Eva Maria Bulai,ROU,Romania,2012,107.25,https://www.itftennis.com/tennis/api/PlayerRankApi/GetPlayerRankings?circuitCode=JT&playerTypeCode=G&ageCategoryCode=&juniorRankingType=itf&take=100&skip=800&isOrderAscending=true,2026-09-07T16:21:10.768Z
2026-09-07,F,839,800635897,Hedvig Turesson,SWE,Sweden,2009,107,https://www.itftennis.com/tennis/api/PlayerRankApi/GetPlayerRankings?circuitCode=JT&playerTypeCode=G&ageCategoryCode=&juniorRankingType=itf&take=100&skip=800&isOrderAscending=true,2026-09-07T16:21:10.768Z
2026-09-07,F,840,800684190,Riko Shozui,JPN,Japan,2011,107,https://www.itftennis.com/tennis/api/PlayerRankApi/GetPlayerRankings?circuitCode=JT&playerTypeCode=G&ageCategoryCode=&juniorRankingType=itf&take=100&skip=800&isOrderAscending=true,2026-09-07T16:21:10.768Z
2026-09-07,F,841,800621792,Malgorzata Bajorek,POL,Poland,2008,106.5,https://www.itftennis.com/tennis/api/PlayerRankApi/GetPlayerRankings?circuitCode=JT&playerTypeCode=G&ageCategoryCode=&juniorRankingType=itf&take=100&skip=800&isOrderAscending=true,2026-09-07T16:21:10.768Z
2026-09-07,F,842,800671137,Quirina Trea,INA,Indonesia,2009,106.5,https://www.itftennis.com/tennis/api/PlayerRankApi/GetPlayerRankings?circuitCode=JT&playerTypeCode=G&ageCategoryCode=&juniorRankingType=itf&take=100&skip=800&isOrderAscending=true,2026-09-07T16:21:10.768Z
2026-09-07,F,843,800734163,Gulden Azamatkyzy,KAZ,Kazakhstan,2010,106.25,https://www.itftennis.com/tennis/api/PlayerRankApi/GetPlayerRankings?circuitCode=JT&playerTypeCode=G&ageCategoryCode=&juniorRankingType=itf&take=100&skip=800&isOrderAscending=true,2026-09-07T16:21:10.768Z
2026-09-07,F,844,800695033,Sophia-Elena Nicolae,BEL,Belgium,2010,106.25,https://www.itftennis.com/tennis/api/PlayerRankApi/GetPlayerRankings?circuitCode=JT&playerTypeCode=G&ageCategoryCode=&juniorRankingType=itf&take=100&skip=800&isOrderAscending=true,2026-09-07T16:21:10.768Z
2026-09-07,F,845,800721891,CAIRA DELFINA VEGA GUDINO,ARG,Argentina,2010,106.25,https://www.itftennis.com/tennis/api/PlayerRankApi/GetPlayerRankings?circuitCode=JT&playerTypeCode=G&ageCategoryCode=&juniorRankingType=itf&take=100&skip=800&isOrderAscending=true,2026-09-07T16:21:10.768Z
2026-09-07,F,846,800692017,Anna Brunet-Brady,FRA,France,2010,106,https://www.itftennis.com/tennis/api/PlayerRankApi/GetPlayerRankings?circuitCode=JT&playerTypeCode=G&ageCategoryCode=&juniorRankingType=itf&take=100&skip=800&isOrderAscending=true,2026-09-07T16:21:10.768Z
2026-09-07,F,847,800693901,Isabella Yepez Guzman,ECU,Ecuador,2010,106,https://www.itftennis.com/tennis/api/PlayerRankApi/GetPlayerRankings?circuitCode=JT&playerTypeCode=G&ageCategoryCode=&juniorRankingType=itf&take=100&skip=800&isOrderAscending=true,2026-09-07T16:21:10.768Z
2026-09-07,F,848,800636050,Janne Vanden Abeele,BEL,Belgium,2009,105.5,https://www.itftennis.com/tennis/api/PlayerRankApi/GetPlayerRankings?circuitCode=JT&playerTypeCode=G&ageCategoryCode=&juniorRankingType=itf&take=100&skip=800&isOrderAscending=true,2026-09-07T16:21:10.768Z
2026-09-07,F,849,800746032,Karina Berska,CAN,Canada,2011,105.25,https://www.itftennis.com/tennis/api/PlayerRankApi/GetPlayerRankings?circuitCode=JT&playerTypeCode=G&ageCategoryCode=&juniorRankingType=itf&take=100&skip=800&isOrderAscending=true,2026-09-07T16:21:10.768Z
2026-09-07,F,850,800702808,OLIMPIA JAGODZINSKA,POL,Poland,2011,105,https://www.itftennis.com/tennis/api/PlayerRankApi/GetPlayerRankings?circuitCode=JT&playerTypeCode=G&ageCategoryCode=&juniorRankingType=itf&take=100&skip=800&isOrderAscending=true,2026-09-07T16:21:10.768Z
2026-09-07,F,851,800791377,Florencia Mardones,ARG,Argentina,2011,104.5,https://www.itftennis.com/tennis/api/PlayerRankApi/GetPlayerRankings?circuitCode=JT&playerTypeCode=G&ageCategoryCode=&juniorRankingType=itf&take=100&skip=800&isOrderAscending=true,2026-09-07T16:21:10.768Z
2026-09-07,F,852,800679147,Mariana Teixeira de Paiva,BRA,Brazil,2009,104,https://www.itftennis.com/tennis/api/PlayerRankApi/GetPlayerRankings?circuitCode=JT&playerTypeCode=G&ageCategoryCode=&juniorRankingType=itf&take=100&skip=800&isOrderAscending=true,2026-09-07T16:21:10.768Z
2026-09-07,F,853,800745972,AKARI ODA,JPN,Japan,2010,104,https://www.itftennis.com/tennis/api/PlayerRankApi/GetPlayerRankings?circuitCode=JT&playerTypeCode=G&ageCategoryCode=&juniorRankingType=itf&take=100&skip=800&isOrderAscending=true,2026-09-07T16:21:10.768Z
2026-09-07,F,854,800656033,ISABELA DE MATTOS SILVA,BRA,Brazil,2008,103.75,https://www.itftennis.com/tennis/api/PlayerRankApi/GetPlayerRankings?circuitCode=JT&playerTypeCode=G&ageCategoryCode=&juniorRankingType=itf&take=100&skip=800&isOrderAscending=true,2026-09-07T16:21:10.768Z
2026-09-07,F,855,800732475,Xuetong Zhang,CHN,"China, P.R.",2009,103.5,https://www.itftennis.com/tennis/api/PlayerRankApi/GetPlayerRankings?circuitCode=JT&playerTypeCode=G&ageCategoryCode=&juniorRankingType=itf&take=100&skip=800&isOrderAscending=true,2026-09-07T16:21:10.768Z
2026-09-07,F,856,800739629,Mari Van Schalkwyk,NAM,Namibia,2009,103.5,https://www.itftennis.com/tennis/api/PlayerRankApi/GetPlayerRankings?circuitCode=JT&playerTypeCode=G&ageCategoryCode=&juniorRankingType=itf&take=100&skip=800&isOrderAscending=true,2026-09-07T16:21:10.768Z
2026-09-07,F,857,800625241,Isaure Bruscia,FRA,France,2009,103.25,https://www.itftennis.com/tennis/api/PlayerRankApi/GetPlayerRankings?circuitCode=JT&playerTypeCode=G&ageCategoryCode=&juniorRankingType=itf&take=100&skip=800&isOrderAscending=true,2026-09-07T16:21:10.768Z
2026-09-07,F,858,800719515,Charlotte Perks,GBR,Great Britain,2009,103.25,https://www.itftennis.com/tennis/api/PlayerRankApi/GetPlayerRankings?circuitCode=JT&playerTypeCode=G&ageCategoryCode=&juniorRankingType=itf&take=100&skip=800&isOrderAscending=true,2026-09-07T16:21:10.768Z
2026-09-07,F,859,800696336,Bela Martinez Rivero,PUR,Puerto Rico,2009,102.75,https://www.itftennis.com/tennis/api/PlayerRankApi/GetPlayerRankings?circuitCode=JT&playerTypeCode=G&ageCategoryCode=&juniorRankingType=itf&take=100&skip=800&isOrderAscending=true,2026-09-07T16:21:10.768Z
2026-09-07,F,860,800689989,Jiwon Hwang,KOR,"Korea, Rep.",2009,102.5,https://www.itftennis.com/tennis/api/PlayerRankApi/GetPlayerRankings?circuitCode=JT&playerTypeCode=G&ageCategoryCode=&juniorRankingType=itf&take=100&skip=800&isOrderAscending=true,2026-09-07T16:21:10.768Z
2026-09-07,F,861,800662498,Julia Myakotkina,RUS,Russia,2009,102.5,https://www.itftennis.com/tennis/api/PlayerRankApi/GetPlayerRankings?circuitCode=JT&playerTypeCode=G&ageCategoryCode=&juniorRankingType=itf&take=100&skip=800&isOrderAscending=true,2026-09-07T16:21:10.768Z
2026-09-07,F,862,800644659,Lara Seric,CRO,Croatia,2008,102.25,https://www.itftennis.com/tennis/api/PlayerRankApi/GetPlayerRankings?circuitCode=JT&playerTypeCode=G&ageCategoryCode=&juniorRankingType=itf&take=100&skip=800&isOrderAscending=true,2026-09-07T16:21:10.768Z
2026-09-07,F,863,800827221,Enya Hamilton,USA,USA,2010,102.25,https://www.itftennis.com/tennis/api/PlayerRankApi/GetPlayerRankings?circuitCode=JT&playerTypeCode=G&ageCategoryCode=&juniorRankingType=itf&take=100&skip=800&isOrderAscending=true,2026-09-07T16:21:10.768Z
2026-09-07,F,864,800800299,Yishan Jian,CHN,"China, P.R.",2010,102.25,https://www.itftennis.com/tennis/api/PlayerRankApi/GetPlayerRankings?circuitCode=JT&playerTypeCode=G&ageCategoryCode=&juniorRankingType=itf&take=100&skip=800&isOrderAscending=true,2026-09-07T16:21:10.768Z
2026-09-07,F,865,800709306,Maria Jose Gil Castillo,MEX,Mexico,2009,102.25,https://www.itftennis.com/tennis/api/PlayerRankApi/GetPlayerRankings?circuitCode=JT&playerTypeCode=G&ageCategoryCode=&juniorRankingType=itf&take=100&skip=800&isOrderAscending=true,2026-09-07T16:21:10.768Z
2026-09-07,F,866,800638188,Felien Willemse,NED,Netherlands,2008,102,https://www.itftennis.com/tennis/api/PlayerRankApi/GetPlayerRankings?circuitCode=JT&playerTypeCode=G&ageCategoryCode=&juniorRankingType=itf&take=100&skip=800&isOrderAscending=true,2026-09-07T16:21:10.768Z
2026-09-07,F,867,800716977,Natalia Maria Dicu,ROU,Romania,2012,102,https://www.itftennis.com/tennis/api/PlayerRankApi/GetPlayerRankings?circuitCode=JT&playerTypeCode=G&ageCategoryCode=&juniorRankingType=itf&take=100&skip=800&isOrderAscending=true,2026-09-07T16:21:10.768Z
2026-09-07,F,868,800750454,Victoria Gruntova,RUS,Russia,2012,102,https://www.itftennis.com/tennis/api/PlayerRankApi/GetPlayerRankings?circuitCode=JT&playerTypeCode=G&ageCategoryCode=&juniorRankingType=itf&take=100&skip=800&isOrderAscending=true,2026-09-07T16:21:10.768Z
2026-09-07,F,869,800676663,Kealani Agbulos,USA,USA,2008,101.25,https://www.itftennis.com/tennis/api/PlayerRankApi/GetPlayerRankings?circuitCode=JT&playerTypeCode=G&ageCategoryCode=&juniorRankingType=itf&take=100&skip=800&isOrderAscending=true,2026-09-07T16:21:10.768Z
2026-09-07,F,870,800768943,Rutendo Mellisa Mavhenyengwa,ZIM,Zimbabwe,2009,101,https://www.itftennis.com/tennis/api/PlayerRankApi/GetPlayerRankings?circuitCode=JT&playerTypeCode=G&ageCategoryCode=&juniorRankingType=itf&take=100&skip=800&isOrderAscending=true,2026-09-07T16:21:10.768Z
2026-09-07,F,871,800707780,MARIA CAMILA TOBON JIMENEZ,COL,Colombia,2010,100.75,https://www.itftennis.com/tennis/api/PlayerRankApi/GetPlayerRankings?circuitCode=JT&playerTypeCode=G&ageCategoryCode=&juniorRankingType=itf&take=100&skip=800&isOrderAscending=true,2026-09-07T16:21:10.768Z
2026-09-07,F,872,800707603,Brooke Komorowski,AUS,Australia,2009,100.5,https://www.itftennis.com/tennis/api/PlayerRankApi/GetPlayerRankings?circuitCode=JT&playerTypeCode=G&ageCategoryCode=&juniorRankingType=itf&take=100&skip=800&isOrderAscending=true,2026-09-07T16:21:10.768Z
2026-09-07,F,873,800693853,Noor Ceulemans,BEL,Belgium,2011,100.5,https://www.itftennis.com/tennis/api/PlayerRankApi/GetPlayerRankings?circuitCode=JT&playerTypeCode=G&ageCategoryCode=&juniorRankingType=itf&take=100&skip=800&isOrderAscending=true,2026-09-07T16:21:10.768Z
2026-09-07,F,874,800578769,Natalia Krockova,SVK,Slovakia,2008,100,https://www.itftennis.com/tennis/api/PlayerRankApi/GetPlayerRankings?circuitCode=JT&playerTypeCode=G&ageCategoryCode=&juniorRankingType=itf&take=100&skip=800&isOrderAscending=true,2026-09-07T16:21:10.768Z
2026-09-07,F,875,800713338,Valentina Huang,BRA,Brazil,2010,100,https://www.itftennis.com/tennis/api/PlayerRankApi/GetPlayerRankings?circuitCode=JT&playerTypeCode=G&ageCategoryCode=&juniorRankingType=itf&take=100&skip=800&isOrderAscending=true,2026-09-07T16:21:10.768Z
2026-09-07,F,876,800643286,Sorvisa Kulphisanrat,THA,Thailand,2009,100,https://www.itftennis.com/tennis/api/PlayerRankApi/GetPlayerRankings?circuitCode=JT&playerTypeCode=G&ageCategoryCode=&juniorRankingType=itf&take=100&skip=800&isOrderAscending=true,2026-09-07T16:21:10.768Z
2026-09-07,F,877,800579128,Anna Huisgen,FRA,France,2008,99.75,https://www.itftennis.com/tennis/api/PlayerRankApi/GetPlayerRankings?circuitCode=JT&playerTypeCode=G&ageCategoryCode=&juniorRankingType=itf&take=100&skip=800&isOrderAscending=true,2026-09-07T16:21:10.768Z
2026-09-07,F,878,800716189,Gabriela Baena,COL,Colombia,2011,99.5,https://www.itftennis.com/tennis/api/PlayerRankApi/GetPlayerRankings?circuitCode=JT&playerTypeCode=G&ageCategoryCode=&juniorRankingType=itf&take=100&skip=800&isOrderAscending=true,2026-09-07T16:21:10.768Z
2026-09-07,F,879,800722899,ANDO TIANTSOA RATRE,FRA,France,2011,99.5,https://www.itftennis.com/tennis/api/PlayerRankApi/GetPlayerRankings?circuitCode=JT&playerTypeCode=G&ageCategoryCode=&juniorRankingType=itf&take=100&skip=800&isOrderAscending=true,2026-09-07T16:21:10.768Z
2026-09-07,F,880,800665776,Kristina Kubalova,SVK,Slovakia,2008,99.5,https://www.itftennis.com/tennis/api/PlayerRankApi/GetPlayerRankings?circuitCode=JT&playerTypeCode=G&ageCategoryCode=&juniorRankingType=itf&take=100&skip=800&isOrderAscending=true,2026-09-07T16:21:10.768Z
2026-09-07,F,881,800748575,Sofiya Malysheva,KAZ,Kazakhstan,2011,99.25,https://www.itftennis.com/tennis/api/PlayerRankApi/GetPlayerRankings?circuitCode=JT&playerTypeCode=G&ageCategoryCode=&juniorRankingType=itf&take=100&skip=800&isOrderAscending=true,2026-09-07T16:21:10.768Z
2026-09-07,F,882,800697986,Laura Salvado,POR,Portugal,2010,99,https://www.itftennis.com/tennis/api/PlayerRankApi/GetPlayerRankings?circuitCode=JT&playerTypeCode=G&ageCategoryCode=&juniorRankingType=itf&take=100&skip=800&isOrderAscending=true,2026-09-07T16:21:10.768Z
2026-09-07,F,883,800660863,Yeon Joo Cha,KOR,"Korea, Rep.",2008,99,https://www.itftennis.com/tennis/api/PlayerRankApi/GetPlayerRankings?circuitCode=JT&playerTypeCode=G&ageCategoryCode=&juniorRankingType=itf&take=100&skip=800&isOrderAscending=true,2026-09-07T16:21:10.768Z
2026-09-07,F,884,800590048,Olesja Demcenkova,LAT,Latvia,2008,98.75,https://www.itftennis.com/tennis/api/PlayerRankApi/GetPlayerRankings?circuitCode=JT&playerTypeCode=G&ageCategoryCode=&juniorRankingType=itf&take=100&skip=800&isOrderAscending=true,2026-09-07T16:21:10.768Z
2026-09-07,F,885,800743169,Jihan LI,CHN,"China, P.R.",2010,98.5,https://www.itftennis.com/tennis/api/PlayerRankApi/GetPlayerRankings?circuitCode=JT&playerTypeCode=G&ageCategoryCode=&juniorRankingType=itf&take=100&skip=800&isOrderAscending=true,2026-09-07T16:21:10.768Z
2026-09-07,F,886,800745597,Noelle Zema,ITA,Italy,2010,98.5,https://www.itftennis.com/tennis/api/PlayerRankApi/GetPlayerRankings?circuitCode=JT&playerTypeCode=G&ageCategoryCode=&juniorRankingType=itf&take=100&skip=800&isOrderAscending=true,2026-09-07T16:21:10.768Z
2026-09-07,F,887,800806832,Zijie Yang,CHN,"China, P.R.",2011,98.5,https://www.itftennis.com/tennis/api/PlayerRankApi/GetPlayerRankings?circuitCode=JT&playerTypeCode=G&ageCategoryCode=&juniorRankingType=itf&take=100&skip=800&isOrderAscending=true,2026-09-07T16:21:10.768Z
2026-09-07,F,888,800723608,Sophia Valsted,DEN,Denmark,2011,98.25,https://www.itftennis.com/tennis/api/PlayerRankApi/GetPlayerRankings?circuitCode=JT&playerTypeCode=G&ageCategoryCode=&juniorRankingType=itf&take=100&skip=800&isOrderAscending=true,2026-09-07T16:21:10.768Z
2026-09-07,F,889,800660676,ANGEL PATEL,IND,India,2008,98,https://www.itftennis.com/tennis/api/PlayerRankApi/GetPlayerRankings?circuitCode=JT&playerTypeCode=G&ageCategoryCode=&juniorRankingType=itf&take=100&skip=800&isOrderAscending=true,2026-09-07T16:21:10.768Z
2026-09-07,F,890,800659912,Daria Dehmel,POL,Poland,2009,97.75,https://www.itftennis.com/tennis/api/PlayerRankApi/GetPlayerRankings?circuitCode=JT&playerTypeCode=G&ageCategoryCode=&juniorRankingType=itf&take=100&skip=800&isOrderAscending=true,2026-09-07T16:21:10.768Z
2026-09-07,F,891,800655936,sofia omati albieri,BRA,Brazil,2008,97.75,https://www.itftennis.com/tennis/api/PlayerRankApi/GetPlayerRankings?circuitCode=JT&playerTypeCode=G&ageCategoryCode=&juniorRankingType=itf&take=100&skip=800&isOrderAscending=true,2026-09-07T16:21:10.768Z
2026-09-07,F,892,800635401,Nika Cakarun,CRO,Croatia,2009,97.75,https://www.itftennis.com/tennis/api/PlayerRankApi/GetPlayerRankings?circuitCode=JT&playerTypeCode=G&ageCategoryCode=&juniorRankingType=itf&take=100&skip=800&isOrderAscending=true,2026-09-07T16:21:10.768Z
2026-09-07,F,893,800694728,Kamile Seliukaite,LTU,Lithuania,2011,97.75,https://www.itftennis.com/tennis/api/PlayerRankApi/GetPlayerRankings?circuitCode=JT&playerTypeCode=G&ageCategoryCode=&juniorRankingType=itf&take=100&skip=800&isOrderAscending=true,2026-09-07T16:21:10.768Z
2026-09-07,F,894,800709542,Leah Bush,GBR,Great Britain,2011,97.5,https://www.itftennis.com/tennis/api/PlayerRankApi/GetPlayerRankings?circuitCode=JT&playerTypeCode=G&ageCategoryCode=&juniorRankingType=itf&take=100&skip=800&isOrderAscending=true,2026-09-07T16:21:10.768Z
2026-09-07,F,895,800794788,Bianca Grim Mahn,BRA,Brazil,2009,97.25,https://www.itftennis.com/tennis/api/PlayerRankApi/GetPlayerRankings?circuitCode=JT&playerTypeCode=G&ageCategoryCode=&juniorRankingType=itf&take=100&skip=800&isOrderAscending=true,2026-09-07T16:21:10.768Z
2026-09-07,F,896,800773887,Wanbing Wang,CHN,"China, P.R.",2009,97.25,https://www.itftennis.com/tennis/api/PlayerRankApi/GetPlayerRankings?circuitCode=JT&playerTypeCode=G&ageCategoryCode=&juniorRankingType=itf&take=100&skip=800&isOrderAscending=true,2026-09-07T16:21:10.768Z
2026-09-07,F,897,800737870,Botshelo Diseko,RSA,South Africa,2009,97.25,https://www.itftennis.com/tennis/api/PlayerRankApi/GetPlayerRankings?circuitCode=JT&playerTypeCode=G&ageCategoryCode=&juniorRankingType=itf&take=100&skip=800&isOrderAscending=true,2026-09-07T16:21:10.768Z
2026-09-07,F,898,800578826,Shahzoda Artikbaeva,UZB,Uzbekistan,2008,97.25,https://www.itftennis.com/tennis/api/PlayerRankApi/GetPlayerRankings?circuitCode=JT&playerTypeCode=G&ageCategoryCode=&juniorRankingType=itf&take=100&skip=800&isOrderAscending=true,2026-09-07T16:21:10.768Z
2026-09-07,F,899,800664488,TEODORA GEORGIANA PETRE,ROU,Romania,2010,97.25,https://www.itftennis.com/tennis/api/PlayerRankApi/GetPlayerRankings?circuitCode=JT&playerTypeCode=G&ageCategoryCode=&juniorRankingType=itf&take=100&skip=800&isOrderAscending=true,2026-09-07T16:21:10.768Z
2026-09-07,F,900,800575081,Aleksandra Kachushkina,RUS,Russia,2008,97,https://www.itftennis.com/tennis/api/PlayerRankApi/GetPlayerRankings?circuitCode=JT&playerTypeCode=G&ageCategoryCode=&juniorRankingType=itf&take=100&skip=800&isOrderAscending=true,2026-09-07T16:21:10.768Z
2026-09-07,F,901,800706254,Aoi Yoshida,JPN,Japan,2011,97,https://www.itftennis.com/tennis/api/PlayerRankApi/GetPlayerRankings?circuitCode=JT&playerTypeCode=G&ageCategoryCode=&juniorRankingType=itf&take=100&skip=900&isOrderAscending=true,2026-09-07T16:21:11.614Z
2026-09-07,F,902,800624082,Grace Dollar,USA,USA,2008,97,https://www.itftennis.com/tennis/api/PlayerRankApi/GetPlayerRankings?circuitCode=JT&playerTypeCode=G&ageCategoryCode=&juniorRankingType=itf&take=100&skip=900&isOrderAscending=true,2026-09-07T16:21:11.614Z
2026-09-07,F,903,800720467,Escher Case-Boag,AUS,Australia,2010,96.5,https://www.itftennis.com/tennis/api/PlayerRankApi/GetPlayerRankings?circuitCode=JT&playerTypeCode=G&ageCategoryCode=&juniorRankingType=itf&take=100&skip=900&isOrderAscending=true,2026-09-07T16:21:11.614Z
2026-09-07,F,904,800702208,Verica Zrnic,SRB,Serbia,2009,96.25,https://www.itftennis.com/tennis/api/PlayerRankApi/GetPlayerRankings?circuitCode=JT&playerTypeCode=G&ageCategoryCode=&juniorRankingType=itf&take=100&skip=900&isOrderAscending=true,2026-09-07T16:21:11.614Z
2026-09-07,F,905,800580088,Evelina Balaganskaya,KAZ,Kazakhstan,2009,96.25,https://www.itftennis.com/tennis/api/PlayerRankApi/GetPlayerRankings?circuitCode=JT&playerTypeCode=G&ageCategoryCode=&juniorRankingType=itf&take=100&skip=900&isOrderAscending=true,2026-09-07T16:21:11.614Z
2026-09-07,F,906,800737025,Lu Mengqiao,CHN,"China, P.R.",2008,96,https://www.itftennis.com/tennis/api/PlayerRankApi/GetPlayerRankings?circuitCode=JT&playerTypeCode=G&ageCategoryCode=&juniorRankingType=itf&take=100&skip=900&isOrderAscending=true,2026-09-07T16:21:11.614Z
2026-09-07,F,907,800654983,Shira Dvir,ISR,Israel,2009,96,https://www.itftennis.com/tennis/api/PlayerRankApi/GetPlayerRankings?circuitCode=JT&playerTypeCode=G&ageCategoryCode=&juniorRankingType=itf&take=100&skip=900&isOrderAscending=true,2026-09-07T16:21:11.614Z
2026-09-07,F,908,800761080,Leyla Kilgour,USA,USA,2009,96,https://www.itftennis.com/tennis/api/PlayerRankApi/GetPlayerRankings?circuitCode=JT&playerTypeCode=G&ageCategoryCode=&juniorRankingType=itf&take=100&skip=900&isOrderAscending=true,2026-09-07T16:21:11.614Z
2026-09-07,F,909,800726812,KAE AZUMA,JPN,Japan,2009,96,https://www.itftennis.com/tennis/api/PlayerRankApi/GetPlayerRankings?circuitCode=JT&playerTypeCode=G&ageCategoryCode=&juniorRankingType=itf&take=100&skip=900&isOrderAscending=true,2026-09-07T16:21:11.614Z
2026-09-07,F,910,800663552,Jette Onnen,GER,Germany,2010,96,https://www.itftennis.com/tennis/api/PlayerRankApi/GetPlayerRankings?circuitCode=JT&playerTypeCode=G&ageCategoryCode=&juniorRankingType=itf&take=100&skip=900&isOrderAscending=true,2026-09-07T16:21:11.614Z
2026-09-07,F,911,800685368,Misaki Yamagishi,JPN,Japan,2009,95.75,https://www.itftennis.com/tennis/api/PlayerRankApi/GetPlayerRankings?circuitCode=JT&playerTypeCode=G&ageCategoryCode=&juniorRankingType=itf&take=100&skip=900&isOrderAscending=true,2026-09-07T16:21:11.614Z
2026-09-07,F,912,800590655,Nehir Tuna,TUR,Turkiye,2008,95.75,https://www.itftennis.com/tennis/api/PlayerRankApi/GetPlayerRankings?circuitCode=JT&playerTypeCode=G&ageCategoryCode=&juniorRankingType=itf&take=100&skip=900&isOrderAscending=true,2026-09-07T16:21:11.614Z
2026-09-07,F,913,800715254,Giulia Gomes Ferreira,BRA,Brazil,2009,95.5,https://www.itftennis.com/tennis/api/PlayerRankApi/GetPlayerRankings?circuitCode=JT&playerTypeCode=G&ageCategoryCode=&juniorRankingType=itf&take=100&skip=900&isOrderAscending=true,2026-09-07T16:21:11.614Z
2026-09-07,F,914,800656340,Hana Shabanpour,IRI,Iran,2010,95.5,https://www.itftennis.com/tennis/api/PlayerRankApi/GetPlayerRankings?circuitCode=JT&playerTypeCode=G&ageCategoryCode=&juniorRankingType=itf&take=100&skip=900&isOrderAscending=true,2026-09-07T16:21:11.614Z
2026-09-07,F,915,800643282,Deniz Cakil,TUR,Turkiye,2009,95.5,https://www.itftennis.com/tennis/api/PlayerRankApi/GetPlayerRankings?circuitCode=JT&playerTypeCode=G&ageCategoryCode=&juniorRankingType=itf&take=100&skip=900&isOrderAscending=true,2026-09-07T16:21:11.614Z
2026-09-07,F,916,800718546,Mila Ajdukovic,CAN,Canada,2011,95.25,https://www.itftennis.com/tennis/api/PlayerRankApi/GetPlayerRankings?circuitCode=JT&playerTypeCode=G&ageCategoryCode=&juniorRankingType=itf&take=100&skip=900&isOrderAscending=true,2026-09-07T16:21:11.614Z
2026-09-07,F,917,800712648,Manuela Medina,BRA,Brazil,2010,95,https://www.itftennis.com/tennis/api/PlayerRankApi/GetPlayerRankings?circuitCode=JT&playerTypeCode=G&ageCategoryCode=&juniorRankingType=itf&take=100&skip=900&isOrderAscending=true,2026-09-07T16:21:11.614Z
2026-09-07,F,918,800706756,Yasmin Dyussembayeva,KAZ,Kazakhstan,2011,95,https://www.itftennis.com/tennis/api/PlayerRankApi/GetPlayerRankings?circuitCode=JT&playerTypeCode=G&ageCategoryCode=&juniorRankingType=itf&take=100&skip=900&isOrderAscending=true,2026-09-07T16:21:11.614Z
2026-09-07,F,919,800679396,Emma Brandt Schultz,DEN,Denmark,2009,95,https://www.itftennis.com/tennis/api/PlayerRankApi/GetPlayerRankings?circuitCode=JT&playerTypeCode=G&ageCategoryCode=&juniorRankingType=itf&take=100&skip=900&isOrderAscending=true,2026-09-07T16:21:11.614Z
2026-09-07,F,920,800597673,Daria Barsukov,GER,Germany,2009,95,https://www.itftennis.com/tennis/api/PlayerRankApi/GetPlayerRankings?circuitCode=JT&playerTypeCode=G&ageCategoryCode=&juniorRankingType=itf&take=100&skip=900&isOrderAscending=true,2026-09-07T16:21:11.614Z
2026-09-07,F,921,800724660,Sofia Simon Padros,ARG,Argentina,2010,95,https://www.itftennis.com/tennis/api/PlayerRankApi/GetPlayerRankings?circuitCode=JT&playerTypeCode=G&ageCategoryCode=&juniorRankingType=itf&take=100&skip=900&isOrderAscending=true,2026-09-07T16:21:11.614Z
2026-09-07,F,922,800670597,Virginia Proietti,ITA,Italy,2008,94.75,https://www.itftennis.com/tennis/api/PlayerRankApi/GetPlayerRankings?circuitCode=JT&playerTypeCode=G&ageCategoryCode=&juniorRankingType=itf&take=100&skip=900&isOrderAscending=true,2026-09-07T16:21:11.614Z
2026-09-07,F,923,800639223,Luisa Fusil,SLO,Slovenia,2009,94.5,https://www.itftennis.com/tennis/api/PlayerRankApi/GetPlayerRankings?circuitCode=JT&playerTypeCode=G&ageCategoryCode=&juniorRankingType=itf&take=100&skip=900&isOrderAscending=true,2026-09-07T16:21:11.614Z
2026-09-07,F,924,800692930,Claudia Valentina Chacon,VEN,Venezuela,2010,94.5,https://www.itftennis.com/tennis/api/PlayerRankApi/GetPlayerRankings?circuitCode=JT&playerTypeCode=G&ageCategoryCode=&juniorRankingType=itf&take=100&skip=900&isOrderAscending=true,2026-09-07T16:21:11.614Z
2026-09-07,F,925,800594106,Amelia Grzelak,FRA,France,2008,94.25,https://www.itftennis.com/tennis/api/PlayerRankApi/GetPlayerRankings?circuitCode=JT&playerTypeCode=G&ageCategoryCode=&juniorRankingType=itf&take=100&skip=900&isOrderAscending=true,2026-09-07T16:21:11.614Z
2026-09-07,F,926,800780613,Shiqing Yuan,CHN,"China, P.R.",2010,94.25,https://www.itftennis.com/tennis/api/PlayerRankApi/GetPlayerRankings?circuitCode=JT&playerTypeCode=G&ageCategoryCode=&juniorRankingType=itf&take=100&skip=900&isOrderAscending=true,2026-09-07T16:21:11.614Z
2026-09-07,F,927,800839459,Evelina Nicolaeva,CAN,Canada,2012,94.25,https://www.itftennis.com/tennis/api/PlayerRankApi/GetPlayerRankings?circuitCode=JT&playerTypeCode=G&ageCategoryCode=&juniorRankingType=itf&take=100&skip=900&isOrderAscending=true,2026-09-07T16:21:11.614Z
2026-09-07,F,928,800818125,Camilla Iannece,ITA,Italy,2011,94,https://www.itftennis.com/tennis/api/PlayerRankApi/GetPlayerRankings?circuitCode=JT&playerTypeCode=G&ageCategoryCode=&juniorRankingType=itf&take=100&skip=900&isOrderAscending=true,2026-09-07T16:21:11.614Z
2026-09-07,F,929,800791276,Kristina Kamolova,RUS,Russia,2010,93.75,https://www.itftennis.com/tennis/api/PlayerRankApi/GetPlayerRankings?circuitCode=JT&playerTypeCode=G&ageCategoryCode=&juniorRankingType=itf&take=100&skip=900&isOrderAscending=true,2026-09-07T16:21:11.614Z
2026-09-07,F,930,800659846,CHRYSOULA PARASKEVOPOULOU,GRE,Greece,2009,93.5,https://www.itftennis.com/tennis/api/PlayerRankApi/GetPlayerRankings?circuitCode=JT&playerTypeCode=G&ageCategoryCode=&juniorRankingType=itf&take=100&skip=900&isOrderAscending=true,2026-09-07T16:21:11.614Z
2026-09-07,F,931,800729855,Sofia Ines Alvarez Monterroso,GUA,Guatemala,2009,93.5,https://www.itftennis.com/tennis/api/PlayerRankApi/GetPlayerRankings?circuitCode=JT&playerTypeCode=G&ageCategoryCode=&juniorRankingType=itf&take=100&skip=900&isOrderAscending=true,2026-09-07T16:21:11.614Z
2026-09-07,F,932,800760373,PIN-YU WANG,TPE,Chinese Taipei,2008,93.5,https://www.itftennis.com/tennis/api/PlayerRankApi/GetPlayerRankings?circuitCode=JT&playerTypeCode=G&ageCategoryCode=&juniorRankingType=itf&take=100&skip=900&isOrderAscending=true,2026-09-07T16:21:11.614Z
2026-09-07,F,933,800730546,Amy Gray,AUS,Australia,2009,93.25,https://www.itftennis.com/tennis/api/PlayerRankApi/GetPlayerRankings?circuitCode=JT&playerTypeCode=G&ageCategoryCode=&juniorRankingType=itf&take=100&skip=900&isOrderAscending=true,2026-09-07T16:21:11.614Z
2026-09-07,F,934,800703513,Julia Debicka,POL,Poland,2011,93.25,https://www.itftennis.com/tennis/api/PlayerRankApi/GetPlayerRankings?circuitCode=JT&playerTypeCode=G&ageCategoryCode=&juniorRankingType=itf&take=100&skip=900&isOrderAscending=true,2026-09-07T16:21:11.614Z
2026-09-07,F,935,800582973,Sorana Matis,ESP,Spain,2008,93,https://www.itftennis.com/tennis/api/PlayerRankApi/GetPlayerRankings?circuitCode=JT&playerTypeCode=G&ageCategoryCode=&juniorRankingType=itf&take=100&skip=900&isOrderAscending=true,2026-09-07T16:21:11.614Z
2026-09-07,F,936,800732205,Elise Virr,AUS,Australia,2010,92.5,https://www.itftennis.com/tennis/api/PlayerRankApi/GetPlayerRankings?circuitCode=JT&playerTypeCode=G&ageCategoryCode=&juniorRankingType=itf&take=100&skip=900&isOrderAscending=true,2026-09-07T16:21:11.614Z
2026-09-07,F,937,800674468,Hanin Rebai,TUN,Tunisia,2009,92.5,https://www.itftennis.com/tennis/api/PlayerRankApi/GetPlayerRankings?circuitCode=JT&playerTypeCode=G&ageCategoryCode=&juniorRankingType=itf&take=100&skip=900&isOrderAscending=true,2026-09-07T16:21:11.614Z
2026-09-07,F,938,800662169,Kimiko Cooper,AUS,Australia,2008,92.25,https://www.itftennis.com/tennis/api/PlayerRankApi/GetPlayerRankings?circuitCode=JT&playerTypeCode=G&ageCategoryCode=&juniorRankingType=itf&take=100&skip=900&isOrderAscending=true,2026-09-07T16:21:11.614Z
2026-09-07,F,939,800676974,Yu-Ning Tsai,TPE,Chinese Taipei,2008,92.25,https://www.itftennis.com/tennis/api/PlayerRankApi/GetPlayerRankings?circuitCode=JT&playerTypeCode=G&ageCategoryCode=&juniorRankingType=itf&take=100&skip=900&isOrderAscending=true,2026-09-07T16:21:11.614Z
2026-09-07,F,940,800790150,Ava Chua,USA,USA,2011,92.25,https://www.itftennis.com/tennis/api/PlayerRankApi/GetPlayerRankings?circuitCode=JT&playerTypeCode=G&ageCategoryCode=&juniorRankingType=itf&take=100&skip=900&isOrderAscending=true,2026-09-07T16:21:11.614Z
2026-09-07,F,941,800707891,Vivien Cemanova,SVK,Slovakia,2011,91.5,https://www.itftennis.com/tennis/api/PlayerRankApi/GetPlayerRankings?circuitCode=JT&playerTypeCode=G&ageCategoryCode=&juniorRankingType=itf&take=100&skip=900&isOrderAscending=true,2026-09-07T16:21:11.614Z
2026-09-07,F,942,800674978,Antonella Esquivel Useche,COL,Colombia,2010,91.5,https://www.itftennis.com/tennis/api/PlayerRankApi/GetPlayerRankings?circuitCode=JT&playerTypeCode=G&ageCategoryCode=&juniorRankingType=itf&take=100&skip=900&isOrderAscending=true,2026-09-07T16:21:11.614Z
2026-09-07,F,943,800649417,Miia Mihailov,EST,Estonia,2009,91.25,https://www.itftennis.com/tennis/api/PlayerRankApi/GetPlayerRankings?circuitCode=JT&playerTypeCode=G&ageCategoryCode=&juniorRankingType=itf&take=100&skip=900&isOrderAscending=true,2026-09-07T16:21:11.614Z
2026-09-07,F,944,800790364,Pin-Tsen Chou,TPE,Chinese Taipei,2011,91.25,https://www.itftennis.com/tennis/api/PlayerRankApi/GetPlayerRankings?circuitCode=JT&playerTypeCode=G&ageCategoryCode=&juniorRankingType=itf&take=100&skip=900&isOrderAscending=true,2026-09-07T16:21:11.614Z
2026-09-07,F,945,800824858,Wanyi Luo,CHN,"China, P.R.",2012,91,https://www.itftennis.com/tennis/api/PlayerRankApi/GetPlayerRankings?circuitCode=JT&playerTypeCode=G&ageCategoryCode=&juniorRankingType=itf&take=100&skip=900&isOrderAscending=true,2026-09-07T16:21:11.614Z
2026-09-07,F,946,800690436,Charlotte CORA--BRUNETON,FRA,France,2010,90.75,https://www.itftennis.com/tennis/api/PlayerRankApi/GetPlayerRankings?circuitCode=JT&playerTypeCode=G&ageCategoryCode=&juniorRankingType=itf&take=100&skip=900&isOrderAscending=true,2026-09-07T16:21:11.614Z
2026-09-07,F,947,800682839,Hiu Lam Ella Wong,HKG,"Hong Kong, China",2011,90.75,https://www.itftennis.com/tennis/api/PlayerRankApi/GetPlayerRankings?circuitCode=JT&playerTypeCode=G&ageCategoryCode=&juniorRankingType=itf&take=100&skip=900&isOrderAscending=true,2026-09-07T16:21:11.614Z
2026-09-07,F,948,800661059,Shaivi Gaurav Dalal,IND,India,2009,90.75,https://www.itftennis.com/tennis/api/PlayerRankApi/GetPlayerRankings?circuitCode=JT&playerTypeCode=G&ageCategoryCode=&juniorRankingType=itf&take=100&skip=900&isOrderAscending=true,2026-09-07T16:21:11.614Z
2026-09-07,F,949,800718273,Carmen Maria Munoz Botia,ESP,Spain,2011,90.5,https://www.itftennis.com/tennis/api/PlayerRankApi/GetPlayerRankings?circuitCode=JT&playerTypeCode=G&ageCategoryCode=&juniorRankingType=itf&take=100&skip=900&isOrderAscending=true,2026-09-07T16:21:11.614Z
2026-09-07,F,950,800721195,Maria Ines Leon,MEX,Mexico,2009,90.25,https://www.itftennis.com/tennis/api/PlayerRankApi/GetPlayerRankings?circuitCode=JT&playerTypeCode=G&ageCategoryCode=&juniorRankingType=itf&take=100&skip=900&isOrderAscending=true,2026-09-07T16:21:11.614Z
2026-09-07,F,951,800777750,YILIN DOU,CHN,"China, P.R.",2010,90.25,https://www.itftennis.com/tennis/api/PlayerRankApi/GetPlayerRankings?circuitCode=JT&playerTypeCode=G&ageCategoryCode=&juniorRankingType=itf&take=100&skip=900&isOrderAscending=true,2026-09-07T16:21:11.614Z
2026-09-07,F,952,800660544,Jinnipa Trachoovanich,THA,Thailand,2010,90.25,https://www.itftennis.com/tennis/api/PlayerRankApi/GetPlayerRankings?circuitCode=JT&playerTypeCode=G&ageCategoryCode=&juniorRankingType=itf&take=100&skip=900&isOrderAscending=true,2026-09-07T16:21:11.614Z
2026-09-07,F,953,800576556,Eleejah Inisan,FRA,France,2008,90,https://www.itftennis.com/tennis/api/PlayerRankApi/GetPlayerRankings?circuitCode=JT&playerTypeCode=G&ageCategoryCode=&juniorRankingType=itf&take=100&skip=900&isOrderAscending=true,2026-09-07T16:21:11.614Z
2026-09-07,F,953,800645834,Mika Stojsavljevic,GBR,Great Britain,2008,90,https://www.itftennis.com/tennis/api/PlayerRankApi/GetPlayerRankings?circuitCode=JT&playerTypeCode=G&ageCategoryCode=&juniorRankingType=itf&take=100&skip=900&isOrderAscending=true,2026-09-07T16:21:11.614Z
2026-09-07,F,953,800621243,Luna Vujovic,SRB,Serbia,2009,90,https://www.itftennis.com/tennis/api/PlayerRankApi/GetPlayerRankings?circuitCode=JT&playerTypeCode=G&ageCategoryCode=&juniorRankingType=itf&take=100&skip=900&isOrderAscending=true,2026-09-07T16:21:11.614Z
2026-09-07,F,956,800746215,Shiori Garcia,ESP,Spain,2011,90,https://www.itftennis.com/tennis/api/PlayerRankApi/GetPlayerRankings?circuitCode=JT&playerTypeCode=G&ageCategoryCode=&juniorRankingType=itf&take=100&skip=900&isOrderAscending=true,2026-09-07T16:21:11.614Z
2026-09-07,F,957,800590489,Natalie Moskova,CZE,Czechia,2008,89.75,https://www.itftennis.com/tennis/api/PlayerRankApi/GetPlayerRankings?circuitCode=JT&playerTypeCode=G&ageCategoryCode=&juniorRankingType=itf&take=100&skip=900&isOrderAscending=true,2026-09-07T16:21:11.614Z
2026-09-07,F,958,800683564,Sarah Delgado,USA,USA,2008,89.75,https://www.itftennis.com/tennis/api/PlayerRankApi/GetPlayerRankings?circuitCode=JT&playerTypeCode=G&ageCategoryCode=&juniorRankingType=itf&take=100&skip=900&isOrderAscending=true,2026-09-07T16:21:11.614Z
2026-09-07,F,959,800763217,Natasha Jerkunica,USA,USA,2009,89.75,https://www.itftennis.com/tennis/api/PlayerRankApi/GetPlayerRankings?circuitCode=JT&playerTypeCode=G&ageCategoryCode=&juniorRankingType=itf&take=100&skip=900&isOrderAscending=true,2026-09-07T16:21:11.614Z
2026-09-07,F,960,800640427,Mila Jepkes,NED,Netherlands,2008,89.75,https://www.itftennis.com/tennis/api/PlayerRankApi/GetPlayerRankings?circuitCode=JT&playerTypeCode=G&ageCategoryCode=&juniorRankingType=itf&take=100&skip=900&isOrderAscending=true,2026-09-07T16:21:11.614Z
2026-09-07,F,961,800664483,Sofia Saprykina,RUS,Russia,2009,89.5,https://www.itftennis.com/tennis/api/PlayerRankApi/GetPlayerRankings?circuitCode=JT&playerTypeCode=G&ageCategoryCode=&juniorRankingType=itf&take=100&skip=900&isOrderAscending=true,2026-09-07T16:21:11.614Z
2026-09-07,F,962,800656359,Romina Hincu,MDA,Moldova,2009,89.5,https://www.itftennis.com/tennis/api/PlayerRankApi/GetPlayerRankings?circuitCode=JT&playerTypeCode=G&ageCategoryCode=&juniorRankingType=itf&take=100&skip=900&isOrderAscending=true,2026-09-07T16:21:11.614Z
2026-09-07,F,963,800710476,Aahida Singh,IND,India,2010,89.25,https://www.itftennis.com/tennis/api/PlayerRankApi/GetPlayerRankings?circuitCode=JT&playerTypeCode=G&ageCategoryCode=&juniorRankingType=itf&take=100&skip=900&isOrderAscending=true,2026-09-07T16:21:11.614Z
2026-09-07,F,964,800690682,Eva Halfarova,CZE,Czechia,2011,89,https://www.itftennis.com/tennis/api/PlayerRankApi/GetPlayerRankings?circuitCode=JT&playerTypeCode=G&ageCategoryCode=&juniorRankingType=itf&take=100&skip=900&isOrderAscending=true,2026-09-07T16:21:11.614Z
2026-09-07,F,965,800645910,Laurence Demers,CAN,Canada,2009,89,https://www.itftennis.com/tennis/api/PlayerRankApi/GetPlayerRankings?circuitCode=JT&playerTypeCode=G&ageCategoryCode=&juniorRankingType=itf&take=100&skip=900&isOrderAscending=true,2026-09-07T16:21:11.614Z
2026-09-07,F,966,800763361,Lyla Messler,USA,USA,2008,88.75,https://www.itftennis.com/tennis/api/PlayerRankApi/GetPlayerRankings?circuitCode=JT&playerTypeCode=G&ageCategoryCode=&juniorRankingType=itf&take=100&skip=900&isOrderAscending=true,2026-09-07T16:21:11.614Z
2026-09-07,F,967,800675786,Tanishka Naveen,GBR,Great Britain,2011,88.75,https://www.itftennis.com/tennis/api/PlayerRankApi/GetPlayerRankings?circuitCode=JT&playerTypeCode=G&ageCategoryCode=&juniorRankingType=itf&take=100&skip=900&isOrderAscending=true,2026-09-07T16:21:11.614Z
2026-09-07,F,968,800701820,Luzie Francke,SUI,Switzerland,2011,88.5,https://www.itftennis.com/tennis/api/PlayerRankApi/GetPlayerRankings?circuitCode=JT&playerTypeCode=G&ageCategoryCode=&juniorRankingType=itf&take=100&skip=900&isOrderAscending=true,2026-09-07T16:21:11.614Z
2026-09-07,F,969,800725391,Margareth Keref,NOR,Norway,2008,88.5,https://www.itftennis.com/tennis/api/PlayerRankApi/GetPlayerRankings?circuitCode=JT&playerTypeCode=G&ageCategoryCode=&juniorRankingType=itf&take=100&skip=900&isOrderAscending=true,2026-09-07T16:21:11.614Z
2026-09-07,F,970,800694497,Ailyn Leon,PER,Peru,2009,88.25,https://www.itftennis.com/tennis/api/PlayerRankApi/GetPlayerRankings?circuitCode=JT&playerTypeCode=G&ageCategoryCode=&juniorRankingType=itf&take=100&skip=900&isOrderAscending=true,2026-09-07T16:21:11.614Z
2026-09-07,F,971,800728507,Elena Manoj,AUS,Australia,2009,88.25,https://www.itftennis.com/tennis/api/PlayerRankApi/GetPlayerRankings?circuitCode=JT&playerTypeCode=G&ageCategoryCode=&juniorRankingType=itf&take=100&skip=900&isOrderAscending=true,2026-09-07T16:21:11.614Z
2026-09-07,F,972,800713179,Julia Ehrenberger,AUT,Austria,2011,88,https://www.itftennis.com/tennis/api/PlayerRankApi/GetPlayerRankings?circuitCode=JT&playerTypeCode=G&ageCategoryCode=&juniorRankingType=itf&take=100&skip=900&isOrderAscending=true,2026-09-07T16:21:11.614Z
2026-09-07,F,973,800725217,Karthika Padmakumar,IND,India,2011,88,https://www.itftennis.com/tennis/api/PlayerRankApi/GetPlayerRankings?circuitCode=JT&playerTypeCode=G&ageCategoryCode=&juniorRankingType=itf&take=100&skip=900&isOrderAscending=true,2026-09-07T16:21:11.614Z
2026-09-07,F,974,800650447,A Hyun Jo,KOR,"Korea, Rep.",2009,88,https://www.itftennis.com/tennis/api/PlayerRankApi/GetPlayerRankings?circuitCode=JT&playerTypeCode=G&ageCategoryCode=&juniorRankingType=itf&take=100&skip=900&isOrderAscending=true,2026-09-07T16:21:11.614Z
2026-09-07,F,975,800741003,Catherine Xie,CAN,Canada,2010,87.75,https://www.itftennis.com/tennis/api/PlayerRankApi/GetPlayerRankings?circuitCode=JT&playerTypeCode=G&ageCategoryCode=&juniorRankingType=itf&take=100&skip=900&isOrderAscending=true,2026-09-07T16:21:11.614Z
2026-09-07,F,976,800598297,Dallas Janssen,NED,Netherlands,2008,87.75,https://www.itftennis.com/tennis/api/PlayerRankApi/GetPlayerRankings?circuitCode=JT&playerTypeCode=G&ageCategoryCode=&juniorRankingType=itf&take=100&skip=900&isOrderAscending=true,2026-09-07T16:21:11.614Z
2026-09-07,F,977,800594306,Elisa Rohrbach,FRA,France,2009,87.75,https://www.itftennis.com/tennis/api/PlayerRankApi/GetPlayerRankings?circuitCode=JT&playerTypeCode=G&ageCategoryCode=&juniorRankingType=itf&take=100&skip=900&isOrderAscending=true,2026-09-07T16:21:11.614Z
2026-09-07,F,978,800659390,Phitchayaphak Srimuk,THA,Thailand,2009,87.75,https://www.itftennis.com/tennis/api/PlayerRankApi/GetPlayerRankings?circuitCode=JT&playerTypeCode=G&ageCategoryCode=&juniorRankingType=itf&take=100&skip=900&isOrderAscending=true,2026-09-07T16:21:11.614Z
2026-09-07,F,979,800681395,Muslimakhon Turdimurodova,UZB,Uzbekistan,2011,87.5,https://www.itftennis.com/tennis/api/PlayerRankApi/GetPlayerRankings?circuitCode=JT&playerTypeCode=G&ageCategoryCode=&juniorRankingType=itf&take=100&skip=900&isOrderAscending=true,2026-09-07T16:21:11.614Z
2026-09-07,F,980,800791546,Catalina Porre,CHI,Chile,2010,87.5,https://www.itftennis.com/tennis/api/PlayerRankApi/GetPlayerRankings?circuitCode=JT&playerTypeCode=G&ageCategoryCode=&juniorRankingType=itf&take=100&skip=900&isOrderAscending=true,2026-09-07T16:21:11.614Z
2026-09-07,F,981,800733278,Lea Gombarikova,SVK,Slovakia,2010,87.5,https://www.itftennis.com/tennis/api/PlayerRankApi/GetPlayerRankings?circuitCode=JT&playerTypeCode=G&ageCategoryCode=&juniorRankingType=itf&take=100&skip=900&isOrderAscending=true,2026-09-07T16:21:11.614Z
2026-09-07,F,982,800665081,Madinakhon Salidjanova,UZB,Uzbekistan,2010,87.25,https://www.itftennis.com/tennis/api/PlayerRankApi/GetPlayerRankings?circuitCode=JT&playerTypeCode=G&ageCategoryCode=&juniorRankingType=itf&take=100&skip=900&isOrderAscending=true,2026-09-07T16:21:11.614Z
2026-09-07,F,983,800765814,Zheng Ye,CHN,"China, P.R.",2010,87.25,https://www.itftennis.com/tennis/api/PlayerRankApi/GetPlayerRankings?circuitCode=JT&playerTypeCode=G&ageCategoryCode=&juniorRankingType=itf&take=100&skip=900&isOrderAscending=true,2026-09-07T16:21:11.614Z
2026-09-07,F,984,800705349,Mina Bacanin,SRB,Serbia,2011,87.25,https://www.itftennis.com/tennis/api/PlayerRankApi/GetPlayerRankings?circuitCode=JT&playerTypeCode=G&ageCategoryCode=&juniorRankingType=itf&take=100&skip=900&isOrderAscending=true,2026-09-07T16:21:11.614Z
2026-09-07,F,985,800820852,Dongchen Ding,CHN,"China, P.R.",2011,87,https://www.itftennis.com/tennis/api/PlayerRankApi/GetPlayerRankings?circuitCode=JT&playerTypeCode=G&ageCategoryCode=&juniorRankingType=itf&take=100&skip=900&isOrderAscending=true,2026-09-07T16:21:11.614Z
2026-09-07,F,986,800659485,Asia Basiletti,ITA,Italy,2009,87,https://www.itftennis.com/tennis/api/PlayerRankApi/GetPlayerRankings?circuitCode=JT&playerTypeCode=G&ageCategoryCode=&juniorRankingType=itf&take=100&skip=900&isOrderAscending=true,2026-09-07T16:21:11.614Z
2026-09-07,F,987,800663602,Zoe Cheyenne Heins,LUX,Luxembourg,2010,87,https://www.itftennis.com/tennis/api/PlayerRankApi/GetPlayerRankings?circuitCode=JT&playerTypeCode=G&ageCategoryCode=&juniorRankingType=itf&take=100&skip=900&isOrderAscending=true,2026-09-07T16:21:11.614Z
2026-09-07,F,988,800694674,Aleksandra Zaplawa,POL,Poland,2010,87,https://www.itftennis.com/tennis/api/PlayerRankApi/GetPlayerRankings?circuitCode=JT&playerTypeCode=G&ageCategoryCode=&juniorRankingType=itf&take=100&skip=900&isOrderAscending=true,2026-09-07T16:21:11.614Z
2026-09-07,F,989,800796351,Luciana Roa Munevar,COL,Colombia,2013,87,https://www.itftennis.com/tennis/api/PlayerRankApi/GetPlayerRankings?circuitCode=JT&playerTypeCode=G&ageCategoryCode=&juniorRankingType=itf&take=100&skip=900&isOrderAscending=true,2026-09-07T16:21:11.614Z
2026-09-07,F,990,800652322,Victoria Lacki,SWE,Sweden,2010,86.5,https://www.itftennis.com/tennis/api/PlayerRankApi/GetPlayerRankings?circuitCode=JT&playerTypeCode=G&ageCategoryCode=&juniorRankingType=itf&take=100&skip=900&isOrderAscending=true,2026-09-07T16:21:11.614Z
2026-09-07,F,991,800668581,Luiza Viesi Santoro Pereira,BRA,Brazil,2009,86.5,https://www.itftennis.com/tennis/api/PlayerRankApi/GetPlayerRankings?circuitCode=JT&playerTypeCode=G&ageCategoryCode=&juniorRankingType=itf&take=100&skip=900&isOrderAscending=true,2026-09-07T16:21:11.614Z
2026-09-07,F,992,800737808,Samiye Idil Ozkeresteci,TUR,Turkiye,2011,86.5,https://www.itftennis.com/tennis/api/PlayerRankApi/GetPlayerRankings?circuitCode=JT&playerTypeCode=G&ageCategoryCode=&juniorRankingType=itf&take=100&skip=900&isOrderAscending=true,2026-09-07T16:21:11.614Z
2026-09-07,F,993,800714003,Zaire Clarke,USA,USA,2009,86.25,https://www.itftennis.com/tennis/api/PlayerRankApi/GetPlayerRankings?circuitCode=JT&playerTypeCode=G&ageCategoryCode=&juniorRankingType=itf&take=100&skip=900&isOrderAscending=true,2026-09-07T16:21:11.614Z
2026-09-07,F,994,800684731,Maribel Aguilar Gasperin,MEX,Mexico,2008,86.25,https://www.itftennis.com/tennis/api/PlayerRankApi/GetPlayerRankings?circuitCode=JT&playerTypeCode=G&ageCategoryCode=&juniorRankingType=itf&take=100&skip=900&isOrderAscending=true,2026-09-07T16:21:11.614Z
2026-09-07,F,995,800709359,Laila Elbialy,EGY,Egypt,2009,86.25,https://www.itftennis.com/tennis/api/PlayerRankApi/GetPlayerRankings?circuitCode=JT&playerTypeCode=G&ageCategoryCode=&juniorRankingType=itf&take=100&skip=900&isOrderAscending=true,2026-09-07T16:21:11.614Z
2026-09-07,F,996,800757968,Alexandra Sasha Miroshnichenko,USA,USA,2009,86,https://www.itftennis.com/tennis/api/PlayerRankApi/GetPlayerRankings?circuitCode=JT&playerTypeCode=G&ageCategoryCode=&juniorRankingType=itf&take=100&skip=900&isOrderAscending=true,2026-09-07T16:21:11.614Z
2026-09-07,F,997,800599857,Miroslava Alekseeva,RUS,Russia,2009,85.75,https://www.itftennis.com/tennis/api/PlayerRankApi/GetPlayerRankings?circuitCode=JT&playerTypeCode=G&ageCategoryCode=&juniorRankingType=itf&take=100&skip=900&isOrderAscending=true,2026-09-07T16:21:11.614Z
2026-09-07,F,998,800683069,JUSTYNA REIFOVA,CZE,Czechia,2011,85.5,https://www.itftennis.com/tennis/api/PlayerRankApi/GetPlayerRankings?circuitCode=JT&playerTypeCode=G&ageCategoryCode=&juniorRankingType=itf&take=100&skip=900&isOrderAscending=true,2026-09-07T16:21:11.614Z
2026-09-07,F,999,800781341,Lumi Cho Kusano,SUI,Switzerland,2010,85.25,https://www.itftennis.com/tennis/api/PlayerRankApi/GetPlayerRankings?circuitCode=JT&playerTypeCode=G&ageCategoryCode=&juniorRankingType=itf&take=100&skip=900&isOrderAscending=true,2026-09-07T16:21:11.614Z
2026-09-07,F,1000,800788386,Minenhle Moyo,ZIM,Zimbabwe,2010,85.25,https://www.itftennis.com/tennis/api/PlayerRankApi/GetPlayerRankings?circuitCode=JT&playerTypeCode=G&ageCategoryCode=&juniorRankingType=itf&take=100&skip=900&isOrderAscending=true,2026-09-07T16:21:11.614Z
2026-09-07,M,1001,800644710,Fedor Evdokimov,RUS,Russia,2009,75.25,https://www.itftennis.com/tennis/api/PlayerRankApi/GetPlayerRankings?circuitCode=JT&playerTypeCode=B&ageCategoryCode=&juniorRankingType=itf&take=100&skip=1000&isOrderAscending=true,2026-09-07T23:38:52.311Z
2026-09-07,M,1002,800589987,Arafat Mustafa Mustafa,KAZ,Kazakhstan,2009,75,https://www.itftennis.com/tennis/api/PlayerRankApi/GetPlayerRankings?circuitCode=JT&playerTypeCode=B&ageCategoryCode=&juniorRankingType=itf&take=100&skip=1000&isOrderAscending=true,2026-09-07T23:38:52.312Z
2026-09-07,M,1003,800589620,Lasse Zajc Gajsek,SLO,Slovenia,2008,75,https://www.itftennis.com/tennis/api/PlayerRankApi/GetPlayerRankings?circuitCode=JT&playerTypeCode=B&ageCategoryCode=&juniorRankingType=itf&take=100&skip=1000&isOrderAscending=true,2026-09-07T23:38:52.312Z
2026-09-07,M,1004,800702039,Sebastiano Mantovani,ITA,Italy,2010,75,https://www.itftennis.com/tennis/api/PlayerRankApi/GetPlayerRankings?circuitCode=JT&playerTypeCode=B&ageCategoryCode=&juniorRankingType=itf&take=100&skip=1000&isOrderAscending=true,2026-09-07T23:38:52.312Z
2026-09-07,M,1005,800755377,Yong Ze Huang,CHN,"China, P.R.",2009,74.75,https://www.itftennis.com/tennis/api/PlayerRankApi/GetPlayerRankings?circuitCode=JT&playerTypeCode=B&ageCategoryCode=&juniorRankingType=itf&take=100&skip=1000&isOrderAscending=true,2026-09-07T23:38:52.312Z
2026-09-07,M,1006,800620658,Noah Van Vaerenbergh,BEL,Belgium,2008,74.75,https://www.itftennis.com/tennis/api/PlayerRankApi/GetPlayerRankings?circuitCode=JT&playerTypeCode=B&ageCategoryCode=&juniorRankingType=itf&take=100&skip=1000&isOrderAscending=true,2026-09-07T23:38:52.312Z
2026-09-07,M,1007,800601433,Edoardo Pagnoni,ITA,Italy,2008,74.75,https://www.itftennis.com/tennis/api/PlayerRankApi/GetPlayerRankings?circuitCode=JT&playerTypeCode=B&ageCategoryCode=&juniorRankingType=itf&take=100&skip=1000&isOrderAscending=true,2026-09-07T23:38:52.312Z
2026-09-07,M,1008,800800738,Niyanth Badrinarayanan,USA,USA,2009,74.5,https://www.itftennis.com/tennis/api/PlayerRankApi/GetPlayerRankings?circuitCode=JT&playerTypeCode=B&ageCategoryCode=&juniorRankingType=itf&take=100&skip=1000&isOrderAscending=true,2026-09-07T23:38:52.312Z
2026-09-07,M,1009,800685080,Kai Lev,ISR,Israel,2011,74.5,https://www.itftennis.com/tennis/api/PlayerRankApi/GetPlayerRankings?circuitCode=JT&playerTypeCode=B&ageCategoryCode=&juniorRankingType=itf&take=100&skip=1000&isOrderAscending=true,2026-09-07T23:38:52.312Z
2026-09-07,M,1010,800660234,Marko Aleksovski,MKD,North Macedonia,2011,74.5,https://www.itftennis.com/tennis/api/PlayerRankApi/GetPlayerRankings?circuitCode=JT&playerTypeCode=B&ageCategoryCode=&juniorRankingType=itf&take=100&skip=1000&isOrderAscending=true,2026-09-07T23:38:52.312Z
2026-09-07,M,1011,800668443,Radek Lassan,CZE,Czechia,2009,74.5,https://www.itftennis.com/tennis/api/PlayerRankApi/GetPlayerRankings?circuitCode=JT&playerTypeCode=B&ageCategoryCode=&juniorRankingType=itf&take=100&skip=1000&isOrderAscending=true,2026-09-07T23:38:52.312Z
2026-09-07,M,1012,800767091,yidu Yang,CHN,"China, P.R.",2009,74.25,https://www.itftennis.com/tennis/api/PlayerRankApi/GetPlayerRankings?circuitCode=JT&playerTypeCode=B&ageCategoryCode=&juniorRankingType=itf&take=100&skip=1000&isOrderAscending=true,2026-09-07T23:38:52.312Z
2026-09-07,M,1013,800664353,Gabriel Wennhall,SWE,Sweden,2008,74.25,https://www.itftennis.com/tennis/api/PlayerRankApi/GetPlayerRankings?circuitCode=JT&playerTypeCode=B&ageCategoryCode=&juniorRankingType=itf&take=100&skip=1000&isOrderAscending=true,2026-09-07T23:38:52.312Z
2026-09-07,M,1014,800680379,Tobias Zapsky,CZE,Czechia,2011,74,https://www.itftennis.com/tennis/api/PlayerRankApi/GetPlayerRankings?circuitCode=JT&playerTypeCode=B&ageCategoryCode=&juniorRankingType=itf&take=100&skip=1000&isOrderAscending=true,2026-09-07T23:38:52.312Z
2026-09-07,M,1015,800747694,Pierre-Olivier Hay,CAN,Canada,2009,74,https://www.itftennis.com/tennis/api/PlayerRankApi/GetPlayerRankings?circuitCode=JT&playerTypeCode=B&ageCategoryCode=&juniorRankingType=itf&take=100&skip=1000&isOrderAscending=true,2026-09-07T23:38:52.312Z
2026-09-07,M,1016,800660845,Jasa Pecovnik,SLO,Slovenia,2010,74,https://www.itftennis.com/tennis/api/PlayerRankApi/GetPlayerRankings?circuitCode=JT&playerTypeCode=B&ageCategoryCode=&juniorRankingType=itf&take=100&skip=1000&isOrderAscending=true,2026-09-07T23:38:52.312Z
2026-09-07,M,1017,800699576,Sam Attaran,IRI,Iran,2009,74,https://www.itftennis.com/tennis/api/PlayerRankApi/GetPlayerRankings?circuitCode=JT&playerTypeCode=B&ageCategoryCode=&juniorRankingType=itf&take=100&skip=1000&isOrderAscending=true,2026-09-07T23:38:52.312Z
2026-09-07,M,1018,800736773,Tomas Giachero,CAN,Canada,2009,73.75,https://www.itftennis.com/tennis/api/PlayerRankApi/GetPlayerRankings?circuitCode=JT&playerTypeCode=B&ageCategoryCode=&juniorRankingType=itf&take=100&skip=1000&isOrderAscending=true,2026-09-07T23:38:52.312Z
2026-09-07,M,1019,800695898,Sebastian Garcia Puente,MEX,Mexico,2008,73.75,https://www.itftennis.com/tennis/api/PlayerRankApi/GetPlayerRankings?circuitCode=JT&playerTypeCode=B&ageCategoryCode=&juniorRankingType=itf&take=100&skip=1000&isOrderAscending=true,2026-09-07T23:38:52.312Z
2026-09-07,M,1020,800673094,Josef Lebis,CZE,Czechia,2008,73.75,https://www.itftennis.com/tennis/api/PlayerRankApi/GetPlayerRankings?circuitCode=JT&playerTypeCode=B&ageCategoryCode=&juniorRankingType=itf&take=100&skip=1000&isOrderAscending=true,2026-09-07T23:38:52.312Z
2026-09-07,M,1021,800779116,Park Dohyun,KOR,"Korea, Rep.",2010,73.75,https://www.itftennis.com/tennis/api/PlayerRankApi/GetPlayerRankings?circuitCode=JT&playerTypeCode=B&ageCategoryCode=&juniorRankingType=itf&take=100&skip=1000&isOrderAscending=true,2026-09-07T23:38:52.312Z
2026-09-07,M,1022,800675745,Ruben Stanmore,GBR,Great Britain,2010,73.75,https://www.itftennis.com/tennis/api/PlayerRankApi/GetPlayerRankings?circuitCode=JT&playerTypeCode=B&ageCategoryCode=&juniorRankingType=itf&take=100&skip=1000&isOrderAscending=true,2026-09-07T23:38:52.312Z
2026-09-07,M,1023,800746757,Macksimus Malhotra,USA,USA,2009,73.5,https://www.itftennis.com/tennis/api/PlayerRankApi/GetPlayerRankings?circuitCode=JT&playerTypeCode=B&ageCategoryCode=&juniorRankingType=itf&take=100&skip=1000&isOrderAscending=true,2026-09-07T23:38:52.312Z
2026-09-07,M,1024,800711202,Tommy Penev,CAN,Canada,2010,73.5,https://www.itftennis.com/tennis/api/PlayerRankApi/GetPlayerRankings?circuitCode=JT&playerTypeCode=B&ageCategoryCode=&juniorRankingType=itf&take=100&skip=1000&isOrderAscending=true,2026-09-07T23:38:52.312Z
2026-09-07,M,1025,800788389,Jerome Monnard,SUI,Switzerland,2010,73.5,https://www.itftennis.com/tennis/api/PlayerRankApi/GetPlayerRankings?circuitCode=JT&playerTypeCode=B&ageCategoryCode=&juniorRankingType=itf&take=100&skip=1000&isOrderAscending=true,2026-09-07T23:38:52.312Z
2026-09-07,M,1026,800721431,Owen Guistwite,USA,USA,2008,73.25,https://www.itftennis.com/tennis/api/PlayerRankApi/GetPlayerRankings?circuitCode=JT&playerTypeCode=B&ageCategoryCode=&juniorRankingType=itf&take=100&skip=1000&isOrderAscending=true,2026-09-07T23:38:52.312Z
2026-09-07,M,1027,800639828,Mattia Cona,ITA,Italy,2009,73.25,https://www.itftennis.com/tennis/api/PlayerRankApi/GetPlayerRankings?circuitCode=JT&playerTypeCode=B&ageCategoryCode=&juniorRankingType=itf&take=100&skip=1000&isOrderAscending=true,2026-09-07T23:38:52.312Z
2026-09-07,M,1028,800735179,Omar Alejandro Ascencion,MEX,Mexico,2009,73.25,https://www.itftennis.com/tennis/api/PlayerRankApi/GetPlayerRankings?circuitCode=JT&playerTypeCode=B&ageCategoryCode=&juniorRankingType=itf&take=100&skip=1000&isOrderAscending=true,2026-09-07T23:38:52.312Z
2026-09-07,M,1029,800662853,Panshul Uboveja,IND,India,2008,73.25,https://www.itftennis.com/tennis/api/PlayerRankApi/GetPlayerRankings?circuitCode=JT&playerTypeCode=B&ageCategoryCode=&juniorRankingType=itf&take=100&skip=1000&isOrderAscending=true,2026-09-07T23:38:52.312Z
2026-09-07,M,1030,800719269,Patcharaphol Leekul,THA,Thailand,2011,73.25,https://www.itftennis.com/tennis/api/PlayerRankApi/GetPlayerRankings?circuitCode=JT&playerTypeCode=B&ageCategoryCode=&juniorRankingType=itf&take=100&skip=1000&isOrderAscending=true,2026-09-07T23:38:52.312Z
2026-09-07,M,1031,800767216,Samarth Patel,AUS,Australia,2010,73,https://www.itftennis.com/tennis/api/PlayerRankApi/GetPlayerRankings?circuitCode=JT&playerTypeCode=B&ageCategoryCode=&juniorRankingType=itf&take=100&skip=1000&isOrderAscending=true,2026-09-07T23:38:52.312Z
2026-09-07,M,1032,800762826,Alejandro Marco,ESP,Spain,2010,73,https://www.itftennis.com/tennis/api/PlayerRankApi/GetPlayerRankings?circuitCode=JT&playerTypeCode=B&ageCategoryCode=&juniorRankingType=itf&take=100&skip=1000&isOrderAscending=true,2026-09-07T23:38:52.312Z
2026-09-07,M,1033,800711422,Joshua Oliver Zapp,SUI,Switzerland,2010,73,https://www.itftennis.com/tennis/api/PlayerRankApi/GetPlayerRankings?circuitCode=JT&playerTypeCode=B&ageCategoryCode=&juniorRankingType=itf&take=100&skip=1000&isOrderAscending=true,2026-09-07T23:38:52.312Z
2026-09-07,M,1034,800688064,Tejas Ravi,IND,India,2008,73,https://www.itftennis.com/tennis/api/PlayerRankApi/GetPlayerRankings?circuitCode=JT&playerTypeCode=B&ageCategoryCode=&juniorRankingType=itf&take=100&skip=1000&isOrderAscending=true,2026-09-07T23:38:52.312Z
2026-09-07,M,1035,800643705,Rares Andrei Ionescu,ROU,Romania,2009,73,https://www.itftennis.com/tennis/api/PlayerRankApi/GetPlayerRankings?circuitCode=JT&playerTypeCode=B&ageCategoryCode=&juniorRankingType=itf&take=100&skip=1000&isOrderAscending=true,2026-09-07T23:38:52.312Z
2026-09-07,M,1036,800682953,Ahmed Ibrahim,EGY,Egypt,2009,73,https://www.itftennis.com/tennis/api/PlayerRankApi/GetPlayerRankings?circuitCode=JT&playerTypeCode=B&ageCategoryCode=&juniorRankingType=itf&take=100&skip=1000&isOrderAscending=true,2026-09-07T23:38:52.312Z
2026-09-07,M,1037,800796606,Younis Mohamed Hussien Moawad,EGY,Egypt,2010,73,https://www.itftennis.com/tennis/api/PlayerRankApi/GetPlayerRankings?circuitCode=JT&playerTypeCode=B&ageCategoryCode=&juniorRankingType=itf&take=100&skip=1000&isOrderAscending=true,2026-09-07T23:38:52.312Z
2026-09-07,M,1038,800580975,Saveli Razanau,BLR,Belarus,2008,72.75,https://www.itftennis.com/tennis/api/PlayerRankApi/GetPlayerRankings?circuitCode=JT&playerTypeCode=B&ageCategoryCode=&juniorRankingType=itf&take=100&skip=1000&isOrderAscending=true,2026-09-07T23:38:52.312Z
2026-09-07,M,1039,800700060,RARES SARACIN,ROU,Romania,2009,72.75,https://www.itftennis.com/tennis/api/PlayerRankApi/GetPlayerRankings?circuitCode=JT&playerTypeCode=B&ageCategoryCode=&juniorRankingType=itf&take=100&skip=1000&isOrderAscending=true,2026-09-07T23:38:52.312Z
2026-09-07,M,1040,800661377,Tudor Stefan Ionescu,ROU,Romania,2009,72.75,https://www.itftennis.com/tennis/api/PlayerRankApi/GetPlayerRankings?circuitCode=JT&playerTypeCode=B&ageCategoryCode=&juniorRankingType=itf&take=100&skip=1000&isOrderAscending=true,2026-09-07T23:38:52.312Z
2026-09-07,M,1041,800715480,Marcel Krieg,GER,Germany,2010,72.5,https://www.itftennis.com/tennis/api/PlayerRankApi/GetPlayerRankings?circuitCode=JT&playerTypeCode=B&ageCategoryCode=&juniorRankingType=itf&take=100&skip=1000&isOrderAscending=true,2026-09-07T23:38:52.312Z
2026-09-07,M,1042,800778730,Heran Zhang,CHN,"China, P.R.",2010,72.5,https://www.itftennis.com/tennis/api/PlayerRankApi/GetPlayerRankings?circuitCode=JT&playerTypeCode=B&ageCategoryCode=&juniorRankingType=itf&take=100&skip=1000&isOrderAscending=true,2026-09-07T23:38:52.312Z
2026-09-07,M,1043,800817707,Martin Hammond,UKR,Ukraine,2009,72.5,https://www.itftennis.com/tennis/api/PlayerRankApi/GetPlayerRankings?circuitCode=JT&playerTypeCode=B&ageCategoryCode=&juniorRankingType=itf&take=100&skip=1000&isOrderAscending=true,2026-09-07T23:38:52.312Z
2026-09-07,M,1044,800801872,Bexultan Bauyrzhanov,KAZ,Kazakhstan,2011,72.25,https://www.itftennis.com/tennis/api/PlayerRankApi/GetPlayerRankings?circuitCode=JT&playerTypeCode=B&ageCategoryCode=&juniorRankingType=itf&take=100&skip=1000&isOrderAscending=true,2026-09-07T23:38:52.312Z
2026-09-07,M,1045,800654974,Joao Jardim Nogueira,BRA,Brazil,2008,72.25,https://www.itftennis.com/tennis/api/PlayerRankApi/GetPlayerRankings?circuitCode=JT&playerTypeCode=B&ageCategoryCode=&juniorRankingType=itf&take=100&skip=1000&isOrderAscending=true,2026-09-07T23:38:52.312Z
2026-09-07,M,1046,800674218,Hugo Larsen,NOR,Norway,2009,72.25,https://www.itftennis.com/tennis/api/PlayerRankApi/GetPlayerRankings?circuitCode=JT&playerTypeCode=B&ageCategoryCode=&juniorRankingType=itf&take=100&skip=1000&isOrderAscending=true,2026-09-07T23:38:52.312Z
2026-09-07,M,1047,800712398,Killian Van Roost,BEL,Belgium,2009,72.25,https://www.itftennis.com/tennis/api/PlayerRankApi/GetPlayerRankings?circuitCode=JT&playerTypeCode=B&ageCategoryCode=&juniorRankingType=itf&take=100&skip=1000&isOrderAscending=true,2026-09-07T23:38:52.312Z
2026-09-07,M,1048,800799216,Antoni Yu,AUS,Australia,2010,72.25,https://www.itftennis.com/tennis/api/PlayerRankApi/GetPlayerRankings?circuitCode=JT&playerTypeCode=B&ageCategoryCode=&juniorRankingType=itf&take=100&skip=1000&isOrderAscending=true,2026-09-07T23:38:52.312Z
2026-09-07,M,1049,800638423,Finn Stoter,NED,Netherlands,2008,72,https://www.itftennis.com/tennis/api/PlayerRankApi/GetPlayerRankings?circuitCode=JT&playerTypeCode=B&ageCategoryCode=&juniorRankingType=itf&take=100&skip=1000&isOrderAscending=true,2026-09-07T23:38:52.312Z
2026-09-07,M,1050,800677331,LEONARDO EBERT SANTOS,BRA,Brazil,2009,71.75,https://www.itftennis.com/tennis/api/PlayerRankApi/GetPlayerRankings?circuitCode=JT&playerTypeCode=B&ageCategoryCode=&juniorRankingType=itf&take=100&skip=1000&isOrderAscending=true,2026-09-07T23:38:52.312Z
2026-09-07,M,1051,800710953,Daniele Longo,ITA,Italy,2010,71.75,https://www.itftennis.com/tennis/api/PlayerRankApi/GetPlayerRankings?circuitCode=JT&playerTypeCode=B&ageCategoryCode=&juniorRankingType=itf&take=100&skip=1000&isOrderAscending=true,2026-09-07T23:38:52.312Z
2026-09-07,M,1052,800757283,Jiahan Zhang,CHN,"China, P.R.",2009,71.75,https://www.itftennis.com/tennis/api/PlayerRankApi/GetPlayerRankings?circuitCode=JT&playerTypeCode=B&ageCategoryCode=&juniorRankingType=itf&take=100&skip=1000&isOrderAscending=true,2026-09-07T23:38:52.312Z
2026-09-07,M,1053,800583151,Tristan Rivet,FRA,France,2008,71.75,https://www.itftennis.com/tennis/api/PlayerRankApi/GetPlayerRankings?circuitCode=JT&playerTypeCode=B&ageCategoryCode=&juniorRankingType=itf&take=100&skip=1000&isOrderAscending=true,2026-09-07T23:38:52.312Z
2026-09-07,M,1054,800672553,Rafael Elaez Miranda,PER,Peru,2009,71.5,https://www.itftennis.com/tennis/api/PlayerRankApi/GetPlayerRankings?circuitCode=JT&playerTypeCode=B&ageCategoryCode=&juniorRankingType=itf&take=100&skip=1000&isOrderAscending=true,2026-09-07T23:38:52.312Z
2026-09-07,M,1055,800778222,HENRIQUE PERRONE CUSTODIO,BRA,Brazil,2011,71.25,https://www.itftennis.com/tennis/api/PlayerRankApi/GetPlayerRankings?circuitCode=JT&playerTypeCode=B&ageCategoryCode=&juniorRankingType=itf&take=100&skip=1000&isOrderAscending=true,2026-09-07T23:38:52.312Z
2026-09-07,M,1056,800644533,Gregory Gorskiy,RUS,Russia,2010,71.25,https://www.itftennis.com/tennis/api/PlayerRankApi/GetPlayerRankings?circuitCode=JT&playerTypeCode=B&ageCategoryCode=&juniorRankingType=itf&take=100&skip=1000&isOrderAscending=true,2026-09-07T23:38:52.312Z
2026-09-07,M,1057,800666087,Bonhong Koo,KOR,"Korea, Rep.",2008,71.25,https://www.itftennis.com/tennis/api/PlayerRankApi/GetPlayerRankings?circuitCode=JT&playerTypeCode=B&ageCategoryCode=&juniorRankingType=itf&take=100&skip=1000&isOrderAscending=true,2026-09-07T23:38:52.312Z
2026-09-07,M,1058,800765322,Shaan A Majeed,USA,USA,2009,71.25,https://www.itftennis.com/tennis/api/PlayerRankApi/GetPlayerRankings?circuitCode=JT&playerTypeCode=B&ageCategoryCode=&juniorRankingType=itf&take=100&skip=1000&isOrderAscending=true,2026-09-07T23:38:52.312Z
2026-09-07,M,1059,800660309,Eren Cavus,TUR,Turkiye,2009,71,https://www.itftennis.com/tennis/api/PlayerRankApi/GetPlayerRankings?circuitCode=JT&playerTypeCode=B&ageCategoryCode=&juniorRankingType=itf&take=100&skip=1000&isOrderAscending=true,2026-09-07T23:38:52.312Z
2026-09-07,M,1060,800667454,Albert Ionut Ivan,ROU,Romania,2010,71,https://www.itftennis.com/tennis/api/PlayerRankApi/GetPlayerRankings?circuitCode=JT&playerTypeCode=B&ageCategoryCode=&juniorRankingType=itf&take=100&skip=1000&isOrderAscending=true,2026-09-07T23:38:52.312Z
2026-09-07,M,1061,800678027,Rafa Garcia Domenech,ESP,Spain,2011,70.75,https://www.itftennis.com/tennis/api/PlayerRankApi/GetPlayerRankings?circuitCode=JT&playerTypeCode=B&ageCategoryCode=&juniorRankingType=itf&take=100&skip=1000&isOrderAscending=true,2026-09-07T23:38:52.312Z
2026-09-07,M,1062,800594129,Murray Watters,GBR,Great Britain,2009,70.75,https://www.itftennis.com/tennis/api/PlayerRankApi/GetPlayerRankings?circuitCode=JT&playerTypeCode=B&ageCategoryCode=&juniorRankingType=itf&take=100&skip=1000&isOrderAscending=true,2026-09-07T23:38:52.312Z
2026-09-07,M,1063,800598412,Rafael Antonios Gakopoulos,GRE,Greece,2009,70.75,https://www.itftennis.com/tennis/api/PlayerRankApi/GetPlayerRankings?circuitCode=JT&playerTypeCode=B&ageCategoryCode=&juniorRankingType=itf&take=100&skip=1000&isOrderAscending=true,2026-09-07T23:38:52.312Z
2026-09-07,M,1064,800657367,carlo paci,ITA,Italy,2009,70.75,https://www.itftennis.com/tennis/api/PlayerRankApi/GetPlayerRankings?circuitCode=JT&playerTypeCode=B&ageCategoryCode=&juniorRankingType=itf&take=100&skip=1000&isOrderAscending=true,2026-09-07T23:38:52.312Z
2026-09-07,M,1065,800698328,Maddox Bose,USA,USA,2008,70.5,https://www.itftennis.com/tennis/api/PlayerRankApi/GetPlayerRankings?circuitCode=JT&playerTypeCode=B&ageCategoryCode=&juniorRankingType=itf&take=100&skip=1000&isOrderAscending=true,2026-09-07T23:38:52.312Z
2026-09-07,M,1066,800695208,Enzo Badotti Cariani,BRA,Brazil,2009,70.5,https://www.itftennis.com/tennis/api/PlayerRankApi/GetPlayerRankings?circuitCode=JT&playerTypeCode=B&ageCategoryCode=&juniorRankingType=itf&take=100&skip=1000&isOrderAscending=true,2026-09-07T23:38:52.312Z
2026-09-07,M,1067,800636914,Filip Kiryllo,POL,Poland,2008,70.5,https://www.itftennis.com/tennis/api/PlayerRankApi/GetPlayerRankings?circuitCode=JT&playerTypeCode=B&ageCategoryCode=&juniorRankingType=itf&take=100&skip=1000&isOrderAscending=true,2026-09-07T23:38:52.312Z
2026-09-07,M,1068,800679717,Shivtej Shirfule,IND,India,2009,70.25,https://www.itftennis.com/tennis/api/PlayerRankApi/GetPlayerRankings?circuitCode=JT&playerTypeCode=B&ageCategoryCode=&juniorRankingType=itf&take=100&skip=1000&isOrderAscending=true,2026-09-07T23:38:52.312Z
2026-09-07,M,1069,800748357,Ibrahim Ramy Hassan,EGY,Egypt,2010,70.25,https://www.itftennis.com/tennis/api/PlayerRankApi/GetPlayerRankings?circuitCode=JT&playerTypeCode=B&ageCategoryCode=&juniorRankingType=itf&take=100&skip=1000&isOrderAscending=true,2026-09-07T23:38:52.312Z
2026-09-07,M,1070,800701795,Gary Jiang,CAN,Canada,2008,70,https://www.itftennis.com/tennis/api/PlayerRankApi/GetPlayerRankings?circuitCode=JT&playerTypeCode=B&ageCategoryCode=&juniorRankingType=itf&take=100&skip=1000&isOrderAscending=true,2026-09-07T23:38:52.312Z
2026-09-07,M,1071,800717647,Hyeonu Nam,KOR,"Korea, Rep.",2011,70,https://www.itftennis.com/tennis/api/PlayerRankApi/GetPlayerRankings?circuitCode=JT&playerTypeCode=B&ageCategoryCode=&juniorRankingType=itf&take=100&skip=1000&isOrderAscending=true,2026-09-07T23:38:52.312Z
2026-09-07,M,1072,800680467,Xin Zhou,CHN,"China, P.R.",2008,69.75,https://www.itftennis.com/tennis/api/PlayerRankApi/GetPlayerRankings?circuitCode=JT&playerTypeCode=B&ageCategoryCode=&juniorRankingType=itf&take=100&skip=1000&isOrderAscending=true,2026-09-07T23:38:52.312Z
2026-09-07,M,1073,800781938,Carter Jauffret,USA,USA,2010,69.5,https://www.itftennis.com/tennis/api/PlayerRankApi/GetPlayerRankings?circuitCode=JT&playerTypeCode=B&ageCategoryCode=&juniorRankingType=itf&take=100&skip=1000&isOrderAscending=true,2026-09-07T23:38:52.312Z
2026-09-07,M,1074,800665675,FAZAL ALI MEER,IND,India,2010,69.5,https://www.itftennis.com/tennis/api/PlayerRankApi/GetPlayerRankings?circuitCode=JT&playerTypeCode=B&ageCategoryCode=&juniorRankingType=itf&take=100&skip=1000&isOrderAscending=true,2026-09-07T23:38:52.312Z
2026-09-07,M,1075,800602674,Dobromir Manoloff,BUL,Bulgaria,2008,69.25,https://www.itftennis.com/tennis/api/PlayerRankApi/GetPlayerRankings?circuitCode=JT&playerTypeCode=B&ageCategoryCode=&juniorRankingType=itf&take=100&skip=1000&isOrderAscending=true,2026-09-07T23:38:52.312Z
2026-09-07,M,1076,800672607,Pietro Bertasi,ITA,Italy,2009,69,https://www.itftennis.com/tennis/api/PlayerRankApi/GetPlayerRankings?circuitCode=JT&playerTypeCode=B&ageCategoryCode=&juniorRankingType=itf&take=100&skip=1000&isOrderAscending=true,2026-09-07T23:38:52.313Z
2026-09-07,M,1077,800717147,Jason Chu,AUS,Australia,2009,68.75,https://www.itftennis.com/tennis/api/PlayerRankApi/GetPlayerRankings?circuitCode=JT&playerTypeCode=B&ageCategoryCode=&juniorRankingType=itf&take=100&skip=1000&isOrderAscending=true,2026-09-07T23:38:52.313Z
2026-09-07,M,1078,800760704,Tristan McIntosh,AUS,Australia,2008,68.75,https://www.itftennis.com/tennis/api/PlayerRankApi/GetPlayerRankings?circuitCode=JT&playerTypeCode=B&ageCategoryCode=&juniorRankingType=itf&take=100&skip=1000&isOrderAscending=true,2026-09-07T23:38:52.313Z
2026-09-07,M,1079,800652275,Eduardo Jaramillo,COL,Colombia,2008,68.75,https://www.itftennis.com/tennis/api/PlayerRankApi/GetPlayerRankings?circuitCode=JT&playerTypeCode=B&ageCategoryCode=&juniorRankingType=itf&take=100&skip=1000&isOrderAscending=true,2026-09-07T23:38:52.313Z
2026-09-07,M,1080,800596498,Ektoras Tsatsakis,GRE,Greece,2008,68.75,https://www.itftennis.com/tennis/api/PlayerRankApi/GetPlayerRankings?circuitCode=JT&playerTypeCode=B&ageCategoryCode=&juniorRankingType=itf&take=100&skip=1000&isOrderAscending=true,2026-09-07T23:38:52.313Z
2026-09-07,M,1081,800583811,Daniel Vanek,CZE,Czechia,2008,68.75,https://www.itftennis.com/tennis/api/PlayerRankApi/GetPlayerRankings?circuitCode=JT&playerTypeCode=B&ageCategoryCode=&juniorRankingType=itf&take=100&skip=1000&isOrderAscending=true,2026-09-07T23:38:52.313Z
2026-09-07,M,1082,800755638,Ilias Bouzoubaa,USA,USA,2008,68.5,https://www.itftennis.com/tennis/api/PlayerRankApi/GetPlayerRankings?circuitCode=JT&playerTypeCode=B&ageCategoryCode=&juniorRankingType=itf&take=100&skip=1000&isOrderAscending=true,2026-09-07T23:38:52.313Z
2026-09-07,M,1083,800580534,Adam Duda,CZE,Czechia,2008,68.5,https://www.itftennis.com/tennis/api/PlayerRankApi/GetPlayerRankings?circuitCode=JT&playerTypeCode=B&ageCategoryCode=&juniorRankingType=itf&take=100&skip=1000&isOrderAscending=true,2026-09-07T23:38:52.313Z
2026-09-07,M,1084,800652589,Vicente Paniagua,BOL,Bolivia,2008,68.25,https://www.itftennis.com/tennis/api/PlayerRankApi/GetPlayerRankings?circuitCode=JT&playerTypeCode=B&ageCategoryCode=&juniorRankingType=itf&take=100&skip=1000&isOrderAscending=true,2026-09-07T23:38:52.313Z
2026-09-07,M,1085,800838866,Shang Yu Cheng,TPE,Chinese Taipei,2009,68.25,https://www.itftennis.com/tennis/api/PlayerRankApi/GetPlayerRankings?circuitCode=JT&playerTypeCode=B&ageCategoryCode=&juniorRankingType=itf&take=100&skip=1000&isOrderAscending=true,2026-09-07T23:38:52.313Z
2026-09-07,M,1086,800595561,Mauro Mavracic,CRO,Croatia,2008,68.25,https://www.itftennis.com/tennis/api/PlayerRankApi/GetPlayerRankings?circuitCode=JT&playerTypeCode=B&ageCategoryCode=&juniorRankingType=itf&take=100&skip=1000&isOrderAscending=true,2026-09-07T23:38:52.313Z
2026-09-07,M,1087,800694702,Camelot Carnello,USA,USA,2012,68.25,https://www.itftennis.com/tennis/api/PlayerRankApi/GetPlayerRankings?circuitCode=JT&playerTypeCode=B&ageCategoryCode=&juniorRankingType=itf&take=100&skip=1000&isOrderAscending=true,2026-09-07T23:38:52.313Z
2026-09-07,M,1088,800784215,Yanis Roch,CAN,Canada,2009,68,https://www.itftennis.com/tennis/api/PlayerRankApi/GetPlayerRankings?circuitCode=JT&playerTypeCode=B&ageCategoryCode=&juniorRankingType=itf&take=100&skip=1000&isOrderAscending=true,2026-09-07T23:38:52.313Z
2026-09-07,M,1089,800594287,Kirils Sokolovs,LAT,Latvia,2008,67.75,https://www.itftennis.com/tennis/api/PlayerRankApi/GetPlayerRankings?circuitCode=JT&playerTypeCode=B&ageCategoryCode=&juniorRankingType=itf&take=100&skip=1000&isOrderAscending=true,2026-09-07T23:38:52.313Z
2026-09-07,M,1090,800652386,Felipe Buritica,COL,Colombia,2009,67.75,https://www.itftennis.com/tennis/api/PlayerRankApi/GetPlayerRankings?circuitCode=JT&playerTypeCode=B&ageCategoryCode=&juniorRankingType=itf&take=100&skip=1000&isOrderAscending=true,2026-09-07T23:38:52.313Z
2026-09-07,M,1091,800638304,Maxim Bocharov,RUS,Russia,2009,67.75,https://www.itftennis.com/tennis/api/PlayerRankApi/GetPlayerRankings?circuitCode=JT&playerTypeCode=B&ageCategoryCode=&juniorRankingType=itf&take=100&skip=1000&isOrderAscending=true,2026-09-07T23:38:52.313Z
2026-09-07,M,1092,800807723,Zayd Ahfer,MAR,Morocco,2010,67.5,https://www.itftennis.com/tennis/api/PlayerRankApi/GetPlayerRankings?circuitCode=JT&playerTypeCode=B&ageCategoryCode=&juniorRankingType=itf&take=100&skip=1000&isOrderAscending=true,2026-09-07T23:38:52.313Z
2026-09-07,M,1093,800654506,Matsvei Zharyn,BLR,Belarus,2010,67.25,https://www.itftennis.com/tennis/api/PlayerRankApi/GetPlayerRankings?circuitCode=JT&playerTypeCode=B&ageCategoryCode=&juniorRankingType=itf&take=100&skip=1000&isOrderAscending=true,2026-09-07T23:38:52.313Z
2026-09-07,M,1094,800636105,Mingus Zack Hansen,DEN,Denmark,2009,67,https://www.itftennis.com/tennis/api/PlayerRankApi/GetPlayerRankings?circuitCode=JT&playerTypeCode=B&ageCategoryCode=&juniorRankingType=itf&take=100&skip=1000&isOrderAscending=true,2026-09-07T23:38:52.313Z
2026-09-07,M,1095,800676756,Jordi Fernandez Rodriguez,ESP,Spain,2010,67,https://www.itftennis.com/tennis/api/PlayerRankApi/GetPlayerRankings?circuitCode=JT&playerTypeCode=B&ageCategoryCode=&juniorRankingType=itf&take=100&skip=1000&isOrderAscending=true,2026-09-07T23:38:52.313Z
2026-09-07,M,1096,800673808,Dias Tulepbergenov,KAZ,Kazakhstan,2010,67,https://www.itftennis.com/tennis/api/PlayerRankApi/GetPlayerRankings?circuitCode=JT&playerTypeCode=B&ageCategoryCode=&juniorRankingType=itf&take=100&skip=1000&isOrderAscending=true,2026-09-07T23:38:52.313Z
2026-09-07,M,1097,800594277,Olaf Zielinski,LUX,Luxembourg,2009,67,https://www.itftennis.com/tennis/api/PlayerRankApi/GetPlayerRankings?circuitCode=JT&playerTypeCode=B&ageCategoryCode=&juniorRankingType=itf&take=100&skip=1000&isOrderAscending=true,2026-09-07T23:38:52.313Z
2026-09-07,M,1098,800592848,Erik Adrian Neacsa,ROU,Romania,2009,67,https://www.itftennis.com/tennis/api/PlayerRankApi/GetPlayerRankings?circuitCode=JT&playerTypeCode=B&ageCategoryCode=&juniorRankingType=itf&take=100&skip=1000&isOrderAscending=true,2026-09-07T23:38:52.313Z
2026-09-07,M,1099,800657281,Olivier Domagalski,GBR,Great Britain,2008,67,https://www.itftennis.com/tennis/api/PlayerRankApi/GetPlayerRankings?circuitCode=JT&playerTypeCode=B&ageCategoryCode=&juniorRankingType=itf&take=100&skip=1000&isOrderAscending=true,2026-09-07T23:38:52.313Z
2026-09-07,M,1100,800569558,Skender Katana,MNE,Montenegro,2008,67,https://www.itftennis.com/tennis/api/PlayerRankApi/GetPlayerRankings?circuitCode=JT&playerTypeCode=B&ageCategoryCode=&juniorRankingType=itf&take=100&skip=1000&isOrderAscending=true,2026-09-07T23:38:52.313Z
2026-09-07,M,1101,800749721,Hikaru Hieda,JPN,Japan,2008,67,https://www.itftennis.com/tennis/api/PlayerRankApi/GetPlayerRankings?circuitCode=JT&playerTypeCode=B&ageCategoryCode=&juniorRankingType=itf&take=100&skip=1100&isOrderAscending=true,2026-09-07T23:38:55.573Z
2026-09-07,M,1102,800701604,Martin Salvador Pages,CAN,Canada,2008,67,https://www.itftennis.com/tennis/api/PlayerRankApi/GetPlayerRankings?circuitCode=JT&playerTypeCode=B&ageCategoryCode=&juniorRankingType=itf&take=100&skip=1100&isOrderAscending=true,2026-09-07T23:38:55.573Z
2026-09-07,M,1103,800670771,Richard Krizan,SVK,Slovakia,2010,66.75,https://www.itftennis.com/tennis/api/PlayerRankApi/GetPlayerRankings?circuitCode=JT&playerTypeCode=B&ageCategoryCode=&juniorRankingType=itf&take=100&skip=1100&isOrderAscending=true,2026-09-07T23:38:55.573Z
2026-09-07,M,1104,800719768,Andres Alfredo Sanchez Molina,VEN,Venezuela,2011,66.75,https://www.itftennis.com/tennis/api/PlayerRankApi/GetPlayerRankings?circuitCode=JT&playerTypeCode=B&ageCategoryCode=&juniorRankingType=itf&take=100&skip=1100&isOrderAscending=true,2026-09-07T23:38:55.573Z
2026-09-07,M,1105,800646924,Stefan-Cristian Enache,ROU,Romania,2009,66.75,https://www.itftennis.com/tennis/api/PlayerRankApi/GetPlayerRankings?circuitCode=JT&playerTypeCode=B&ageCategoryCode=&juniorRankingType=itf&take=100&skip=1100&isOrderAscending=true,2026-09-07T23:38:55.573Z
2026-09-07,M,1106,800643600,Maksymilian Kwiatkowski,POL,Poland,2009,66.75,https://www.itftennis.com/tennis/api/PlayerRankApi/GetPlayerRankings?circuitCode=JT&playerTypeCode=B&ageCategoryCode=&juniorRankingType=itf&take=100&skip=1100&isOrderAscending=true,2026-09-07T23:38:55.573Z
2026-09-07,M,1107,800656099,Thomas Miranda,BRA,Brazil,2008,66.5,https://www.itftennis.com/tennis/api/PlayerRankApi/GetPlayerRankings?circuitCode=JT&playerTypeCode=B&ageCategoryCode=&juniorRankingType=itf&take=100&skip=1100&isOrderAscending=true,2026-09-07T23:38:55.573Z
2026-09-07,M,1108,800762626,Carson Kuchar,USA,USA,2009,66.5,https://www.itftennis.com/tennis/api/PlayerRankApi/GetPlayerRankings?circuitCode=JT&playerTypeCode=B&ageCategoryCode=&juniorRankingType=itf&take=100&skip=1100&isOrderAscending=true,2026-09-07T23:38:55.573Z
2026-09-07,M,1109,800711622,Xavier Alonso Rozada,MEX,Mexico,2008,66.25,https://www.itftennis.com/tennis/api/PlayerRankApi/GetPlayerRankings?circuitCode=JT&playerTypeCode=B&ageCategoryCode=&juniorRankingType=itf&take=100&skip=1100&isOrderAscending=true,2026-09-07T23:38:55.573Z
2026-09-07,M,1110,800601931,Julius Schliemann,GER,Germany,2008,66.25,https://www.itftennis.com/tennis/api/PlayerRankApi/GetPlayerRankings?circuitCode=JT&playerTypeCode=B&ageCategoryCode=&juniorRankingType=itf&take=100&skip=1100&isOrderAscending=true,2026-09-07T23:38:55.573Z
2026-09-07,M,1111,800653778,Felipe Wright,ECU,Ecuador,2009,66.25,https://www.itftennis.com/tennis/api/PlayerRankApi/GetPlayerRankings?circuitCode=JT&playerTypeCode=B&ageCategoryCode=&juniorRankingType=itf&take=100&skip=1100&isOrderAscending=true,2026-09-07T23:38:55.573Z
2026-09-07,M,1112,800660642,Napat Pattanalertphan,THA,Thailand,2008,66.25,https://www.itftennis.com/tennis/api/PlayerRankApi/GetPlayerRankings?circuitCode=JT&playerTypeCode=B&ageCategoryCode=&juniorRankingType=itf&take=100&skip=1100&isOrderAscending=true,2026-09-07T23:38:55.573Z
2026-09-07,M,1113,800719265,Ariyaphol Leekul,THA,Thailand,2009,66.25,https://www.itftennis.com/tennis/api/PlayerRankApi/GetPlayerRankings?circuitCode=JT&playerTypeCode=B&ageCategoryCode=&juniorRankingType=itf&take=100&skip=1100&isOrderAscending=true,2026-09-07T23:38:55.573Z
2026-09-07,M,1114,800758046,Alexandar Minori Stula,JPN,Japan,2008,66,https://www.itftennis.com/tennis/api/PlayerRankApi/GetPlayerRankings?circuitCode=JT&playerTypeCode=B&ageCategoryCode=&juniorRankingType=itf&take=100&skip=1100&isOrderAscending=true,2026-09-07T23:38:55.573Z
2026-09-07,M,1115,800578288,Ricards Dzirkals,LAT,Latvia,2008,66,https://www.itftennis.com/tennis/api/PlayerRankApi/GetPlayerRankings?circuitCode=JT&playerTypeCode=B&ageCategoryCode=&juniorRankingType=itf&take=100&skip=1100&isOrderAscending=true,2026-09-07T23:38:55.573Z
2026-09-07,M,1116,800635443,Mirija Andriantefihasina,MAD,Madagascar,2009,65.75,https://www.itftennis.com/tennis/api/PlayerRankApi/GetPlayerRankings?circuitCode=JT&playerTypeCode=B&ageCategoryCode=&juniorRankingType=itf&take=100&skip=1100&isOrderAscending=true,2026-09-07T23:38:55.573Z
2026-09-07,M,1117,800569548,Pavel Bushuev,RUS,Russia,2008,65.75,https://www.itftennis.com/tennis/api/PlayerRankApi/GetPlayerRankings?circuitCode=JT&playerTypeCode=B&ageCategoryCode=&juniorRankingType=itf&take=100&skip=1100&isOrderAscending=true,2026-09-07T23:38:55.573Z
2026-09-07,M,1118,800663194,Jack Cooper,HKG,"Hong Kong, China",2009,65.75,https://www.itftennis.com/tennis/api/PlayerRankApi/GetPlayerRankings?circuitCode=JT&playerTypeCode=B&ageCategoryCode=&juniorRankingType=itf&take=100&skip=1100&isOrderAscending=true,2026-09-07T23:38:55.573Z
2026-09-07,M,1119,800688343,Deniz Karabulut,CAN,Canada,2011,65.75,https://www.itftennis.com/tennis/api/PlayerRankApi/GetPlayerRankings?circuitCode=JT&playerTypeCode=B&ageCategoryCode=&juniorRankingType=itf&take=100&skip=1100&isOrderAscending=true,2026-09-07T23:38:55.573Z
2026-09-07,M,1120,800661500,Filip Djokic,SRB,Serbia,2009,65.75,https://www.itftennis.com/tennis/api/PlayerRankApi/GetPlayerRankings?circuitCode=JT&playerTypeCode=B&ageCategoryCode=&juniorRankingType=itf&take=100&skip=1100&isOrderAscending=true,2026-09-07T23:38:55.573Z
2026-09-07,M,1121,800728098,Luca Ugel,USA,USA,2008,65.5,https://www.itftennis.com/tennis/api/PlayerRankApi/GetPlayerRankings?circuitCode=JT&playerTypeCode=B&ageCategoryCode=&juniorRankingType=itf&take=100&skip=1100&isOrderAscending=true,2026-09-07T23:38:55.573Z
2026-09-07,M,1122,800713225,Thiago Veronezi Ribeiro,BRA,Brazil,2010,65.5,https://www.itftennis.com/tennis/api/PlayerRankApi/GetPlayerRankings?circuitCode=JT&playerTypeCode=B&ageCategoryCode=&juniorRankingType=itf&take=100&skip=1100&isOrderAscending=true,2026-09-07T23:38:55.573Z
2026-09-07,M,1123,800668595,Oskari Jaemsae,FIN,Finland,2010,65.5,https://www.itftennis.com/tennis/api/PlayerRankApi/GetPlayerRankings?circuitCode=JT&playerTypeCode=B&ageCategoryCode=&juniorRankingType=itf&take=100&skip=1100&isOrderAscending=true,2026-09-07T23:38:55.573Z
2026-09-07,M,1124,800781145,Kanvar Singh,AUS,Australia,2009,65.25,https://www.itftennis.com/tennis/api/PlayerRankApi/GetPlayerRankings?circuitCode=JT&playerTypeCode=B&ageCategoryCode=&juniorRankingType=itf&take=100&skip=1100&isOrderAscending=true,2026-09-07T23:38:55.573Z
2026-09-07,M,1125,800815021,Alessio Vigoriti,RSA,South Africa,2009,65.25,https://www.itftennis.com/tennis/api/PlayerRankApi/GetPlayerRankings?circuitCode=JT&playerTypeCode=B&ageCategoryCode=&juniorRankingType=itf&take=100&skip=1100&isOrderAscending=true,2026-09-07T23:38:55.573Z
2026-09-07,M,1126,800702729,Marco Quesada Arruza,ESP,Spain,2010,65.25,https://www.itftennis.com/tennis/api/PlayerRankApi/GetPlayerRankings?circuitCode=JT&playerTypeCode=B&ageCategoryCode=&juniorRankingType=itf&take=100&skip=1100&isOrderAscending=true,2026-09-07T23:38:55.573Z
2026-09-07,M,1127,800636269,Mahery RAOILY,MAD,Madagascar,2009,65.25,https://www.itftennis.com/tennis/api/PlayerRankApi/GetPlayerRankings?circuitCode=JT&playerTypeCode=B&ageCategoryCode=&juniorRankingType=itf&take=100&skip=1100&isOrderAscending=true,2026-09-07T23:38:55.573Z
2026-09-07,M,1128,800672334,Clement Wauters,BEL,Belgium,2008,65.25,https://www.itftennis.com/tennis/api/PlayerRankApi/GetPlayerRankings?circuitCode=JT&playerTypeCode=B&ageCategoryCode=&juniorRankingType=itf&take=100&skip=1100&isOrderAscending=true,2026-09-07T23:38:55.573Z
2026-09-07,M,1129,800847513,Joseph Lee,USA,USA,2009,65,https://www.itftennis.com/tennis/api/PlayerRankApi/GetPlayerRankings?circuitCode=JT&playerTypeCode=B&ageCategoryCode=&juniorRankingType=itf&take=100&skip=1100&isOrderAscending=true,2026-09-07T23:38:55.573Z
2026-09-07,M,1130,800766398,Alexander Lerman,USA,USA,2010,65,https://www.itftennis.com/tennis/api/PlayerRankApi/GetPlayerRankings?circuitCode=JT&playerTypeCode=B&ageCategoryCode=&juniorRankingType=itf&take=100&skip=1100&isOrderAscending=true,2026-09-07T23:38:55.573Z
2026-09-07,M,1131,800665009,Antoni Szary,POL,Poland,2009,65,https://www.itftennis.com/tennis/api/PlayerRankApi/GetPlayerRankings?circuitCode=JT&playerTypeCode=B&ageCategoryCode=&juniorRankingType=itf&take=100&skip=1100&isOrderAscending=true,2026-09-07T23:38:55.573Z
2026-09-07,M,1132,800739272,Genaro Bartolucci,ARG,Argentina,2010,65,https://www.itftennis.com/tennis/api/PlayerRankApi/GetPlayerRankings?circuitCode=JT&playerTypeCode=B&ageCategoryCode=&juniorRankingType=itf&take=100&skip=1100&isOrderAscending=true,2026-09-07T23:38:55.573Z
2026-09-07,M,1133,800631548,Gael Mourmant,FRA,France,2008,64.75,https://www.itftennis.com/tennis/api/PlayerRankApi/GetPlayerRankings?circuitCode=JT&playerTypeCode=B&ageCategoryCode=&juniorRankingType=itf&take=100&skip=1100&isOrderAscending=true,2026-09-07T23:38:55.573Z
2026-09-07,M,1134,800702369,Tiziano Gomez,ARG,Argentina,2009,64.75,https://www.itftennis.com/tennis/api/PlayerRankApi/GetPlayerRankings?circuitCode=JT&playerTypeCode=B&ageCategoryCode=&juniorRankingType=itf&take=100&skip=1100&isOrderAscending=true,2026-09-07T23:38:55.573Z
2026-09-07,M,1135,800636554,Shiro Bui,GER,Germany,2009,64.75,https://www.itftennis.com/tennis/api/PlayerRankApi/GetPlayerRankings?circuitCode=JT&playerTypeCode=B&ageCategoryCode=&juniorRankingType=itf&take=100&skip=1100&isOrderAscending=true,2026-09-07T23:38:55.573Z
2026-09-07,M,1136,800815590,Aayush Vartak,USA,USA,2010,64.75,https://www.itftennis.com/tennis/api/PlayerRankApi/GetPlayerRankings?circuitCode=JT&playerTypeCode=B&ageCategoryCode=&juniorRankingType=itf&take=100&skip=1100&isOrderAscending=true,2026-09-07T23:38:55.573Z
2026-09-07,M,1137,800769678,Yitian Lou,CHN,"China, P.R.",2011,64.75,https://www.itftennis.com/tennis/api/PlayerRankApi/GetPlayerRankings?circuitCode=JT&playerTypeCode=B&ageCategoryCode=&juniorRankingType=itf&take=100&skip=1100&isOrderAscending=true,2026-09-07T23:38:55.573Z
2026-09-07,M,1138,800651897,Kendrick Lambrano Suarez,COL,Colombia,2008,64.5,https://www.itftennis.com/tennis/api/PlayerRankApi/GetPlayerRankings?circuitCode=JT&playerTypeCode=B&ageCategoryCode=&juniorRankingType=itf&take=100&skip=1100&isOrderAscending=true,2026-09-07T23:38:55.573Z
2026-09-07,M,1139,800773249,Toprak KONYA,TUR,Turkiye,2010,64.25,https://www.itftennis.com/tennis/api/PlayerRankApi/GetPlayerRankings?circuitCode=JT&playerTypeCode=B&ageCategoryCode=&juniorRankingType=itf&take=100&skip=1100&isOrderAscending=true,2026-09-07T23:38:55.573Z
2026-09-07,M,1140,800664429,Pavel Oliver Dufek,CZE,Czechia,2010,64.25,https://www.itftennis.com/tennis/api/PlayerRankApi/GetPlayerRankings?circuitCode=JT&playerTypeCode=B&ageCategoryCode=&juniorRankingType=itf&take=100&skip=1100&isOrderAscending=true,2026-09-07T23:38:55.573Z
2026-09-07,M,1141,800671810,Joris van Linde,NED,Netherlands,2010,64.25,https://www.itftennis.com/tennis/api/PlayerRankApi/GetPlayerRankings?circuitCode=JT&playerTypeCode=B&ageCategoryCode=&juniorRankingType=itf&take=100&skip=1100&isOrderAscending=true,2026-09-07T23:38:55.573Z
2026-09-07,M,1142,800576418,Tomas Fidler,CZE,Czechia,2008,64,https://www.itftennis.com/tennis/api/PlayerRankApi/GetPlayerRankings?circuitCode=JT&playerTypeCode=B&ageCategoryCode=&juniorRankingType=itf&take=100&skip=1100&isOrderAscending=true,2026-09-07T23:38:55.573Z
2026-09-07,M,1143,800732084,Hengzhou Wang,CHN,"China, P.R.",2008,64,https://www.itftennis.com/tennis/api/PlayerRankApi/GetPlayerRankings?circuitCode=JT&playerTypeCode=B&ageCategoryCode=&juniorRankingType=itf&take=100&skip=1100&isOrderAscending=true,2026-09-07T23:38:55.573Z
2026-09-07,M,1144,800713051,Ilya Ivanov,UKR,Ukraine,2008,64,https://www.itftennis.com/tennis/api/PlayerRankApi/GetPlayerRankings?circuitCode=JT&playerTypeCode=B&ageCategoryCode=&juniorRankingType=itf&take=100&skip=1100&isOrderAscending=true,2026-09-07T23:38:55.573Z
2026-09-07,M,1145,800702523,Phasin Sinchalong,THA,Thailand,2011,64,https://www.itftennis.com/tennis/api/PlayerRankApi/GetPlayerRankings?circuitCode=JT&playerTypeCode=B&ageCategoryCode=&juniorRankingType=itf&take=100&skip=1100&isOrderAscending=true,2026-09-07T23:38:55.573Z
2026-09-07,M,1146,800625288,Sacha Piveteau,FRA,France,2009,64,https://www.itftennis.com/tennis/api/PlayerRankApi/GetPlayerRankings?circuitCode=JT&playerTypeCode=B&ageCategoryCode=&juniorRankingType=itf&take=100&skip=1100&isOrderAscending=true,2026-09-07T23:38:55.573Z
2026-09-07,M,1147,800600564,Mikolaj Owramko,POL,Poland,2008,64,https://www.itftennis.com/tennis/api/PlayerRankApi/GetPlayerRankings?circuitCode=JT&playerTypeCode=B&ageCategoryCode=&juniorRankingType=itf&take=100&skip=1100&isOrderAscending=true,2026-09-07T23:38:55.573Z
2026-09-07,M,1148,800698423,Brody Lee Stafford,IRL,Ireland,2011,64,https://www.itftennis.com/tennis/api/PlayerRankApi/GetPlayerRankings?circuitCode=JT&playerTypeCode=B&ageCategoryCode=&juniorRankingType=itf&take=100&skip=1100&isOrderAscending=true,2026-09-07T23:38:55.573Z
2026-09-07,M,1149,800728431,Kensei Konishi,JPN,Japan,2008,63.75,https://www.itftennis.com/tennis/api/PlayerRankApi/GetPlayerRankings?circuitCode=JT&playerTypeCode=B&ageCategoryCode=&juniorRankingType=itf&take=100&skip=1100&isOrderAscending=true,2026-09-07T23:38:55.573Z
2026-09-07,M,1150,800655068,Showrya Samala,IND,India,2008,63.75,https://www.itftennis.com/tennis/api/PlayerRankApi/GetPlayerRankings?circuitCode=JT&playerTypeCode=B&ageCategoryCode=&juniorRankingType=itf&take=100&skip=1100&isOrderAscending=true,2026-09-07T23:38:55.573Z
2026-09-07,M,1151,800709837,Leonardo Ljubicic,MON,Monaco,2008,63.75,https://www.itftennis.com/tennis/api/PlayerRankApi/GetPlayerRankings?circuitCode=JT&playerTypeCode=B&ageCategoryCode=&juniorRankingType=itf&take=100&skip=1100&isOrderAscending=true,2026-09-07T23:38:55.573Z
2026-09-07,M,1152,800680955,Eaden-Zack Harron,USA,USA,2008,63.75,https://www.itftennis.com/tennis/api/PlayerRankApi/GetPlayerRankings?circuitCode=JT&playerTypeCode=B&ageCategoryCode=&juniorRankingType=itf&take=100&skip=1100&isOrderAscending=true,2026-09-07T23:38:55.573Z
2026-09-07,M,1153,800603741,Igor Piasek,POL,Poland,2008,63.75,https://www.itftennis.com/tennis/api/PlayerRankApi/GetPlayerRankings?circuitCode=JT&playerTypeCode=B&ageCategoryCode=&juniorRankingType=itf&take=100&skip=1100&isOrderAscending=true,2026-09-07T23:38:55.573Z
2026-09-07,M,1154,800705547,Julian MAHDAVI,CAN,Canada,2010,63.75,https://www.itftennis.com/tennis/api/PlayerRankApi/GetPlayerRankings?circuitCode=JT&playerTypeCode=B&ageCategoryCode=&juniorRankingType=itf&take=100&skip=1100&isOrderAscending=true,2026-09-07T23:38:55.573Z
2026-09-07,M,1155,800688284,Agustin Martinez Gasque,MEX,Mexico,2008,63.75,https://www.itftennis.com/tennis/api/PlayerRankApi/GetPlayerRankings?circuitCode=JT&playerTypeCode=B&ageCategoryCode=&juniorRankingType=itf&take=100&skip=1100&isOrderAscending=true,2026-09-07T23:38:55.573Z
2026-09-07,M,1156,800678733,LUCA DARABAN,ROU,Romania,2011,63.75,https://www.itftennis.com/tennis/api/PlayerRankApi/GetPlayerRankings?circuitCode=JT&playerTypeCode=B&ageCategoryCode=&juniorRankingType=itf&take=100&skip=1100&isOrderAscending=true,2026-09-07T23:38:55.573Z
2026-09-07,M,1157,800818812,Patricio Alvarez Chavez,MEX,Mexico,2012,63.5,https://www.itftennis.com/tennis/api/PlayerRankApi/GetPlayerRankings?circuitCode=JT&playerTypeCode=B&ageCategoryCode=&juniorRankingType=itf&take=100&skip=1100&isOrderAscending=true,2026-09-07T23:38:55.573Z
2026-09-07,M,1158,800766814,Elliot Nuyts,BEL,Belgium,2009,63.5,https://www.itftennis.com/tennis/api/PlayerRankApi/GetPlayerRankings?circuitCode=JT&playerTypeCode=B&ageCategoryCode=&juniorRankingType=itf&take=100&skip=1100&isOrderAscending=true,2026-09-07T23:38:55.573Z
2026-09-07,M,1159,800664791,Philippe Jourdren,CZE,Czechia,2010,63.25,https://www.itftennis.com/tennis/api/PlayerRankApi/GetPlayerRankings?circuitCode=JT&playerTypeCode=B&ageCategoryCode=&juniorRankingType=itf&take=100&skip=1100&isOrderAscending=true,2026-09-07T23:38:55.573Z
2026-09-07,M,1160,800723513,Anthony Dry,USA,USA,2008,63.25,https://www.itftennis.com/tennis/api/PlayerRankApi/GetPlayerRankings?circuitCode=JT&playerTypeCode=B&ageCategoryCode=&juniorRankingType=itf&take=100&skip=1100&isOrderAscending=true,2026-09-07T23:38:55.573Z
2026-09-07,M,1161,800692920,Hugo Jathiere,FRA,France,2010,63.25,https://www.itftennis.com/tennis/api/PlayerRankApi/GetPlayerRankings?circuitCode=JT&playerTypeCode=B&ageCategoryCode=&juniorRankingType=itf&take=100&skip=1100&isOrderAscending=true,2026-09-07T23:38:55.573Z
2026-09-07,M,1162,800688579,Abner Pulin Yu,USA,USA,2011,63,https://www.itftennis.com/tennis/api/PlayerRankApi/GetPlayerRankings?circuitCode=JT&playerTypeCode=B&ageCategoryCode=&juniorRankingType=itf&take=100&skip=1100&isOrderAscending=true,2026-09-07T23:38:55.573Z
2026-09-07,M,1163,800743007,Juan Alejandro Jimenez Lozada,COL,Colombia,2010,63,https://www.itftennis.com/tennis/api/PlayerRankApi/GetPlayerRankings?circuitCode=JT&playerTypeCode=B&ageCategoryCode=&juniorRankingType=itf&take=100&skip=1100&isOrderAscending=true,2026-09-07T23:38:55.573Z
2026-09-07,M,1164,800670602,Giorgio Ghia,ITA,Italy,2010,63,https://www.itftennis.com/tennis/api/PlayerRankApi/GetPlayerRankings?circuitCode=JT&playerTypeCode=B&ageCategoryCode=&juniorRankingType=itf&take=100&skip=1100&isOrderAscending=true,2026-09-07T23:38:55.573Z
2026-09-07,M,1165,800570885,Radin Fahimi,IRI,Iran,2008,63,https://www.itftennis.com/tennis/api/PlayerRankApi/GetPlayerRankings?circuitCode=JT&playerTypeCode=B&ageCategoryCode=&juniorRankingType=itf&take=100&skip=1100&isOrderAscending=true,2026-09-07T23:38:55.573Z
2026-09-07,M,1166,800780698,Giovanni Boi,ITA,Italy,2008,62.75,https://www.itftennis.com/tennis/api/PlayerRankApi/GetPlayerRankings?circuitCode=JT&playerTypeCode=B&ageCategoryCode=&juniorRankingType=itf&take=100&skip=1100&isOrderAscending=true,2026-09-07T23:38:55.573Z
2026-09-07,M,1167,800755183,Vladimir Guyot-Sionnest,FRA,France,2008,62.75,https://www.itftennis.com/tennis/api/PlayerRankApi/GetPlayerRankings?circuitCode=JT&playerTypeCode=B&ageCategoryCode=&juniorRankingType=itf&take=100&skip=1100&isOrderAscending=true,2026-09-07T23:38:55.573Z
2026-09-07,M,1168,800724937,Xzavier Hastick,CAN,Canada,2008,62.75,https://www.itftennis.com/tennis/api/PlayerRankApi/GetPlayerRankings?circuitCode=JT&playerTypeCode=B&ageCategoryCode=&juniorRankingType=itf&take=100&skip=1100&isOrderAscending=true,2026-09-07T23:38:55.573Z
2026-09-07,M,1169,800693674,Rhys Vorwerk,RSA,South Africa,2008,62.5,https://www.itftennis.com/tennis/api/PlayerRankApi/GetPlayerRankings?circuitCode=JT&playerTypeCode=B&ageCategoryCode=&juniorRankingType=itf&take=100&skip=1100&isOrderAscending=true,2026-09-07T23:38:55.573Z
2026-09-07,M,1170,800675037,Joaquin Romeo Rock Friedrich,GER,Germany,2010,62.5,https://www.itftennis.com/tennis/api/PlayerRankApi/GetPlayerRankings?circuitCode=JT&playerTypeCode=B&ageCategoryCode=&juniorRankingType=itf&take=100&skip=1100&isOrderAscending=true,2026-09-07T23:38:55.573Z
2026-09-07,M,1171,800746070,Jingxuan Zhou,CHN,"China, P.R.",2009,62.5,https://www.itftennis.com/tennis/api/PlayerRankApi/GetPlayerRankings?circuitCode=JT&playerTypeCode=B&ageCategoryCode=&juniorRankingType=itf&take=100&skip=1100&isOrderAscending=true,2026-09-07T23:38:55.573Z
2026-09-07,M,1172,800655667,JOSE FABRICIO SORIANO LOPEZ,PER,Peru,2008,62.5,https://www.itftennis.com/tennis/api/PlayerRankApi/GetPlayerRankings?circuitCode=JT&playerTypeCode=B&ageCategoryCode=&juniorRankingType=itf&take=100&skip=1100&isOrderAscending=true,2026-09-07T23:38:55.573Z
2026-09-07,M,1173,800648125,David Brueckner,CZE,Czechia,2008,62.5,https://www.itftennis.com/tennis/api/PlayerRankApi/GetPlayerRankings?circuitCode=JT&playerTypeCode=B&ageCategoryCode=&juniorRankingType=itf&take=100&skip=1100&isOrderAscending=true,2026-09-07T23:38:55.573Z
2026-09-07,M,1174,800656943,Tomass Dalderis,LAT,Latvia,2009,62.5,https://www.itftennis.com/tennis/api/PlayerRankApi/GetPlayerRankings?circuitCode=JT&playerTypeCode=B&ageCategoryCode=&juniorRankingType=itf&take=100&skip=1100&isOrderAscending=true,2026-09-07T23:38:55.573Z
2026-09-07,M,1175,800701002,PAUL GHIMBASAN,ESP,Spain,2010,62.5,https://www.itftennis.com/tennis/api/PlayerRankApi/GetPlayerRankings?circuitCode=JT&playerTypeCode=B&ageCategoryCode=&juniorRankingType=itf&take=100&skip=1100&isOrderAscending=true,2026-09-07T23:38:55.573Z
2026-09-07,M,1176,800759305,Zihao Liu,CHN,"China, P.R.",2008,62.5,https://www.itftennis.com/tennis/api/PlayerRankApi/GetPlayerRankings?circuitCode=JT&playerTypeCode=B&ageCategoryCode=&juniorRankingType=itf&take=100&skip=1100&isOrderAscending=true,2026-09-07T23:38:55.573Z
2026-09-07,M,1177,800621232,Sven Strilka,CZE,Czechia,2008,62.25,https://www.itftennis.com/tennis/api/PlayerRankApi/GetPlayerRankings?circuitCode=JT&playerTypeCode=B&ageCategoryCode=&juniorRankingType=itf&take=100&skip=1100&isOrderAscending=true,2026-09-07T23:38:55.573Z
2026-09-07,M,1178,800738629,Enric Novell,ESP,Spain,2009,62,https://www.itftennis.com/tennis/api/PlayerRankApi/GetPlayerRankings?circuitCode=JT&playerTypeCode=B&ageCategoryCode=&juniorRankingType=itf&take=100&skip=1100&isOrderAscending=true,2026-09-07T23:38:55.573Z
2026-09-07,M,1179,800748223,Matei Crisan,ROU,Romania,2008,62,https://www.itftennis.com/tennis/api/PlayerRankApi/GetPlayerRankings?circuitCode=JT&playerTypeCode=B&ageCategoryCode=&juniorRankingType=itf&take=100&skip=1100&isOrderAscending=true,2026-09-07T23:38:55.573Z
2026-09-07,M,1180,800677856,Oscar Casas Mas,ESP,Spain,2009,62,https://www.itftennis.com/tennis/api/PlayerRankApi/GetPlayerRankings?circuitCode=JT&playerTypeCode=B&ageCategoryCode=&juniorRankingType=itf&take=100&skip=1100&isOrderAscending=true,2026-09-07T23:38:55.573Z
2026-09-07,M,1181,800672183,Lourenco Correia,POR,Portugal,2010,62,https://www.itftennis.com/tennis/api/PlayerRankApi/GetPlayerRankings?circuitCode=JT&playerTypeCode=B&ageCategoryCode=&juniorRankingType=itf&take=100&skip=1100&isOrderAscending=true,2026-09-07T23:38:55.573Z
2026-09-07,M,1182,800698636,Alessandro Fronza,ITA,Italy,2011,62,https://www.itftennis.com/tennis/api/PlayerRankApi/GetPlayerRankings?circuitCode=JT&playerTypeCode=B&ageCategoryCode=&juniorRankingType=itf&take=100&skip=1100&isOrderAscending=true,2026-09-07T23:38:55.573Z
2026-09-07,M,1183,800678763,Vladyslav Bohomolkin,UKR,Ukraine,2010,61.75,https://www.itftennis.com/tennis/api/PlayerRankApi/GetPlayerRankings?circuitCode=JT&playerTypeCode=B&ageCategoryCode=&juniorRankingType=itf&take=100&skip=1100&isOrderAscending=true,2026-09-07T23:38:55.573Z
2026-09-07,M,1184,800655582,Ricardo sebastian ramos vargas,PER,Peru,2009,61.5,https://www.itftennis.com/tennis/api/PlayerRankApi/GetPlayerRankings?circuitCode=JT&playerTypeCode=B&ageCategoryCode=&juniorRankingType=itf&take=100&skip=1100&isOrderAscending=true,2026-09-07T23:38:55.573Z
2026-09-07,M,1185,800595389,Andrii Borodatiuk,UKR,Ukraine,2008,61.5,https://www.itftennis.com/tennis/api/PlayerRankApi/GetPlayerRankings?circuitCode=JT&playerTypeCode=B&ageCategoryCode=&juniorRankingType=itf&take=100&skip=1100&isOrderAscending=true,2026-09-07T23:38:55.573Z
2026-09-07,M,1186,800643717,Rocco Richardson,GBR,Great Britain,2009,61.5,https://www.itftennis.com/tennis/api/PlayerRankApi/GetPlayerRankings?circuitCode=JT&playerTypeCode=B&ageCategoryCode=&juniorRankingType=itf&take=100&skip=1100&isOrderAscending=true,2026-09-07T23:38:55.573Z
2026-09-07,M,1187,800782408,Emmanuel Martinez Reza,MEX,Mexico,2010,61.5,https://www.itftennis.com/tennis/api/PlayerRankApi/GetPlayerRankings?circuitCode=JT&playerTypeCode=B&ageCategoryCode=&juniorRankingType=itf&take=100&skip=1100&isOrderAscending=true,2026-09-07T23:38:55.573Z
2026-09-07,M,1188,800792219,Jan Svoboda,CZE,Czechia,2009,61.5,https://www.itftennis.com/tennis/api/PlayerRankApi/GetPlayerRankings?circuitCode=JT&playerTypeCode=B&ageCategoryCode=&juniorRankingType=itf&take=100&skip=1100&isOrderAscending=true,2026-09-07T23:38:55.573Z
2026-09-07,M,1189,800656655,Ahan Shetty,IND,India,2009,61.25,https://www.itftennis.com/tennis/api/PlayerRankApi/GetPlayerRankings?circuitCode=JT&playerTypeCode=B&ageCategoryCode=&juniorRankingType=itf&take=100&skip=1100&isOrderAscending=true,2026-09-07T23:38:55.573Z
2026-09-07,M,1190,800672778,Luca Frunza,ROU,Romania,2008,61.25,https://www.itftennis.com/tennis/api/PlayerRankApi/GetPlayerRankings?circuitCode=JT&playerTypeCode=B&ageCategoryCode=&juniorRankingType=itf&take=100&skip=1100&isOrderAscending=true,2026-09-07T23:38:55.573Z
2026-09-07,M,1191,800602589,Florin Cristian Lucaciu,ROU,Romania,2008,61.25,https://www.itftennis.com/tennis/api/PlayerRankApi/GetPlayerRankings?circuitCode=JT&playerTypeCode=B&ageCategoryCode=&juniorRankingType=itf&take=100&skip=1100&isOrderAscending=true,2026-09-07T23:38:55.573Z
2026-09-07,M,1192,800667942,Cadence Benchetrit,CAN,Canada,2008,61,https://www.itftennis.com/tennis/api/PlayerRankApi/GetPlayerRankings?circuitCode=JT&playerTypeCode=B&ageCategoryCode=&juniorRankingType=itf&take=100&skip=1100&isOrderAscending=true,2026-09-07T23:38:55.573Z
2026-09-07,M,1193,800638677,Milan Zavaczki,HUN,Hungary,2008,61,https://www.itftennis.com/tennis/api/PlayerRankApi/GetPlayerRankings?circuitCode=JT&playerTypeCode=B&ageCategoryCode=&juniorRankingType=itf&take=100&skip=1100&isOrderAscending=true,2026-09-07T23:38:55.573Z
2026-09-07,M,1194,800594702,Leonardo Leti Messina,ITA,Italy,2008,61,https://www.itftennis.com/tennis/api/PlayerRankApi/GetPlayerRankings?circuitCode=JT&playerTypeCode=B&ageCategoryCode=&juniorRankingType=itf&take=100&skip=1100&isOrderAscending=true,2026-09-07T23:38:55.573Z
2026-09-07,M,1195,800793423,Pengju Chen,AUS,Australia,2009,61,https://www.itftennis.com/tennis/api/PlayerRankApi/GetPlayerRankings?circuitCode=JT&playerTypeCode=B&ageCategoryCode=&juniorRankingType=itf&take=100&skip=1100&isOrderAscending=true,2026-09-07T23:38:55.573Z
2026-09-07,M,1196,800687212,Haruka Okubo,JPN,Japan,2010,61,https://www.itftennis.com/tennis/api/PlayerRankApi/GetPlayerRankings?circuitCode=JT&playerTypeCode=B&ageCategoryCode=&juniorRankingType=itf&take=100&skip=1100&isOrderAscending=true,2026-09-07T23:38:55.573Z
2026-09-07,M,1197,800660689,Aleksander Konstantin,GER,Germany,2009,61,https://www.itftennis.com/tennis/api/PlayerRankApi/GetPlayerRankings?circuitCode=JT&playerTypeCode=B&ageCategoryCode=&juniorRankingType=itf&take=100&skip=1100&isOrderAscending=true,2026-09-07T23:38:55.573Z
2026-09-07,M,1198,800817230,Zhiyu Li,CHN,"China, P.R.",2011,61,https://www.itftennis.com/tennis/api/PlayerRankApi/GetPlayerRankings?circuitCode=JT&playerTypeCode=B&ageCategoryCode=&juniorRankingType=itf&take=100&skip=1100&isOrderAscending=true,2026-09-07T23:38:55.573Z
2026-09-07,M,1199,800801430,Legan Thomas,USA,USA,2010,61,https://www.itftennis.com/tennis/api/PlayerRankApi/GetPlayerRankings?circuitCode=JT&playerTypeCode=B&ageCategoryCode=&juniorRankingType=itf&take=100&skip=1100&isOrderAscending=true,2026-09-07T23:38:55.573Z
2026-09-07,M,1200,800751094,Ivan Sknarin,BLR,Belarus,2009,60.75,https://www.itftennis.com/tennis/api/PlayerRankApi/GetPlayerRankings?circuitCode=JT&playerTypeCode=B&ageCategoryCode=&juniorRankingType=itf&take=100&skip=1100&isOrderAscending=true,2026-09-07T23:38:55.573Z
2026-09-07,M,1201,800750948,Mies Wrobel,FRA,France,2009,60.75,https://www.itftennis.com/tennis/api/PlayerRankApi/GetPlayerRankings?circuitCode=JT&playerTypeCode=B&ageCategoryCode=&juniorRankingType=itf&take=100&skip=1200&isOrderAscending=true,2026-09-07T23:38:58.827Z
2026-09-07,M,1202,800800840,Saveliy Yuzov,RUS,Russia,2009,60.75,https://www.itftennis.com/tennis/api/PlayerRankApi/GetPlayerRankings?circuitCode=JT&playerTypeCode=B&ageCategoryCode=&juniorRankingType=itf&take=100&skip=1200&isOrderAscending=true,2026-09-07T23:38:58.827Z
2026-09-07,M,1203,800780372,Pedro Rodrigues Longobardi,BRA,Brazil,2008,60.75,https://www.itftennis.com/tennis/api/PlayerRankApi/GetPlayerRankings?circuitCode=JT&playerTypeCode=B&ageCategoryCode=&juniorRankingType=itf&take=100&skip=1200&isOrderAscending=true,2026-09-07T23:38:58.827Z
2026-09-07,M,1204,800653842,Harry Voss,GBR,Great Britain,2009,60.75,https://www.itftennis.com/tennis/api/PlayerRankApi/GetPlayerRankings?circuitCode=JT&playerTypeCode=B&ageCategoryCode=&juniorRankingType=itf&take=100&skip=1200&isOrderAscending=true,2026-09-07T23:38:58.827Z
2026-09-07,M,1205,800766990,Colin Mcpeek,USA,USA,2009,60.5,https://www.itftennis.com/tennis/api/PlayerRankApi/GetPlayerRankings?circuitCode=JT&playerTypeCode=B&ageCategoryCode=&juniorRankingType=itf&take=100&skip=1200&isOrderAscending=true,2026-09-07T23:38:58.827Z
2026-09-07,M,1206,800662587,Kyle Wan,HKG,"Hong Kong, China",2011,60.5,https://www.itftennis.com/tennis/api/PlayerRankApi/GetPlayerRankings?circuitCode=JT&playerTypeCode=B&ageCategoryCode=&juniorRankingType=itf&take=100&skip=1200&isOrderAscending=true,2026-09-07T23:38:58.827Z
2026-09-07,M,1207,800646590,Mehmet Toprak Ercin,TUR,Turkiye,2010,60.5,https://www.itftennis.com/tennis/api/PlayerRankApi/GetPlayerRankings?circuitCode=JT&playerTypeCode=B&ageCategoryCode=&juniorRankingType=itf&take=100&skip=1200&isOrderAscending=true,2026-09-07T23:38:58.827Z
2026-09-07,M,1208,800653737,Roman Ryzhkin,RUS,Russia,2010,60.5,https://www.itftennis.com/tennis/api/PlayerRankApi/GetPlayerRankings?circuitCode=JT&playerTypeCode=B&ageCategoryCode=&juniorRankingType=itf&take=100&skip=1200&isOrderAscending=true,2026-09-07T23:38:58.827Z
2026-09-07,M,1209,800747640,Jeff Okuku Hesbon,KEN,Kenya,2010,60.5,https://www.itftennis.com/tennis/api/PlayerRankApi/GetPlayerRankings?circuitCode=JT&playerTypeCode=B&ageCategoryCode=&juniorRankingType=itf&take=100&skip=1200&isOrderAscending=true,2026-09-07T23:38:58.827Z
2026-09-07,M,1210,800684965,Weiyi Kong,CHN,"China, P.R.",2008,60,https://www.itftennis.com/tennis/api/PlayerRankApi/GetPlayerRankings?circuitCode=JT&playerTypeCode=B&ageCategoryCode=&juniorRankingType=itf&take=100&skip=1200&isOrderAscending=true,2026-09-07T23:38:58.827Z
2026-09-07,M,1211,800603811,Phopthum Sriwong,THA,Thailand,2008,60,https://www.itftennis.com/tennis/api/PlayerRankApi/GetPlayerRankings?circuitCode=JT&playerTypeCode=B&ageCategoryCode=&juniorRankingType=itf&take=100&skip=1200&isOrderAscending=true,2026-09-07T23:38:58.827Z
2026-09-07,M,1212,800874119,Rafael Guseynov,AZE,Azerbaijan,2009,60,https://www.itftennis.com/tennis/api/PlayerRankApi/GetPlayerRankings?circuitCode=JT&playerTypeCode=B&ageCategoryCode=&juniorRankingType=itf&take=100&skip=1200&isOrderAscending=true,2026-09-07T23:38:58.827Z
2026-09-07,M,1213,800698227,Paolo Iallonardo,ITA,Italy,2009,59.75,https://www.itftennis.com/tennis/api/PlayerRankApi/GetPlayerRankings?circuitCode=JT&playerTypeCode=B&ageCategoryCode=&juniorRankingType=itf&take=100&skip=1200&isOrderAscending=true,2026-09-07T23:38:58.827Z
2026-09-07,M,1214,800742039,Nirav Dougdeen,TTO,Trinidad & Tobago,2010,59.75,https://www.itftennis.com/tennis/api/PlayerRankApi/GetPlayerRankings?circuitCode=JT&playerTypeCode=B&ageCategoryCode=&juniorRankingType=itf&take=100&skip=1200&isOrderAscending=true,2026-09-07T23:38:58.827Z
2026-09-07,M,1215,800660490,Atai Aseinov,KGZ,Kyrgyzstan,2009,59.75,https://www.itftennis.com/tennis/api/PlayerRankApi/GetPlayerRankings?circuitCode=JT&playerTypeCode=B&ageCategoryCode=&juniorRankingType=itf&take=100&skip=1200&isOrderAscending=true,2026-09-07T23:38:58.827Z
2026-09-07,M,1216,800602023,Antonin Kotak,GBR,Great Britain,2009,59.75,https://www.itftennis.com/tennis/api/PlayerRankApi/GetPlayerRankings?circuitCode=JT&playerTypeCode=B&ageCategoryCode=&juniorRankingType=itf&take=100&skip=1200&isOrderAscending=true,2026-09-07T23:38:58.827Z
2026-09-07,M,1217,800726144,Cedric Lagarrigue,FRA,France,2009,59.5,https://www.itftennis.com/tennis/api/PlayerRankApi/GetPlayerRankings?circuitCode=JT&playerTypeCode=B&ageCategoryCode=&juniorRankingType=itf&take=100&skip=1200&isOrderAscending=true,2026-09-07T23:38:58.827Z
2026-09-07,M,1218,800601422,Joseph Puig Mccallan,ESP,Spain,2008,59.5,https://www.itftennis.com/tennis/api/PlayerRankApi/GetPlayerRankings?circuitCode=JT&playerTypeCode=B&ageCategoryCode=&juniorRankingType=itf&take=100&skip=1200&isOrderAscending=true,2026-09-07T23:38:58.827Z
2026-09-07,M,1219,800734285,Kuan-Ting Chen,TPE,Chinese Taipei,2008,59.5,https://www.itftennis.com/tennis/api/PlayerRankApi/GetPlayerRankings?circuitCode=JT&playerTypeCode=B&ageCategoryCode=&juniorRankingType=itf&take=100&skip=1200&isOrderAscending=true,2026-09-07T23:38:58.827Z
2026-09-07,M,1220,800627741,Kuzey Ugurcan,TUR,Turkiye,2008,59.25,https://www.itftennis.com/tennis/api/PlayerRankApi/GetPlayerRankings?circuitCode=JT&playerTypeCode=B&ageCategoryCode=&juniorRankingType=itf&take=100&skip=1200&isOrderAscending=true,2026-09-07T23:38:58.827Z
2026-09-07,M,1221,800736826,Jiayou Luo,CHN,"China, P.R.",2008,59.25,https://www.itftennis.com/tennis/api/PlayerRankApi/GetPlayerRankings?circuitCode=JT&playerTypeCode=B&ageCategoryCode=&juniorRankingType=itf&take=100&skip=1200&isOrderAscending=true,2026-09-07T23:38:58.827Z
2026-09-07,M,1222,800598927,Oliver Kiljunen,FIN,Finland,2008,59.25,https://www.itftennis.com/tennis/api/PlayerRankApi/GetPlayerRankings?circuitCode=JT&playerTypeCode=B&ageCategoryCode=&juniorRankingType=itf&take=100&skip=1200&isOrderAscending=true,2026-09-07T23:38:58.827Z
2026-09-07,M,1223,800697918,Arno Avetisyan,ARM,Armenia,2011,59.25,https://www.itftennis.com/tennis/api/PlayerRankApi/GetPlayerRankings?circuitCode=JT&playerTypeCode=B&ageCategoryCode=&juniorRankingType=itf&take=100&skip=1200&isOrderAscending=true,2026-09-07T23:38:58.827Z
2026-09-07,M,1224,800600261,Artem Karavan,UKR,Ukraine,2008,58.75,https://www.itftennis.com/tennis/api/PlayerRankApi/GetPlayerRankings?circuitCode=JT&playerTypeCode=B&ageCategoryCode=&juniorRankingType=itf&take=100&skip=1200&isOrderAscending=true,2026-09-07T23:38:58.827Z
2026-09-07,M,1225,800739857,Ryan Szeto,GBR,Great Britain,2011,58.75,https://www.itftennis.com/tennis/api/PlayerRankApi/GetPlayerRankings?circuitCode=JT&playerTypeCode=B&ageCategoryCode=&juniorRankingType=itf&take=100&skip=1200&isOrderAscending=true,2026-09-07T23:38:58.827Z
2026-09-07,M,1226,800699579,Cinar Senkaya,TUR,Turkiye,2011,58.5,https://www.itftennis.com/tennis/api/PlayerRankApi/GetPlayerRankings?circuitCode=JT&playerTypeCode=B&ageCategoryCode=&juniorRankingType=itf&take=100&skip=1200&isOrderAscending=true,2026-09-07T23:38:58.827Z
2026-09-07,M,1227,800745517,Imanol Gosset,FRA,France,2012,58.5,https://www.itftennis.com/tennis/api/PlayerRankApi/GetPlayerRankings?circuitCode=JT&playerTypeCode=B&ageCategoryCode=&juniorRankingType=itf&take=100&skip=1200&isOrderAscending=true,2026-09-07T23:38:58.827Z
2026-09-07,M,1228,800643878,yonatan shagas,ISR,Israel,2009,58.25,https://www.itftennis.com/tennis/api/PlayerRankApi/GetPlayerRankings?circuitCode=JT&playerTypeCode=B&ageCategoryCode=&juniorRankingType=itf&take=100&skip=1200&isOrderAscending=true,2026-09-07T23:38:58.827Z
2026-09-07,M,1229,800793054,Tristan Summers,RSA,South Africa,2012,58.25,https://www.itftennis.com/tennis/api/PlayerRankApi/GetPlayerRankings?circuitCode=JT&playerTypeCode=B&ageCategoryCode=&juniorRankingType=itf&take=100&skip=1200&isOrderAscending=true,2026-09-07T23:38:58.827Z
2026-09-07,M,1230,800651395,Athos Karakatsianis,CYP,Cyprus,2010,58.25,https://www.itftennis.com/tennis/api/PlayerRankApi/GetPlayerRankings?circuitCode=JT&playerTypeCode=B&ageCategoryCode=&juniorRankingType=itf&take=100&skip=1200&isOrderAscending=true,2026-09-07T23:38:58.827Z
2026-09-07,M,1231,800717371,Arthur Poussin,FRA,France,2012,58.25,https://www.itftennis.com/tennis/api/PlayerRankApi/GetPlayerRankings?circuitCode=JT&playerTypeCode=B&ageCategoryCode=&juniorRankingType=itf&take=100&skip=1200&isOrderAscending=true,2026-09-07T23:38:58.827Z
2026-09-07,M,1232,800654255,Martin Baquero,ECU,Ecuador,2009,58.25,https://www.itftennis.com/tennis/api/PlayerRankApi/GetPlayerRankings?circuitCode=JT&playerTypeCode=B&ageCategoryCode=&juniorRankingType=itf&take=100&skip=1200&isOrderAscending=true,2026-09-07T23:38:58.827Z
2026-09-07,M,1233,800799172,Jakub Jedryka,POL,Poland,2009,58,https://www.itftennis.com/tennis/api/PlayerRankApi/GetPlayerRankings?circuitCode=JT&playerTypeCode=B&ageCategoryCode=&juniorRankingType=itf&take=100&skip=1200&isOrderAscending=true,2026-09-07T23:38:58.827Z
2026-09-07,M,1234,800677655,Benjamin Conca Lapasset,ARG,Argentina,2008,58,https://www.itftennis.com/tennis/api/PlayerRankApi/GetPlayerRankings?circuitCode=JT&playerTypeCode=B&ageCategoryCode=&juniorRankingType=itf&take=100&skip=1200&isOrderAscending=true,2026-09-07T23:38:58.827Z
2026-09-07,M,1235,800602934,Evan Palumbo,LUX,Luxembourg,2009,57.75,https://www.itftennis.com/tennis/api/PlayerRankApi/GetPlayerRankings?circuitCode=JT&playerTypeCode=B&ageCategoryCode=&juniorRankingType=itf&take=100&skip=1200&isOrderAscending=true,2026-09-07T23:38:58.827Z
2026-09-07,M,1236,800589063,Kristijonas Milasauskas,LTU,Lithuania,2008,57.75,https://www.itftennis.com/tennis/api/PlayerRankApi/GetPlayerRankings?circuitCode=JT&playerTypeCode=B&ageCategoryCode=&juniorRankingType=itf&take=100&skip=1200&isOrderAscending=true,2026-09-07T23:38:58.827Z
2026-09-07,M,1237,800644240,Amir-Muhammad Khan Mazari,PAK,Pakistan,2009,57.75,https://www.itftennis.com/tennis/api/PlayerRankApi/GetPlayerRankings?circuitCode=JT&playerTypeCode=B&ageCategoryCode=&juniorRankingType=itf&take=100&skip=1200&isOrderAscending=true,2026-09-07T23:38:58.827Z
2026-09-07,M,1238,800679228,SIYABONGA JACA,RSA,South Africa,2008,57.5,https://www.itftennis.com/tennis/api/PlayerRankApi/GetPlayerRankings?circuitCode=JT&playerTypeCode=B&ageCategoryCode=&juniorRankingType=itf&take=100&skip=1200&isOrderAscending=true,2026-09-07T23:38:58.827Z
2026-09-07,M,1239,800648792,TUDOR ALEXANDRU PREDA,ROU,Romania,2010,57.5,https://www.itftennis.com/tennis/api/PlayerRankApi/GetPlayerRankings?circuitCode=JT&playerTypeCode=B&ageCategoryCode=&juniorRankingType=itf&take=100&skip=1200&isOrderAscending=true,2026-09-07T23:38:58.827Z
2026-09-07,M,1240,800732607,Zolbadar Urnukh,MGL,Mongolia,2009,57.25,https://www.itftennis.com/tennis/api/PlayerRankApi/GetPlayerRankings?circuitCode=JT&playerTypeCode=B&ageCategoryCode=&juniorRankingType=itf&take=100&skip=1200&isOrderAscending=true,2026-09-07T23:38:58.827Z
2026-09-07,M,1241,800712798,Victor Palomar-Marquina,ESP,Spain,2008,57.25,https://www.itftennis.com/tennis/api/PlayerRankApi/GetPlayerRankings?circuitCode=JT&playerTypeCode=B&ageCategoryCode=&juniorRankingType=itf&take=100&skip=1200&isOrderAscending=true,2026-09-07T23:38:58.827Z
2026-09-07,M,1242,800772836,Santiago Lopez,COL,Colombia,2009,57,https://www.itftennis.com/tennis/api/PlayerRankApi/GetPlayerRankings?circuitCode=JT&playerTypeCode=B&ageCategoryCode=&juniorRankingType=itf&take=100&skip=1200&isOrderAscending=true,2026-09-07T23:38:58.827Z
2026-09-07,M,1243,800671784,Bartu Karayel,NED,Netherlands,2009,57,https://www.itftennis.com/tennis/api/PlayerRankApi/GetPlayerRankings?circuitCode=JT&playerTypeCode=B&ageCategoryCode=&juniorRankingType=itf&take=100&skip=1200&isOrderAscending=true,2026-09-07T23:38:58.827Z
2026-09-07,M,1244,800661973,Erion Neziri,MKD,North Macedonia,2008,57,https://www.itftennis.com/tennis/api/PlayerRankApi/GetPlayerRankings?circuitCode=JT&playerTypeCode=B&ageCategoryCode=&juniorRankingType=itf&take=100&skip=1200&isOrderAscending=true,2026-09-07T23:38:58.827Z
2026-09-07,M,1245,800630413,Matej Novak,CZE,Czechia,2009,56.75,https://www.itftennis.com/tennis/api/PlayerRankApi/GetPlayerRankings?circuitCode=JT&playerTypeCode=B&ageCategoryCode=&juniorRankingType=itf&take=100&skip=1200&isOrderAscending=true,2026-09-07T23:38:58.827Z
2026-09-07,M,1246,800656457,Sidney Emanuel Meneguetti,BRA,Brazil,2008,56.75,https://www.itftennis.com/tennis/api/PlayerRankApi/GetPlayerRankings?circuitCode=JT&playerTypeCode=B&ageCategoryCode=&juniorRankingType=itf&take=100&skip=1200&isOrderAscending=true,2026-09-07T23:38:58.827Z
2026-09-07,M,1247,800652636,Emilio Cardona,COL,Colombia,2009,56.75,https://www.itftennis.com/tennis/api/PlayerRankApi/GetPlayerRankings?circuitCode=JT&playerTypeCode=B&ageCategoryCode=&juniorRankingType=itf&take=100&skip=1200&isOrderAscending=true,2026-09-07T23:38:58.827Z
2026-09-07,M,1248,800816847,Run Ze Shi,CHN,"China, P.R.",2010,56.75,https://www.itftennis.com/tennis/api/PlayerRankApi/GetPlayerRankings?circuitCode=JT&playerTypeCode=B&ageCategoryCode=&juniorRankingType=itf&take=100&skip=1200&isOrderAscending=true,2026-09-07T23:38:58.827Z
2026-09-07,M,1249,800712337,Valentino Grasselli,ITA,Italy,2011,56.75,https://www.itftennis.com/tennis/api/PlayerRankApi/GetPlayerRankings?circuitCode=JT&playerTypeCode=B&ageCategoryCode=&juniorRankingType=itf&take=100&skip=1200&isOrderAscending=true,2026-09-07T23:38:58.827Z
2026-09-07,M,1250,800844834,Lucas Smith,USA,USA,2008,56.5,https://www.itftennis.com/tennis/api/PlayerRankApi/GetPlayerRankings?circuitCode=JT&playerTypeCode=B&ageCategoryCode=&juniorRankingType=itf&take=100&skip=1200&isOrderAscending=true,2026-09-07T23:38:58.827Z
2026-09-07,M,1251,800647228,Berke Muammer Okumus,TUR,Turkiye,2009,56.5,https://www.itftennis.com/tennis/api/PlayerRankApi/GetPlayerRankings?circuitCode=JT&playerTypeCode=B&ageCategoryCode=&juniorRankingType=itf&take=100&skip=1200&isOrderAscending=true,2026-09-07T23:38:58.827Z
2026-09-07,M,1252,800684657,MARC SCHULZ BARRERA,ESP,Spain,2010,56.5,https://www.itftennis.com/tennis/api/PlayerRankApi/GetPlayerRankings?circuitCode=JT&playerTypeCode=B&ageCategoryCode=&juniorRankingType=itf&take=100&skip=1200&isOrderAscending=true,2026-09-07T23:38:58.827Z
2026-09-07,M,1253,800776746,Peter Jorniak,USA,USA,2008,56.5,https://www.itftennis.com/tennis/api/PlayerRankApi/GetPlayerRankings?circuitCode=JT&playerTypeCode=B&ageCategoryCode=&juniorRankingType=itf&take=100&skip=1200&isOrderAscending=true,2026-09-07T23:38:58.827Z
2026-09-07,M,1254,800708454,Yutaro Otsuka,JPN,Japan,2011,56.5,https://www.itftennis.com/tennis/api/PlayerRankApi/GetPlayerRankings?circuitCode=JT&playerTypeCode=B&ageCategoryCode=&juniorRankingType=itf&take=100&skip=1200&isOrderAscending=true,2026-09-07T23:38:58.827Z
2026-09-07,M,1255,800640469,Marcos Iacovides,CYP,Cyprus,2008,56.5,https://www.itftennis.com/tennis/api/PlayerRankApi/GetPlayerRankings?circuitCode=JT&playerTypeCode=B&ageCategoryCode=&juniorRankingType=itf&take=100&skip=1200&isOrderAscending=true,2026-09-07T23:38:58.827Z
2026-09-07,M,1256,800675775,Brennan Coletta,GBR,Great Britain,2010,56.5,https://www.itftennis.com/tennis/api/PlayerRankApi/GetPlayerRankings?circuitCode=JT&playerTypeCode=B&ageCategoryCode=&juniorRankingType=itf&take=100&skip=1200&isOrderAscending=true,2026-09-07T23:38:58.827Z
2026-09-07,M,1257,800731719,Alexzander Petrov,RSA,South Africa,2009,56.25,https://www.itftennis.com/tennis/api/PlayerRankApi/GetPlayerRankings?circuitCode=JT&playerTypeCode=B&ageCategoryCode=&juniorRankingType=itf&take=100&skip=1200&isOrderAscending=true,2026-09-07T23:38:58.827Z
2026-09-07,M,1258,800690620,IGOR BRANIA,FRA,France,2011,56.25,https://www.itftennis.com/tennis/api/PlayerRankApi/GetPlayerRankings?circuitCode=JT&playerTypeCode=B&ageCategoryCode=&juniorRankingType=itf&take=100&skip=1200&isOrderAscending=true,2026-09-07T23:38:58.827Z
2026-09-07,M,1259,800638530,Toby Ward,GBR,Great Britain,2008,56.25,https://www.itftennis.com/tennis/api/PlayerRankApi/GetPlayerRankings?circuitCode=JT&playerTypeCode=B&ageCategoryCode=&juniorRankingType=itf&take=100&skip=1200&isOrderAscending=true,2026-09-07T23:38:58.827Z
2026-09-07,M,1260,800698217,Santo Agnello,AUT,Austria,2010,56,https://www.itftennis.com/tennis/api/PlayerRankApi/GetPlayerRankings?circuitCode=JT&playerTypeCode=B&ageCategoryCode=&juniorRankingType=itf&take=100&skip=1200&isOrderAscending=true,2026-09-07T23:38:58.827Z
2026-09-07,M,1261,800794306,Troy Goodwin,AUS,Australia,2008,56,https://www.itftennis.com/tennis/api/PlayerRankApi/GetPlayerRankings?circuitCode=JT&playerTypeCode=B&ageCategoryCode=&juniorRankingType=itf&take=100&skip=1200&isOrderAscending=true,2026-09-07T23:38:58.827Z
2026-09-07,M,1262,800819015,Kenshin Sato,JPN,Japan,2011,56,https://www.itftennis.com/tennis/api/PlayerRankApi/GetPlayerRankings?circuitCode=JT&playerTypeCode=B&ageCategoryCode=&juniorRankingType=itf&take=100&skip=1200&isOrderAscending=true,2026-09-07T23:38:58.827Z
2026-09-07,M,1263,800709463,Simon Mujoomdar,CAN,Canada,2009,55.75,https://www.itftennis.com/tennis/api/PlayerRankApi/GetPlayerRankings?circuitCode=JT&playerTypeCode=B&ageCategoryCode=&juniorRankingType=itf&take=100&skip=1200&isOrderAscending=true,2026-09-07T23:38:58.828Z
2026-09-07,M,1264,800708660,Fernando Gonzalez,ECU,Ecuador,2010,55.75,https://www.itftennis.com/tennis/api/PlayerRankApi/GetPlayerRankings?circuitCode=JT&playerTypeCode=B&ageCategoryCode=&juniorRankingType=itf&take=100&skip=1200&isOrderAscending=true,2026-09-07T23:38:58.828Z
2026-09-07,M,1265,800670616,Nico Sommer,SUI,Switzerland,2008,55.75,https://www.itftennis.com/tennis/api/PlayerRankApi/GetPlayerRankings?circuitCode=JT&playerTypeCode=B&ageCategoryCode=&juniorRankingType=itf&take=100&skip=1200&isOrderAscending=true,2026-09-07T23:38:58.828Z
2026-09-07,M,1266,800682832,Attila Montague,USA,USA,2008,55.75,https://www.itftennis.com/tennis/api/PlayerRankApi/GetPlayerRankings?circuitCode=JT&playerTypeCode=B&ageCategoryCode=&juniorRankingType=itf&take=100&skip=1200&isOrderAscending=true,2026-09-07T23:38:58.828Z
2026-09-07,M,1267,800693610,Myles Kiely,GBR,Great Britain,2011,55.75,https://www.itftennis.com/tennis/api/PlayerRankApi/GetPlayerRankings?circuitCode=JT&playerTypeCode=B&ageCategoryCode=&juniorRankingType=itf&take=100&skip=1200&isOrderAscending=true,2026-09-07T23:38:58.828Z
2026-09-07,M,1268,800736933,Joshua Bayete Miller,USA,USA,2008,55.5,https://www.itftennis.com/tennis/api/PlayerRankApi/GetPlayerRankings?circuitCode=JT&playerTypeCode=B&ageCategoryCode=&juniorRankingType=itf&take=100&skip=1200&isOrderAscending=true,2026-09-07T23:38:58.828Z
2026-09-07,M,1269,800670234,Kacper Laskowski,GBR,Great Britain,2008,55.5,https://www.itftennis.com/tennis/api/PlayerRankApi/GetPlayerRankings?circuitCode=JT&playerTypeCode=B&ageCategoryCode=&juniorRankingType=itf&take=100&skip=1200&isOrderAscending=true,2026-09-07T23:38:58.828Z
2026-09-07,M,1270,800711582,Izan Hernandez Montolio,ESP,Spain,2010,55.25,https://www.itftennis.com/tennis/api/PlayerRankApi/GetPlayerRankings?circuitCode=JT&playerTypeCode=B&ageCategoryCode=&juniorRankingType=itf&take=100&skip=1200&isOrderAscending=true,2026-09-07T23:38:58.828Z
2026-09-07,M,1271,800711061,Giulio Bozzanga,ITA,Italy,2011,55.25,https://www.itftennis.com/tennis/api/PlayerRankApi/GetPlayerRankings?circuitCode=JT&playerTypeCode=B&ageCategoryCode=&juniorRankingType=itf&take=100&skip=1200&isOrderAscending=true,2026-09-07T23:38:58.828Z
2026-09-07,M,1272,800798552,JOAO PEDRO NARDI,ITA,Italy,2010,55,https://www.itftennis.com/tennis/api/PlayerRankApi/GetPlayerRankings?circuitCode=JT&playerTypeCode=B&ageCategoryCode=&juniorRankingType=itf&take=100&skip=1200&isOrderAscending=true,2026-09-07T23:38:58.828Z
2026-09-07,M,1273,800639841,GHALI KOMAT,MAR,Morocco,2009,55,https://www.itftennis.com/tennis/api/PlayerRankApi/GetPlayerRankings?circuitCode=JT&playerTypeCode=B&ageCategoryCode=&juniorRankingType=itf&take=100&skip=1200&isOrderAscending=true,2026-09-07T23:38:58.828Z
2026-09-07,M,1274,800668514,Neo Armus,GBR,Great Britain,2010,55,https://www.itftennis.com/tennis/api/PlayerRankApi/GetPlayerRankings?circuitCode=JT&playerTypeCode=B&ageCategoryCode=&juniorRankingType=itf&take=100&skip=1200&isOrderAscending=true,2026-09-07T23:38:58.828Z
2026-09-07,M,1275,800699642,Filip Sebek,CZE,Czechia,2011,55,https://www.itftennis.com/tennis/api/PlayerRankApi/GetPlayerRankings?circuitCode=JT&playerTypeCode=B&ageCategoryCode=&juniorRankingType=itf&take=100&skip=1200&isOrderAscending=true,2026-09-07T23:38:58.828Z
2026-09-07,M,1276,800732180,Hung-Jui Chen,TPE,Chinese Taipei,2009,55,https://www.itftennis.com/tennis/api/PlayerRankApi/GetPlayerRankings?circuitCode=JT&playerTypeCode=B&ageCategoryCode=&juniorRankingType=itf&take=100&skip=1200&isOrderAscending=true,2026-09-07T23:38:58.828Z
2026-09-07,M,1277,800671154,Brian Duan,USA,USA,2010,54.75,https://www.itftennis.com/tennis/api/PlayerRankApi/GetPlayerRankings?circuitCode=JT&playerTypeCode=B&ageCategoryCode=&juniorRankingType=itf&take=100&skip=1200&isOrderAscending=true,2026-09-07T23:38:58.828Z
2026-09-07,M,1278,800701388,Emil Torn,FIN,Finland,2009,54.75,https://www.itftennis.com/tennis/api/PlayerRankApi/GetPlayerRankings?circuitCode=JT&playerTypeCode=B&ageCategoryCode=&juniorRankingType=itf&take=100&skip=1200&isOrderAscending=true,2026-09-07T23:38:58.828Z
2026-09-07,M,1279,800791580,Brandon Bridgewater,CUW,Curacao,2009,54.75,https://www.itftennis.com/tennis/api/PlayerRankApi/GetPlayerRankings?circuitCode=JT&playerTypeCode=B&ageCategoryCode=&juniorRankingType=itf&take=100&skip=1200&isOrderAscending=true,2026-09-07T23:38:58.828Z
2026-09-07,M,1280,800817844,Juan Manuel Aramburo Garcia,MEX,Mexico,2010,54.75,https://www.itftennis.com/tennis/api/PlayerRankApi/GetPlayerRankings?circuitCode=JT&playerTypeCode=B&ageCategoryCode=&juniorRankingType=itf&take=100&skip=1200&isOrderAscending=true,2026-09-07T23:38:58.828Z
2026-09-07,M,1281,800774363,Brayden Campion,USA,USA,2008,54.5,https://www.itftennis.com/tennis/api/PlayerRankApi/GetPlayerRankings?circuitCode=JT&playerTypeCode=B&ageCategoryCode=&juniorRankingType=itf&take=100&skip=1200&isOrderAscending=true,2026-09-07T23:38:58.828Z
2026-09-07,M,1282,800653348,Daniil Valter,RUS,Russia,2010,54.5,https://www.itftennis.com/tennis/api/PlayerRankApi/GetPlayerRankings?circuitCode=JT&playerTypeCode=B&ageCategoryCode=&juniorRankingType=itf&take=100&skip=1200&isOrderAscending=true,2026-09-07T23:38:58.828Z
2026-09-07,M,1283,800695891,Moncef Denguezli,TUN,Tunisia,2008,54.25,https://www.itftennis.com/tennis/api/PlayerRankApi/GetPlayerRankings?circuitCode=JT&playerTypeCode=B&ageCategoryCode=&juniorRankingType=itf&take=100&skip=1200&isOrderAscending=true,2026-09-07T23:38:58.828Z
2026-09-07,M,1284,800568131,Rushikesh Sonawane,IND,India,2008,54,https://www.itftennis.com/tennis/api/PlayerRankApi/GetPlayerRankings?circuitCode=JT&playerTypeCode=B&ageCategoryCode=&juniorRankingType=itf&take=100&skip=1200&isOrderAscending=true,2026-09-07T23:38:58.828Z
2026-09-07,M,1285,800667518,Derek Muerner,SUI,Switzerland,2008,54,https://www.itftennis.com/tennis/api/PlayerRankApi/GetPlayerRankings?circuitCode=JT&playerTypeCode=B&ageCategoryCode=&juniorRankingType=itf&take=100&skip=1200&isOrderAscending=true,2026-09-07T23:38:58.828Z
2026-09-07,M,1286,800802946,Xiande He,CHN,"China, P.R.",2011,54,https://www.itftennis.com/tennis/api/PlayerRankApi/GetPlayerRankings?circuitCode=JT&playerTypeCode=B&ageCategoryCode=&juniorRankingType=itf&take=100&skip=1200&isOrderAscending=true,2026-09-07T23:38:58.828Z
2026-09-07,M,1287,800708637,Nicholas Kruger,RSA,South Africa,2011,54,https://www.itftennis.com/tennis/api/PlayerRankApi/GetPlayerRankings?circuitCode=JT&playerTypeCode=B&ageCategoryCode=&juniorRankingType=itf&take=100&skip=1200&isOrderAscending=true,2026-09-07T23:38:58.828Z
2026-09-07,M,1288,800831832,Dylan Jones,USA,USA,2009,54,https://www.itftennis.com/tennis/api/PlayerRankApi/GetPlayerRankings?circuitCode=JT&playerTypeCode=B&ageCategoryCode=&juniorRankingType=itf&take=100&skip=1200&isOrderAscending=true,2026-09-07T23:38:58.828Z
2026-09-07,M,1289,800742239,Xiaohan Jiang,CHN,"China, P.R.",2011,54,https://www.itftennis.com/tennis/api/PlayerRankApi/GetPlayerRankings?circuitCode=JT&playerTypeCode=B&ageCategoryCode=&juniorRankingType=itf&take=100&skip=1200&isOrderAscending=true,2026-09-07T23:38:58.828Z
2026-09-07,M,1290,800589054,Itamar Verthaimer,FRA,France,2009,53.75,https://www.itftennis.com/tennis/api/PlayerRankApi/GetPlayerRankings?circuitCode=JT&playerTypeCode=B&ageCategoryCode=&juniorRankingType=itf&take=100&skip=1200&isOrderAscending=true,2026-09-07T23:38:58.828Z
2026-09-07,M,1291,800663981,Erich Andrei Pop,ROU,Romania,2009,53.75,https://www.itftennis.com/tennis/api/PlayerRankApi/GetPlayerRankings?circuitCode=JT&playerTypeCode=B&ageCategoryCode=&juniorRankingType=itf&take=100&skip=1200&isOrderAscending=true,2026-09-07T23:38:58.828Z
2026-09-07,M,1292,800691692,Rogier Verbeet,NED,Netherlands,2011,53.5,https://www.itftennis.com/tennis/api/PlayerRankApi/GetPlayerRankings?circuitCode=JT&playerTypeCode=B&ageCategoryCode=&juniorRankingType=itf&take=100&skip=1200&isOrderAscending=true,2026-09-07T23:38:58.828Z
2026-09-07,M,1293,800781497,Olivier Charest,CAN,Canada,2010,53.5,https://www.itftennis.com/tennis/api/PlayerRankApi/GetPlayerRankings?circuitCode=JT&playerTypeCode=B&ageCategoryCode=&juniorRankingType=itf&take=100&skip=1200&isOrderAscending=true,2026-09-07T23:38:58.828Z
2026-09-07,M,1294,800775903,Alexander Pierce,USA,USA,2009,53.5,https://www.itftennis.com/tennis/api/PlayerRankApi/GetPlayerRankings?circuitCode=JT&playerTypeCode=B&ageCategoryCode=&juniorRankingType=itf&take=100&skip=1200&isOrderAscending=true,2026-09-07T23:38:58.828Z
2026-09-07,M,1295,800689693,David Avayou,THA,Thailand,2011,53.5,https://www.itftennis.com/tennis/api/PlayerRankApi/GetPlayerRankings?circuitCode=JT&playerTypeCode=B&ageCategoryCode=&juniorRankingType=itf&take=100&skip=1200&isOrderAscending=true,2026-09-07T23:38:58.828Z
2026-09-07,M,1296,800770896,Ilia Dobrovolsky,CAN,Canada,2008,53.5,https://www.itftennis.com/tennis/api/PlayerRankApi/GetPlayerRankings?circuitCode=JT&playerTypeCode=B&ageCategoryCode=&juniorRankingType=itf&take=100&skip=1200&isOrderAscending=true,2026-09-07T23:38:58.828Z
2026-09-07,M,1297,800690513,Viktor Makarov,RUS,Russia,2009,53.25,https://www.itftennis.com/tennis/api/PlayerRankApi/GetPlayerRankings?circuitCode=JT&playerTypeCode=B&ageCategoryCode=&juniorRankingType=itf&take=100&skip=1200&isOrderAscending=true,2026-09-07T23:38:58.828Z
2026-09-07,M,1298,800631702,Yarden Shalom Gamliel,ISR,Israel,2009,53.25,https://www.itftennis.com/tennis/api/PlayerRankApi/GetPlayerRankings?circuitCode=JT&playerTypeCode=B&ageCategoryCode=&juniorRankingType=itf&take=100&skip=1200&isOrderAscending=true,2026-09-07T23:38:58.828Z
2026-09-07,M,1299,800656598,Stefan Robert SZABO,ROU,Romania,2011,53.25,https://www.itftennis.com/tennis/api/PlayerRankApi/GetPlayerRankings?circuitCode=JT&playerTypeCode=B&ageCategoryCode=&juniorRankingType=itf&take=100&skip=1200&isOrderAscending=true,2026-09-07T23:38:58.828Z
2026-09-07,M,1300,800784214,Mathias Mendez,USA,USA,2010,53,https://www.itftennis.com/tennis/api/PlayerRankApi/GetPlayerRankings?circuitCode=JT&playerTypeCode=B&ageCategoryCode=&juniorRankingType=itf&take=100&skip=1200&isOrderAscending=true,2026-09-07T23:38:58.828Z
2026-09-07,M,1301,800694397,Maksym Ivashko,SVK,Slovakia,2008,53,https://www.itftennis.com/tennis/api/PlayerRankApi/GetPlayerRankings?circuitCode=JT&playerTypeCode=B&ageCategoryCode=&juniorRankingType=itf&take=100&skip=1300&isOrderAscending=true,2026-09-07T23:39:02.099Z
2026-09-07,M,1302,800672563,Cesare Cattaneo,ITA,Italy,2010,53,https://www.itftennis.com/tennis/api/PlayerRankApi/GetPlayerRankings?circuitCode=JT&playerTypeCode=B&ageCategoryCode=&juniorRankingType=itf&take=100&skip=1300&isOrderAscending=true,2026-09-07T23:39:02.099Z
2026-09-07,M,1303,800678913,Joao Pedro Sarzedas Colombo,BRA,Brazil,2009,53,https://www.itftennis.com/tennis/api/PlayerRankApi/GetPlayerRankings?circuitCode=JT&playerTypeCode=B&ageCategoryCode=&juniorRankingType=itf&take=100&skip=1300&isOrderAscending=true,2026-09-07T23:39:02.099Z
2026-09-07,M,1304,800769293,Christian Gorgin,SWE,Sweden,2010,53,https://www.itftennis.com/tennis/api/PlayerRankApi/GetPlayerRankings?circuitCode=JT&playerTypeCode=B&ageCategoryCode=&juniorRankingType=itf&take=100&skip=1300&isOrderAscending=true,2026-09-07T23:39:02.099Z
2026-09-07,M,1305,800654308,Tomas Orrego,USA,USA,2009,52.75,https://www.itftennis.com/tennis/api/PlayerRankApi/GetPlayerRankings?circuitCode=JT&playerTypeCode=B&ageCategoryCode=&juniorRankingType=itf&take=100&skip=1300&isOrderAscending=true,2026-09-07T23:39:02.099Z
2026-09-07,M,1306,800630024,Lucas Martin Velasco,COL,Colombia,2008,52.5,https://www.itftennis.com/tennis/api/PlayerRankApi/GetPlayerRankings?circuitCode=JT&playerTypeCode=B&ageCategoryCode=&juniorRankingType=itf&take=100&skip=1300&isOrderAscending=true,2026-09-07T23:39:02.099Z
2026-09-07,M,1307,800746955,Daniel Wendel,BRA,Brazil,2010,52.5,https://www.itftennis.com/tennis/api/PlayerRankApi/GetPlayerRankings?circuitCode=JT&playerTypeCode=B&ageCategoryCode=&juniorRankingType=itf&take=100&skip=1300&isOrderAscending=true,2026-09-07T23:39:02.099Z
2026-09-07,M,1308,800745567,Sazu Isqaqavut,TPE,Chinese Taipei,2009,52.5,https://www.itftennis.com/tennis/api/PlayerRankApi/GetPlayerRankings?circuitCode=JT&playerTypeCode=B&ageCategoryCode=&juniorRankingType=itf&take=100&skip=1300&isOrderAscending=true,2026-09-07T23:39:02.099Z
2026-09-07,M,1309,800808666,Julian Zhang,USA,USA,2009,52.25,https://www.itftennis.com/tennis/api/PlayerRankApi/GetPlayerRankings?circuitCode=JT&playerTypeCode=B&ageCategoryCode=&juniorRankingType=itf&take=100&skip=1300&isOrderAscending=true,2026-09-07T23:39:02.099Z
2026-09-07,M,1310,800762345,Miguel Rooney,USA,USA,2008,52.25,https://www.itftennis.com/tennis/api/PlayerRankApi/GetPlayerRankings?circuitCode=JT&playerTypeCode=B&ageCategoryCode=&juniorRankingType=itf&take=100&skip=1300&isOrderAscending=true,2026-09-07T23:39:02.099Z
2026-09-07,M,1311,800595847,Lukas Smailys,LTU,Lithuania,2008,52.25,https://www.itftennis.com/tennis/api/PlayerRankApi/GetPlayerRankings?circuitCode=JT&playerTypeCode=B&ageCategoryCode=&juniorRankingType=itf&take=100&skip=1300&isOrderAscending=true,2026-09-07T23:39:02.099Z
2026-09-07,M,1312,800671499,Matei Sucu,ROU,Romania,2009,52.25,https://www.itftennis.com/tennis/api/PlayerRankApi/GetPlayerRankings?circuitCode=JT&playerTypeCode=B&ageCategoryCode=&juniorRankingType=itf&take=100&skip=1300&isOrderAscending=true,2026-09-07T23:39:02.099Z
2026-09-07,M,1313,800676805,Kirill Chystikov,UKR,Ukraine,2008,52.25,https://www.itftennis.com/tennis/api/PlayerRankApi/GetPlayerRankings?circuitCode=JT&playerTypeCode=B&ageCategoryCode=&juniorRankingType=itf&take=100&skip=1300&isOrderAscending=true,2026-09-07T23:39:02.099Z
2026-09-07,M,1314,800705255,Juan Diego Pulido Topaga,COL,Colombia,2011,52,https://www.itftennis.com/tennis/api/PlayerRankApi/GetPlayerRankings?circuitCode=JT&playerTypeCode=B&ageCategoryCode=&juniorRankingType=itf&take=100&skip=1300&isOrderAscending=true,2026-09-07T23:39:02.099Z
2026-09-07,M,1315,800791474,Sharan Somasi,IND,India,2008,52,https://www.itftennis.com/tennis/api/PlayerRankApi/GetPlayerRankings?circuitCode=JT&playerTypeCode=B&ageCategoryCode=&juniorRankingType=itf&take=100&skip=1300&isOrderAscending=true,2026-09-07T23:39:02.099Z
2026-09-07,M,1316,800655720,Tsikhan Koran,BLR,Belarus,2010,52,https://www.itftennis.com/tennis/api/PlayerRankApi/GetPlayerRankings?circuitCode=JT&playerTypeCode=B&ageCategoryCode=&juniorRankingType=itf&take=100&skip=1300&isOrderAscending=true,2026-09-07T23:39:02.099Z
2026-09-07,M,1317,800742359,Thamma Kosiri,THA,Thailand,2011,52,https://www.itftennis.com/tennis/api/PlayerRankApi/GetPlayerRankings?circuitCode=JT&playerTypeCode=B&ageCategoryCode=&juniorRankingType=itf&take=100&skip=1300&isOrderAscending=true,2026-09-07T23:39:02.099Z
2026-09-07,M,1318,800590424,Zaccharie Cado,FRA,France,2008,51.75,https://www.itftennis.com/tennis/api/PlayerRankApi/GetPlayerRankings?circuitCode=JT&playerTypeCode=B&ageCategoryCode=&juniorRankingType=itf&take=100&skip=1300&isOrderAscending=true,2026-09-07T23:39:02.099Z
2026-09-07,M,1319,800743246,Emilio Alcala,MEX,Mexico,2009,51.75,https://www.itftennis.com/tennis/api/PlayerRankApi/GetPlayerRankings?circuitCode=JT&playerTypeCode=B&ageCategoryCode=&juniorRankingType=itf&take=100&skip=1300&isOrderAscending=true,2026-09-07T23:39:02.099Z
2026-09-07,M,1320,800584058,Hugo Narmont,EST,Estonia,2008,51.75,https://www.itftennis.com/tennis/api/PlayerRankApi/GetPlayerRankings?circuitCode=JT&playerTypeCode=B&ageCategoryCode=&juniorRankingType=itf&take=100&skip=1300&isOrderAscending=true,2026-09-07T23:39:02.099Z
2026-09-07,M,1321,800673919,Jonas Kollert,CZE,Czechia,2008,51.5,https://www.itftennis.com/tennis/api/PlayerRankApi/GetPlayerRankings?circuitCode=JT&playerTypeCode=B&ageCategoryCode=&juniorRankingType=itf&take=100&skip=1300&isOrderAscending=true,2026-09-07T23:39:02.099Z
2026-09-07,M,1322,800602517,Vladimir Kadobine,BLR,Belarus,2008,51.5,https://www.itftennis.com/tennis/api/PlayerRankApi/GetPlayerRankings?circuitCode=JT&playerTypeCode=B&ageCategoryCode=&juniorRankingType=itf&take=100&skip=1300&isOrderAscending=true,2026-09-07T23:39:02.099Z
2026-09-07,M,1323,800690952,OSCAR DARDER DIAS,ESP,Spain,2009,51.5,https://www.itftennis.com/tennis/api/PlayerRankApi/GetPlayerRankings?circuitCode=JT&playerTypeCode=B&ageCategoryCode=&juniorRankingType=itf&take=100&skip=1300&isOrderAscending=true,2026-09-07T23:39:02.099Z
2026-09-07,M,1324,800575078,Shotaro Yamamoto,JPN,Japan,2008,51.5,https://www.itftennis.com/tennis/api/PlayerRankApi/GetPlayerRankings?circuitCode=JT&playerTypeCode=B&ageCategoryCode=&juniorRankingType=itf&take=100&skip=1300&isOrderAscending=true,2026-09-07T23:39:02.099Z
2026-09-07,M,1325,800663530,DAVID CERCEL,ROU,Romania,2010,51.5,https://www.itftennis.com/tennis/api/PlayerRankApi/GetPlayerRankings?circuitCode=JT&playerTypeCode=B&ageCategoryCode=&juniorRankingType=itf&take=100&skip=1300&isOrderAscending=true,2026-09-07T23:39:02.099Z
2026-09-07,M,1326,800661710,Noel Kim Bachmann,SUI,Switzerland,2010,51.5,https://www.itftennis.com/tennis/api/PlayerRankApi/GetPlayerRankings?circuitCode=JT&playerTypeCode=B&ageCategoryCode=&juniorRankingType=itf&take=100&skip=1300&isOrderAscending=true,2026-09-07T23:39:02.099Z
2026-09-07,M,1327,800765319,Ryder Danis,CAN,Canada,2011,51.5,https://www.itftennis.com/tennis/api/PlayerRankApi/GetPlayerRankings?circuitCode=JT&playerTypeCode=B&ageCategoryCode=&juniorRankingType=itf&take=100&skip=1300&isOrderAscending=true,2026-09-07T23:39:02.099Z
2026-09-07,M,1328,800700417,Thiago Henrique Soares Santana,BRA,Brazil,2010,51.5,https://www.itftennis.com/tennis/api/PlayerRankApi/GetPlayerRankings?circuitCode=JT&playerTypeCode=B&ageCategoryCode=&juniorRankingType=itf&take=100&skip=1300&isOrderAscending=true,2026-09-07T23:39:02.099Z
2026-09-07,M,1329,800702942,Yehor Romaniuta,UKR,Ukraine,2011,51.5,https://www.itftennis.com/tennis/api/PlayerRankApi/GetPlayerRankings?circuitCode=JT&playerTypeCode=B&ageCategoryCode=&juniorRankingType=itf&take=100&skip=1300&isOrderAscending=true,2026-09-07T23:39:02.099Z
2026-09-07,M,1330,800635817,Tarek El Chaaby,LBN,Lebanon,2009,51.5,https://www.itftennis.com/tennis/api/PlayerRankApi/GetPlayerRankings?circuitCode=JT&playerTypeCode=B&ageCategoryCode=&juniorRankingType=itf&take=100&skip=1300&isOrderAscending=true,2026-09-07T23:39:02.099Z
2026-09-07,M,1331,800667350,tae jun heo,KOR,"Korea, Rep.",2009,51.25,https://www.itftennis.com/tennis/api/PlayerRankApi/GetPlayerRankings?circuitCode=JT&playerTypeCode=B&ageCategoryCode=&juniorRankingType=itf&take=100&skip=1300&isOrderAscending=true,2026-09-07T23:39:02.099Z
2026-09-07,M,1332,800829140,Huw Hoffman,AUS,Australia,2009,51,https://www.itftennis.com/tennis/api/PlayerRankApi/GetPlayerRankings?circuitCode=JT&playerTypeCode=B&ageCategoryCode=&juniorRankingType=itf&take=100&skip=1300&isOrderAscending=true,2026-09-07T23:39:02.099Z
2026-09-07,M,1333,800725678,Zheng Nan Huang,CHN,"China, P.R.",2008,51,https://www.itftennis.com/tennis/api/PlayerRankApi/GetPlayerRankings?circuitCode=JT&playerTypeCode=B&ageCategoryCode=&juniorRankingType=itf&take=100&skip=1300&isOrderAscending=true,2026-09-07T23:39:02.099Z
2026-09-07,M,1334,800589341,Chen Kogan,ISR,Israel,2008,51,https://www.itftennis.com/tennis/api/PlayerRankApi/GetPlayerRankings?circuitCode=JT&playerTypeCode=B&ageCategoryCode=&juniorRankingType=itf&take=100&skip=1300&isOrderAscending=true,2026-09-07T23:39:02.099Z
2026-09-07,M,1335,800675635,Oswaldo Sebastian Carranza Calmet,PER,Peru,2010,51,https://www.itftennis.com/tennis/api/PlayerRankApi/GetPlayerRankings?circuitCode=JT&playerTypeCode=B&ageCategoryCode=&juniorRankingType=itf&take=100&skip=1300&isOrderAscending=true,2026-09-07T23:39:02.099Z
2026-09-07,M,1336,800671290,Gustavs Gutans,LAT,Latvia,2011,51,https://www.itftennis.com/tennis/api/PlayerRankApi/GetPlayerRankings?circuitCode=JT&playerTypeCode=B&ageCategoryCode=&juniorRankingType=itf&take=100&skip=1300&isOrderAscending=true,2026-09-07T23:39:02.099Z
2026-09-07,M,1337,800822129,Sergey Bokarev,RUS,Russia,2009,50.75,https://www.itftennis.com/tennis/api/PlayerRankApi/GetPlayerRankings?circuitCode=JT&playerTypeCode=B&ageCategoryCode=&juniorRankingType=itf&take=100&skip=1300&isOrderAscending=true,2026-09-07T23:39:02.099Z
2026-09-07,M,1338,800654622,Jozef Karas,SVK,Slovakia,2009,50.75,https://www.itftennis.com/tennis/api/PlayerRankApi/GetPlayerRankings?circuitCode=JT&playerTypeCode=B&ageCategoryCode=&juniorRankingType=itf&take=100&skip=1300&isOrderAscending=true,2026-09-07T23:39:02.099Z
2026-09-07,M,1339,800678724,Alexander Chmielewski,SWE,Sweden,2010,50.5,https://www.itftennis.com/tennis/api/PlayerRankApi/GetPlayerRankings?circuitCode=JT&playerTypeCode=B&ageCategoryCode=&juniorRankingType=itf&take=100&skip=1300&isOrderAscending=true,2026-09-07T23:39:02.099Z
2026-09-07,M,1340,800735031,Runqi Yang,HKG,"Hong Kong, China",2009,50.5,https://www.itftennis.com/tennis/api/PlayerRankApi/GetPlayerRankings?circuitCode=JT&playerTypeCode=B&ageCategoryCode=&juniorRankingType=itf&take=100&skip=1300&isOrderAscending=true,2026-09-07T23:39:02.101Z
2026-09-07,M,1341,800594283,Ray Chetewy Ungar,ISR,Israel,2009,50.5,https://www.itftennis.com/tennis/api/PlayerRankApi/GetPlayerRankings?circuitCode=JT&playerTypeCode=B&ageCategoryCode=&juniorRankingType=itf&take=100&skip=1300&isOrderAscending=true,2026-09-07T23:39:02.101Z
2026-09-07,M,1342,800595783,Artem Golikov,ISR,Israel,2008,50.5,https://www.itftennis.com/tennis/api/PlayerRankApi/GetPlayerRankings?circuitCode=JT&playerTypeCode=B&ageCategoryCode=&juniorRankingType=itf&take=100&skip=1300&isOrderAscending=true,2026-09-07T23:39:02.101Z
2026-09-07,M,1343,800727304,Ross Johnson,USA,USA,2009,50.25,https://www.itftennis.com/tennis/api/PlayerRankApi/GetPlayerRankings?circuitCode=JT&playerTypeCode=B&ageCategoryCode=&juniorRankingType=itf&take=100&skip=1300&isOrderAscending=true,2026-09-07T23:39:02.101Z
2026-09-07,M,1344,800844338,Ziche Chen,TPE,Chinese Taipei,2012,50.25,https://www.itftennis.com/tennis/api/PlayerRankApi/GetPlayerRankings?circuitCode=JT&playerTypeCode=B&ageCategoryCode=&juniorRankingType=itf&take=100&skip=1300&isOrderAscending=true,2026-09-07T23:39:02.101Z
2026-09-07,M,1345,800679017,Juan Esteban Inostroza Alfaro,CHI,Chile,2009,50,https://www.itftennis.com/tennis/api/PlayerRankApi/GetPlayerRankings?circuitCode=JT&playerTypeCode=B&ageCategoryCode=&juniorRankingType=itf&take=100&skip=1300&isOrderAscending=true,2026-09-07T23:39:02.101Z
2026-09-07,M,1346,800631660,Sacha Fontanges,FRA,France,2009,50,https://www.itftennis.com/tennis/api/PlayerRankApi/GetPlayerRankings?circuitCode=JT&playerTypeCode=B&ageCategoryCode=&juniorRankingType=itf&take=100&skip=1300&isOrderAscending=true,2026-09-07T23:39:02.101Z
2026-09-07,M,1347,800759825,YU-MIN LIN,TPE,Chinese Taipei,2010,49.75,https://www.itftennis.com/tennis/api/PlayerRankApi/GetPlayerRankings?circuitCode=JT&playerTypeCode=B&ageCategoryCode=&juniorRankingType=itf&take=100&skip=1300&isOrderAscending=true,2026-09-07T23:39:02.101Z
2026-09-07,M,1348,800719518,Mario Lopez,GUA,Guatemala,2009,49.75,https://www.itftennis.com/tennis/api/PlayerRankApi/GetPlayerRankings?circuitCode=JT&playerTypeCode=B&ageCategoryCode=&juniorRankingType=itf&take=100&skip=1300&isOrderAscending=true,2026-09-07T23:39:02.101Z
2026-09-07,M,1349,800670427,Tudor Alexandru Zecheru,ROU,Romania,2009,49.75,https://www.itftennis.com/tennis/api/PlayerRankApi/GetPlayerRankings?circuitCode=JT&playerTypeCode=B&ageCategoryCode=&juniorRankingType=itf&take=100&skip=1300&isOrderAscending=true,2026-09-07T23:39:02.101Z
2026-09-07,M,1350,800735618,Joseph Cunha,CAN,Canada,2009,49.5,https://www.itftennis.com/tennis/api/PlayerRankApi/GetPlayerRankings?circuitCode=JT&playerTypeCode=B&ageCategoryCode=&juniorRankingType=itf&take=100&skip=1300&isOrderAscending=true,2026-09-07T23:39:02.101Z
2026-09-07,M,1351,800782098,Austin Taco,USA,USA,2008,49.5,https://www.itftennis.com/tennis/api/PlayerRankApi/GetPlayerRankings?circuitCode=JT&playerTypeCode=B&ageCategoryCode=&juniorRankingType=itf&take=100&skip=1300&isOrderAscending=true,2026-09-07T23:39:02.101Z
2026-09-07,M,1352,800681186,Amin Marei,EGY,Egypt,2009,49.5,https://www.itftennis.com/tennis/api/PlayerRankApi/GetPlayerRankings?circuitCode=JT&playerTypeCode=B&ageCategoryCode=&juniorRankingType=itf&take=100&skip=1300&isOrderAscending=true,2026-09-07T23:39:02.101Z
2026-09-07,M,1353,800624365,Noah Koffi,TOG,Togo,2008,49.5,https://www.itftennis.com/tennis/api/PlayerRankApi/GetPlayerRankings?circuitCode=JT&playerTypeCode=B&ageCategoryCode=&juniorRankingType=itf&take=100&skip=1300&isOrderAscending=true,2026-09-07T23:39:02.101Z
2026-09-07,M,1354,800660635,Dimitar Topchiyski,BUL,Bulgaria,2010,49.5,https://www.itftennis.com/tennis/api/PlayerRankApi/GetPlayerRankings?circuitCode=JT&playerTypeCode=B&ageCategoryCode=&juniorRankingType=itf&take=100&skip=1300&isOrderAscending=true,2026-09-07T23:39:02.101Z
2026-09-07,M,1355,800691044,Afonso Coutinho,POR,Portugal,2010,49.5,https://www.itftennis.com/tennis/api/PlayerRankApi/GetPlayerRankings?circuitCode=JT&playerTypeCode=B&ageCategoryCode=&juniorRankingType=itf&take=100&skip=1300&isOrderAscending=true,2026-09-07T23:39:02.101Z
2026-09-07,M,1356,800654259,Nicolas Aguiar,ECU,Ecuador,2009,49.5,https://www.itftennis.com/tennis/api/PlayerRankApi/GetPlayerRankings?circuitCode=JT&playerTypeCode=B&ageCategoryCode=&juniorRankingType=itf&take=100&skip=1300&isOrderAscending=true,2026-09-07T23:39:02.101Z
2026-09-07,M,1357,800649402,Yonatan Barak,ISR,Israel,2009,49.5,https://www.itftennis.com/tennis/api/PlayerRankApi/GetPlayerRankings?circuitCode=JT&playerTypeCode=B&ageCategoryCode=&juniorRankingType=itf&take=100&skip=1300&isOrderAscending=true,2026-09-07T23:39:02.101Z
2026-09-07,M,1358,800668625,ANGELO DE CESARIS,ITA,Italy,2008,49.5,https://www.itftennis.com/tennis/api/PlayerRankApi/GetPlayerRankings?circuitCode=JT&playerTypeCode=B&ageCategoryCode=&juniorRankingType=itf&take=100&skip=1300&isOrderAscending=true,2026-09-07T23:39:02.101Z
2026-09-07,M,1359,800738990,Elliott Awomoyi,USA,USA,2010,49.5,https://www.itftennis.com/tennis/api/PlayerRankApi/GetPlayerRankings?circuitCode=JT&playerTypeCode=B&ageCategoryCode=&juniorRankingType=itf&take=100&skip=1300&isOrderAscending=true,2026-09-07T23:39:02.101Z
2026-09-07,M,1360,800683898,Pradnyesh Shelke,IND,India,2010,49.25,https://www.itftennis.com/tennis/api/PlayerRankApi/GetPlayerRankings?circuitCode=JT&playerTypeCode=B&ageCategoryCode=&juniorRankingType=itf&take=100&skip=1300&isOrderAscending=true,2026-09-07T23:39:02.101Z
2026-09-07,M,1361,800597284,Miro Savolainen,FIN,Finland,2008,49.25,https://www.itftennis.com/tennis/api/PlayerRankApi/GetPlayerRankings?circuitCode=JT&playerTypeCode=B&ageCategoryCode=&juniorRankingType=itf&take=100&skip=1300&isOrderAscending=true,2026-09-07T23:39:02.101Z
2026-09-07,M,1362,800647722,Sergey Pankov,RUS,Russia,2010,49.25,https://www.itftennis.com/tennis/api/PlayerRankApi/GetPlayerRankings?circuitCode=JT&playerTypeCode=B&ageCategoryCode=&juniorRankingType=itf&take=100&skip=1300&isOrderAscending=true,2026-09-07T23:39:02.101Z
2026-09-07,M,1363,800675292,Egor Elkhovskii,RUS,Russia,2010,49.25,https://www.itftennis.com/tennis/api/PlayerRankApi/GetPlayerRankings?circuitCode=JT&playerTypeCode=B&ageCategoryCode=&juniorRankingType=itf&take=100&skip=1300&isOrderAscending=true,2026-09-07T23:39:02.101Z
2026-09-07,M,1364,800709449,Giacomo Coppini,RSA,South Africa,2009,49.25,https://www.itftennis.com/tennis/api/PlayerRankApi/GetPlayerRankings?circuitCode=JT&playerTypeCode=B&ageCategoryCode=&juniorRankingType=itf&take=100&skip=1300&isOrderAscending=true,2026-09-07T23:39:02.101Z
2026-09-07,M,1365,800719981,Juan Sebastian Castellanos Mogollon,COL,Colombia,2011,49,https://www.itftennis.com/tennis/api/PlayerRankApi/GetPlayerRankings?circuitCode=JT&playerTypeCode=B&ageCategoryCode=&juniorRankingType=itf&take=100&skip=1300&isOrderAscending=true,2026-09-07T23:39:02.101Z
2026-09-07,M,1366,800675715,Mihajlo Ilic,CAN,Canada,2008,48.75,https://www.itftennis.com/tennis/api/PlayerRankApi/GetPlayerRankings?circuitCode=JT&playerTypeCode=B&ageCategoryCode=&juniorRankingType=itf&take=100&skip=1300&isOrderAscending=true,2026-09-07T23:39:02.101Z
2026-09-07,M,1367,800700451,Lucciano Guillermo Campbell Perez,PER,Peru,2009,48.75,https://www.itftennis.com/tennis/api/PlayerRankApi/GetPlayerRankings?circuitCode=JT&playerTypeCode=B&ageCategoryCode=&juniorRankingType=itf&take=100&skip=1300&isOrderAscending=true,2026-09-07T23:39:02.101Z
2026-09-07,M,1368,800770442,Matus Petrasko,SVK,Slovakia,2009,48.5,https://www.itftennis.com/tennis/api/PlayerRankApi/GetPlayerRankings?circuitCode=JT&playerTypeCode=B&ageCategoryCode=&juniorRankingType=itf&take=100&skip=1300&isOrderAscending=true,2026-09-07T23:39:02.101Z
2026-09-07,M,1369,800710855,Evan Swart,RSA,South Africa,2009,48.5,https://www.itftennis.com/tennis/api/PlayerRankApi/GetPlayerRankings?circuitCode=JT&playerTypeCode=B&ageCategoryCode=&juniorRankingType=itf&take=100&skip=1300&isOrderAscending=true,2026-09-07T23:39:02.101Z
2026-09-07,M,1370,800814441,Haoxuan Xu,CHN,"China, P.R.",2008,48.5,https://www.itftennis.com/tennis/api/PlayerRankApi/GetPlayerRankings?circuitCode=JT&playerTypeCode=B&ageCategoryCode=&juniorRankingType=itf&take=100&skip=1300&isOrderAscending=true,2026-09-07T23:39:02.101Z
2026-09-07,M,1371,800592426,Sergio Paulo Bastos Sousa Betanzos,ESP,Spain,2008,48.5,https://www.itftennis.com/tennis/api/PlayerRankApi/GetPlayerRankings?circuitCode=JT&playerTypeCode=B&ageCategoryCode=&juniorRankingType=itf&take=100&skip=1300&isOrderAscending=true,2026-09-07T23:39:02.101Z
2026-09-07,M,1372,800595003,Ilhan Basar Senel,TUR,Turkiye,2008,48.25,https://www.itftennis.com/tennis/api/PlayerRankApi/GetPlayerRankings?circuitCode=JT&playerTypeCode=B&ageCategoryCode=&juniorRankingType=itf&take=100&skip=1300&isOrderAscending=true,2026-09-07T23:39:02.101Z
2026-09-07,M,1373,800792472,Hady Hammoud,PAR,Paraguay,2008,48.25,https://www.itftennis.com/tennis/api/PlayerRankApi/GetPlayerRankings?circuitCode=JT&playerTypeCode=B&ageCategoryCode=&juniorRankingType=itf&take=100&skip=1300&isOrderAscending=true,2026-09-07T23:39:02.101Z
2026-09-07,M,1374,800639427,Oscar Karmteg,SWE,Sweden,2008,48.25,https://www.itftennis.com/tennis/api/PlayerRankApi/GetPlayerRankings?circuitCode=JT&playerTypeCode=B&ageCategoryCode=&juniorRankingType=itf&take=100&skip=1300&isOrderAscending=true,2026-09-07T23:39:02.101Z
2026-09-07,M,1375,800706975,David Smolik,CZE,Czechia,2010,48.25,https://www.itftennis.com/tennis/api/PlayerRankApi/GetPlayerRankings?circuitCode=JT&playerTypeCode=B&ageCategoryCode=&juniorRankingType=itf&take=100&skip=1300&isOrderAscending=true,2026-09-07T23:39:02.101Z
2026-09-07,M,1376,800589794,Fabian Engkvist,SWE,Sweden,2008,48,https://www.itftennis.com/tennis/api/PlayerRankApi/GetPlayerRankings?circuitCode=JT&playerTypeCode=B&ageCategoryCode=&juniorRankingType=itf&take=100&skip=1300&isOrderAscending=true,2026-09-07T23:39:02.101Z
2026-09-07,M,1377,800681873,Mateo Jerkovic,CRO,Croatia,2009,48,https://www.itftennis.com/tennis/api/PlayerRankApi/GetPlayerRankings?circuitCode=JT&playerTypeCode=B&ageCategoryCode=&juniorRankingType=itf&take=100&skip=1300&isOrderAscending=true,2026-09-07T23:39:02.101Z
2026-09-07,M,1378,800664546,Patrick Voljavec,CRO,Croatia,2010,48,https://www.itftennis.com/tennis/api/PlayerRankApi/GetPlayerRankings?circuitCode=JT&playerTypeCode=B&ageCategoryCode=&juniorRankingType=itf&take=100&skip=1300&isOrderAscending=true,2026-09-07T23:39:02.101Z
2026-09-07,M,1379,800632353,Scott Authen Johnsen,NOR,Norway,2008,47.75,https://www.itftennis.com/tennis/api/PlayerRankApi/GetPlayerRankings?circuitCode=JT&playerTypeCode=B&ageCategoryCode=&juniorRankingType=itf&take=100&skip=1300&isOrderAscending=true,2026-09-07T23:39:02.101Z
2026-09-07,M,1380,800636907,Dawid Kielb,POL,Poland,2008,47.75,https://www.itftennis.com/tennis/api/PlayerRankApi/GetPlayerRankings?circuitCode=JT&playerTypeCode=B&ageCategoryCode=&juniorRankingType=itf&take=100&skip=1300&isOrderAscending=true,2026-09-07T23:39:02.101Z
2026-09-07,M,1381,800736800,Daniel Howard,AUS,Australia,2008,47.75,https://www.itftennis.com/tennis/api/PlayerRankApi/GetPlayerRankings?circuitCode=JT&playerTypeCode=B&ageCategoryCode=&juniorRankingType=itf&take=100&skip=1300&isOrderAscending=true,2026-09-07T23:39:02.101Z
2026-09-07,M,1382,800631060,Fedor Dorokhov,RUS,Russia,2008,47.75,https://www.itftennis.com/tennis/api/PlayerRankApi/GetPlayerRankings?circuitCode=JT&playerTypeCode=B&ageCategoryCode=&juniorRankingType=itf&take=100&skip=1300&isOrderAscending=true,2026-09-07T23:39:02.101Z
2026-09-07,M,1383,800693955,Manuel Matesic,CRO,Croatia,2010,47.75,https://www.itftennis.com/tennis/api/PlayerRankApi/GetPlayerRankings?circuitCode=JT&playerTypeCode=B&ageCategoryCode=&juniorRankingType=itf&take=100&skip=1300&isOrderAscending=true,2026-09-07T23:39:02.101Z
2026-09-07,M,1384,800785989,Kingsley ZHANG,HKG,"Hong Kong, China",2010,47.75,https://www.itftennis.com/tennis/api/PlayerRankApi/GetPlayerRankings?circuitCode=JT&playerTypeCode=B&ageCategoryCode=&juniorRankingType=itf&take=100&skip=1300&isOrderAscending=true,2026-09-07T23:39:02.101Z
2026-09-07,M,1385,800691231,MICHAL RAKOUS,CZE,Czechia,2010,47.75,https://www.itftennis.com/tennis/api/PlayerRankApi/GetPlayerRankings?circuitCode=JT&playerTypeCode=B&ageCategoryCode=&juniorRankingType=itf&take=100&skip=1300&isOrderAscending=true,2026-09-07T23:39:02.101Z
2026-09-07,M,1386,800593292,Matej Kukrika,CRO,Croatia,2008,47.5,https://www.itftennis.com/tennis/api/PlayerRankApi/GetPlayerRankings?circuitCode=JT&playerTypeCode=B&ageCategoryCode=&juniorRankingType=itf&take=100&skip=1300&isOrderAscending=true,2026-09-07T23:39:02.101Z
2026-09-07,M,1387,800656249,Yegor Nikiforov,UKR,Ukraine,2009,47.5,https://www.itftennis.com/tennis/api/PlayerRankApi/GetPlayerRankings?circuitCode=JT&playerTypeCode=B&ageCategoryCode=&juniorRankingType=itf&take=100&skip=1300&isOrderAscending=true,2026-09-07T23:39:02.101Z
2026-09-07,M,1388,800670528,M Mouressi Muqorib,INA,Indonesia,2008,47.5,https://www.itftennis.com/tennis/api/PlayerRankApi/GetPlayerRankings?circuitCode=JT&playerTypeCode=B&ageCategoryCode=&juniorRankingType=itf&take=100&skip=1300&isOrderAscending=true,2026-09-07T23:39:02.101Z
2026-09-07,M,1389,800734300,Luis Santiago Segovia Pichina,COL,Colombia,2008,47.5,https://www.itftennis.com/tennis/api/PlayerRankApi/GetPlayerRankings?circuitCode=JT&playerTypeCode=B&ageCategoryCode=&juniorRankingType=itf&take=100&skip=1300&isOrderAscending=true,2026-09-07T23:39:02.101Z
2026-09-07,M,1390,800725301,Michael Chervenkov,USA,USA,2011,47.5,https://www.itftennis.com/tennis/api/PlayerRankApi/GetPlayerRankings?circuitCode=JT&playerTypeCode=B&ageCategoryCode=&juniorRankingType=itf&take=100&skip=1300&isOrderAscending=true,2026-09-07T23:39:02.101Z
2026-09-07,M,1391,800670977,Thomas Grevoul,FRA,France,2011,47.5,https://www.itftennis.com/tennis/api/PlayerRankApi/GetPlayerRankings?circuitCode=JT&playerTypeCode=B&ageCategoryCode=&juniorRankingType=itf&take=100&skip=1300&isOrderAscending=true,2026-09-07T23:39:02.101Z
2026-09-07,M,1392,800799241,Atticus Kim,USA,USA,2009,47.25,https://www.itftennis.com/tennis/api/PlayerRankApi/GetPlayerRankings?circuitCode=JT&playerTypeCode=B&ageCategoryCode=&juniorRankingType=itf&take=100&skip=1300&isOrderAscending=true,2026-09-07T23:39:02.101Z
2026-09-07,M,1393,800632378,Artem Starikov,RUS,Russia,2009,47.25,https://www.itftennis.com/tennis/api/PlayerRankApi/GetPlayerRankings?circuitCode=JT&playerTypeCode=B&ageCategoryCode=&juniorRankingType=itf&take=100&skip=1300&isOrderAscending=true,2026-09-07T23:39:02.101Z
2026-09-07,M,1394,800706379,Julio Zarate Fernandez,ESP,Spain,2009,47.25,https://www.itftennis.com/tennis/api/PlayerRankApi/GetPlayerRankings?circuitCode=JT&playerTypeCode=B&ageCategoryCode=&juniorRankingType=itf&take=100&skip=1300&isOrderAscending=true,2026-09-07T23:39:02.101Z
2026-09-07,M,1395,800661873,Takuto Matsuo,HKG,"Hong Kong, China",2010,47.25,https://www.itftennis.com/tennis/api/PlayerRankApi/GetPlayerRankings?circuitCode=JT&playerTypeCode=B&ageCategoryCode=&juniorRankingType=itf&take=100&skip=1300&isOrderAscending=true,2026-09-07T23:39:02.101Z
2026-09-07,M,1396,800647542,Sora Kaneko,JPN,Japan,2009,47.25,https://www.itftennis.com/tennis/api/PlayerRankApi/GetPlayerRankings?circuitCode=JT&playerTypeCode=B&ageCategoryCode=&juniorRankingType=itf&take=100&skip=1300&isOrderAscending=true,2026-09-07T23:39:02.101Z
2026-09-07,M,1397,800751930,Tiziano Benatti,ITA,Italy,2008,47,https://www.itftennis.com/tennis/api/PlayerRankApi/GetPlayerRankings?circuitCode=JT&playerTypeCode=B&ageCategoryCode=&juniorRankingType=itf&take=100&skip=1300&isOrderAscending=true,2026-09-07T23:39:02.101Z
2026-09-07,M,1398,800791866,Ruoyu Hua,CHN,"China, P.R.",2010,47,https://www.itftennis.com/tennis/api/PlayerRankApi/GetPlayerRankings?circuitCode=JT&playerTypeCode=B&ageCategoryCode=&juniorRankingType=itf&take=100&skip=1300&isOrderAscending=true,2026-09-07T23:39:02.101Z
2026-09-07,M,1399,800694374,Tomas Glos,SVK,Slovakia,2008,46.75,https://www.itftennis.com/tennis/api/PlayerRankApi/GetPlayerRankings?circuitCode=JT&playerTypeCode=B&ageCategoryCode=&juniorRankingType=itf&take=100&skip=1300&isOrderAscending=true,2026-09-07T23:39:02.101Z
2026-09-07,M,1400,800738140,Paul Croisy,FRA,France,2009,46.75,https://www.itftennis.com/tennis/api/PlayerRankApi/GetPlayerRankings?circuitCode=JT&playerTypeCode=B&ageCategoryCode=&juniorRankingType=itf&take=100&skip=1300&isOrderAscending=true,2026-09-07T23:39:02.101Z
2026-09-07,M,1401,800665096,Samuel Gampenrieder,GER,Germany,2010,46.75,https://www.itftennis.com/tennis/api/PlayerRankApi/GetPlayerRankings?circuitCode=JT&playerTypeCode=B&ageCategoryCode=&juniorRankingType=itf&take=100&skip=1400&isOrderAscending=true,2026-09-07T23:39:05.405Z
2026-09-07,M,1402,800733498,Rishi Nemani,USA,USA,2009,46.75,https://www.itftennis.com/tennis/api/PlayerRankApi/GetPlayerRankings?circuitCode=JT&playerTypeCode=B&ageCategoryCode=&juniorRankingType=itf&take=100&skip=1400&isOrderAscending=true,2026-09-07T23:39:05.405Z
2026-09-07,M,1403,800657285,Stefan Shangichev,ESP,Spain,2011,46.75,https://www.itftennis.com/tennis/api/PlayerRankApi/GetPlayerRankings?circuitCode=JT&playerTypeCode=B&ageCategoryCode=&juniorRankingType=itf&take=100&skip=1400&isOrderAscending=true,2026-09-07T23:39:05.405Z
2026-09-07,M,1404,800757091,Jonathan Roth,AUT,Austria,2010,46.75,https://www.itftennis.com/tennis/api/PlayerRankApi/GetPlayerRankings?circuitCode=JT&playerTypeCode=B&ageCategoryCode=&juniorRankingType=itf&take=100&skip=1400&isOrderAscending=true,2026-09-07T23:39:05.405Z
2026-09-07,M,1405,800654035,Artsiom Askirka,BLR,Belarus,2010,46.5,https://www.itftennis.com/tennis/api/PlayerRankApi/GetPlayerRankings?circuitCode=JT&playerTypeCode=B&ageCategoryCode=&juniorRankingType=itf&take=100&skip=1400&isOrderAscending=true,2026-09-07T23:39:05.405Z
2026-09-07,M,1406,800762159,YI-SHENG HU,TPE,Chinese Taipei,2008,46.5,https://www.itftennis.com/tennis/api/PlayerRankApi/GetPlayerRankings?circuitCode=JT&playerTypeCode=B&ageCategoryCode=&juniorRankingType=itf&take=100&skip=1400&isOrderAscending=true,2026-09-07T23:39:05.405Z
2026-09-07,M,1407,800670331,ERIC MATTHEW GUNAWAN,INA,Indonesia,2008,46.25,https://www.itftennis.com/tennis/api/PlayerRankApi/GetPlayerRankings?circuitCode=JT&playerTypeCode=B&ageCategoryCode=&juniorRankingType=itf&take=100&skip=1400&isOrderAscending=true,2026-09-07T23:39:05.405Z
2026-09-07,M,1408,800717282,Joao Deus,POR,Portugal,2011,46.25,https://www.itftennis.com/tennis/api/PlayerRankApi/GetPlayerRankings?circuitCode=JT&playerTypeCode=B&ageCategoryCode=&juniorRankingType=itf&take=100&skip=1400&isOrderAscending=true,2026-09-07T23:39:05.405Z
2026-09-07,M,1409,800701180,Rami Saouli,LBN,Lebanon,2009,46.25,https://www.itftennis.com/tennis/api/PlayerRankApi/GetPlayerRankings?circuitCode=JT&playerTypeCode=B&ageCategoryCode=&juniorRankingType=itf&take=100&skip=1400&isOrderAscending=true,2026-09-07T23:39:05.405Z
2026-09-07,M,1410,800575770,Yannis Batsabaken,FRA,France,2008,46,https://www.itftennis.com/tennis/api/PlayerRankApi/GetPlayerRankings?circuitCode=JT&playerTypeCode=B&ageCategoryCode=&juniorRankingType=itf&take=100&skip=1400&isOrderAscending=true,2026-09-07T23:39:05.405Z
2026-09-07,M,1411,800719856,Joseph Sonny Atitsogbei,GHA,Ghana,2009,46,https://www.itftennis.com/tennis/api/PlayerRankApi/GetPlayerRankings?circuitCode=JT&playerTypeCode=B&ageCategoryCode=&juniorRankingType=itf&take=100&skip=1400&isOrderAscending=true,2026-09-07T23:39:05.405Z
2026-09-07,M,1412,800649835,MATTEO SANTORO,ITA,Italy,2008,45.75,https://www.itftennis.com/tennis/api/PlayerRankApi/GetPlayerRankings?circuitCode=JT&playerTypeCode=B&ageCategoryCode=&juniorRankingType=itf&take=100&skip=1400&isOrderAscending=true,2026-09-07T23:39:05.405Z
2026-09-07,M,1413,800629746,William Kaltenecker,SWE,Sweden,2008,45.75,https://www.itftennis.com/tennis/api/PlayerRankApi/GetPlayerRankings?circuitCode=JT&playerTypeCode=B&ageCategoryCode=&juniorRankingType=itf&take=100&skip=1400&isOrderAscending=true,2026-09-07T23:39:05.405Z
2026-09-07,M,1414,800708814,MARTIN SEBASTIAN ALMEIDA VELEZ,ECU,Ecuador,2010,45.75,https://www.itftennis.com/tennis/api/PlayerRankApi/GetPlayerRankings?circuitCode=JT&playerTypeCode=B&ageCategoryCode=&juniorRankingType=itf&take=100&skip=1400&isOrderAscending=true,2026-09-07T23:39:05.405Z
2026-09-07,M,1415,800639267,Cedric Belien,NED,Netherlands,2009,45.75,https://www.itftennis.com/tennis/api/PlayerRankApi/GetPlayerRankings?circuitCode=JT&playerTypeCode=B&ageCategoryCode=&juniorRankingType=itf&take=100&skip=1400&isOrderAscending=true,2026-09-07T23:39:05.405Z
2026-09-07,M,1416,800706592,Jakub Franc,CZE,Czechia,2009,45.75,https://www.itftennis.com/tennis/api/PlayerRankApi/GetPlayerRankings?circuitCode=JT&playerTypeCode=B&ageCategoryCode=&juniorRankingType=itf&take=100&skip=1400&isOrderAscending=true,2026-09-07T23:39:05.405Z
2026-09-07,M,1417,800660216,KONSTANTINOS BERNITSAS,GRE,Greece,2009,45.5,https://www.itftennis.com/tennis/api/PlayerRankApi/GetPlayerRankings?circuitCode=JT&playerTypeCode=B&ageCategoryCode=&juniorRankingType=itf&take=100&skip=1400&isOrderAscending=true,2026-09-07T23:39:05.405Z
2026-09-07,M,1418,800650283,Tudor Amititeloaie,ROU,Romania,2009,45.5,https://www.itftennis.com/tennis/api/PlayerRankApi/GetPlayerRankings?circuitCode=JT&playerTypeCode=B&ageCategoryCode=&juniorRankingType=itf&take=100&skip=1400&isOrderAscending=true,2026-09-07T23:39:05.405Z
2026-09-07,M,1419,800731963,Santiago Josue Gonzalez Rodriguez,VEN,Venezuela,2011,45.25,https://www.itftennis.com/tennis/api/PlayerRankApi/GetPlayerRankings?circuitCode=JT&playerTypeCode=B&ageCategoryCode=&juniorRankingType=itf&take=100&skip=1400&isOrderAscending=true,2026-09-07T23:39:05.405Z
2026-09-07,M,1420,800656657,Ayan Shetty,IND,India,2009,45.25,https://www.itftennis.com/tennis/api/PlayerRankApi/GetPlayerRankings?circuitCode=JT&playerTypeCode=B&ageCategoryCode=&juniorRankingType=itf&take=100&skip=1400&isOrderAscending=true,2026-09-07T23:39:05.405Z
2026-09-07,M,1421,800661567,Tianhao WU,CHN,"China, P.R.",2008,45.25,https://www.itftennis.com/tennis/api/PlayerRankApi/GetPlayerRankings?circuitCode=JT&playerTypeCode=B&ageCategoryCode=&juniorRankingType=itf&take=100&skip=1400&isOrderAscending=true,2026-09-07T23:39:05.405Z
2026-09-07,M,1422,800760613,KAI-CHENG PENG,TPE,Chinese Taipei,2009,45.25,https://www.itftennis.com/tennis/api/PlayerRankApi/GetPlayerRankings?circuitCode=JT&playerTypeCode=B&ageCategoryCode=&juniorRankingType=itf&take=100&skip=1400&isOrderAscending=true,2026-09-07T23:39:05.405Z
2026-09-07,M,1423,800562884,Jakub Smejcky,CZE,Czechia,2008,45,https://www.itftennis.com/tennis/api/PlayerRankApi/GetPlayerRankings?circuitCode=JT&playerTypeCode=B&ageCategoryCode=&juniorRankingType=itf&take=100&skip=1400&isOrderAscending=true,2026-09-07T23:39:05.405Z
2026-09-07,M,1424,800654081,Yunus Zulfar,KAZ,Kazakhstan,2008,45,https://www.itftennis.com/tennis/api/PlayerRankApi/GetPlayerRankings?circuitCode=JT&playerTypeCode=B&ageCategoryCode=&juniorRankingType=itf&take=100&skip=1400&isOrderAscending=true,2026-09-07T23:39:05.405Z
2026-09-07,M,1425,800774579,Lukas Svarc,SVK,Slovakia,2010,44.75,https://www.itftennis.com/tennis/api/PlayerRankApi/GetPlayerRankings?circuitCode=JT&playerTypeCode=B&ageCategoryCode=&juniorRankingType=itf&take=100&skip=1400&isOrderAscending=true,2026-09-07T23:39:05.405Z
2026-09-07,M,1426,800580041,Mikhail Michshenko,KAZ,Kazakhstan,2009,44.75,https://www.itftennis.com/tennis/api/PlayerRankApi/GetPlayerRankings?circuitCode=JT&playerTypeCode=B&ageCategoryCode=&juniorRankingType=itf&take=100&skip=1400&isOrderAscending=true,2026-09-07T23:39:05.405Z
2026-09-07,M,1427,800681454,Khamidjon Mansurov,UZB,Uzbekistan,2010,44.75,https://www.itftennis.com/tennis/api/PlayerRankApi/GetPlayerRankings?circuitCode=JT&playerTypeCode=B&ageCategoryCode=&juniorRankingType=itf&take=100&skip=1400&isOrderAscending=true,2026-09-07T23:39:05.405Z
2026-09-07,M,1428,800739328,Sebastian Enrique Chang,BOL,Bolivia,2011,44.75,https://www.itftennis.com/tennis/api/PlayerRankApi/GetPlayerRankings?circuitCode=JT&playerTypeCode=B&ageCategoryCode=&juniorRankingType=itf&take=100&skip=1400&isOrderAscending=true,2026-09-07T23:39:05.405Z
2026-09-07,M,1429,800748398,Adam Mohamed Mostafa Mohamed Mohamed,EGY,Egypt,2008,44.5,https://www.itftennis.com/tennis/api/PlayerRankApi/GetPlayerRankings?circuitCode=JT&playerTypeCode=B&ageCategoryCode=&juniorRankingType=itf&take=100&skip=1400&isOrderAscending=true,2026-09-07T23:39:05.405Z
2026-09-07,M,1430,800739148,Zhiming Fang,CHN,"China, P.R.",2009,44.5,https://www.itftennis.com/tennis/api/PlayerRankApi/GetPlayerRankings?circuitCode=JT&playerTypeCode=B&ageCategoryCode=&juniorRankingType=itf&take=100&skip=1400&isOrderAscending=true,2026-09-07T23:39:05.405Z
2026-09-07,M,1431,800728320,George Diable,AUS,Australia,2009,44.5,https://www.itftennis.com/tennis/api/PlayerRankApi/GetPlayerRankings?circuitCode=JT&playerTypeCode=B&ageCategoryCode=&juniorRankingType=itf&take=100&skip=1400&isOrderAscending=true,2026-09-07T23:39:05.405Z
2026-09-07,M,1432,800710508,Ethan Jake Frans,INA,Indonesia,2012,44.5,https://www.itftennis.com/tennis/api/PlayerRankApi/GetPlayerRankings?circuitCode=JT&playerTypeCode=B&ageCategoryCode=&juniorRankingType=itf&take=100&skip=1400&isOrderAscending=true,2026-09-07T23:39:05.405Z
2026-09-07,M,1433,800667783,Ilian Mechbal,GER,Germany,2009,44.25,https://www.itftennis.com/tennis/api/PlayerRankApi/GetPlayerRankings?circuitCode=JT&playerTypeCode=B&ageCategoryCode=&juniorRankingType=itf&take=100&skip=1400&isOrderAscending=true,2026-09-07T23:39:05.405Z
2026-09-07,M,1434,800686426,Joao Mendes,BRA,Brazil,2009,44.25,https://www.itftennis.com/tennis/api/PlayerRankApi/GetPlayerRankings?circuitCode=JT&playerTypeCode=B&ageCategoryCode=&juniorRankingType=itf&take=100&skip=1400&isOrderAscending=true,2026-09-07T23:39:05.405Z
2026-09-07,M,1435,800699616,Kristian Stefanov,BUL,Bulgaria,2009,44.25,https://www.itftennis.com/tennis/api/PlayerRankApi/GetPlayerRankings?circuitCode=JT&playerTypeCode=B&ageCategoryCode=&juniorRankingType=itf&take=100&skip=1400&isOrderAscending=true,2026-09-07T23:39:05.405Z
2026-09-07,M,1436,800731247,James Andrew Ross,USA,USA,2009,44.25,https://www.itftennis.com/tennis/api/PlayerRankApi/GetPlayerRankings?circuitCode=JT&playerTypeCode=B&ageCategoryCode=&juniorRankingType=itf&take=100&skip=1400&isOrderAscending=true,2026-09-07T23:39:05.405Z
2026-09-07,M,1437,800745428,Tadevos Mirijanyan,USA,USA,2009,44,https://www.itftennis.com/tennis/api/PlayerRankApi/GetPlayerRankings?circuitCode=JT&playerTypeCode=B&ageCategoryCode=&juniorRankingType=itf&take=100&skip=1400&isOrderAscending=true,2026-09-07T23:39:05.405Z
2026-09-07,M,1438,800709101,Libi Levy,ISR,Israel,2011,44,https://www.itftennis.com/tennis/api/PlayerRankApi/GetPlayerRankings?circuitCode=JT&playerTypeCode=B&ageCategoryCode=&juniorRankingType=itf&take=100&skip=1400&isOrderAscending=true,2026-09-07T23:39:05.405Z
2026-09-07,M,1439,800773469,Chi Shun Aiden Chan,HKG,"Hong Kong, China",2010,44,https://www.itftennis.com/tennis/api/PlayerRankApi/GetPlayerRankings?circuitCode=JT&playerTypeCode=B&ageCategoryCode=&juniorRankingType=itf&take=100&skip=1400&isOrderAscending=true,2026-09-07T23:39:05.405Z
2026-09-07,M,1440,800719188,Mauro Mancinelli,ARG,Argentina,2009,44,https://www.itftennis.com/tennis/api/PlayerRankApi/GetPlayerRankings?circuitCode=JT&playerTypeCode=B&ageCategoryCode=&juniorRankingType=itf&take=100&skip=1400&isOrderAscending=true,2026-09-07T23:39:05.405Z
2026-09-07,M,1441,800663020,Mauricio Pinto,ECU,Ecuador,2008,44,https://www.itftennis.com/tennis/api/PlayerRankApi/GetPlayerRankings?circuitCode=JT&playerTypeCode=B&ageCategoryCode=&juniorRankingType=itf&take=100&skip=1400&isOrderAscending=true,2026-09-07T23:39:05.405Z
2026-09-07,M,1442,800755901,Tom Fricke,GER,Germany,2010,44,https://www.itftennis.com/tennis/api/PlayerRankApi/GetPlayerRankings?circuitCode=JT&playerTypeCode=B&ageCategoryCode=&juniorRankingType=itf&take=100&skip=1400&isOrderAscending=true,2026-09-07T23:39:05.405Z
2026-09-07,M,1443,800660828,Misha Botelho,POR,Portugal,2010,44,https://www.itftennis.com/tennis/api/PlayerRankApi/GetPlayerRankings?circuitCode=JT&playerTypeCode=B&ageCategoryCode=&juniorRankingType=itf&take=100&skip=1400&isOrderAscending=true,2026-09-07T23:39:05.405Z
2026-09-07,M,1444,800709633,Finn Klemen,GER,Germany,2010,43.75,https://www.itftennis.com/tennis/api/PlayerRankApi/GetPlayerRankings?circuitCode=JT&playerTypeCode=B&ageCategoryCode=&juniorRankingType=itf&take=100&skip=1400&isOrderAscending=true,2026-09-07T23:39:05.405Z
2026-09-07,M,1445,800697546,TRISTAN DUCROS,FRA,France,2012,43.75,https://www.itftennis.com/tennis/api/PlayerRankApi/GetPlayerRankings?circuitCode=JT&playerTypeCode=B&ageCategoryCode=&juniorRankingType=itf&take=100&skip=1400&isOrderAscending=true,2026-09-07T23:39:05.405Z
2026-09-07,M,1446,800716765,ALIAKSANDR VIARSOTSKI,BLR,Belarus,2011,43.75,https://www.itftennis.com/tennis/api/PlayerRankApi/GetPlayerRankings?circuitCode=JT&playerTypeCode=B&ageCategoryCode=&juniorRankingType=itf&take=100&skip=1400&isOrderAscending=true,2026-09-07T23:39:05.405Z
2026-09-07,M,1447,800667956,Harang Seol,KOR,"Korea, Rep.",2008,43.5,https://www.itftennis.com/tennis/api/PlayerRankApi/GetPlayerRankings?circuitCode=JT&playerTypeCode=B&ageCategoryCode=&juniorRankingType=itf&take=100&skip=1400&isOrderAscending=true,2026-09-07T23:39:05.405Z
2026-09-07,M,1448,800664233,Vojta Jaros,CZE,Czechia,2011,43.5,https://www.itftennis.com/tennis/api/PlayerRankApi/GetPlayerRankings?circuitCode=JT&playerTypeCode=B&ageCategoryCode=&juniorRankingType=itf&take=100&skip=1400&isOrderAscending=true,2026-09-07T23:39:05.405Z
2026-09-07,M,1449,800570037,Marko Dragovic,SRB,Serbia,2008,43.5,https://www.itftennis.com/tennis/api/PlayerRankApi/GetPlayerRankings?circuitCode=JT&playerTypeCode=B&ageCategoryCode=&juniorRankingType=itf&take=100&skip=1400&isOrderAscending=true,2026-09-07T23:39:05.405Z
2026-09-07,M,1450,800708580,PAVLO HRYTSKIV,UKR,Ukraine,2010,43.5,https://www.itftennis.com/tennis/api/PlayerRankApi/GetPlayerRankings?circuitCode=JT&playerTypeCode=B&ageCategoryCode=&juniorRankingType=itf&take=100&skip=1400&isOrderAscending=true,2026-09-07T23:39:05.405Z
2026-09-07,M,1451,800814919,Hugo Elmblad,SWE,Sweden,2010,43.5,https://www.itftennis.com/tennis/api/PlayerRankApi/GetPlayerRankings?circuitCode=JT&playerTypeCode=B&ageCategoryCode=&juniorRankingType=itf&take=100&skip=1400&isOrderAscending=true,2026-09-07T23:39:05.405Z
2026-09-07,M,1452,800653311,Andrei Bokarev,RUS,Russia,2008,43.5,https://www.itftennis.com/tennis/api/PlayerRankApi/GetPlayerRankings?circuitCode=JT&playerTypeCode=B&ageCategoryCode=&juniorRankingType=itf&take=100&skip=1400&isOrderAscending=true,2026-09-07T23:39:05.405Z
2026-09-07,M,1453,800750218,Chukwudubem Amasiani,NGR,Nigeria,2011,43.5,https://www.itftennis.com/tennis/api/PlayerRankApi/GetPlayerRankings?circuitCode=JT&playerTypeCode=B&ageCategoryCode=&juniorRankingType=itf&take=100&skip=1400&isOrderAscending=true,2026-09-07T23:39:05.405Z
2026-09-07,M,1454,800676477,Boris Borisov,BUL,Bulgaria,2010,43.5,https://www.itftennis.com/tennis/api/PlayerRankApi/GetPlayerRankings?circuitCode=JT&playerTypeCode=B&ageCategoryCode=&juniorRankingType=itf&take=100&skip=1400&isOrderAscending=true,2026-09-07T23:39:05.405Z
2026-09-07,M,1455,800592723,Deividas Bandzevicius,LTU,Lithuania,2008,43.5,https://www.itftennis.com/tennis/api/PlayerRankApi/GetPlayerRankings?circuitCode=JT&playerTypeCode=B&ageCategoryCode=&juniorRankingType=itf&take=100&skip=1400&isOrderAscending=true,2026-09-07T23:39:05.405Z
2026-09-07,M,1456,800757100,Renato Kurmanaev,ESP,Spain,2008,43.25,https://www.itftennis.com/tennis/api/PlayerRankApi/GetPlayerRankings?circuitCode=JT&playerTypeCode=B&ageCategoryCode=&juniorRankingType=itf&take=100&skip=1400&isOrderAscending=true,2026-09-07T23:39:05.405Z
2026-09-07,M,1457,800707123,Kousuke Ko,TPE,Chinese Taipei,2010,43.25,https://www.itftennis.com/tennis/api/PlayerRankApi/GetPlayerRankings?circuitCode=JT&playerTypeCode=B&ageCategoryCode=&juniorRankingType=itf&take=100&skip=1400&isOrderAscending=true,2026-09-07T23:39:05.405Z
2026-09-07,M,1458,800696845,Vittorio Gillerio,ITA,Italy,2008,43.25,https://www.itftennis.com/tennis/api/PlayerRankApi/GetPlayerRankings?circuitCode=JT&playerTypeCode=B&ageCategoryCode=&juniorRankingType=itf&take=100&skip=1400&isOrderAscending=true,2026-09-07T23:39:05.405Z
2026-09-07,M,1459,800667227,Rafael Gheorghe Marin,ROU,Romania,2009,43,https://www.itftennis.com/tennis/api/PlayerRankApi/GetPlayerRankings?circuitCode=JT&playerTypeCode=B&ageCategoryCode=&juniorRankingType=itf&take=100&skip=1400&isOrderAscending=true,2026-09-07T23:39:05.405Z
2026-09-07,M,1460,800738027,Jason FU,HKG,"Hong Kong, China",2009,43,https://www.itftennis.com/tennis/api/PlayerRankApi/GetPlayerRankings?circuitCode=JT&playerTypeCode=B&ageCategoryCode=&juniorRankingType=itf&take=100&skip=1400&isOrderAscending=true,2026-09-07T23:39:05.405Z
2026-09-07,M,1461,800654326,Eduard Khaikov,ESP,Spain,2010,42.75,https://www.itftennis.com/tennis/api/PlayerRankApi/GetPlayerRankings?circuitCode=JT&playerTypeCode=B&ageCategoryCode=&juniorRankingType=itf&take=100&skip=1400&isOrderAscending=true,2026-09-07T23:39:05.405Z
2026-09-07,M,1462,800595180,Stefan Ilie Bogdan Petre,ROU,Romania,2008,42.75,https://www.itftennis.com/tennis/api/PlayerRankApi/GetPlayerRankings?circuitCode=JT&playerTypeCode=B&ageCategoryCode=&juniorRankingType=itf&take=100&skip=1400&isOrderAscending=true,2026-09-07T23:39:05.405Z
2026-09-07,M,1463,800712817,Neil ZOUAOUI,MAR,Morocco,2008,42.75,https://www.itftennis.com/tennis/api/PlayerRankApi/GetPlayerRankings?circuitCode=JT&playerTypeCode=B&ageCategoryCode=&juniorRankingType=itf&take=100&skip=1400&isOrderAscending=true,2026-09-07T23:39:05.405Z
2026-09-07,M,1464,800667938,Omar Santiago Vargas Medrano,BOL,Bolivia,2010,42.75,https://www.itftennis.com/tennis/api/PlayerRankApi/GetPlayerRankings?circuitCode=JT&playerTypeCode=B&ageCategoryCode=&juniorRankingType=itf&take=100&skip=1400&isOrderAscending=true,2026-09-07T23:39:05.405Z
2026-09-07,M,1465,800808253,Thomas Nailer,GBR,Great Britain,2008,42.75,https://www.itftennis.com/tennis/api/PlayerRankApi/GetPlayerRankings?circuitCode=JT&playerTypeCode=B&ageCategoryCode=&juniorRankingType=itf&take=100&skip=1400&isOrderAscending=true,2026-09-07T23:39:05.405Z
2026-09-07,M,1466,800649676,Ran berger,ISR,Israel,2009,42.5,https://www.itftennis.com/tennis/api/PlayerRankApi/GetPlayerRankings?circuitCode=JT&playerTypeCode=B&ageCategoryCode=&juniorRankingType=itf&take=100&skip=1400&isOrderAscending=true,2026-09-07T23:39:05.405Z
2026-09-07,M,1467,800740484,Noah Parker,RSA,South Africa,2008,42.5,https://www.itftennis.com/tennis/api/PlayerRankApi/GetPlayerRankings?circuitCode=JT&playerTypeCode=B&ageCategoryCode=&juniorRankingType=itf&take=100&skip=1400&isOrderAscending=true,2026-09-07T23:39:05.405Z
2026-09-07,M,1468,800821870,Andy Venning,AUS,Australia,2010,42.5,https://www.itftennis.com/tennis/api/PlayerRankApi/GetPlayerRankings?circuitCode=JT&playerTypeCode=B&ageCategoryCode=&juniorRankingType=itf&take=100&skip=1400&isOrderAscending=true,2026-09-07T23:39:05.405Z
2026-09-07,M,1469,800598942,Dario Puljic,GBR,Great Britain,2009,42.25,https://www.itftennis.com/tennis/api/PlayerRankApi/GetPlayerRankings?circuitCode=JT&playerTypeCode=B&ageCategoryCode=&juniorRankingType=itf&take=100&skip=1400&isOrderAscending=true,2026-09-07T23:39:05.405Z
2026-09-07,M,1470,800829869,Nirbhay Agarwal,USA,USA,2010,42.25,https://www.itftennis.com/tennis/api/PlayerRankApi/GetPlayerRankings?circuitCode=JT&playerTypeCode=B&ageCategoryCode=&juniorRankingType=itf&take=100&skip=1400&isOrderAscending=true,2026-09-07T23:39:05.405Z
2026-09-07,M,1471,800780314,Kaihong Dong,CHN,"China, P.R.",2009,42.25,https://www.itftennis.com/tennis/api/PlayerRankApi/GetPlayerRankings?circuitCode=JT&playerTypeCode=B&ageCategoryCode=&juniorRankingType=itf&take=100&skip=1400&isOrderAscending=true,2026-09-07T23:39:05.405Z
2026-09-07,M,1472,800777818,Krish Ferwani,USA,USA,2010,42.25,https://www.itftennis.com/tennis/api/PlayerRankApi/GetPlayerRankings?circuitCode=JT&playerTypeCode=B&ageCategoryCode=&juniorRankingType=itf&take=100&skip=1400&isOrderAscending=true,2026-09-07T23:39:05.405Z
2026-09-07,M,1473,800598185,Lucas Eriksson,FIN,Finland,2008,42.25,https://www.itftennis.com/tennis/api/PlayerRankApi/GetPlayerRankings?circuitCode=JT&playerTypeCode=B&ageCategoryCode=&juniorRankingType=itf&take=100&skip=1400&isOrderAscending=true,2026-09-07T23:39:05.405Z
2026-09-07,M,1474,800662743,Mateusz Nowak,POL,Poland,2009,42,https://www.itftennis.com/tennis/api/PlayerRankApi/GetPlayerRankings?circuitCode=JT&playerTypeCode=B&ageCategoryCode=&juniorRankingType=itf&take=100&skip=1400&isOrderAscending=true,2026-09-07T23:39:05.405Z
2026-09-07,M,1475,800748345,Ilya Sherifali,CAN,Canada,2011,42,https://www.itftennis.com/tennis/api/PlayerRankApi/GetPlayerRankings?circuitCode=JT&playerTypeCode=B&ageCategoryCode=&juniorRankingType=itf&take=100&skip=1400&isOrderAscending=true,2026-09-07T23:39:05.405Z
2026-09-07,M,1476,800712357,Emanuele Pilotto,ITA,Italy,2011,42,https://www.itftennis.com/tennis/api/PlayerRankApi/GetPlayerRankings?circuitCode=JT&playerTypeCode=B&ageCategoryCode=&juniorRankingType=itf&take=100&skip=1400&isOrderAscending=true,2026-09-07T23:39:05.405Z
2026-09-07,M,1477,800750078,Vladimir Ignjatov,RSA,South Africa,2010,41.75,https://www.itftennis.com/tennis/api/PlayerRankApi/GetPlayerRankings?circuitCode=JT&playerTypeCode=B&ageCategoryCode=&juniorRankingType=itf&take=100&skip=1400&isOrderAscending=true,2026-09-07T23:39:05.405Z
2026-09-07,M,1478,800620678,Bogdan Kozlov,AUS,Australia,2008,41.75,https://www.itftennis.com/tennis/api/PlayerRankApi/GetPlayerRankings?circuitCode=JT&playerTypeCode=B&ageCategoryCode=&juniorRankingType=itf&take=100&skip=1400&isOrderAscending=true,2026-09-07T23:39:05.405Z
2026-09-07,M,1479,800733155,Luka Radosavljevic,CAN,Canada,2010,41.75,https://www.itftennis.com/tennis/api/PlayerRankApi/GetPlayerRankings?circuitCode=JT&playerTypeCode=B&ageCategoryCode=&juniorRankingType=itf&take=100&skip=1400&isOrderAscending=true,2026-09-07T23:39:05.405Z
2026-09-07,M,1480,800759858,Augusto felix Prato menso,ARG,Argentina,2010,41.75,https://www.itftennis.com/tennis/api/PlayerRankApi/GetPlayerRankings?circuitCode=JT&playerTypeCode=B&ageCategoryCode=&juniorRankingType=itf&take=100&skip=1400&isOrderAscending=true,2026-09-07T23:39:05.405Z
2026-09-07,M,1481,800668480,Shlok Chauhan,IND,India,2009,41.75,https://www.itftennis.com/tennis/api/PlayerRankApi/GetPlayerRankings?circuitCode=JT&playerTypeCode=B&ageCategoryCode=&juniorRankingType=itf&take=100&skip=1400&isOrderAscending=true,2026-09-07T23:39:05.405Z
2026-09-07,M,1482,800768609,Antonio Bermudez Murillo,CRC,Costa Rica,2010,41.75,https://www.itftennis.com/tennis/api/PlayerRankApi/GetPlayerRankings?circuitCode=JT&playerTypeCode=B&ageCategoryCode=&juniorRankingType=itf&take=100&skip=1400&isOrderAscending=true,2026-09-07T23:39:05.405Z
2026-09-07,M,1483,800747702,Morgan Lee,CAN,Canada,2009,41.5,https://www.itftennis.com/tennis/api/PlayerRankApi/GetPlayerRankings?circuitCode=JT&playerTypeCode=B&ageCategoryCode=&juniorRankingType=itf&take=100&skip=1400&isOrderAscending=true,2026-09-07T23:39:05.405Z
2026-09-07,M,1484,800714150,Aly Farouk,EGY,Egypt,2008,41.5,https://www.itftennis.com/tennis/api/PlayerRankApi/GetPlayerRankings?circuitCode=JT&playerTypeCode=B&ageCategoryCode=&juniorRankingType=itf&take=100&skip=1400&isOrderAscending=true,2026-09-07T23:39:05.405Z
2026-09-07,M,1485,800564852,Mikayel Avanesyan,ARM,Armenia,2008,41.5,https://www.itftennis.com/tennis/api/PlayerRankApi/GetPlayerRankings?circuitCode=JT&playerTypeCode=B&ageCategoryCode=&juniorRankingType=itf&take=100&skip=1400&isOrderAscending=true,2026-09-07T23:39:05.405Z
2026-09-07,M,1486,800746654,NOA KIM,KOR,"Korea, Rep.",2011,41.5,https://www.itftennis.com/tennis/api/PlayerRankApi/GetPlayerRankings?circuitCode=JT&playerTypeCode=B&ageCategoryCode=&juniorRankingType=itf&take=100&skip=1400&isOrderAscending=true,2026-09-07T23:39:05.405Z
2026-09-07,M,1487,800683587,Saidumar Saidakbarov,UZB,Uzbekistan,2009,41.25,https://www.itftennis.com/tennis/api/PlayerRankApi/GetPlayerRankings?circuitCode=JT&playerTypeCode=B&ageCategoryCode=&juniorRankingType=itf&take=100&skip=1400&isOrderAscending=true,2026-09-07T23:39:05.405Z
2026-09-07,M,1488,800690419,Jack Hansen Ratter,NZL,New Zealand,2008,41.25,https://www.itftennis.com/tennis/api/PlayerRankApi/GetPlayerRankings?circuitCode=JT&playerTypeCode=B&ageCategoryCode=&juniorRankingType=itf&take=100&skip=1400&isOrderAscending=true,2026-09-07T23:39:05.405Z
2026-09-07,M,1489,800595070,Andreanos Kyriakides,CYP,Cyprus,2008,41.25,https://www.itftennis.com/tennis/api/PlayerRankApi/GetPlayerRankings?circuitCode=JT&playerTypeCode=B&ageCategoryCode=&juniorRankingType=itf&take=100&skip=1400&isOrderAscending=true,2026-09-07T23:39:05.405Z
2026-09-07,M,1490,800590191,Alecos Timini,CYP,Cyprus,2008,41.25,https://www.itftennis.com/tennis/api/PlayerRankApi/GetPlayerRankings?circuitCode=JT&playerTypeCode=B&ageCategoryCode=&juniorRankingType=itf&take=100&skip=1400&isOrderAscending=true,2026-09-07T23:39:05.405Z
2026-09-07,M,1491,800796782,Omar Assem,EGY,Egypt,2010,41,https://www.itftennis.com/tennis/api/PlayerRankApi/GetPlayerRankings?circuitCode=JT&playerTypeCode=B&ageCategoryCode=&juniorRankingType=itf&take=100&skip=1400&isOrderAscending=true,2026-09-07T23:39:05.405Z
2026-09-07,M,1492,800643312,Mert Efe Zaim,TUR,Turkiye,2009,41,https://www.itftennis.com/tennis/api/PlayerRankApi/GetPlayerRankings?circuitCode=JT&playerTypeCode=B&ageCategoryCode=&juniorRankingType=itf&take=100&skip=1400&isOrderAscending=true,2026-09-07T23:39:05.405Z
2026-09-07,M,1493,800636873,Itamar Ronen,ISR,Israel,2009,41,https://www.itftennis.com/tennis/api/PlayerRankApi/GetPlayerRankings?circuitCode=JT&playerTypeCode=B&ageCategoryCode=&juniorRankingType=itf&take=100&skip=1400&isOrderAscending=true,2026-09-07T23:39:05.405Z
2026-09-07,M,1494,800670056,Riccardo Pontigia,ITA,Italy,2009,41,https://www.itftennis.com/tennis/api/PlayerRankApi/GetPlayerRankings?circuitCode=JT&playerTypeCode=B&ageCategoryCode=&juniorRankingType=itf&take=100&skip=1400&isOrderAscending=true,2026-09-07T23:39:05.405Z
2026-09-07,M,1495,800676616,Milan Popov,RUS,Russia,2011,41,https://www.itftennis.com/tennis/api/PlayerRankApi/GetPlayerRankings?circuitCode=JT&playerTypeCode=B&ageCategoryCode=&juniorRankingType=itf&take=100&skip=1400&isOrderAscending=true,2026-09-07T23:39:05.406Z
2026-09-07,M,1496,800654949,ofir kermish,ISR,Israel,2010,40.75,https://www.itftennis.com/tennis/api/PlayerRankApi/GetPlayerRankings?circuitCode=JT&playerTypeCode=B&ageCategoryCode=&juniorRankingType=itf&take=100&skip=1400&isOrderAscending=true,2026-09-07T23:39:05.406Z
2026-09-07,M,1497,800829325,Dingxiong Zhou,CHN,"China, P.R.",2010,40.75,https://www.itftennis.com/tennis/api/PlayerRankApi/GetPlayerRankings?circuitCode=JT&playerTypeCode=B&ageCategoryCode=&juniorRankingType=itf&take=100&skip=1400&isOrderAscending=true,2026-09-07T23:39:05.406Z
2026-09-07,M,1498,800777437,Alejandro Calles,MEX,Mexico,2008,40.75,https://www.itftennis.com/tennis/api/PlayerRankApi/GetPlayerRankings?circuitCode=JT&playerTypeCode=B&ageCategoryCode=&juniorRankingType=itf&take=100&skip=1400&isOrderAscending=true,2026-09-07T23:39:05.406Z
2026-09-07,M,1499,800667521,Taiju Yuto,JPN,Japan,2008,40.75,https://www.itftennis.com/tennis/api/PlayerRankApi/GetPlayerRankings?circuitCode=JT&playerTypeCode=B&ageCategoryCode=&juniorRankingType=itf&take=100&skip=1400&isOrderAscending=true,2026-09-07T23:39:05.406Z
2026-09-07,M,1500,800665078,Isaac Sallu,GBR,Great Britain,2010,40.5,https://www.itftennis.com/tennis/api/PlayerRankApi/GetPlayerRankings?circuitCode=JT&playerTypeCode=B&ageCategoryCode=&juniorRankingType=itf&take=100&skip=1400&isOrderAscending=true,2026-09-07T23:39:05.406Z
2026-09-07,F,1001,800748016,kano imai,JPN,Japan,2011,85.25,https://www.itftennis.com/tennis/api/PlayerRankApi/GetPlayerRankings?circuitCode=JT&playerTypeCode=G&ageCategoryCode=&juniorRankingType=itf&take=100&skip=1000&isOrderAscending=true,2026-09-07T23:39:12.330Z
2026-09-07,F,1002,800719315,Eleni Makantasis,AUS,Australia,2011,85,https://www.itftennis.com/tennis/api/PlayerRankApi/GetPlayerRankings?circuitCode=JT&playerTypeCode=G&ageCategoryCode=&juniorRankingType=itf&take=100&skip=1000&isOrderAscending=true,2026-09-07T23:39:12.330Z
2026-09-07,F,1003,800802281,Emna Mathlouthi,TUN,Tunisia,2011,85,https://www.itftennis.com/tennis/api/PlayerRankApi/GetPlayerRankings?circuitCode=JT&playerTypeCode=G&ageCategoryCode=&juniorRankingType=itf&take=100&skip=1000&isOrderAscending=true,2026-09-07T23:39:12.330Z
2026-09-07,F,1004,800760975,Zarina Faizrakhmanova,RUS,Russia,2011,85,https://www.itftennis.com/tennis/api/PlayerRankApi/GetPlayerRankings?circuitCode=JT&playerTypeCode=G&ageCategoryCode=&juniorRankingType=itf&take=100&skip=1000&isOrderAscending=true,2026-09-07T23:39:12.330Z
2026-09-07,F,1005,800705344,Victoria Lanteri Monaco,ITA,Italy,2011,85,https://www.itftennis.com/tennis/api/PlayerRankApi/GetPlayerRankings?circuitCode=JT&playerTypeCode=G&ageCategoryCode=&juniorRankingType=itf&take=100&skip=1000&isOrderAscending=true,2026-09-07T23:39:12.330Z
2026-09-07,F,1006,800636886,Gabriela Agra Amorim,POR,Portugal,2009,84.75,https://www.itftennis.com/tennis/api/PlayerRankApi/GetPlayerRankings?circuitCode=JT&playerTypeCode=G&ageCategoryCode=&juniorRankingType=itf&take=100&skip=1000&isOrderAscending=true,2026-09-07T23:39:12.330Z
2026-09-07,F,1007,800724452,Renee Huang,CAN,Canada,2009,84.75,https://www.itftennis.com/tennis/api/PlayerRankApi/GetPlayerRankings?circuitCode=JT&playerTypeCode=G&ageCategoryCode=&juniorRankingType=itf&take=100&skip=1000&isOrderAscending=true,2026-09-07T23:39:12.330Z
2026-09-07,F,1008,800731115,Disha Kumar,IND,India,2009,84.75,https://www.itftennis.com/tennis/api/PlayerRankApi/GetPlayerRankings?circuitCode=JT&playerTypeCode=G&ageCategoryCode=&juniorRankingType=itf&take=100&skip=1000&isOrderAscending=true,2026-09-07T23:39:12.330Z
2026-09-07,F,1009,800663857,Celine Ricaud,GBR,Great Britain,2009,84.5,https://www.itftennis.com/tennis/api/PlayerRankApi/GetPlayerRankings?circuitCode=JT&playerTypeCode=G&ageCategoryCode=&juniorRankingType=itf&take=100&skip=1000&isOrderAscending=true,2026-09-07T23:39:12.330Z
2026-09-07,F,1010,800706365,Gabriela Sulcova,CZE,Czechia,2011,84.5,https://www.itftennis.com/tennis/api/PlayerRankApi/GetPlayerRankings?circuitCode=JT&playerTypeCode=G&ageCategoryCode=&juniorRankingType=itf&take=100&skip=1000&isOrderAscending=true,2026-09-07T23:39:12.330Z
2026-09-07,F,1011,800741112,Reagan Stanley,MEX,Mexico,2010,84.25,https://www.itftennis.com/tennis/api/PlayerRankApi/GetPlayerRankings?circuitCode=JT&playerTypeCode=G&ageCategoryCode=&juniorRankingType=itf&take=100&skip=1000&isOrderAscending=true,2026-09-07T23:39:12.330Z
2026-09-07,F,1012,800597557,Ye Eun Park,KOR,"Korea, Rep.",2008,84,https://www.itftennis.com/tennis/api/PlayerRankApi/GetPlayerRankings?circuitCode=JT&playerTypeCode=G&ageCategoryCode=&juniorRankingType=itf&take=100&skip=1000&isOrderAscending=true,2026-09-07T23:39:12.330Z
2026-09-07,F,1013,800697782,Daphne Lovdahl,GBR,Great Britain,2010,84,https://www.itftennis.com/tennis/api/PlayerRankApi/GetPlayerRankings?circuitCode=JT&playerTypeCode=G&ageCategoryCode=&juniorRankingType=itf&take=100&skip=1000&isOrderAscending=true,2026-09-07T23:39:12.330Z
2026-09-07,F,1014,800689938,Mariia Maltseva,RUS,Russia,2011,84,https://www.itftennis.com/tennis/api/PlayerRankApi/GetPlayerRankings?circuitCode=JT&playerTypeCode=G&ageCategoryCode=&juniorRankingType=itf&take=100&skip=1000&isOrderAscending=true,2026-09-07T23:39:12.330Z
2026-09-07,F,1015,800570920,Amelie Mathieu,FRA,France,2008,83.75,https://www.itftennis.com/tennis/api/PlayerRankApi/GetPlayerRankings?circuitCode=JT&playerTypeCode=G&ageCategoryCode=&juniorRankingType=itf&take=100&skip=1000&isOrderAscending=true,2026-09-07T23:39:12.330Z
2026-09-07,F,1016,800749548,Gabriela Carvalho Bettoni,BRA,Brazil,2011,83.75,https://www.itftennis.com/tennis/api/PlayerRankApi/GetPlayerRankings?circuitCode=JT&playerTypeCode=G&ageCategoryCode=&juniorRankingType=itf&take=100&skip=1000&isOrderAscending=true,2026-09-07T23:39:12.330Z
2026-09-07,F,1017,800706743,Stefi Marithe Aludo,PHI,Philippines,2008,83.75,https://www.itftennis.com/tennis/api/PlayerRankApi/GetPlayerRankings?circuitCode=JT&playerTypeCode=G&ageCategoryCode=&juniorRankingType=itf&take=100&skip=1000&isOrderAscending=true,2026-09-07T23:39:12.330Z
2026-09-07,F,1018,800775742,Zihao Han,CHN,"China, P.R.",2011,83.5,https://www.itftennis.com/tennis/api/PlayerRankApi/GetPlayerRankings?circuitCode=JT&playerTypeCode=G&ageCategoryCode=&juniorRankingType=itf&take=100&skip=1000&isOrderAscending=true,2026-09-07T23:39:12.330Z
2026-09-07,F,1019,800655628,Anna Wright,GBR,Great Britain,2010,83.5,https://www.itftennis.com/tennis/api/PlayerRankApi/GetPlayerRankings?circuitCode=JT&playerTypeCode=G&ageCategoryCode=&juniorRankingType=itf&take=100&skip=1000&isOrderAscending=true,2026-09-07T23:39:12.330Z
2026-09-07,F,1020,800773776,Daria Dushkina,RUS,Russia,2009,83.5,https://www.itftennis.com/tennis/api/PlayerRankApi/GetPlayerRankings?circuitCode=JT&playerTypeCode=G&ageCategoryCode=&juniorRankingType=itf&take=100&skip=1000&isOrderAscending=true,2026-09-07T23:39:12.330Z
2026-09-07,F,1021,800632241,Anna Kmiecik,POL,Poland,2008,83.25,https://www.itftennis.com/tennis/api/PlayerRankApi/GetPlayerRankings?circuitCode=JT&playerTypeCode=G&ageCategoryCode=&juniorRankingType=itf&take=100&skip=1000&isOrderAscending=true,2026-09-07T23:39:12.330Z
2026-09-07,F,1022,800653267,Mina Markovic,SRB,Serbia,2009,83.25,https://www.itftennis.com/tennis/api/PlayerRankApi/GetPlayerRankings?circuitCode=JT&playerTypeCode=G&ageCategoryCode=&juniorRankingType=itf&take=100&skip=1000&isOrderAscending=true,2026-09-07T23:39:12.330Z
2026-09-07,F,1023,800714644,Stefania Kadzova,RUS,Russia,2011,83.25,https://www.itftennis.com/tennis/api/PlayerRankApi/GetPlayerRankings?circuitCode=JT&playerTypeCode=G&ageCategoryCode=&juniorRankingType=itf&take=100&skip=1000&isOrderAscending=true,2026-09-07T23:39:12.330Z
2026-09-07,F,1024,800603746,Kornelia Krzesniak,POL,Poland,2008,83.25,https://www.itftennis.com/tennis/api/PlayerRankApi/GetPlayerRankings?circuitCode=JT&playerTypeCode=G&ageCategoryCode=&juniorRankingType=itf&take=100&skip=1000&isOrderAscending=true,2026-09-07T23:39:12.330Z
2026-09-07,F,1025,800670353,Viktorie Dufkova,CZE,Czechia,2010,83.25,https://www.itftennis.com/tennis/api/PlayerRankApi/GetPlayerRankings?circuitCode=JT&playerTypeCode=G&ageCategoryCode=&juniorRankingType=itf&take=100&skip=1000&isOrderAscending=true,2026-09-07T23:39:12.330Z
2026-09-07,F,1026,800792191,Jiayi Lu,CHN,"China, P.R.",2011,83,https://www.itftennis.com/tennis/api/PlayerRankApi/GetPlayerRankings?circuitCode=JT&playerTypeCode=G&ageCategoryCode=&juniorRankingType=itf&take=100&skip=1000&isOrderAscending=true,2026-09-07T23:39:12.330Z
2026-09-07,F,1027,800654963,Ofri Behr,ISR,Israel,2009,83,https://www.itftennis.com/tennis/api/PlayerRankApi/GetPlayerRankings?circuitCode=JT&playerTypeCode=G&ageCategoryCode=&juniorRankingType=itf&take=100&skip=1000&isOrderAscending=true,2026-09-07T23:39:12.330Z
2026-09-07,F,1028,800798000,Melek Gamaoun,TUN,Tunisia,2011,83,https://www.itftennis.com/tennis/api/PlayerRankApi/GetPlayerRankings?circuitCode=JT&playerTypeCode=G&ageCategoryCode=&juniorRankingType=itf&take=100&skip=1000&isOrderAscending=true,2026-09-07T23:39:12.330Z
2026-09-07,F,1029,800671905,Polina Korelova,RUS,Russia,2011,82.75,https://www.itftennis.com/tennis/api/PlayerRankApi/GetPlayerRankings?circuitCode=JT&playerTypeCode=G&ageCategoryCode=&juniorRankingType=itf&take=100&skip=1000&isOrderAscending=true,2026-09-07T23:39:12.330Z
2026-09-07,F,1030,800638294,Luana Kappeler,SUI,Switzerland,2008,82.5,https://www.itftennis.com/tennis/api/PlayerRankApi/GetPlayerRankings?circuitCode=JT&playerTypeCode=G&ageCategoryCode=&juniorRankingType=itf&take=100&skip=1000&isOrderAscending=true,2026-09-07T23:39:12.330Z
2026-09-07,F,1031,800713377,Amelie Tvrzska,CZE,Czechia,2011,82.5,https://www.itftennis.com/tennis/api/PlayerRankApi/GetPlayerRankings?circuitCode=JT&playerTypeCode=G&ageCategoryCode=&juniorRankingType=itf&take=100&skip=1000&isOrderAscending=true,2026-09-07T23:39:12.330Z
2026-09-07,F,1032,800657242,Teodora Sfirnaciuc,ROU,Romania,2010,82.5,https://www.itftennis.com/tennis/api/PlayerRankApi/GetPlayerRankings?circuitCode=JT&playerTypeCode=G&ageCategoryCode=&juniorRankingType=itf&take=100&skip=1000&isOrderAscending=true,2026-09-07T23:39:12.330Z
2026-09-07,F,1033,800732444,Dorea Morina,NZL,New Zealand,2010,82.25,https://www.itftennis.com/tennis/api/PlayerRankApi/GetPlayerRankings?circuitCode=JT&playerTypeCode=G&ageCategoryCode=&juniorRankingType=itf&take=100&skip=1000&isOrderAscending=true,2026-09-07T23:39:12.330Z
2026-09-07,F,1034,800732321,Anita Cytrycka,POL,Poland,2011,82.25,https://www.itftennis.com/tennis/api/PlayerRankApi/GetPlayerRankings?circuitCode=JT&playerTypeCode=G&ageCategoryCode=&juniorRankingType=itf&take=100&skip=1000&isOrderAscending=true,2026-09-07T23:39:12.330Z
2026-09-07,F,1035,800747738,Filippa Eckersten,SWE,Sweden,2010,82.25,https://www.itftennis.com/tennis/api/PlayerRankApi/GetPlayerRankings?circuitCode=JT&playerTypeCode=G&ageCategoryCode=&juniorRankingType=itf&take=100&skip=1000&isOrderAscending=true,2026-09-07T23:39:12.330Z
2026-09-07,F,1036,800595627,Alice Haddad,GBR,Great Britain,2008,82,https://www.itftennis.com/tennis/api/PlayerRankApi/GetPlayerRankings?circuitCode=JT&playerTypeCode=G&ageCategoryCode=&juniorRankingType=itf&take=100&skip=1000&isOrderAscending=true,2026-09-07T23:39:12.330Z
2026-09-07,F,1037,800739740,Isabella Moreno,ITA,Italy,2011,82,https://www.itftennis.com/tennis/api/PlayerRankApi/GetPlayerRankings?circuitCode=JT&playerTypeCode=G&ageCategoryCode=&juniorRankingType=itf&take=100&skip=1000&isOrderAscending=true,2026-09-07T23:39:12.330Z
2026-09-07,F,1038,800667484,Una Grubesic,SRB,Serbia,2010,81.75,https://www.itftennis.com/tennis/api/PlayerRankApi/GetPlayerRankings?circuitCode=JT&playerTypeCode=G&ageCategoryCode=&juniorRankingType=itf&take=100&skip=1000&isOrderAscending=true,2026-09-07T23:39:12.330Z
2026-09-07,F,1039,800677398,Barbora Matouskova,CZE,Czechia,2008,81.5,https://www.itftennis.com/tennis/api/PlayerRankApi/GetPlayerRankings?circuitCode=JT&playerTypeCode=G&ageCategoryCode=&juniorRankingType=itf&take=100&skip=1000&isOrderAscending=true,2026-09-07T23:39:12.330Z
2026-09-07,F,1040,800763901,Vitoria Zuccon,BRA,Brazil,2009,81.25,https://www.itftennis.com/tennis/api/PlayerRankApi/GetPlayerRankings?circuitCode=JT&playerTypeCode=G&ageCategoryCode=&juniorRankingType=itf&take=100&skip=1000&isOrderAscending=true,2026-09-07T23:39:12.331Z
2026-09-07,F,1041,800671782,DIONISIA KOUKOULI,GRE,Greece,2011,81,https://www.itftennis.com/tennis/api/PlayerRankApi/GetPlayerRankings?circuitCode=JT&playerTypeCode=G&ageCategoryCode=&juniorRankingType=itf&take=100&skip=1000&isOrderAscending=true,2026-09-07T23:39:12.331Z
2026-09-07,F,1042,800753225,hanying WU,CHN,"China, P.R.",2009,80.75,https://www.itftennis.com/tennis/api/PlayerRankApi/GetPlayerRankings?circuitCode=JT&playerTypeCode=G&ageCategoryCode=&juniorRankingType=itf&take=100&skip=1000&isOrderAscending=true,2026-09-07T23:39:12.331Z
2026-09-07,F,1043,800675376,Alissa Korolyova,KAZ,Kazakhstan,2010,80.75,https://www.itftennis.com/tennis/api/PlayerRankApi/GetPlayerRankings?circuitCode=JT&playerTypeCode=G&ageCategoryCode=&juniorRankingType=itf&take=100&skip=1000&isOrderAscending=true,2026-09-07T23:39:12.331Z
2026-09-07,F,1044,800600501,Katerina Oustampasidou,GRE,Greece,2009,80.5,https://www.itftennis.com/tennis/api/PlayerRankApi/GetPlayerRankings?circuitCode=JT&playerTypeCode=G&ageCategoryCode=&juniorRankingType=itf&take=100&skip=1000&isOrderAscending=true,2026-09-07T23:39:12.331Z
2026-09-07,F,1045,800665395,Aurora Piccinini,ITA,Italy,2008,80.25,https://www.itftennis.com/tennis/api/PlayerRankApi/GetPlayerRankings?circuitCode=JT&playerTypeCode=G&ageCategoryCode=&juniorRankingType=itf&take=100&skip=1000&isOrderAscending=true,2026-09-07T23:39:12.331Z
2026-09-07,F,1046,800654848,anna orlando pellicero,ESP,Spain,2009,80,https://www.itftennis.com/tennis/api/PlayerRankApi/GetPlayerRankings?circuitCode=JT&playerTypeCode=G&ageCategoryCode=&juniorRankingType=itf&take=100&skip=1000&isOrderAscending=true,2026-09-07T23:39:12.331Z
2026-09-07,F,1047,800733279,Antonina Zielinska,POL,Poland,2011,80,https://www.itftennis.com/tennis/api/PlayerRankApi/GetPlayerRankings?circuitCode=JT&playerTypeCode=G&ageCategoryCode=&juniorRankingType=itf&take=100&skip=1000&isOrderAscending=true,2026-09-07T23:39:12.331Z
2026-09-07,F,1048,800739710,Amaliya Bakumenko,UKR,Ukraine,2012,79.75,https://www.itftennis.com/tennis/api/PlayerRankApi/GetPlayerRankings?circuitCode=JT&playerTypeCode=G&ageCategoryCode=&juniorRankingType=itf&take=100&skip=1000&isOrderAscending=true,2026-09-07T23:39:12.331Z
2026-09-07,F,1049,800646745,SEOJIN LEE,KOR,"Korea, Rep.",2009,79.75,https://www.itftennis.com/tennis/api/PlayerRankApi/GetPlayerRankings?circuitCode=JT&playerTypeCode=G&ageCategoryCode=&juniorRankingType=itf&take=100&skip=1000&isOrderAscending=true,2026-09-07T23:39:12.331Z
2026-09-07,F,1050,800632075,Qianyu Dong,CHN,"China, P.R.",2009,79.5,https://www.itftennis.com/tennis/api/PlayerRankApi/GetPlayerRankings?circuitCode=JT&playerTypeCode=G&ageCategoryCode=&juniorRankingType=itf&take=100&skip=1000&isOrderAscending=true,2026-09-07T23:39:12.331Z
2026-09-07,F,1051,800604242,Karina Maria Capuzu,ROU,Romania,2009,79.5,https://www.itftennis.com/tennis/api/PlayerRankApi/GetPlayerRankings?circuitCode=JT&playerTypeCode=G&ageCategoryCode=&juniorRankingType=itf&take=100&skip=1000&isOrderAscending=true,2026-09-07T23:39:12.331Z
2026-09-07,F,1052,800790174,Brielle Amey,CAN,Canada,2012,79.25,https://www.itftennis.com/tennis/api/PlayerRankApi/GetPlayerRankings?circuitCode=JT&playerTypeCode=G&ageCategoryCode=&juniorRankingType=itf&take=100&skip=1000&isOrderAscending=true,2026-09-07T23:39:12.331Z
2026-09-07,F,1053,800709933,Giulia Luchetti,ITA,Italy,2012,79.25,https://www.itftennis.com/tennis/api/PlayerRankApi/GetPlayerRankings?circuitCode=JT&playerTypeCode=G&ageCategoryCode=&juniorRankingType=itf&take=100&skip=1000&isOrderAscending=true,2026-09-07T23:39:12.331Z
2026-09-07,F,1054,800692593,Ayla Giesen,NZL,New Zealand,2008,79,https://www.itftennis.com/tennis/api/PlayerRankApi/GetPlayerRankings?circuitCode=JT&playerTypeCode=G&ageCategoryCode=&juniorRankingType=itf&take=100&skip=1000&isOrderAscending=true,2026-09-07T23:39:12.331Z
2026-09-07,F,1055,800638477,Noemy De Bessa,FRA,France,2009,78.75,https://www.itftennis.com/tennis/api/PlayerRankApi/GetPlayerRankings?circuitCode=JT&playerTypeCode=G&ageCategoryCode=&juniorRankingType=itf&take=100&skip=1000&isOrderAscending=true,2026-09-07T23:39:12.331Z
2026-09-07,F,1056,800693980,Sofia Sharipova,RUS,Russia,2009,78.75,https://www.itftennis.com/tennis/api/PlayerRankApi/GetPlayerRankings?circuitCode=JT&playerTypeCode=G&ageCategoryCode=&juniorRankingType=itf&take=100&skip=1000&isOrderAscending=true,2026-09-07T23:39:12.331Z
2026-09-07,F,1057,800709044,Joanivia Bezuidenhout,NAM,Namibia,2009,78.75,https://www.itftennis.com/tennis/api/PlayerRankApi/GetPlayerRankings?circuitCode=JT&playerTypeCode=G&ageCategoryCode=&juniorRankingType=itf&take=100&skip=1000&isOrderAscending=true,2026-09-07T23:39:12.331Z
2026-09-07,F,1058,800665322,Sara Yoshida,JPN,Japan,2009,78.5,https://www.itftennis.com/tennis/api/PlayerRankApi/GetPlayerRankings?circuitCode=JT&playerTypeCode=G&ageCategoryCode=&juniorRankingType=itf&take=100&skip=1000&isOrderAscending=true,2026-09-07T23:39:12.331Z
2026-09-07,F,1059,800588852,PEI CHI HO,TPE,Chinese Taipei,2008,78.5,https://www.itftennis.com/tennis/api/PlayerRankApi/GetPlayerRankings?circuitCode=JT&playerTypeCode=G&ageCategoryCode=&juniorRankingType=itf&take=100&skip=1000&isOrderAscending=true,2026-09-07T23:39:12.331Z
2026-09-07,F,1060,800661616,Ginevra Batti,ITA,Italy,2009,78.5,https://www.itftennis.com/tennis/api/PlayerRankApi/GetPlayerRankings?circuitCode=JT&playerTypeCode=G&ageCategoryCode=&juniorRankingType=itf&take=100&skip=1000&isOrderAscending=true,2026-09-07T23:39:12.331Z
2026-09-07,F,1061,800719600,Anastasiya Muravia,UKR,Ukraine,2009,78.25,https://www.itftennis.com/tennis/api/PlayerRankApi/GetPlayerRankings?circuitCode=JT&playerTypeCode=G&ageCategoryCode=&juniorRankingType=itf&take=100&skip=1000&isOrderAscending=true,2026-09-07T23:39:12.331Z
2026-09-07,F,1062,800753810,Ye Xin TANG,CHN,"China, P.R.",2008,78.25,https://www.itftennis.com/tennis/api/PlayerRankApi/GetPlayerRankings?circuitCode=JT&playerTypeCode=G&ageCategoryCode=&juniorRankingType=itf&take=100&skip=1000&isOrderAscending=true,2026-09-07T23:39:12.331Z
2026-09-07,F,1063,800680909,Valeriia Kaminskaia,RUS,Russia,2011,78.25,https://www.itftennis.com/tennis/api/PlayerRankApi/GetPlayerRankings?circuitCode=JT&playerTypeCode=G&ageCategoryCode=&juniorRankingType=itf&take=100&skip=1000&isOrderAscending=true,2026-09-07T23:39:12.331Z
2026-09-07,F,1064,800679389,Anna Brandt Schultz,DEN,Denmark,2009,78,https://www.itftennis.com/tennis/api/PlayerRankApi/GetPlayerRankings?circuitCode=JT&playerTypeCode=G&ageCategoryCode=&juniorRankingType=itf&take=100&skip=1000&isOrderAscending=true,2026-09-07T23:39:12.331Z
2026-09-07,F,1065,800848185,Polina Molchanova,RUS,Russia,2011,78,https://www.itftennis.com/tennis/api/PlayerRankApi/GetPlayerRankings?circuitCode=JT&playerTypeCode=G&ageCategoryCode=&juniorRankingType=itf&take=100&skip=1000&isOrderAscending=true,2026-09-07T23:39:12.331Z
2026-09-07,F,1066,800676121,Isabel McLain,GBR,Great Britain,2011,78,https://www.itftennis.com/tennis/api/PlayerRankApi/GetPlayerRankings?circuitCode=JT&playerTypeCode=G&ageCategoryCode=&juniorRankingType=itf&take=100&skip=1000&isOrderAscending=true,2026-09-07T23:39:12.331Z
2026-09-07,F,1067,800668317,Tiana Vrajitoriu,ROU,Romania,2010,77.75,https://www.itftennis.com/tennis/api/PlayerRankApi/GetPlayerRankings?circuitCode=JT&playerTypeCode=G&ageCategoryCode=&juniorRankingType=itf&take=100&skip=1000&isOrderAscending=true,2026-09-07T23:39:12.331Z
2026-09-07,F,1068,800646888,Beatriz Castro,POR,Portugal,2009,77.75,https://www.itftennis.com/tennis/api/PlayerRankApi/GetPlayerRankings?circuitCode=JT&playerTypeCode=G&ageCategoryCode=&juniorRankingType=itf&take=100&skip=1000&isOrderAscending=true,2026-09-07T23:39:12.331Z
2026-09-07,F,1069,800695714,Bianca Francesconi,ITA,Italy,2010,77.75,https://www.itftennis.com/tennis/api/PlayerRankApi/GetPlayerRankings?circuitCode=JT&playerTypeCode=G&ageCategoryCode=&juniorRankingType=itf&take=100&skip=1000&isOrderAscending=true,2026-09-07T23:39:12.331Z
2026-09-07,F,1070,800791049,Reena Alavalapati,USA,USA,2011,77.75,https://www.itftennis.com/tennis/api/PlayerRankApi/GetPlayerRankings?circuitCode=JT&playerTypeCode=G&ageCategoryCode=&juniorRankingType=itf&take=100&skip=1000&isOrderAscending=true,2026-09-07T23:39:12.331Z
2026-09-07,F,1071,800603085,Elena Papadopoulou,BUL,Bulgaria,2009,77.25,https://www.itftennis.com/tennis/api/PlayerRankApi/GetPlayerRankings?circuitCode=JT&playerTypeCode=G&ageCategoryCode=&juniorRankingType=itf&take=100&skip=1000&isOrderAscending=true,2026-09-07T23:39:12.331Z
2026-09-07,F,1072,800773506,Tamina Saken,KAZ,Kazakhstan,2011,77,https://www.itftennis.com/tennis/api/PlayerRankApi/GetPlayerRankings?circuitCode=JT&playerTypeCode=G&ageCategoryCode=&juniorRankingType=itf&take=100&skip=1000&isOrderAscending=true,2026-09-07T23:39:12.331Z
2026-09-07,F,1073,800681449,Annabel Chapman,NZL,New Zealand,2008,77,https://www.itftennis.com/tennis/api/PlayerRankApi/GetPlayerRankings?circuitCode=JT&playerTypeCode=G&ageCategoryCode=&juniorRankingType=itf&take=100&skip=1000&isOrderAscending=true,2026-09-07T23:39:12.331Z
2026-09-07,F,1074,800677428,Ana Chachkhunashvili,GEO,Georgia,2010,77,https://www.itftennis.com/tennis/api/PlayerRankApi/GetPlayerRankings?circuitCode=JT&playerTypeCode=G&ageCategoryCode=&juniorRankingType=itf&take=100&skip=1000&isOrderAscending=true,2026-09-07T23:39:12.331Z
2026-09-07,F,1075,800805939,Mariia Sosunova,RUS,Russia,2010,76.75,https://www.itftennis.com/tennis/api/PlayerRankApi/GetPlayerRankings?circuitCode=JT&playerTypeCode=G&ageCategoryCode=&juniorRankingType=itf&take=100&skip=1000&isOrderAscending=true,2026-09-07T23:39:12.331Z
2026-09-07,F,1076,800819700,Lisha Balsiger,SUI,Switzerland,2011,76.5,https://www.itftennis.com/tennis/api/PlayerRankApi/GetPlayerRankings?circuitCode=JT&playerTypeCode=G&ageCategoryCode=&juniorRankingType=itf&take=100&skip=1000&isOrderAscending=true,2026-09-07T23:39:12.331Z
2026-09-07,F,1077,800699023,Ia Reyes Romero,MEX,Mexico,2008,76.5,https://www.itftennis.com/tennis/api/PlayerRankApi/GetPlayerRankings?circuitCode=JT&playerTypeCode=G&ageCategoryCode=&juniorRankingType=itf&take=100&skip=1000&isOrderAscending=true,2026-09-07T23:39:12.331Z
2026-09-07,F,1078,800700767,Delisle Manantsop,CMR,Cameroon,2008,76.5,https://www.itftennis.com/tennis/api/PlayerRankApi/GetPlayerRankings?circuitCode=JT&playerTypeCode=G&ageCategoryCode=&juniorRankingType=itf&take=100&skip=1000&isOrderAscending=true,2026-09-07T23:39:12.331Z
2026-09-07,F,1079,800567732,Sonja Wedenski,SWE,Sweden,2008,76.25,https://www.itftennis.com/tennis/api/PlayerRankApi/GetPlayerRankings?circuitCode=JT&playerTypeCode=G&ageCategoryCode=&juniorRankingType=itf&take=100&skip=1000&isOrderAscending=true,2026-09-07T23:39:12.331Z
2026-09-07,F,1080,800597379,Sofiia Kucherova,UKR,Ukraine,2008,76.25,https://www.itftennis.com/tennis/api/PlayerRankApi/GetPlayerRankings?circuitCode=JT&playerTypeCode=G&ageCategoryCode=&juniorRankingType=itf&take=100&skip=1000&isOrderAscending=true,2026-09-07T23:39:12.331Z
2026-09-07,F,1081,800760736,Giovanna Mota Rocha Freire,BRA,Brazil,2011,76.25,https://www.itftennis.com/tennis/api/PlayerRankApi/GetPlayerRankings?circuitCode=JT&playerTypeCode=G&ageCategoryCode=&juniorRankingType=itf&take=100&skip=1000&isOrderAscending=true,2026-09-07T23:39:12.331Z
2026-09-07,F,1082,800665221,Jana Jelena Nicole Diaz,PHI,Philippines,2009,76.25,https://www.itftennis.com/tennis/api/PlayerRankApi/GetPlayerRankings?circuitCode=JT&playerTypeCode=G&ageCategoryCode=&juniorRankingType=itf&take=100&skip=1000&isOrderAscending=true,2026-09-07T23:39:12.331Z
2026-09-07,F,1083,800715619,Rafaela Sofia Gomez Zavala,PER,Peru,2011,76,https://www.itftennis.com/tennis/api/PlayerRankApi/GetPlayerRankings?circuitCode=JT&playerTypeCode=G&ageCategoryCode=&juniorRankingType=itf&take=100&skip=1000&isOrderAscending=true,2026-09-07T23:39:12.331Z
2026-09-07,F,1084,800763393,Saanchi Dalal,USA,USA,2009,75.5,https://www.itftennis.com/tennis/api/PlayerRankApi/GetPlayerRankings?circuitCode=JT&playerTypeCode=G&ageCategoryCode=&juniorRankingType=itf&take=100&skip=1000&isOrderAscending=true,2026-09-07T23:39:12.331Z
2026-09-07,F,1085,800576198,Selena Romero Calvo,ESP,Spain,2008,75.5,https://www.itftennis.com/tennis/api/PlayerRankApi/GetPlayerRankings?circuitCode=JT&playerTypeCode=G&ageCategoryCode=&juniorRankingType=itf&take=100&skip=1000&isOrderAscending=true,2026-09-07T23:39:12.331Z
2026-09-07,F,1086,800676323,Ella Van Gestel,BEL,Belgium,2011,75.5,https://www.itftennis.com/tennis/api/PlayerRankApi/GetPlayerRankings?circuitCode=JT&playerTypeCode=G&ageCategoryCode=&juniorRankingType=itf&take=100&skip=1000&isOrderAscending=true,2026-09-07T23:39:12.331Z
2026-09-07,F,1087,800748281,Valentyna Rosa,AUS,Australia,2010,75.25,https://www.itftennis.com/tennis/api/PlayerRankApi/GetPlayerRankings?circuitCode=JT&playerTypeCode=G&ageCategoryCode=&juniorRankingType=itf&take=100&skip=1000&isOrderAscending=true,2026-09-07T23:39:12.331Z
2026-09-07,F,1088,800659849,Sofia Rachel Kocisova,SVK,Slovakia,2010,75.25,https://www.itftennis.com/tennis/api/PlayerRankApi/GetPlayerRankings?circuitCode=JT&playerTypeCode=G&ageCategoryCode=&juniorRankingType=itf&take=100&skip=1000&isOrderAscending=true,2026-09-07T23:39:12.331Z
2026-09-07,F,1089,800602152,Sophia Bergqvist,DEN,Denmark,2008,75.25,https://www.itftennis.com/tennis/api/PlayerRankApi/GetPlayerRankings?circuitCode=JT&playerTypeCode=G&ageCategoryCode=&juniorRankingType=itf&take=100&skip=1000&isOrderAscending=true,2026-09-07T23:39:12.331Z
2026-09-07,F,1090,800684654,Chloe Wong,SUI,Switzerland,2011,75.25,https://www.itftennis.com/tennis/api/PlayerRankApi/GetPlayerRankings?circuitCode=JT&playerTypeCode=G&ageCategoryCode=&juniorRankingType=itf&take=100&skip=1000&isOrderAscending=true,2026-09-07T23:39:12.331Z
2026-09-07,F,1091,800665273,Lilly Becker,GER,Germany,2009,75.25,https://www.itftennis.com/tennis/api/PlayerRankApi/GetPlayerRankings?circuitCode=JT&playerTypeCode=G&ageCategoryCode=&juniorRankingType=itf&take=100&skip=1000&isOrderAscending=true,2026-09-07T23:39:12.331Z
2026-09-07,F,1092,800788268,Piyushi Bandara,AUS,Australia,2011,75,https://www.itftennis.com/tennis/api/PlayerRankApi/GetPlayerRankings?circuitCode=JT&playerTypeCode=G&ageCategoryCode=&juniorRankingType=itf&take=100&skip=1000&isOrderAscending=true,2026-09-07T23:39:12.331Z
2026-09-07,F,1093,800644955,Lili Kordic,CRO,Croatia,2008,75,https://www.itftennis.com/tennis/api/PlayerRankApi/GetPlayerRankings?circuitCode=JT&playerTypeCode=G&ageCategoryCode=&juniorRankingType=itf&take=100&skip=1000&isOrderAscending=true,2026-09-07T23:39:12.331Z
2026-09-07,F,1094,800631798,Sree Syleswari Velmanikandan,IND,India,2008,75,https://www.itftennis.com/tennis/api/PlayerRankApi/GetPlayerRankings?circuitCode=JT&playerTypeCode=G&ageCategoryCode=&juniorRankingType=itf&take=100&skip=1000&isOrderAscending=true,2026-09-07T23:39:12.331Z
2026-09-07,F,1095,800677777,Ainara Fernandez Sanchez,ESP,Spain,2009,75,https://www.itftennis.com/tennis/api/PlayerRankApi/GetPlayerRankings?circuitCode=JT&playerTypeCode=G&ageCategoryCode=&juniorRankingType=itf&take=100&skip=1000&isOrderAscending=true,2026-09-07T23:39:12.331Z
2026-09-07,F,1096,800659701,Jaya Kapoor,IND,India,2008,75,https://www.itftennis.com/tennis/api/PlayerRankApi/GetPlayerRankings?circuitCode=JT&playerTypeCode=G&ageCategoryCode=&juniorRankingType=itf&take=100&skip=1000&isOrderAscending=true,2026-09-07T23:39:12.331Z
2026-09-07,F,1097,800693385,Kim Kriesi,SUI,Switzerland,2011,75,https://www.itftennis.com/tennis/api/PlayerRankApi/GetPlayerRankings?circuitCode=JT&playerTypeCode=G&ageCategoryCode=&juniorRankingType=itf&take=100&skip=1000&isOrderAscending=true,2026-09-07T23:39:12.331Z
2026-09-07,F,1098,800698385,Sofia Tejada,GUA,Guatemala,2008,75,https://www.itftennis.com/tennis/api/PlayerRankApi/GetPlayerRankings?circuitCode=JT&playerTypeCode=G&ageCategoryCode=&juniorRankingType=itf&take=100&skip=1000&isOrderAscending=true,2026-09-07T23:39:12.331Z
2026-09-07,F,1099,800675989,Aaraa Aasaal Azim,MDV,Maldives,2008,75,https://www.itftennis.com/tennis/api/PlayerRankApi/GetPlayerRankings?circuitCode=JT&playerTypeCode=G&ageCategoryCode=&juniorRankingType=itf&take=100&skip=1000&isOrderAscending=true,2026-09-07T23:39:12.331Z
2026-09-07,F,1100,800637103,Tiana Tian Deng,SWE,Sweden,2008,75,https://www.itftennis.com/tennis/api/PlayerRankApi/GetPlayerRankings?circuitCode=JT&playerTypeCode=G&ageCategoryCode=&juniorRankingType=itf&take=100&skip=1000&isOrderAscending=true,2026-09-07T23:39:12.331Z
2026-09-07,F,1101,800734209,Miranda Sofia Escamilla Morales,MEX,Mexico,2009,74.75,https://www.itftennis.com/tennis/api/PlayerRankApi/GetPlayerRankings?circuitCode=JT&playerTypeCode=G&ageCategoryCode=&juniorRankingType=itf&take=100&skip=1100&isOrderAscending=true,2026-09-07T23:39:15.926Z
2026-09-07,F,1102,800713249,Leonie Vivienne Epper,SUI,Switzerland,2011,74.75,https://www.itftennis.com/tennis/api/PlayerRankApi/GetPlayerRankings?circuitCode=JT&playerTypeCode=G&ageCategoryCode=&juniorRankingType=itf&take=100&skip=1100&isOrderAscending=true,2026-09-07T23:39:15.926Z
2026-09-07,F,1103,800748026,Melissa Wang,CAN,Canada,2009,74.75,https://www.itftennis.com/tennis/api/PlayerRankApi/GetPlayerRankings?circuitCode=JT&playerTypeCode=G&ageCategoryCode=&juniorRankingType=itf&take=100&skip=1100&isOrderAscending=true,2026-09-07T23:39:15.926Z
2026-09-07,F,1104,800592894,Natalia Drobca,MDA,Moldova,2008,74.75,https://www.itftennis.com/tennis/api/PlayerRankApi/GetPlayerRankings?circuitCode=JT&playerTypeCode=G&ageCategoryCode=&juniorRankingType=itf&take=100&skip=1100&isOrderAscending=true,2026-09-07T23:39:15.926Z
2026-09-07,F,1105,800692230,Moran JIN,CHN,"China, P.R.",2008,74.5,https://www.itftennis.com/tennis/api/PlayerRankApi/GetPlayerRankings?circuitCode=JT&playerTypeCode=G&ageCategoryCode=&juniorRankingType=itf&take=100&skip=1100&isOrderAscending=true,2026-09-07T23:39:15.926Z
2026-09-07,F,1106,800775528,Anna Nerelli,ITA,Italy,2010,74.5,https://www.itftennis.com/tennis/api/PlayerRankApi/GetPlayerRankings?circuitCode=JT&playerTypeCode=G&ageCategoryCode=&juniorRankingType=itf&take=100&skip=1100&isOrderAscending=true,2026-09-07T23:39:15.926Z
2026-09-07,F,1107,800656599,Solomia Maria Hryniv,USA,USA,2010,74.25,https://www.itftennis.com/tennis/api/PlayerRankApi/GetPlayerRankings?circuitCode=JT&playerTypeCode=G&ageCategoryCode=&juniorRankingType=itf&take=100&skip=1100&isOrderAscending=true,2026-09-07T23:39:15.926Z
2026-09-07,F,1108,800770029,Padmapriya Ramesh kumar,IND,India,2012,74.25,https://www.itftennis.com/tennis/api/PlayerRankApi/GetPlayerRankings?circuitCode=JT&playerTypeCode=G&ageCategoryCode=&juniorRankingType=itf&take=100&skip=1100&isOrderAscending=true,2026-09-07T23:39:15.926Z
2026-09-07,F,1109,800628854,Alexia Paula Bastos-Sousa Betanzos,ESP,Spain,2009,74,https://www.itftennis.com/tennis/api/PlayerRankApi/GetPlayerRankings?circuitCode=JT&playerTypeCode=G&ageCategoryCode=&juniorRankingType=itf&take=100&skip=1100&isOrderAscending=true,2026-09-07T23:39:15.926Z
2026-09-07,F,1110,800774263,Zishan Huang,CHN,"China, P.R.",2010,74,https://www.itftennis.com/tennis/api/PlayerRankApi/GetPlayerRankings?circuitCode=JT&playerTypeCode=G&ageCategoryCode=&juniorRankingType=itf&take=100&skip=1100&isOrderAscending=true,2026-09-07T23:39:15.926Z
2026-09-07,F,1111,800813681,Alanna Ingalsbe,USA,USA,2008,73.75,https://www.itftennis.com/tennis/api/PlayerRankApi/GetPlayerRankings?circuitCode=JT&playerTypeCode=G&ageCategoryCode=&juniorRankingType=itf&take=100&skip=1100&isOrderAscending=true,2026-09-07T23:39:15.926Z
2026-09-07,F,1112,800632405,YI ZHUO DONG,SGP,Singapore,2009,73.75,https://www.itftennis.com/tennis/api/PlayerRankApi/GetPlayerRankings?circuitCode=JT&playerTypeCode=G&ageCategoryCode=&juniorRankingType=itf&take=100&skip=1100&isOrderAscending=true,2026-09-07T23:39:15.926Z
2026-09-07,F,1113,800759495,Gloria Temgoua,CMR,Cameroon,2012,73.75,https://www.itftennis.com/tennis/api/PlayerRankApi/GetPlayerRankings?circuitCode=JT&playerTypeCode=G&ageCategoryCode=&juniorRankingType=itf&take=100&skip=1100&isOrderAscending=true,2026-09-07T23:39:15.926Z
2026-09-07,F,1114,800727100,Gitta Victor,RSA,South Africa,2009,73.5,https://www.itftennis.com/tennis/api/PlayerRankApi/GetPlayerRankings?circuitCode=JT&playerTypeCode=G&ageCategoryCode=&juniorRankingType=itf&take=100&skip=1100&isOrderAscending=true,2026-09-07T23:39:15.926Z
2026-09-07,F,1115,800656388,Sara Husar,POL,Poland,2008,73.5,https://www.itftennis.com/tennis/api/PlayerRankApi/GetPlayerRankings?circuitCode=JT&playerTypeCode=G&ageCategoryCode=&juniorRankingType=itf&take=100&skip=1100&isOrderAscending=true,2026-09-07T23:39:15.926Z
2026-09-07,F,1116,800654995,Chiu Kwan Nina Wang,HKG,"Hong Kong, China",2010,73.5,https://www.itftennis.com/tennis/api/PlayerRankApi/GetPlayerRankings?circuitCode=JT&playerTypeCode=G&ageCategoryCode=&juniorRankingType=itf&take=100&skip=1100&isOrderAscending=true,2026-09-07T23:39:15.926Z
2026-09-07,F,1117,800693792,Ivana Daubnerova,SVK,Slovakia,2008,73.5,https://www.itftennis.com/tennis/api/PlayerRankApi/GetPlayerRankings?circuitCode=JT&playerTypeCode=G&ageCategoryCode=&juniorRankingType=itf&take=100&skip=1100&isOrderAscending=true,2026-09-07T23:39:15.926Z
2026-09-07,F,1118,800660859,Yewon Lee,KOR,"Korea, Rep.",2008,73.5,https://www.itftennis.com/tennis/api/PlayerRankApi/GetPlayerRankings?circuitCode=JT&playerTypeCode=G&ageCategoryCode=&juniorRankingType=itf&take=100&skip=1100&isOrderAscending=true,2026-09-07T23:39:15.926Z
2026-09-07,F,1119,800803312,Arya Akkoyun,TUR,Turkiye,2011,73,https://www.itftennis.com/tennis/api/PlayerRankApi/GetPlayerRankings?circuitCode=JT&playerTypeCode=G&ageCategoryCode=&juniorRankingType=itf&take=100&skip=1100&isOrderAscending=true,2026-09-07T23:39:15.926Z
2026-09-07,F,1120,800784415,Armine Yesaian,ARM,Armenia,2009,73,https://www.itftennis.com/tennis/api/PlayerRankApi/GetPlayerRankings?circuitCode=JT&playerTypeCode=G&ageCategoryCode=&juniorRankingType=itf&take=100&skip=1100&isOrderAscending=true,2026-09-07T23:39:15.926Z
2026-09-07,F,1121,800790035,Lara Wu,AUS,Australia,2012,72.75,https://www.itftennis.com/tennis/api/PlayerRankApi/GetPlayerRankings?circuitCode=JT&playerTypeCode=G&ageCategoryCode=&juniorRankingType=itf&take=100&skip=1100&isOrderAscending=true,2026-09-07T23:39:15.926Z
2026-09-07,F,1122,800674455,Matilde Novais,POR,Portugal,2009,72.75,https://www.itftennis.com/tennis/api/PlayerRankApi/GetPlayerRankings?circuitCode=JT&playerTypeCode=G&ageCategoryCode=&juniorRankingType=itf&take=100&skip=1100&isOrderAscending=true,2026-09-07T23:39:15.926Z
2026-09-07,F,1123,800814032,Dari Duskova,CZE,Czechia,2010,72.5,https://www.itftennis.com/tennis/api/PlayerRankApi/GetPlayerRankings?circuitCode=JT&playerTypeCode=G&ageCategoryCode=&juniorRankingType=itf&take=100&skip=1100&isOrderAscending=true,2026-09-07T23:39:15.926Z
2026-09-07,F,1124,800714295,Mila Angrave,GBR,Great Britain,2012,72.5,https://www.itftennis.com/tennis/api/PlayerRankApi/GetPlayerRankings?circuitCode=JT&playerTypeCode=G&ageCategoryCode=&juniorRankingType=itf&take=100&skip=1100&isOrderAscending=true,2026-09-07T23:39:15.926Z
2026-09-07,F,1125,800685081,Daniel Blustein,ISR,Israel,2011,72.25,https://www.itftennis.com/tennis/api/PlayerRankApi/GetPlayerRankings?circuitCode=JT&playerTypeCode=G&ageCategoryCode=&juniorRankingType=itf&take=100&skip=1100&isOrderAscending=true,2026-09-07T23:39:15.926Z
2026-09-07,F,1126,800717346,Han Frida Siu,HKG,"Hong Kong, China",2009,72.25,https://www.itftennis.com/tennis/api/PlayerRankApi/GetPlayerRankings?circuitCode=JT&playerTypeCode=G&ageCategoryCode=&juniorRankingType=itf&take=100&skip=1100&isOrderAscending=true,2026-09-07T23:39:15.926Z
2026-09-07,F,1127,800642838,Klara Stepankova,CZE,Czechia,2008,72,https://www.itftennis.com/tennis/api/PlayerRankApi/GetPlayerRankings?circuitCode=JT&playerTypeCode=G&ageCategoryCode=&juniorRankingType=itf&take=100&skip=1100&isOrderAscending=true,2026-09-07T23:39:15.926Z
2026-09-07,F,1128,800753084,Emme Gale,NZL,New Zealand,2011,71.75,https://www.itftennis.com/tennis/api/PlayerRankApi/GetPlayerRankings?circuitCode=JT&playerTypeCode=G&ageCategoryCode=&juniorRankingType=itf&take=100&skip=1100&isOrderAscending=true,2026-09-07T23:39:15.926Z
2026-09-07,F,1129,800720932,Laura Pedrotti de Oliveira Laura Pedrotti,BRA,Brazil,2008,71.75,https://www.itftennis.com/tennis/api/PlayerRankApi/GetPlayerRankings?circuitCode=JT&playerTypeCode=G&ageCategoryCode=&juniorRankingType=itf&take=100&skip=1100&isOrderAscending=true,2026-09-07T23:39:15.926Z
2026-09-07,F,1130,800725515,Taylor Burke,AUS,Australia,2009,71.75,https://www.itftennis.com/tennis/api/PlayerRankApi/GetPlayerRankings?circuitCode=JT&playerTypeCode=G&ageCategoryCode=&juniorRankingType=itf&take=100&skip=1100&isOrderAscending=true,2026-09-07T23:39:15.926Z
2026-09-07,F,1131,800696314,Sanmitha Harini Lokesh,IND,India,2010,71.75,https://www.itftennis.com/tennis/api/PlayerRankApi/GetPlayerRankings?circuitCode=JT&playerTypeCode=G&ageCategoryCode=&juniorRankingType=itf&take=100&skip=1100&isOrderAscending=true,2026-09-07T23:39:15.926Z
2026-09-07,F,1132,800720275,Maria Camila Velez Aristizabal,COL,Colombia,2010,71.75,https://www.itftennis.com/tennis/api/PlayerRankApi/GetPlayerRankings?circuitCode=JT&playerTypeCode=G&ageCategoryCode=&juniorRankingType=itf&take=100&skip=1100&isOrderAscending=true,2026-09-07T23:39:15.926Z
2026-09-07,F,1133,800635194,Sara Khamitova,KAZ,Kazakhstan,2009,71.5,https://www.itftennis.com/tennis/api/PlayerRankApi/GetPlayerRankings?circuitCode=JT&playerTypeCode=G&ageCategoryCode=&juniorRankingType=itf&take=100&skip=1100&isOrderAscending=true,2026-09-07T23:39:15.926Z
2026-09-07,F,1134,800656861,RIDDHI SHINDE,IND,India,2009,71.5,https://www.itftennis.com/tennis/api/PlayerRankApi/GetPlayerRankings?circuitCode=JT&playerTypeCode=G&ageCategoryCode=&juniorRankingType=itf&take=100&skip=1100&isOrderAscending=true,2026-09-07T23:39:15.926Z
2026-09-07,F,1135,800763081,Gabriela Guapindaia Soares,BRA,Brazil,2008,71.25,https://www.itftennis.com/tennis/api/PlayerRankApi/GetPlayerRankings?circuitCode=JT&playerTypeCode=G&ageCategoryCode=&juniorRankingType=itf&take=100&skip=1100&isOrderAscending=true,2026-09-07T23:39:15.926Z
2026-09-07,F,1136,800659896,Serife Pelin Sari,TUR,Turkiye,2009,71.25,https://www.itftennis.com/tennis/api/PlayerRankApi/GetPlayerRankings?circuitCode=JT&playerTypeCode=G&ageCategoryCode=&juniorRankingType=itf&take=100&skip=1100&isOrderAscending=true,2026-09-07T23:39:15.926Z
2026-09-07,F,1137,800870644,Yichen Xiu,CHN,"China, P.R.",2013,71.25,https://www.itftennis.com/tennis/api/PlayerRankApi/GetPlayerRankings?circuitCode=JT&playerTypeCode=G&ageCategoryCode=&juniorRankingType=itf&take=100&skip=1100&isOrderAscending=true,2026-09-07T23:39:15.926Z
2026-09-07,F,1138,800631884,Eva-Vlada Anicina-Dzhygurda,FRA,France,2010,71,https://www.itftennis.com/tennis/api/PlayerRankApi/GetPlayerRankings?circuitCode=JT&playerTypeCode=G&ageCategoryCode=&juniorRankingType=itf&take=100&skip=1100&isOrderAscending=true,2026-09-07T23:39:15.926Z
2026-09-07,F,1139,800781803,Yihan Liu,CHN,"China, P.R.",2011,70.5,https://www.itftennis.com/tennis/api/PlayerRankApi/GetPlayerRankings?circuitCode=JT&playerTypeCode=G&ageCategoryCode=&juniorRankingType=itf&take=100&skip=1100&isOrderAscending=true,2026-09-07T23:39:15.926Z
2026-09-07,F,1140,800645558,Rose Clifton,GBR,Great Britain,2009,70.25,https://www.itftennis.com/tennis/api/PlayerRankApi/GetPlayerRankings?circuitCode=JT&playerTypeCode=G&ageCategoryCode=&juniorRankingType=itf&take=100&skip=1100&isOrderAscending=true,2026-09-07T23:39:15.926Z
2026-09-07,F,1141,800623370,Sofia Glushenkova,RUS,Russia,2009,70.25,https://www.itftennis.com/tennis/api/PlayerRankApi/GetPlayerRankings?circuitCode=JT&playerTypeCode=G&ageCategoryCode=&juniorRankingType=itf&take=100&skip=1100&isOrderAscending=true,2026-09-07T23:39:15.926Z
2026-09-07,F,1142,800762825,Aaradhya Meena,IND,India,2011,70.25,https://www.itftennis.com/tennis/api/PlayerRankApi/GetPlayerRankings?circuitCode=JT&playerTypeCode=G&ageCategoryCode=&juniorRankingType=itf&take=100&skip=1100&isOrderAscending=true,2026-09-07T23:39:15.926Z
2026-09-07,F,1143,800676116,SOFIA FERNANDEZ FIGUERAS,ESP,Spain,2008,69.75,https://www.itftennis.com/tennis/api/PlayerRankApi/GetPlayerRankings?circuitCode=JT&playerTypeCode=G&ageCategoryCode=&juniorRankingType=itf&take=100&skip=1100&isOrderAscending=true,2026-09-07T23:39:15.926Z
2026-09-07,F,1144,800679085,Alexie Normandin,CAN,Canada,2008,69.75,https://www.itftennis.com/tennis/api/PlayerRankApi/GetPlayerRankings?circuitCode=JT&playerTypeCode=G&ageCategoryCode=&juniorRankingType=itf&take=100&skip=1100&isOrderAscending=true,2026-09-07T23:39:15.926Z
2026-09-07,F,1145,800685173,Ha-an Park,KOR,"Korea, Rep.",2010,69.75,https://www.itftennis.com/tennis/api/PlayerRankApi/GetPlayerRankings?circuitCode=JT&playerTypeCode=G&ageCategoryCode=&juniorRankingType=itf&take=100&skip=1100&isOrderAscending=true,2026-09-07T23:39:15.926Z
2026-09-07,F,1146,800595514,Daniella Clara Suryapranata,INA,Indonesia,2008,69.75,https://www.itftennis.com/tennis/api/PlayerRankApi/GetPlayerRankings?circuitCode=JT&playerTypeCode=G&ageCategoryCode=&juniorRankingType=itf&take=100&skip=1100&isOrderAscending=true,2026-09-07T23:39:15.926Z
2026-09-07,F,1147,800760436,Winner Gakpo,TOG,Togo,2010,69.75,https://www.itftennis.com/tennis/api/PlayerRankApi/GetPlayerRankings?circuitCode=JT&playerTypeCode=G&ageCategoryCode=&juniorRankingType=itf&take=100&skip=1100&isOrderAscending=true,2026-09-07T23:39:15.926Z
2026-09-07,F,1148,800656014,Lais Mika Shibata,BRA,Brazil,2008,69.5,https://www.itftennis.com/tennis/api/PlayerRankApi/GetPlayerRankings?circuitCode=JT&playerTypeCode=G&ageCategoryCode=&juniorRankingType=itf&take=100&skip=1100&isOrderAscending=true,2026-09-07T23:39:15.926Z
2026-09-07,F,1149,800743171,Clemence SCHNEIDER,FRA,France,2012,69.5,https://www.itftennis.com/tennis/api/PlayerRankApi/GetPlayerRankings?circuitCode=JT&playerTypeCode=G&ageCategoryCode=&juniorRankingType=itf&take=100&skip=1100&isOrderAscending=true,2026-09-07T23:39:15.926Z
2026-09-07,F,1150,800649863,Grace Chinwike,GBR,Great Britain,2009,69.5,https://www.itftennis.com/tennis/api/PlayerRankApi/GetPlayerRankings?circuitCode=JT&playerTypeCode=G&ageCategoryCode=&juniorRankingType=itf&take=100&skip=1100&isOrderAscending=true,2026-09-07T23:39:15.926Z
2026-09-07,F,1151,800706899,yasaman yazdani,IRI,Iran,2008,69.5,https://www.itftennis.com/tennis/api/PlayerRankApi/GetPlayerRankings?circuitCode=JT&playerTypeCode=G&ageCategoryCode=&juniorRankingType=itf&take=100&skip=1100&isOrderAscending=true,2026-09-07T23:39:15.926Z
2026-09-07,F,1152,800740521,Xiao Tang,CHN,"China, P.R.",2008,69.25,https://www.itftennis.com/tennis/api/PlayerRankApi/GetPlayerRankings?circuitCode=JT&playerTypeCode=G&ageCategoryCode=&juniorRankingType=itf&take=100&skip=1100&isOrderAscending=true,2026-09-07T23:39:15.926Z
2026-09-07,F,1153,800830813,Kira Russell,AUS,Australia,2012,69.25,https://www.itftennis.com/tennis/api/PlayerRankApi/GetPlayerRankings?circuitCode=JT&playerTypeCode=G&ageCategoryCode=&juniorRankingType=itf&take=100&skip=1100&isOrderAscending=true,2026-09-07T23:39:15.926Z
2026-09-07,F,1154,800596489,Romy Fohnen,BEL,Belgium,2008,69.25,https://www.itftennis.com/tennis/api/PlayerRankApi/GetPlayerRankings?circuitCode=JT&playerTypeCode=G&ageCategoryCode=&juniorRankingType=itf&take=100&skip=1100&isOrderAscending=true,2026-09-07T23:39:15.926Z
2026-09-07,F,1155,800675748,Sofia Streltsova,BEL,Belgium,2010,69.25,https://www.itftennis.com/tennis/api/PlayerRankApi/GetPlayerRankings?circuitCode=JT&playerTypeCode=G&ageCategoryCode=&juniorRankingType=itf&take=100&skip=1100&isOrderAscending=true,2026-09-07T23:39:15.926Z
2026-09-07,F,1156,800707320,PAWEENON NUALSRI,THA,Thailand,2011,69.25,https://www.itftennis.com/tennis/api/PlayerRankApi/GetPlayerRankings?circuitCode=JT&playerTypeCode=G&ageCategoryCode=&juniorRankingType=itf&take=100&skip=1100&isOrderAscending=true,2026-09-07T23:39:15.926Z
2026-09-07,F,1157,800775743,Xier Ai,CHN,"China, P.R.",2010,69.25,https://www.itftennis.com/tennis/api/PlayerRankApi/GetPlayerRankings?circuitCode=JT&playerTypeCode=G&ageCategoryCode=&juniorRankingType=itf&take=100&skip=1100&isOrderAscending=true,2026-09-07T23:39:15.926Z
2026-09-07,F,1158,800702697,Yuhansa Peiris,SRI,Sri Lanka,2010,69.25,https://www.itftennis.com/tennis/api/PlayerRankApi/GetPlayerRankings?circuitCode=JT&playerTypeCode=G&ageCategoryCode=&juniorRankingType=itf&take=100&skip=1100&isOrderAscending=true,2026-09-07T23:39:15.926Z
2026-09-07,F,1159,800645516,Aline Amsalem,ISR,Israel,2010,69,https://www.itftennis.com/tennis/api/PlayerRankApi/GetPlayerRankings?circuitCode=JT&playerTypeCode=G&ageCategoryCode=&juniorRankingType=itf&take=100&skip=1100&isOrderAscending=true,2026-09-07T23:39:15.926Z
2026-09-07,F,1160,800803427,Piper Johnson,USA,USA,2008,69,https://www.itftennis.com/tennis/api/PlayerRankApi/GetPlayerRankings?circuitCode=JT&playerTypeCode=G&ageCategoryCode=&juniorRankingType=itf&take=100&skip=1100&isOrderAscending=true,2026-09-07T23:39:15.926Z
2026-09-07,F,1161,800627080,Viktoria Egorova,RUS,Russia,2008,68.75,https://www.itftennis.com/tennis/api/PlayerRankApi/GetPlayerRankings?circuitCode=JT&playerTypeCode=G&ageCategoryCode=&juniorRankingType=itf&take=100&skip=1100&isOrderAscending=true,2026-09-07T23:39:15.926Z
2026-09-07,F,1162,800670230,Sofia Paukova,SVK,Slovakia,2008,68.75,https://www.itftennis.com/tennis/api/PlayerRankApi/GetPlayerRankings?circuitCode=JT&playerTypeCode=G&ageCategoryCode=&juniorRankingType=itf&take=100&skip=1100&isOrderAscending=true,2026-09-07T23:39:15.926Z
2026-09-07,F,1163,800797314,Yingxuan Zhong,CHN,"China, P.R.",2009,68.5,https://www.itftennis.com/tennis/api/PlayerRankApi/GetPlayerRankings?circuitCode=JT&playerTypeCode=G&ageCategoryCode=&juniorRankingType=itf&take=100&skip=1100&isOrderAscending=true,2026-09-07T23:39:15.926Z
2026-09-07,F,1164,800842980,Evija Thoresen,USA,USA,2012,68,https://www.itftennis.com/tennis/api/PlayerRankApi/GetPlayerRankings?circuitCode=JT&playerTypeCode=G&ageCategoryCode=&juniorRankingType=itf&take=100&skip=1100&isOrderAscending=true,2026-09-07T23:39:15.926Z
2026-09-07,F,1165,800668851,si ah kim,KOR,"Korea, Rep.",2010,68,https://www.itftennis.com/tennis/api/PlayerRankApi/GetPlayerRankings?circuitCode=JT&playerTypeCode=G&ageCategoryCode=&juniorRankingType=itf&take=100&skip=1100&isOrderAscending=true,2026-09-07T23:39:15.926Z
2026-09-07,F,1166,800795121,Anna Kulikova,RUS,Russia,2011,68,https://www.itftennis.com/tennis/api/PlayerRankApi/GetPlayerRankings?circuitCode=JT&playerTypeCode=G&ageCategoryCode=&juniorRankingType=itf&take=100&skip=1100&isOrderAscending=true,2026-09-07T23:39:15.926Z
2026-09-07,F,1167,800706853,Vittoria Medina,ITA,Italy,2009,67.75,https://www.itftennis.com/tennis/api/PlayerRankApi/GetPlayerRankings?circuitCode=JT&playerTypeCode=G&ageCategoryCode=&juniorRankingType=itf&take=100&skip=1100&isOrderAscending=true,2026-09-07T23:39:15.926Z
2026-09-07,F,1168,800806114,Quinn Sommer,USA,USA,2011,67.75,https://www.itftennis.com/tennis/api/PlayerRankApi/GetPlayerRankings?circuitCode=JT&playerTypeCode=G&ageCategoryCode=&juniorRankingType=itf&take=100&skip=1100&isOrderAscending=true,2026-09-07T23:39:15.926Z
2026-09-07,F,1169,800704178,Barbora Slavikova,CZE,Czechia,2008,67.75,https://www.itftennis.com/tennis/api/PlayerRankApi/GetPlayerRankings?circuitCode=JT&playerTypeCode=G&ageCategoryCode=&juniorRankingType=itf&take=100&skip=1100&isOrderAscending=true,2026-09-07T23:39:15.926Z
2026-09-07,F,1170,800713060,Beata Maresova,CZE,Czechia,2012,67.5,https://www.itftennis.com/tennis/api/PlayerRankApi/GetPlayerRankings?circuitCode=JT&playerTypeCode=G&ageCategoryCode=&juniorRankingType=itf&take=100&skip=1100&isOrderAscending=true,2026-09-07T23:39:15.926Z
2026-09-07,F,1171,800661745,Maria Malina Rosca,ROU,Romania,2010,67.25,https://www.itftennis.com/tennis/api/PlayerRankApi/GetPlayerRankings?circuitCode=JT&playerTypeCode=G&ageCategoryCode=&juniorRankingType=itf&take=100&skip=1100&isOrderAscending=true,2026-09-07T23:39:15.926Z
2026-09-07,F,1172,800723308,Romana Dekanova,SVK,Slovakia,2011,67.25,https://www.itftennis.com/tennis/api/PlayerRankApi/GetPlayerRankings?circuitCode=JT&playerTypeCode=G&ageCategoryCode=&juniorRankingType=itf&take=100&skip=1100&isOrderAscending=true,2026-09-07T23:39:15.926Z
2026-09-07,F,1173,800662618,Monika Gospodinova,BUL,Bulgaria,2009,67.25,https://www.itftennis.com/tennis/api/PlayerRankApi/GetPlayerRankings?circuitCode=JT&playerTypeCode=G&ageCategoryCode=&juniorRankingType=itf&take=100&skip=1100&isOrderAscending=true,2026-09-07T23:39:15.926Z
2026-09-07,F,1174,800725149,Artemis Anastasiadis,FRA,France,2012,67.25,https://www.itftennis.com/tennis/api/PlayerRankApi/GetPlayerRankings?circuitCode=JT&playerTypeCode=G&ageCategoryCode=&juniorRankingType=itf&take=100&skip=1100&isOrderAscending=true,2026-09-07T23:39:15.926Z
2026-09-07,F,1175,800810171,Megan Van Vuuren,RSA,South Africa,2011,67.25,https://www.itftennis.com/tennis/api/PlayerRankApi/GetPlayerRankings?circuitCode=JT&playerTypeCode=G&ageCategoryCode=&juniorRankingType=itf&take=100&skip=1100&isOrderAscending=true,2026-09-07T23:39:15.926Z
2026-09-07,F,1176,800690441,Francesca Fuzio,ITA,Italy,2010,67.25,https://www.itftennis.com/tennis/api/PlayerRankApi/GetPlayerRankings?circuitCode=JT&playerTypeCode=G&ageCategoryCode=&juniorRankingType=itf&take=100&skip=1100&isOrderAscending=true,2026-09-07T23:39:15.927Z
2026-09-07,F,1177,800705902,Paramee Tadkaew,THA,Thailand,2009,67,https://www.itftennis.com/tennis/api/PlayerRankApi/GetPlayerRankings?circuitCode=JT&playerTypeCode=G&ageCategoryCode=&juniorRankingType=itf&take=100&skip=1100&isOrderAscending=true,2026-09-07T23:39:15.927Z
2026-09-07,F,1178,800635944,Sophie Ehrenbergerova,CZE,Czechia,2008,67,https://www.itftennis.com/tennis/api/PlayerRankApi/GetPlayerRankings?circuitCode=JT&playerTypeCode=G&ageCategoryCode=&juniorRankingType=itf&take=100&skip=1100&isOrderAscending=true,2026-09-07T23:39:15.927Z
2026-09-07,F,1179,800660870,Gyuree Nam,KOR,"Korea, Rep.",2008,67,https://www.itftennis.com/tennis/api/PlayerRankApi/GetPlayerRankings?circuitCode=JT&playerTypeCode=G&ageCategoryCode=&juniorRankingType=itf&take=100&skip=1100&isOrderAscending=true,2026-09-07T23:39:15.927Z
2026-09-07,F,1180,800646843,Emma Lam Singh Maan,SGP,Singapore,2010,67,https://www.itftennis.com/tennis/api/PlayerRankApi/GetPlayerRankings?circuitCode=JT&playerTypeCode=G&ageCategoryCode=&juniorRankingType=itf&take=100&skip=1100&isOrderAscending=true,2026-09-07T23:39:15.927Z
2026-09-07,F,1181,800752387,Veronica Rabinovich,CAN,Canada,2011,67,https://www.itftennis.com/tennis/api/PlayerRankApi/GetPlayerRankings?circuitCode=JT&playerTypeCode=G&ageCategoryCode=&juniorRankingType=itf&take=100&skip=1100&isOrderAscending=true,2026-09-07T23:39:15.927Z
2026-09-07,F,1182,800756213,Monserrat Montano,MEX,Mexico,2010,66.75,https://www.itftennis.com/tennis/api/PlayerRankApi/GetPlayerRankings?circuitCode=JT&playerTypeCode=G&ageCategoryCode=&juniorRankingType=itf&take=100&skip=1100&isOrderAscending=true,2026-09-07T23:39:15.927Z
2026-09-07,F,1183,800713139,Michelle Agelvis,VEN,Venezuela,2008,66.75,https://www.itftennis.com/tennis/api/PlayerRankApi/GetPlayerRankings?circuitCode=JT&playerTypeCode=G&ageCategoryCode=&juniorRankingType=itf&take=100&skip=1100&isOrderAscending=true,2026-09-07T23:39:15.927Z
2026-09-07,F,1184,800655315,Camila de las Casas Caceres,PER,Peru,2009,66.5,https://www.itftennis.com/tennis/api/PlayerRankApi/GetPlayerRankings?circuitCode=JT&playerTypeCode=G&ageCategoryCode=&juniorRankingType=itf&take=100&skip=1100&isOrderAscending=true,2026-09-07T23:39:15.927Z
2026-09-07,F,1185,800725993,Bianca Maria Concetti,ITA,Italy,2010,66.5,https://www.itftennis.com/tennis/api/PlayerRankApi/GetPlayerRankings?circuitCode=JT&playerTypeCode=G&ageCategoryCode=&juniorRankingType=itf&take=100&skip=1100&isOrderAscending=true,2026-09-07T23:39:15.927Z
2026-09-07,F,1186,800759490,Helena Perrone Bento Alves,BRA,Brazil,2011,66.25,https://www.itftennis.com/tennis/api/PlayerRankApi/GetPlayerRankings?circuitCode=JT&playerTypeCode=G&ageCategoryCode=&juniorRankingType=itf&take=100&skip=1100&isOrderAscending=true,2026-09-07T23:39:15.927Z
2026-09-07,F,1187,800711122,Scarlett Foley,IRL,Ireland,2011,66.25,https://www.itftennis.com/tennis/api/PlayerRankApi/GetPlayerRankings?circuitCode=JT&playerTypeCode=G&ageCategoryCode=&juniorRankingType=itf&take=100&skip=1100&isOrderAscending=true,2026-09-07T23:39:15.927Z
2026-09-07,F,1188,800575412,Anastasia Efremova,RUS,Russia,2008,66,https://www.itftennis.com/tennis/api/PlayerRankApi/GetPlayerRankings?circuitCode=JT&playerTypeCode=G&ageCategoryCode=&juniorRankingType=itf&take=100&skip=1100&isOrderAscending=true,2026-09-07T23:39:15.927Z
2026-09-07,F,1189,800643332,Teodora Miron,ROU,Romania,2009,66,https://www.itftennis.com/tennis/api/PlayerRankApi/GetPlayerRankings?circuitCode=JT&playerTypeCode=G&ageCategoryCode=&juniorRankingType=itf&take=100&skip=1100&isOrderAscending=true,2026-09-07T23:39:15.927Z
2026-09-07,F,1190,800718983,Ambra Marsiletti,ARG,Argentina,2009,66,https://www.itftennis.com/tennis/api/PlayerRankApi/GetPlayerRankings?circuitCode=JT&playerTypeCode=G&ageCategoryCode=&juniorRankingType=itf&take=100&skip=1100&isOrderAscending=true,2026-09-07T23:39:15.927Z
2026-09-07,F,1191,800647609,Mika Schuster,ISR,Israel,2010,66,https://www.itftennis.com/tennis/api/PlayerRankApi/GetPlayerRankings?circuitCode=JT&playerTypeCode=G&ageCategoryCode=&juniorRankingType=itf&take=100&skip=1100&isOrderAscending=true,2026-09-07T23:39:15.927Z
2026-09-07,F,1192,800746293,Harsha Karthika Oruganti,IND,India,2011,65.75,https://www.itftennis.com/tennis/api/PlayerRankApi/GetPlayerRankings?circuitCode=JT&playerTypeCode=G&ageCategoryCode=&juniorRankingType=itf&take=100&skip=1100&isOrderAscending=true,2026-09-07T23:39:15.927Z
2026-09-07,F,1193,800670428,Danai Margariti,CYP,Cyprus,2010,65.75,https://www.itftennis.com/tennis/api/PlayerRankApi/GetPlayerRankings?circuitCode=JT&playerTypeCode=G&ageCategoryCode=&juniorRankingType=itf&take=100&skip=1100&isOrderAscending=true,2026-09-07T23:39:15.927Z
2026-09-07,F,1194,800745755,Camila Morataya,ESA,El Salvador,2011,65.75,https://www.itftennis.com/tennis/api/PlayerRankApi/GetPlayerRankings?circuitCode=JT&playerTypeCode=G&ageCategoryCode=&juniorRankingType=itf&take=100&skip=1100&isOrderAscending=true,2026-09-07T23:39:15.927Z
2026-09-07,F,1195,800691242,Eva Kozlova,RUS,Russia,2011,65.75,https://www.itftennis.com/tennis/api/PlayerRankApi/GetPlayerRankings?circuitCode=JT&playerTypeCode=G&ageCategoryCode=&juniorRankingType=itf&take=100&skip=1100&isOrderAscending=true,2026-09-07T23:39:15.927Z
2026-09-07,F,1196,800717291,Patricia Cruciat,ROU,Romania,2011,65.5,https://www.itftennis.com/tennis/api/PlayerRankApi/GetPlayerRankings?circuitCode=JT&playerTypeCode=G&ageCategoryCode=&juniorRankingType=itf&take=100&skip=1100&isOrderAscending=true,2026-09-07T23:39:15.927Z
2026-09-07,F,1197,800747746,Melany Esteban Gonzalez,ESP,Spain,2010,65.5,https://www.itftennis.com/tennis/api/PlayerRankApi/GetPlayerRankings?circuitCode=JT&playerTypeCode=G&ageCategoryCode=&juniorRankingType=itf&take=100&skip=1100&isOrderAscending=true,2026-09-07T23:39:15.927Z
2026-09-07,F,1198,800817219,Armani Nalavade,IND,India,2008,65.5,https://www.itftennis.com/tennis/api/PlayerRankApi/GetPlayerRankings?circuitCode=JT&playerTypeCode=G&ageCategoryCode=&juniorRankingType=itf&take=100&skip=1100&isOrderAscending=true,2026-09-07T23:39:15.927Z
2026-09-07,F,1199,800724824,Kate Murray,GBR,Great Britain,2012,65.25,https://www.itftennis.com/tennis/api/PlayerRankApi/GetPlayerRankings?circuitCode=JT&playerTypeCode=G&ageCategoryCode=&juniorRankingType=itf&take=100&skip=1100&isOrderAscending=true,2026-09-07T23:39:15.927Z
2026-09-07,F,1200,800655783,Viktoria Monge,ECU,Ecuador,2009,65,https://www.itftennis.com/tennis/api/PlayerRankApi/GetPlayerRankings?circuitCode=JT&playerTypeCode=G&ageCategoryCode=&juniorRankingType=itf&take=100&skip=1100&isOrderAscending=true,2026-09-07T23:39:15.927Z
2026-09-07,F,1201,800786587,Carmen Fuentes,GUA,Guatemala,2010,65,https://www.itftennis.com/tennis/api/PlayerRankApi/GetPlayerRankings?circuitCode=JT&playerTypeCode=G&ageCategoryCode=&juniorRankingType=itf&take=100&skip=1200&isOrderAscending=true,2026-09-07T23:39:19.473Z
2026-09-07,F,1202,800750465,Mingxi Qu,CHN,"China, P.R.",2010,65,https://www.itftennis.com/tennis/api/PlayerRankApi/GetPlayerRankings?circuitCode=JT&playerTypeCode=G&ageCategoryCode=&juniorRankingType=itf&take=100&skip=1200&isOrderAscending=true,2026-09-07T23:39:19.473Z
2026-09-07,F,1203,800736979,Anna Bashkatova,UKR,Ukraine,2010,65,https://www.itftennis.com/tennis/api/PlayerRankApi/GetPlayerRankings?circuitCode=JT&playerTypeCode=G&ageCategoryCode=&juniorRankingType=itf&take=100&skip=1200&isOrderAscending=true,2026-09-07T23:39:19.473Z
2026-09-07,F,1204,800670103,Lea Sabadi,AUT,Austria,2008,64.75,https://www.itftennis.com/tennis/api/PlayerRankApi/GetPlayerRankings?circuitCode=JT&playerTypeCode=G&ageCategoryCode=&juniorRankingType=itf&take=100&skip=1200&isOrderAscending=true,2026-09-07T23:39:19.473Z
2026-09-07,F,1205,800693838,Elin Kalmus,EST,Estonia,2011,64.75,https://www.itftennis.com/tennis/api/PlayerRankApi/GetPlayerRankings?circuitCode=JT&playerTypeCode=G&ageCategoryCode=&juniorRankingType=itf&take=100&skip=1200&isOrderAscending=true,2026-09-07T23:39:19.473Z
2026-09-07,F,1206,800703288,Maria Pares Bergnes de las Casas,ESP,Spain,2009,64.75,https://www.itftennis.com/tennis/api/PlayerRankApi/GetPlayerRankings?circuitCode=JT&playerTypeCode=G&ageCategoryCode=&juniorRankingType=itf&take=100&skip=1200&isOrderAscending=true,2026-09-07T23:39:19.473Z
2026-09-07,F,1207,800764894,Jia Hui,CHN,"China, P.R.",2010,64.75,https://www.itftennis.com/tennis/api/PlayerRankApi/GetPlayerRankings?circuitCode=JT&playerTypeCode=G&ageCategoryCode=&juniorRankingType=itf&take=100&skip=1200&isOrderAscending=true,2026-09-07T23:39:19.473Z
2026-09-07,F,1208,800639000,Daria Lokotkova,RUS,Russia,2009,64.75,https://www.itftennis.com/tennis/api/PlayerRankApi/GetPlayerRankings?circuitCode=JT&playerTypeCode=G&ageCategoryCode=&juniorRankingType=itf&take=100&skip=1200&isOrderAscending=true,2026-09-07T23:39:19.473Z
2026-09-07,F,1209,800683869,Aleksandra Kardum,CRO,Croatia,2010,64.5,https://www.itftennis.com/tennis/api/PlayerRankApi/GetPlayerRankings?circuitCode=JT&playerTypeCode=G&ageCategoryCode=&juniorRankingType=itf&take=100&skip=1200&isOrderAscending=true,2026-09-07T23:39:19.473Z
2026-09-07,F,1210,800782313,Lara Ramirez,PER,Peru,2010,64.5,https://www.itftennis.com/tennis/api/PlayerRankApi/GetPlayerRankings?circuitCode=JT&playerTypeCode=G&ageCategoryCode=&juniorRankingType=itf&take=100&skip=1200&isOrderAscending=true,2026-09-07T23:39:19.473Z
2026-09-07,F,1211,800823831,Zijun Miao,CHN,"China, P.R.",2012,64.5,https://www.itftennis.com/tennis/api/PlayerRankApi/GetPlayerRankings?circuitCode=JT&playerTypeCode=G&ageCategoryCode=&juniorRankingType=itf&take=100&skip=1200&isOrderAscending=true,2026-09-07T23:39:19.473Z
2026-09-07,F,1212,800655507,Lucie Koutova,CZE,Czechia,2008,64.25,https://www.itftennis.com/tennis/api/PlayerRankApi/GetPlayerRankings?circuitCode=JT&playerTypeCode=G&ageCategoryCode=&juniorRankingType=itf&take=100&skip=1200&isOrderAscending=true,2026-09-07T23:39:19.473Z
2026-09-07,F,1213,800706534,Katerina Halamova,CZE,Czechia,2008,64.25,https://www.itftennis.com/tennis/api/PlayerRankApi/GetPlayerRankings?circuitCode=JT&playerTypeCode=G&ageCategoryCode=&juniorRankingType=itf&take=100&skip=1200&isOrderAscending=true,2026-09-07T23:39:19.473Z
2026-09-07,F,1214,800751196,Martina Piccolo Nievas,ARG,Argentina,2011,64.25,https://www.itftennis.com/tennis/api/PlayerRankApi/GetPlayerRankings?circuitCode=JT&playerTypeCode=G&ageCategoryCode=&juniorRankingType=itf&take=100&skip=1200&isOrderAscending=true,2026-09-07T23:39:19.473Z
2026-09-07,F,1215,800723532,Saraswati Gowda,USA,USA,2011,64.25,https://www.itftennis.com/tennis/api/PlayerRankApi/GetPlayerRankings?circuitCode=JT&playerTypeCode=G&ageCategoryCode=&juniorRankingType=itf&take=100&skip=1200&isOrderAscending=true,2026-09-07T23:39:19.473Z
2026-09-07,F,1216,800709194,Takara Giles,RSA,South Africa,2008,64,https://www.itftennis.com/tennis/api/PlayerRankApi/GetPlayerRankings?circuitCode=JT&playerTypeCode=G&ageCategoryCode=&juniorRankingType=itf&take=100&skip=1200&isOrderAscending=true,2026-09-07T23:39:19.473Z
2026-09-07,F,1217,800735013,Julia Berke,POL,Poland,2011,64,https://www.itftennis.com/tennis/api/PlayerRankApi/GetPlayerRankings?circuitCode=JT&playerTypeCode=G&ageCategoryCode=&juniorRankingType=itf&take=100&skip=1200&isOrderAscending=true,2026-09-07T23:39:19.473Z
2026-09-07,F,1218,800738545,Yeva Husieva,UKR,Ukraine,2011,64,https://www.itftennis.com/tennis/api/PlayerRankApi/GetPlayerRankings?circuitCode=JT&playerTypeCode=G&ageCategoryCode=&juniorRankingType=itf&take=100&skip=1200&isOrderAscending=true,2026-09-07T23:39:19.473Z
2026-09-07,F,1219,800733378,Lilly Jedrzejak,POL,Poland,2011,63.75,https://www.itftennis.com/tennis/api/PlayerRankApi/GetPlayerRankings?circuitCode=JT&playerTypeCode=G&ageCategoryCode=&juniorRankingType=itf&take=100&skip=1200&isOrderAscending=true,2026-09-07T23:39:19.473Z
2026-09-07,F,1220,800747960,Elisa Andreea Cucu,ROU,Romania,2011,63.75,https://www.itftennis.com/tennis/api/PlayerRankApi/GetPlayerRankings?circuitCode=JT&playerTypeCode=G&ageCategoryCode=&juniorRankingType=itf&take=100&skip=1200&isOrderAscending=true,2026-09-07T23:39:19.473Z
2026-09-07,F,1221,800688403,Emna Gharbi,TUN,Tunisia,2008,63.5,https://www.itftennis.com/tennis/api/PlayerRankApi/GetPlayerRankings?circuitCode=JT&playerTypeCode=G&ageCategoryCode=&juniorRankingType=itf&take=100&skip=1200&isOrderAscending=true,2026-09-07T23:39:19.473Z
2026-09-07,F,1222,800692587,Nicole Alva,PER,Peru,2009,63.5,https://www.itftennis.com/tennis/api/PlayerRankApi/GetPlayerRankings?circuitCode=JT&playerTypeCode=G&ageCategoryCode=&juniorRankingType=itf&take=100&skip=1200&isOrderAscending=true,2026-09-07T23:39:19.473Z
2026-09-07,F,1223,800778456,Kexin Yu,CHN,"China, P.R.",2009,63.25,https://www.itftennis.com/tennis/api/PlayerRankApi/GetPlayerRankings?circuitCode=JT&playerTypeCode=G&ageCategoryCode=&juniorRankingType=itf&take=100&skip=1200&isOrderAscending=true,2026-09-07T23:39:19.473Z
2026-09-07,F,1224,800732125,Aiym Kanagatova,KAZ,Kazakhstan,2012,63.25,https://www.itftennis.com/tennis/api/PlayerRankApi/GetPlayerRankings?circuitCode=JT&playerTypeCode=G&ageCategoryCode=&juniorRankingType=itf&take=100&skip=1200&isOrderAscending=true,2026-09-07T23:39:19.473Z
2026-09-07,F,1225,800773280,Zihan Feng,CHN,"China, P.R.",2010,63.25,https://www.itftennis.com/tennis/api/PlayerRankApi/GetPlayerRankings?circuitCode=JT&playerTypeCode=G&ageCategoryCode=&juniorRankingType=itf&take=100&skip=1200&isOrderAscending=true,2026-09-07T23:39:19.473Z
2026-09-07,F,1226,800778109,Noor Elmalt,EGY,Egypt,2011,63,https://www.itftennis.com/tennis/api/PlayerRankApi/GetPlayerRankings?circuitCode=JT&playerTypeCode=G&ageCategoryCode=&juniorRankingType=itf&take=100&skip=1200&isOrderAscending=true,2026-09-07T23:39:19.473Z
2026-09-07,F,1227,800754100,Kenzy ahmad Abdalaziz,EGY,Egypt,2010,62.75,https://www.itftennis.com/tennis/api/PlayerRankApi/GetPlayerRankings?circuitCode=JT&playerTypeCode=G&ageCategoryCode=&juniorRankingType=itf&take=100&skip=1200&isOrderAscending=true,2026-09-07T23:39:19.473Z
2026-09-07,F,1228,800627275,Saina Jayesh Vaidya,SGP,Singapore,2009,62.75,https://www.itftennis.com/tennis/api/PlayerRankApi/GetPlayerRankings?circuitCode=JT&playerTypeCode=G&ageCategoryCode=&juniorRankingType=itf&take=100&skip=1200&isOrderAscending=true,2026-09-07T23:39:19.473Z
2026-09-07,F,1229,800739709,Ling Sum Kana Leung,HKG,"Hong Kong, China",2010,62.75,https://www.itftennis.com/tennis/api/PlayerRankApi/GetPlayerRankings?circuitCode=JT&playerTypeCode=G&ageCategoryCode=&juniorRankingType=itf&take=100&skip=1200&isOrderAscending=true,2026-09-07T23:39:19.473Z
2026-09-07,F,1230,800637041,Oliwia Kuszel,POL,Poland,2008,62.5,https://www.itftennis.com/tennis/api/PlayerRankApi/GetPlayerRankings?circuitCode=JT&playerTypeCode=G&ageCategoryCode=&juniorRankingType=itf&take=100&skip=1200&isOrderAscending=true,2026-09-07T23:39:19.473Z
2026-09-07,F,1231,800707462,Vianka Carreno Quintana,PER,Peru,2010,62.5,https://www.itftennis.com/tennis/api/PlayerRankApi/GetPlayerRankings?circuitCode=JT&playerTypeCode=G&ageCategoryCode=&juniorRankingType=itf&take=100&skip=1200&isOrderAscending=true,2026-09-07T23:39:19.473Z
2026-09-07,F,1232,800686415,Doga Ilhan,TUR,Turkiye,2011,62.5,https://www.itftennis.com/tennis/api/PlayerRankApi/GetPlayerRankings?circuitCode=JT&playerTypeCode=G&ageCategoryCode=&juniorRankingType=itf&take=100&skip=1200&isOrderAscending=true,2026-09-07T23:39:19.473Z
2026-09-07,F,1233,800787570,Luciana Chica,USA,USA,2010,62.5,https://www.itftennis.com/tennis/api/PlayerRankApi/GetPlayerRankings?circuitCode=JT&playerTypeCode=G&ageCategoryCode=&juniorRankingType=itf&take=100&skip=1200&isOrderAscending=true,2026-09-07T23:39:19.473Z
2026-09-07,F,1234,800640374,GURLEEN KAUR KHANUJA,IND,India,2008,62.5,https://www.itftennis.com/tennis/api/PlayerRankApi/GetPlayerRankings?circuitCode=JT&playerTypeCode=G&ageCategoryCode=&juniorRankingType=itf&take=100&skip=1200&isOrderAscending=true,2026-09-07T23:39:19.473Z
2026-09-07,F,1235,800774284,Agathe Dayer,SUI,Switzerland,2010,62.25,https://www.itftennis.com/tennis/api/PlayerRankApi/GetPlayerRankings?circuitCode=JT&playerTypeCode=G&ageCategoryCode=&juniorRankingType=itf&take=100&skip=1200&isOrderAscending=true,2026-09-07T23:39:19.473Z
2026-09-07,F,1236,800791798,Qige Yi,CHN,"China, P.R.",2011,62.25,https://www.itftennis.com/tennis/api/PlayerRankApi/GetPlayerRankings?circuitCode=JT&playerTypeCode=G&ageCategoryCode=&juniorRankingType=itf&take=100&skip=1200&isOrderAscending=true,2026-09-07T23:39:19.473Z
2026-09-07,F,1237,800711355,Mia Princip,AUS,Australia,2009,62.25,https://www.itftennis.com/tennis/api/PlayerRankApi/GetPlayerRankings?circuitCode=JT&playerTypeCode=G&ageCategoryCode=&juniorRankingType=itf&take=100&skip=1200&isOrderAscending=true,2026-09-07T23:39:19.473Z
2026-09-07,F,1238,800644091,Ceylin Konuralp,TUR,Turkiye,2009,62.25,https://www.itftennis.com/tennis/api/PlayerRankApi/GetPlayerRankings?circuitCode=JT&playerTypeCode=G&ageCategoryCode=&juniorRankingType=itf&take=100&skip=1200&isOrderAscending=true,2026-09-07T23:39:19.473Z
2026-09-07,F,1239,800737385,Ai Teng,CHN,"China, P.R.",2009,62.25,https://www.itftennis.com/tennis/api/PlayerRankApi/GetPlayerRankings?circuitCode=JT&playerTypeCode=G&ageCategoryCode=&juniorRankingType=itf&take=100&skip=1200&isOrderAscending=true,2026-09-07T23:39:19.473Z
2026-09-07,F,1240,800690884,Ambre LE PRUNENEC,FRA,France,2011,62.25,https://www.itftennis.com/tennis/api/PlayerRankApi/GetPlayerRankings?circuitCode=JT&playerTypeCode=G&ageCategoryCode=&juniorRankingType=itf&take=100&skip=1200&isOrderAscending=true,2026-09-07T23:39:19.474Z
2026-09-07,F,1241,800757681,Vera Iamina,RUS,Russia,2012,62.25,https://www.itftennis.com/tennis/api/PlayerRankApi/GetPlayerRankings?circuitCode=JT&playerTypeCode=G&ageCategoryCode=&juniorRankingType=itf&take=100&skip=1200&isOrderAscending=true,2026-09-07T23:39:19.474Z
2026-09-07,F,1242,800598137,Nina Pozdniak,RUS,Russia,2009,62,https://www.itftennis.com/tennis/api/PlayerRankApi/GetPlayerRankings?circuitCode=JT&playerTypeCode=G&ageCategoryCode=&juniorRankingType=itf&take=100&skip=1200&isOrderAscending=true,2026-09-07T23:39:19.474Z
2026-09-07,F,1243,800779354,Zhitong Chen,CHN,"China, P.R.",2008,62,https://www.itftennis.com/tennis/api/PlayerRankApi/GetPlayerRankings?circuitCode=JT&playerTypeCode=G&ageCategoryCode=&juniorRankingType=itf&take=100&skip=1200&isOrderAscending=true,2026-09-07T23:39:19.474Z
2026-09-07,F,1244,800594473,Ingrid Ioana Sanduleasa,ROU,Romania,2008,62,https://www.itftennis.com/tennis/api/PlayerRankApi/GetPlayerRankings?circuitCode=JT&playerTypeCode=G&ageCategoryCode=&juniorRankingType=itf&take=100&skip=1200&isOrderAscending=true,2026-09-07T23:39:19.474Z
2026-09-07,F,1245,800714363,Veronica Mavero,ITA,Italy,2009,61.75,https://www.itftennis.com/tennis/api/PlayerRankApi/GetPlayerRankings?circuitCode=JT&playerTypeCode=G&ageCategoryCode=&juniorRankingType=itf&take=100&skip=1200&isOrderAscending=true,2026-09-07T23:39:19.474Z
2026-09-07,F,1246,800661870,Sophia Santos,CRO,Croatia,2010,61.75,https://www.itftennis.com/tennis/api/PlayerRankApi/GetPlayerRankings?circuitCode=JT&playerTypeCode=G&ageCategoryCode=&juniorRankingType=itf&take=100&skip=1200&isOrderAscending=true,2026-09-07T23:39:19.474Z
2026-09-07,F,1247,800698078,Sorana Gheorghe,ROU,Romania,2011,61.75,https://www.itftennis.com/tennis/api/PlayerRankApi/GetPlayerRankings?circuitCode=JT&playerTypeCode=G&ageCategoryCode=&juniorRankingType=itf&take=100&skip=1200&isOrderAscending=true,2026-09-07T23:39:19.474Z
2026-09-07,F,1248,800707898,Margherita Ferretti,ITA,Italy,2010,61.75,https://www.itftennis.com/tennis/api/PlayerRankApi/GetPlayerRankings?circuitCode=JT&playerTypeCode=G&ageCategoryCode=&juniorRankingType=itf&take=100&skip=1200&isOrderAscending=true,2026-09-07T23:39:19.474Z
2026-09-07,F,1249,800653963,Daniela Esina,RUS,Russia,2010,61.5,https://www.itftennis.com/tennis/api/PlayerRankApi/GetPlayerRankings?circuitCode=JT&playerTypeCode=G&ageCategoryCode=&juniorRankingType=itf&take=100&skip=1200&isOrderAscending=true,2026-09-07T23:39:19.474Z
2026-09-07,F,1250,800781385,Saranya Agarwal,USA,USA,2011,61.5,https://www.itftennis.com/tennis/api/PlayerRankApi/GetPlayerRankings?circuitCode=JT&playerTypeCode=G&ageCategoryCode=&juniorRankingType=itf&take=100&skip=1200&isOrderAscending=true,2026-09-07T23:39:19.474Z
2026-09-07,F,1251,800706586,Raya Markova,BUL,Bulgaria,2011,61.5,https://www.itftennis.com/tennis/api/PlayerRankApi/GetPlayerRankings?circuitCode=JT&playerTypeCode=G&ageCategoryCode=&juniorRankingType=itf&take=100&skip=1200&isOrderAscending=true,2026-09-07T23:39:19.474Z
2026-09-07,F,1252,800644118,Maja Schweika,GER,Germany,2010,61.25,https://www.itftennis.com/tennis/api/PlayerRankApi/GetPlayerRankings?circuitCode=JT&playerTypeCode=G&ageCategoryCode=&juniorRankingType=itf&take=100&skip=1200&isOrderAscending=true,2026-09-07T23:39:19.474Z
2026-09-07,F,1253,800742427,Valentina Montero,CRC,Costa Rica,2010,61.25,https://www.itftennis.com/tennis/api/PlayerRankApi/GetPlayerRankings?circuitCode=JT&playerTypeCode=G&ageCategoryCode=&juniorRankingType=itf&take=100&skip=1200&isOrderAscending=true,2026-09-07T23:39:19.474Z
2026-09-07,F,1254,800597851,Yelena Lebeau,FRA,France,2009,61,https://www.itftennis.com/tennis/api/PlayerRankApi/GetPlayerRankings?circuitCode=JT&playerTypeCode=G&ageCategoryCode=&juniorRankingType=itf&take=100&skip=1200&isOrderAscending=true,2026-09-07T23:39:19.474Z
2026-09-07,F,1255,800718752,Milagros Belen Laino,ARG,Argentina,2009,61,https://www.itftennis.com/tennis/api/PlayerRankApi/GetPlayerRankings?circuitCode=JT&playerTypeCode=G&ageCategoryCode=&juniorRankingType=itf&take=100&skip=1200&isOrderAscending=true,2026-09-07T23:39:19.474Z
2026-09-07,F,1256,800773613,Luciana Ramirez Rosales,MEX,Mexico,2010,61,https://www.itftennis.com/tennis/api/PlayerRankApi/GetPlayerRankings?circuitCode=JT&playerTypeCode=G&ageCategoryCode=&juniorRankingType=itf&take=100&skip=1200&isOrderAscending=true,2026-09-07T23:39:19.474Z
2026-09-07,F,1257,800672259,Gaia Donati,ITA,Italy,2010,61,https://www.itftennis.com/tennis/api/PlayerRankApi/GetPlayerRankings?circuitCode=JT&playerTypeCode=G&ageCategoryCode=&juniorRankingType=itf&take=100&skip=1200&isOrderAscending=true,2026-09-07T23:39:19.474Z
2026-09-07,F,1258,800665539,Paulina Maier,AUT,Austria,2008,60.75,https://www.itftennis.com/tennis/api/PlayerRankApi/GetPlayerRankings?circuitCode=JT&playerTypeCode=G&ageCategoryCode=&juniorRankingType=itf&take=100&skip=1200&isOrderAscending=true,2026-09-07T23:39:19.474Z
2026-09-07,F,1259,800784455,Sara Sofia Lopez Gutierrez,COL,Colombia,2010,60.75,https://www.itftennis.com/tennis/api/PlayerRankApi/GetPlayerRankings?circuitCode=JT&playerTypeCode=G&ageCategoryCode=&juniorRankingType=itf&take=100&skip=1200&isOrderAscending=true,2026-09-07T23:39:19.474Z
2026-09-07,F,1260,800692201,Kira Ugolnikova,RUS,Russia,2011,60.75,https://www.itftennis.com/tennis/api/PlayerRankApi/GetPlayerRankings?circuitCode=JT&playerTypeCode=G&ageCategoryCode=&juniorRankingType=itf&take=100&skip=1200&isOrderAscending=true,2026-09-07T23:39:19.474Z
2026-09-07,F,1261,800661887,Saida Ismail,UAE,United Arab Emirates,2011,60.75,https://www.itftennis.com/tennis/api/PlayerRankApi/GetPlayerRankings?circuitCode=JT&playerTypeCode=G&ageCategoryCode=&juniorRankingType=itf&take=100&skip=1200&isOrderAscending=true,2026-09-07T23:39:19.474Z
2026-09-07,F,1262,800681459,Elnura Boltaboyeva,UZB,Uzbekistan,2010,60.5,https://www.itftennis.com/tennis/api/PlayerRankApi/GetPlayerRankings?circuitCode=JT&playerTypeCode=G&ageCategoryCode=&juniorRankingType=itf&take=100&skip=1200&isOrderAscending=true,2026-09-07T23:39:19.474Z
2026-09-07,F,1263,800778092,Nonna De Ribot Montaner,ESP,Spain,2011,60.5,https://www.itftennis.com/tennis/api/PlayerRankApi/GetPlayerRankings?circuitCode=JT&playerTypeCode=G&ageCategoryCode=&juniorRankingType=itf&take=100&skip=1200&isOrderAscending=true,2026-09-07T23:39:19.474Z
2026-09-07,F,1264,800677652,Abril Pajello,ARG,Argentina,2009,60.5,https://www.itftennis.com/tennis/api/PlayerRankApi/GetPlayerRankings?circuitCode=JT&playerTypeCode=G&ageCategoryCode=&juniorRankingType=itf&take=100&skip=1200&isOrderAscending=true,2026-09-07T23:39:19.474Z
2026-09-07,F,1265,800828624,Soo-Ah Byun,USA,USA,2011,60.5,https://www.itftennis.com/tennis/api/PlayerRankApi/GetPlayerRankings?circuitCode=JT&playerTypeCode=G&ageCategoryCode=&juniorRankingType=itf&take=100&skip=1200&isOrderAscending=true,2026-09-07T23:39:19.474Z
2026-09-07,F,1266,800656908,Jessica Laura Pabisiak,POL,Poland,2009,60.5,https://www.itftennis.com/tennis/api/PlayerRankApi/GetPlayerRankings?circuitCode=JT&playerTypeCode=G&ageCategoryCode=&juniorRankingType=itf&take=100&skip=1200&isOrderAscending=true,2026-09-07T23:39:19.474Z
2026-09-07,F,1267,800668639,Tegan Bush,GBR,Great Britain,2008,60,https://www.itftennis.com/tennis/api/PlayerRankApi/GetPlayerRankings?circuitCode=JT&playerTypeCode=G&ageCategoryCode=&juniorRankingType=itf&take=100&skip=1200&isOrderAscending=true,2026-09-07T23:39:19.474Z
2026-09-07,F,1268,800597456,Gala Ivanovic,SRB,Serbia,2008,60,https://www.itftennis.com/tennis/api/PlayerRankApi/GetPlayerRankings?circuitCode=JT&playerTypeCode=G&ageCategoryCode=&juniorRankingType=itf&take=100&skip=1200&isOrderAscending=true,2026-09-07T23:39:19.474Z
2026-09-07,F,1269,800697232,Kaitlyn Poon,AUS,Australia,2011,60,https://www.itftennis.com/tennis/api/PlayerRankApi/GetPlayerRankings?circuitCode=JT&playerTypeCode=G&ageCategoryCode=&juniorRankingType=itf&take=100&skip=1200&isOrderAscending=true,2026-09-07T23:39:19.474Z
2026-09-07,F,1270,800582537,Victoire Lansaman,FRA,France,2008,60,https://www.itftennis.com/tennis/api/PlayerRankApi/GetPlayerRankings?circuitCode=JT&playerTypeCode=G&ageCategoryCode=&juniorRankingType=itf&take=100&skip=1200&isOrderAscending=true,2026-09-07T23:39:19.474Z
2026-09-07,F,1270,800668262,Teodora Prisadnikova,GBR,Great Britain,2008,60,https://www.itftennis.com/tennis/api/PlayerRankApi/GetPlayerRankings?circuitCode=JT&playerTypeCode=G&ageCategoryCode=&juniorRankingType=itf&take=100&skip=1200&isOrderAscending=true,2026-09-07T23:39:19.474Z
2026-09-07,F,1272,800731211,Gabriella Chase,CAN,Canada,2011,60,https://www.itftennis.com/tennis/api/PlayerRankApi/GetPlayerRankings?circuitCode=JT&playerTypeCode=G&ageCategoryCode=&juniorRankingType=itf&take=100&skip=1200&isOrderAscending=true,2026-09-07T23:39:19.474Z
2026-09-07,F,1273,800587248,Ying Chi Chloe Wong,HKG,"Hong Kong, China",2009,60,https://www.itftennis.com/tennis/api/PlayerRankApi/GetPlayerRankings?circuitCode=JT&playerTypeCode=G&ageCategoryCode=&juniorRankingType=itf&take=100&skip=1200&isOrderAscending=true,2026-09-07T23:39:19.474Z
2026-09-07,F,1274,800749251,Maja Trojanowska,IRL,Ireland,2011,60,https://www.itftennis.com/tennis/api/PlayerRankApi/GetPlayerRankings?circuitCode=JT&playerTypeCode=G&ageCategoryCode=&juniorRankingType=itf&take=100&skip=1200&isOrderAscending=true,2026-09-07T23:39:19.474Z
2026-09-07,F,1275,800779048,Edurne Tortajada,ESP,Spain,2012,59.75,https://www.itftennis.com/tennis/api/PlayerRankApi/GetPlayerRankings?circuitCode=JT&playerTypeCode=G&ageCategoryCode=&juniorRankingType=itf&take=100&skip=1200&isOrderAscending=true,2026-09-07T23:39:19.474Z
2026-09-07,F,1276,800695461,Maria Jimenez Perez,ESP,Spain,2009,59.75,https://www.itftennis.com/tennis/api/PlayerRankApi/GetPlayerRankings?circuitCode=JT&playerTypeCode=G&ageCategoryCode=&juniorRankingType=itf&take=100&skip=1200&isOrderAscending=true,2026-09-07T23:39:19.474Z
2026-09-07,F,1277,800683053,KIKA LIMA,POR,Portugal,2010,59.75,https://www.itftennis.com/tennis/api/PlayerRankApi/GetPlayerRankings?circuitCode=JT&playerTypeCode=G&ageCategoryCode=&juniorRankingType=itf&take=100&skip=1200&isOrderAscending=true,2026-09-07T23:39:19.474Z
2026-09-07,F,1278,800705975,Amy Lu,CAN,Canada,2009,59.5,https://www.itftennis.com/tennis/api/PlayerRankApi/GetPlayerRankings?circuitCode=JT&playerTypeCode=G&ageCategoryCode=&juniorRankingType=itf&take=100&skip=1200&isOrderAscending=true,2026-09-07T23:39:19.474Z
2026-09-07,F,1279,800681552,Georgiana-Victoria Juchi,ROU,Romania,2009,59.5,https://www.itftennis.com/tennis/api/PlayerRankApi/GetPlayerRankings?circuitCode=JT&playerTypeCode=G&ageCategoryCode=&juniorRankingType=itf&take=100&skip=1200&isOrderAscending=true,2026-09-07T23:39:19.474Z
2026-09-07,F,1280,800626090,Polina Bershteyn,RUS,Russia,2008,59.5,https://www.itftennis.com/tennis/api/PlayerRankApi/GetPlayerRankings?circuitCode=JT&playerTypeCode=G&ageCategoryCode=&juniorRankingType=itf&take=100&skip=1200&isOrderAscending=true,2026-09-07T23:39:19.474Z
2026-09-07,F,1281,800732871,Tessa Puente,CAN,Canada,2011,59.5,https://www.itftennis.com/tennis/api/PlayerRankApi/GetPlayerRankings?circuitCode=JT&playerTypeCode=G&ageCategoryCode=&juniorRankingType=itf&take=100&skip=1200&isOrderAscending=true,2026-09-07T23:39:19.474Z
2026-09-07,F,1282,800601225,ISABELLA Giraldo,COL,Colombia,2008,59.5,https://www.itftennis.com/tennis/api/PlayerRankApi/GetPlayerRankings?circuitCode=JT&playerTypeCode=G&ageCategoryCode=&juniorRankingType=itf&take=100&skip=1200&isOrderAscending=true,2026-09-07T23:39:19.474Z
2026-09-07,F,1283,800690951,Paige Wygodzki,USA,USA,2008,59.25,https://www.itftennis.com/tennis/api/PlayerRankApi/GetPlayerRankings?circuitCode=JT&playerTypeCode=G&ageCategoryCode=&juniorRankingType=itf&take=100&skip=1200&isOrderAscending=true,2026-09-07T23:39:19.474Z
2026-09-07,F,1284,800636826,Vera Khrushchyk,BLR,Belarus,2009,59.25,https://www.itftennis.com/tennis/api/PlayerRankApi/GetPlayerRankings?circuitCode=JT&playerTypeCode=G&ageCategoryCode=&juniorRankingType=itf&take=100&skip=1200&isOrderAscending=true,2026-09-07T23:39:19.474Z
2026-09-07,F,1285,800694758,Kaia Giribalan,USA,USA,2008,59.25,https://www.itftennis.com/tennis/api/PlayerRankApi/GetPlayerRankings?circuitCode=JT&playerTypeCode=G&ageCategoryCode=&juniorRankingType=itf&take=100&skip=1200&isOrderAscending=true,2026-09-07T23:39:19.474Z
2026-09-07,F,1286,800594608,Sveva Sveva Fumagalli,ITA,Italy,2008,59.25,https://www.itftennis.com/tennis/api/PlayerRankApi/GetPlayerRankings?circuitCode=JT&playerTypeCode=G&ageCategoryCode=&juniorRankingType=itf&take=100&skip=1200&isOrderAscending=true,2026-09-07T23:39:19.474Z
2026-09-07,F,1287,800684495,Zofia Jaruga,POL,Poland,2009,59.25,https://www.itftennis.com/tennis/api/PlayerRankApi/GetPlayerRankings?circuitCode=JT&playerTypeCode=G&ageCategoryCode=&juniorRankingType=itf&take=100&skip=1200&isOrderAscending=true,2026-09-07T23:39:19.474Z
2026-09-07,F,1288,800799793,Renata Janoviakova,CZE,Czechia,2010,59.25,https://www.itftennis.com/tennis/api/PlayerRankApi/GetPlayerRankings?circuitCode=JT&playerTypeCode=G&ageCategoryCode=&juniorRankingType=itf&take=100&skip=1200&isOrderAscending=true,2026-09-07T23:39:19.474Z
2026-09-07,F,1289,800746205,Jaiya Siffrard,USA,USA,2010,59.25,https://www.itftennis.com/tennis/api/PlayerRankApi/GetPlayerRankings?circuitCode=JT&playerTypeCode=G&ageCategoryCode=&juniorRankingType=itf&take=100&skip=1200&isOrderAscending=true,2026-09-07T23:39:19.474Z
2026-09-07,F,1290,800682374,Ella Moeller Wilstrup,DEN,Denmark,2010,59.25,https://www.itftennis.com/tennis/api/PlayerRankApi/GetPlayerRankings?circuitCode=JT&playerTypeCode=G&ageCategoryCode=&juniorRankingType=itf&take=100&skip=1200&isOrderAscending=true,2026-09-07T23:39:19.474Z
2026-09-07,F,1291,800665647,Milana Rasan-Buha,CRO,Croatia,2009,59.25,https://www.itftennis.com/tennis/api/PlayerRankApi/GetPlayerRankings?circuitCode=JT&playerTypeCode=G&ageCategoryCode=&juniorRankingType=itf&take=100&skip=1200&isOrderAscending=true,2026-09-07T23:39:19.474Z
2026-09-07,F,1292,800770333,Leonie Schauer,AUT,Austria,2010,59,https://www.itftennis.com/tennis/api/PlayerRankApi/GetPlayerRankings?circuitCode=JT&playerTypeCode=G&ageCategoryCode=&juniorRankingType=itf&take=100&skip=1200&isOrderAscending=true,2026-09-07T23:39:19.474Z
2026-09-07,F,1293,800588414,Tara Vidan,CRO,Croatia,2008,59,https://www.itftennis.com/tennis/api/PlayerRankApi/GetPlayerRankings?circuitCode=JT&playerTypeCode=G&ageCategoryCode=&juniorRankingType=itf&take=100&skip=1200&isOrderAscending=true,2026-09-07T23:39:19.474Z
2026-09-07,F,1294,800684482,Kristina Overina,RUS,Russia,2010,58.75,https://www.itftennis.com/tennis/api/PlayerRankApi/GetPlayerRankings?circuitCode=JT&playerTypeCode=G&ageCategoryCode=&juniorRankingType=itf&take=100&skip=1200&isOrderAscending=true,2026-09-07T23:39:19.474Z
2026-09-07,F,1295,800583993,Beatrice Cocomazzi,ITA,Italy,2008,58.75,https://www.itftennis.com/tennis/api/PlayerRankApi/GetPlayerRankings?circuitCode=JT&playerTypeCode=G&ageCategoryCode=&juniorRankingType=itf&take=100&skip=1200&isOrderAscending=true,2026-09-07T23:39:19.474Z
2026-09-07,F,1296,800764428,Autumn Xu,USA,USA,2009,58.75,https://www.itftennis.com/tennis/api/PlayerRankApi/GetPlayerRankings?circuitCode=JT&playerTypeCode=G&ageCategoryCode=&juniorRankingType=itf&take=100&skip=1200&isOrderAscending=true,2026-09-07T23:39:19.474Z
2026-09-07,F,1297,800777308,Iman Bajramovic,CAN,Canada,2009,58.5,https://www.itftennis.com/tennis/api/PlayerRankApi/GetPlayerRankings?circuitCode=JT&playerTypeCode=G&ageCategoryCode=&juniorRankingType=itf&take=100&skip=1200&isOrderAscending=true,2026-09-07T23:39:19.474Z
2026-09-07,F,1298,800836533,Gwendolyn Duvor Klu,GHA,Ghana,2009,58.5,https://www.itftennis.com/tennis/api/PlayerRankApi/GetPlayerRankings?circuitCode=JT&playerTypeCode=G&ageCategoryCode=&juniorRankingType=itf&take=100&skip=1200&isOrderAscending=true,2026-09-07T23:39:19.474Z
2026-09-07,F,1299,800665417,Diletta DAmico,ITA,Italy,2009,58.25,https://www.itftennis.com/tennis/api/PlayerRankApi/GetPlayerRankings?circuitCode=JT&playerTypeCode=G&ageCategoryCode=&juniorRankingType=itf&take=100&skip=1200&isOrderAscending=true,2026-09-07T23:39:19.474Z
2026-09-07,F,1300,800758244,yu-an lu,TPE,Chinese Taipei,2010,58.25,https://www.itftennis.com/tennis/api/PlayerRankApi/GetPlayerRankings?circuitCode=JT&playerTypeCode=G&ageCategoryCode=&juniorRankingType=itf&take=100&skip=1200&isOrderAscending=true,2026-09-07T23:39:19.474Z
2026-09-07,F,1301,800825409,Ayumi Ito,AUS,Australia,2012,58,https://www.itftennis.com/tennis/api/PlayerRankApi/GetPlayerRankings?circuitCode=JT&playerTypeCode=G&ageCategoryCode=&juniorRankingType=itf&take=100&skip=1300&isOrderAscending=true,2026-09-07T23:39:23.091Z
2026-09-07,F,1302,800762965,Lauren Nolan,USA,USA,2008,58,https://www.itftennis.com/tennis/api/PlayerRankApi/GetPlayerRankings?circuitCode=JT&playerTypeCode=G&ageCategoryCode=&juniorRankingType=itf&take=100&skip=1300&isOrderAscending=true,2026-09-07T23:39:23.091Z
2026-09-07,F,1303,800825798,Zuzana Langasova,CZE,Czechia,2011,58,https://www.itftennis.com/tennis/api/PlayerRankApi/GetPlayerRankings?circuitCode=JT&playerTypeCode=G&ageCategoryCode=&juniorRankingType=itf&take=100&skip=1300&isOrderAscending=true,2026-09-07T23:39:23.091Z
2026-09-07,F,1304,800660663,Elay Hallaji zahmatkesh,IRI,Iran,2008,58,https://www.itftennis.com/tennis/api/PlayerRankApi/GetPlayerRankings?circuitCode=JT&playerTypeCode=G&ageCategoryCode=&juniorRankingType=itf&take=100&skip=1300&isOrderAscending=true,2026-09-07T23:39:23.091Z
2026-09-07,F,1305,800709551,Mia Slatina,AUS,Australia,2010,57.75,https://www.itftennis.com/tennis/api/PlayerRankApi/GetPlayerRankings?circuitCode=JT&playerTypeCode=G&ageCategoryCode=&juniorRankingType=itf&take=100&skip=1300&isOrderAscending=true,2026-09-07T23:39:23.091Z
2026-09-07,F,1306,800712053,Jennifer Ott,AUS,Australia,2010,57.75,https://www.itftennis.com/tennis/api/PlayerRankApi/GetPlayerRankings?circuitCode=JT&playerTypeCode=G&ageCategoryCode=&juniorRankingType=itf&take=100&skip=1300&isOrderAscending=true,2026-09-07T23:39:23.091Z
2026-09-07,F,1307,800667510,Anna Kazinjan,EST,Estonia,2010,57.75,https://www.itftennis.com/tennis/api/PlayerRankApi/GetPlayerRankings?circuitCode=JT&playerTypeCode=G&ageCategoryCode=&juniorRankingType=itf&take=100&skip=1300&isOrderAscending=true,2026-09-07T23:39:23.091Z
2026-09-07,F,1308,800587820,Elisabetta Allegra,ITA,Italy,2008,57.75,https://www.itftennis.com/tennis/api/PlayerRankApi/GetPlayerRankings?circuitCode=JT&playerTypeCode=G&ageCategoryCode=&juniorRankingType=itf&take=100&skip=1300&isOrderAscending=true,2026-09-07T23:39:23.091Z
2026-09-07,F,1309,800738396,Sophia Osipova,USA,USA,2010,57.75,https://www.itftennis.com/tennis/api/PlayerRankApi/GetPlayerRankings?circuitCode=JT&playerTypeCode=G&ageCategoryCode=&juniorRankingType=itf&take=100&skip=1300&isOrderAscending=true,2026-09-07T23:39:23.091Z
2026-09-07,F,1310,800672954,Nathalie Charlize Miskovsky,CZE,Czechia,2011,57.75,https://www.itftennis.com/tennis/api/PlayerRankApi/GetPlayerRankings?circuitCode=JT&playerTypeCode=G&ageCategoryCode=&juniorRankingType=itf&take=100&skip=1300&isOrderAscending=true,2026-09-07T23:39:23.091Z
2026-09-07,F,1311,800705909,Rebecca Gurghean,ITA,Italy,2010,57.5,https://www.itftennis.com/tennis/api/PlayerRankApi/GetPlayerRankings?circuitCode=JT&playerTypeCode=G&ageCategoryCode=&juniorRankingType=itf&take=100&skip=1300&isOrderAscending=true,2026-09-07T23:39:23.091Z
2026-09-07,F,1312,800667246,Lara Savic,GBR,Great Britain,2009,57.25,https://www.itftennis.com/tennis/api/PlayerRankApi/GetPlayerRankings?circuitCode=JT&playerTypeCode=G&ageCategoryCode=&juniorRankingType=itf&take=100&skip=1300&isOrderAscending=true,2026-09-07T23:39:23.091Z
2026-09-07,F,1313,800756644,Marta Karas,BLR,Belarus,2012,57.25,https://www.itftennis.com/tennis/api/PlayerRankApi/GetPlayerRankings?circuitCode=JT&playerTypeCode=G&ageCategoryCode=&juniorRankingType=itf&take=100&skip=1300&isOrderAscending=true,2026-09-07T23:39:23.091Z
2026-09-07,F,1314,800760754,Emy Gauvin,CAN,Canada,2009,57.25,https://www.itftennis.com/tennis/api/PlayerRankApi/GetPlayerRankings?circuitCode=JT&playerTypeCode=G&ageCategoryCode=&juniorRankingType=itf&take=100&skip=1300&isOrderAscending=true,2026-09-07T23:39:23.091Z
2026-09-07,F,1315,800694705,Katerina Foldova,CZE,Czechia,2010,57.25,https://www.itftennis.com/tennis/api/PlayerRankApi/GetPlayerRankings?circuitCode=JT&playerTypeCode=G&ageCategoryCode=&juniorRankingType=itf&take=100&skip=1300&isOrderAscending=true,2026-09-07T23:39:23.091Z
2026-09-07,F,1316,800741741,Yishan Xu,CHN,"China, P.R.",2010,57.25,https://www.itftennis.com/tennis/api/PlayerRankApi/GetPlayerRankings?circuitCode=JT&playerTypeCode=G&ageCategoryCode=&juniorRankingType=itf&take=100&skip=1300&isOrderAscending=true,2026-09-07T23:39:23.091Z
2026-09-07,F,1317,800766610,Tatum Venter,RSA,South Africa,2010,57.25,https://www.itftennis.com/tennis/api/PlayerRankApi/GetPlayerRankings?circuitCode=JT&playerTypeCode=G&ageCategoryCode=&juniorRankingType=itf&take=100&skip=1300&isOrderAscending=true,2026-09-07T23:39:23.091Z
2026-09-07,F,1318,800656608,Despoina Koskina,GRE,Greece,2008,57,https://www.itftennis.com/tennis/api/PlayerRankApi/GetPlayerRankings?circuitCode=JT&playerTypeCode=G&ageCategoryCode=&juniorRankingType=itf&take=100&skip=1300&isOrderAscending=true,2026-09-07T23:39:23.091Z
2026-09-07,F,1319,800799228,Hanyu Wang,CHN,"China, P.R.",2010,57,https://www.itftennis.com/tennis/api/PlayerRankApi/GetPlayerRankings?circuitCode=JT&playerTypeCode=G&ageCategoryCode=&juniorRankingType=itf&take=100&skip=1300&isOrderAscending=true,2026-09-07T23:39:23.091Z
2026-09-07,F,1320,800844783,Alissa Jean-Baptiste,USA,USA,2010,57,https://www.itftennis.com/tennis/api/PlayerRankApi/GetPlayerRankings?circuitCode=JT&playerTypeCode=G&ageCategoryCode=&juniorRankingType=itf&take=100&skip=1300&isOrderAscending=true,2026-09-07T23:39:23.091Z
2026-09-07,F,1321,800766434,Olivia Frauchiger,SUI,Switzerland,2010,56.75,https://www.itftennis.com/tennis/api/PlayerRankApi/GetPlayerRankings?circuitCode=JT&playerTypeCode=G&ageCategoryCode=&juniorRankingType=itf&take=100&skip=1300&isOrderAscending=true,2026-09-07T23:39:23.091Z
2026-09-07,F,1322,800695373,Gabriana Muela,URU,Uruguay,2009,56.75,https://www.itftennis.com/tennis/api/PlayerRankApi/GetPlayerRankings?circuitCode=JT&playerTypeCode=G&ageCategoryCode=&juniorRankingType=itf&take=100&skip=1300&isOrderAscending=true,2026-09-07T23:39:23.091Z
2026-09-07,F,1323,800711878,Isabella Pisarczyk,USA,USA,2008,56.5,https://www.itftennis.com/tennis/api/PlayerRankApi/GetPlayerRankings?circuitCode=JT&playerTypeCode=G&ageCategoryCode=&juniorRankingType=itf&take=100&skip=1300&isOrderAscending=true,2026-09-07T23:39:23.091Z
2026-09-07,F,1324,800784877,Jasmin Heapes,AUS,Australia,2010,56.5,https://www.itftennis.com/tennis/api/PlayerRankApi/GetPlayerRankings?circuitCode=JT&playerTypeCode=G&ageCategoryCode=&juniorRankingType=itf&take=100&skip=1300&isOrderAscending=true,2026-09-07T23:39:23.091Z
2026-09-07,F,1325,800660852,Tinatini Mtvarelishvili,GEO,Georgia,2009,56.5,https://www.itftennis.com/tennis/api/PlayerRankApi/GetPlayerRankings?circuitCode=JT&playerTypeCode=G&ageCategoryCode=&juniorRankingType=itf&take=100&skip=1300&isOrderAscending=true,2026-09-07T23:39:23.091Z
2026-09-07,F,1326,800755253,mengxi sun,CHN,"China, P.R.",2012,56.5,https://www.itftennis.com/tennis/api/PlayerRankApi/GetPlayerRankings?circuitCode=JT&playerTypeCode=G&ageCategoryCode=&juniorRankingType=itf&take=100&skip=1300&isOrderAscending=true,2026-09-07T23:39:23.091Z
2026-09-07,F,1327,800640096,Safina Safiulina,KAZ,Kazakhstan,2009,56.5,https://www.itftennis.com/tennis/api/PlayerRankApi/GetPlayerRankings?circuitCode=JT&playerTypeCode=G&ageCategoryCode=&juniorRankingType=itf&take=100&skip=1300&isOrderAscending=true,2026-09-07T23:39:23.091Z
2026-09-07,F,1328,800687454,Farah Rebai,TUN,Tunisia,2008,56.5,https://www.itftennis.com/tennis/api/PlayerRankApi/GetPlayerRankings?circuitCode=JT&playerTypeCode=G&ageCategoryCode=&juniorRankingType=itf&take=100&skip=1300&isOrderAscending=true,2026-09-07T23:39:23.091Z
2026-09-07,F,1329,800678011,Josefina Lopez,ARG,Argentina,2008,56.25,https://www.itftennis.com/tennis/api/PlayerRankApi/GetPlayerRankings?circuitCode=JT&playerTypeCode=G&ageCategoryCode=&juniorRankingType=itf&take=100&skip=1300&isOrderAscending=true,2026-09-07T23:39:23.091Z
2026-09-07,F,1330,800786198,Hinata Morishita,JPN,Japan,2010,56.25,https://www.itftennis.com/tennis/api/PlayerRankApi/GetPlayerRankings?circuitCode=JT&playerTypeCode=G&ageCategoryCode=&juniorRankingType=itf&take=100&skip=1300&isOrderAscending=true,2026-09-07T23:39:23.091Z
2026-09-07,F,1331,800732186,Aksiniia Velikolug,RUS,Russia,2012,56.25,https://www.itftennis.com/tennis/api/PlayerRankApi/GetPlayerRankings?circuitCode=JT&playerTypeCode=G&ageCategoryCode=&juniorRankingType=itf&take=100&skip=1300&isOrderAscending=true,2026-09-07T23:39:23.091Z
2026-09-07,F,1332,800675688,Tahlia Kokkinis,AUS,Australia,2008,56.25,https://www.itftennis.com/tennis/api/PlayerRankApi/GetPlayerRankings?circuitCode=JT&playerTypeCode=G&ageCategoryCode=&juniorRankingType=itf&take=100&skip=1300&isOrderAscending=true,2026-09-07T23:39:23.091Z
2026-09-07,F,1332,800636563,Lea Nilsson,SWE,Sweden,2008,56.25,https://www.itftennis.com/tennis/api/PlayerRankApi/GetPlayerRankings?circuitCode=JT&playerTypeCode=G&ageCategoryCode=&juniorRankingType=itf&take=100&skip=1300&isOrderAscending=true,2026-09-07T23:39:23.091Z
2026-09-07,F,1334,800837168,Angel Maria Chakanyuka,BOT,Botswana,2012,56,https://www.itftennis.com/tennis/api/PlayerRankApi/GetPlayerRankings?circuitCode=JT&playerTypeCode=G&ageCategoryCode=&juniorRankingType=itf&take=100&skip=1300&isOrderAscending=true,2026-09-07T23:39:23.091Z
2026-09-07,F,1335,800668244,Gabby Read,GBR,Great Britain,2009,56,https://www.itftennis.com/tennis/api/PlayerRankApi/GetPlayerRankings?circuitCode=JT&playerTypeCode=G&ageCategoryCode=&juniorRankingType=itf&take=100&skip=1300&isOrderAscending=true,2026-09-07T23:39:23.091Z
2026-09-07,F,1336,800745419,Tejaswi Manneni,IND,India,2010,56,https://www.itftennis.com/tennis/api/PlayerRankApi/GetPlayerRankings?circuitCode=JT&playerTypeCode=G&ageCategoryCode=&juniorRankingType=itf&take=100&skip=1300&isOrderAscending=true,2026-09-07T23:39:23.091Z
2026-09-07,F,1337,800663260,Diya Chaudhary,IND,India,2009,55.75,https://www.itftennis.com/tennis/api/PlayerRankApi/GetPlayerRankings?circuitCode=JT&playerTypeCode=G&ageCategoryCode=&juniorRankingType=itf&take=100&skip=1300&isOrderAscending=true,2026-09-07T23:39:23.091Z
2026-09-07,F,1338,800800292,Yui Yamagiwa,JPN,Japan,2011,55.75,https://www.itftennis.com/tennis/api/PlayerRankApi/GetPlayerRankings?circuitCode=JT&playerTypeCode=G&ageCategoryCode=&juniorRankingType=itf&take=100&skip=1300&isOrderAscending=true,2026-09-07T23:39:23.091Z
2026-09-07,F,1339,800694802,CHARIKLEIA ZINA,GRE,Greece,2010,55.75,https://www.itftennis.com/tennis/api/PlayerRankApi/GetPlayerRankings?circuitCode=JT&playerTypeCode=G&ageCategoryCode=&juniorRankingType=itf&take=100&skip=1300&isOrderAscending=true,2026-09-07T23:39:23.091Z
2026-09-07,F,1340,800707121,Clarissa Santi,ITA,Italy,2010,55.75,https://www.itftennis.com/tennis/api/PlayerRankApi/GetPlayerRankings?circuitCode=JT&playerTypeCode=G&ageCategoryCode=&juniorRankingType=itf&take=100&skip=1300&isOrderAscending=true,2026-09-07T23:39:23.091Z
2026-09-07,F,1341,800733525,Adwita Das Banerjee,IND,India,2012,55.75,https://www.itftennis.com/tennis/api/PlayerRankApi/GetPlayerRankings?circuitCode=JT&playerTypeCode=G&ageCategoryCode=&juniorRankingType=itf&take=100&skip=1300&isOrderAscending=true,2026-09-07T23:39:23.091Z
2026-09-07,F,1342,800586390,Eunjin Ryu,KOR,"Korea, Rep.",2008,55.5,https://www.itftennis.com/tennis/api/PlayerRankApi/GetPlayerRankings?circuitCode=JT&playerTypeCode=G&ageCategoryCode=&juniorRankingType=itf&take=100&skip=1300&isOrderAscending=true,2026-09-07T23:39:23.091Z
2026-09-07,F,1343,800630596,Carolina Correia,POR,Portugal,2008,55.5,https://www.itftennis.com/tennis/api/PlayerRankApi/GetPlayerRankings?circuitCode=JT&playerTypeCode=G&ageCategoryCode=&juniorRankingType=itf&take=100&skip=1300&isOrderAscending=true,2026-09-07T23:39:23.091Z
2026-09-07,F,1344,800588615,Viktorija Visocanska,LAT,Latvia,2008,55.5,https://www.itftennis.com/tennis/api/PlayerRankApi/GetPlayerRankings?circuitCode=JT&playerTypeCode=G&ageCategoryCode=&juniorRankingType=itf&take=100&skip=1300&isOrderAscending=true,2026-09-07T23:39:23.091Z
2026-09-07,F,1345,800790095,Goodnews Eyinjuoluwa Aina,NGR,Nigeria,2011,55.5,https://www.itftennis.com/tennis/api/PlayerRankApi/GetPlayerRankings?circuitCode=JT&playerTypeCode=G&ageCategoryCode=&juniorRankingType=itf&take=100&skip=1300&isOrderAscending=true,2026-09-07T23:39:23.091Z
2026-09-07,F,1346,800667792,Sofiia Ziukyna,UKR,Ukraine,2009,55.25,https://www.itftennis.com/tennis/api/PlayerRankApi/GetPlayerRankings?circuitCode=JT&playerTypeCode=G&ageCategoryCode=&juniorRankingType=itf&take=100&skip=1300&isOrderAscending=true,2026-09-07T23:39:23.091Z
2026-09-07,F,1347,800591686,Johanna Andrea Corciova,AUT,Austria,2008,55.25,https://www.itftennis.com/tennis/api/PlayerRankApi/GetPlayerRankings?circuitCode=JT&playerTypeCode=G&ageCategoryCode=&juniorRankingType=itf&take=100&skip=1300&isOrderAscending=true,2026-09-07T23:39:23.091Z
2026-09-07,F,1348,800685012,Lisa-Marie Du Toit,RSA,South Africa,2008,55.25,https://www.itftennis.com/tennis/api/PlayerRankApi/GetPlayerRankings?circuitCode=JT&playerTypeCode=G&ageCategoryCode=&juniorRankingType=itf&take=100&skip=1300&isOrderAscending=true,2026-09-07T23:39:23.091Z
2026-09-07,F,1349,800741707,Mirka Delaney,CAN,Canada,2009,55,https://www.itftennis.com/tennis/api/PlayerRankApi/GetPlayerRankings?circuitCode=JT&playerTypeCode=G&ageCategoryCode=&juniorRankingType=itf&take=100&skip=1300&isOrderAscending=true,2026-09-07T23:39:23.091Z
2026-09-07,F,1350,800714569,Triana Tocon,PER,Peru,2011,55,https://www.itftennis.com/tennis/api/PlayerRankApi/GetPlayerRankings?circuitCode=JT&playerTypeCode=G&ageCategoryCode=&juniorRankingType=itf&take=100&skip=1300&isOrderAscending=true,2026-09-07T23:39:23.091Z
2026-09-07,F,1351,800732316,Milana Iureva,RUS,Russia,2012,55,https://www.itftennis.com/tennis/api/PlayerRankApi/GetPlayerRankings?circuitCode=JT&playerTypeCode=G&ageCategoryCode=&juniorRankingType=itf&take=100&skip=1300&isOrderAscending=true,2026-09-07T23:39:23.091Z
2026-09-07,F,1352,800669942,Anastasiia Iezerska,UKR,Ukraine,2009,55,https://www.itftennis.com/tennis/api/PlayerRankApi/GetPlayerRankings?circuitCode=JT&playerTypeCode=G&ageCategoryCode=&juniorRankingType=itf&take=100&skip=1300&isOrderAscending=true,2026-09-07T23:39:23.091Z
2026-09-07,F,1353,800678493,Mina Kondo,SUI,Switzerland,2009,55,https://www.itftennis.com/tennis/api/PlayerRankApi/GetPlayerRankings?circuitCode=JT&playerTypeCode=G&ageCategoryCode=&juniorRankingType=itf&take=100&skip=1300&isOrderAscending=true,2026-09-07T23:39:23.091Z
2026-09-07,F,1354,800733899,Anjani Haripriya Vickneswaran,USA,USA,2009,54.75,https://www.itftennis.com/tennis/api/PlayerRankApi/GetPlayerRankings?circuitCode=JT&playerTypeCode=G&ageCategoryCode=&juniorRankingType=itf&take=100&skip=1300&isOrderAscending=true,2026-09-07T23:39:23.091Z
2026-09-07,F,1355,800829865,Anna Kapanadze,USA,USA,2012,54.75,https://www.itftennis.com/tennis/api/PlayerRankApi/GetPlayerRankings?circuitCode=JT&playerTypeCode=G&ageCategoryCode=&juniorRankingType=itf&take=100&skip=1300&isOrderAscending=true,2026-09-07T23:39:23.091Z
2026-09-07,F,1356,800733235,Kaiden Greer,USA,USA,2008,54.75,https://www.itftennis.com/tennis/api/PlayerRankApi/GetPlayerRankings?circuitCode=JT&playerTypeCode=G&ageCategoryCode=&juniorRankingType=itf&take=100&skip=1300&isOrderAscending=true,2026-09-07T23:39:23.091Z
2026-09-07,F,1357,800592343,Polina Kuharenko,BLR,Belarus,2008,54.75,https://www.itftennis.com/tennis/api/PlayerRankApi/GetPlayerRankings?circuitCode=JT&playerTypeCode=G&ageCategoryCode=&juniorRankingType=itf&take=100&skip=1300&isOrderAscending=true,2026-09-07T23:39:23.091Z
2026-09-07,F,1358,800579658,Katriin Reinvald,EST,Estonia,2008,54.75,https://www.itftennis.com/tennis/api/PlayerRankApi/GetPlayerRankings?circuitCode=JT&playerTypeCode=G&ageCategoryCode=&juniorRankingType=itf&take=100&skip=1300&isOrderAscending=true,2026-09-07T23:39:23.091Z
2026-09-07,F,1359,800664091,Andreea Kurta,ROU,Romania,2010,54.75,https://www.itftennis.com/tennis/api/PlayerRankApi/GetPlayerRankings?circuitCode=JT&playerTypeCode=G&ageCategoryCode=&juniorRankingType=itf&take=100&skip=1300&isOrderAscending=true,2026-09-07T23:39:23.091Z
2026-09-07,F,1360,800826794,Nadia Poznick,USA,USA,2012,54.5,https://www.itftennis.com/tennis/api/PlayerRankApi/GetPlayerRankings?circuitCode=JT&playerTypeCode=G&ageCategoryCode=&juniorRankingType=itf&take=100&skip=1300&isOrderAscending=true,2026-09-07T23:39:23.091Z
2026-09-07,F,1361,800693968,Anna Idaszewska,POL,Poland,2010,54.5,https://www.itftennis.com/tennis/api/PlayerRankApi/GetPlayerRankings?circuitCode=JT&playerTypeCode=G&ageCategoryCode=&juniorRankingType=itf&take=100&skip=1300&isOrderAscending=true,2026-09-07T23:39:23.091Z
2026-09-07,F,1362,800668069,Awen Gwilym-Davies,GBR,Great Britain,2010,54.25,https://www.itftennis.com/tennis/api/PlayerRankApi/GetPlayerRankings?circuitCode=JT&playerTypeCode=G&ageCategoryCode=&juniorRankingType=itf&take=100&skip=1300&isOrderAscending=true,2026-09-07T23:39:23.091Z
2026-09-07,F,1363,800787759,Sun Park,KOR,"Korea, Rep.",2010,54.25,https://www.itftennis.com/tennis/api/PlayerRankApi/GetPlayerRankings?circuitCode=JT&playerTypeCode=G&ageCategoryCode=&juniorRankingType=itf&take=100&skip=1300&isOrderAscending=true,2026-09-07T23:39:23.091Z
2026-09-07,F,1364,800697702,Lily Revak,USA,USA,2008,54,https://www.itftennis.com/tennis/api/PlayerRankApi/GetPlayerRankings?circuitCode=JT&playerTypeCode=G&ageCategoryCode=&juniorRankingType=itf&take=100&skip=1300&isOrderAscending=true,2026-09-07T23:39:23.091Z
2026-09-07,F,1365,800703909,Elena Miljkovic,AUT,Austria,2008,54,https://www.itftennis.com/tennis/api/PlayerRankApi/GetPlayerRankings?circuitCode=JT&playerTypeCode=G&ageCategoryCode=&juniorRankingType=itf&take=100&skip=1300&isOrderAscending=true,2026-09-07T23:39:23.091Z
2026-09-07,F,1366,800714023,SARINA AKHAVAN,IRI,Iran,2009,54,https://www.itftennis.com/tennis/api/PlayerRankApi/GetPlayerRankings?circuitCode=JT&playerTypeCode=G&ageCategoryCode=&juniorRankingType=itf&take=100&skip=1300&isOrderAscending=true,2026-09-07T23:39:23.091Z
2026-09-07,F,1367,800586388,Sa Rang Lim,KOR,"Korea, Rep.",2008,53.75,https://www.itftennis.com/tennis/api/PlayerRankApi/GetPlayerRankings?circuitCode=JT&playerTypeCode=G&ageCategoryCode=&juniorRankingType=itf&take=100&skip=1300&isOrderAscending=true,2026-09-07T23:39:23.091Z
2026-09-07,F,1368,800687989,Maria Uvarova,RUS,Russia,2011,53.75,https://www.itftennis.com/tennis/api/PlayerRankApi/GetPlayerRankings?circuitCode=JT&playerTypeCode=G&ageCategoryCode=&juniorRankingType=itf&take=100&skip=1300&isOrderAscending=true,2026-09-07T23:39:23.091Z
2026-09-07,F,1369,800678077,Anna Frederikke Forland,DEN,Denmark,2009,53.75,https://www.itftennis.com/tennis/api/PlayerRankApi/GetPlayerRankings?circuitCode=JT&playerTypeCode=G&ageCategoryCode=&juniorRankingType=itf&take=100&skip=1300&isOrderAscending=true,2026-09-07T23:39:23.091Z
2026-09-07,F,1370,800774130,Anna Holovash,UKR,Ukraine,2011,53.5,https://www.itftennis.com/tennis/api/PlayerRankApi/GetPlayerRankings?circuitCode=JT&playerTypeCode=G&ageCategoryCode=&juniorRankingType=itf&take=100&skip=1300&isOrderAscending=true,2026-09-07T23:39:23.091Z
2026-09-07,F,1371,800653554,Victoria Ostroukh,RUS,Russia,2009,53.5,https://www.itftennis.com/tennis/api/PlayerRankApi/GetPlayerRankings?circuitCode=JT&playerTypeCode=G&ageCategoryCode=&juniorRankingType=itf&take=100&skip=1300&isOrderAscending=true,2026-09-07T23:39:23.091Z
2026-09-07,F,1372,800660004,Sofia Vasiltsova,RUS,Russia,2008,53.5,https://www.itftennis.com/tennis/api/PlayerRankApi/GetPlayerRankings?circuitCode=JT&playerTypeCode=G&ageCategoryCode=&juniorRankingType=itf&take=100&skip=1300&isOrderAscending=true,2026-09-07T23:39:23.091Z
2026-09-07,F,1373,800665655,Mariia Koziar,UKR,Ukraine,2009,53.5,https://www.itftennis.com/tennis/api/PlayerRankApi/GetPlayerRankings?circuitCode=JT&playerTypeCode=G&ageCategoryCode=&juniorRankingType=itf&take=100&skip=1300&isOrderAscending=true,2026-09-07T23:39:23.091Z
2026-09-07,F,1374,800732599,Luisa Alvarado Villa,MEX,Mexico,2008,53.5,https://www.itftennis.com/tennis/api/PlayerRankApi/GetPlayerRankings?circuitCode=JT&playerTypeCode=G&ageCategoryCode=&juniorRankingType=itf&take=100&skip=1300&isOrderAscending=true,2026-09-07T23:39:23.091Z
2026-09-07,F,1375,800750357,Kayleigh Stayt,RSA,South Africa,2009,53.25,https://www.itftennis.com/tennis/api/PlayerRankApi/GetPlayerRankings?circuitCode=JT&playerTypeCode=G&ageCategoryCode=&juniorRankingType=itf&take=100&skip=1300&isOrderAscending=true,2026-09-07T23:39:23.091Z
2026-09-07,F,1376,800806645,Morakane Molaoa,RSA,South Africa,2011,53.25,https://www.itftennis.com/tennis/api/PlayerRankApi/GetPlayerRankings?circuitCode=JT&playerTypeCode=G&ageCategoryCode=&juniorRankingType=itf&take=100&skip=1300&isOrderAscending=true,2026-09-07T23:39:23.091Z
2026-09-07,F,1377,800660647,Nahia Sanchez-Marin Garcia,ESP,Spain,2009,53.25,https://www.itftennis.com/tennis/api/PlayerRankApi/GetPlayerRankings?circuitCode=JT&playerTypeCode=G&ageCategoryCode=&juniorRankingType=itf&take=100&skip=1300&isOrderAscending=true,2026-09-07T23:39:23.091Z
2026-09-07,F,1378,800734494,Ivana Peralta Zapata,MEX,Mexico,2009,53.25,https://www.itftennis.com/tennis/api/PlayerRankApi/GetPlayerRankings?circuitCode=JT&playerTypeCode=G&ageCategoryCode=&juniorRankingType=itf&take=100&skip=1300&isOrderAscending=true,2026-09-07T23:39:23.091Z
2026-09-07,F,1379,800753549,Arianna Grigorian,RUS,Russia,2011,53.25,https://www.itftennis.com/tennis/api/PlayerRankApi/GetPlayerRankings?circuitCode=JT&playerTypeCode=G&ageCategoryCode=&juniorRankingType=itf&take=100&skip=1300&isOrderAscending=true,2026-09-07T23:39:23.091Z
2026-09-07,F,1380,800675941,Camilla Fabbri,ITA,Italy,2010,53.25,https://www.itftennis.com/tennis/api/PlayerRankApi/GetPlayerRankings?circuitCode=JT&playerTypeCode=G&ageCategoryCode=&juniorRankingType=itf&take=100&skip=1300&isOrderAscending=true,2026-09-07T23:39:23.092Z
2026-09-07,F,1381,800777943,Carlota Garibay Romero,MEX,Mexico,2009,53,https://www.itftennis.com/tennis/api/PlayerRankApi/GetPlayerRankings?circuitCode=JT&playerTypeCode=G&ageCategoryCode=&juniorRankingType=itf&take=100&skip=1300&isOrderAscending=true,2026-09-07T23:39:23.092Z
2026-09-07,F,1382,800697904,Alexandra Chapurina,RUS,Russia,2011,53,https://www.itftennis.com/tennis/api/PlayerRankApi/GetPlayerRankings?circuitCode=JT&playerTypeCode=G&ageCategoryCode=&juniorRankingType=itf&take=100&skip=1300&isOrderAscending=true,2026-09-07T23:39:23.092Z
2026-09-07,F,1383,800774989,Lily Bazemore,USA,USA,2008,53,https://www.itftennis.com/tennis/api/PlayerRankApi/GetPlayerRankings?circuitCode=JT&playerTypeCode=G&ageCategoryCode=&juniorRankingType=itf&take=100&skip=1300&isOrderAscending=true,2026-09-07T23:39:23.092Z
2026-09-07,F,1384,800684634,Lior Javetz,ISR,Israel,2010,53,https://www.itftennis.com/tennis/api/PlayerRankApi/GetPlayerRankings?circuitCode=JT&playerTypeCode=G&ageCategoryCode=&juniorRankingType=itf&take=100&skip=1300&isOrderAscending=true,2026-09-07T23:39:23.092Z
2026-09-07,F,1385,800683468,Lara Faraj,MAR,Morocco,2010,53,https://www.itftennis.com/tennis/api/PlayerRankApi/GetPlayerRankings?circuitCode=JT&playerTypeCode=G&ageCategoryCode=&juniorRankingType=itf&take=100&skip=1300&isOrderAscending=true,2026-09-07T23:39:23.092Z
2026-09-07,F,1386,800741354,Julia Salamon,FRA,France,2012,53,https://www.itftennis.com/tennis/api/PlayerRankApi/GetPlayerRankings?circuitCode=JT&playerTypeCode=G&ageCategoryCode=&juniorRankingType=itf&take=100&skip=1300&isOrderAscending=true,2026-09-07T23:39:23.092Z
2026-09-07,F,1387,800639017,Alisa Korovina,RUS,Russia,2009,52.75,https://www.itftennis.com/tennis/api/PlayerRankApi/GetPlayerRankings?circuitCode=JT&playerTypeCode=G&ageCategoryCode=&juniorRankingType=itf&take=100&skip=1300&isOrderAscending=true,2026-09-07T23:39:23.092Z
2026-09-07,F,1388,800686416,Isabel Arabarco,ARG,Argentina,2010,52.5,https://www.itftennis.com/tennis/api/PlayerRankApi/GetPlayerRankings?circuitCode=JT&playerTypeCode=G&ageCategoryCode=&juniorRankingType=itf&take=100&skip=1300&isOrderAscending=true,2026-09-07T23:39:23.092Z
2026-09-07,F,1389,800781384,Sitara Agarwal,USA,USA,2011,52.5,https://www.itftennis.com/tennis/api/PlayerRankApi/GetPlayerRankings?circuitCode=JT&playerTypeCode=G&ageCategoryCode=&juniorRankingType=itf&take=100&skip=1300&isOrderAscending=true,2026-09-07T23:39:23.092Z
2026-09-07,F,1390,800723153,Matilda Casarini,ARG,Argentina,2009,52.5,https://www.itftennis.com/tennis/api/PlayerRankApi/GetPlayerRankings?circuitCode=JT&playerTypeCode=G&ageCategoryCode=&juniorRankingType=itf&take=100&skip=1300&isOrderAscending=true,2026-09-07T23:39:23.092Z
2026-09-07,F,1391,800672306,Elsen Nil Aldemir,TUR,Turkiye,2010,52.25,https://www.itftennis.com/tennis/api/PlayerRankApi/GetPlayerRankings?circuitCode=JT&playerTypeCode=G&ageCategoryCode=&juniorRankingType=itf&take=100&skip=1300&isOrderAscending=true,2026-09-07T23:39:23.092Z
2026-09-07,F,1392,800676755,Irene Basalo Magdaleno,ESP,Spain,2010,52.25,https://www.itftennis.com/tennis/api/PlayerRankApi/GetPlayerRankings?circuitCode=JT&playerTypeCode=G&ageCategoryCode=&juniorRankingType=itf&take=100&skip=1300&isOrderAscending=true,2026-09-07T23:39:23.092Z
2026-09-07,F,1393,800683663,si a youm,KOR,"Korea, Rep.",2010,52.25,https://www.itftennis.com/tennis/api/PlayerRankApi/GetPlayerRankings?circuitCode=JT&playerTypeCode=G&ageCategoryCode=&juniorRankingType=itf&take=100&skip=1300&isOrderAscending=true,2026-09-07T23:39:23.092Z
2026-09-07,F,1394,800742306,Alice Luiza Semenova,USA,USA,2012,52.25,https://www.itftennis.com/tennis/api/PlayerRankApi/GetPlayerRankings?circuitCode=JT&playerTypeCode=G&ageCategoryCode=&juniorRankingType=itf&take=100&skip=1300&isOrderAscending=true,2026-09-07T23:39:23.092Z
2026-09-07,F,1395,800739366,Nikitha Desai,AUS,Australia,2008,52,https://www.itftennis.com/tennis/api/PlayerRankApi/GetPlayerRankings?circuitCode=JT&playerTypeCode=G&ageCategoryCode=&juniorRankingType=itf&take=100&skip=1300&isOrderAscending=true,2026-09-07T23:39:23.092Z
2026-09-07,F,1396,800676349,Valentina Carreras Medina,ESP,Spain,2009,52,https://www.itftennis.com/tennis/api/PlayerRankApi/GetPlayerRankings?circuitCode=JT&playerTypeCode=G&ageCategoryCode=&juniorRankingType=itf&take=100&skip=1300&isOrderAscending=true,2026-09-07T23:39:23.092Z
2026-09-07,F,1397,800598702,Annabel Hristova,GBR,Great Britain,2008,52,https://www.itftennis.com/tennis/api/PlayerRankApi/GetPlayerRankings?circuitCode=JT&playerTypeCode=G&ageCategoryCode=&juniorRankingType=itf&take=100&skip=1300&isOrderAscending=true,2026-09-07T23:39:23.092Z
2026-09-07,F,1398,800652824,Vasundra Balajee,IND,India,2011,52,https://www.itftennis.com/tennis/api/PlayerRankApi/GetPlayerRankings?circuitCode=JT&playerTypeCode=G&ageCategoryCode=&juniorRankingType=itf&take=100&skip=1300&isOrderAscending=true,2026-09-07T23:39:23.092Z
2026-09-07,F,1399,800814669,Pritika Rana,IND,India,2010,52,https://www.itftennis.com/tennis/api/PlayerRankApi/GetPlayerRankings?circuitCode=JT&playerTypeCode=G&ageCategoryCode=&juniorRankingType=itf&take=100&skip=1300&isOrderAscending=true,2026-09-07T23:39:23.092Z
2026-09-07,F,1400,800776202,Anna Paula Perez,MEX,Mexico,2010,51.75,https://www.itftennis.com/tennis/api/PlayerRankApi/GetPlayerRankings?circuitCode=JT&playerTypeCode=G&ageCategoryCode=&juniorRankingType=itf&take=100&skip=1300&isOrderAscending=true,2026-09-07T23:39:23.092Z
2026-09-07,F,1401,800773672,Assyifa khansa putri Raga,INA,Indonesia,2010,51.75,https://www.itftennis.com/tennis/api/PlayerRankApi/GetPlayerRankings?circuitCode=JT&playerTypeCode=G&ageCategoryCode=&juniorRankingType=itf&take=100&skip=1400&isOrderAscending=true,2026-09-07T23:39:28.121Z
2026-09-07,F,1402,800663286,Mariia Pryshchepa,UKR,Ukraine,2009,51.75,https://www.itftennis.com/tennis/api/PlayerRankApi/GetPlayerRankings?circuitCode=JT&playerTypeCode=G&ageCategoryCode=&juniorRankingType=itf&take=100&skip=1400&isOrderAscending=true,2026-09-07T23:39:28.121Z
2026-09-07,F,1403,800694924,Mariam Mamulashvili,GEO,Georgia,2011,51.75,https://www.itftennis.com/tennis/api/PlayerRankApi/GetPlayerRankings?circuitCode=JT&playerTypeCode=G&ageCategoryCode=&juniorRankingType=itf&take=100&skip=1400&isOrderAscending=true,2026-09-07T23:39:28.121Z
2026-09-07,F,1404,800746187,Annalyn McKee,USA,USA,2011,51.5,https://www.itftennis.com/tennis/api/PlayerRankApi/GetPlayerRankings?circuitCode=JT&playerTypeCode=G&ageCategoryCode=&juniorRankingType=itf&take=100&skip=1400&isOrderAscending=true,2026-09-07T23:39:28.121Z
2026-09-07,F,1405,800791638,Yueqi Fu,CHN,"China, P.R.",2011,51.5,https://www.itftennis.com/tennis/api/PlayerRankApi/GetPlayerRankings?circuitCode=JT&playerTypeCode=G&ageCategoryCode=&juniorRankingType=itf&take=100&skip=1400&isOrderAscending=true,2026-09-07T23:39:28.121Z
2026-09-07,F,1406,800621255,Maria Drag,POL,Poland,2008,51.5,https://www.itftennis.com/tennis/api/PlayerRankApi/GetPlayerRankings?circuitCode=JT&playerTypeCode=G&ageCategoryCode=&juniorRankingType=itf&take=100&skip=1400&isOrderAscending=true,2026-09-07T23:39:28.121Z
2026-09-07,F,1407,800724306,Mi Na Lee,KOR,"Korea, Rep.",2011,51.5,https://www.itftennis.com/tennis/api/PlayerRankApi/GetPlayerRankings?circuitCode=JT&playerTypeCode=G&ageCategoryCode=&juniorRankingType=itf&take=100&skip=1400&isOrderAscending=true,2026-09-07T23:39:28.121Z
2026-09-07,F,1408,800694401,Camille Michel,CAN,Canada,2011,51.5,https://www.itftennis.com/tennis/api/PlayerRankApi/GetPlayerRankings?circuitCode=JT&playerTypeCode=G&ageCategoryCode=&juniorRankingType=itf&take=100&skip=1400&isOrderAscending=true,2026-09-07T23:39:28.121Z
2026-09-07,F,1409,800680949,Marianne Berberian,LBN,Lebanon,2008,51.5,https://www.itftennis.com/tennis/api/PlayerRankApi/GetPlayerRankings?circuitCode=JT&playerTypeCode=G&ageCategoryCode=&juniorRankingType=itf&take=100&skip=1400&isOrderAscending=true,2026-09-07T23:39:28.121Z
2026-09-07,F,1410,800662631,Eva Ioana Cercel,ROU,Romania,2010,51.25,https://www.itftennis.com/tennis/api/PlayerRankApi/GetPlayerRankings?circuitCode=JT&playerTypeCode=G&ageCategoryCode=&juniorRankingType=itf&take=100&skip=1400&isOrderAscending=true,2026-09-07T23:39:28.121Z
2026-09-07,F,1411,800720781,Eliza Gauvin,AUS,Australia,2008,51.25,https://www.itftennis.com/tennis/api/PlayerRankApi/GetPlayerRankings?circuitCode=JT&playerTypeCode=G&ageCategoryCode=&juniorRankingType=itf&take=100&skip=1400&isOrderAscending=true,2026-09-07T23:39:28.121Z
2026-09-07,F,1412,800661769,Eva Elena Rosca,ROU,Romania,2010,51.25,https://www.itftennis.com/tennis/api/PlayerRankApi/GetPlayerRankings?circuitCode=JT&playerTypeCode=G&ageCategoryCode=&juniorRankingType=itf&take=100&skip=1400&isOrderAscending=true,2026-09-07T23:39:28.121Z
2026-09-07,F,1413,800600294,Romy De Baene,BEL,Belgium,2008,51.25,https://www.itftennis.com/tennis/api/PlayerRankApi/GetPlayerRankings?circuitCode=JT&playerTypeCode=G&ageCategoryCode=&juniorRankingType=itf&take=100&skip=1400&isOrderAscending=true,2026-09-07T23:39:28.121Z
2026-09-07,F,1414,800717855,Ayah Hachad,FRA,France,2012,51.25,https://www.itftennis.com/tennis/api/PlayerRankApi/GetPlayerRankings?circuitCode=JT&playerTypeCode=G&ageCategoryCode=&juniorRankingType=itf&take=100&skip=1400&isOrderAscending=true,2026-09-07T23:39:28.121Z
2026-09-07,F,1415,800590632,Anastasiia Hnidets,UKR,Ukraine,2009,51,https://www.itftennis.com/tennis/api/PlayerRankApi/GetPlayerRankings?circuitCode=JT&playerTypeCode=G&ageCategoryCode=&juniorRankingType=itf&take=100&skip=1400&isOrderAscending=true,2026-09-07T23:39:28.121Z
2026-09-07,F,1416,800759505,Belyakova Esenia,RUS,Russia,2010,51,https://www.itftennis.com/tennis/api/PlayerRankApi/GetPlayerRankings?circuitCode=JT&playerTypeCode=G&ageCategoryCode=&juniorRankingType=itf&take=100&skip=1400&isOrderAscending=true,2026-09-07T23:39:28.121Z
2026-09-07,F,1417,800765106,Yaroslava Sribna,UKR,Ukraine,2011,51,https://www.itftennis.com/tennis/api/PlayerRankApi/GetPlayerRankings?circuitCode=JT&playerTypeCode=G&ageCategoryCode=&juniorRankingType=itf&take=100&skip=1400&isOrderAscending=true,2026-09-07T23:39:28.121Z
2026-09-07,F,1418,800677794,Boram Lee,KOR,"Korea, Rep.",2009,50.75,https://www.itftennis.com/tennis/api/PlayerRankApi/GetPlayerRankings?circuitCode=JT&playerTypeCode=G&ageCategoryCode=&juniorRankingType=itf&take=100&skip=1400&isOrderAscending=true,2026-09-07T23:39:28.121Z
2026-09-07,F,1419,800716460,Nadja Knezevic,MNE,Montenegro,2012,50.75,https://www.itftennis.com/tennis/api/PlayerRankApi/GetPlayerRankings?circuitCode=JT&playerTypeCode=G&ageCategoryCode=&juniorRankingType=itf&take=100&skip=1400&isOrderAscending=true,2026-09-07T23:39:28.121Z
2026-09-07,F,1420,800683783,Dia Agarwal,IND,India,2009,50.75,https://www.itftennis.com/tennis/api/PlayerRankApi/GetPlayerRankings?circuitCode=JT&playerTypeCode=G&ageCategoryCode=&juniorRankingType=itf&take=100&skip=1400&isOrderAscending=true,2026-09-07T23:39:28.121Z
2026-09-07,F,1421,800668570,Valentina Bailey,FRA,France,2009,50.75,https://www.itftennis.com/tennis/api/PlayerRankApi/GetPlayerRankings?circuitCode=JT&playerTypeCode=G&ageCategoryCode=&juniorRankingType=itf&take=100&skip=1400&isOrderAscending=true,2026-09-07T23:39:28.121Z
2026-09-07,F,1422,800711826,Barbora Vokrojova,CZE,Czechia,2009,50.75,https://www.itftennis.com/tennis/api/PlayerRankApi/GetPlayerRankings?circuitCode=JT&playerTypeCode=G&ageCategoryCode=&juniorRankingType=itf&take=100&skip=1400&isOrderAscending=true,2026-09-07T23:39:28.121Z
2026-09-07,F,1423,800707724,Aaliyah Moussa,SVK,Slovakia,2011,50.75,https://www.itftennis.com/tennis/api/PlayerRankApi/GetPlayerRankings?circuitCode=JT&playerTypeCode=G&ageCategoryCode=&juniorRankingType=itf&take=100&skip=1400&isOrderAscending=true,2026-09-07T23:39:28.121Z
2026-09-07,F,1424,800661353,Meha Patil,IND,India,2009,50.75,https://www.itftennis.com/tennis/api/PlayerRankApi/GetPlayerRankings?circuitCode=JT&playerTypeCode=G&ageCategoryCode=&juniorRankingType=itf&take=100&skip=1400&isOrderAscending=true,2026-09-07T23:39:28.121Z
2026-09-07,F,1425,800835332,Kyndall Noel,USA,USA,2011,50.5,https://www.itftennis.com/tennis/api/PlayerRankApi/GetPlayerRankings?circuitCode=JT&playerTypeCode=G&ageCategoryCode=&juniorRankingType=itf&take=100&skip=1400&isOrderAscending=true,2026-09-07T23:39:28.121Z
2026-09-07,F,1426,800746994,RIA KIKUCHI,JPN,Japan,2010,50.5,https://www.itftennis.com/tennis/api/PlayerRankApi/GetPlayerRankings?circuitCode=JT&playerTypeCode=G&ageCategoryCode=&juniorRankingType=itf&take=100&skip=1400&isOrderAscending=true,2026-09-07T23:39:28.121Z
2026-09-07,F,1427,800715143,Eliska Holubova,CZE,Czechia,2010,50.25,https://www.itftennis.com/tennis/api/PlayerRankApi/GetPlayerRankings?circuitCode=JT&playerTypeCode=G&ageCategoryCode=&juniorRankingType=itf&take=100&skip=1400&isOrderAscending=true,2026-09-07T23:39:28.121Z
2026-09-07,F,1428,800676400,Sienna Wabnitz,GER,Germany,2010,50.25,https://www.itftennis.com/tennis/api/PlayerRankApi/GetPlayerRankings?circuitCode=JT&playerTypeCode=G&ageCategoryCode=&juniorRankingType=itf&take=100&skip=1400&isOrderAscending=true,2026-09-07T23:39:28.121Z
2026-09-07,F,1429,800796042,Lena Lin,HKG,"Hong Kong, China",2012,50.25,https://www.itftennis.com/tennis/api/PlayerRankApi/GetPlayerRankings?circuitCode=JT&playerTypeCode=G&ageCategoryCode=&juniorRankingType=itf&take=100&skip=1400&isOrderAscending=true,2026-09-07T23:39:28.121Z
2026-09-07,F,1430,800732734,Sahej Lakhat,USA,USA,2012,50.25,https://www.itftennis.com/tennis/api/PlayerRankApi/GetPlayerRankings?circuitCode=JT&playerTypeCode=G&ageCategoryCode=&juniorRankingType=itf&take=100&skip=1400&isOrderAscending=true,2026-09-07T23:39:28.121Z
2026-09-07,F,1431,800674952,Mariana Jimenez Escobar,COL,Colombia,2009,50,https://www.itftennis.com/tennis/api/PlayerRankApi/GetPlayerRankings?circuitCode=JT&playerTypeCode=G&ageCategoryCode=&juniorRankingType=itf&take=100&skip=1400&isOrderAscending=true,2026-09-07T23:39:28.121Z
2026-09-07,F,1432,800689196,Annina Kanerva,FIN,Finland,2010,50,https://www.itftennis.com/tennis/api/PlayerRankApi/GetPlayerRankings?circuitCode=JT&playerTypeCode=G&ageCategoryCode=&juniorRankingType=itf&take=100&skip=1400&isOrderAscending=true,2026-09-07T23:39:28.121Z
2026-09-07,F,1433,800670835,Foteini-Nefeli Fasoula,GRE,Greece,2009,50,https://www.itftennis.com/tennis/api/PlayerRankApi/GetPlayerRankings?circuitCode=JT&playerTypeCode=G&ageCategoryCode=&juniorRankingType=itf&take=100&skip=1400&isOrderAscending=true,2026-09-07T23:39:28.121Z
2026-09-07,F,1434,800740088,Masha Kostic,CAN,Canada,2009,49.75,https://www.itftennis.com/tennis/api/PlayerRankApi/GetPlayerRankings?circuitCode=JT&playerTypeCode=G&ageCategoryCode=&juniorRankingType=itf&take=100&skip=1400&isOrderAscending=true,2026-09-07T23:39:28.121Z
2026-09-07,F,1435,800691494,Varvara Berdieva,RUS,Russia,2011,49.75,https://www.itftennis.com/tennis/api/PlayerRankApi/GetPlayerRankings?circuitCode=JT&playerTypeCode=G&ageCategoryCode=&juniorRankingType=itf&take=100&skip=1400&isOrderAscending=true,2026-09-07T23:39:28.121Z
2026-09-07,F,1436,800745596,Virginia Zema,ITA,Italy,2010,49.75,https://www.itftennis.com/tennis/api/PlayerRankApi/GetPlayerRankings?circuitCode=JT&playerTypeCode=G&ageCategoryCode=&juniorRankingType=itf&take=100&skip=1400&isOrderAscending=true,2026-09-07T23:39:28.121Z
2026-09-07,F,1437,800682513,Enno Nyona Pamela ADJIWANOU,TOG,Togo,2008,49.5,https://www.itftennis.com/tennis/api/PlayerRankApi/GetPlayerRankings?circuitCode=JT&playerTypeCode=G&ageCategoryCode=&juniorRankingType=itf&take=100&skip=1400&isOrderAscending=true,2026-09-07T23:39:28.121Z
2026-09-07,F,1438,800655017,Valeriya Isaeva,RUS,Russia,2010,49.5,https://www.itftennis.com/tennis/api/PlayerRankApi/GetPlayerRankings?circuitCode=JT&playerTypeCode=G&ageCategoryCode=&juniorRankingType=itf&take=100&skip=1400&isOrderAscending=true,2026-09-07T23:39:28.121Z
2026-09-07,F,1439,800709332,ZOHA QURESHI,IND,India,2012,49.5,https://www.itftennis.com/tennis/api/PlayerRankApi/GetPlayerRankings?circuitCode=JT&playerTypeCode=G&ageCategoryCode=&juniorRankingType=itf&take=100&skip=1400&isOrderAscending=true,2026-09-07T23:39:28.121Z
2026-09-07,F,1440,800668129,Daisy Wootton,GBR,Great Britain,2010,49.25,https://www.itftennis.com/tennis/api/PlayerRankApi/GetPlayerRankings?circuitCode=JT&playerTypeCode=G&ageCategoryCode=&juniorRankingType=itf&take=100&skip=1400&isOrderAscending=true,2026-09-07T23:39:28.121Z
2026-09-07,F,1441,800699948,Sophia Arpa,MLT,Malta,2012,49.25,https://www.itftennis.com/tennis/api/PlayerRankApi/GetPlayerRankings?circuitCode=JT&playerTypeCode=G&ageCategoryCode=&juniorRankingType=itf&take=100&skip=1400&isOrderAscending=true,2026-09-07T23:39:28.121Z
2026-09-07,F,1442,800793653,Viyaleta Korshak,BLR,Belarus,2011,49.25,https://www.itftennis.com/tennis/api/PlayerRankApi/GetPlayerRankings?circuitCode=JT&playerTypeCode=G&ageCategoryCode=&juniorRankingType=itf&take=100&skip=1400&isOrderAscending=true,2026-09-07T23:39:28.121Z
2026-09-07,F,1443,800592023,Ilona Kanerva,FIN,Finland,2008,49.25,https://www.itftennis.com/tennis/api/PlayerRankApi/GetPlayerRankings?circuitCode=JT&playerTypeCode=G&ageCategoryCode=&juniorRankingType=itf&take=100&skip=1400&isOrderAscending=true,2026-09-07T23:39:28.121Z
2026-09-07,F,1444,800730099,Martina Claudeline Mora Da Silva,PAR,Paraguay,2011,49,https://www.itftennis.com/tennis/api/PlayerRankApi/GetPlayerRankings?circuitCode=JT&playerTypeCode=G&ageCategoryCode=&juniorRankingType=itf&take=100&skip=1400&isOrderAscending=true,2026-09-07T23:39:28.121Z
2026-09-07,F,1445,800719587,LUCIANA MEJIA ARCE,GUA,Guatemala,2009,49,https://www.itftennis.com/tennis/api/PlayerRankApi/GetPlayerRankings?circuitCode=JT&playerTypeCode=G&ageCategoryCode=&juniorRankingType=itf&take=100&skip=1400&isOrderAscending=true,2026-09-07T23:39:28.121Z
2026-09-07,F,1446,800802827,Valeria Cabral Zamora,MEX,Mexico,2011,49,https://www.itftennis.com/tennis/api/PlayerRankApi/GetPlayerRankings?circuitCode=JT&playerTypeCode=G&ageCategoryCode=&juniorRankingType=itf&take=100&skip=1400&isOrderAscending=true,2026-09-07T23:39:28.121Z
2026-09-07,F,1447,800821591,Courtney Claresha Asiimwe,UGA,Uganda,2011,49,https://www.itftennis.com/tennis/api/PlayerRankApi/GetPlayerRankings?circuitCode=JT&playerTypeCode=G&ageCategoryCode=&juniorRankingType=itf&take=100&skip=1400&isOrderAscending=true,2026-09-07T23:39:28.121Z
2026-09-07,F,1448,800786385,Nana Shibayama,JPN,Japan,2010,48.75,https://www.itftennis.com/tennis/api/PlayerRankApi/GetPlayerRankings?circuitCode=JT&playerTypeCode=G&ageCategoryCode=&juniorRankingType=itf&take=100&skip=1400&isOrderAscending=true,2026-09-07T23:39:28.121Z
2026-09-07,F,1449,800586593,Mile Cibulskyte,LTU,Lithuania,2008,48.5,https://www.itftennis.com/tennis/api/PlayerRankApi/GetPlayerRankings?circuitCode=JT&playerTypeCode=G&ageCategoryCode=&juniorRankingType=itf&take=100&skip=1400&isOrderAscending=true,2026-09-07T23:39:28.121Z
2026-09-07,F,1450,800793916,Zi Qi Shang,CHN,"China, P.R.",2011,48.5,https://www.itftennis.com/tennis/api/PlayerRankApi/GetPlayerRankings?circuitCode=JT&playerTypeCode=G&ageCategoryCode=&juniorRankingType=itf&take=100&skip=1400&isOrderAscending=true,2026-09-07T23:39:28.121Z
2026-09-07,F,1451,800717015,Anna Bugaienko,UKR,Ukraine,2009,48.5,https://www.itftennis.com/tennis/api/PlayerRankApi/GetPlayerRankings?circuitCode=JT&playerTypeCode=G&ageCategoryCode=&juniorRankingType=itf&take=100&skip=1400&isOrderAscending=true,2026-09-07T23:39:28.121Z
2026-09-07,F,1452,800675734,Elsa Goy,FRA,France,2011,48.5,https://www.itftennis.com/tennis/api/PlayerRankApi/GetPlayerRankings?circuitCode=JT&playerTypeCode=G&ageCategoryCode=&juniorRankingType=itf&take=100&skip=1400&isOrderAscending=true,2026-09-07T23:39:28.121Z
2026-09-07,F,1453,800783451,Ange Bebita Ishimwe,BDI,Burundi,2010,48.25,https://www.itftennis.com/tennis/api/PlayerRankApi/GetPlayerRankings?circuitCode=JT&playerTypeCode=G&ageCategoryCode=&juniorRankingType=itf&take=100&skip=1400&isOrderAscending=true,2026-09-07T23:39:28.121Z
2026-09-07,F,1454,800848627,Samantha Govila,USA,USA,2011,48.25,https://www.itftennis.com/tennis/api/PlayerRankApi/GetPlayerRankings?circuitCode=JT&playerTypeCode=G&ageCategoryCode=&juniorRankingType=itf&take=100&skip=1400&isOrderAscending=true,2026-09-07T23:39:28.121Z
2026-09-07,F,1455,800687091,Klara Pirkova,CZE,Czechia,2009,48.25,https://www.itftennis.com/tennis/api/PlayerRankApi/GetPlayerRankings?circuitCode=JT&playerTypeCode=G&ageCategoryCode=&juniorRankingType=itf&take=100&skip=1400&isOrderAscending=true,2026-09-07T23:39:28.121Z
2026-09-07,F,1456,800672763,Sofia Kova,ESP,Spain,2011,48,https://www.itftennis.com/tennis/api/PlayerRankApi/GetPlayerRankings?circuitCode=JT&playerTypeCode=G&ageCategoryCode=&juniorRankingType=itf&take=100&skip=1400&isOrderAscending=true,2026-09-07T23:39:28.121Z
2026-09-07,F,1457,800776539,Fatima Rami Jamal Al-Deen,EGY,Egypt,2010,48,https://www.itftennis.com/tennis/api/PlayerRankApi/GetPlayerRankings?circuitCode=JT&playerTypeCode=G&ageCategoryCode=&juniorRankingType=itf&take=100&skip=1400&isOrderAscending=true,2026-09-07T23:39:28.121Z
2026-09-07,F,1458,800738928,Mariia Grigoryeva,RUS,Russia,2010,48,https://www.itftennis.com/tennis/api/PlayerRankApi/GetPlayerRankings?circuitCode=JT&playerTypeCode=G&ageCategoryCode=&juniorRankingType=itf&take=100&skip=1400&isOrderAscending=true,2026-09-07T23:39:28.121Z
2026-09-07,F,1459,800770232,Raina Miae Kim,USA,USA,2009,47.75,https://www.itftennis.com/tennis/api/PlayerRankApi/GetPlayerRankings?circuitCode=JT&playerTypeCode=G&ageCategoryCode=&juniorRankingType=itf&take=100&skip=1400&isOrderAscending=true,2026-09-07T23:39:28.121Z
2026-09-07,F,1460,800790392,Cyrine Triki,TUN,Tunisia,2011,47.75,https://www.itftennis.com/tennis/api/PlayerRankApi/GetPlayerRankings?circuitCode=JT&playerTypeCode=G&ageCategoryCode=&juniorRankingType=itf&take=100&skip=1400&isOrderAscending=true,2026-09-07T23:39:28.121Z
2026-09-07,F,1461,800724946,HARU ISHIDA,JPN,Japan,2010,47.75,https://www.itftennis.com/tennis/api/PlayerRankApi/GetPlayerRankings?circuitCode=JT&playerTypeCode=G&ageCategoryCode=&juniorRankingType=itf&take=100&skip=1400&isOrderAscending=true,2026-09-07T23:39:28.121Z
2026-09-07,F,1462,800706993,Tayler Conway,USA,USA,2009,47.75,https://www.itftennis.com/tennis/api/PlayerRankApi/GetPlayerRankings?circuitCode=JT&playerTypeCode=G&ageCategoryCode=&juniorRankingType=itf&take=100&skip=1400&isOrderAscending=true,2026-09-07T23:39:28.121Z
2026-09-07,F,1463,800783609,Siyu Liu,CHN,"China, P.R.",2010,47.75,https://www.itftennis.com/tennis/api/PlayerRankApi/GetPlayerRankings?circuitCode=JT&playerTypeCode=G&ageCategoryCode=&juniorRankingType=itf&take=100&skip=1400&isOrderAscending=true,2026-09-07T23:39:28.121Z
2026-09-07,F,1464,800690281,Leila Montevidoni Leroy,USA,USA,2010,47.75,https://www.itftennis.com/tennis/api/PlayerRankApi/GetPlayerRankings?circuitCode=JT&playerTypeCode=G&ageCategoryCode=&juniorRankingType=itf&take=100&skip=1400&isOrderAscending=true,2026-09-07T23:39:28.121Z
2026-09-07,F,1465,800746186,Eliska Kucerova,CZE,Czechia,2011,47.5,https://www.itftennis.com/tennis/api/PlayerRankApi/GetPlayerRankings?circuitCode=JT&playerTypeCode=G&ageCategoryCode=&juniorRankingType=itf&take=100&skip=1400&isOrderAscending=true,2026-09-07T23:39:28.121Z
2026-09-07,F,1466,800802755,Jingyue Zhang,CHN,"China, P.R.",2012,47.5,https://www.itftennis.com/tennis/api/PlayerRankApi/GetPlayerRankings?circuitCode=JT&playerTypeCode=G&ageCategoryCode=&juniorRankingType=itf&take=100&skip=1400&isOrderAscending=true,2026-09-07T23:39:28.121Z
2026-09-07,F,1467,800778870,Agustina Tarantola,ARG,Argentina,2011,47.5,https://www.itftennis.com/tennis/api/PlayerRankApi/GetPlayerRankings?circuitCode=JT&playerTypeCode=G&ageCategoryCode=&juniorRankingType=itf&take=100&skip=1400&isOrderAscending=true,2026-09-07T23:39:28.122Z
2026-09-07,F,1468,800765190,Isabella Wang,CAN,Canada,2010,47.5,https://www.itftennis.com/tennis/api/PlayerRankApi/GetPlayerRankings?circuitCode=JT&playerTypeCode=G&ageCategoryCode=&juniorRankingType=itf&take=100&skip=1400&isOrderAscending=true,2026-09-07T23:39:28.122Z
2026-09-07,F,1469,800741075,Ana Marija Rebic,CRO,Croatia,2013,47.5,https://www.itftennis.com/tennis/api/PlayerRankApi/GetPlayerRankings?circuitCode=JT&playerTypeCode=G&ageCategoryCode=&juniorRankingType=itf&take=100&skip=1400&isOrderAscending=true,2026-09-07T23:39:28.122Z
2026-09-07,F,1470,800720191,Lucia Grinberg,ARG,Argentina,2008,47.25,https://www.itftennis.com/tennis/api/PlayerRankApi/GetPlayerRankings?circuitCode=JT&playerTypeCode=G&ageCategoryCode=&juniorRankingType=itf&take=100&skip=1400&isOrderAscending=true,2026-09-07T23:39:28.122Z
2026-09-07,F,1471,800701500,Ema Mastnak,SLO,Slovenia,2008,47.25,https://www.itftennis.com/tennis/api/PlayerRankApi/GetPlayerRankings?circuitCode=JT&playerTypeCode=G&ageCategoryCode=&juniorRankingType=itf&take=100&skip=1400&isOrderAscending=true,2026-09-07T23:39:28.122Z
2026-09-07,F,1472,800709894,Matilda Chedryk,UKR,Ukraine,2011,47.25,https://www.itftennis.com/tennis/api/PlayerRankApi/GetPlayerRankings?circuitCode=JT&playerTypeCode=G&ageCategoryCode=&juniorRankingType=itf&take=100&skip=1400&isOrderAscending=true,2026-09-07T23:39:28.122Z
2026-09-07,F,1473,800597419,Kamilla Cernousova,LAT,Latvia,2008,47,https://www.itftennis.com/tennis/api/PlayerRankApi/GetPlayerRankings?circuitCode=JT&playerTypeCode=G&ageCategoryCode=&juniorRankingType=itf&take=100&skip=1400&isOrderAscending=true,2026-09-07T23:39:28.122Z
2026-09-07,F,1474,800724658,Felicitas Simon Padros,ARG,Argentina,2010,47,https://www.itftennis.com/tennis/api/PlayerRankApi/GetPlayerRankings?circuitCode=JT&playerTypeCode=G&ageCategoryCode=&juniorRankingType=itf&take=100&skip=1400&isOrderAscending=true,2026-09-07T23:39:28.122Z
2026-09-07,F,1475,800631727,Thalya Le Runigo,FRA,France,2009,46.75,https://www.itftennis.com/tennis/api/PlayerRankApi/GetPlayerRankings?circuitCode=JT&playerTypeCode=G&ageCategoryCode=&juniorRankingType=itf&take=100&skip=1400&isOrderAscending=true,2026-09-07T23:39:28.122Z
2026-09-07,F,1476,800635937,Anna Skorupska,POL,Poland,2008,46.75,https://www.itftennis.com/tennis/api/PlayerRankApi/GetPlayerRankings?circuitCode=JT&playerTypeCode=G&ageCategoryCode=&juniorRankingType=itf&take=100&skip=1400&isOrderAscending=true,2026-09-07T23:39:28.122Z
2026-09-07,F,1477,800836888,Daniela Rangel Ramos,MEX,Mexico,2012,46.75,https://www.itftennis.com/tennis/api/PlayerRankApi/GetPlayerRankings?circuitCode=JT&playerTypeCode=G&ageCategoryCode=&juniorRankingType=itf&take=100&skip=1400&isOrderAscending=true,2026-09-07T23:39:28.122Z
2026-09-07,F,1478,800711351,Emily Morgan,USA,USA,2008,46.5,https://www.itftennis.com/tennis/api/PlayerRankApi/GetPlayerRankings?circuitCode=JT&playerTypeCode=G&ageCategoryCode=&juniorRankingType=itf&take=100&skip=1400&isOrderAscending=true,2026-09-07T23:39:28.122Z
2026-09-07,F,1479,800670958,Rin Ito,JPN,Japan,2009,46.5,https://www.itftennis.com/tennis/api/PlayerRankApi/GetPlayerRankings?circuitCode=JT&playerTypeCode=G&ageCategoryCode=&juniorRankingType=itf&take=100&skip=1400&isOrderAscending=true,2026-09-07T23:39:28.122Z
2026-09-07,F,1480,800725827,Anna Shchavinska,UKR,Ukraine,2011,46.5,https://www.itftennis.com/tennis/api/PlayerRankApi/GetPlayerRankings?circuitCode=JT&playerTypeCode=G&ageCategoryCode=&juniorRankingType=itf&take=100&skip=1400&isOrderAscending=true,2026-09-07T23:39:28.122Z
2026-09-07,F,1481,800661728,Kristina Kaneva,BUL,Bulgaria,2010,46.5,https://www.itftennis.com/tennis/api/PlayerRankApi/GetPlayerRankings?circuitCode=JT&playerTypeCode=G&ageCategoryCode=&juniorRankingType=itf&take=100&skip=1400&isOrderAscending=true,2026-09-07T23:39:28.122Z
2026-09-07,F,1482,800779990,Vida Gonzalez Campbell,CAN,Canada,2010,46.5,https://www.itftennis.com/tennis/api/PlayerRankApi/GetPlayerRankings?circuitCode=JT&playerTypeCode=G&ageCategoryCode=&juniorRankingType=itf&take=100&skip=1400&isOrderAscending=true,2026-09-07T23:39:28.122Z
2026-09-07,F,1483,800742400,Kunwei Wang,CHN,"China, P.R.",2010,46.25,https://www.itftennis.com/tennis/api/PlayerRankApi/GetPlayerRankings?circuitCode=JT&playerTypeCode=G&ageCategoryCode=&juniorRankingType=itf&take=100&skip=1400&isOrderAscending=true,2026-09-07T23:39:28.122Z
2026-09-07,F,1484,800670058,Alice Sharp,GBR,Great Britain,2009,46.25,https://www.itftennis.com/tennis/api/PlayerRankApi/GetPlayerRankings?circuitCode=JT&playerTypeCode=G&ageCategoryCode=&juniorRankingType=itf&take=100&skip=1400&isOrderAscending=true,2026-09-07T23:39:28.122Z
2026-09-07,F,1485,800725184,Zofia Barcik,FRA,France,2011,46.25,https://www.itftennis.com/tennis/api/PlayerRankApi/GetPlayerRankings?circuitCode=JT&playerTypeCode=G&ageCategoryCode=&juniorRankingType=itf&take=100&skip=1400&isOrderAscending=true,2026-09-07T23:39:28.122Z
2026-09-07,F,1486,800835729,Iana Kopylova,RUS,Russia,2011,46,https://www.itftennis.com/tennis/api/PlayerRankApi/GetPlayerRankings?circuitCode=JT&playerTypeCode=G&ageCategoryCode=&juniorRankingType=itf&take=100&skip=1400&isOrderAscending=true,2026-09-07T23:39:28.122Z
2026-09-07,F,1487,800694076,Natalia Gabriela Dragomir,ROU,Romania,2012,46,https://www.itftennis.com/tennis/api/PlayerRankApi/GetPlayerRankings?circuitCode=JT&playerTypeCode=G&ageCategoryCode=&juniorRankingType=itf&take=100&skip=1400&isOrderAscending=true,2026-09-07T23:39:28.122Z
2026-09-07,F,1488,800706098,Martyna Sikora,POL,Poland,2009,46,https://www.itftennis.com/tennis/api/PlayerRankApi/GetPlayerRankings?circuitCode=JT&playerTypeCode=G&ageCategoryCode=&juniorRankingType=itf&take=100&skip=1400&isOrderAscending=true,2026-09-07T23:39:28.122Z
2026-09-07,F,1489,800733463,Iha Joshi Iha,IND,India,2011,46,https://www.itftennis.com/tennis/api/PlayerRankApi/GetPlayerRankings?circuitCode=JT&playerTypeCode=G&ageCategoryCode=&juniorRankingType=itf&take=100&skip=1400&isOrderAscending=true,2026-09-07T23:39:28.122Z
2026-09-07,F,1490,800755807,ye na Park,KOR,"Korea, Rep.",2011,46,https://www.itftennis.com/tennis/api/PlayerRankApi/GetPlayerRankings?circuitCode=JT&playerTypeCode=G&ageCategoryCode=&juniorRankingType=itf&take=100&skip=1400&isOrderAscending=true,2026-09-07T23:39:28.122Z
2026-09-07,F,1491,800805988,Ai Shin Huang,TPE,Chinese Taipei,2011,46,https://www.itftennis.com/tennis/api/PlayerRankApi/GetPlayerRankings?circuitCode=JT&playerTypeCode=G&ageCategoryCode=&juniorRankingType=itf&take=100&skip=1400&isOrderAscending=true,2026-09-07T23:39:28.122Z
2026-09-07,F,1492,800632087,Nikita Phillips,GBR,Great Britain,2009,46,https://www.itftennis.com/tennis/api/PlayerRankApi/GetPlayerRankings?circuitCode=JT&playerTypeCode=G&ageCategoryCode=&juniorRankingType=itf&take=100&skip=1400&isOrderAscending=true,2026-09-07T23:39:28.122Z
2026-09-07,F,1493,800822494,Varvara Makarova,RUS,Russia,2012,46,https://www.itftennis.com/tennis/api/PlayerRankApi/GetPlayerRankings?circuitCode=JT&playerTypeCode=G&ageCategoryCode=&juniorRankingType=itf&take=100&skip=1400&isOrderAscending=true,2026-09-07T23:39:28.122Z
2026-09-07,F,1494,800630121,Antonia Staneva,BUL,Bulgaria,2009,45.75,https://www.itftennis.com/tennis/api/PlayerRankApi/GetPlayerRankings?circuitCode=JT&playerTypeCode=G&ageCategoryCode=&juniorRankingType=itf&take=100&skip=1400&isOrderAscending=true,2026-09-07T23:39:28.122Z
2026-09-07,F,1495,800661691,Katherine Kobzar,CAN,Canada,2009,45.75,https://www.itftennis.com/tennis/api/PlayerRankApi/GetPlayerRankings?circuitCode=JT&playerTypeCode=G&ageCategoryCode=&juniorRankingType=itf&take=100&skip=1400&isOrderAscending=true,2026-09-07T23:39:28.122Z
2026-09-07,F,1496,800662671,Irina Cretan,ROU,Romania,2010,45.75,https://www.itftennis.com/tennis/api/PlayerRankApi/GetPlayerRankings?circuitCode=JT&playerTypeCode=G&ageCategoryCode=&juniorRankingType=itf&take=100&skip=1400&isOrderAscending=true,2026-09-07T23:39:28.122Z
2026-09-07,F,1497,800578834,Emily Kim,UZB,Uzbekistan,2009,45.5,https://www.itftennis.com/tennis/api/PlayerRankApi/GetPlayerRankings?circuitCode=JT&playerTypeCode=G&ageCategoryCode=&juniorRankingType=itf&take=100&skip=1400&isOrderAscending=true,2026-09-07T23:39:28.122Z
2026-09-07,F,1498,800672855,Milena Jandera,AUS,Australia,2008,45.5,https://www.itftennis.com/tennis/api/PlayerRankApi/GetPlayerRankings?circuitCode=JT&playerTypeCode=G&ageCategoryCode=&juniorRankingType=itf&take=100&skip=1400&isOrderAscending=true,2026-09-07T23:39:28.122Z
2026-09-07,F,1499,800729464,Martina Vazquez Valles,ESP,Spain,2008,45.25,https://www.itftennis.com/tennis/api/PlayerRankApi/GetPlayerRankings?circuitCode=JT&playerTypeCode=G&ageCategoryCode=&juniorRankingType=itf&take=100&skip=1400&isOrderAscending=true,2026-09-07T23:39:28.122Z
2026-09-07,F,1500,800730796,Zayah Baker,NZL,New Zealand,2010,45.25,https://www.itftennis.com/tennis/api/PlayerRankApi/GetPlayerRankings?circuitCode=JT&playerTypeCode=G&ageCategoryCode=&juniorRankingType=itf&take=100&skip=1400&isOrderAscending=true,2026-09-07T23:39:28.122Z
