tournament_key,tournament_name,category,start_date,end_date,tournament_id,event_id,player_type_code,player_type_desc,match_type_code,match_type_desc,event_classification_code,event_classification_desc,drawsheet_structure_code,drawsheet_structure_desc,group_name,round_name,round_order,match_id,play_status_code,play_status_desc,result_status_code,result_status_desc,team1_player_ids,team1_names,team1_nationalities,team1_seed,team1_entry_status,team2_player_ids,team2_names,team2_nationalities,team2_seed,team2_entry_status,winner_side,winner_names,score,h2h_link,live_scores_link,raw_json,collected_at
J-JGS-FRA-2026-001,Roland Garros Junior Championships,JGS,2026-05-31,2026-06-06,1100202636,1100689784,B,Boys,S,Singles,M,Main Draw,KO,Knock-out,,1st Round,1,1183558366,PC,Played and completed,,,800680259,Luis Guto Miguel,BRA,1,DA,800700658,Hyu Kawanishi,JPN,,DA,1,Luis Guto Miguel,6-3 6-1,https://www.itftennis.com/en/head-to-head/?circuitCode=jt&player1Id=800680259&player2Id=800700658,https://www.rolandgarros.com/en-us/matches?status=live,"{""matchId"":1183558366,""h2hLink"":""/en/head-to-head/?circuitCode=jt&player1Id=800680259&player2Id=800700658"",""liveScoresLink"":""https://www.rolandgarros.com/en-us/matches?status=live"",""teams"":[{""players"":[{""playerId"":800680259,""nationality"":""BRA"",""givenName"":""Luis Guto"",""familyName"":""Miguel"",""profileLink"":""/en/players/luis-guto-miguel/800680259/bra/jt/s/"",""hiddenPlayer"":false},null],""scores"":[{""score"":6,""losingScore"":null},{""score"":6,""losingScore"":null},null,null,null],""isWinner"":true,""seeding"":1,""tieNationCode"":null,""entryStatus"":""DA""},{""players"":[{""playerId"":800700658,""nationality"":""JPN"",""givenName"":""Hyu"",""familyName"":""Kawanishi"",""profileLink"":""/en/players/hyu-kawanishi/800700658/jpn/jt/s/"",""hiddenPlayer"":false},null],""scores"":[{""score"":3,""losingScore"":null},{""score"":1,""losingScore"":null},null,null,null],""isWinner"":false,""seeding"":null,""tieNationCode"":null,""entryStatus"":""DA""}],""playStatusCode"":""PC"",""playStatusDesc"":""Played and completed"",""resultStatusDesc"":null,""resultStatusCode"":null,""MatchTypeCode"":null,""CircuitCode"":null}",2026-06-02T22:21:14.861Z
J-JGS-FRA-2026-001,Roland Garros Junior Championships,JGS,2026-05-31,2026-06-06,1100202636,1100689784,B,Boys,S,Singles,M,Main Draw,KO,Knock-out,,1st Round,1,1183558367,PC,Played and completed,,,800590813,Savva Rybkin,RUS,,DA,800721316,Ryan Cozad,USA,,DA,2,Ryan Cozad,2-6 2-6,https://www.itftennis.com/en/head-to-head/?circuitCode=jt&player1Id=800590813&player2Id=800721316,https://www.rolandgarros.com/en-us/matches?status=live,"{""matchId"":1183558367,""h2hLink"":""/en/head-to-head/?circuitCode=jt&player1Id=800590813&player2Id=800721316"",""liveScoresLink"":""https://www.rolandgarros.com/en-us/matches?status=live"",""teams"":[{""players"":[{""playerId"":800590813,""nationality"":""RUS"",""givenName"":""Savva"",""familyName"":""Rybkin"",""profileLink"":""/en/players/savva-rybkin/800590813/rus/jt/s/"",""hiddenPlayer"":false},null],""scores"":[{""score"":2,""losingScore"":null},{""score"":2,""losingScore"":null},null,null,null],""isWinner"":false,""seeding"":null,""tieNationCode"":null,""entryStatus"":""DA""},{""players"":[{""playerId"":800721316,""nationality"":""USA"",""givenName"":""Ryan"",""familyName"":""Cozad"",""profileLink"":""/en/players/ryan-cozad/800721316/usa/jt/s/"",""hiddenPlayer"":false},null],""scores"":[{""score"":6,""losingScore"":null},{""score"":6,""losingScore"":null},null,null,null],""isWinner"":true,""seeding"":null,""tieNationCode"":null,""entryStatus"":""DA""}],""playStatusCode"":""PC"",""playStatusDesc"":""Played and completed"",""resultStatusDesc"":null,""resultStatusCode"":null,""MatchTypeCode"":null,""CircuitCode"":null}",2026-06-02T22:21:14.862Z
J-JGS-FRA-2026-001,Roland Garros Junior Championships,JGS,2026-05-31,2026-06-06,1100202636,1100689784,B,Boys,S,Singles,M,Main Draw,KO,Knock-out,,1st Round,1,1183558368,PC,Played and completed,,,800594501,Ferdinand Livet Novkirichka,FRA,,WC,800652195,Juan Miguel Bolivar Idarraga,COL,,DA,1,Ferdinand Livet Novkirichka,7-5 6-2,https://www.itftennis.com/en/head-to-head/?circuitCode=jt&player1Id=800594501&player2Id=800652195,https://www.rolandgarros.com/en-us/matches?status=live,"{""matchId"":1183558368,""h2hLink"":""/en/head-to-head/?circuitCode=jt&player1Id=800594501&player2Id=800652195"",""liveScoresLink"":""https://www.rolandgarros.com/en-us/matches?status=live"",""teams"":[{""players"":[{""playerId"":800594501,""nationality"":""FRA"",""givenName"":""Ferdinand"",""familyName"":""Livet Novkirichka"",""profileLink"":""/en/players/ferdinand-livet-novkirichka/800594501/fra/jt/s/"",""hiddenPlayer"":false},null],""scores"":[{""score"":7,""losingScore"":null},{""score"":6,""losingScore"":null},null,null,null],""isWinner"":true,""seeding"":null,""tieNationCode"":null,""entryStatus"":""WC""},{""players"":[{""playerId"":800652195,""nationality"":""COL"",""givenName"":""Juan Miguel"",""familyName"":""Bolivar Idarraga"",""profileLink"":""/en/players/juan-miguel-bolivar-idarraga/800652195/col/jt/s/"",""hiddenPlayer"":false},null],""scores"":[{""score"":5,""losingScore"":null},{""score"":2,""losingScore"":null},null,null,null],""isWinner"":false,""seeding"":null,""tieNationCode"":null,""entryStatus"":""DA""}],""playStatusCode"":""PC"",""playStatusDesc"":""Played and completed"",""resultStatusDesc"":null,""resultStatusCode"":null,""MatchTypeCode"":null,""CircuitCode"":null}",2026-06-02T22:21:14.862Z
J-JGS-FRA-2026-001,Roland Garros Junior Championships,JGS,2026-05-31,2026-06-06,1100202636,1100689784,B,Boys,S,Singles,M,Main Draw,KO,Knock-out,,1st Round,1,1183558369,PC,Played and completed,,,800661936,Leon Sloboda,SVK,,DA,800600773,Nicolas Baena,PER,16,DA,2,Nicolas Baena,6-4 6-7(3) 3-6,https://www.itftennis.com/en/head-to-head/?circuitCode=jt&player1Id=800661936&player2Id=800600773,https://www.rolandgarros.com/en-us/matches?status=live,"{""matchId"":1183558369,""h2hLink"":""/en/head-to-head/?circuitCode=jt&player1Id=800661936&player2Id=800600773"",""liveScoresLink"":""https://www.rolandgarros.com/en-us/matches?status=live"",""teams"":[{""players"":[{""playerId"":800661936,""nationality"":""SVK"",""givenName"":""Leon"",""familyName"":""Sloboda"",""profileLink"":""/en/players/leon-sloboda/800661936/svk/jt/s/"",""hiddenPlayer"":false},null],""scores"":[{""score"":6,""losingScore"":null},{""score"":6,""losingScore"":3},{""score"":3,""losingScore"":null},null,null],""isWinner"":false,""seeding"":null,""tieNationCode"":null,""entryStatus"":""DA""},{""players"":[{""playerId"":800600773,""nationality"":""PER"",""givenName"":""Nicolas"",""familyName"":""Baena"",""profileLink"":""/en/players/nicolas-baena/800600773/per/jt/s/"",""hiddenPlayer"":false},null],""scores"":[{""score"":4,""losingScore"":null},{""score"":7,""losingScore"":null},{""score"":6,""losingScore"":null},null,null],""isWinner"":true,""seeding"":16,""tieNationCode"":null,""entryStatus"":""DA""}],""playStatusCode"":""PC"",""playStatusDesc"":""Played and completed"",""resultStatusDesc"":null,""resultStatusCode"":null,""MatchTypeCode"":null,""CircuitCode"":null}",2026-06-02T22:21:14.862Z
J-JGS-FRA-2026-001,Roland Garros Junior Championships,JGS,2026-05-31,2026-06-06,1100202636,1100689784,B,Boys,S,Singles,M,Main Draw,KO,Knock-out,,1st Round,1,1183558370,PC,Played and completed,,,800717286,Andrew Johnson,USA,11,DA,800589799,Raffaele Ciurnelli,ITA,,DA,2,Raffaele Ciurnelli,2-6 4-6,https://www.itftennis.com/en/head-to-head/?circuitCode=jt&player1Id=800717286&player2Id=800589799,https://www.rolandgarros.com/en-us/matches?status=live,"{""matchId"":1183558370,""h2hLink"":""/en/head-to-head/?circuitCode=jt&player1Id=800717286&player2Id=800589799"",""liveScoresLink"":""https://www.rolandgarros.com/en-us/matches?status=live"",""teams"":[{""players"":[{""playerId"":800717286,""nationality"":""USA"",""givenName"":""Andrew"",""familyName"":""Johnson"",""profileLink"":""/en/players/andrew-johnson/800717286/usa/jt/s/"",""hiddenPlayer"":false},null],""scores"":[{""score"":2,""losingScore"":null},{""score"":4,""losingScore"":null},null,null,null],""isWinner"":false,""seeding"":11,""tieNationCode"":null,""entryStatus"":""DA""},{""players"":[{""playerId"":800589799,""nationality"":""ITA"",""givenName"":""Raffaele"",""familyName"":""Ciurnelli"",""profileLink"":""/en/players/raffaele-ciurnelli/800589799/ita/jt/s/"",""hiddenPlayer"":false},null],""scores"":[{""score"":6,""losingScore"":null},{""score"":6,""losingScore"":null},null,null,null],""isWinner"":true,""seeding"":null,""tieNationCode"":null,""entryStatus"":""DA""}],""playStatusCode"":""PC"",""playStatusDesc"":""Played and completed"",""resultStatusDesc"":null,""resultStatusCode"":null,""MatchTypeCode"":null,""CircuitCode"":null}",2026-06-02T22:21:14.862Z
J-JGS-FRA-2026-001,Roland Garros Junior Championships,JGS,2026-05-31,2026-06-06,1100202636,1100689784,B,Boys,S,Singles,M,Main Draw,KO,Knock-out,,1st Round,1,1183558371,PC,Played and completed,,,800597355,Mathys Domenc,FRA,,DA,800626357,Dan Brand,ISR,,SE,1,Mathys Domenc,3-6 7-5 6-1,https://www.itftennis.com/en/head-to-head/?circuitCode=jt&player1Id=800597355&player2Id=800626357,https://www.rolandgarros.com/en-us/matches?status=live,"{""matchId"":1183558371,""h2hLink"":""/en/head-to-head/?circuitCode=jt&player1Id=800597355&player2Id=800626357"",""liveScoresLink"":""https://www.rolandgarros.com/en-us/matches?status=live"",""teams"":[{""players"":[{""playerId"":800597355,""nationality"":""FRA"",""givenName"":""Mathys"",""familyName"":""Domenc"",""profileLink"":""/en/players/mathys-domenc/800597355/fra/jt/s/"",""hiddenPlayer"":false},null],""scores"":[{""score"":3,""losingScore"":null},{""score"":7,""losingScore"":null},{""score"":6,""losingScore"":null},null,null],""isWinner"":true,""seeding"":null,""tieNationCode"":null,""entryStatus"":""DA""},{""players"":[{""playerId"":800626357,""nationality"":""ISR"",""givenName"":""Dan"",""familyName"":""Brand"",""profileLink"":""/en/players/dan-brand/800626357/isr/jt/s/"",""hiddenPlayer"":false},null],""scores"":[{""score"":6,""losingScore"":null},{""score"":5,""losingScore"":null},{""score"":1,""losingScore"":null},null,null],""isWinner"":false,""seeding"":null,""tieNationCode"":null,""entryStatus"":""SE""}],""playStatusCode"":""PC"",""playStatusDesc"":""Played and completed"",""resultStatusDesc"":null,""resultStatusCode"":null,""MatchTypeCode"":null,""CircuitCode"":null}",2026-06-02T22:21:14.862Z
J-JGS-FRA-2026-001,Roland Garros Junior Championships,JGS,2026-05-31,2026-06-06,1100202636,1100689784,B,Boys,S,Singles,M,Main Draw,KO,Knock-out,,1st Round,1,1183558372,PC,Played and completed,,,800793512,Tanishk Konduri,USA,,DA,800587925,Oliver Majdandzic,GER,,Q,2,Oliver Majdandzic,2-6 4-6,https://www.itftennis.com/en/head-to-head/?circuitCode=jt&player1Id=800793512&player2Id=800587925,https://www.rolandgarros.com/en-us/matches?status=live,"{""matchId"":1183558372,""h2hLink"":""/en/head-to-head/?circuitCode=jt&player1Id=800793512&player2Id=800587925"",""liveScoresLink"":""https://www.rolandgarros.com/en-us/matches?status=live"",""teams"":[{""players"":[{""playerId"":800793512,""nationality"":""USA"",""givenName"":""Tanishk"",""familyName"":""Konduri"",""profileLink"":""/en/players/tanishk-konduri/800793512/usa/jt/s/"",""hiddenPlayer"":false},null],""scores"":[{""score"":2,""losingScore"":null},{""score"":4,""losingScore"":null},null,null,null],""isWinner"":false,""seeding"":null,""tieNationCode"":null,""entryStatus"":""DA""},{""players"":[{""playerId"":800587925,""nationality"":""GER"",""givenName"":""Oliver"",""familyName"":""Majdandzic"",""profileLink"":""/en/players/oliver-majdandzic/800587925/ger/jt/s/"",""hiddenPlayer"":false},null],""scores"":[{""score"":6,""losingScore"":null},{""score"":6,""losingScore"":null},null,null,null],""isWinner"":true,""seeding"":null,""tieNationCode"":null,""entryStatus"":""Q""}],""playStatusCode"":""PC"",""playStatusDesc"":""Played and completed"",""resultStatusDesc"":null,""resultStatusCode"":null,""MatchTypeCode"":null,""CircuitCode"":null}",2026-06-02T22:21:14.862Z
J-JGS-FRA-2026-001,Roland Garros Junior Championships,JGS,2026-05-31,2026-06-06,1100202636,1100689784,B,Boys,S,Singles,M,Main Draw,KO,Knock-out,,1st Round,1,1183558373,PC,Played and completed,,,800684768,Benoit Geldof,FRA,,WC,800589798,Thilo Behrmann,AUT,7,DA,2,Thilo Behrmann,2-6 2-6,https://www.itftennis.com/en/head-to-head/?circuitCode=jt&player1Id=800684768&player2Id=800589798,https://www.rolandgarros.com/en-us/matches?status=live,"{""matchId"":1183558373,""h2hLink"":""/en/head-to-head/?circuitCode=jt&player1Id=800684768&player2Id=800589798"",""liveScoresLink"":""https://www.rolandgarros.com/en-us/matches?status=live"",""teams"":[{""players"":[{""playerId"":800684768,""nationality"":""FRA"",""givenName"":""Benoit"",""familyName"":""Geldof"",""profileLink"":""/en/players/benoit-geldof/800684768/fra/jt/s/"",""hiddenPlayer"":false},null],""scores"":[{""score"":2,""losingScore"":null},{""score"":2,""losingScore"":null},null,null,null],""isWinner"":false,""seeding"":null,""tieNationCode"":null,""entryStatus"":""WC""},{""players"":[{""playerId"":800589798,""nationality"":""AUT"",""givenName"":""Thilo"",""familyName"":""Behrmann"",""profileLink"":""/en/players/thilo-behrmann/800589798/aut/jt/s/"",""hiddenPlayer"":false},null],""scores"":[{""score"":6,""losingScore"":null},{""score"":6,""losingScore"":null},null,null,null],""isWinner"":true,""seeding"":7,""tieNationCode"":null,""entryStatus"":""DA""}],""playStatusCode"":""PC"",""playStatusDesc"":""Played and completed"",""resultStatusDesc"":null,""resultStatusCode"":null,""MatchTypeCode"":null,""CircuitCode"":null}",2026-06-02T22:21:14.862Z
J-JGS-FRA-2026-001,Roland Garros Junior Championships,JGS,2026-05-31,2026-06-06,1100202636,1100689784,B,Boys,S,Singles,M,Main Draw,KO,Knock-out,,1st Round,1,1183558374,PC,Played and completed,,,800692786,Jack Kennedy,USA,4,DA,800654359,Emilio Camacho,ECU,,DA,1,Jack Kennedy,7-6(4) 6-2,https://www.itftennis.com/en/head-to-head/?circuitCode=jt&player1Id=800692786&player2Id=800654359,https://www.rolandgarros.com/en-us/matches?status=live,"{""matchId"":1183558374,""h2hLink"":""/en/head-to-head/?circuitCode=jt&player1Id=800692786&player2Id=800654359"",""liveScoresLink"":""https://www.rolandgarros.com/en-us/matches?status=live"",""teams"":[{""players"":[{""playerId"":800692786,""nationality"":""USA"",""givenName"":""Jack"",""familyName"":""Kennedy"",""profileLink"":""/en/players/jack-kennedy/800692786/usa/jt/s/"",""hiddenPlayer"":false},null],""scores"":[{""score"":7,""losingScore"":null},{""score"":6,""losingScore"":null},null,null,null],""isWinner"":true,""seeding"":4,""tieNationCode"":null,""entryStatus"":""DA""},{""players"":[{""playerId"":800654359,""nationality"":""ECU"",""givenName"":""Emilio"",""familyName"":""Camacho"",""profileLink"":""/en/players/emilio-camacho/800654359/ecu/jt/s/"",""hiddenPlayer"":false},null],""scores"":[{""score"":6,""losingScore"":4},{""score"":2,""losingScore"":null},null,null,null],""isWinner"":false,""seeding"":null,""tieNationCode"":null,""entryStatus"":""DA""}],""playStatusCode"":""PC"",""playStatusDesc"":""Played and completed"",""resultStatusDesc"":null,""resultStatusCode"":null,""MatchTypeCode"":null,""CircuitCode"":null}",2026-06-02T22:21:14.862Z
J-JGS-FRA-2026-001,Roland Garros Junior Championships,JGS,2026-05-31,2026-06-06,1100202636,1100689784,B,Boys,S,Singles,M,Main Draw,KO,Knock-out,,1st Round,1,1183558375,PC,Played and completed,,,800681412,Daniel Jade,FRA,,DA,800594039,Valentin Gonzalez-Galino,ESP,,DA,1,Daniel Jade,6-3 6-4,https://www.itftennis.com/en/head-to-head/?circuitCode=jt&player1Id=800681412&player2Id=800594039,https://www.rolandgarros.com/en-us/matches?status=live,"{""matchId"":1183558375,""h2hLink"":""/en/head-to-head/?circuitCode=jt&player1Id=800681412&player2Id=800594039"",""liveScoresLink"":""https://www.rolandgarros.com/en-us/matches?status=live"",""teams"":[{""players"":[{""playerId"":800681412,""nationality"":""FRA"",""givenName"":""Daniel"",""familyName"":""Jade"",""profileLink"":""/en/players/daniel-jade/800681412/fra/jt/s/"",""hiddenPlayer"":false},null],""scores"":[{""score"":6,""losingScore"":null},{""score"":6,""losingScore"":null},null,null,null],""isWinner"":true,""seeding"":null,""tieNationCode"":null,""entryStatus"":""DA""},{""players"":[{""playerId"":800594039,""nationality"":""ESP"",""givenName"":""Valentin"",""familyName"":""Gonzalez-Galino"",""profileLink"":""/en/players/valentin-gonzalez-galino/800594039/esp/jt/s/"",""hiddenPlayer"":false},null],""scores"":[{""score"":3,""losingScore"":null},{""score"":4,""losingScore"":null},null,null,null],""isWinner"":false,""seeding"":null,""tieNationCode"":null,""entryStatus"":""DA""}],""playStatusCode"":""PC"",""playStatusDesc"":""Played and completed"",""resultStatusDesc"":null,""resultStatusCode"":null,""MatchTypeCode"":null,""CircuitCode"":null}",2026-06-02T22:21:14.863Z
J-JGS-FRA-2026-001,Roland Garros Junior Championships,JGS,2026-05-31,2026-06-06,1100202636,1100689784,B,Boys,S,Singles,M,Main Draw,KO,Knock-out,,1st Round,1,1183558376,PC,Played and completed,,,800573038,Arnav Paparkar,IND,,DA,800635903,Vincent Reisach,GER,,DA,1,Arnav Paparkar,7-6(4) 6-4,https://www.itftennis.com/en/head-to-head/?circuitCode=jt&player1Id=800573038&player2Id=800635903,https://www.rolandgarros.com/en-us/matches?status=live,"{""matchId"":1183558376,""h2hLink"":""/en/head-to-head/?circuitCode=jt&player1Id=800573038&player2Id=800635903"",""liveScoresLink"":""https://www.rolandgarros.com/en-us/matches?status=live"",""teams"":[{""players"":[{""playerId"":800573038,""nationality"":""IND"",""givenName"":""Arnav"",""familyName"":""Paparkar"",""profileLink"":""/en/players/arnav-paparkar/800573038/ind/jt/s/"",""hiddenPlayer"":false},null],""scores"":[{""score"":7,""losingScore"":null},{""score"":6,""losingScore"":null},null,null,null],""isWinner"":true,""seeding"":null,""tieNationCode"":null,""entryStatus"":""DA""},{""players"":[{""playerId"":800635903,""nationality"":""GER"",""givenName"":""Vincent"",""familyName"":""Reisach"",""profileLink"":""/en/players/vincent-reisach/800635903/ger/jt/s/"",""hiddenPlayer"":false},null],""scores"":[{""score"":6,""losingScore"":4},{""score"":4,""losingScore"":null},null,null,null],""isWinner"":false,""seeding"":null,""tieNationCode"":null,""entryStatus"":""DA""}],""playStatusCode"":""PC"",""playStatusDesc"":""Played and completed"",""resultStatusDesc"":null,""resultStatusCode"":null,""MatchTypeCode"":null,""CircuitCode"":null}",2026-06-02T22:21:14.863Z
J-JGS-FRA-2026-001,Roland Garros Junior Championships,JGS,2026-05-31,2026-06-06,1100202636,1100689784,B,Boys,S,Singles,M,Main Draw,KO,Knock-out,,1st Round,1,1183558377,PC,Played and completed,,,800630877,Matei Victor Chelemen,ROU,,SE,800692766,Kuan-Shou Chen,TPE,15,DA,2,Kuan-Shou Chen,4-6 6-7(3),https://www.itftennis.com/en/head-to-head/?circuitCode=jt&player1Id=800630877&player2Id=800692766,https://www.rolandgarros.com/en-us/matches?status=live,"{""matchId"":1183558377,""h2hLink"":""/en/head-to-head/?circuitCode=jt&player1Id=800630877&player2Id=800692766"",""liveScoresLink"":""https://www.rolandgarros.com/en-us/matches?status=live"",""teams"":[{""players"":[{""playerId"":800630877,""nationality"":""ROU"",""givenName"":""Matei Victor"",""familyName"":""Chelemen"",""profileLink"":""/en/players/matei-victor-chelemen/800630877/rou/jt/s/"",""hiddenPlayer"":false},null],""scores"":[{""score"":4,""losingScore"":null},{""score"":6,""losingScore"":3},null,null,null],""isWinner"":false,""seeding"":null,""tieNationCode"":null,""entryStatus"":""SE""},{""players"":[{""playerId"":800692766,""nationality"":""TPE"",""givenName"":""Kuan-Shou"",""familyName"":""Chen"",""profileLink"":""/en/players/kuan-shou-chen/800692766/tpe/jt/s/"",""hiddenPlayer"":false},null],""scores"":[{""score"":6,""losingScore"":null},{""score"":7,""losingScore"":null},null,null,null],""isWinner"":true,""seeding"":15,""tieNationCode"":null,""entryStatus"":""DA""}],""playStatusCode"":""PC"",""playStatusDesc"":""Played and completed"",""resultStatusDesc"":null,""resultStatusCode"":null,""MatchTypeCode"":null,""CircuitCode"":null}",2026-06-02T22:21:14.863Z
J-JGS-FRA-2026-001,Roland Garros Junior Championships,JGS,2026-05-31,2026-06-06,1100202636,1100689784,B,Boys,S,Singles,M,Main Draw,KO,Knock-out,,1st Round,1,1183558378,PC,Played and completed,,,800696168,Yannik Alvarez,PUR,12,DA,800712851,Daniel Jovanovski,AUS,,DA,1,Yannik Alvarez,6-2 6-2,https://www.itftennis.com/en/head-to-head/?circuitCode=jt&player1Id=800696168&player2Id=800712851,https://www.rolandgarros.com/en-us/matches?status=live,"{""matchId"":1183558378,""h2hLink"":""/en/head-to-head/?circuitCode=jt&player1Id=800696168&player2Id=800712851"",""liveScoresLink"":""https://www.rolandgarros.com/en-us/matches?status=live"",""teams"":[{""players"":[{""playerId"":800696168,""nationality"":""PUR"",""givenName"":""Yannik"",""familyName"":""Alvarez"",""profileLink"":""/en/players/yannik-alvarez/800696168/pur/jt/s/"",""hiddenPlayer"":false},null],""scores"":[{""score"":6,""losingScore"":null},{""score"":6,""losingScore"":null},null,null,null],""isWinner"":true,""seeding"":12,""tieNationCode"":null,""entryStatus"":""DA""},{""players"":[{""playerId"":800712851,""nationality"":""AUS"",""givenName"":""Daniel"",""familyName"":""Jovanovski"",""profileLink"":""/en/players/daniel-jovanovski/800712851/aus/jt/s/"",""hiddenPlayer"":false},null],""scores"":[{""score"":2,""losingScore"":null},{""score"":2,""losingScore"":null},null,null,null],""isWinner"":false,""seeding"":null,""tieNationCode"":null,""entryStatus"":""DA""}],""playStatusCode"":""PC"",""playStatusDesc"":""Played and completed"",""resultStatusDesc"":null,""resultStatusCode"":null,""MatchTypeCode"":null,""CircuitCode"":null}",2026-06-02T22:21:14.863Z
J-JGS-FRA-2026-001,Roland Garros Junior Championships,JGS,2026-05-31,2026-06-06,1100202636,1100689784,B,Boys,S,Singles,M,Main Draw,KO,Knock-out,,1st Round,1,1183558379,PC,Played and completed,,,800664509,Pablo Pradat,FRA,,WC,800676504,Leonardo Storck Franca,BRA,,WC,2,Leonardo Storck Franca,4-6 0-6,https://www.itftennis.com/en/head-to-head/?circuitCode=jt&player1Id=800664509&player2Id=800676504,https://www.rolandgarros.com/en-us/matches?status=live,"{""matchId"":1183558379,""h2hLink"":""/en/head-to-head/?circuitCode=jt&player1Id=800664509&player2Id=800676504"",""liveScoresLink"":""https://www.rolandgarros.com/en-us/matches?status=live"",""teams"":[{""players"":[{""playerId"":800664509,""nationality"":""FRA"",""givenName"":""Pablo"",""familyName"":""Pradat"",""profileLink"":""/en/players/pablo-pradat/800664509/fra/jt/s/"",""hiddenPlayer"":false},null],""scores"":[{""score"":4,""losingScore"":null},{""score"":0,""losingScore"":null},null,null,null],""isWinner"":false,""seeding"":null,""tieNationCode"":null,""entryStatus"":""WC""},{""players"":[{""playerId"":800676504,""nationality"":""BRA"",""givenName"":""Leonardo"",""familyName"":""Storck Franca"",""profileLink"":""/en/players/leonardo-storck-franca/800676504/bra/jt/s/"",""hiddenPlayer"":false},null],""scores"":[{""score"":6,""losingScore"":null},{""score"":6,""losingScore"":null},null,null,null],""isWinner"":true,""seeding"":null,""tieNationCode"":null,""entryStatus"":""WC""}],""playStatusCode"":""PC"",""playStatusDesc"":""Played and completed"",""resultStatusDesc"":null,""resultStatusCode"":null,""MatchTypeCode"":null,""CircuitCode"":null}",2026-06-02T22:21:14.863Z
J-JGS-FRA-2026-001,Roland Garros Junior Championships,JGS,2026-05-31,2026-06-06,1100202636,1100689784,B,Boys,S,Singles,M,Main Draw,KO,Knock-out,,1st Round,1,1183558380,PC,Played and completed,,,800667373,Motoharu Abe,JPN,,JGSE,800697653,Agassi Rusher,USA,,Q,2,Agassi Rusher,4-6 5-7,https://www.itftennis.com/en/head-to-head/?circuitCode=jt&player1Id=800667373&player2Id=800697653,https://www.rolandgarros.com/en-us/matches?status=live,"{""matchId"":1183558380,""h2hLink"":""/en/head-to-head/?circuitCode=jt&player1Id=800667373&player2Id=800697653"",""liveScoresLink"":""https://www.rolandgarros.com/en-us/matches?status=live"",""teams"":[{""players"":[{""playerId"":800667373,""nationality"":""JPN"",""givenName"":""Motoharu"",""familyName"":""Abe"",""profileLink"":""/en/players/motoharu-abe/800667373/jpn/jt/s/"",""hiddenPlayer"":false},null],""scores"":[{""score"":4,""losingScore"":null},{""score"":5,""losingScore"":null},null,null,null],""isWinner"":false,""seeding"":null,""tieNationCode"":null,""entryStatus"":""JGSE""},{""players"":[{""playerId"":800697653,""nationality"":""USA"",""givenName"":""Agassi"",""familyName"":""Rusher"",""profileLink"":""/en/players/agassi-rusher/800697653/usa/jt/s/"",""hiddenPlayer"":false},null],""scores"":[{""score"":6,""losingScore"":null},{""score"":7,""losingScore"":null},null,null,null],""isWinner"":true,""seeding"":null,""tieNationCode"":null,""entryStatus"":""Q""}],""playStatusCode"":""PC"",""playStatusDesc"":""Played and completed"",""resultStatusDesc"":null,""resultStatusCode"":null,""MatchTypeCode"":null,""CircuitCode"":null}",2026-06-02T22:21:14.863Z
J-JGS-FRA-2026-001,Roland Garros Junior Championships,JGS,2026-05-31,2026-06-06,1100202636,1100689784,B,Boys,S,Singles,M,Main Draw,KO,Knock-out,,1st Round,1,1183558381,PC,Played and completed,,,800646827,Mark Ceban,GBR,,DA,800543488,Zangar Nurlanuly,KAZ,8,DA,2,Zangar Nurlanuly,3-6 4-6,https://www.itftennis.com/en/head-to-head/?circuitCode=jt&player1Id=800646827&player2Id=800543488,https://www.rolandgarros.com/en-us/matches?status=live,"{""matchId"":1183558381,""h2hLink"":""/en/head-to-head/?circuitCode=jt&player1Id=800646827&player2Id=800543488"",""liveScoresLink"":""https://www.rolandgarros.com/en-us/matches?status=live"",""teams"":[{""players"":[{""playerId"":800646827,""nationality"":""GBR"",""givenName"":""Mark"",""familyName"":""Ceban"",""profileLink"":""/en/players/mark-ceban/800646827/gbr/jt/s/"",""hiddenPlayer"":false},null],""scores"":[{""score"":3,""losingScore"":null},{""score"":4,""losingScore"":null},null,null,null],""isWinner"":false,""seeding"":null,""tieNationCode"":null,""entryStatus"":""DA""},{""players"":[{""playerId"":800543488,""nationality"":""KAZ"",""givenName"":""Zangar"",""familyName"":""Nurlanuly"",""profileLink"":""/en/players/zangar-nurlanuly/800543488/kaz/jt/s/"",""hiddenPlayer"":false},null],""scores"":[{""score"":6,""losingScore"":null},{""score"":6,""losingScore"":null},null,null,null],""isWinner"":true,""seeding"":8,""tieNationCode"":null,""entryStatus"":""DA""}],""playStatusCode"":""PC"",""playStatusDesc"":""Played and completed"",""resultStatusDesc"":null,""resultStatusCode"":null,""MatchTypeCode"":null,""CircuitCode"":null}",2026-06-02T22:21:14.863Z
J-JGS-FRA-2026-001,Roland Garros Junior Championships,JGS,2026-05-31,2026-06-06,1100202636,1100689784,B,Boys,S,Singles,M,Main Draw,KO,Knock-out,,1st Round,1,1183558382,PC,Played and completed,,,800657117,Keaton Hance,USA,6,DA,800573442,Marat Salbiev,RUS,,Q,1,Keaton Hance,6-3 3-6 6-1,https://www.itftennis.com/en/head-to-head/?circuitCode=jt&player1Id=800657117&player2Id=800573442,https://www.rolandgarros.com/en-us/matches?status=live,"{""matchId"":1183558382,""h2hLink"":""/en/head-to-head/?circuitCode=jt&player1Id=800657117&player2Id=800573442"",""liveScoresLink"":""https://www.rolandgarros.com/en-us/matches?status=live"",""teams"":[{""players"":[{""playerId"":800657117,""nationality"":""USA"",""givenName"":""Keaton"",""familyName"":""Hance"",""profileLink"":""/en/players/keaton-hance/800657117/usa/jt/s/"",""hiddenPlayer"":false},null],""scores"":[{""score"":6,""losingScore"":null},{""score"":3,""losingScore"":null},{""score"":6,""losingScore"":null},null,null],""isWinner"":true,""seeding"":6,""tieNationCode"":null,""entryStatus"":""DA""},{""players"":[{""playerId"":800573442,""nationality"":""RUS"",""givenName"":""Marat"",""familyName"":""Salbiev"",""profileLink"":""/en/players/marat-salbiev/800573442/rus/jt/s/"",""hiddenPlayer"":false},null],""scores"":[{""score"":3,""losingScore"":null},{""score"":6,""losingScore"":null},{""score"":1,""losingScore"":null},null,null],""isWinner"":false,""seeding"":null,""tieNationCode"":null,""entryStatus"":""Q""}],""playStatusCode"":""PC"",""playStatusDesc"":""Played and completed"",""resultStatusDesc"":null,""resultStatusCode"":null,""MatchTypeCode"":null,""CircuitCode"":null}",2026-06-02T22:21:14.863Z
J-JGS-FRA-2026-001,Roland Garros Junior Championships,JGS,2026-05-31,2026-06-06,1100202636,1100689784,B,Boys,S,Singles,M,Main Draw,KO,Knock-out,,1st Round,1,1183558383,PC,Played and completed,,,800626993,Mustafa Ege Sik,AUS,,Q,800650301,Pedro Henrique Chabalgoity,BRA,,DA,2,Pedro Henrique Chabalgoity,3-6 5-7,https://www.itftennis.com/en/head-to-head/?circuitCode=jt&player1Id=800626993&player2Id=800650301,https://www.rolandgarros.com/en-us/matches?status=live,"{""matchId"":1183558383,""h2hLink"":""/en/head-to-head/?circuitCode=jt&player1Id=800626993&player2Id=800650301"",""liveScoresLink"":""https://www.rolandgarros.com/en-us/matches?status=live"",""teams"":[{""players"":[{""playerId"":800626993,""nationality"":""AUS"",""givenName"":""Mustafa Ege"",""familyName"":""Sik"",""profileLink"":""/en/players/mustafa-ege-sik/800626993/aus/jt/s/"",""hiddenPlayer"":false},null],""scores"":[{""score"":3,""losingScore"":null},{""score"":5,""losingScore"":null},null,null,null],""isWinner"":false,""seeding"":null,""tieNationCode"":null,""entryStatus"":""Q""},{""players"":[{""playerId"":800650301,""nationality"":""BRA"",""givenName"":""Pedro Henrique"",""familyName"":""Chabalgoity"",""profileLink"":""/en/players/pedro-henrique-chabalgoity/800650301/bra/jt/s/"",""hiddenPlayer"":false},null],""scores"":[{""score"":6,""losingScore"":null},{""score"":7,""losingScore"":null},null,null,null],""isWinner"":true,""seeding"":null,""tieNationCode"":null,""entryStatus"":""DA""}],""playStatusCode"":""PC"",""playStatusDesc"":""Played and completed"",""resultStatusDesc"":null,""resultStatusCode"":null,""MatchTypeCode"":null,""CircuitCode"":null}",2026-06-02T22:21:14.863Z
J-JGS-FRA-2026-001,Roland Garros Junior Championships,JGS,2026-05-31,2026-06-06,1100202636,1100689784,B,Boys,S,Singles,M,Main Draw,KO,Knock-out,,1st Round,1,1183558384,PC,Played and completed,,,800651243,Kaan Isik Kosaner,TUR,,Q,800583661,Mickael Kaouk,FRA,,WC,1,Kaan Isik Kosaner,2-6 6-3 6-2,https://www.itftennis.com/en/head-to-head/?circuitCode=jt&player1Id=800651243&player2Id=800583661,https://www.rolandgarros.com/en-us/matches?status=live,"{""matchId"":1183558384,""h2hLink"":""/en/head-to-head/?circuitCode=jt&player1Id=800651243&player2Id=800583661"",""liveScoresLink"":""https://www.rolandgarros.com/en-us/matches?status=live"",""teams"":[{""players"":[{""playerId"":800651243,""nationality"":""TUR"",""givenName"":""Kaan Isik"",""familyName"":""Kosaner"",""profileLink"":""/en/players/kaan-isik-kosaner/800651243/tur/jt/s/"",""hiddenPlayer"":false},null],""scores"":[{""score"":2,""losingScore"":null},{""score"":6,""losingScore"":null},{""score"":6,""losingScore"":null},null,null],""isWinner"":true,""seeding"":null,""tieNationCode"":null,""entryStatus"":""Q""},{""players"":[{""playerId"":800583661,""nationality"":""FRA"",""givenName"":""Mickael"",""familyName"":""Kaouk"",""profileLink"":""/en/players/mickael-kaouk/800583661/fra/jt/s/"",""hiddenPlayer"":false},null],""scores"":[{""score"":6,""losingScore"":null},{""score"":3,""losingScore"":null},{""score"":2,""losingScore"":null},null,null],""isWinner"":false,""seeding"":null,""tieNationCode"":null,""entryStatus"":""WC""}],""playStatusCode"":""PC"",""playStatusDesc"":""Played and completed"",""resultStatusDesc"":null,""resultStatusCode"":null,""MatchTypeCode"":null,""CircuitCode"":null}",2026-06-02T22:21:14.863Z
J-JGS-FRA-2026-001,Roland Garros Junior Championships,JGS,2026-05-31,2026-06-06,1100202636,1100689784,B,Boys,S,Singles,M,Main Draw,KO,Knock-out,,1st Round,1,1183558385,PC,Played and completed,,,800668600,Simone Massellani,ITA,,DA,800583844,Ryo Tabata,JPN,10,DA,2,Ryo Tabata,4-6 4-6,https://www.itftennis.com/en/head-to-head/?circuitCode=jt&player1Id=800668600&player2Id=800583844,https://www.rolandgarros.com/en-us/matches?status=live,"{""matchId"":1183558385,""h2hLink"":""/en/head-to-head/?circuitCode=jt&player1Id=800668600&player2Id=800583844"",""liveScoresLink"":""https://www.rolandgarros.com/en-us/matches?status=live"",""teams"":[{""players"":[{""playerId"":800668600,""nationality"":""ITA"",""givenName"":""Simone"",""familyName"":""Massellani"",""profileLink"":""/en/players/simone-massellani/800668600/ita/jt/s/"",""hiddenPlayer"":false},null],""scores"":[{""score"":4,""losingScore"":null},{""score"":4,""losingScore"":null},null,null,null],""isWinner"":false,""seeding"":null,""tieNationCode"":null,""entryStatus"":""DA""},{""players"":[{""playerId"":800583844,""nationality"":""JPN"",""givenName"":""Ryo"",""familyName"":""Tabata"",""profileLink"":""/en/players/ryo-tabata/800583844/jpn/jt/s/"",""hiddenPlayer"":false},null],""scores"":[{""score"":6,""losingScore"":null},{""score"":6,""losingScore"":null},null,null,null],""isWinner"":true,""seeding"":10,""tieNationCode"":null,""entryStatus"":""DA""}],""playStatusCode"":""PC"",""playStatusDesc"":""Played and completed"",""resultStatusDesc"":null,""resultStatusCode"":null,""MatchTypeCode"":null,""CircuitCode"":null}",2026-06-02T22:21:14.863Z
J-JGS-FRA-2026-001,Roland Garros Junior Championships,JGS,2026-05-31,2026-06-06,1100202636,1100689784,B,Boys,S,Singles,M,Main Draw,KO,Knock-out,,1st Round,1,1183558386,PC,Played and completed,,,800658369,Dante Pagani,ARG,14,DA,800596150,Matisse MARTIN,FRA,,WC,2,Matisse MARTIN,4-6 6-1 3-6,https://www.itftennis.com/en/head-to-head/?circuitCode=jt&player1Id=800658369&player2Id=800596150,https://www.rolandgarros.com/en-us/matches?status=live,"{""matchId"":1183558386,""h2hLink"":""/en/head-to-head/?circuitCode=jt&player1Id=800658369&player2Id=800596150"",""liveScoresLink"":""https://www.rolandgarros.com/en-us/matches?status=live"",""teams"":[{""players"":[{""playerId"":800658369,""nationality"":""ARG"",""givenName"":""Dante"",""familyName"":""Pagani"",""profileLink"":""/en/players/dante-pagani/800658369/arg/jt/s/"",""hiddenPlayer"":false},null],""scores"":[{""score"":4,""losingScore"":null},{""score"":6,""losingScore"":null},{""score"":3,""losingScore"":null},null,null],""isWinner"":false,""seeding"":14,""tieNationCode"":null,""entryStatus"":""DA""},{""players"":[{""playerId"":800596150,""nationality"":""FRA"",""givenName"":""Matisse"",""familyName"":""MARTIN"",""profileLink"":""/en/players/matisse-martin/800596150/fra/jt/s/"",""hiddenPlayer"":false},null],""scores"":[{""score"":6,""losingScore"":null},{""score"":1,""losingScore"":null},{""score"":6,""losingScore"":null},null,null],""isWinner"":true,""seeding"":null,""tieNationCode"":null,""entryStatus"":""WC""}],""playStatusCode"":""PC"",""playStatusDesc"":""Played and completed"",""resultStatusDesc"":null,""resultStatusCode"":null,""MatchTypeCode"":null,""CircuitCode"":null}",2026-06-02T22:21:14.863Z
J-JGS-FRA-2026-001,Roland Garros Junior Championships,JGS,2026-05-31,2026-06-06,1100202636,1100689784,B,Boys,S,Singles,M,Main Draw,KO,Knock-out,,1st Round,1,1183558387,PC,Played and completed,,,800720203,Jack Secord,USA,,DA,800571129,Flynn Thomas,SUI,,DA,2,Flynn Thomas,6-1 3-6 1-6,https://www.itftennis.com/en/head-to-head/?circuitCode=jt&player1Id=800720203&player2Id=800571129,https://www.rolandgarros.com/en-us/matches?status=live,"{""matchId"":1183558387,""h2hLink"":""/en/head-to-head/?circuitCode=jt&player1Id=800720203&player2Id=800571129"",""liveScoresLink"":""https://www.rolandgarros.com/en-us/matches?status=live"",""teams"":[{""players"":[{""playerId"":800720203,""nationality"":""USA"",""givenName"":""Jack"",""familyName"":""Secord"",""profileLink"":""/en/players/jack-secord/800720203/usa/jt/s/"",""hiddenPlayer"":false},null],""scores"":[{""score"":6,""losingScore"":null},{""score"":3,""losingScore"":null},{""score"":1,""losingScore"":null},null,null],""isWinner"":false,""seeding"":null,""tieNationCode"":null,""entryStatus"":""DA""},{""players"":[{""playerId"":800571129,""nationality"":""SUI"",""givenName"":""Flynn"",""familyName"":""Thomas"",""profileLink"":""/en/players/flynn-thomas/800571129/sui/jt/s/"",""hiddenPlayer"":false},null],""scores"":[{""score"":1,""losingScore"":null},{""score"":6,""losingScore"":null},{""score"":6,""losingScore"":null},null,null],""isWinner"":true,""seeding"":null,""tieNationCode"":null,""entryStatus"":""DA""}],""playStatusCode"":""PC"",""playStatusDesc"":""Played and completed"",""resultStatusDesc"":null,""resultStatusCode"":null,""MatchTypeCode"":null,""CircuitCode"":null}",2026-06-02T22:21:14.863Z
J-JGS-FRA-2026-001,Roland Garros Junior Championships,JGS,2026-05-31,2026-06-06,1100202636,1100689784,B,Boys,S,Singles,M,Main Draw,KO,Knock-out,,1st Round,1,1183558388,PC,Played and completed,,,800586446,Timeo Trufelli,FRA,,WC,800565895,Matei Todoran,ROU,,DA,2,Matei Todoran,6-4 3-6 6-7(4),https://www.itftennis.com/en/head-to-head/?circuitCode=jt&player1Id=800586446&player2Id=800565895,https://www.rolandgarros.com/en-us/matches?status=live,"{""matchId"":1183558388,""h2hLink"":""/en/head-to-head/?circuitCode=jt&player1Id=800586446&player2Id=800565895"",""liveScoresLink"":""https://www.rolandgarros.com/en-us/matches?status=live"",""teams"":[{""players"":[{""playerId"":800586446,""nationality"":""FRA"",""givenName"":""Timeo"",""familyName"":""Trufelli"",""profileLink"":""/en/players/timeo-trufelli/800586446/fra/jt/s/"",""hiddenPlayer"":false},null],""scores"":[{""score"":6,""losingScore"":null},{""score"":3,""losingScore"":null},{""score"":6,""losingScore"":4},null,null],""isWinner"":false,""seeding"":null,""tieNationCode"":null,""entryStatus"":""WC""},{""players"":[{""playerId"":800565895,""nationality"":""ROU"",""givenName"":""Matei"",""familyName"":""Todoran"",""profileLink"":""/en/players/matei-todoran/800565895/rou/jt/s/"",""hiddenPlayer"":false},null],""scores"":[{""score"":4,""losingScore"":null},{""score"":6,""losingScore"":null},{""score"":7,""losingScore"":null},null,null],""isWinner"":true,""seeding"":null,""tieNationCode"":null,""entryStatus"":""DA""}],""playStatusCode"":""PC"",""playStatusDesc"":""Played and completed"",""resultStatusDesc"":null,""resultStatusCode"":null,""MatchTypeCode"":null,""CircuitCode"":null}",2026-06-02T22:21:14.863Z
J-JGS-FRA-2026-001,Roland Garros Junior Championships,JGS,2026-05-31,2026-06-06,1100202636,1100689784,B,Boys,S,Singles,M,Main Draw,KO,Knock-out,,1st Round,1,1183558389,PC,Played and completed,,,800781872,Safir Azam,USA,,Q,800570117,Jamie Mackenzie,GER,3,DA,2,Jamie Mackenzie,6-1 4-6 2-6,https://www.itftennis.com/en/head-to-head/?circuitCode=jt&player1Id=800781872&player2Id=800570117,https://www.rolandgarros.com/en-us/matches?status=live,"{""matchId"":1183558389,""h2hLink"":""/en/head-to-head/?circuitCode=jt&player1Id=800781872&player2Id=800570117"",""liveScoresLink"":""https://www.rolandgarros.com/en-us/matches?status=live"",""teams"":[{""players"":[{""playerId"":800781872,""nationality"":""USA"",""givenName"":""Safir"",""familyName"":""Azam"",""profileLink"":""/en/players/safir-azam/800781872/usa/jt/s/"",""hiddenPlayer"":false},null],""scores"":[{""score"":6,""losingScore"":null},{""score"":4,""losingScore"":null},{""score"":2,""losingScore"":null},null,null],""isWinner"":false,""seeding"":null,""tieNationCode"":null,""entryStatus"":""Q""},{""players"":[{""playerId"":800570117,""nationality"":""GER"",""givenName"":""Jamie"",""familyName"":""Mackenzie"",""profileLink"":""/en/players/jamie-mackenzie/800570117/ger/jt/s/"",""hiddenPlayer"":false},null],""scores"":[{""score"":1,""losingScore"":null},{""score"":6,""losingScore"":null},{""score"":6,""losingScore"":null},null,null],""isWinner"":true,""seeding"":3,""tieNationCode"":null,""entryStatus"":""DA""}],""playStatusCode"":""PC"",""playStatusDesc"":""Played and completed"",""resultStatusDesc"":null,""resultStatusCode"":null,""MatchTypeCode"":null,""CircuitCode"":null}",2026-06-02T22:21:14.863Z
J-JGS-FRA-2026-001,Roland Garros Junior Championships,JGS,2026-05-31,2026-06-06,1100202636,1100689784,B,Boys,S,Singles,M,Main Draw,KO,Knock-out,,1st Round,1,1183558390,PC,Played and completed,,,800579895,Ziga Sesko,SLO,5,DA,800590474,Tito Chavez,ESP,,DA,1,Ziga Sesko,6-3 6-4,https://www.itftennis.com/en/head-to-head/?circuitCode=jt&player1Id=800579895&player2Id=800590474,https://www.rolandgarros.com/en-us/matches?status=live,"{""matchId"":1183558390,""h2hLink"":""/en/head-to-head/?circuitCode=jt&player1Id=800579895&player2Id=800590474"",""liveScoresLink"":""https://www.rolandgarros.com/en-us/matches?status=live"",""teams"":[{""players"":[{""playerId"":800579895,""nationality"":""SLO"",""givenName"":""Ziga"",""familyName"":""Sesko"",""profileLink"":""/en/players/ziga-sesko/800579895/slo/jt/s/"",""hiddenPlayer"":false},null],""scores"":[{""score"":6,""losingScore"":null},{""score"":6,""losingScore"":null},null,null,null],""isWinner"":true,""seeding"":5,""tieNationCode"":null,""entryStatus"":""DA""},{""players"":[{""playerId"":800590474,""nationality"":""ESP"",""givenName"":""Tito"",""familyName"":""Chavez"",""profileLink"":""/en/players/tito-chavez/800590474/esp/jt/s/"",""hiddenPlayer"":false},null],""scores"":[{""score"":3,""losingScore"":null},{""score"":4,""losingScore"":null},null,null,null],""isWinner"":false,""seeding"":null,""tieNationCode"":null,""entryStatus"":""DA""}],""playStatusCode"":""PC"",""playStatusDesc"":""Played and completed"",""resultStatusDesc"":null,""resultStatusCode"":null,""MatchTypeCode"":null,""CircuitCode"":null}",2026-06-02T22:21:14.863Z
J-JGS-FRA-2026-001,Roland Garros Junior Championships,JGS,2026-05-31,2026-06-06,1100202636,1100689784,B,Boys,S,Singles,M,Main Draw,KO,Knock-out,,1st Round,1,1183558391,PC,Played and completed,,,800589275,Rihards Neimanis,LAT,,DA,800596852,Christopher Thies,GER,,Q,1,Rihards Neimanis,6-7(4) 6-3 6-4,https://www.itftennis.com/en/head-to-head/?circuitCode=jt&player1Id=800589275&player2Id=800596852,https://www.rolandgarros.com/en-us/matches?status=live,"{""matchId"":1183558391,""h2hLink"":""/en/head-to-head/?circuitCode=jt&player1Id=800589275&player2Id=800596852"",""liveScoresLink"":""https://www.rolandgarros.com/en-us/matches?status=live"",""teams"":[{""players"":[{""playerId"":800589275,""nationality"":""LAT"",""givenName"":""Rihards"",""familyName"":""Neimanis"",""profileLink"":""/en/players/rihards-neimanis/800589275/lat/jt/s/"",""hiddenPlayer"":false},null],""scores"":[{""score"":6,""losingScore"":4},{""score"":6,""losingScore"":null},{""score"":6,""losingScore"":null},null,null],""isWinner"":true,""seeding"":null,""tieNationCode"":null,""entryStatus"":""DA""},{""players"":[{""playerId"":800596852,""nationality"":""GER"",""givenName"":""Christopher"",""familyName"":""Thies"",""profileLink"":""/en/players/christopher-thies/800596852/ger/jt/s/"",""hiddenPlayer"":false},null],""scores"":[{""score"":7,""losingScore"":null},{""score"":3,""losingScore"":null},{""score"":4,""losingScore"":null},null,null],""isWinner"":false,""seeding"":null,""tieNationCode"":null,""entryStatus"":""Q""}],""playStatusCode"":""PC"",""playStatusDesc"":""Played and completed"",""resultStatusDesc"":null,""resultStatusCode"":null,""MatchTypeCode"":null,""CircuitCode"":null}",2026-06-02T22:21:14.863Z
J-JGS-FRA-2026-001,Roland Garros Junior Championships,JGS,2026-05-31,2026-06-06,1100202636,1100689784,B,Boys,S,Singles,M,Main Draw,KO,Knock-out,,1st Round,1,1183558392,PC,Played and completed,RET,Retired,800754035,Gavin Goode,USA,,DA,800654119,Connor Doig,RSA,,DA,2,Connor Doig,1-6 0-2,https://www.itftennis.com/en/head-to-head/?circuitCode=jt&player1Id=800754035&player2Id=800654119,https://www.rolandgarros.com/en-us/matches?status=live,"{""matchId"":1183558392,""h2hLink"":""/en/head-to-head/?circuitCode=jt&player1Id=800754035&player2Id=800654119"",""liveScoresLink"":""https://www.rolandgarros.com/en-us/matches?status=live"",""teams"":[{""players"":[{""playerId"":800754035,""nationality"":""USA"",""givenName"":""Gavin"",""familyName"":""Goode"",""profileLink"":""/en/players/gavin-goode/800754035/usa/jt/s/"",""hiddenPlayer"":false},null],""scores"":[{""score"":1,""losingScore"":null},{""score"":0,""losingScore"":null},null,null,null],""isWinner"":false,""seeding"":null,""tieNationCode"":null,""entryStatus"":""DA""},{""players"":[{""playerId"":800654119,""nationality"":""RSA"",""givenName"":""Connor"",""familyName"":""Doig"",""profileLink"":""/en/players/connor-doig/800654119/rsa/jt/s/"",""hiddenPlayer"":false},null],""scores"":[{""score"":6,""losingScore"":null},{""score"":2,""losingScore"":null},null,null,null],""isWinner"":true,""seeding"":null,""tieNationCode"":null,""entryStatus"":""DA""}],""playStatusCode"":""PC"",""playStatusDesc"":""Played and completed"",""resultStatusDesc"":""Retired"",""resultStatusCode"":""RET"",""MatchTypeCode"":null,""CircuitCode"":null}",2026-06-02T22:21:14.863Z
J-JGS-FRA-2026-001,Roland Garros Junior Championships,JGS,2026-05-31,2026-06-06,1100202636,1100689784,B,Boys,S,Singles,M,Main Draw,KO,Knock-out,,1st Round,1,1183558393,PC,Played and completed,,,800567149,Aaron Gabet,FRA,,WC,800571859,Dimitar Kisimov,BUL,9,DA,2,Dimitar Kisimov,5-7 1-6,https://www.itftennis.com/en/head-to-head/?circuitCode=jt&player1Id=800567149&player2Id=800571859,https://www.rolandgarros.com/en-us/matches?status=live,"{""matchId"":1183558393,""h2hLink"":""/en/head-to-head/?circuitCode=jt&player1Id=800567149&player2Id=800571859"",""liveScoresLink"":""https://www.rolandgarros.com/en-us/matches?status=live"",""teams"":[{""players"":[{""playerId"":800567149,""nationality"":""FRA"",""givenName"":""Aaron"",""familyName"":""Gabet"",""profileLink"":""/en/players/aaron-gabet/800567149/fra/jt/s/"",""hiddenPlayer"":false},null],""scores"":[{""score"":5,""losingScore"":null},{""score"":1,""losingScore"":null},null,null,null],""isWinner"":false,""seeding"":null,""tieNationCode"":null,""entryStatus"":""WC""},{""players"":[{""playerId"":800571859,""nationality"":""BUL"",""givenName"":""Dimitar"",""familyName"":""Kisimov"",""profileLink"":""/en/players/dimitar-kisimov/800571859/bul/jt/s/"",""hiddenPlayer"":false},null],""scores"":[{""score"":7,""losingScore"":null},{""score"":6,""losingScore"":null},null,null,null],""isWinner"":true,""seeding"":9,""tieNationCode"":null,""entryStatus"":""DA""}],""playStatusCode"":""PC"",""playStatusDesc"":""Played and completed"",""resultStatusDesc"":null,""resultStatusCode"":null,""MatchTypeCode"":null,""CircuitCode"":null}",2026-06-02T22:21:14.863Z
J-JGS-FRA-2026-001,Roland Garros Junior Championships,JGS,2026-05-31,2026-06-06,1100202636,1100689784,B,Boys,S,Singles,M,Main Draw,KO,Knock-out,,1st Round,1,1183558394,PC,Played and completed,,,800732018,Michael Antonius,USA,13,DA,800572955,Kirill Filaretov,RUS,,DA,1,Michael Antonius,7-5 6-0,https://www.itftennis.com/en/head-to-head/?circuitCode=jt&player1Id=800732018&player2Id=800572955,https://www.rolandgarros.com/en-us/matches?status=live,"{""matchId"":1183558394,""h2hLink"":""/en/head-to-head/?circuitCode=jt&player1Id=800732018&player2Id=800572955"",""liveScoresLink"":""https://www.rolandgarros.com/en-us/matches?status=live"",""teams"":[{""players"":[{""playerId"":800732018,""nationality"":""USA"",""givenName"":""Michael"",""familyName"":""Antonius"",""profileLink"":""/en/players/michael-antonius/800732018/usa/jt/s/"",""hiddenPlayer"":false},null],""scores"":[{""score"":7,""losingScore"":null},{""score"":6,""losingScore"":null},null,null,null],""isWinner"":true,""seeding"":13,""tieNationCode"":null,""entryStatus"":""DA""},{""players"":[{""playerId"":800572955,""nationality"":""RUS"",""givenName"":""Kirill"",""familyName"":""Filaretov"",""profileLink"":""/en/players/kirill-filaretov/800572955/rus/jt/s/"",""hiddenPlayer"":false},null],""scores"":[{""score"":5,""losingScore"":null},{""score"":0,""losingScore"":null},null,null,null],""isWinner"":false,""seeding"":null,""tieNationCode"":null,""entryStatus"":""DA""}],""playStatusCode"":""PC"",""playStatusDesc"":""Played and completed"",""resultStatusDesc"":null,""resultStatusCode"":null,""MatchTypeCode"":null,""CircuitCode"":null}",2026-06-02T22:21:14.863Z
J-JGS-FRA-2026-001,Roland Garros Junior Championships,JGS,2026-05-31,2026-06-06,1100202636,1100689784,B,Boys,S,Singles,M,Main Draw,KO,Knock-out,,1st Round,1,1183558395,PC,Played and completed,,,800601948,Rhys Lawlor,GBR,,Q,800686514,Kanta Watanabe,JPN,,DA,2,Kanta Watanabe,7-5 2-6 2-6,https://www.itftennis.com/en/head-to-head/?circuitCode=jt&player1Id=800601948&player2Id=800686514,https://www.rolandgarros.com/en-us/matches?status=live,"{""matchId"":1183558395,""h2hLink"":""/en/head-to-head/?circuitCode=jt&player1Id=800601948&player2Id=800686514"",""liveScoresLink"":""https://www.rolandgarros.com/en-us/matches?status=live"",""teams"":[{""players"":[{""playerId"":800601948,""nationality"":""GBR"",""givenName"":""Rhys"",""familyName"":""Lawlor"",""profileLink"":""/en/players/rhys-lawlor/800601948/gbr/jt/s/"",""hiddenPlayer"":false},null],""scores"":[{""score"":7,""losingScore"":null},{""score"":2,""losingScore"":null},{""score"":2,""losingScore"":null},null,null],""isWinner"":false,""seeding"":null,""tieNationCode"":null,""entryStatus"":""Q""},{""players"":[{""playerId"":800686514,""nationality"":""JPN"",""givenName"":""Kanta"",""familyName"":""Watanabe"",""profileLink"":""/en/players/kanta-watanabe/800686514/jpn/jt/s/"",""hiddenPlayer"":false},null],""scores"":[{""score"":5,""losingScore"":null},{""score"":6,""losingScore"":null},{""score"":6,""losingScore"":null},null,null],""isWinner"":true,""seeding"":null,""tieNationCode"":null,""entryStatus"":""DA""}],""playStatusCode"":""PC"",""playStatusDesc"":""Played and completed"",""resultStatusDesc"":null,""resultStatusCode"":null,""MatchTypeCode"":null,""CircuitCode"":null}",2026-06-02T22:21:14.863Z
J-JGS-FRA-2026-001,Roland Garros Junior Championships,JGS,2026-05-31,2026-06-06,1100202636,1100689784,B,Boys,S,Singles,M,Main Draw,KO,Knock-out,,1st Round,1,1183558396,PC,Played and completed,,,800590346,Nikita Belozertsev,UZB,,DA,800591436,Kai Thompson,HKG,,DA,1,Nikita Belozertsev,4-6 7-6(5) 6-0,https://www.itftennis.com/en/head-to-head/?circuitCode=jt&player1Id=800590346&player2Id=800591436,https://www.rolandgarros.com/en-us/matches?status=live,"{""matchId"":1183558396,""h2hLink"":""/en/head-to-head/?circuitCode=jt&player1Id=800590346&player2Id=800591436"",""liveScoresLink"":""https://www.rolandgarros.com/en-us/matches?status=live"",""teams"":[{""players"":[{""playerId"":800590346,""nationality"":""UZB"",""givenName"":""Nikita"",""familyName"":""Belozertsev"",""profileLink"":""/en/players/nikita-belozertsev/800590346/uzb/jt/s/"",""hiddenPlayer"":false},null],""scores"":[{""score"":4,""losingScore"":null},{""score"":7,""losingScore"":null},{""score"":6,""losingScore"":null},null,null],""isWinner"":true,""seeding"":null,""tieNationCode"":null,""entryStatus"":""DA""},{""players"":[{""playerId"":800591436,""nationality"":""HKG"",""givenName"":""Kai"",""familyName"":""Thompson"",""profileLink"":""/en/players/kai-thompson/800591436/hkg/jt/s/"",""hiddenPlayer"":false},null],""scores"":[{""score"":6,""losingScore"":null},{""score"":6,""losingScore"":5},{""score"":0,""losingScore"":null},null,null],""isWinner"":false,""seeding"":null,""tieNationCode"":null,""entryStatus"":""DA""}],""playStatusCode"":""PC"",""playStatusDesc"":""Played and completed"",""resultStatusDesc"":null,""resultStatusCode"":null,""MatchTypeCode"":null,""CircuitCode"":null}",2026-06-02T22:21:14.863Z
J-JGS-FRA-2026-001,Roland Garros Junior Championships,JGS,2026-05-31,2026-06-06,1100202636,1100689784,B,Boys,S,Singles,M,Main Draw,KO,Knock-out,,1st Round,1,1183558397,PC,Played and completed,,,800559166,Damir Zhalgasbay,KAZ,,DA,800564683,Yannick Theodor Alexandrescou,FRA,2,DA,2,Yannick Theodor Alexandrescou,2-6 3-6,https://www.itftennis.com/en/head-to-head/?circuitCode=jt&player1Id=800559166&player2Id=800564683,https://www.rolandgarros.com/en-us/matches?status=live,"{""matchId"":1183558397,""h2hLink"":""/en/head-to-head/?circuitCode=jt&player1Id=800559166&player2Id=800564683"",""liveScoresLink"":""https://www.rolandgarros.com/en-us/matches?status=live"",""teams"":[{""players"":[{""playerId"":800559166,""nationality"":""KAZ"",""givenName"":""Damir"",""familyName"":""Zhalgasbay"",""profileLink"":""/en/players/damir-zhalgasbay/800559166/kaz/jt/s/"",""hiddenPlayer"":false},null],""scores"":[{""score"":2,""losingScore"":null},{""score"":3,""losingScore"":null},null,null,null],""isWinner"":false,""seeding"":null,""tieNationCode"":null,""entryStatus"":""DA""},{""players"":[{""playerId"":800564683,""nationality"":""FRA"",""givenName"":""Yannick Theodor"",""familyName"":""Alexandrescou"",""profileLink"":""/en/players/yannick-theodor-alexandrescou/800564683/fra/jt/s/"",""hiddenPlayer"":false},null],""scores"":[{""score"":6,""losingScore"":null},{""score"":6,""losingScore"":null},null,null,null],""isWinner"":true,""seeding"":2,""tieNationCode"":null,""entryStatus"":""DA""}],""playStatusCode"":""PC"",""playStatusDesc"":""Played and completed"",""resultStatusDesc"":null,""resultStatusCode"":null,""MatchTypeCode"":null,""CircuitCode"":null}",2026-06-02T22:21:14.863Z
J-JGS-FRA-2026-001,Roland Garros Junior Championships,JGS,2026-05-31,2026-06-06,1100202636,1100689784,B,Boys,S,Singles,M,Main Draw,KO,Knock-out,,2nd Round,2,1183558398,PC,Played and completed,,,800680259,Luis Guto Miguel,BRA,1,DA,800721316,Ryan Cozad,USA,,DA,1,Luis Guto Miguel,6-3 7-6(4),https://www.itftennis.com/en/head-to-head/?circuitCode=jt&player1Id=800680259&player2Id=800721316,https://www.rolandgarros.com/en-us/matches?status=live,"{""matchId"":1183558398,""h2hLink"":""/en/head-to-head/?circuitCode=jt&player1Id=800680259&player2Id=800721316"",""liveScoresLink"":""https://www.rolandgarros.com/en-us/matches?status=live"",""teams"":[{""players"":[{""playerId"":800680259,""nationality"":""BRA"",""givenName"":""Luis Guto"",""familyName"":""Miguel"",""profileLink"":""/en/players/luis-guto-miguel/800680259/bra/jt/s/"",""hiddenPlayer"":false},null],""scores"":[{""score"":6,""losingScore"":null},{""score"":7,""losingScore"":null},null,null,null],""isWinner"":true,""seeding"":1,""tieNationCode"":null,""entryStatus"":""DA""},{""players"":[{""playerId"":800721316,""nationality"":""USA"",""givenName"":""Ryan"",""familyName"":""Cozad"",""profileLink"":""/en/players/ryan-cozad/800721316/usa/jt/s/"",""hiddenPlayer"":false},null],""scores"":[{""score"":3,""losingScore"":null},{""score"":6,""losingScore"":4},null,null,null],""isWinner"":false,""seeding"":null,""tieNationCode"":null,""entryStatus"":""DA""}],""playStatusCode"":""PC"",""playStatusDesc"":""Played and completed"",""resultStatusDesc"":null,""resultStatusCode"":null,""MatchTypeCode"":null,""CircuitCode"":null}",2026-06-02T22:21:14.863Z
J-JGS-FRA-2026-001,Roland Garros Junior Championships,JGS,2026-05-31,2026-06-06,1100202636,1100689784,B,Boys,S,Singles,M,Main Draw,KO,Knock-out,,2nd Round,2,1183558399,PC,Played and completed,,,800594501,Ferdinand Livet Novkirichka,FRA,,WC,800600773,Nicolas Baena,PER,16,DA,2,Nicolas Baena,6-7(4) 4-6,https://www.itftennis.com/en/head-to-head/?circuitCode=jt&player1Id=800594501&player2Id=800600773,https://www.rolandgarros.com/en-us/matches?status=live,"{""matchId"":1183558399,""h2hLink"":""/en/head-to-head/?circuitCode=jt&player1Id=800594501&player2Id=800600773"",""liveScoresLink"":""https://www.rolandgarros.com/en-us/matches?status=live"",""teams"":[{""players"":[{""playerId"":800594501,""nationality"":""FRA"",""givenName"":""Ferdinand"",""familyName"":""Livet Novkirichka"",""profileLink"":""/en/players/ferdinand-livet-novkirichka/800594501/fra/jt/s/"",""hiddenPlayer"":false},null],""scores"":[{""score"":6,""losingScore"":4},{""score"":4,""losingScore"":null},null,null,null],""isWinner"":false,""seeding"":null,""tieNationCode"":null,""entryStatus"":""WC""},{""players"":[{""playerId"":800600773,""nationality"":""PER"",""givenName"":""Nicolas"",""familyName"":""Baena"",""profileLink"":""/en/players/nicolas-baena/800600773/per/jt/s/"",""hiddenPlayer"":false},null],""scores"":[{""score"":7,""losingScore"":null},{""score"":6,""losingScore"":null},null,null,null],""isWinner"":true,""seeding"":16,""tieNationCode"":null,""entryStatus"":""DA""}],""playStatusCode"":""PC"",""playStatusDesc"":""Played and completed"",""resultStatusDesc"":null,""resultStatusCode"":null,""MatchTypeCode"":null,""CircuitCode"":null}",2026-06-02T22:21:14.863Z
J-JGS-FRA-2026-001,Roland Garros Junior Championships,JGS,2026-05-31,2026-06-06,1100202636,1100689784,B,Boys,S,Singles,M,Main Draw,KO,Knock-out,,2nd Round,2,1183558400,PC,Played and completed,,,800589799,Raffaele Ciurnelli,ITA,,DA,800597355,Mathys Domenc,FRA,,DA,2,Mathys Domenc,4-6 2-6,https://www.itftennis.com/en/head-to-head/?circuitCode=jt&player1Id=800589799&player2Id=800597355,https://www.rolandgarros.com/en-us/matches?status=live,"{""matchId"":1183558400,""h2hLink"":""/en/head-to-head/?circuitCode=jt&player1Id=800589799&player2Id=800597355"",""liveScoresLink"":""https://www.rolandgarros.com/en-us/matches?status=live"",""teams"":[{""players"":[{""playerId"":800589799,""nationality"":""ITA"",""givenName"":""Raffaele"",""familyName"":""Ciurnelli"",""profileLink"":""/en/players/raffaele-ciurnelli/800589799/ita/jt/s/"",""hiddenPlayer"":false},null],""scores"":[{""score"":4,""losingScore"":null},{""score"":2,""losingScore"":null},null,null,null],""isWinner"":false,""seeding"":null,""tieNationCode"":null,""entryStatus"":""DA""},{""players"":[{""playerId"":800597355,""nationality"":""FRA"",""givenName"":""Mathys"",""familyName"":""Domenc"",""profileLink"":""/en/players/mathys-domenc/800597355/fra/jt/s/"",""hiddenPlayer"":false},null],""scores"":[{""score"":6,""losingScore"":null},{""score"":6,""losingScore"":null},null,null,null],""isWinner"":true,""seeding"":null,""tieNationCode"":null,""entryStatus"":""DA""}],""playStatusCode"":""PC"",""playStatusDesc"":""Played and completed"",""resultStatusDesc"":null,""resultStatusCode"":null,""MatchTypeCode"":null,""CircuitCode"":null}",2026-06-02T22:21:14.863Z
J-JGS-FRA-2026-001,Roland Garros Junior Championships,JGS,2026-05-31,2026-06-06,1100202636,1100689784,B,Boys,S,Singles,M,Main Draw,KO,Knock-out,,2nd Round,2,1183558401,PC,Played and completed,,,800587925,Oliver Majdandzic,GER,,Q,800589798,Thilo Behrmann,AUT,7,DA,2,Thilo Behrmann,3-6 1-6,https://www.itftennis.com/en/head-to-head/?circuitCode=jt&player1Id=800587925&player2Id=800589798,https://www.rolandgarros.com/en-us/matches?status=live,"{""matchId"":1183558401,""h2hLink"":""/en/head-to-head/?circuitCode=jt&player1Id=800587925&player2Id=800589798"",""liveScoresLink"":""https://www.rolandgarros.com/en-us/matches?status=live"",""teams"":[{""players"":[{""playerId"":800587925,""nationality"":""GER"",""givenName"":""Oliver"",""familyName"":""Majdandzic"",""profileLink"":""/en/players/oliver-majdandzic/800587925/ger/jt/s/"",""hiddenPlayer"":false},null],""scores"":[{""score"":3,""losingScore"":null},{""score"":1,""losingScore"":null},null,null,null],""isWinner"":false,""seeding"":null,""tieNationCode"":null,""entryStatus"":""Q""},{""players"":[{""playerId"":800589798,""nationality"":""AUT"",""givenName"":""Thilo"",""familyName"":""Behrmann"",""profileLink"":""/en/players/thilo-behrmann/800589798/aut/jt/s/"",""hiddenPlayer"":false},null],""scores"":[{""score"":6,""losingScore"":null},{""score"":6,""losingScore"":null},null,null,null],""isWinner"":true,""seeding"":7,""tieNationCode"":null,""entryStatus"":""DA""}],""playStatusCode"":""PC"",""playStatusDesc"":""Played and completed"",""resultStatusDesc"":null,""resultStatusCode"":null,""MatchTypeCode"":null,""CircuitCode"":null}",2026-06-02T22:21:14.863Z
J-JGS-FRA-2026-001,Roland Garros Junior Championships,JGS,2026-05-31,2026-06-06,1100202636,1100689784,B,Boys,S,Singles,M,Main Draw,KO,Knock-out,,2nd Round,2,1183558402,PC,Played and completed,,,800692786,Jack Kennedy,USA,4,DA,800681412,Daniel Jade,FRA,,DA,1,Jack Kennedy,6-4 6-3,https://www.itftennis.com/en/head-to-head/?circuitCode=jt&player1Id=800692786&player2Id=800681412,https://www.rolandgarros.com/en-us/matches?status=live,"{""matchId"":1183558402,""h2hLink"":""/en/head-to-head/?circuitCode=jt&player1Id=800692786&player2Id=800681412"",""liveScoresLink"":""https://www.rolandgarros.com/en-us/matches?status=live"",""teams"":[{""players"":[{""playerId"":800692786,""nationality"":""USA"",""givenName"":""Jack"",""familyName"":""Kennedy"",""profileLink"":""/en/players/jack-kennedy/800692786/usa/jt/s/"",""hiddenPlayer"":false},null],""scores"":[{""score"":6,""losingScore"":null},{""score"":6,""losingScore"":null},null,null,null],""isWinner"":true,""seeding"":4,""tieNationCode"":null,""entryStatus"":""DA""},{""players"":[{""playerId"":800681412,""nationality"":""FRA"",""givenName"":""Daniel"",""familyName"":""Jade"",""profileLink"":""/en/players/daniel-jade/800681412/fra/jt/s/"",""hiddenPlayer"":false},null],""scores"":[{""score"":4,""losingScore"":null},{""score"":3,""losingScore"":null},null,null,null],""isWinner"":false,""seeding"":null,""tieNationCode"":null,""entryStatus"":""DA""}],""playStatusCode"":""PC"",""playStatusDesc"":""Played and completed"",""resultStatusDesc"":null,""resultStatusCode"":null,""MatchTypeCode"":null,""CircuitCode"":null}",2026-06-02T22:21:14.863Z
J-JGS-FRA-2026-001,Roland Garros Junior Championships,JGS,2026-05-31,2026-06-06,1100202636,1100689784,B,Boys,S,Singles,M,Main Draw,KO,Knock-out,,2nd Round,2,1183558403,PC,Played and completed,,,800573038,Arnav Paparkar,IND,,DA,800692766,Kuan-Shou Chen,TPE,15,DA,1,Arnav Paparkar,6-2 6-4,https://www.itftennis.com/en/head-to-head/?circuitCode=jt&player1Id=800573038&player2Id=800692766,https://www.rolandgarros.com/en-us/matches?status=live,"{""matchId"":1183558403,""h2hLink"":""/en/head-to-head/?circuitCode=jt&player1Id=800573038&player2Id=800692766"",""liveScoresLink"":""https://www.rolandgarros.com/en-us/matches?status=live"",""teams"":[{""players"":[{""playerId"":800573038,""nationality"":""IND"",""givenName"":""Arnav"",""familyName"":""Paparkar"",""profileLink"":""/en/players/arnav-paparkar/800573038/ind/jt/s/"",""hiddenPlayer"":false},null],""scores"":[{""score"":6,""losingScore"":null},{""score"":6,""losingScore"":null},null,null,null],""isWinner"":true,""seeding"":null,""tieNationCode"":null,""entryStatus"":""DA""},{""players"":[{""playerId"":800692766,""nationality"":""TPE"",""givenName"":""Kuan-Shou"",""familyName"":""Chen"",""profileLink"":""/en/players/kuan-shou-chen/800692766/tpe/jt/s/"",""hiddenPlayer"":false},null],""scores"":[{""score"":2,""losingScore"":null},{""score"":4,""losingScore"":null},null,null,null],""isWinner"":false,""seeding"":15,""tieNationCode"":null,""entryStatus"":""DA""}],""playStatusCode"":""PC"",""playStatusDesc"":""Played and completed"",""resultStatusDesc"":null,""resultStatusCode"":null,""MatchTypeCode"":null,""CircuitCode"":null}",2026-06-02T22:21:14.863Z
J-JGS-FRA-2026-001,Roland Garros Junior Championships,JGS,2026-05-31,2026-06-06,1100202636,1100689784,B,Boys,S,Singles,M,Main Draw,KO,Knock-out,,2nd Round,2,1183558404,PC,Played and completed,,,800696168,Yannik Alvarez,PUR,12,DA,800676504,Leonardo Storck Franca,BRA,,WC,2,Leonardo Storck Franca,3-6 6-4 6-7(6),https://www.itftennis.com/en/head-to-head/?circuitCode=jt&player1Id=800696168&player2Id=800676504,https://www.rolandgarros.com/en-us/matches?status=live,"{""matchId"":1183558404,""h2hLink"":""/en/head-to-head/?circuitCode=jt&player1Id=800696168&player2Id=800676504"",""liveScoresLink"":""https://www.rolandgarros.com/en-us/matches?status=live"",""teams"":[{""players"":[{""playerId"":800696168,""nationality"":""PUR"",""givenName"":""Yannik"",""familyName"":""Alvarez"",""profileLink"":""/en/players/yannik-alvarez/800696168/pur/jt/s/"",""hiddenPlayer"":false},null],""scores"":[{""score"":3,""losingScore"":null},{""score"":6,""losingScore"":null},{""score"":6,""losingScore"":6},null,null],""isWinner"":false,""seeding"":12,""tieNationCode"":null,""entryStatus"":""DA""},{""players"":[{""playerId"":800676504,""nationality"":""BRA"",""givenName"":""Leonardo"",""familyName"":""Storck Franca"",""profileLink"":""/en/players/leonardo-storck-franca/800676504/bra/jt/s/"",""hiddenPlayer"":false},null],""scores"":[{""score"":6,""losingScore"":null},{""score"":4,""losingScore"":null},{""score"":7,""losingScore"":null},null,null],""isWinner"":true,""seeding"":null,""tieNationCode"":null,""entryStatus"":""WC""}],""playStatusCode"":""PC"",""playStatusDesc"":""Played and completed"",""resultStatusDesc"":null,""resultStatusCode"":null,""MatchTypeCode"":null,""CircuitCode"":null}",2026-06-02T22:21:14.863Z
J-JGS-FRA-2026-001,Roland Garros Junior Championships,JGS,2026-05-31,2026-06-06,1100202636,1100689784,B,Boys,S,Singles,M,Main Draw,KO,Knock-out,,2nd Round,2,1183558405,PC,Played and completed,,,800697653,Agassi Rusher,USA,,Q,800543488,Zangar Nurlanuly,KAZ,8,DA,2,Zangar Nurlanuly,2-6 1-6,https://www.itftennis.com/en/head-to-head/?circuitCode=jt&player1Id=800697653&player2Id=800543488,https://www.rolandgarros.com/en-us/matches?status=live,"{""matchId"":1183558405,""h2hLink"":""/en/head-to-head/?circuitCode=jt&player1Id=800697653&player2Id=800543488"",""liveScoresLink"":""https://www.rolandgarros.com/en-us/matches?status=live"",""teams"":[{""players"":[{""playerId"":800697653,""nationality"":""USA"",""givenName"":""Agassi"",""familyName"":""Rusher"",""profileLink"":""/en/players/agassi-rusher/800697653/usa/jt/s/"",""hiddenPlayer"":false},null],""scores"":[{""score"":2,""losingScore"":null},{""score"":1,""losingScore"":null},null,null,null],""isWinner"":false,""seeding"":null,""tieNationCode"":null,""entryStatus"":""Q""},{""players"":[{""playerId"":800543488,""nationality"":""KAZ"",""givenName"":""Zangar"",""familyName"":""Nurlanuly"",""profileLink"":""/en/players/zangar-nurlanuly/800543488/kaz/jt/s/"",""hiddenPlayer"":false},null],""scores"":[{""score"":6,""losingScore"":null},{""score"":6,""losingScore"":null},null,null,null],""isWinner"":true,""seeding"":8,""tieNationCode"":null,""entryStatus"":""DA""}],""playStatusCode"":""PC"",""playStatusDesc"":""Played and completed"",""resultStatusDesc"":null,""resultStatusCode"":null,""MatchTypeCode"":null,""CircuitCode"":null}",2026-06-02T22:21:14.863Z
J-JGS-FRA-2026-001,Roland Garros Junior Championships,JGS,2026-05-31,2026-06-06,1100202636,1100689784,B,Boys,S,Singles,M,Main Draw,KO,Knock-out,,2nd Round,2,1183558406,PC,Played and completed,,,800657117,Keaton Hance,USA,6,DA,800650301,Pedro Henrique Chabalgoity,BRA,,DA,1,Keaton Hance,6-4 6-2,https://www.itftennis.com/en/head-to-head/?circuitCode=jt&player1Id=800657117&player2Id=800650301,https://www.rolandgarros.com/en-us/matches?status=live,"{""matchId"":1183558406,""h2hLink"":""/en/head-to-head/?circuitCode=jt&player1Id=800657117&player2Id=800650301"",""liveScoresLink"":""https://www.rolandgarros.com/en-us/matches?status=live"",""teams"":[{""players"":[{""playerId"":800657117,""nationality"":""USA"",""givenName"":""Keaton"",""familyName"":""Hance"",""profileLink"":""/en/players/keaton-hance/800657117/usa/jt/s/"",""hiddenPlayer"":false},null],""scores"":[{""score"":6,""losingScore"":null},{""score"":6,""losingScore"":null},null,null,null],""isWinner"":true,""seeding"":6,""tieNationCode"":null,""entryStatus"":""DA""},{""players"":[{""playerId"":800650301,""nationality"":""BRA"",""givenName"":""Pedro Henrique"",""familyName"":""Chabalgoity"",""profileLink"":""/en/players/pedro-henrique-chabalgoity/800650301/bra/jt/s/"",""hiddenPlayer"":false},null],""scores"":[{""score"":4,""losingScore"":null},{""score"":2,""losingScore"":null},null,null,null],""isWinner"":false,""seeding"":null,""tieNationCode"":null,""entryStatus"":""DA""}],""playStatusCode"":""PC"",""playStatusDesc"":""Played and completed"",""resultStatusDesc"":null,""resultStatusCode"":null,""MatchTypeCode"":null,""CircuitCode"":null}",2026-06-02T22:21:14.863Z
J-JGS-FRA-2026-001,Roland Garros Junior Championships,JGS,2026-05-31,2026-06-06,1100202636,1100689784,B,Boys,S,Singles,M,Main Draw,KO,Knock-out,,2nd Round,2,1183558407,PC,Played and completed,,,800651243,Kaan Isik Kosaner,TUR,,Q,800583844,Ryo Tabata,JPN,10,DA,1,Kaan Isik Kosaner,6-0 2-6 6-4,https://www.itftennis.com/en/head-to-head/?circuitCode=jt&player1Id=800651243&player2Id=800583844,https://www.rolandgarros.com/en-us/matches?status=live,"{""matchId"":1183558407,""h2hLink"":""/en/head-to-head/?circuitCode=jt&player1Id=800651243&player2Id=800583844"",""liveScoresLink"":""https://www.rolandgarros.com/en-us/matches?status=live"",""teams"":[{""players"":[{""playerId"":800651243,""nationality"":""TUR"",""givenName"":""Kaan Isik"",""familyName"":""Kosaner"",""profileLink"":""/en/players/kaan-isik-kosaner/800651243/tur/jt/s/"",""hiddenPlayer"":false},null],""scores"":[{""score"":6,""losingScore"":null},{""score"":2,""losingScore"":null},{""score"":6,""losingScore"":null},null,null],""isWinner"":true,""seeding"":null,""tieNationCode"":null,""entryStatus"":""Q""},{""players"":[{""playerId"":800583844,""nationality"":""JPN"",""givenName"":""Ryo"",""familyName"":""Tabata"",""profileLink"":""/en/players/ryo-tabata/800583844/jpn/jt/s/"",""hiddenPlayer"":false},null],""scores"":[{""score"":0,""losingScore"":null},{""score"":6,""losingScore"":null},{""score"":4,""losingScore"":null},null,null],""isWinner"":false,""seeding"":10,""tieNationCode"":null,""entryStatus"":""DA""}],""playStatusCode"":""PC"",""playStatusDesc"":""Played and completed"",""resultStatusDesc"":null,""resultStatusCode"":null,""MatchTypeCode"":null,""CircuitCode"":null}",2026-06-02T22:21:14.863Z
J-JGS-FRA-2026-001,Roland Garros Junior Championships,JGS,2026-05-31,2026-06-06,1100202636,1100689784,B,Boys,S,Singles,M,Main Draw,KO,Knock-out,,2nd Round,2,1183558408,PC,Played and completed,,,800596150,Matisse MARTIN,FRA,,WC,800571129,Flynn Thomas,SUI,,DA,2,Flynn Thomas,6-7(3) 3-6,https://www.itftennis.com/en/head-to-head/?circuitCode=jt&player1Id=800596150&player2Id=800571129,https://www.rolandgarros.com/en-us/matches?status=live,"{""matchId"":1183558408,""h2hLink"":""/en/head-to-head/?circuitCode=jt&player1Id=800596150&player2Id=800571129"",""liveScoresLink"":""https://www.rolandgarros.com/en-us/matches?status=live"",""teams"":[{""players"":[{""playerId"":800596150,""nationality"":""FRA"",""givenName"":""Matisse"",""familyName"":""MARTIN"",""profileLink"":""/en/players/matisse-martin/800596150/fra/jt/s/"",""hiddenPlayer"":false},null],""scores"":[{""score"":6,""losingScore"":3},{""score"":3,""losingScore"":null},null,null,null],""isWinner"":false,""seeding"":null,""tieNationCode"":null,""entryStatus"":""WC""},{""players"":[{""playerId"":800571129,""nationality"":""SUI"",""givenName"":""Flynn"",""familyName"":""Thomas"",""profileLink"":""/en/players/flynn-thomas/800571129/sui/jt/s/"",""hiddenPlayer"":false},null],""scores"":[{""score"":7,""losingScore"":null},{""score"":6,""losingScore"":null},null,null,null],""isWinner"":true,""seeding"":null,""tieNationCode"":null,""entryStatus"":""DA""}],""playStatusCode"":""PC"",""playStatusDesc"":""Played and completed"",""resultStatusDesc"":null,""resultStatusCode"":null,""MatchTypeCode"":null,""CircuitCode"":null}",2026-06-02T22:21:14.863Z
J-JGS-FRA-2026-001,Roland Garros Junior Championships,JGS,2026-05-31,2026-06-06,1100202636,1100689784,B,Boys,S,Singles,M,Main Draw,KO,Knock-out,,2nd Round,2,1183558409,PC,Played and completed,,,800565895,Matei Todoran,ROU,,DA,800570117,Jamie Mackenzie,GER,3,DA,2,Jamie Mackenzie,1-6 3-6,https://www.itftennis.com/en/head-to-head/?circuitCode=jt&player1Id=800565895&player2Id=800570117,https://www.rolandgarros.com/en-us/matches?status=live,"{""matchId"":1183558409,""h2hLink"":""/en/head-to-head/?circuitCode=jt&player1Id=800565895&player2Id=800570117"",""liveScoresLink"":""https://www.rolandgarros.com/en-us/matches?status=live"",""teams"":[{""players"":[{""playerId"":800565895,""nationality"":""ROU"",""givenName"":""Matei"",""familyName"":""Todoran"",""profileLink"":""/en/players/matei-todoran/800565895/rou/jt/s/"",""hiddenPlayer"":false},null],""scores"":[{""score"":1,""losingScore"":null},{""score"":3,""losingScore"":null},null,null,null],""isWinner"":false,""seeding"":null,""tieNationCode"":null,""entryStatus"":""DA""},{""players"":[{""playerId"":800570117,""nationality"":""GER"",""givenName"":""Jamie"",""familyName"":""Mackenzie"",""profileLink"":""/en/players/jamie-mackenzie/800570117/ger/jt/s/"",""hiddenPlayer"":false},null],""scores"":[{""score"":6,""losingScore"":null},{""score"":6,""losingScore"":null},null,null,null],""isWinner"":true,""seeding"":3,""tieNationCode"":null,""entryStatus"":""DA""}],""playStatusCode"":""PC"",""playStatusDesc"":""Played and completed"",""resultStatusDesc"":null,""resultStatusCode"":null,""MatchTypeCode"":null,""CircuitCode"":null}",2026-06-02T22:21:14.863Z
J-JGS-FRA-2026-001,Roland Garros Junior Championships,JGS,2026-05-31,2026-06-06,1100202636,1100689784,B,Boys,S,Singles,M,Main Draw,KO,Knock-out,,2nd Round,2,1183558410,PC,Played and completed,,,800579895,Ziga Sesko,SLO,5,DA,800589275,Rihards Neimanis,LAT,,DA,1,Ziga Sesko,6-4 6-3,https://www.itftennis.com/en/head-to-head/?circuitCode=jt&player1Id=800579895&player2Id=800589275,https://www.rolandgarros.com/en-us/matches?status=live,"{""matchId"":1183558410,""h2hLink"":""/en/head-to-head/?circuitCode=jt&player1Id=800579895&player2Id=800589275"",""liveScoresLink"":""https://www.rolandgarros.com/en-us/matches?status=live"",""teams"":[{""players"":[{""playerId"":800579895,""nationality"":""SLO"",""givenName"":""Ziga"",""familyName"":""Sesko"",""profileLink"":""/en/players/ziga-sesko/800579895/slo/jt/s/"",""hiddenPlayer"":false},null],""scores"":[{""score"":6,""losingScore"":null},{""score"":6,""losingScore"":null},null,null,null],""isWinner"":true,""seeding"":5,""tieNationCode"":null,""entryStatus"":""DA""},{""players"":[{""playerId"":800589275,""nationality"":""LAT"",""givenName"":""Rihards"",""familyName"":""Neimanis"",""profileLink"":""/en/players/rihards-neimanis/800589275/lat/jt/s/"",""hiddenPlayer"":false},null],""scores"":[{""score"":4,""losingScore"":null},{""score"":3,""losingScore"":null},null,null,null],""isWinner"":false,""seeding"":null,""tieNationCode"":null,""entryStatus"":""DA""}],""playStatusCode"":""PC"",""playStatusDesc"":""Played and completed"",""resultStatusDesc"":null,""resultStatusCode"":null,""MatchTypeCode"":null,""CircuitCode"":null}",2026-06-02T22:21:14.863Z
J-JGS-FRA-2026-001,Roland Garros Junior Championships,JGS,2026-05-31,2026-06-06,1100202636,1100689784,B,Boys,S,Singles,M,Main Draw,KO,Knock-out,,2nd Round,2,1183558411,PC,Played and completed,,,800654119,Connor Doig,RSA,,DA,800571859,Dimitar Kisimov,BUL,9,DA,1,Connor Doig,6-4 7-5,https://www.itftennis.com/en/head-to-head/?circuitCode=jt&player1Id=800654119&player2Id=800571859,https://www.rolandgarros.com/en-us/matches?status=live,"{""matchId"":1183558411,""h2hLink"":""/en/head-to-head/?circuitCode=jt&player1Id=800654119&player2Id=800571859"",""liveScoresLink"":""https://www.rolandgarros.com/en-us/matches?status=live"",""teams"":[{""players"":[{""playerId"":800654119,""nationality"":""RSA"",""givenName"":""Connor"",""familyName"":""Doig"",""profileLink"":""/en/players/connor-doig/800654119/rsa/jt/s/"",""hiddenPlayer"":false},null],""scores"":[{""score"":6,""losingScore"":null},{""score"":7,""losingScore"":null},null,null,null],""isWinner"":true,""seeding"":null,""tieNationCode"":null,""entryStatus"":""DA""},{""players"":[{""playerId"":800571859,""nationality"":""BUL"",""givenName"":""Dimitar"",""familyName"":""Kisimov"",""profileLink"":""/en/players/dimitar-kisimov/800571859/bul/jt/s/"",""hiddenPlayer"":false},null],""scores"":[{""score"":4,""losingScore"":null},{""score"":5,""losingScore"":null},null,null,null],""isWinner"":false,""seeding"":9,""tieNationCode"":null,""entryStatus"":""DA""}],""playStatusCode"":""PC"",""playStatusDesc"":""Played and completed"",""resultStatusDesc"":null,""resultStatusCode"":null,""MatchTypeCode"":null,""CircuitCode"":null}",2026-06-02T22:21:14.863Z
J-JGS-FRA-2026-001,Roland Garros Junior Championships,JGS,2026-05-31,2026-06-06,1100202636,1100689784,B,Boys,S,Singles,M,Main Draw,KO,Knock-out,,2nd Round,2,1183558412,PC,Played and completed,,,800732018,Michael Antonius,USA,13,DA,800686514,Kanta Watanabe,JPN,,DA,1,Michael Antonius,6-3 6-0,https://www.itftennis.com/en/head-to-head/?circuitCode=jt&player1Id=800732018&player2Id=800686514,https://www.rolandgarros.com/en-us/matches?status=live,"{""matchId"":1183558412,""h2hLink"":""/en/head-to-head/?circuitCode=jt&player1Id=800732018&player2Id=800686514"",""liveScoresLink"":""https://www.rolandgarros.com/en-us/matches?status=live"",""teams"":[{""players"":[{""playerId"":800732018,""nationality"":""USA"",""givenName"":""Michael"",""familyName"":""Antonius"",""profileLink"":""/en/players/michael-antonius/800732018/usa/jt/s/"",""hiddenPlayer"":false},null],""scores"":[{""score"":6,""losingScore"":null},{""score"":6,""losingScore"":null},null,null,null],""isWinner"":true,""seeding"":13,""tieNationCode"":null,""entryStatus"":""DA""},{""players"":[{""playerId"":800686514,""nationality"":""JPN"",""givenName"":""Kanta"",""familyName"":""Watanabe"",""profileLink"":""/en/players/kanta-watanabe/800686514/jpn/jt/s/"",""hiddenPlayer"":false},null],""scores"":[{""score"":3,""losingScore"":null},{""score"":0,""losingScore"":null},null,null,null],""isWinner"":false,""seeding"":null,""tieNationCode"":null,""entryStatus"":""DA""}],""playStatusCode"":""PC"",""playStatusDesc"":""Played and completed"",""resultStatusDesc"":null,""resultStatusCode"":null,""MatchTypeCode"":null,""CircuitCode"":null}",2026-06-02T22:21:14.863Z
J-JGS-FRA-2026-001,Roland Garros Junior Championships,JGS,2026-05-31,2026-06-06,1100202636,1100689784,B,Boys,S,Singles,M,Main Draw,KO,Knock-out,,2nd Round,2,1183558413,PC,Played and completed,,,800590346,Nikita Belozertsev,UZB,,DA,800564683,Yannick Theodor Alexandrescou,FRA,2,DA,2,Yannick Theodor Alexandrescou,6-3 3-6 4-6,https://www.itftennis.com/en/head-to-head/?circuitCode=jt&player1Id=800590346&player2Id=800564683,https://www.rolandgarros.com/en-us/matches?status=live,"{""matchId"":1183558413,""h2hLink"":""/en/head-to-head/?circuitCode=jt&player1Id=800590346&player2Id=800564683"",""liveScoresLink"":""https://www.rolandgarros.com/en-us/matches?status=live"",""teams"":[{""players"":[{""playerId"":800590346,""nationality"":""UZB"",""givenName"":""Nikita"",""familyName"":""Belozertsev"",""profileLink"":""/en/players/nikita-belozertsev/800590346/uzb/jt/s/"",""hiddenPlayer"":false},null],""scores"":[{""score"":6,""losingScore"":null},{""score"":3,""losingScore"":null},{""score"":4,""losingScore"":null},null,null],""isWinner"":false,""seeding"":null,""tieNationCode"":null,""entryStatus"":""DA""},{""players"":[{""playerId"":800564683,""nationality"":""FRA"",""givenName"":""Yannick Theodor"",""familyName"":""Alexandrescou"",""profileLink"":""/en/players/yannick-theodor-alexandrescou/800564683/fra/jt/s/"",""hiddenPlayer"":false},null],""scores"":[{""score"":3,""losingScore"":null},{""score"":6,""losingScore"":null},{""score"":6,""losingScore"":null},null,null],""isWinner"":true,""seeding"":2,""tieNationCode"":null,""entryStatus"":""DA""}],""playStatusCode"":""PC"",""playStatusDesc"":""Played and completed"",""resultStatusDesc"":null,""resultStatusCode"":null,""MatchTypeCode"":null,""CircuitCode"":null}",2026-06-02T22:21:14.863Z
J-JGS-FRA-2026-001,Roland Garros Junior Championships,JGS,2026-05-31,2026-06-06,1100202636,1100689784,B,Boys,S,Singles,M,Main Draw,KO,Knock-out,,3rd Round,3,1183558414,TP,To be played,,,800680259,Luis Guto Miguel,BRA,1,DA,800600773,Nicolas Baena,PER,16,DA,,,,https://www.itftennis.com/en/head-to-head/?circuitCode=jt&player1Id=800680259&player2Id=800600773,https://www.rolandgarros.com/en-us/matches?status=live,"{""matchId"":1183558414,""h2hLink"":""/en/head-to-head/?circuitCode=jt&player1Id=800680259&player2Id=800600773"",""liveScoresLink"":""https://www.rolandgarros.com/en-us/matches?status=live"",""teams"":[{""players"":[{""playerId"":800680259,""nationality"":""BRA"",""givenName"":""Luis Guto"",""familyName"":""Miguel"",""profileLink"":""/en/players/luis-guto-miguel/800680259/bra/jt/s/"",""hiddenPlayer"":false},null],""scores"":[null,null,null,null,null],""isWinner"":false,""seeding"":1,""tieNationCode"":null,""entryStatus"":""DA""},{""players"":[{""playerId"":800600773,""nationality"":""PER"",""givenName"":""Nicolas"",""familyName"":""Baena"",""profileLink"":""/en/players/nicolas-baena/800600773/per/jt/s/"",""hiddenPlayer"":false},null],""scores"":[null,null,null,null,null],""isWinner"":false,""seeding"":16,""tieNationCode"":null,""entryStatus"":""DA""}],""playStatusCode"":""TP"",""playStatusDesc"":""To be played"",""resultStatusDesc"":null,""resultStatusCode"":null,""MatchTypeCode"":null,""CircuitCode"":null}",2026-06-02T22:21:14.863Z
J-JGS-FRA-2026-001,Roland Garros Junior Championships,JGS,2026-05-31,2026-06-06,1100202636,1100689784,B,Boys,S,Singles,M,Main Draw,KO,Knock-out,,3rd Round,3,1183558415,TP,To be played,,,800597355,Mathys Domenc,FRA,,DA,800589798,Thilo Behrmann,AUT,7,DA,,,,https://www.itftennis.com/en/head-to-head/?circuitCode=jt&player1Id=800597355&player2Id=800589798,https://www.rolandgarros.com/en-us/matches?status=live,"{""matchId"":1183558415,""h2hLink"":""/en/head-to-head/?circuitCode=jt&player1Id=800597355&player2Id=800589798"",""liveScoresLink"":""https://www.rolandgarros.com/en-us/matches?status=live"",""teams"":[{""players"":[{""playerId"":800597355,""nationality"":""FRA"",""givenName"":""Mathys"",""familyName"":""Domenc"",""profileLink"":""/en/players/mathys-domenc/800597355/fra/jt/s/"",""hiddenPlayer"":false},null],""scores"":[null,null,null,null,null],""isWinner"":false,""seeding"":null,""tieNationCode"":null,""entryStatus"":""DA""},{""players"":[{""playerId"":800589798,""nationality"":""AUT"",""givenName"":""Thilo"",""familyName"":""Behrmann"",""profileLink"":""/en/players/thilo-behrmann/800589798/aut/jt/s/"",""hiddenPlayer"":false},null],""scores"":[null,null,null,null,null],""isWinner"":false,""seeding"":7,""tieNationCode"":null,""entryStatus"":""DA""}],""playStatusCode"":""TP"",""playStatusDesc"":""To be played"",""resultStatusDesc"":null,""resultStatusCode"":null,""MatchTypeCode"":null,""CircuitCode"":null}",2026-06-02T22:21:14.863Z
J-JGS-FRA-2026-001,Roland Garros Junior Championships,JGS,2026-05-31,2026-06-06,1100202636,1100689784,B,Boys,S,Singles,M,Main Draw,KO,Knock-out,,3rd Round,3,1183558416,TP,To be played,,,800692786,Jack Kennedy,USA,4,DA,800573038,Arnav Paparkar,IND,,DA,,,,https://www.itftennis.com/en/head-to-head/?circuitCode=jt&player1Id=800692786&player2Id=800573038,https://www.rolandgarros.com/en-us/matches?status=live,"{""matchId"":1183558416,""h2hLink"":""/en/head-to-head/?circuitCode=jt&player1Id=800692786&player2Id=800573038"",""liveScoresLink"":""https://www.rolandgarros.com/en-us/matches?status=live"",""teams"":[{""players"":[{""playerId"":800692786,""nationality"":""USA"",""givenName"":""Jack"",""familyName"":""Kennedy"",""profileLink"":""/en/players/jack-kennedy/800692786/usa/jt/s/"",""hiddenPlayer"":false},null],""scores"":[null,null,null,null,null],""isWinner"":false,""seeding"":4,""tieNationCode"":null,""entryStatus"":""DA""},{""players"":[{""playerId"":800573038,""nationality"":""IND"",""givenName"":""Arnav"",""familyName"":""Paparkar"",""profileLink"":""/en/players/arnav-paparkar/800573038/ind/jt/s/"",""hiddenPlayer"":false},null],""scores"":[null,null,null,null,null],""isWinner"":false,""seeding"":null,""tieNationCode"":null,""entryStatus"":""DA""}],""playStatusCode"":""TP"",""playStatusDesc"":""To be played"",""resultStatusDesc"":null,""resultStatusCode"":null,""MatchTypeCode"":null,""CircuitCode"":null}",2026-06-02T22:21:14.863Z
J-JGS-FRA-2026-001,Roland Garros Junior Championships,JGS,2026-05-31,2026-06-06,1100202636,1100689784,B,Boys,S,Singles,M,Main Draw,KO,Knock-out,,3rd Round,3,1183558417,TP,To be played,,,800676504,Leonardo Storck Franca,BRA,,WC,800543488,Zangar Nurlanuly,KAZ,8,DA,,,,https://www.itftennis.com/en/head-to-head/?circuitCode=jt&player1Id=800676504&player2Id=800543488,https://www.rolandgarros.com/en-us/matches?status=live,"{""matchId"":1183558417,""h2hLink"":""/en/head-to-head/?circuitCode=jt&player1Id=800676504&player2Id=800543488"",""liveScoresLink"":""https://www.rolandgarros.com/en-us/matches?status=live"",""teams"":[{""players"":[{""playerId"":800676504,""nationality"":""BRA"",""givenName"":""Leonardo"",""familyName"":""Storck Franca"",""profileLink"":""/en/players/leonardo-storck-franca/800676504/bra/jt/s/"",""hiddenPlayer"":false},null],""scores"":[null,null,null,null,null],""isWinner"":false,""seeding"":null,""tieNationCode"":null,""entryStatus"":""WC""},{""players"":[{""playerId"":800543488,""nationality"":""KAZ"",""givenName"":""Zangar"",""familyName"":""Nurlanuly"",""profileLink"":""/en/players/zangar-nurlanuly/800543488/kaz/jt/s/"",""hiddenPlayer"":false},null],""scores"":[null,null,null,null,null],""isWinner"":false,""seeding"":8,""tieNationCode"":null,""entryStatus"":""DA""}],""playStatusCode"":""TP"",""playStatusDesc"":""To be played"",""resultStatusDesc"":null,""resultStatusCode"":null,""MatchTypeCode"":null,""CircuitCode"":null}",2026-06-02T22:21:14.863Z
J-JGS-FRA-2026-001,Roland Garros Junior Championships,JGS,2026-05-31,2026-06-06,1100202636,1100689784,B,Boys,S,Singles,M,Main Draw,KO,Knock-out,,3rd Round,3,1183558418,TP,To be played,,,800657117,Keaton Hance,USA,6,DA,800651243,Kaan Isik Kosaner,TUR,,Q,,,,https://www.itftennis.com/en/head-to-head/?circuitCode=jt&player1Id=800657117&player2Id=800651243,https://www.rolandgarros.com/en-us/matches?status=live,"{""matchId"":1183558418,""h2hLink"":""/en/head-to-head/?circuitCode=jt&player1Id=800657117&player2Id=800651243"",""liveScoresLink"":""https://www.rolandgarros.com/en-us/matches?status=live"",""teams"":[{""players"":[{""playerId"":800657117,""nationality"":""USA"",""givenName"":""Keaton"",""familyName"":""Hance"",""profileLink"":""/en/players/keaton-hance/800657117/usa/jt/s/"",""hiddenPlayer"":false},null],""scores"":[null,null,null,null,null],""isWinner"":false,""seeding"":6,""tieNationCode"":null,""entryStatus"":""DA""},{""players"":[{""playerId"":800651243,""nationality"":""TUR"",""givenName"":""Kaan Isik"",""familyName"":""Kosaner"",""profileLink"":""/en/players/kaan-isik-kosaner/800651243/tur/jt/s/"",""hiddenPlayer"":false},null],""scores"":[null,null,null,null,null],""isWinner"":false,""seeding"":null,""tieNationCode"":null,""entryStatus"":""Q""}],""playStatusCode"":""TP"",""playStatusDesc"":""To be played"",""resultStatusDesc"":null,""resultStatusCode"":null,""MatchTypeCode"":null,""CircuitCode"":null}",2026-06-02T22:21:14.863Z
J-JGS-FRA-2026-001,Roland Garros Junior Championships,JGS,2026-05-31,2026-06-06,1100202636,1100689784,B,Boys,S,Singles,M,Main Draw,KO,Knock-out,,3rd Round,3,1183558419,TP,To be played,,,800571129,Flynn Thomas,SUI,,DA,800570117,Jamie Mackenzie,GER,3,DA,,,,https://www.itftennis.com/en/head-to-head/?circuitCode=jt&player1Id=800571129&player2Id=800570117,https://www.rolandgarros.com/en-us/matches?status=live,"{""matchId"":1183558419,""h2hLink"":""/en/head-to-head/?circuitCode=jt&player1Id=800571129&player2Id=800570117"",""liveScoresLink"":""https://www.rolandgarros.com/en-us/matches?status=live"",""teams"":[{""players"":[{""playerId"":800571129,""nationality"":""SUI"",""givenName"":""Flynn"",""familyName"":""Thomas"",""profileLink"":""/en/players/flynn-thomas/800571129/sui/jt/s/"",""hiddenPlayer"":false},null],""scores"":[null,null,null,null,null],""isWinner"":false,""seeding"":null,""tieNationCode"":null,""entryStatus"":""DA""},{""players"":[{""playerId"":800570117,""nationality"":""GER"",""givenName"":""Jamie"",""familyName"":""Mackenzie"",""profileLink"":""/en/players/jamie-mackenzie/800570117/ger/jt/s/"",""hiddenPlayer"":false},null],""scores"":[null,null,null,null,null],""isWinner"":false,""seeding"":3,""tieNationCode"":null,""entryStatus"":""DA""}],""playStatusCode"":""TP"",""playStatusDesc"":""To be played"",""resultStatusDesc"":null,""resultStatusCode"":null,""MatchTypeCode"":null,""CircuitCode"":null}",2026-06-02T22:21:14.863Z
J-JGS-FRA-2026-001,Roland Garros Junior Championships,JGS,2026-05-31,2026-06-06,1100202636,1100689784,B,Boys,S,Singles,M,Main Draw,KO,Knock-out,,3rd Round,3,1183558420,TP,To be played,,,800579895,Ziga Sesko,SLO,5,DA,800654119,Connor Doig,RSA,,DA,,,,https://www.itftennis.com/en/head-to-head/?circuitCode=jt&player1Id=800579895&player2Id=800654119,https://www.rolandgarros.com/en-us/matches?status=live,"{""matchId"":1183558420,""h2hLink"":""/en/head-to-head/?circuitCode=jt&player1Id=800579895&player2Id=800654119"",""liveScoresLink"":""https://www.rolandgarros.com/en-us/matches?status=live"",""teams"":[{""players"":[{""playerId"":800579895,""nationality"":""SLO"",""givenName"":""Ziga"",""familyName"":""Sesko"",""profileLink"":""/en/players/ziga-sesko/800579895/slo/jt/s/"",""hiddenPlayer"":false},null],""scores"":[null,null,null,null,null],""isWinner"":false,""seeding"":5,""tieNationCode"":null,""entryStatus"":""DA""},{""players"":[{""playerId"":800654119,""nationality"":""RSA"",""givenName"":""Connor"",""familyName"":""Doig"",""profileLink"":""/en/players/connor-doig/800654119/rsa/jt/s/"",""hiddenPlayer"":false},null],""scores"":[null,null,null,null,null],""isWinner"":false,""seeding"":null,""tieNationCode"":null,""entryStatus"":""DA""}],""playStatusCode"":""TP"",""playStatusDesc"":""To be played"",""resultStatusDesc"":null,""resultStatusCode"":null,""MatchTypeCode"":null,""CircuitCode"":null}",2026-06-02T22:21:14.863Z
J-JGS-FRA-2026-001,Roland Garros Junior Championships,JGS,2026-05-31,2026-06-06,1100202636,1100689784,B,Boys,S,Singles,M,Main Draw,KO,Knock-out,,3rd Round,3,1183558421,TP,To be played,,,800732018,Michael Antonius,USA,13,DA,800564683,Yannick Theodor Alexandrescou,FRA,2,DA,,,,https://www.itftennis.com/en/head-to-head/?circuitCode=jt&player1Id=800732018&player2Id=800564683,https://www.rolandgarros.com/en-us/matches?status=live,"{""matchId"":1183558421,""h2hLink"":""/en/head-to-head/?circuitCode=jt&player1Id=800732018&player2Id=800564683"",""liveScoresLink"":""https://www.rolandgarros.com/en-us/matches?status=live"",""teams"":[{""players"":[{""playerId"":800732018,""nationality"":""USA"",""givenName"":""Michael"",""familyName"":""Antonius"",""profileLink"":""/en/players/michael-antonius/800732018/usa/jt/s/"",""hiddenPlayer"":false},null],""scores"":[null,null,null,null,null],""isWinner"":false,""seeding"":13,""tieNationCode"":null,""entryStatus"":""DA""},{""players"":[{""playerId"":800564683,""nationality"":""FRA"",""givenName"":""Yannick Theodor"",""familyName"":""Alexandrescou"",""profileLink"":""/en/players/yannick-theodor-alexandrescou/800564683/fra/jt/s/"",""hiddenPlayer"":false},null],""scores"":[null,null,null,null,null],""isWinner"":false,""seeding"":2,""tieNationCode"":null,""entryStatus"":""DA""}],""playStatusCode"":""TP"",""playStatusDesc"":""To be played"",""resultStatusDesc"":null,""resultStatusCode"":null,""MatchTypeCode"":null,""CircuitCode"":null}",2026-06-02T22:21:14.863Z
J-JGS-FRA-2026-001,Roland Garros Junior Championships,JGS,2026-05-31,2026-06-06,1100202636,1100689784,B,Boys,S,Singles,M,Main Draw,KO,Knock-out,,Quarter-finals,4,1183558422,TP,To be played,,,,,,,,,,,,,,,,,https://www.rolandgarros.com/en-us/matches?status=live,"{""matchId"":1183558422,""h2hLink"":"""",""liveScoresLink"":""https://www.rolandgarros.com/en-us/matches?status=live"",""teams"":[{""players"":[null,null],""scores"":[null,null,null,null,null],""isWinner"":false,""seeding"":null,""tieNationCode"":null,""entryStatus"":null},{""players"":[null,null],""scores"":[null,null,null,null,null],""isWinner"":false,""seeding"":null,""tieNationCode"":null,""entryStatus"":null}],""playStatusCode"":""TP"",""playStatusDesc"":""To be played"",""resultStatusDesc"":null,""resultStatusCode"":null,""MatchTypeCode"":null,""CircuitCode"":null}",2026-06-02T22:21:14.863Z
J-JGS-FRA-2026-001,Roland Garros Junior Championships,JGS,2026-05-31,2026-06-06,1100202636,1100689784,B,Boys,S,Singles,M,Main Draw,KO,Knock-out,,Quarter-finals,4,1183558423,TP,To be played,,,,,,,,,,,,,,,,,https://www.rolandgarros.com/en-us/matches?status=live,"{""matchId"":1183558423,""h2hLink"":"""",""liveScoresLink"":""https://www.rolandgarros.com/en-us/matches?status=live"",""teams"":[{""players"":[null,null],""scores"":[null,null,null,null,null],""isWinner"":false,""seeding"":null,""tieNationCode"":null,""entryStatus"":null},{""players"":[null,null],""scores"":[null,null,null,null,null],""isWinner"":false,""seeding"":null,""tieNationCode"":null,""entryStatus"":null}],""playStatusCode"":""TP"",""playStatusDesc"":""To be played"",""resultStatusDesc"":null,""resultStatusCode"":null,""MatchTypeCode"":null,""CircuitCode"":null}",2026-06-02T22:21:14.863Z
J-JGS-FRA-2026-001,Roland Garros Junior Championships,JGS,2026-05-31,2026-06-06,1100202636,1100689784,B,Boys,S,Singles,M,Main Draw,KO,Knock-out,,Quarter-finals,4,1183558424,TP,To be played,,,,,,,,,,,,,,,,,https://www.rolandgarros.com/en-us/matches?status=live,"{""matchId"":1183558424,""h2hLink"":"""",""liveScoresLink"":""https://www.rolandgarros.com/en-us/matches?status=live"",""teams"":[{""players"":[null,null],""scores"":[null,null,null,null,null],""isWinner"":false,""seeding"":null,""tieNationCode"":null,""entryStatus"":null},{""players"":[null,null],""scores"":[null,null,null,null,null],""isWinner"":false,""seeding"":null,""tieNationCode"":null,""entryStatus"":null}],""playStatusCode"":""TP"",""playStatusDesc"":""To be played"",""resultStatusDesc"":null,""resultStatusCode"":null,""MatchTypeCode"":null,""CircuitCode"":null}",2026-06-02T22:21:14.863Z
J-JGS-FRA-2026-001,Roland Garros Junior Championships,JGS,2026-05-31,2026-06-06,1100202636,1100689784,B,Boys,S,Singles,M,Main Draw,KO,Knock-out,,Quarter-finals,4,1183558425,TP,To be played,,,,,,,,,,,,,,,,,https://www.rolandgarros.com/en-us/matches?status=live,"{""matchId"":1183558425,""h2hLink"":"""",""liveScoresLink"":""https://www.rolandgarros.com/en-us/matches?status=live"",""teams"":[{""players"":[null,null],""scores"":[null,null,null,null,null],""isWinner"":false,""seeding"":null,""tieNationCode"":null,""entryStatus"":null},{""players"":[null,null],""scores"":[null,null,null,null,null],""isWinner"":false,""seeding"":null,""tieNationCode"":null,""entryStatus"":null}],""playStatusCode"":""TP"",""playStatusDesc"":""To be played"",""resultStatusDesc"":null,""resultStatusCode"":null,""MatchTypeCode"":null,""CircuitCode"":null}",2026-06-02T22:21:14.863Z
J-JGS-FRA-2026-001,Roland Garros Junior Championships,JGS,2026-05-31,2026-06-06,1100202636,1100689784,B,Boys,S,Singles,M,Main Draw,KO,Knock-out,,Semi-finals,5,1183558426,TP,To be played,,,,,,,,,,,,,,,,,https://www.rolandgarros.com/en-us/matches?status=live,"{""matchId"":1183558426,""h2hLink"":"""",""liveScoresLink"":""https://www.rolandgarros.com/en-us/matches?status=live"",""teams"":[{""players"":[null,null],""scores"":[null,null,null,null,null],""isWinner"":false,""seeding"":null,""tieNationCode"":null,""entryStatus"":null},{""players"":[null,null],""scores"":[null,null,null,null,null],""isWinner"":false,""seeding"":null,""tieNationCode"":null,""entryStatus"":null}],""playStatusCode"":""TP"",""playStatusDesc"":""To be played"",""resultStatusDesc"":null,""resultStatusCode"":null,""MatchTypeCode"":null,""CircuitCode"":null}",2026-06-02T22:21:14.863Z
J-JGS-FRA-2026-001,Roland Garros Junior Championships,JGS,2026-05-31,2026-06-06,1100202636,1100689784,B,Boys,S,Singles,M,Main Draw,KO,Knock-out,,Semi-finals,5,1183558427,TP,To be played,,,,,,,,,,,,,,,,,https://www.rolandgarros.com/en-us/matches?status=live,"{""matchId"":1183558427,""h2hLink"":"""",""liveScoresLink"":""https://www.rolandgarros.com/en-us/matches?status=live"",""teams"":[{""players"":[null,null],""scores"":[null,null,null,null,null],""isWinner"":false,""seeding"":null,""tieNationCode"":null,""entryStatus"":null},{""players"":[null,null],""scores"":[null,null,null,null,null],""isWinner"":false,""seeding"":null,""tieNationCode"":null,""entryStatus"":null}],""playStatusCode"":""TP"",""playStatusDesc"":""To be played"",""resultStatusDesc"":null,""resultStatusCode"":null,""MatchTypeCode"":null,""CircuitCode"":null}",2026-06-02T22:21:14.863Z
J-JGS-FRA-2026-001,Roland Garros Junior Championships,JGS,2026-05-31,2026-06-06,1100202636,1100689784,B,Boys,S,Singles,M,Main Draw,KO,Knock-out,,Final,6,1183558428,TP,To be played,,,,,,,,,,,,,,,,,https://www.rolandgarros.com/en-us/matches?status=live,"{""matchId"":1183558428,""h2hLink"":"""",""liveScoresLink"":""https://www.rolandgarros.com/en-us/matches?status=live"",""teams"":[{""players"":[null,null],""scores"":[null,null,null,null,null],""isWinner"":false,""seeding"":null,""tieNationCode"":null,""entryStatus"":null},{""players"":[null,null],""scores"":[null,null,null,null,null],""isWinner"":false,""seeding"":null,""tieNationCode"":null,""entryStatus"":null}],""playStatusCode"":""TP"",""playStatusDesc"":""To be played"",""resultStatusDesc"":null,""resultStatusCode"":null,""MatchTypeCode"":null,""CircuitCode"":null}",2026-06-02T22:21:14.863Z
J-JGS-FRA-2026-001,Roland Garros Junior Championships,JGS,2026-05-31,2026-06-06,1100202636,1100689785,B,Boys,S,Singles,Q,Qualifying Draw,KO,Knock-out,,1st Round,1,1183558429,PC,Played and completed,,,800672226,Benjamin Azar,CAN,1,DA,800662768,Jake Dembo,AUS,,DA,2,Jake Dembo,4-6 4-6,https://www.itftennis.com/en/head-to-head/?circuitCode=jt&player1Id=800672226&player2Id=800662768,https://www.rolandgarros.com/en-us/matches?status=live,"{""matchId"":1183558429,""h2hLink"":""/en/head-to-head/?circuitCode=jt&player1Id=800672226&player2Id=800662768"",""liveScoresLink"":""https://www.rolandgarros.com/en-us/matches?status=live"",""teams"":[{""players"":[{""playerId"":800672226,""nationality"":""CAN"",""givenName"":""Benjamin"",""familyName"":""Azar"",""profileLink"":""/en/players/benjamin-azar/800672226/can/jt/s/"",""hiddenPlayer"":false},null],""scores"":[{""score"":4,""losingScore"":null},{""score"":4,""losingScore"":null},null,null,null],""isWinner"":false,""seeding"":1,""tieNationCode"":null,""entryStatus"":""DA""},{""players"":[{""playerId"":800662768,""nationality"":""AUS"",""givenName"":""Jake"",""familyName"":""Dembo"",""profileLink"":""/en/players/jake-dembo/800662768/aus/jt/s/"",""hiddenPlayer"":false},null],""scores"":[{""score"":6,""losingScore"":null},{""score"":6,""losingScore"":null},null,null,null],""isWinner"":true,""seeding"":null,""tieNationCode"":null,""entryStatus"":""DA""}],""playStatusCode"":""PC"",""playStatusDesc"":""Played and completed"",""resultStatusDesc"":null,""resultStatusCode"":null,""MatchTypeCode"":null,""CircuitCode"":null}",2026-06-02T22:21:17.676Z
J-JGS-FRA-2026-001,Roland Garros Junior Championships,JGS,2026-05-31,2026-06-06,1100202636,1100689785,B,Boys,S,Singles,Q,Qualifying Draw,KO,Knock-out,,1st Round,1,1183558430,PC,Played and completed,,,800583809,Damien Clerc,FRA,,WC,800601948,Rhys Lawlor,GBR,12,DA,2,Rhys Lawlor,6-4 2-6 3-6,https://www.itftennis.com/en/head-to-head/?circuitCode=jt&player1Id=800583809&player2Id=800601948,https://www.rolandgarros.com/en-us/matches?status=live,"{""matchId"":1183558430,""h2hLink"":""/en/head-to-head/?circuitCode=jt&player1Id=800583809&player2Id=800601948"",""liveScoresLink"":""https://www.rolandgarros.com/en-us/matches?status=live"",""teams"":[{""players"":[{""playerId"":800583809,""nationality"":""FRA"",""givenName"":""Damien"",""familyName"":""Clerc"",""profileLink"":""/en/players/damien-clerc/800583809/fra/jt/s/"",""hiddenPlayer"":false},null],""scores"":[{""score"":6,""losingScore"":null},{""score"":2,""losingScore"":null},{""score"":3,""losingScore"":null},null,null],""isWinner"":false,""seeding"":null,""tieNationCode"":null,""entryStatus"":""WC""},{""players"":[{""playerId"":800601948,""nationality"":""GBR"",""givenName"":""Rhys"",""familyName"":""Lawlor"",""profileLink"":""/en/players/rhys-lawlor/800601948/gbr/jt/s/"",""hiddenPlayer"":false},null],""scores"":[{""score"":4,""losingScore"":null},{""score"":6,""losingScore"":null},{""score"":6,""losingScore"":null},null,null],""isWinner"":true,""seeding"":12,""tieNationCode"":null,""entryStatus"":""DA""}],""playStatusCode"":""PC"",""playStatusDesc"":""Played and completed"",""resultStatusDesc"":null,""resultStatusCode"":null,""MatchTypeCode"":null,""CircuitCode"":null}",2026-06-02T22:21:17.676Z
J-JGS-FRA-2026-001,Roland Garros Junior Championships,JGS,2026-05-31,2026-06-06,1100202636,1100689785,B,Boys,S,Singles,Q,Qualifying Draw,KO,Knock-out,,1st Round,1,1183558431,PC,Played and completed,,,800602130,Jan Sadzik,POL,2,DA,800602679,Min Hyuk Cho,KOR,,DA,1,Jan Sadzik,6-1 6-3,https://www.itftennis.com/en/head-to-head/?circuitCode=jt&player1Id=800602130&player2Id=800602679,https://www.rolandgarros.com/en-us/matches?status=live,"{""matchId"":1183558431,""h2hLink"":""/en/head-to-head/?circuitCode=jt&player1Id=800602130&player2Id=800602679"",""liveScoresLink"":""https://www.rolandgarros.com/en-us/matches?status=live"",""teams"":[{""players"":[{""playerId"":800602130,""nationality"":""POL"",""givenName"":""Jan"",""familyName"":""Sadzik"",""profileLink"":""/en/players/jan-sadzik/800602130/pol/jt/s/"",""hiddenPlayer"":false},null],""scores"":[{""score"":6,""losingScore"":null},{""score"":6,""losingScore"":null},null,null,null],""isWinner"":true,""seeding"":2,""tieNationCode"":null,""entryStatus"":""DA""},{""players"":[{""playerId"":800602679,""nationality"":""KOR"",""givenName"":""Min Hyuk"",""familyName"":""Cho"",""profileLink"":""/en/players/min-hyuk-cho/800602679/kor/jt/s/"",""hiddenPlayer"":false},null],""scores"":[{""score"":1,""losingScore"":null},{""score"":3,""losingScore"":null},null,null,null],""isWinner"":false,""seeding"":null,""tieNationCode"":null,""entryStatus"":""DA""}],""playStatusCode"":""PC"",""playStatusDesc"":""Played and completed"",""resultStatusDesc"":null,""resultStatusCode"":null,""MatchTypeCode"":null,""CircuitCode"":null}",2026-06-02T22:21:17.676Z
J-JGS-FRA-2026-001,Roland Garros Junior Championships,JGS,2026-05-31,2026-06-06,1100202636,1100689785,B,Boys,S,Singles,Q,Qualifying Draw,KO,Knock-out,,1st Round,1,1183558432,PC,Played and completed,,,800651243,Kaan Isik Kosaner,TUR,,DA,800688513,Xavier Massotte,CAN,10,DA,1,Kaan Isik Kosaner,2-6 6-3 6-3,https://www.itftennis.com/en/head-to-head/?circuitCode=jt&player1Id=800651243&player2Id=800688513,https://www.rolandgarros.com/en-us/matches?status=live,"{""matchId"":1183558432,""h2hLink"":""/en/head-to-head/?circuitCode=jt&player1Id=800651243&player2Id=800688513"",""liveScoresLink"":""https://www.rolandgarros.com/en-us/matches?status=live"",""teams"":[{""players"":[{""playerId"":800651243,""nationality"":""TUR"",""givenName"":""Kaan Isik"",""familyName"":""Kosaner"",""profileLink"":""/en/players/kaan-isik-kosaner/800651243/tur/jt/s/"",""hiddenPlayer"":false},null],""scores"":[{""score"":2,""losingScore"":null},{""score"":6,""losingScore"":null},{""score"":6,""losingScore"":null},null,null],""isWinner"":true,""seeding"":null,""tieNationCode"":null,""entryStatus"":""DA""},{""players"":[{""playerId"":800688513,""nationality"":""CAN"",""givenName"":""Xavier"",""familyName"":""Massotte"",""profileLink"":""/en/players/xavier-massotte/800688513/can/jt/s/"",""hiddenPlayer"":false},null],""scores"":[{""score"":6,""losingScore"":null},{""score"":3,""losingScore"":null},{""score"":3,""losingScore"":null},null,null],""isWinner"":false,""seeding"":10,""tieNationCode"":null,""entryStatus"":""DA""}],""playStatusCode"":""PC"",""playStatusDesc"":""Played and completed"",""resultStatusDesc"":null,""resultStatusCode"":null,""MatchTypeCode"":null,""CircuitCode"":null}",2026-06-02T22:21:17.676Z
J-JGS-FRA-2026-001,Roland Garros Junior Championships,JGS,2026-05-31,2026-06-06,1100202636,1100689785,B,Boys,S,Singles,Q,Qualifying Draw,KO,Knock-out,,1st Round,1,1183558433,PC,Played and completed,,,800781872,Safir Azam,USA,3,DA,800653870,Evan GIURESCU,FRA,,WC,1,Safir Azam,6-2 6-2,https://www.itftennis.com/en/head-to-head/?circuitCode=jt&player1Id=800781872&player2Id=800653870,https://www.rolandgarros.com/en-us/matches?status=live,"{""matchId"":1183558433,""h2hLink"":""/en/head-to-head/?circuitCode=jt&player1Id=800781872&player2Id=800653870"",""liveScoresLink"":""https://www.rolandgarros.com/en-us/matches?status=live"",""teams"":[{""players"":[{""playerId"":800781872,""nationality"":""USA"",""givenName"":""Safir"",""familyName"":""Azam"",""profileLink"":""/en/players/safir-azam/800781872/usa/jt/s/"",""hiddenPlayer"":false},null],""scores"":[{""score"":6,""losingScore"":null},{""score"":6,""losingScore"":null},null,null,null],""isWinner"":true,""seeding"":3,""tieNationCode"":null,""entryStatus"":""DA""},{""players"":[{""playerId"":800653870,""nationality"":""FRA"",""givenName"":""Evan"",""familyName"":""GIURESCU"",""profileLink"":""/en/players/evan-giurescu/800653870/fra/jt/s/"",""hiddenPlayer"":false},null],""scores"":[{""score"":2,""losingScore"":null},{""score"":2,""losingScore"":null},null,null,null],""isWinner"":false,""seeding"":null,""tieNationCode"":null,""entryStatus"":""WC""}],""playStatusCode"":""PC"",""playStatusDesc"":""Played and completed"",""resultStatusDesc"":null,""resultStatusCode"":null,""MatchTypeCode"":null,""CircuitCode"":null}",2026-06-02T22:21:17.676Z
J-JGS-FRA-2026-001,Roland Garros Junior Championships,JGS,2026-05-31,2026-06-06,1100202636,1100689785,B,Boys,S,Singles,Q,Qualifying Draw,KO,Knock-out,,1st Round,1,1183558434,PC,Played and completed,,,800595066,Lucas Yunez,ECU,,DA,800592189,Aleksander Blus,POL,14,DA,1,Lucas Yunez,7-5 6-2,https://www.itftennis.com/en/head-to-head/?circuitCode=jt&player1Id=800595066&player2Id=800592189,https://www.rolandgarros.com/en-us/matches?status=live,"{""matchId"":1183558434,""h2hLink"":""/en/head-to-head/?circuitCode=jt&player1Id=800595066&player2Id=800592189"",""liveScoresLink"":""https://www.rolandgarros.com/en-us/matches?status=live"",""teams"":[{""players"":[{""playerId"":800595066,""nationality"":""ECU"",""givenName"":""Lucas"",""familyName"":""Yunez"",""profileLink"":""/en/players/lucas-yunez/800595066/ecu/jt/s/"",""hiddenPlayer"":false},null],""scores"":[{""score"":7,""losingScore"":null},{""score"":6,""losingScore"":null},null,null,null],""isWinner"":true,""seeding"":null,""tieNationCode"":null,""entryStatus"":""DA""},{""players"":[{""playerId"":800592189,""nationality"":""POL"",""givenName"":""Aleksander"",""familyName"":""Blus"",""profileLink"":""/en/players/aleksander-blus/800592189/pol/jt/s/"",""hiddenPlayer"":false},null],""scores"":[{""score"":5,""losingScore"":null},{""score"":2,""losingScore"":null},null,null,null],""isWinner"":false,""seeding"":14,""tieNationCode"":null,""entryStatus"":""DA""}],""playStatusCode"":""PC"",""playStatusDesc"":""Played and completed"",""resultStatusDesc"":null,""resultStatusCode"":null,""MatchTypeCode"":null,""CircuitCode"":null}",2026-06-02T22:21:17.676Z
J-JGS-FRA-2026-001,Roland Garros Junior Championships,JGS,2026-05-31,2026-06-06,1100202636,1100689785,B,Boys,S,Singles,Q,Qualifying Draw,KO,Knock-out,,1st Round,1,1183558435,PC,Played and completed,,,800626895,Eudald Gonzalez,ESP,4,DA,800587925,Oliver Majdandzic,GER,,DA,2,Oliver Majdandzic,6-4 5-7 0-6,https://www.itftennis.com/en/head-to-head/?circuitCode=jt&player1Id=800626895&player2Id=800587925,https://www.rolandgarros.com/en-us/matches?status=live,"{""matchId"":1183558435,""h2hLink"":""/en/head-to-head/?circuitCode=jt&player1Id=800626895&player2Id=800587925"",""liveScoresLink"":""https://www.rolandgarros.com/en-us/matches?status=live"",""teams"":[{""players"":[{""playerId"":800626895,""nationality"":""ESP"",""givenName"":""Eudald"",""familyName"":""Gonzalez"",""profileLink"":""/en/players/eudald-gonzalez/800626895/esp/jt/s/"",""hiddenPlayer"":false},null],""scores"":[{""score"":6,""losingScore"":null},{""score"":5,""losingScore"":null},{""score"":0,""losingScore"":null},null,null],""isWinner"":false,""seeding"":4,""tieNationCode"":null,""entryStatus"":""DA""},{""players"":[{""playerId"":800587925,""nationality"":""GER"",""givenName"":""Oliver"",""familyName"":""Majdandzic"",""profileLink"":""/en/players/oliver-majdandzic/800587925/ger/jt/s/"",""hiddenPlayer"":false},null],""scores"":[{""score"":4,""losingScore"":null},{""score"":7,""losingScore"":null},{""score"":6,""losingScore"":null},null,null],""isWinner"":true,""seeding"":null,""tieNationCode"":null,""entryStatus"":""DA""}],""playStatusCode"":""PC"",""playStatusDesc"":""Played and completed"",""resultStatusDesc"":null,""resultStatusCode"":null,""MatchTypeCode"":null,""CircuitCode"":null}",2026-06-02T22:21:17.676Z
J-JGS-FRA-2026-001,Roland Garros Junior Championships,JGS,2026-05-31,2026-06-06,1100202636,1100689785,B,Boys,S,Singles,Q,Qualifying Draw,KO,Knock-out,,1st Round,1,1183558436,PC,Played and completed,,,800586830,Lenny Couturier,FRA,,WC,800695726,OLUWASEUN PETER OGUNSAKIN,NGR,15,DA,2,OLUWASEUN PETER OGUNSAKIN,2-6 4-6,https://www.itftennis.com/en/head-to-head/?circuitCode=jt&player1Id=800586830&player2Id=800695726,https://www.rolandgarros.com/en-us/matches?status=live,"{""matchId"":1183558436,""h2hLink"":""/en/head-to-head/?circuitCode=jt&player1Id=800586830&player2Id=800695726"",""liveScoresLink"":""https://www.rolandgarros.com/en-us/matches?status=live"",""teams"":[{""players"":[{""playerId"":800586830,""nationality"":""FRA"",""givenName"":""Lenny"",""familyName"":""Couturier"",""profileLink"":""/en/players/lenny-couturier/800586830/fra/jt/s/"",""hiddenPlayer"":false},null],""scores"":[{""score"":2,""losingScore"":null},{""score"":4,""losingScore"":null},null,null,null],""isWinner"":false,""seeding"":null,""tieNationCode"":null,""entryStatus"":""WC""},{""players"":[{""playerId"":800695726,""nationality"":""NGR"",""givenName"":""OLUWASEUN PETER"",""familyName"":""OGUNSAKIN"",""profileLink"":""/en/players/oluwaseun-peter-ogunsakin/800695726/ngr/jt/s/"",""hiddenPlayer"":false},null],""scores"":[{""score"":6,""losingScore"":null},{""score"":6,""losingScore"":null},null,null,null],""isWinner"":true,""seeding"":15,""tieNationCode"":null,""entryStatus"":""DA""}],""playStatusCode"":""PC"",""playStatusDesc"":""Played and completed"",""resultStatusDesc"":null,""resultStatusCode"":null,""MatchTypeCode"":null,""CircuitCode"":null}",2026-06-02T22:21:17.676Z
J-JGS-FRA-2026-001,Roland Garros Junior Championships,JGS,2026-05-31,2026-06-06,1100202636,1100689785,B,Boys,S,Singles,Q,Qualifying Draw,KO,Knock-out,,1st Round,1,1183558437,PC,Played and completed,,,800678621,John Bothma,RSA,5,DA,800697653,Agassi Rusher,USA,,DA,2,Agassi Rusher,5-7 5-7,https://www.itftennis.com/en/head-to-head/?circuitCode=jt&player1Id=800678621&player2Id=800697653,https://www.rolandgarros.com/en-us/matches?status=live,"{""matchId"":1183558437,""h2hLink"":""/en/head-to-head/?circuitCode=jt&player1Id=800678621&player2Id=800697653"",""liveScoresLink"":""https://www.rolandgarros.com/en-us/matches?status=live"",""teams"":[{""players"":[{""playerId"":800678621,""nationality"":""RSA"",""givenName"":""John"",""familyName"":""Bothma"",""profileLink"":""/en/players/john-bothma/800678621/rsa/jt/s/"",""hiddenPlayer"":false},null],""scores"":[{""score"":5,""losingScore"":null},{""score"":5,""losingScore"":null},null,null,null],""isWinner"":false,""seeding"":5,""tieNationCode"":null,""entryStatus"":""DA""},{""players"":[{""playerId"":800697653,""nationality"":""USA"",""givenName"":""Agassi"",""familyName"":""Rusher"",""profileLink"":""/en/players/agassi-rusher/800697653/usa/jt/s/"",""hiddenPlayer"":false},null],""scores"":[{""score"":7,""losingScore"":null},{""score"":7,""losingScore"":null},null,null,null],""isWinner"":true,""seeding"":null,""tieNationCode"":null,""entryStatus"":""DA""}],""playStatusCode"":""PC"",""playStatusDesc"":""Played and completed"",""resultStatusDesc"":null,""resultStatusCode"":null,""MatchTypeCode"":null,""CircuitCode"":null}",2026-06-02T22:21:17.676Z
J-JGS-FRA-2026-001,Roland Garros Junior Championships,JGS,2026-05-31,2026-06-06,1100202636,1100689785,B,Boys,S,Singles,Q,Qualifying Draw,KO,Knock-out,,1st Round,1,1183558438,PC,Played and completed,,,800774722,Amaury Abbas,FRA,,WC,800698105,Maxi Carrascosa Diaz,ESP,9,DA,2,Maxi Carrascosa Diaz,4-6 1-6,https://www.itftennis.com/en/head-to-head/?circuitCode=jt&player1Id=800774722&player2Id=800698105,https://www.rolandgarros.com/en-us/matches?status=live,"{""matchId"":1183558438,""h2hLink"":""/en/head-to-head/?circuitCode=jt&player1Id=800774722&player2Id=800698105"",""liveScoresLink"":""https://www.rolandgarros.com/en-us/matches?status=live"",""teams"":[{""players"":[{""playerId"":800774722,""nationality"":""FRA"",""givenName"":""Amaury"",""familyName"":""Abbas"",""profileLink"":""/en/players/amaury-abbas/800774722/fra/jt/s/"",""hiddenPlayer"":false},null],""scores"":[{""score"":4,""losingScore"":null},{""score"":1,""losingScore"":null},null,null,null],""isWinner"":false,""seeding"":null,""tieNationCode"":null,""entryStatus"":""WC""},{""players"":[{""playerId"":800698105,""nationality"":""ESP"",""givenName"":""Maxi"",""familyName"":""Carrascosa Diaz"",""profileLink"":""/en/players/maxi-carrascosa-diaz/800698105/esp/jt/s/"",""hiddenPlayer"":false},null],""scores"":[{""score"":6,""losingScore"":null},{""score"":6,""losingScore"":null},null,null,null],""isWinner"":true,""seeding"":9,""tieNationCode"":null,""entryStatus"":""DA""}],""playStatusCode"":""PC"",""playStatusDesc"":""Played and completed"",""resultStatusDesc"":null,""resultStatusCode"":null,""MatchTypeCode"":null,""CircuitCode"":null}",2026-06-02T22:21:17.676Z
J-JGS-FRA-2026-001,Roland Garros Junior Championships,JGS,2026-05-31,2026-06-06,1100202636,1100689785,B,Boys,S,Singles,Q,Qualifying Draw,KO,Knock-out,,1st Round,1,1183558439,PC,Played and completed,,,800580909,Kunanan Pantaratorn,THA,6,DA,800706578,Navneet Raghuram,USA,,DA,2,Navneet Raghuram,3-6 0-6,https://www.itftennis.com/en/head-to-head/?circuitCode=jt&player1Id=800580909&player2Id=800706578,https://www.rolandgarros.com/en-us/matches?status=live,"{""matchId"":1183558439,""h2hLink"":""/en/head-to-head/?circuitCode=jt&player1Id=800580909&player2Id=800706578"",""liveScoresLink"":""https://www.rolandgarros.com/en-us/matches?status=live"",""teams"":[{""players"":[{""playerId"":800580909,""nationality"":""THA"",""givenName"":""Kunanan"",""familyName"":""Pantaratorn"",""profileLink"":""/en/players/kunanan-pantaratorn/800580909/tha/jt/s/"",""hiddenPlayer"":false},null],""scores"":[{""score"":3,""losingScore"":null},{""score"":0,""losingScore"":null},null,null,null],""isWinner"":false,""seeding"":6,""tieNationCode"":null,""entryStatus"":""DA""},{""players"":[{""playerId"":800706578,""nationality"":""USA"",""givenName"":""Navneet"",""familyName"":""Raghuram"",""profileLink"":""/en/players/navneet-raghuram/800706578/usa/jt/s/"",""hiddenPlayer"":false},null],""scores"":[{""score"":6,""losingScore"":null},{""score"":6,""losingScore"":null},null,null,null],""isWinner"":true,""seeding"":null,""tieNationCode"":null,""entryStatus"":""DA""}],""playStatusCode"":""PC"",""playStatusDesc"":""Played and completed"",""resultStatusDesc"":null,""resultStatusCode"":null,""MatchTypeCode"":null,""CircuitCode"":null}",2026-06-02T22:21:17.676Z
J-JGS-FRA-2026-001,Roland Garros Junior Championships,JGS,2026-05-31,2026-06-06,1100202636,1100689785,B,Boys,S,Singles,Q,Qualifying Draw,KO,Knock-out,,1st Round,1,1183558440,PC,Played and completed,,,800657138,Arman Dubreuil,FRA,,WC,800596852,Christopher Thies,GER,13,DA,2,Christopher Thies,3-6 6-7(7),https://www.itftennis.com/en/head-to-head/?circuitCode=jt&player1Id=800657138&player2Id=800596852,https://www.rolandgarros.com/en-us/matches?status=live,"{""matchId"":1183558440,""h2hLink"":""/en/head-to-head/?circuitCode=jt&player1Id=800657138&player2Id=800596852"",""liveScoresLink"":""https://www.rolandgarros.com/en-us/matches?status=live"",""teams"":[{""players"":[{""playerId"":800657138,""nationality"":""FRA"",""givenName"":""Arman"",""familyName"":""Dubreuil"",""profileLink"":""/en/players/arman-dubreuil/800657138/fra/jt/s/"",""hiddenPlayer"":false},null],""scores"":[{""score"":3,""losingScore"":null},{""score"":6,""losingScore"":7},null,null,null],""isWinner"":false,""seeding"":null,""tieNationCode"":null,""entryStatus"":""WC""},{""players"":[{""playerId"":800596852,""nationality"":""GER"",""givenName"":""Christopher"",""familyName"":""Thies"",""profileLink"":""/en/players/christopher-thies/800596852/ger/jt/s/"",""hiddenPlayer"":false},null],""scores"":[{""score"":6,""losingScore"":null},{""score"":7,""losingScore"":null},null,null,null],""isWinner"":true,""seeding"":13,""tieNationCode"":null,""entryStatus"":""DA""}],""playStatusCode"":""PC"",""playStatusDesc"":""Played and completed"",""resultStatusDesc"":null,""resultStatusCode"":null,""MatchTypeCode"":null,""CircuitCode"":null}",2026-06-02T22:21:17.676Z
J-JGS-FRA-2026-001,Roland Garros Junior Championships,JGS,2026-05-31,2026-06-06,1100202636,1100689785,B,Boys,S,Singles,Q,Qualifying Draw,KO,Knock-out,,1st Round,1,1183558441,PC,Played and completed,,,800626993,Mustafa Ege Sik,AUS,7,DA,800595243,Michael Savano,USA,,DA,1,Mustafa Ege Sik,7-5 7-6(3),https://www.itftennis.com/en/head-to-head/?circuitCode=jt&player1Id=800626993&player2Id=800595243,https://www.rolandgarros.com/en-us/matches?status=live,"{""matchId"":1183558441,""h2hLink"":""/en/head-to-head/?circuitCode=jt&player1Id=800626993&player2Id=800595243"",""liveScoresLink"":""https://www.rolandgarros.com/en-us/matches?status=live"",""teams"":[{""players"":[{""playerId"":800626993,""nationality"":""AUS"",""givenName"":""Mustafa Ege"",""familyName"":""Sik"",""profileLink"":""/en/players/mustafa-ege-sik/800626993/aus/jt/s/"",""hiddenPlayer"":false},null],""scores"":[{""score"":7,""losingScore"":null},{""score"":7,""losingScore"":null},null,null,null],""isWinner"":true,""seeding"":7,""tieNationCode"":null,""entryStatus"":""DA""},{""players"":[{""playerId"":800595243,""nationality"":""USA"",""givenName"":""Michael"",""familyName"":""Savano"",""profileLink"":""/en/players/michael-savano/800595243/usa/jt/s/"",""hiddenPlayer"":false},null],""scores"":[{""score"":5,""losingScore"":null},{""score"":6,""losingScore"":3},null,null,null],""isWinner"":false,""seeding"":null,""tieNationCode"":null,""entryStatus"":""DA""}],""playStatusCode"":""PC"",""playStatusDesc"":""Played and completed"",""resultStatusDesc"":null,""resultStatusCode"":null,""MatchTypeCode"":null,""CircuitCode"":null}",2026-06-02T22:21:17.676Z
J-JGS-FRA-2026-001,Roland Garros Junior Championships,JGS,2026-05-31,2026-06-06,1100202636,1100689785,B,Boys,S,Singles,Q,Qualifying Draw,KO,Knock-out,,1st Round,1,1183558442,PC,Played and completed,,,800755951,Takahiro Kawaguchi,JPN,,DA,800706603,Felix Roussel,CAN,16,DA,2,Felix Roussel,1-6 6-4 3-6,https://www.itftennis.com/en/head-to-head/?circuitCode=jt&player1Id=800755951&player2Id=800706603,https://www.rolandgarros.com/en-us/matches?status=live,"{""matchId"":1183558442,""h2hLink"":""/en/head-to-head/?circuitCode=jt&player1Id=800755951&player2Id=800706603"",""liveScoresLink"":""https://www.rolandgarros.com/en-us/matches?status=live"",""teams"":[{""players"":[{""playerId"":800755951,""nationality"":""JPN"",""givenName"":""Takahiro"",""familyName"":""Kawaguchi"",""profileLink"":""/en/players/takahiro-kawaguchi/800755951/jpn/jt/s/"",""hiddenPlayer"":false},null],""scores"":[{""score"":1,""losingScore"":null},{""score"":6,""losingScore"":null},{""score"":3,""losingScore"":null},null,null],""isWinner"":false,""seeding"":null,""tieNationCode"":null,""entryStatus"":""DA""},{""players"":[{""playerId"":800706603,""nationality"":""CAN"",""givenName"":""Felix"",""familyName"":""Roussel"",""profileLink"":""/en/players/felix-roussel/800706603/can/jt/s/"",""hiddenPlayer"":false},null],""scores"":[{""score"":6,""losingScore"":null},{""score"":4,""losingScore"":null},{""score"":6,""losingScore"":null},null,null],""isWinner"":true,""seeding"":16,""tieNationCode"":null,""entryStatus"":""DA""}],""playStatusCode"":""PC"",""playStatusDesc"":""Played and completed"",""resultStatusDesc"":null,""resultStatusCode"":null,""MatchTypeCode"":null,""CircuitCode"":null}",2026-06-02T22:21:17.676Z
J-JGS-FRA-2026-001,Roland Garros Junior Championships,JGS,2026-05-31,2026-06-06,1100202636,1100689785,B,Boys,S,Singles,Q,Qualifying Draw,KO,Knock-out,,1st Round,1,1183558443,PC,Played and completed,,,800702395,Ntungamili RAGUIN,BOT,8,DA,800663475,Mario Vukovic,FRA,,WC,1,Ntungamili RAGUIN,6-3 6-2,https://www.itftennis.com/en/head-to-head/?circuitCode=jt&player1Id=800702395&player2Id=800663475,https://www.rolandgarros.com/en-us/matches?status=live,"{""matchId"":1183558443,""h2hLink"":""/en/head-to-head/?circuitCode=jt&player1Id=800702395&player2Id=800663475"",""liveScoresLink"":""https://www.rolandgarros.com/en-us/matches?status=live"",""teams"":[{""players"":[{""playerId"":800702395,""nationality"":""BOT"",""givenName"":""Ntungamili"",""familyName"":""RAGUIN"",""profileLink"":""/en/players/ntungamili-raguin/800702395/bot/jt/s/"",""hiddenPlayer"":false},null],""scores"":[{""score"":6,""losingScore"":null},{""score"":6,""losingScore"":null},null,null,null],""isWinner"":true,""seeding"":8,""tieNationCode"":null,""entryStatus"":""DA""},{""players"":[{""playerId"":800663475,""nationality"":""FRA"",""givenName"":""Mario"",""familyName"":""Vukovic"",""profileLink"":""/en/players/mario-vukovic/800663475/fra/jt/s/"",""hiddenPlayer"":false},null],""scores"":[{""score"":3,""losingScore"":null},{""score"":2,""losingScore"":null},null,null,null],""isWinner"":false,""seeding"":null,""tieNationCode"":null,""entryStatus"":""WC""}],""playStatusCode"":""PC"",""playStatusDesc"":""Played and completed"",""resultStatusDesc"":null,""resultStatusCode"":null,""MatchTypeCode"":null,""CircuitCode"":null}",2026-06-02T22:21:17.676Z
J-JGS-FRA-2026-001,Roland Garros Junior Championships,JGS,2026-05-31,2026-06-06,1100202636,1100689785,B,Boys,S,Singles,Q,Qualifying Draw,KO,Knock-out,,1st Round,1,1183558444,PC,Played and completed,,,800543492,Daniel Tazabekov,KAZ,,DA,800573442,Marat Salbiev,RUS,11,DA,2,Marat Salbiev,5-7 0-6,https://www.itftennis.com/en/head-to-head/?circuitCode=jt&player1Id=800543492&player2Id=800573442,https://www.rolandgarros.com/en-us/matches?status=live,"{""matchId"":1183558444,""h2hLink"":""/en/head-to-head/?circuitCode=jt&player1Id=800543492&player2Id=800573442"",""liveScoresLink"":""https://www.rolandgarros.com/en-us/matches?status=live"",""teams"":[{""players"":[{""playerId"":800543492,""nationality"":""KAZ"",""givenName"":""Daniel"",""familyName"":""Tazabekov"",""profileLink"":""/en/players/daniel-tazabekov/800543492/kaz/jt/s/"",""hiddenPlayer"":false},null],""scores"":[{""score"":5,""losingScore"":null},{""score"":0,""losingScore"":null},null,null,null],""isWinner"":false,""seeding"":null,""tieNationCode"":null,""entryStatus"":""DA""},{""players"":[{""playerId"":800573442,""nationality"":""RUS"",""givenName"":""Marat"",""familyName"":""Salbiev"",""profileLink"":""/en/players/marat-salbiev/800573442/rus/jt/s/"",""hiddenPlayer"":false},null],""scores"":[{""score"":7,""losingScore"":null},{""score"":6,""losingScore"":null},null,null,null],""isWinner"":true,""seeding"":11,""tieNationCode"":null,""entryStatus"":""DA""}],""playStatusCode"":""PC"",""playStatusDesc"":""Played and completed"",""resultStatusDesc"":null,""resultStatusCode"":null,""MatchTypeCode"":null,""CircuitCode"":null}",2026-06-02T22:21:17.676Z
J-JGS-FRA-2026-001,Roland Garros Junior Championships,JGS,2026-05-31,2026-06-06,1100202636,1100689785,B,Boys,S,Singles,Q,Qualifying Draw,KO,Knock-out,,2nd Round,2,1183558445,PC,Played and completed,,,800662768,Jake Dembo,AUS,,DA,800601948,Rhys Lawlor,GBR,12,DA,2,Rhys Lawlor,1-6 1-6,https://www.itftennis.com/en/head-to-head/?circuitCode=jt&player1Id=800662768&player2Id=800601948,https://www.rolandgarros.com/en-us/matches?status=live,"{""matchId"":1183558445,""h2hLink"":""/en/head-to-head/?circuitCode=jt&player1Id=800662768&player2Id=800601948"",""liveScoresLink"":""https://www.rolandgarros.com/en-us/matches?status=live"",""teams"":[{""players"":[{""playerId"":800662768,""nationality"":""AUS"",""givenName"":""Jake"",""familyName"":""Dembo"",""profileLink"":""/en/players/jake-dembo/800662768/aus/jt/s/"",""hiddenPlayer"":false},null],""scores"":[{""score"":1,""losingScore"":null},{""score"":1,""losingScore"":null},null,null,null],""isWinner"":false,""seeding"":null,""tieNationCode"":null,""entryStatus"":""DA""},{""players"":[{""playerId"":800601948,""nationality"":""GBR"",""givenName"":""Rhys"",""familyName"":""Lawlor"",""profileLink"":""/en/players/rhys-lawlor/800601948/gbr/jt/s/"",""hiddenPlayer"":false},null],""scores"":[{""score"":6,""losingScore"":null},{""score"":6,""losingScore"":null},null,null,null],""isWinner"":true,""seeding"":12,""tieNationCode"":null,""entryStatus"":""DA""}],""playStatusCode"":""PC"",""playStatusDesc"":""Played and completed"",""resultStatusDesc"":null,""resultStatusCode"":null,""MatchTypeCode"":null,""CircuitCode"":null}",2026-06-02T22:21:17.676Z
J-JGS-FRA-2026-001,Roland Garros Junior Championships,JGS,2026-05-31,2026-06-06,1100202636,1100689785,B,Boys,S,Singles,Q,Qualifying Draw,KO,Knock-out,,2nd Round,2,1183558446,PC,Played and completed,,,800602130,Jan Sadzik,POL,2,DA,800651243,Kaan Isik Kosaner,TUR,,DA,2,Kaan Isik Kosaner,2-6 7-5 2-6,https://www.itftennis.com/en/head-to-head/?circuitCode=jt&player1Id=800602130&player2Id=800651243,https://www.rolandgarros.com/en-us/matches?status=live,"{""matchId"":1183558446,""h2hLink"":""/en/head-to-head/?circuitCode=jt&player1Id=800602130&player2Id=800651243"",""liveScoresLink"":""https://www.rolandgarros.com/en-us/matches?status=live"",""teams"":[{""players"":[{""playerId"":800602130,""nationality"":""POL"",""givenName"":""Jan"",""familyName"":""Sadzik"",""profileLink"":""/en/players/jan-sadzik/800602130/pol/jt/s/"",""hiddenPlayer"":false},null],""scores"":[{""score"":2,""losingScore"":null},{""score"":7,""losingScore"":null},{""score"":2,""losingScore"":null},null,null],""isWinner"":false,""seeding"":2,""tieNationCode"":null,""entryStatus"":""DA""},{""players"":[{""playerId"":800651243,""nationality"":""TUR"",""givenName"":""Kaan Isik"",""familyName"":""Kosaner"",""profileLink"":""/en/players/kaan-isik-kosaner/800651243/tur/jt/s/"",""hiddenPlayer"":false},null],""scores"":[{""score"":6,""losingScore"":null},{""score"":5,""losingScore"":null},{""score"":6,""losingScore"":null},null,null],""isWinner"":true,""seeding"":null,""tieNationCode"":null,""entryStatus"":""DA""}],""playStatusCode"":""PC"",""playStatusDesc"":""Played and completed"",""resultStatusDesc"":null,""resultStatusCode"":null,""MatchTypeCode"":null,""CircuitCode"":null}",2026-06-02T22:21:17.676Z
J-JGS-FRA-2026-001,Roland Garros Junior Championships,JGS,2026-05-31,2026-06-06,1100202636,1100689785,B,Boys,S,Singles,Q,Qualifying Draw,KO,Knock-out,,2nd Round,2,1183558447,PC,Played and completed,,,800781872,Safir Azam,USA,3,DA,800595066,Lucas Yunez,ECU,,DA,1,Safir Azam,7-5 6-3,https://www.itftennis.com/en/head-to-head/?circuitCode=jt&player1Id=800781872&player2Id=800595066,https://www.rolandgarros.com/en-us/matches?status=live,"{""matchId"":1183558447,""h2hLink"":""/en/head-to-head/?circuitCode=jt&player1Id=800781872&player2Id=800595066"",""liveScoresLink"":""https://www.rolandgarros.com/en-us/matches?status=live"",""teams"":[{""players"":[{""playerId"":800781872,""nationality"":""USA"",""givenName"":""Safir"",""familyName"":""Azam"",""profileLink"":""/en/players/safir-azam/800781872/usa/jt/s/"",""hiddenPlayer"":false},null],""scores"":[{""score"":7,""losingScore"":null},{""score"":6,""losingScore"":null},null,null,null],""isWinner"":true,""seeding"":3,""tieNationCode"":null,""entryStatus"":""DA""},{""players"":[{""playerId"":800595066,""nationality"":""ECU"",""givenName"":""Lucas"",""familyName"":""Yunez"",""profileLink"":""/en/players/lucas-yunez/800595066/ecu/jt/s/"",""hiddenPlayer"":false},null],""scores"":[{""score"":5,""losingScore"":null},{""score"":3,""losingScore"":null},null,null,null],""isWinner"":false,""seeding"":null,""tieNationCode"":null,""entryStatus"":""DA""}],""playStatusCode"":""PC"",""playStatusDesc"":""Played and completed"",""resultStatusDesc"":null,""resultStatusCode"":null,""MatchTypeCode"":null,""CircuitCode"":null}",2026-06-02T22:21:17.676Z
J-JGS-FRA-2026-001,Roland Garros Junior Championships,JGS,2026-05-31,2026-06-06,1100202636,1100689785,B,Boys,S,Singles,Q,Qualifying Draw,KO,Knock-out,,2nd Round,2,1183558448,PC,Played and completed,,,800587925,Oliver Majdandzic,GER,,DA,800695726,OLUWASEUN PETER OGUNSAKIN,NGR,15,DA,1,Oliver Majdandzic,6-3 7-6(5),https://www.itftennis.com/en/head-to-head/?circuitCode=jt&player1Id=800587925&player2Id=800695726,https://www.rolandgarros.com/en-us/matches?status=live,"{""matchId"":1183558448,""h2hLink"":""/en/head-to-head/?circuitCode=jt&player1Id=800587925&player2Id=800695726"",""liveScoresLink"":""https://www.rolandgarros.com/en-us/matches?status=live"",""teams"":[{""players"":[{""playerId"":800587925,""nationality"":""GER"",""givenName"":""Oliver"",""familyName"":""Majdandzic"",""profileLink"":""/en/players/oliver-majdandzic/800587925/ger/jt/s/"",""hiddenPlayer"":false},null],""scores"":[{""score"":6,""losingScore"":null},{""score"":7,""losingScore"":null},null,null,null],""isWinner"":true,""seeding"":null,""tieNationCode"":null,""entryStatus"":""DA""},{""players"":[{""playerId"":800695726,""nationality"":""NGR"",""givenName"":""OLUWASEUN PETER"",""familyName"":""OGUNSAKIN"",""profileLink"":""/en/players/oluwaseun-peter-ogunsakin/800695726/ngr/jt/s/"",""hiddenPlayer"":false},null],""scores"":[{""score"":3,""losingScore"":null},{""score"":6,""losingScore"":5},null,null,null],""isWinner"":false,""seeding"":15,""tieNationCode"":null,""entryStatus"":""DA""}],""playStatusCode"":""PC"",""playStatusDesc"":""Played and completed"",""resultStatusDesc"":null,""resultStatusCode"":null,""MatchTypeCode"":null,""CircuitCode"":null}",2026-06-02T22:21:17.676Z
J-JGS-FRA-2026-001,Roland Garros Junior Championships,JGS,2026-05-31,2026-06-06,1100202636,1100689785,B,Boys,S,Singles,Q,Qualifying Draw,KO,Knock-out,,2nd Round,2,1183558449,PC,Played and completed,,,800697653,Agassi Rusher,USA,,DA,800698105,Maxi Carrascosa Diaz,ESP,9,DA,1,Agassi Rusher,7-5 6-4,https://www.itftennis.com/en/head-to-head/?circuitCode=jt&player1Id=800697653&player2Id=800698105,https://www.rolandgarros.com/en-us/matches?status=live,"{""matchId"":1183558449,""h2hLink"":""/en/head-to-head/?circuitCode=jt&player1Id=800697653&player2Id=800698105"",""liveScoresLink"":""https://www.rolandgarros.com/en-us/matches?status=live"",""teams"":[{""players"":[{""playerId"":800697653,""nationality"":""USA"",""givenName"":""Agassi"",""familyName"":""Rusher"",""profileLink"":""/en/players/agassi-rusher/800697653/usa/jt/s/"",""hiddenPlayer"":false},null],""scores"":[{""score"":7,""losingScore"":null},{""score"":6,""losingScore"":null},null,null,null],""isWinner"":true,""seeding"":null,""tieNationCode"":null,""entryStatus"":""DA""},{""players"":[{""playerId"":800698105,""nationality"":""ESP"",""givenName"":""Maxi"",""familyName"":""Carrascosa Diaz"",""profileLink"":""/en/players/maxi-carrascosa-diaz/800698105/esp/jt/s/"",""hiddenPlayer"":false},null],""scores"":[{""score"":5,""losingScore"":null},{""score"":4,""losingScore"":null},null,null,null],""isWinner"":false,""seeding"":9,""tieNationCode"":null,""entryStatus"":""DA""}],""playStatusCode"":""PC"",""playStatusDesc"":""Played and completed"",""resultStatusDesc"":null,""resultStatusCode"":null,""MatchTypeCode"":null,""CircuitCode"":null}",2026-06-02T22:21:17.676Z
J-JGS-FRA-2026-001,Roland Garros Junior Championships,JGS,2026-05-31,2026-06-06,1100202636,1100689785,B,Boys,S,Singles,Q,Qualifying Draw,KO,Knock-out,,2nd Round,2,1183558450,PC,Played and completed,,,800706578,Navneet Raghuram,USA,,DA,800596852,Christopher Thies,GER,13,DA,2,Christopher Thies,6-7(5) 6-7(3),https://www.itftennis.com/en/head-to-head/?circuitCode=jt&player1Id=800706578&player2Id=800596852,https://www.rolandgarros.com/en-us/matches?status=live,"{""matchId"":1183558450,""h2hLink"":""/en/head-to-head/?circuitCode=jt&player1Id=800706578&player2Id=800596852"",""liveScoresLink"":""https://www.rolandgarros.com/en-us/matches?status=live"",""teams"":[{""players"":[{""playerId"":800706578,""nationality"":""USA"",""givenName"":""Navneet"",""familyName"":""Raghuram"",""profileLink"":""/en/players/navneet-raghuram/800706578/usa/jt/s/"",""hiddenPlayer"":false},null],""scores"":[{""score"":6,""losingScore"":5},{""score"":6,""losingScore"":3},null,null,null],""isWinner"":false,""seeding"":null,""tieNationCode"":null,""entryStatus"":""DA""},{""players"":[{""playerId"":800596852,""nationality"":""GER"",""givenName"":""Christopher"",""familyName"":""Thies"",""profileLink"":""/en/players/christopher-thies/800596852/ger/jt/s/"",""hiddenPlayer"":false},null],""scores"":[{""score"":7,""losingScore"":null},{""score"":7,""losingScore"":null},null,null,null],""isWinner"":true,""seeding"":13,""tieNationCode"":null,""entryStatus"":""DA""}],""playStatusCode"":""PC"",""playStatusDesc"":""Played and completed"",""resultStatusDesc"":null,""resultStatusCode"":null,""MatchTypeCode"":null,""CircuitCode"":null}",2026-06-02T22:21:17.676Z
J-JGS-FRA-2026-001,Roland Garros Junior Championships,JGS,2026-05-31,2026-06-06,1100202636,1100689785,B,Boys,S,Singles,Q,Qualifying Draw,KO,Knock-out,,2nd Round,2,1183558451,PC,Played and completed,,,800626993,Mustafa Ege Sik,AUS,7,DA,800706603,Felix Roussel,CAN,16,DA,1,Mustafa Ege Sik,7-6(5) 6-1,https://www.itftennis.com/en/head-to-head/?circuitCode=jt&player1Id=800626993&player2Id=800706603,https://www.rolandgarros.com/en-us/matches?status=live,"{""matchId"":1183558451,""h2hLink"":""/en/head-to-head/?circuitCode=jt&player1Id=800626993&player2Id=800706603"",""liveScoresLink"":""https://www.rolandgarros.com/en-us/matches?status=live"",""teams"":[{""players"":[{""playerId"":800626993,""nationality"":""AUS"",""givenName"":""Mustafa Ege"",""familyName"":""Sik"",""profileLink"":""/en/players/mustafa-ege-sik/800626993/aus/jt/s/"",""hiddenPlayer"":false},null],""scores"":[{""score"":7,""losingScore"":null},{""score"":6,""losingScore"":null},null,null,null],""isWinner"":true,""seeding"":7,""tieNationCode"":null,""entryStatus"":""DA""},{""players"":[{""playerId"":800706603,""nationality"":""CAN"",""givenName"":""Felix"",""familyName"":""Roussel"",""profileLink"":""/en/players/felix-roussel/800706603/can/jt/s/"",""hiddenPlayer"":false},null],""scores"":[{""score"":6,""losingScore"":5},{""score"":1,""losingScore"":null},null,null,null],""isWinner"":false,""seeding"":16,""tieNationCode"":null,""entryStatus"":""DA""}],""playStatusCode"":""PC"",""playStatusDesc"":""Played and completed"",""resultStatusDesc"":null,""resultStatusCode"":null,""MatchTypeCode"":null,""CircuitCode"":null}",2026-06-02T22:21:17.676Z
J-JGS-FRA-2026-001,Roland Garros Junior Championships,JGS,2026-05-31,2026-06-06,1100202636,1100689785,B,Boys,S,Singles,Q,Qualifying Draw,KO,Knock-out,,2nd Round,2,1183558452,PC,Played and completed,,,800702395,Ntungamili RAGUIN,BOT,8,DA,800573442,Marat Salbiev,RUS,11,DA,2,Marat Salbiev,4-6 3-6,https://www.itftennis.com/en/head-to-head/?circuitCode=jt&player1Id=800702395&player2Id=800573442,https://www.rolandgarros.com/en-us/matches?status=live,"{""matchId"":1183558452,""h2hLink"":""/en/head-to-head/?circuitCode=jt&player1Id=800702395&player2Id=800573442"",""liveScoresLink"":""https://www.rolandgarros.com/en-us/matches?status=live"",""teams"":[{""players"":[{""playerId"":800702395,""nationality"":""BOT"",""givenName"":""Ntungamili"",""familyName"":""RAGUIN"",""profileLink"":""/en/players/ntungamili-raguin/800702395/bot/jt/s/"",""hiddenPlayer"":false},null],""scores"":[{""score"":4,""losingScore"":null},{""score"":3,""losingScore"":null},null,null,null],""isWinner"":false,""seeding"":8,""tieNationCode"":null,""entryStatus"":""DA""},{""players"":[{""playerId"":800573442,""nationality"":""RUS"",""givenName"":""Marat"",""familyName"":""Salbiev"",""profileLink"":""/en/players/marat-salbiev/800573442/rus/jt/s/"",""hiddenPlayer"":false},null],""scores"":[{""score"":6,""losingScore"":null},{""score"":6,""losingScore"":null},null,null,null],""isWinner"":true,""seeding"":11,""tieNationCode"":null,""entryStatus"":""DA""}],""playStatusCode"":""PC"",""playStatusDesc"":""Played and completed"",""resultStatusDesc"":null,""resultStatusCode"":null,""MatchTypeCode"":null,""CircuitCode"":null}",2026-06-02T22:21:17.676Z
J-JGS-FRA-2026-001,Roland Garros Junior Championships,JGS,2026-05-31,2026-06-06,1100202636,1100689786,B,Boys,D,Doubles,M,Main Draw,KO,Knock-out,,1st Round,1,2124508681,PC,Played and completed,,,800680259|800579895,Luis Guto Miguel / Ziga Sesko,BRA|SLO,1,DA,800654359|800589275,Emilio Camacho / Rihards Neimanis,ECU|LAT,,DA,1,Luis Guto Miguel / Ziga Sesko,6-3 6-1,,https://www.rolandgarros.com/en-us/matches?status=live,"{""matchId"":2124508681,""h2hLink"":"""",""liveScoresLink"":""https://www.rolandgarros.com/en-us/matches?status=live"",""teams"":[{""players"":[{""playerId"":800680259,""nationality"":""BRA"",""givenName"":""Luis Guto"",""familyName"":""Miguel"",""profileLink"":""/en/players/luis-guto-miguel/800680259/bra/jt/d/"",""hiddenPlayer"":false},{""playerId"":800579895,""nationality"":""SLO"",""givenName"":""Ziga"",""familyName"":""Sesko"",""profileLink"":""/en/players/ziga-sesko/800579895/slo/jt/d/"",""hiddenPlayer"":false}],""scores"":[{""score"":6,""losingScore"":null},{""score"":6,""losingScore"":null},null,null,null],""isWinner"":true,""seeding"":1,""tieNationCode"":null,""entryStatus"":""DA""},{""players"":[{""playerId"":800654359,""nationality"":""ECU"",""givenName"":""Emilio"",""familyName"":""Camacho"",""profileLink"":""/en/players/emilio-camacho/800654359/ecu/jt/d/"",""hiddenPlayer"":false},{""playerId"":800589275,""nationality"":""LAT"",""givenName"":""Rihards"",""familyName"":""Neimanis"",""profileLink"":""/en/players/rihards-neimanis/800589275/lat/jt/d/"",""hiddenPlayer"":false}],""scores"":[{""score"":3,""losingScore"":null},{""score"":1,""losingScore"":null},null,null,null],""isWinner"":false,""seeding"":null,""tieNationCode"":null,""entryStatus"":""DA""}],""playStatusCode"":""PC"",""playStatusDesc"":""Played and completed"",""resultStatusDesc"":null,""resultStatusCode"":null,""MatchTypeCode"":null,""CircuitCode"":null}",2026-06-02T22:21:22.049Z
J-JGS-FRA-2026-001,Roland Garros Junior Championships,JGS,2026-05-31,2026-06-06,1100202636,1100689786,B,Boys,D,Doubles,M,Main Draw,KO,Knock-out,,1st Round,1,2124508682,PC,Played and completed,,,800580909|800573038,Kunanan Pantaratorn / Arnav Paparkar,THA|IND,,DA,800646827|800572955,Mark Ceban / Kirill Filaretov,GBR|RUS,,DA,1,Kunanan Pantaratorn / Arnav Paparkar,7-6(7) 6-2,,https://www.rolandgarros.com/en-us/matches?status=live,"{""matchId"":2124508682,""h2hLink"":"""",""liveScoresLink"":""https://www.rolandgarros.com/en-us/matches?status=live"",""teams"":[{""players"":[{""playerId"":800580909,""nationality"":""THA"",""givenName"":""Kunanan"",""familyName"":""Pantaratorn"",""profileLink"":""/en/players/kunanan-pantaratorn/800580909/tha/jt/d/"",""hiddenPlayer"":false},{""playerId"":800573038,""nationality"":""IND"",""givenName"":""Arnav"",""familyName"":""Paparkar"",""profileLink"":""/en/players/arnav-paparkar/800573038/ind/jt/d/"",""hiddenPlayer"":false}],""scores"":[{""score"":7,""losingScore"":null},{""score"":6,""losingScore"":null},null,null,null],""isWinner"":true,""seeding"":null,""tieNationCode"":null,""entryStatus"":""DA""},{""players"":[{""playerId"":800646827,""nationality"":""GBR"",""givenName"":""Mark"",""familyName"":""Ceban"",""profileLink"":""/en/players/mark-ceban/800646827/gbr/jt/d/"",""hiddenPlayer"":false},{""playerId"":800572955,""nationality"":""RUS"",""givenName"":""Kirill"",""familyName"":""Filaretov"",""profileLink"":""/en/players/kirill-filaretov/800572955/rus/jt/d/"",""hiddenPlayer"":false}],""scores"":[{""score"":6,""losingScore"":7},{""score"":2,""losingScore"":null},null,null,null],""isWinner"":false,""seeding"":null,""tieNationCode"":null,""entryStatus"":""DA""}],""playStatusCode"":""PC"",""playStatusDesc"":""Played and completed"",""resultStatusDesc"":null,""resultStatusCode"":null,""MatchTypeCode"":null,""CircuitCode"":null}",2026-06-02T22:21:22.049Z
J-JGS-FRA-2026-001,Roland Garros Junior Championships,JGS,2026-05-31,2026-06-06,1100202636,1100689786,B,Boys,D,Doubles,M,Main Draw,KO,Knock-out,,1st Round,1,2124508683,PC,Played and completed,,,800653870|800663475,Evan GIURESCU / Mario Vukovic,FRA|FRA,,WC,800652195|800650301,Juan Miguel Bolivar Idarraga / Pedro Henrique Chabalgoity,COL|BRA,,DA,2,Juan Miguel Bolivar Idarraga / Pedro Henrique Chabalgoity,2-6 6-3 3-10,,https://www.rolandgarros.com/en-us/matches?status=live,"{""matchId"":2124508683,""h2hLink"":"""",""liveScoresLink"":""https://www.rolandgarros.com/en-us/matches?status=live"",""teams"":[{""players"":[{""playerId"":800653870,""nationality"":""FRA"",""givenName"":""Evan"",""familyName"":""GIURESCU"",""profileLink"":""/en/players/evan-giurescu/800653870/fra/jt/d/"",""hiddenPlayer"":false},{""playerId"":800663475,""nationality"":""FRA"",""givenName"":""Mario"",""familyName"":""Vukovic"",""profileLink"":""/en/players/mario-vukovic/800663475/fra/jt/d/"",""hiddenPlayer"":false}],""scores"":[{""score"":2,""losingScore"":null},{""score"":6,""losingScore"":null},{""score"":3,""losingScore"":null},null,null],""isWinner"":false,""seeding"":null,""tieNationCode"":null,""entryStatus"":""WC""},{""players"":[{""playerId"":800652195,""nationality"":""COL"",""givenName"":""Juan Miguel"",""familyName"":""Bolivar Idarraga"",""profileLink"":""/en/players/juan-miguel-bolivar-idarraga/800652195/col/jt/d/"",""hiddenPlayer"":false},{""playerId"":800650301,""nationality"":""BRA"",""givenName"":""Pedro Henrique"",""familyName"":""Chabalgoity"",""profileLink"":""/en/players/pedro-henrique-chabalgoity/800650301/bra/jt/d/"",""hiddenPlayer"":false}],""scores"":[{""score"":6,""losingScore"":null},{""score"":3,""losingScore"":null},{""score"":10,""losingScore"":null},null,null],""isWinner"":true,""seeding"":null,""tieNationCode"":null,""entryStatus"":""DA""}],""playStatusCode"":""PC"",""playStatusDesc"":""Played and completed"",""resultStatusDesc"":null,""resultStatusCode"":null,""MatchTypeCode"":null,""CircuitCode"":null}",2026-06-02T22:21:22.049Z
J-JGS-FRA-2026-001,Roland Garros Junior Championships,JGS,2026-05-31,2026-06-06,1100202636,1100689786,B,Boys,D,Doubles,M,Main Draw,KO,Knock-out,,1st Round,1,2124508684,PC,Played and completed,,,800590346|800591436,Nikita Belozertsev / Kai Thompson,UZB|HKG,,DA,800696168|800720203,Yannik Alvarez / Jack Secord,PUR|USA,6,DA,2,Yannik Alvarez / Jack Secord,7-5 6-7(1) 7-10,,https://www.rolandgarros.com/en-us/matches?status=live,"{""matchId"":2124508684,""h2hLink"":"""",""liveScoresLink"":""https://www.rolandgarros.com/en-us/matches?status=live"",""teams"":[{""players"":[{""playerId"":800590346,""nationality"":""UZB"",""givenName"":""Nikita"",""familyName"":""Belozertsev"",""profileLink"":""/en/players/nikita-belozertsev/800590346/uzb/jt/d/"",""hiddenPlayer"":false},{""playerId"":800591436,""nationality"":""HKG"",""givenName"":""Kai"",""familyName"":""Thompson"",""profileLink"":""/en/players/kai-thompson/800591436/hkg/jt/d/"",""hiddenPlayer"":false}],""scores"":[{""score"":7,""losingScore"":null},{""score"":6,""losingScore"":1},{""score"":7,""losingScore"":null},null,null],""isWinner"":false,""seeding"":null,""tieNationCode"":null,""entryStatus"":""DA""},{""players"":[{""playerId"":800696168,""nationality"":""PUR"",""givenName"":""Yannik"",""familyName"":""Alvarez"",""profileLink"":""/en/players/yannik-alvarez/800696168/pur/jt/d/"",""hiddenPlayer"":false},{""playerId"":800720203,""nationality"":""USA"",""givenName"":""Jack"",""familyName"":""Secord"",""profileLink"":""/en/players/jack-secord/800720203/usa/jt/d/"",""hiddenPlayer"":false}],""scores"":[{""score"":5,""losingScore"":null},{""score"":7,""losingScore"":null},{""score"":10,""losingScore"":null},null,null],""isWinner"":true,""seeding"":6,""tieNationCode"":null,""entryStatus"":""DA""}],""playStatusCode"":""PC"",""playStatusDesc"":""Played and completed"",""resultStatusDesc"":null,""resultStatusCode"":null,""MatchTypeCode"":null,""CircuitCode"":null}",2026-06-02T22:21:22.049Z
J-JGS-FRA-2026-001,Roland Garros Junior Championships,JGS,2026-05-31,2026-06-06,1100202636,1100689786,B,Boys,D,Doubles,M,Main Draw,KO,Knock-out,,1st Round,1,2124508685,PC,Played and completed,,,800589798|800692766,Thilo Behrmann / Kuan-Shou Chen,AUT|TPE,4,DA,800684768|800664509,Benoit Geldof / Pablo Pradat,FRA|FRA,,WC,1,Thilo Behrmann / Kuan-Shou Chen,6-2 6-4,,https://www.rolandgarros.com/en-us/matches?status=live,"{""matchId"":2124508685,""h2hLink"":"""",""liveScoresLink"":""https://www.rolandgarros.com/en-us/matches?status=live"",""teams"":[{""players"":[{""playerId"":800589798,""nationality"":""AUT"",""givenName"":""Thilo"",""familyName"":""Behrmann"",""profileLink"":""/en/players/thilo-behrmann/800589798/aut/jt/d/"",""hiddenPlayer"":false},{""playerId"":800692766,""nationality"":""TPE"",""givenName"":""Kuan-Shou"",""familyName"":""Chen"",""profileLink"":""/en/players/kuan-shou-chen/800692766/tpe/jt/d/"",""hiddenPlayer"":false}],""scores"":[{""score"":6,""losingScore"":null},{""score"":6,""losingScore"":null},null,null,null],""isWinner"":true,""seeding"":4,""tieNationCode"":null,""entryStatus"":""DA""},{""players"":[{""playerId"":800684768,""nationality"":""FRA"",""givenName"":""Benoit"",""familyName"":""Geldof"",""profileLink"":""/en/players/benoit-geldof/800684768/fra/jt/d/"",""hiddenPlayer"":false},{""playerId"":800664509,""nationality"":""FRA"",""givenName"":""Pablo"",""familyName"":""Pradat"",""profileLink"":""/en/players/pablo-pradat/800664509/fra/jt/d/"",""hiddenPlayer"":false}],""scores"":[{""score"":2,""losingScore"":null},{""score"":4,""losingScore"":null},null,null,null],""isWinner"":false,""seeding"":null,""tieNationCode"":null,""entryStatus"":""WC""}],""playStatusCode"":""PC"",""playStatusDesc"":""Played and completed"",""resultStatusDesc"":null,""resultStatusCode"":null,""MatchTypeCode"":null,""CircuitCode"":null}",2026-06-02T22:21:22.049Z
J-JGS-FRA-2026-001,Roland Garros Junior Championships,JGS,2026-05-31,2026-06-06,1100202636,1100689786,B,Boys,D,Doubles,M,Main Draw,KO,Knock-out,,1st Round,1,2124508686,PC,Played and completed,,,800732018|800601948,Michael Antonius / Rhys Lawlor,USA|GBR,,DA,800589799|800661936,Raffaele Ciurnelli / Leon Sloboda,ITA|SVK,,DA,2,Raffaele Ciurnelli / Leon Sloboda,6-4 6-7(6) 8-10,,https://www.rolandgarros.com/en-us/matches?status=live,"{""matchId"":2124508686,""h2hLink"":"""",""liveScoresLink"":""https://www.rolandgarros.com/en-us/matches?status=live"",""teams"":[{""players"":[{""playerId"":800732018,""nationality"":""USA"",""givenName"":""Michael"",""familyName"":""Antonius"",""profileLink"":""/en/players/michael-antonius/800732018/usa/jt/d/"",""hiddenPlayer"":false},{""playerId"":800601948,""nationality"":""GBR"",""givenName"":""Rhys"",""familyName"":""Lawlor"",""profileLink"":""/en/players/rhys-lawlor/800601948/gbr/jt/d/"",""hiddenPlayer"":false}],""scores"":[{""score"":6,""losingScore"":null},{""score"":6,""losingScore"":6},{""score"":8,""losingScore"":null},null,null],""isWinner"":false,""seeding"":null,""tieNationCode"":null,""entryStatus"":""DA""},{""players"":[{""playerId"":800589799,""nationality"":""ITA"",""givenName"":""Raffaele"",""familyName"":""Ciurnelli"",""profileLink"":""/en/players/raffaele-ciurnelli/800589799/ita/jt/d/"",""hiddenPlayer"":false},{""playerId"":800661936,""nationality"":""SVK"",""givenName"":""Leon"",""familyName"":""Sloboda"",""profileLink"":""/en/players/leon-sloboda/800661936/svk/jt/d/"",""hiddenPlayer"":false}],""scores"":[{""score"":4,""losingScore"":null},{""score"":7,""losingScore"":null},{""score"":10,""losingScore"":null},null,null],""isWinner"":true,""seeding"":null,""tieNationCode"":null,""entryStatus"":""DA""}],""playStatusCode"":""PC"",""playStatusDesc"":""Played and completed"",""resultStatusDesc"":null,""resultStatusCode"":null,""MatchTypeCode"":null,""CircuitCode"":null}",2026-06-02T22:21:22.049Z
J-JGS-FRA-2026-001,Roland Garros Junior Championships,JGS,2026-05-31,2026-06-06,1100202636,1100689786,B,Boys,D,Doubles,M,Main Draw,KO,Knock-out,,1st Round,1,2124508687,PC,Played and completed,,,800721316|800754035,Ryan Cozad / Gavin Goode,USA|USA,,DA,800567149|800583661,Aaron Gabet / Mickael Kaouk,FRA|FRA,,WC,2,Aaron Gabet / Mickael Kaouk,7-5 4-6 4-10,,https://www.rolandgarros.com/en-us/matches?status=live,"{""matchId"":2124508687,""h2hLink"":"""",""liveScoresLink"":""https://www.rolandgarros.com/en-us/matches?status=live"",""teams"":[{""players"":[{""playerId"":800721316,""nationality"":""USA"",""givenName"":""Ryan"",""familyName"":""Cozad"",""profileLink"":""/en/players/ryan-cozad/800721316/usa/jt/d/"",""hiddenPlayer"":false},{""playerId"":800754035,""nationality"":""USA"",""givenName"":""Gavin"",""familyName"":""Goode"",""profileLink"":""/en/players/gavin-goode/800754035/usa/jt/d/"",""hiddenPlayer"":false}],""scores"":[{""score"":7,""losingScore"":null},{""score"":4,""losingScore"":null},{""score"":4,""losingScore"":null},null,null],""isWinner"":false,""seeding"":null,""tieNationCode"":null,""entryStatus"":""DA""},{""players"":[{""playerId"":800567149,""nationality"":""FRA"",""givenName"":""Aaron"",""familyName"":""Gabet"",""profileLink"":""/en/players/aaron-gabet/800567149/fra/jt/d/"",""hiddenPlayer"":false},{""playerId"":800583661,""nationality"":""FRA"",""givenName"":""Mickael"",""familyName"":""Kaouk"",""profileLink"":""/en/players/mickael-kaouk/800583661/fra/jt/d/"",""hiddenPlayer"":false}],""scores"":[{""score"":5,""losingScore"":null},{""score"":6,""losingScore"":null},{""score"":10,""losingScore"":null},null,null],""isWinner"":true,""seeding"":null,""tieNationCode"":null,""entryStatus"":""WC""}],""playStatusCode"":""PC"",""playStatusDesc"":""Played and completed"",""resultStatusDesc"":null,""resultStatusCode"":null,""MatchTypeCode"":null,""CircuitCode"":null}",2026-06-02T22:21:22.049Z
J-JGS-FRA-2026-001,Roland Garros Junior Championships,JGS,2026-05-31,2026-06-06,1100202636,1100689786,B,Boys,D,Doubles,M,Main Draw,KO,Knock-out,,1st Round,1,2124508688,PC,Played and completed,,,800651243|800573442,Kaan Isik Kosaner / Marat Salbiev,TUR|RUS,,DA,800570117|800635903,Jamie Mackenzie / Vincent Reisach,GER|GER,8,DA,2,Jamie Mackenzie / Vincent Reisach,3-6 1-6,,https://www.rolandgarros.com/en-us/matches?status=live,"{""matchId"":2124508688,""h2hLink"":"""",""liveScoresLink"":""https://www.rolandgarros.com/en-us/matches?status=live"",""teams"":[{""players"":[{""playerId"":800651243,""nationality"":""TUR"",""givenName"":""Kaan Isik"",""familyName"":""Kosaner"",""profileLink"":""/en/players/kaan-isik-kosaner/800651243/tur/jt/d/"",""hiddenPlayer"":false},{""playerId"":800573442,""nationality"":""RUS"",""givenName"":""Marat"",""familyName"":""Salbiev"",""profileLink"":""/en/players/marat-salbiev/800573442/rus/jt/d/"",""hiddenPlayer"":false}],""scores"":[{""score"":3,""losingScore"":null},{""score"":1,""losingScore"":null},null,null,null],""isWinner"":false,""seeding"":null,""tieNationCode"":null,""entryStatus"":""DA""},{""players"":[{""playerId"":800570117,""nationality"":""GER"",""givenName"":""Jamie"",""familyName"":""Mackenzie"",""profileLink"":""/en/players/jamie-mackenzie/800570117/ger/jt/d/"",""hiddenPlayer"":false},{""playerId"":800635903,""nationality"":""GER"",""givenName"":""Vincent"",""familyName"":""Reisach"",""profileLink"":""/en/players/vincent-reisach/800635903/ger/jt/d/"",""hiddenPlayer"":false}],""scores"":[{""score"":6,""losingScore"":null},{""score"":6,""losingScore"":null},null,null,null],""isWinner"":true,""seeding"":8,""tieNationCode"":null,""entryStatus"":""DA""}],""playStatusCode"":""PC"",""playStatusDesc"":""Played and completed"",""resultStatusDesc"":null,""resultStatusCode"":null,""MatchTypeCode"":null,""CircuitCode"":null}",2026-06-02T22:21:22.049Z
J-JGS-FRA-2026-001,Roland Garros Junior Championships,JGS,2026-05-31,2026-06-06,1100202636,1100689786,B,Boys,D,Doubles,M,Main Draw,KO,Knock-out,,1st Round,1,2124508689,PC,Played and completed,,,800543488|800590813,Zangar Nurlanuly / Savva Rybkin,KAZ|RUS,7,DA,800712851|800626993,Daniel Jovanovski / Mustafa Ege Sik,AUS|AUS,,DA,2,Daniel Jovanovski / Mustafa Ege Sik,4-6 3-6,,https://www.rolandgarros.com/en-us/matches?status=live,"{""matchId"":2124508689,""h2hLink"":"""",""liveScoresLink"":""https://www.rolandgarros.com/en-us/matches?status=live"",""teams"":[{""players"":[{""playerId"":800543488,""nationality"":""KAZ"",""givenName"":""Zangar"",""familyName"":""Nurlanuly"",""profileLink"":""/en/players/zangar-nurlanuly/800543488/kaz/jt/d/"",""hiddenPlayer"":false},{""playerId"":800590813,""nationality"":""RUS"",""givenName"":""Savva"",""familyName"":""Rybkin"",""profileLink"":""/en/players/savva-rybkin/800590813/rus/jt/d/"",""hiddenPlayer"":false}],""scores"":[{""score"":4,""losingScore"":null},{""score"":3,""losingScore"":null},null,null,null],""isWinner"":false,""seeding"":7,""tieNationCode"":null,""entryStatus"":""DA""},{""players"":[{""playerId"":800712851,""nationality"":""AUS"",""givenName"":""Daniel"",""familyName"":""Jovanovski"",""profileLink"":""/en/players/daniel-jovanovski/800712851/aus/jt/d/"",""hiddenPlayer"":false},{""playerId"":800626993,""nationality"":""AUS"",""givenName"":""Mustafa Ege"",""familyName"":""Sik"",""profileLink"":""/en/players/mustafa-ege-sik/800626993/aus/jt/d/"",""hiddenPlayer"":false}],""scores"":[{""score"":6,""losingScore"":null},{""score"":6,""losingScore"":null},null,null,null],""isWinner"":true,""seeding"":null,""tieNationCode"":null,""entryStatus"":""DA""}],""playStatusCode"":""PC"",""playStatusDesc"":""Played and completed"",""resultStatusDesc"":null,""resultStatusCode"":null,""MatchTypeCode"":null,""CircuitCode"":null}",2026-06-02T22:21:22.049Z
J-JGS-FRA-2026-001,Roland Garros Junior Championships,JGS,2026-05-31,2026-06-06,1100202636,1100689786,B,Boys,D,Doubles,M,Main Draw,KO,Knock-out,,1st Round,1,2124508690,PC,Played and completed,,,800781872|800626357,Safir Azam / Dan Brand,USA|ISR,,DA,800565895|800559166,Matei Todoran / Damir Zhalgasbay,ROU|KAZ,,DA,1,Safir Azam / Dan Brand,6-4 6-1,,https://www.rolandgarros.com/en-us/matches?status=live,"{""matchId"":2124508690,""h2hLink"":"""",""liveScoresLink"":""https://www.rolandgarros.com/en-us/matches?status=live"",""teams"":[{""players"":[{""playerId"":800781872,""nationality"":""USA"",""givenName"":""Safir"",""familyName"":""Azam"",""profileLink"":""/en/players/safir-azam/800781872/usa/jt/d/"",""hiddenPlayer"":false},{""playerId"":800626357,""nationality"":""ISR"",""givenName"":""Dan"",""familyName"":""Brand"",""profileLink"":""/en/players/dan-brand/800626357/isr/jt/d/"",""hiddenPlayer"":false}],""scores"":[{""score"":6,""losingScore"":null},{""score"":6,""losingScore"":null},null,null,null],""isWinner"":true,""seeding"":null,""tieNationCode"":null,""entryStatus"":""DA""},{""players"":[{""playerId"":800565895,""nationality"":""ROU"",""givenName"":""Matei"",""familyName"":""Todoran"",""profileLink"":""/en/players/matei-todoran/800565895/rou/jt/d/"",""hiddenPlayer"":false},{""playerId"":800559166,""nationality"":""KAZ"",""givenName"":""Damir"",""familyName"":""Zhalgasbay"",""profileLink"":""/en/players/damir-zhalgasbay/800559166/kaz/jt/d/"",""hiddenPlayer"":false}],""scores"":[{""score"":4,""losingScore"":null},{""score"":1,""losingScore"":null},null,null,null],""isWinner"":false,""seeding"":null,""tieNationCode"":null,""entryStatus"":""DA""}],""playStatusCode"":""PC"",""playStatusDesc"":""Played and completed"",""resultStatusDesc"":null,""resultStatusCode"":null,""MatchTypeCode"":null,""CircuitCode"":null}",2026-06-02T22:21:22.049Z
J-JGS-FRA-2026-001,Roland Garros Junior Championships,JGS,2026-05-31,2026-06-06,1100202636,1100689786,B,Boys,D,Doubles,M,Main Draw,KO,Knock-out,,1st Round,1,2124508691,PC,Played and completed,,,800587925|800596852,Oliver Majdandzic / Christopher Thies,GER|GER,,DA,800597355|800681412,Mathys Domenc / Daniel Jade,FRA|FRA,,DA,2,Mathys Domenc / Daniel Jade,6-3 4-6 4-10,,https://www.rolandgarros.com/en-us/matches?status=live,"{""matchId"":2124508691,""h2hLink"":"""",""liveScoresLink"":""https://www.rolandgarros.com/en-us/matches?status=live"",""teams"":[{""players"":[{""playerId"":800587925,""nationality"":""GER"",""givenName"":""Oliver"",""familyName"":""Majdandzic"",""profileLink"":""/en/players/oliver-majdandzic/800587925/ger/jt/d/"",""hiddenPlayer"":false},{""playerId"":800596852,""nationality"":""GER"",""givenName"":""Christopher"",""familyName"":""Thies"",""profileLink"":""/en/players/christopher-thies/800596852/ger/jt/d/"",""hiddenPlayer"":false}],""scores"":[{""score"":6,""losingScore"":null},{""score"":4,""losingScore"":null},{""score"":4,""losingScore"":null},null,null],""isWinner"":false,""seeding"":null,""tieNationCode"":null,""entryStatus"":""DA""},{""players"":[{""playerId"":800597355,""nationality"":""FRA"",""givenName"":""Mathys"",""familyName"":""Domenc"",""profileLink"":""/en/players/mathys-domenc/800597355/fra/jt/d/"",""hiddenPlayer"":false},{""playerId"":800681412,""nationality"":""FRA"",""givenName"":""Daniel"",""familyName"":""Jade"",""profileLink"":""/en/players/daniel-jade/800681412/fra/jt/d/"",""hiddenPlayer"":false}],""scores"":[{""score"":3,""losingScore"":null},{""score"":6,""losingScore"":null},{""score"":10,""losingScore"":null},null,null],""isWinner"":true,""seeding"":null,""tieNationCode"":null,""entryStatus"":""DA""}],""playStatusCode"":""PC"",""playStatusDesc"":""Played and completed"",""resultStatusDesc"":null,""resultStatusCode"":null,""MatchTypeCode"":null,""CircuitCode"":null}",2026-06-02T22:21:22.049Z
J-JGS-FRA-2026-001,Roland Garros Junior Championships,JGS,2026-05-31,2026-06-06,1100202636,1100689786,B,Boys,D,Doubles,M,Main Draw,KO,Knock-out,,1st Round,1,2124508692,PC,Played and completed,,,800717286|800793512,Andrew Johnson / Tanishk Konduri,USA|USA,,DA,800564683|800583844,Yannick Theodor Alexandrescou / Ryo Tabata,FRA|JPN,3,DA,1,Andrew Johnson / Tanishk Konduri,3-6 6-4 10-2,,https://www.rolandgarros.com/en-us/matches?status=live,"{""matchId"":2124508692,""h2hLink"":"""",""liveScoresLink"":""https://www.rolandgarros.com/en-us/matches?status=live"",""teams"":[{""players"":[{""playerId"":800717286,""nationality"":""USA"",""givenName"":""Andrew"",""familyName"":""Johnson"",""profileLink"":""/en/players/andrew-johnson/800717286/usa/jt/d/"",""hiddenPlayer"":false},{""playerId"":800793512,""nationality"":""USA"",""givenName"":""Tanishk"",""familyName"":""Konduri"",""profileLink"":""/en/players/tanishk-konduri/800793512/usa/jt/d/"",""hiddenPlayer"":false}],""scores"":[{""score"":3,""losingScore"":null},{""score"":6,""losingScore"":null},{""score"":10,""losingScore"":null},null,null],""isWinner"":true,""seeding"":null,""tieNationCode"":null,""entryStatus"":""DA""},{""players"":[{""playerId"":800564683,""nationality"":""FRA"",""givenName"":""Yannick Theodor"",""familyName"":""Alexandrescou"",""profileLink"":""/en/players/yannick-theodor-alexandrescou/800564683/fra/jt/d/"",""hiddenPlayer"":false},{""playerId"":800583844,""nationality"":""JPN"",""givenName"":""Ryo"",""familyName"":""Tabata"",""profileLink"":""/en/players/ryo-tabata/800583844/jpn/jt/d/"",""hiddenPlayer"":false}],""scores"":[{""score"":6,""losingScore"":null},{""score"":4,""losingScore"":null},{""score"":2,""losingScore"":null},null,null],""isWinner"":false,""seeding"":3,""tieNationCode"":null,""entryStatus"":""DA""}],""playStatusCode"":""PC"",""playStatusDesc"":""Played and completed"",""resultStatusDesc"":null,""resultStatusCode"":null,""MatchTypeCode"":null,""CircuitCode"":null}",2026-06-02T22:21:22.049Z
J-JGS-FRA-2026-001,Roland Garros Junior Championships,JGS,2026-05-31,2026-06-06,1100202636,1100689786,B,Boys,D,Doubles,M,Main Draw,KO,Knock-out,,1st Round,1,2124508693,PC,Played and completed,,,800600773|800590474,Nicolas Baena / Tito Chavez,PER|ESP,5,DA,800667373|800630877,Motoharu Abe / Matei Victor Chelemen,JPN|ROU,,DA,1,Nicolas Baena / Tito Chavez,6-4 3-6 10-8,,https://www.rolandgarros.com/en-us/matches?status=live,"{""matchId"":2124508693,""h2hLink"":"""",""liveScoresLink"":""https://www.rolandgarros.com/en-us/matches?status=live"",""teams"":[{""players"":[{""playerId"":800600773,""nationality"":""PER"",""givenName"":""Nicolas"",""familyName"":""Baena"",""profileLink"":""/en/players/nicolas-baena/800600773/per/jt/d/"",""hiddenPlayer"":false},{""playerId"":800590474,""nationality"":""ESP"",""givenName"":""Tito"",""familyName"":""Chavez"",""profileLink"":""/en/players/tito-chavez/800590474/esp/jt/d/"",""hiddenPlayer"":false}],""scores"":[{""score"":6,""losingScore"":null},{""score"":3,""losingScore"":null},{""score"":10,""losingScore"":null},null,null],""isWinner"":true,""seeding"":5,""tieNationCode"":null,""entryStatus"":""DA""},{""players"":[{""playerId"":800667373,""nationality"":""JPN"",""givenName"":""Motoharu"",""familyName"":""Abe"",""profileLink"":""/en/players/motoharu-abe/800667373/jpn/jt/d/"",""hiddenPlayer"":false},{""playerId"":800630877,""nationality"":""ROU"",""givenName"":""Matei Victor"",""familyName"":""Chelemen"",""profileLink"":""/en/players/matei-victor-chelemen/800630877/rou/jt/d/"",""hiddenPlayer"":false}],""scores"":[{""score"":4,""losingScore"":null},{""score"":6,""losingScore"":null},{""score"":8,""losingScore"":null},null,null],""isWinner"":false,""seeding"":null,""tieNationCode"":null,""entryStatus"":""DA""}],""playStatusCode"":""PC"",""playStatusDesc"":""Played and completed"",""resultStatusDesc"":null,""resultStatusCode"":null,""MatchTypeCode"":null,""CircuitCode"":null}",2026-06-02T22:21:22.049Z
J-JGS-FRA-2026-001,Roland Garros Junior Championships,JGS,2026-05-31,2026-06-06,1100202636,1100689786,B,Boys,D,Doubles,M,Main Draw,KO,Knock-out,,1st Round,1,2124508694,PC,Played and completed,,,800654119|800571859,Connor Doig / Dimitar Kisimov,RSA|BUL,,DA,800583809|800596150,Damien Clerc / Matisse MARTIN,FRA|FRA,,WC,1,Connor Doig / Dimitar Kisimov,6-3 6-2,,https://www.rolandgarros.com/en-us/matches?status=live,"{""matchId"":2124508694,""h2hLink"":"""",""liveScoresLink"":""https://www.rolandgarros.com/en-us/matches?status=live"",""teams"":[{""players"":[{""playerId"":800654119,""nationality"":""RSA"",""givenName"":""Connor"",""familyName"":""Doig"",""profileLink"":""/en/players/connor-doig/800654119/rsa/jt/d/"",""hiddenPlayer"":false},{""playerId"":800571859,""nationality"":""BUL"",""givenName"":""Dimitar"",""familyName"":""Kisimov"",""profileLink"":""/en/players/dimitar-kisimov/800571859/bul/jt/d/"",""hiddenPlayer"":false}],""scores"":[{""score"":6,""losingScore"":null},{""score"":6,""losingScore"":null},null,null,null],""isWinner"":true,""seeding"":null,""tieNationCode"":null,""entryStatus"":""DA""},{""players"":[{""playerId"":800583809,""nationality"":""FRA"",""givenName"":""Damien"",""familyName"":""Clerc"",""profileLink"":""/en/players/damien-clerc/800583809/fra/jt/d/"",""hiddenPlayer"":false},{""playerId"":800596150,""nationality"":""FRA"",""givenName"":""Matisse"",""familyName"":""MARTIN"",""profileLink"":""/en/players/matisse-martin/800596150/fra/jt/d/"",""hiddenPlayer"":false}],""scores"":[{""score"":3,""losingScore"":null},{""score"":2,""losingScore"":null},null,null,null],""isWinner"":false,""seeding"":null,""tieNationCode"":null,""entryStatus"":""WC""}],""playStatusCode"":""PC"",""playStatusDesc"":""Played and completed"",""resultStatusDesc"":null,""resultStatusCode"":null,""MatchTypeCode"":null,""CircuitCode"":null}",2026-06-02T22:21:22.049Z
J-JGS-FRA-2026-001,Roland Garros Junior Championships,JGS,2026-05-31,2026-06-06,1100202636,1100689786,B,Boys,D,Doubles,M,Main Draw,KO,Knock-out,,1st Round,1,2124508695,PC,Played and completed,,,800700658|800686514,Hyu Kawanishi / Kanta Watanabe,JPN|JPN,,DA,800676504|800571129,Leonardo Storck Franca / Flynn Thomas,BRA|SUI,,DA,2,Leonardo Storck Franca / Flynn Thomas,4-6 6-7(5),,https://www.rolandgarros.com/en-us/matches?status=live,"{""matchId"":2124508695,""h2hLink"":"""",""liveScoresLink"":""https://www.rolandgarros.com/en-us/matches?status=live"",""teams"":[{""players"":[{""playerId"":800700658,""nationality"":""JPN"",""givenName"":""Hyu"",""familyName"":""Kawanishi"",""profileLink"":""/en/players/hyu-kawanishi/800700658/jpn/jt/d/"",""hiddenPlayer"":false},{""playerId"":800686514,""nationality"":""JPN"",""givenName"":""Kanta"",""familyName"":""Watanabe"",""profileLink"":""/en/players/kanta-watanabe/800686514/jpn/jt/d/"",""hiddenPlayer"":false}],""scores"":[{""score"":4,""losingScore"":null},{""score"":6,""losingScore"":5},null,null,null],""isWinner"":false,""seeding"":null,""tieNationCode"":null,""entryStatus"":""DA""},{""players"":[{""playerId"":800676504,""nationality"":""BRA"",""givenName"":""Leonardo"",""familyName"":""Storck Franca"",""profileLink"":""/en/players/leonardo-storck-franca/800676504/bra/jt/d/"",""hiddenPlayer"":false},{""playerId"":800571129,""nationality"":""SUI"",""givenName"":""Flynn"",""familyName"":""Thomas"",""profileLink"":""/en/players/flynn-thomas/800571129/sui/jt/d/"",""hiddenPlayer"":false}],""scores"":[{""score"":6,""losingScore"":null},{""score"":7,""losingScore"":null},null,null,null],""isWinner"":true,""seeding"":null,""tieNationCode"":null,""entryStatus"":""DA""}],""playStatusCode"":""PC"",""playStatusDesc"":""Played and completed"",""resultStatusDesc"":null,""resultStatusCode"":null,""MatchTypeCode"":null,""CircuitCode"":null}",2026-06-02T22:21:22.049Z
J-JGS-FRA-2026-001,Roland Garros Junior Championships,JGS,2026-05-31,2026-06-06,1100202636,1100689786,B,Boys,D,Doubles,M,Main Draw,KO,Knock-out,,1st Round,1,2124508696,PC,Played and completed,,,800594039|800668600,Valentin Gonzalez-Galino / Simone Massellani,ESP|ITA,,DA,800657117|800692786,Keaton Hance / Jack Kennedy,USA|USA,2,DA,2,Keaton Hance / Jack Kennedy,6-3 6-7(2) 7-10,,https://www.rolandgarros.com/en-us/matches?status=live,"{""matchId"":2124508696,""h2hLink"":"""",""liveScoresLink"":""https://www.rolandgarros.com/en-us/matches?status=live"",""teams"":[{""players"":[{""playerId"":800594039,""nationality"":""ESP"",""givenName"":""Valentin"",""familyName"":""Gonzalez-Galino"",""profileLink"":""/en/players/valentin-gonzalez-galino/800594039/esp/jt/d/"",""hiddenPlayer"":false},{""playerId"":800668600,""nationality"":""ITA"",""givenName"":""Simone"",""familyName"":""Massellani"",""profileLink"":""/en/players/simone-massellani/800668600/ita/jt/d/"",""hiddenPlayer"":false}],""scores"":[{""score"":6,""losingScore"":null},{""score"":6,""losingScore"":2},{""score"":7,""losingScore"":null},null,null],""isWinner"":false,""seeding"":null,""tieNationCode"":null,""entryStatus"":""DA""},{""players"":[{""playerId"":800657117,""nationality"":""USA"",""givenName"":""Keaton"",""familyName"":""Hance"",""profileLink"":""/en/players/keaton-hance/800657117/usa/jt/d/"",""hiddenPlayer"":false},{""playerId"":800692786,""nationality"":""USA"",""givenName"":""Jack"",""familyName"":""Kennedy"",""profileLink"":""/en/players/jack-kennedy/800692786/usa/jt/d/"",""hiddenPlayer"":false}],""scores"":[{""score"":3,""losingScore"":null},{""score"":7,""losingScore"":null},{""score"":10,""losingScore"":null},null,null],""isWinner"":true,""seeding"":2,""tieNationCode"":null,""entryStatus"":""DA""}],""playStatusCode"":""PC"",""playStatusDesc"":""Played and completed"",""resultStatusDesc"":null,""resultStatusCode"":null,""MatchTypeCode"":null,""CircuitCode"":null}",2026-06-02T22:21:22.049Z
J-JGS-FRA-2026-001,Roland Garros Junior Championships,JGS,2026-05-31,2026-06-06,1100202636,1100689786,B,Boys,D,Doubles,M,Main Draw,KO,Knock-out,,2nd Round,2,2124508697,TP,To be played,,,800680259|800579895,Luis Guto Miguel / Ziga Sesko,BRA|SLO,1,DA,800580909|800573038,Kunanan Pantaratorn / Arnav Paparkar,THA|IND,,DA,,,,,https://www.rolandgarros.com/en-us/matches?status=live,"{""matchId"":2124508697,""h2hLink"":"""",""liveScoresLink"":""https://www.rolandgarros.com/en-us/matches?status=live"",""teams"":[{""players"":[{""playerId"":800680259,""nationality"":""BRA"",""givenName"":""Luis Guto"",""familyName"":""Miguel"",""profileLink"":""/en/players/luis-guto-miguel/800680259/bra/jt/d/"",""hiddenPlayer"":false},{""playerId"":800579895,""nationality"":""SLO"",""givenName"":""Ziga"",""familyName"":""Sesko"",""profileLink"":""/en/players/ziga-sesko/800579895/slo/jt/d/"",""hiddenPlayer"":false}],""scores"":[null,null,null,null,null],""isWinner"":false,""seeding"":1,""tieNationCode"":null,""entryStatus"":""DA""},{""players"":[{""playerId"":800580909,""nationality"":""THA"",""givenName"":""Kunanan"",""familyName"":""Pantaratorn"",""profileLink"":""/en/players/kunanan-pantaratorn/800580909/tha/jt/d/"",""hiddenPlayer"":false},{""playerId"":800573038,""nationality"":""IND"",""givenName"":""Arnav"",""familyName"":""Paparkar"",""profileLink"":""/en/players/arnav-paparkar/800573038/ind/jt/d/"",""hiddenPlayer"":false}],""scores"":[null,null,null,null,null],""isWinner"":false,""seeding"":null,""tieNationCode"":null,""entryStatus"":""DA""}],""playStatusCode"":""TP"",""playStatusDesc"":""To be played"",""resultStatusDesc"":null,""resultStatusCode"":null,""MatchTypeCode"":null,""CircuitCode"":null}",2026-06-02T22:21:22.050Z
J-JGS-FRA-2026-001,Roland Garros Junior Championships,JGS,2026-05-31,2026-06-06,1100202636,1100689786,B,Boys,D,Doubles,M,Main Draw,KO,Knock-out,,2nd Round,2,2124508698,TP,To be played,,,800652195|800650301,Juan Miguel Bolivar Idarraga / Pedro Henrique Chabalgoity,COL|BRA,,DA,800696168|800720203,Yannik Alvarez / Jack Secord,PUR|USA,6,DA,,,,,https://www.rolandgarros.com/en-us/matches?status=live,"{""matchId"":2124508698,""h2hLink"":"""",""liveScoresLink"":""https://www.rolandgarros.com/en-us/matches?status=live"",""teams"":[{""players"":[{""playerId"":800652195,""nationality"":""COL"",""givenName"":""Juan Miguel"",""familyName"":""Bolivar Idarraga"",""profileLink"":""/en/players/juan-miguel-bolivar-idarraga/800652195/col/jt/d/"",""hiddenPlayer"":false},{""playerId"":800650301,""nationality"":""BRA"",""givenName"":""Pedro Henrique"",""familyName"":""Chabalgoity"",""profileLink"":""/en/players/pedro-henrique-chabalgoity/800650301/bra/jt/d/"",""hiddenPlayer"":false}],""scores"":[null,null,null,null,null],""isWinner"":false,""seeding"":null,""tieNationCode"":null,""entryStatus"":""DA""},{""players"":[{""playerId"":800696168,""nationality"":""PUR"",""givenName"":""Yannik"",""familyName"":""Alvarez"",""profileLink"":""/en/players/yannik-alvarez/800696168/pur/jt/d/"",""hiddenPlayer"":false},{""playerId"":800720203,""nationality"":""USA"",""givenName"":""Jack"",""familyName"":""Secord"",""profileLink"":""/en/players/jack-secord/800720203/usa/jt/d/"",""hiddenPlayer"":false}],""scores"":[null,null,null,null,null],""isWinner"":false,""seeding"":6,""tieNationCode"":null,""entryStatus"":""DA""}],""playStatusCode"":""TP"",""playStatusDesc"":""To be played"",""resultStatusDesc"":null,""resultStatusCode"":null,""MatchTypeCode"":null,""CircuitCode"":null}",2026-06-02T22:21:22.050Z
J-JGS-FRA-2026-001,Roland Garros Junior Championships,JGS,2026-05-31,2026-06-06,1100202636,1100689786,B,Boys,D,Doubles,M,Main Draw,KO,Knock-out,,2nd Round,2,2124508699,TP,To be played,,,800589798|800692766,Thilo Behrmann / Kuan-Shou Chen,AUT|TPE,4,DA,800589799|800661936,Raffaele Ciurnelli / Leon Sloboda,ITA|SVK,,DA,,,,,https://www.rolandgarros.com/en-us/matches?status=live,"{""matchId"":2124508699,""h2hLink"":"""",""liveScoresLink"":""https://www.rolandgarros.com/en-us/matches?status=live"",""teams"":[{""players"":[{""playerId"":800589798,""nationality"":""AUT"",""givenName"":""Thilo"",""familyName"":""Behrmann"",""profileLink"":""/en/players/thilo-behrmann/800589798/aut/jt/d/"",""hiddenPlayer"":false},{""playerId"":800692766,""nationality"":""TPE"",""givenName"":""Kuan-Shou"",""familyName"":""Chen"",""profileLink"":""/en/players/kuan-shou-chen/800692766/tpe/jt/d/"",""hiddenPlayer"":false}],""scores"":[null,null,null,null,null],""isWinner"":false,""seeding"":4,""tieNationCode"":null,""entryStatus"":""DA""},{""players"":[{""playerId"":800589799,""nationality"":""ITA"",""givenName"":""Raffaele"",""familyName"":""Ciurnelli"",""profileLink"":""/en/players/raffaele-ciurnelli/800589799/ita/jt/d/"",""hiddenPlayer"":false},{""playerId"":800661936,""nationality"":""SVK"",""givenName"":""Leon"",""familyName"":""Sloboda"",""profileLink"":""/en/players/leon-sloboda/800661936/svk/jt/d/"",""hiddenPlayer"":false}],""scores"":[null,null,null,null,null],""isWinner"":false,""seeding"":null,""tieNationCode"":null,""entryStatus"":""DA""}],""playStatusCode"":""TP"",""playStatusDesc"":""To be played"",""resultStatusDesc"":null,""resultStatusCode"":null,""MatchTypeCode"":null,""CircuitCode"":null}",2026-06-02T22:21:22.050Z
J-JGS-FRA-2026-001,Roland Garros Junior Championships,JGS,2026-05-31,2026-06-06,1100202636,1100689786,B,Boys,D,Doubles,M,Main Draw,KO,Knock-out,,2nd Round,2,2124508700,TP,To be played,,,800567149|800583661,Aaron Gabet / Mickael Kaouk,FRA|FRA,,WC,800570117|800635903,Jamie Mackenzie / Vincent Reisach,GER|GER,8,DA,,,,,https://www.rolandgarros.com/en-us/matches?status=live,"{""matchId"":2124508700,""h2hLink"":"""",""liveScoresLink"":""https://www.rolandgarros.com/en-us/matches?status=live"",""teams"":[{""players"":[{""playerId"":800567149,""nationality"":""FRA"",""givenName"":""Aaron"",""familyName"":""Gabet"",""profileLink"":""/en/players/aaron-gabet/800567149/fra/jt/d/"",""hiddenPlayer"":false},{""playerId"":800583661,""nationality"":""FRA"",""givenName"":""Mickael"",""familyName"":""Kaouk"",""profileLink"":""/en/players/mickael-kaouk/800583661/fra/jt/d/"",""hiddenPlayer"":false}],""scores"":[null,null,null,null,null],""isWinner"":false,""seeding"":null,""tieNationCode"":null,""entryStatus"":""WC""},{""players"":[{""playerId"":800570117,""nationality"":""GER"",""givenName"":""Jamie"",""familyName"":""Mackenzie"",""profileLink"":""/en/players/jamie-mackenzie/800570117/ger/jt/d/"",""hiddenPlayer"":false},{""playerId"":800635903,""nationality"":""GER"",""givenName"":""Vincent"",""familyName"":""Reisach"",""profileLink"":""/en/players/vincent-reisach/800635903/ger/jt/d/"",""hiddenPlayer"":false}],""scores"":[null,null,null,null,null],""isWinner"":false,""seeding"":8,""tieNationCode"":null,""entryStatus"":""DA""}],""playStatusCode"":""TP"",""playStatusDesc"":""To be played"",""resultStatusDesc"":null,""resultStatusCode"":null,""MatchTypeCode"":null,""CircuitCode"":null}",2026-06-02T22:21:22.050Z
J-JGS-FRA-2026-001,Roland Garros Junior Championships,JGS,2026-05-31,2026-06-06,1100202636,1100689786,B,Boys,D,Doubles,M,Main Draw,KO,Knock-out,,2nd Round,2,2124508701,TP,To be played,,,800712851|800626993,Daniel Jovanovski / Mustafa Ege Sik,AUS|AUS,,DA,800781872|800626357,Safir Azam / Dan Brand,USA|ISR,,DA,,,,,https://www.rolandgarros.com/en-us/matches?status=live,"{""matchId"":2124508701,""h2hLink"":"""",""liveScoresLink"":""https://www.rolandgarros.com/en-us/matches?status=live"",""teams"":[{""players"":[{""playerId"":800712851,""nationality"":""AUS"",""givenName"":""Daniel"",""familyName"":""Jovanovski"",""profileLink"":""/en/players/daniel-jovanovski/800712851/aus/jt/d/"",""hiddenPlayer"":false},{""playerId"":800626993,""nationality"":""AUS"",""givenName"":""Mustafa Ege"",""familyName"":""Sik"",""profileLink"":""/en/players/mustafa-ege-sik/800626993/aus/jt/d/"",""hiddenPlayer"":false}],""scores"":[null,null,null,null,null],""isWinner"":false,""seeding"":null,""tieNationCode"":null,""entryStatus"":""DA""},{""players"":[{""playerId"":800781872,""nationality"":""USA"",""givenName"":""Safir"",""familyName"":""Azam"",""profileLink"":""/en/players/safir-azam/800781872/usa/jt/d/"",""hiddenPlayer"":false},{""playerId"":800626357,""nationality"":""ISR"",""givenName"":""Dan"",""familyName"":""Brand"",""profileLink"":""/en/players/dan-brand/800626357/isr/jt/d/"",""hiddenPlayer"":false}],""scores"":[null,null,null,null,null],""isWinner"":false,""seeding"":null,""tieNationCode"":null,""entryStatus"":""DA""}],""playStatusCode"":""TP"",""playStatusDesc"":""To be played"",""resultStatusDesc"":null,""resultStatusCode"":null,""MatchTypeCode"":null,""CircuitCode"":null}",2026-06-02T22:21:22.050Z
J-JGS-FRA-2026-001,Roland Garros Junior Championships,JGS,2026-05-31,2026-06-06,1100202636,1100689786,B,Boys,D,Doubles,M,Main Draw,KO,Knock-out,,2nd Round,2,2124508702,TP,To be played,,,800597355|800681412,Mathys Domenc / Daniel Jade,FRA|FRA,,DA,800717286|800793512,Andrew Johnson / Tanishk Konduri,USA|USA,,DA,,,,,https://www.rolandgarros.com/en-us/matches?status=live,"{""matchId"":2124508702,""h2hLink"":"""",""liveScoresLink"":""https://www.rolandgarros.com/en-us/matches?status=live"",""teams"":[{""players"":[{""playerId"":800597355,""nationality"":""FRA"",""givenName"":""Mathys"",""familyName"":""Domenc"",""profileLink"":""/en/players/mathys-domenc/800597355/fra/jt/d/"",""hiddenPlayer"":false},{""playerId"":800681412,""nationality"":""FRA"",""givenName"":""Daniel"",""familyName"":""Jade"",""profileLink"":""/en/players/daniel-jade/800681412/fra/jt/d/"",""hiddenPlayer"":false}],""scores"":[null,null,null,null,null],""isWinner"":false,""seeding"":null,""tieNationCode"":null,""entryStatus"":""DA""},{""players"":[{""playerId"":800717286,""nationality"":""USA"",""givenName"":""Andrew"",""familyName"":""Johnson"",""profileLink"":""/en/players/andrew-johnson/800717286/usa/jt/d/"",""hiddenPlayer"":false},{""playerId"":800793512,""nationality"":""USA"",""givenName"":""Tanishk"",""familyName"":""Konduri"",""profileLink"":""/en/players/tanishk-konduri/800793512/usa/jt/d/"",""hiddenPlayer"":false}],""scores"":[null,null,null,null,null],""isWinner"":false,""seeding"":null,""tieNationCode"":null,""entryStatus"":""DA""}],""playStatusCode"":""TP"",""playStatusDesc"":""To be played"",""resultStatusDesc"":null,""resultStatusCode"":null,""MatchTypeCode"":null,""CircuitCode"":null}",2026-06-02T22:21:22.050Z
J-JGS-FRA-2026-001,Roland Garros Junior Championships,JGS,2026-05-31,2026-06-06,1100202636,1100689786,B,Boys,D,Doubles,M,Main Draw,KO,Knock-out,,2nd Round,2,2124508703,TP,To be played,,,800600773|800590474,Nicolas Baena / Tito Chavez,PER|ESP,5,DA,800654119|800571859,Connor Doig / Dimitar Kisimov,RSA|BUL,,DA,,,,,https://www.rolandgarros.com/en-us/matches?status=live,"{""matchId"":2124508703,""h2hLink"":"""",""liveScoresLink"":""https://www.rolandgarros.com/en-us/matches?status=live"",""teams"":[{""players"":[{""playerId"":800600773,""nationality"":""PER"",""givenName"":""Nicolas"",""familyName"":""Baena"",""profileLink"":""/en/players/nicolas-baena/800600773/per/jt/d/"",""hiddenPlayer"":false},{""playerId"":800590474,""nationality"":""ESP"",""givenName"":""Tito"",""familyName"":""Chavez"",""profileLink"":""/en/players/tito-chavez/800590474/esp/jt/d/"",""hiddenPlayer"":false}],""scores"":[null,null,null,null,null],""isWinner"":false,""seeding"":5,""tieNationCode"":null,""entryStatus"":""DA""},{""players"":[{""playerId"":800654119,""nationality"":""RSA"",""givenName"":""Connor"",""familyName"":""Doig"",""profileLink"":""/en/players/connor-doig/800654119/rsa/jt/d/"",""hiddenPlayer"":false},{""playerId"":800571859,""nationality"":""BUL"",""givenName"":""Dimitar"",""familyName"":""Kisimov"",""profileLink"":""/en/players/dimitar-kisimov/800571859/bul/jt/d/"",""hiddenPlayer"":false}],""scores"":[null,null,null,null,null],""isWinner"":false,""seeding"":null,""tieNationCode"":null,""entryStatus"":""DA""}],""playStatusCode"":""TP"",""playStatusDesc"":""To be played"",""resultStatusDesc"":null,""resultStatusCode"":null,""MatchTypeCode"":null,""CircuitCode"":null}",2026-06-02T22:21:22.050Z
J-JGS-FRA-2026-001,Roland Garros Junior Championships,JGS,2026-05-31,2026-06-06,1100202636,1100689786,B,Boys,D,Doubles,M,Main Draw,KO,Knock-out,,2nd Round,2,2124508704,TP,To be played,,,800676504|800571129,Leonardo Storck Franca / Flynn Thomas,BRA|SUI,,DA,800657117|800692786,Keaton Hance / Jack Kennedy,USA|USA,2,DA,,,,,https://www.rolandgarros.com/en-us/matches?status=live,"{""matchId"":2124508704,""h2hLink"":"""",""liveScoresLink"":""https://www.rolandgarros.com/en-us/matches?status=live"",""teams"":[{""players"":[{""playerId"":800676504,""nationality"":""BRA"",""givenName"":""Leonardo"",""familyName"":""Storck Franca"",""profileLink"":""/en/players/leonardo-storck-franca/800676504/bra/jt/d/"",""hiddenPlayer"":false},{""playerId"":800571129,""nationality"":""SUI"",""givenName"":""Flynn"",""familyName"":""Thomas"",""profileLink"":""/en/players/flynn-thomas/800571129/sui/jt/d/"",""hiddenPlayer"":false}],""scores"":[null,null,null,null,null],""isWinner"":false,""seeding"":null,""tieNationCode"":null,""entryStatus"":""DA""},{""players"":[{""playerId"":800657117,""nationality"":""USA"",""givenName"":""Keaton"",""familyName"":""Hance"",""profileLink"":""/en/players/keaton-hance/800657117/usa/jt/d/"",""hiddenPlayer"":false},{""playerId"":800692786,""nationality"":""USA"",""givenName"":""Jack"",""familyName"":""Kennedy"",""profileLink"":""/en/players/jack-kennedy/800692786/usa/jt/d/"",""hiddenPlayer"":false}],""scores"":[null,null,null,null,null],""isWinner"":false,""seeding"":2,""tieNationCode"":null,""entryStatus"":""DA""}],""playStatusCode"":""TP"",""playStatusDesc"":""To be played"",""resultStatusDesc"":null,""resultStatusCode"":null,""MatchTypeCode"":null,""CircuitCode"":null}",2026-06-02T22:21:22.050Z
J-JGS-FRA-2026-001,Roland Garros Junior Championships,JGS,2026-05-31,2026-06-06,1100202636,1100689786,B,Boys,D,Doubles,M,Main Draw,KO,Knock-out,,Quarter-finals,3,2124508705,TP,To be played,,,,,,,,,,,,,,,,,https://www.rolandgarros.com/en-us/matches?status=live,"{""matchId"":2124508705,""h2hLink"":"""",""liveScoresLink"":""https://www.rolandgarros.com/en-us/matches?status=live"",""teams"":[{""players"":[null,null],""scores"":[null,null,null,null,null],""isWinner"":false,""seeding"":null,""tieNationCode"":null,""entryStatus"":null},{""players"":[null,null],""scores"":[null,null,null,null,null],""isWinner"":false,""seeding"":null,""tieNationCode"":null,""entryStatus"":null}],""playStatusCode"":""TP"",""playStatusDesc"":""To be played"",""resultStatusDesc"":null,""resultStatusCode"":null,""MatchTypeCode"":null,""CircuitCode"":null}",2026-06-02T22:21:22.050Z
J-JGS-FRA-2026-001,Roland Garros Junior Championships,JGS,2026-05-31,2026-06-06,1100202636,1100689786,B,Boys,D,Doubles,M,Main Draw,KO,Knock-out,,Quarter-finals,3,2124508706,TP,To be played,,,,,,,,,,,,,,,,,https://www.rolandgarros.com/en-us/matches?status=live,"{""matchId"":2124508706,""h2hLink"":"""",""liveScoresLink"":""https://www.rolandgarros.com/en-us/matches?status=live"",""teams"":[{""players"":[null,null],""scores"":[null,null,null,null,null],""isWinner"":false,""seeding"":null,""tieNationCode"":null,""entryStatus"":null},{""players"":[null,null],""scores"":[null,null,null,null,null],""isWinner"":false,""seeding"":null,""tieNationCode"":null,""entryStatus"":null}],""playStatusCode"":""TP"",""playStatusDesc"":""To be played"",""resultStatusDesc"":null,""resultStatusCode"":null,""MatchTypeCode"":null,""CircuitCode"":null}",2026-06-02T22:21:22.050Z
J-JGS-FRA-2026-001,Roland Garros Junior Championships,JGS,2026-05-31,2026-06-06,1100202636,1100689786,B,Boys,D,Doubles,M,Main Draw,KO,Knock-out,,Quarter-finals,3,2124508707,TP,To be played,,,,,,,,,,,,,,,,,https://www.rolandgarros.com/en-us/matches?status=live,"{""matchId"":2124508707,""h2hLink"":"""",""liveScoresLink"":""https://www.rolandgarros.com/en-us/matches?status=live"",""teams"":[{""players"":[null,null],""scores"":[null,null,null,null,null],""isWinner"":false,""seeding"":null,""tieNationCode"":null,""entryStatus"":null},{""players"":[null,null],""scores"":[null,null,null,null,null],""isWinner"":false,""seeding"":null,""tieNationCode"":null,""entryStatus"":null}],""playStatusCode"":""TP"",""playStatusDesc"":""To be played"",""resultStatusDesc"":null,""resultStatusCode"":null,""MatchTypeCode"":null,""CircuitCode"":null}",2026-06-02T22:21:22.050Z
J-JGS-FRA-2026-001,Roland Garros Junior Championships,JGS,2026-05-31,2026-06-06,1100202636,1100689786,B,Boys,D,Doubles,M,Main Draw,KO,Knock-out,,Quarter-finals,3,2124508708,TP,To be played,,,,,,,,,,,,,,,,,https://www.rolandgarros.com/en-us/matches?status=live,"{""matchId"":2124508708,""h2hLink"":"""",""liveScoresLink"":""https://www.rolandgarros.com/en-us/matches?status=live"",""teams"":[{""players"":[null,null],""scores"":[null,null,null,null,null],""isWinner"":false,""seeding"":null,""tieNationCode"":null,""entryStatus"":null},{""players"":[null,null],""scores"":[null,null,null,null,null],""isWinner"":false,""seeding"":null,""tieNationCode"":null,""entryStatus"":null}],""playStatusCode"":""TP"",""playStatusDesc"":""To be played"",""resultStatusDesc"":null,""resultStatusCode"":null,""MatchTypeCode"":null,""CircuitCode"":null}",2026-06-02T22:21:22.050Z
J-JGS-FRA-2026-001,Roland Garros Junior Championships,JGS,2026-05-31,2026-06-06,1100202636,1100689786,B,Boys,D,Doubles,M,Main Draw,KO,Knock-out,,Semi-finals,4,2124508709,TP,To be played,,,,,,,,,,,,,,,,,https://www.rolandgarros.com/en-us/matches?status=live,"{""matchId"":2124508709,""h2hLink"":"""",""liveScoresLink"":""https://www.rolandgarros.com/en-us/matches?status=live"",""teams"":[{""players"":[null,null],""scores"":[null,null,null,null,null],""isWinner"":false,""seeding"":null,""tieNationCode"":null,""entryStatus"":null},{""players"":[null,null],""scores"":[null,null,null,null,null],""isWinner"":false,""seeding"":null,""tieNationCode"":null,""entryStatus"":null}],""playStatusCode"":""TP"",""playStatusDesc"":""To be played"",""resultStatusDesc"":null,""resultStatusCode"":null,""MatchTypeCode"":null,""CircuitCode"":null}",2026-06-02T22:21:22.050Z
J-JGS-FRA-2026-001,Roland Garros Junior Championships,JGS,2026-05-31,2026-06-06,1100202636,1100689786,B,Boys,D,Doubles,M,Main Draw,KO,Knock-out,,Semi-finals,4,2124508710,TP,To be played,,,,,,,,,,,,,,,,,https://www.rolandgarros.com/en-us/matches?status=live,"{""matchId"":2124508710,""h2hLink"":"""",""liveScoresLink"":""https://www.rolandgarros.com/en-us/matches?status=live"",""teams"":[{""players"":[null,null],""scores"":[null,null,null,null,null],""isWinner"":false,""seeding"":null,""tieNationCode"":null,""entryStatus"":null},{""players"":[null,null],""scores"":[null,null,null,null,null],""isWinner"":false,""seeding"":null,""tieNationCode"":null,""entryStatus"":null}],""playStatusCode"":""TP"",""playStatusDesc"":""To be played"",""resultStatusDesc"":null,""resultStatusCode"":null,""MatchTypeCode"":null,""CircuitCode"":null}",2026-06-02T22:21:22.050Z
J-JGS-FRA-2026-001,Roland Garros Junior Championships,JGS,2026-05-31,2026-06-06,1100202636,1100689786,B,Boys,D,Doubles,M,Main Draw,KO,Knock-out,,Final,5,2124508711,TP,To be played,,,,,,,,,,,,,,,,,https://www.rolandgarros.com/en-us/matches?status=live,"{""matchId"":2124508711,""h2hLink"":"""",""liveScoresLink"":""https://www.rolandgarros.com/en-us/matches?status=live"",""teams"":[{""players"":[null,null],""scores"":[null,null,null,null,null],""isWinner"":false,""seeding"":null,""tieNationCode"":null,""entryStatus"":null},{""players"":[null,null],""scores"":[null,null,null,null,null],""isWinner"":false,""seeding"":null,""tieNationCode"":null,""entryStatus"":null}],""playStatusCode"":""TP"",""playStatusDesc"":""To be played"",""resultStatusDesc"":null,""resultStatusCode"":null,""MatchTypeCode"":null,""CircuitCode"":null}",2026-06-02T22:21:22.050Z
J-JGS-FRA-2026-001,Roland Garros Junior Championships,JGS,2026-05-31,2026-06-06,1100202636,1100689787,G,Girls,S,Singles,M,Main Draw,KO,Knock-out,,1st Round,1,1183558453,PC,Played and completed,,,800591535,Ksenia Efremova,FRA,1,DA,800677532,Ekaterina Dotsenko,RUS,,Q,2,Ekaterina Dotsenko,3-6 3-6,https://www.itftennis.com/en/head-to-head/?circuitCode=jt&player1Id=800591535&player2Id=800677532,https://www.rolandgarros.com/en-us/matches?status=live,"{""matchId"":1183558453,""h2hLink"":""/en/head-to-head/?circuitCode=jt&player1Id=800591535&player2Id=800677532"",""liveScoresLink"":""https://www.rolandgarros.com/en-us/matches?status=live"",""teams"":[{""players"":[{""playerId"":800591535,""nationality"":""FRA"",""givenName"":""Ksenia"",""familyName"":""Efremova"",""profileLink"":""/en/players/ksenia-efremova/800591535/fra/jt/s/"",""hiddenPlayer"":false},null],""scores"":[{""score"":3,""losingScore"":null},{""score"":3,""losingScore"":null},null,null,null],""isWinner"":false,""seeding"":1,""tieNationCode"":null,""entryStatus"":""DA""},{""players"":[{""playerId"":800677532,""nationality"":""RUS"",""givenName"":""Ekaterina"",""familyName"":""Dotsenko"",""profileLink"":""/en/players/ekaterina-dotsenko/800677532/rus/jt/s/"",""hiddenPlayer"":false},null],""scores"":[{""score"":6,""losingScore"":null},{""score"":6,""losingScore"":null},null,null,null],""isWinner"":true,""seeding"":null,""tieNationCode"":null,""entryStatus"":""Q""}],""playStatusCode"":""PC"",""playStatusDesc"":""Played and completed"",""resultStatusDesc"":null,""resultStatusCode"":null,""MatchTypeCode"":null,""CircuitCode"":null}",2026-06-02T22:21:38.803Z
J-JGS-FRA-2026-001,Roland Garros Junior Championships,JGS,2026-05-31,2026-06-06,1100202636,1100689787,G,Girls,S,Singles,M,Main Draw,KO,Knock-out,,1st Round,1,1183558454,PC,Played and completed,,,800731574,Sarah Ye,USA,,Q,800640357,Giulia Safina Popa,ROU,,DA,2,Giulia Safina Popa,1-6 1-6,https://www.itftennis.com/en/head-to-head/?circuitCode=jt&player1Id=800731574&player2Id=800640357,https://www.rolandgarros.com/en-us/matches?status=live,"{""matchId"":1183558454,""h2hLink"":""/en/head-to-head/?circuitCode=jt&player1Id=800731574&player2Id=800640357"",""liveScoresLink"":""https://www.rolandgarros.com/en-us/matches?status=live"",""teams"":[{""players"":[{""playerId"":800731574,""nationality"":""USA"",""givenName"":""Sarah"",""familyName"":""Ye"",""profileLink"":""/en/players/sarah-ye/800731574/usa/jt/s/"",""hiddenPlayer"":false},null],""scores"":[{""score"":1,""losingScore"":null},{""score"":1,""losingScore"":null},null,null,null],""isWinner"":false,""seeding"":null,""tieNationCode"":null,""entryStatus"":""Q""},{""players"":[{""playerId"":800640357,""nationality"":""ROU"",""givenName"":""Giulia Safina"",""familyName"":""Popa"",""profileLink"":""/en/players/giulia-safina-popa/800640357/rou/jt/s/"",""hiddenPlayer"":false},null],""scores"":[{""score"":6,""losingScore"":null},{""score"":6,""losingScore"":null},null,null,null],""isWinner"":true,""seeding"":null,""tieNationCode"":null,""entryStatus"":""DA""}],""playStatusCode"":""PC"",""playStatusDesc"":""Played and completed"",""resultStatusDesc"":null,""resultStatusCode"":null,""MatchTypeCode"":null,""CircuitCode"":null}",2026-06-02T22:21:38.803Z
J-JGS-FRA-2026-001,Roland Garros Junior Championships,JGS,2026-05-31,2026-06-06,1100202636,1100689787,G,Girls,S,Singles,M,Main Draw,KO,Knock-out,,1st Round,1,1183558455,PC,Played and completed,,,800604444,Sofie Hettlerova,CZE,,DA,800651337,UI SU JEONG,KOR,,DA,2,UI SU JEONG,3-6 0-6,https://www.itftennis.com/en/head-to-head/?circuitCode=jt&player1Id=800604444&player2Id=800651337,https://www.rolandgarros.com/en-us/matches?status=live,"{""matchId"":1183558455,""h2hLink"":""/en/head-to-head/?circuitCode=jt&player1Id=800604444&player2Id=800651337"",""liveScoresLink"":""https://www.rolandgarros.com/en-us/matches?status=live"",""teams"":[{""players"":[{""playerId"":800604444,""nationality"":""CZE"",""givenName"":""Sofie"",""familyName"":""Hettlerova"",""profileLink"":""/en/players/sofie-hettlerova/800604444/cze/jt/s/"",""hiddenPlayer"":false},null],""scores"":[{""score"":3,""losingScore"":null},{""score"":0,""losingScore"":null},null,null,null],""isWinner"":false,""seeding"":null,""tieNationCode"":null,""entryStatus"":""DA""},{""players"":[{""playerId"":800651337,""nationality"":""KOR"",""givenName"":""UI SU"",""familyName"":""JEONG"",""profileLink"":""/en/players/ui-su-jeong/800651337/kor/jt/s/"",""hiddenPlayer"":false},null],""scores"":[{""score"":6,""losingScore"":null},{""score"":6,""losingScore"":null},null,null,null],""isWinner"":true,""seeding"":null,""tieNationCode"":null,""entryStatus"":""DA""}],""playStatusCode"":""PC"",""playStatusDesc"":""Played and completed"",""resultStatusDesc"":null,""resultStatusCode"":null,""MatchTypeCode"":null,""CircuitCode"":null}",2026-06-02T22:21:38.803Z
J-JGS-FRA-2026-001,Roland Garros Junior Championships,JGS,2026-05-31,2026-06-06,1100202636,1100689787,G,Girls,S,Singles,M,Main Draw,KO,Knock-out,,1st Round,1,1183558456,PC,Played and completed,,,800597362,Antonina Sushkova,UKR,,DA,800601474,Mariella Thamm,GER,13,DA,2,Mariella Thamm,2-6 3-6,https://www.itftennis.com/en/head-to-head/?circuitCode=jt&player1Id=800597362&player2Id=800601474,https://www.rolandgarros.com/en-us/matches?status=live,"{""matchId"":1183558456,""h2hLink"":""/en/head-to-head/?circuitCode=jt&player1Id=800597362&player2Id=800601474"",""liveScoresLink"":""https://www.rolandgarros.com/en-us/matches?status=live"",""teams"":[{""players"":[{""playerId"":800597362,""nationality"":""UKR"",""givenName"":""Antonina"",""familyName"":""Sushkova"",""profileLink"":""/en/players/antonina-sushkova/800597362/ukr/jt/s/"",""hiddenPlayer"":false},null],""scores"":[{""score"":2,""losingScore"":null},{""score"":3,""losingScore"":null},null,null,null],""isWinner"":false,""seeding"":null,""tieNationCode"":null,""entryStatus"":""DA""},{""players"":[{""playerId"":800601474,""nationality"":""GER"",""givenName"":""Mariella"",""familyName"":""Thamm"",""profileLink"":""/en/players/mariella-thamm/800601474/ger/jt/s/"",""hiddenPlayer"":false},null],""scores"":[{""score"":6,""losingScore"":null},{""score"":6,""losingScore"":null},null,null,null],""isWinner"":true,""seeding"":13,""tieNationCode"":null,""entryStatus"":""DA""}],""playStatusCode"":""PC"",""playStatusDesc"":""Played and completed"",""resultStatusDesc"":null,""resultStatusCode"":null,""MatchTypeCode"":null,""CircuitCode"":null}",2026-06-02T22:21:38.803Z
J-JGS-FRA-2026-001,Roland Garros Junior Championships,JGS,2026-05-31,2026-06-06,1100202636,1100689787,G,Girls,S,Singles,M,Main Draw,KO,Knock-out,,1st Round,1,1183558457,PC,Played and completed,,,800593679,Alisa Oktiabreva,RUS,12,DA,800719735,Chukwumelije Clarke,USA,,DA,1,Alisa Oktiabreva,6-1 6-3,https://www.itftennis.com/en/head-to-head/?circuitCode=jt&player1Id=800593679&player2Id=800719735,https://www.rolandgarros.com/en-us/matches?status=live,"{""matchId"":1183558457,""h2hLink"":""/en/head-to-head/?circuitCode=jt&player1Id=800593679&player2Id=800719735"",""liveScoresLink"":""https://www.rolandgarros.com/en-us/matches?status=live"",""teams"":[{""players"":[{""playerId"":800593679,""nationality"":""RUS"",""givenName"":""Alisa"",""familyName"":""Oktiabreva"",""profileLink"":""/en/players/alisa-oktiabreva/800593679/rus/jt/s/"",""hiddenPlayer"":false},null],""scores"":[{""score"":6,""losingScore"":null},{""score"":6,""losingScore"":null},null,null,null],""isWinner"":true,""seeding"":12,""tieNationCode"":null,""entryStatus"":""DA""},{""players"":[{""playerId"":800719735,""nationality"":""USA"",""givenName"":""Chukwumelije"",""familyName"":""Clarke"",""profileLink"":""/en/players/chukwumelije-clarke/800719735/usa/jt/s/"",""hiddenPlayer"":false},null],""scores"":[{""score"":1,""losingScore"":null},{""score"":3,""losingScore"":null},null,null,null],""isWinner"":false,""seeding"":null,""tieNationCode"":null,""entryStatus"":""DA""}],""playStatusCode"":""PC"",""playStatusDesc"":""Played and completed"",""resultStatusDesc"":null,""resultStatusCode"":null,""MatchTypeCode"":null,""CircuitCode"":null}",2026-06-02T22:21:38.803Z
J-JGS-FRA-2026-001,Roland Garros Junior Championships,JGS,2026-05-31,2026-06-06,1100202636,1100689787,G,Girls,S,Singles,M,Main Draw,KO,Knock-out,,1st Round,1,1183558458,PC,Played and completed,,,800587881,Ilary Pistola,ITA,,Q,800631529,Ruien Zhang,CHN,,DA,2,Ruien Zhang,3-6 1-6,https://www.itftennis.com/en/head-to-head/?circuitCode=jt&player1Id=800587881&player2Id=800631529,https://www.rolandgarros.com/en-us/matches?status=live,"{""matchId"":1183558458,""h2hLink"":""/en/head-to-head/?circuitCode=jt&player1Id=800587881&player2Id=800631529"",""liveScoresLink"":""https://www.rolandgarros.com/en-us/matches?status=live"",""teams"":[{""players"":[{""playerId"":800587881,""nationality"":""ITA"",""givenName"":""Ilary"",""familyName"":""Pistola"",""profileLink"":""/en/players/ilary-pistola/800587881/ita/jt/s/"",""hiddenPlayer"":false},null],""scores"":[{""score"":3,""losingScore"":null},{""score"":1,""losingScore"":null},null,null,null],""isWinner"":false,""seeding"":null,""tieNationCode"":null,""entryStatus"":""Q""},{""players"":[{""playerId"":800631529,""nationality"":""CHN"",""givenName"":""Ruien"",""familyName"":""Zhang"",""profileLink"":""/en/players/ruien-zhang/800631529/chn/jt/s/"",""hiddenPlayer"":false},null],""scores"":[{""score"":6,""losingScore"":null},{""score"":6,""losingScore"":null},null,null,null],""isWinner"":true,""seeding"":null,""tieNationCode"":null,""entryStatus"":""DA""}],""playStatusCode"":""PC"",""playStatusDesc"":""Played and completed"",""resultStatusDesc"":null,""resultStatusCode"":null,""MatchTypeCode"":null,""CircuitCode"":null}",2026-06-02T22:21:38.803Z
J-JGS-FRA-2026-001,Roland Garros Junior Championships,JGS,2026-05-31,2026-06-06,1100202636,1100689787,G,Girls,S,Singles,M,Main Draw,KO,Knock-out,,1st Round,1,1183558459,PC,Played and completed,,,800576556,Eleejah Inisan,FRA,,WC,800597508,Marija Lauva,LAT,,Q,1,Eleejah Inisan,6-0 6-4,https://www.itftennis.com/en/head-to-head/?circuitCode=jt&player1Id=800576556&player2Id=800597508,https://www.rolandgarros.com/en-us/matches?status=live,"{""matchId"":1183558459,""h2hLink"":""/en/head-to-head/?circuitCode=jt&player1Id=800576556&player2Id=800597508"",""liveScoresLink"":""https://www.rolandgarros.com/en-us/matches?status=live"",""teams"":[{""players"":[{""playerId"":800576556,""nationality"":""FRA"",""givenName"":""Eleejah"",""familyName"":""Inisan"",""profileLink"":""/en/players/eleejah-inisan/800576556/fra/jt/s/"",""hiddenPlayer"":false},null],""scores"":[{""score"":6,""losingScore"":null},{""score"":6,""losingScore"":null},null,null,null],""isWinner"":true,""seeding"":null,""tieNationCode"":null,""entryStatus"":""WC""},{""players"":[{""playerId"":800597508,""nationality"":""LAT"",""givenName"":""Marija"",""familyName"":""Lauva"",""profileLink"":""/en/players/marija-lauva/800597508/lat/jt/s/"",""hiddenPlayer"":false},null],""scores"":[{""score"":0,""losingScore"":null},{""score"":4,""losingScore"":null},null,null,null],""isWinner"":false,""seeding"":null,""tieNationCode"":null,""entryStatus"":""Q""}],""playStatusCode"":""PC"",""playStatusDesc"":""Played and completed"",""resultStatusDesc"":null,""resultStatusCode"":null,""MatchTypeCode"":null,""CircuitCode"":null}",2026-06-02T22:21:38.803Z
J-JGS-FRA-2026-001,Roland Garros Junior Championships,JGS,2026-05-31,2026-06-06,1100202636,1100689787,G,Girls,S,Singles,M,Main Draw,KO,Knock-out,,1st Round,1,1183558460,PC,Played and completed,,,800638930,Nadia Lagaev,CAN,,DA,800659876,Sol Ailin Larraya Guidi,ARG,7,DA,2,Sol Ailin Larraya Guidi,6-3 2-6 2-6,https://www.itftennis.com/en/head-to-head/?circuitCode=jt&player1Id=800638930&player2Id=800659876,https://www.rolandgarros.com/en-us/matches?status=live,"{""matchId"":1183558460,""h2hLink"":""/en/head-to-head/?circuitCode=jt&player1Id=800638930&player2Id=800659876"",""liveScoresLink"":""https://www.rolandgarros.com/en-us/matches?status=live"",""teams"":[{""players"":[{""playerId"":800638930,""nationality"":""CAN"",""givenName"":""Nadia"",""familyName"":""Lagaev"",""profileLink"":""/en/players/nadia-lagaev/800638930/can/jt/s/"",""hiddenPlayer"":false},null],""scores"":[{""score"":6,""losingScore"":null},{""score"":2,""losingScore"":null},{""score"":2,""losingScore"":null},null,null],""isWinner"":false,""seeding"":null,""tieNationCode"":null,""entryStatus"":""DA""},{""players"":[{""playerId"":800659876,""nationality"":""ARG"",""givenName"":""Sol Ailin"",""familyName"":""Larraya Guidi"",""profileLink"":""/en/players/sol-ailin-larraya-guidi/800659876/arg/jt/s/"",""hiddenPlayer"":false},null],""scores"":[{""score"":3,""losingScore"":null},{""score"":6,""losingScore"":null},{""score"":6,""losingScore"":null},null,null],""isWinner"":true,""seeding"":7,""tieNationCode"":null,""entryStatus"":""DA""}],""playStatusCode"":""PC"",""playStatusDesc"":""Played and completed"",""resultStatusDesc"":null,""resultStatusCode"":null,""MatchTypeCode"":null,""CircuitCode"":null}",2026-06-02T22:21:38.803Z
J-JGS-FRA-2026-001,Roland Garros Junior Championships,JGS,2026-05-31,2026-06-06,1100202636,1100689787,G,Girls,S,Singles,M,Main Draw,KO,Knock-out,,1st Round,1,1183558461,PC,Played and completed,,,800661515,Jana Kovackova,CZE,4,DA,800685082,Daniel Baranes,FRA,,WC,1,Jana Kovackova,6-4 6-2,https://www.itftennis.com/en/head-to-head/?circuitCode=jt&player1Id=800661515&player2Id=800685082,https://www.rolandgarros.com/en-us/matches?status=live,"{""matchId"":1183558461,""h2hLink"":""/en/head-to-head/?circuitCode=jt&player1Id=800661515&player2Id=800685082"",""liveScoresLink"":""https://www.rolandgarros.com/en-us/matches?status=live"",""teams"":[{""players"":[{""playerId"":800661515,""nationality"":""CZE"",""givenName"":""Jana"",""familyName"":""Kovackova"",""profileLink"":""/en/players/jana-kovackova/800661515/cze/jt/s/"",""hiddenPlayer"":false},null],""scores"":[{""score"":6,""losingScore"":null},{""score"":6,""losingScore"":null},null,null,null],""isWinner"":true,""seeding"":4,""tieNationCode"":null,""entryStatus"":""DA""},{""players"":[{""playerId"":800685082,""nationality"":""FRA"",""givenName"":""Daniel"",""familyName"":""Baranes"",""profileLink"":""/en/players/daniel-baranes/800685082/fra/jt/s/"",""hiddenPlayer"":false},null],""scores"":[{""score"":4,""losingScore"":null},{""score"":2,""losingScore"":null},null,null,null],""isWinner"":false,""seeding"":null,""tieNationCode"":null,""entryStatus"":""WC""}],""playStatusCode"":""PC"",""playStatusDesc"":""Played and completed"",""resultStatusDesc"":null,""resultStatusCode"":null,""MatchTypeCode"":null,""CircuitCode"":null}",2026-06-02T22:21:38.803Z
J-JGS-FRA-2026-001,Roland Garros Junior Championships,JGS,2026-05-31,2026-06-06,1100202636,1100689787,G,Girls,S,Singles,M,Main Draw,KO,Knock-out,,1st Round,1,1183558462,PC,Played and completed,,,800708129,Yui Komada,JPN,,JGSE,800666178,Lana Virc,SRB,,DA,1,Yui Komada,2-6 7-6(4) 7-6(6),https://www.itftennis.com/en/head-to-head/?circuitCode=jt&player1Id=800708129&player2Id=800666178,https://www.rolandgarros.com/en-us/matches?status=live,"{""matchId"":1183558462,""h2hLink"":""/en/head-to-head/?circuitCode=jt&player1Id=800708129&player2Id=800666178"",""liveScoresLink"":""https://www.rolandgarros.com/en-us/matches?status=live"",""teams"":[{""players"":[{""playerId"":800708129,""nationality"":""JPN"",""givenName"":""Yui"",""familyName"":""Komada"",""profileLink"":""/en/players/yui-komada/800708129/jpn/jt/s/"",""hiddenPlayer"":false},null],""scores"":[{""score"":2,""losingScore"":null},{""score"":7,""losingScore"":null},{""score"":7,""losingScore"":null},null,null],""isWinner"":true,""seeding"":null,""tieNationCode"":null,""entryStatus"":""JGSE""},{""players"":[{""playerId"":800666178,""nationality"":""SRB"",""givenName"":""Lana"",""familyName"":""Virc"",""profileLink"":""/en/players/lana-virc/800666178/srb/jt/s/"",""hiddenPlayer"":false},null],""scores"":[{""score"":6,""losingScore"":null},{""score"":6,""losingScore"":4},{""score"":6,""losingScore"":6},null,null],""isWinner"":false,""seeding"":null,""tieNationCode"":null,""entryStatus"":""DA""}],""playStatusCode"":""PC"",""playStatusDesc"":""Played and completed"",""resultStatusDesc"":null,""resultStatusCode"":null,""MatchTypeCode"":null,""CircuitCode"":null}",2026-06-02T22:21:38.803Z
J-JGS-FRA-2026-001,Roland Garros Junior Championships,JGS,2026-05-31,2026-06-06,1100202636,1100689787,G,Girls,S,Singles,M,Main Draw,KO,Knock-out,,1st Round,1,1183558463,PC,Played and completed,,,800667265,Polina Skliar,UKR,,DA,800739107,Yu Jun Lin,CHN,,Q,1,Polina Skliar,7-6(4) 6-0,https://www.itftennis.com/en/head-to-head/?circuitCode=jt&player1Id=800667265&player2Id=800739107,https://www.rolandgarros.com/en-us/matches?status=live,"{""matchId"":1183558463,""h2hLink"":""/en/head-to-head/?circuitCode=jt&player1Id=800667265&player2Id=800739107"",""liveScoresLink"":""https://www.rolandgarros.com/en-us/matches?status=live"",""teams"":[{""players"":[{""playerId"":800667265,""nationality"":""UKR"",""givenName"":""Polina"",""familyName"":""Skliar"",""profileLink"":""/en/players/polina-skliar/800667265/ukr/jt/s/"",""hiddenPlayer"":false},null],""scores"":[{""score"":7,""losingScore"":null},{""score"":6,""losingScore"":null},null,null,null],""isWinner"":true,""seeding"":null,""tieNationCode"":null,""entryStatus"":""DA""},{""players"":[{""playerId"":800739107,""nationality"":""CHN"",""givenName"":""Yu Jun"",""familyName"":""Lin"",""profileLink"":""/en/players/yu-jun-lin/800739107/chn/jt/s/"",""hiddenPlayer"":false},null],""scores"":[{""score"":6,""losingScore"":4},{""score"":0,""losingScore"":null},null,null,null],""isWinner"":false,""seeding"":null,""tieNationCode"":null,""entryStatus"":""Q""}],""playStatusCode"":""PC"",""playStatusDesc"":""Played and completed"",""resultStatusDesc"":null,""resultStatusCode"":null,""MatchTypeCode"":null,""CircuitCode"":null}",2026-06-02T22:21:38.803Z
J-JGS-FRA-2026-001,Roland Garros Junior Championships,JGS,2026-05-31,2026-06-06,1100202636,1100689787,G,Girls,S,Singles,M,Main Draw,KO,Knock-out,,1st Round,1,1183558464,PC,Played and completed,,,800709314,Lani Chang,USA,,DA,800721825,Felitsata Dorofeeva-Rybas,RUS,14,DA,2,Felitsata Dorofeeva-Rybas,6-4 2-6 6-7(3),https://www.itftennis.com/en/head-to-head/?circuitCode=jt&player1Id=800709314&player2Id=800721825,https://www.rolandgarros.com/en-us/matches?status=live,"{""matchId"":1183558464,""h2hLink"":""/en/head-to-head/?circuitCode=jt&player1Id=800709314&player2Id=800721825"",""liveScoresLink"":""https://www.rolandgarros.com/en-us/matches?status=live"",""teams"":[{""players"":[{""playerId"":800709314,""nationality"":""USA"",""givenName"":""Lani"",""familyName"":""Chang"",""profileLink"":""/en/players/lani-chang/800709314/usa/jt/s/"",""hiddenPlayer"":false},null],""scores"":[{""score"":6,""losingScore"":null},{""score"":2,""losingScore"":null},{""score"":6,""losingScore"":3},null,null],""isWinner"":false,""seeding"":null,""tieNationCode"":null,""entryStatus"":""DA""},{""players"":[{""playerId"":800721825,""nationality"":""RUS"",""givenName"":""Felitsata"",""familyName"":""Dorofeeva-Rybas"",""profileLink"":""/en/players/felitsata-dorofeeva-rybas/800721825/rus/jt/s/"",""hiddenPlayer"":false},null],""scores"":[{""score"":4,""losingScore"":null},{""score"":6,""losingScore"":null},{""score"":7,""losingScore"":null},null,null],""isWinner"":true,""seeding"":14,""tieNationCode"":null,""entryStatus"":""DA""}],""playStatusCode"":""PC"",""playStatusDesc"":""Played and completed"",""resultStatusDesc"":null,""resultStatusCode"":null,""MatchTypeCode"":null,""CircuitCode"":null}",2026-06-02T22:21:38.803Z
J-JGS-FRA-2026-001,Roland Garros Junior Championships,JGS,2026-05-31,2026-06-06,1100202636,1100689787,G,Girls,S,Singles,M,Main Draw,KO,Knock-out,,1st Round,1,1183558465,PC,Played and completed,,,800672253,Charo Esquiva Banuls,ESP,9,DA,800701055,Renee Alame,AUS,,DA,1,Charo Esquiva Banuls,6-0 6-1,https://www.itftennis.com/en/head-to-head/?circuitCode=jt&player1Id=800672253&player2Id=800701055,https://www.rolandgarros.com/en-us/matches?status=live,"{""matchId"":1183558465,""h2hLink"":""/en/head-to-head/?circuitCode=jt&player1Id=800672253&player2Id=800701055"",""liveScoresLink"":""https://www.rolandgarros.com/en-us/matches?status=live"",""teams"":[{""players"":[{""playerId"":800672253,""nationality"":""ESP"",""givenName"":""Charo"",""familyName"":""Esquiva Banuls"",""profileLink"":""/en/players/charo-esquiva-banuls/800672253/esp/jt/s/"",""hiddenPlayer"":false},null],""scores"":[{""score"":6,""losingScore"":null},{""score"":6,""losingScore"":null},null,null,null],""isWinner"":true,""seeding"":9,""tieNationCode"":null,""entryStatus"":""DA""},{""players"":[{""playerId"":800701055,""nationality"":""AUS"",""givenName"":""Renee"",""familyName"":""Alame"",""profileLink"":""/en/players/renee-alame/800701055/aus/jt/s/"",""hiddenPlayer"":false},null],""scores"":[{""score"":0,""losingScore"":null},{""score"":1,""losingScore"":null},null,null,null],""isWinner"":false,""seeding"":null,""tieNationCode"":null,""entryStatus"":""DA""}],""playStatusCode"":""PC"",""playStatusDesc"":""Played and completed"",""resultStatusDesc"":null,""resultStatusCode"":null,""MatchTypeCode"":null,""CircuitCode"":null}",2026-06-02T22:21:38.803Z
J-JGS-FRA-2026-001,Roland Garros Junior Championships,JGS,2026-05-31,2026-06-06,1100202636,1100689787,G,Girls,S,Singles,M,Main Draw,KO,Knock-out,,1st Round,1,1183558466,PC,Played and completed,,,800587892,Daphnee Mpetshi Perricard,FRA,,WC,800732202,Carrie-Anne Hoo,USA,,Q,1,Daphnee Mpetshi Perricard,6-1 6-2,https://www.itftennis.com/en/head-to-head/?circuitCode=jt&player1Id=800587892&player2Id=800732202,https://www.rolandgarros.com/en-us/matches?status=live,"{""matchId"":1183558466,""h2hLink"":""/en/head-to-head/?circuitCode=jt&player1Id=800587892&player2Id=800732202"",""liveScoresLink"":""https://www.rolandgarros.com/en-us/matches?status=live"",""teams"":[{""players"":[{""playerId"":800587892,""nationality"":""FRA"",""givenName"":""Daphnee"",""familyName"":""Mpetshi Perricard"",""profileLink"":""/en/players/daphnee-mpetshi-perricard/800587892/fra/jt/s/"",""hiddenPlayer"":false},null],""scores"":[{""score"":6,""losingScore"":null},{""score"":6,""losingScore"":null},null,null,null],""isWinner"":true,""seeding"":null,""tieNationCode"":null,""entryStatus"":""WC""},{""players"":[{""playerId"":800732202,""nationality"":""USA"",""givenName"":""Carrie-Anne"",""familyName"":""Hoo"",""profileLink"":""/en/players/carrie-anne-hoo/800732202/usa/jt/s/"",""hiddenPlayer"":false},null],""scores"":[{""score"":1,""losingScore"":null},{""score"":2,""losingScore"":null},null,null,null],""isWinner"":false,""seeding"":null,""tieNationCode"":null,""entryStatus"":""Q""}],""playStatusCode"":""PC"",""playStatusDesc"":""Played and completed"",""resultStatusDesc"":null,""resultStatusCode"":null,""MatchTypeCode"":null,""CircuitCode"":null}",2026-06-02T22:21:38.803Z
J-JGS-FRA-2026-001,Roland Garros Junior Championships,JGS,2026-05-31,2026-06-06,1100202636,1100689787,G,Girls,S,Singles,M,Main Draw,KO,Knock-out,,1st Round,1,1183558467,PC,Played and completed,,,800731351,Yushan Shao,CHN,,DA,800589857,Anastasia Lizunova,RUS,,DA,1,Yushan Shao,7-5 7-5,https://www.itftennis.com/en/head-to-head/?circuitCode=jt&player1Id=800731351&player2Id=800589857,https://www.rolandgarros.com/en-us/matches?status=live,"{""matchId"":1183558467,""h2hLink"":""/en/head-to-head/?circuitCode=jt&player1Id=800731351&player2Id=800589857"",""liveScoresLink"":""https://www.rolandgarros.com/en-us/matches?status=live"",""teams"":[{""players"":[{""playerId"":800731351,""nationality"":""CHN"",""givenName"":""Yushan"",""familyName"":""Shao"",""profileLink"":""/en/players/yushan-shao/800731351/chn/jt/s/"",""hiddenPlayer"":false},null],""scores"":[{""score"":7,""losingScore"":null},{""score"":7,""losingScore"":null},null,null,null],""isWinner"":true,""seeding"":null,""tieNationCode"":null,""entryStatus"":""DA""},{""players"":[{""playerId"":800589857,""nationality"":""RUS"",""givenName"":""Anastasia"",""familyName"":""Lizunova"",""profileLink"":""/en/players/anastasia-lizunova/800589857/rus/jt/s/"",""hiddenPlayer"":false},null],""scores"":[{""score"":5,""losingScore"":null},{""score"":5,""losingScore"":null},null,null,null],""isWinner"":false,""seeding"":null,""tieNationCode"":null,""entryStatus"":""DA""}],""playStatusCode"":""PC"",""playStatusDesc"":""Played and completed"",""resultStatusDesc"":null,""resultStatusCode"":null,""MatchTypeCode"":null,""CircuitCode"":null}",2026-06-02T22:21:38.803Z
J-JGS-FRA-2026-001,Roland Garros Junior Championships,JGS,2026-05-31,2026-06-06,1100202636,1100689787,G,Girls,S,Singles,M,Main Draw,KO,Knock-out,,1st Round,1,1183558468,PC,Played and completed,,,800595691,Sonja Zhenikhova,GER,,DA,800695060,Nauhany Vitoria Leme Da Silva,BRA,5,DA,2,Nauhany Vitoria Leme Da Silva,1-6 7-6(4) 4-6,https://www.itftennis.com/en/head-to-head/?circuitCode=jt&player1Id=800595691&player2Id=800695060,https://www.rolandgarros.com/en-us/matches?status=live,"{""matchId"":1183558468,""h2hLink"":""/en/head-to-head/?circuitCode=jt&player1Id=800595691&player2Id=800695060"",""liveScoresLink"":""https://www.rolandgarros.com/en-us/matches?status=live"",""teams"":[{""players"":[{""playerId"":800595691,""nationality"":""GER"",""givenName"":""Sonja"",""familyName"":""Zhenikhova"",""profileLink"":""/en/players/sonja-zhenikhova/800595691/ger/jt/s/"",""hiddenPlayer"":false},null],""scores"":[{""score"":1,""losingScore"":null},{""score"":7,""losingScore"":null},{""score"":4,""losingScore"":null},null,null],""isWinner"":false,""seeding"":null,""tieNationCode"":null,""entryStatus"":""DA""},{""players"":[{""playerId"":800695060,""nationality"":""BRA"",""givenName"":""Nauhany Vitoria"",""familyName"":""Leme Da Silva"",""profileLink"":""/en/players/nauhany-vitoria-leme-da-silva/800695060/bra/jt/s/"",""hiddenPlayer"":false},null],""scores"":[{""score"":6,""losingScore"":null},{""score"":6,""losingScore"":4},{""score"":6,""losingScore"":null},null,null],""isWinner"":true,""seeding"":5,""tieNationCode"":null,""entryStatus"":""DA""}],""playStatusCode"":""PC"",""playStatusDesc"":""Played and completed"",""resultStatusDesc"":null,""resultStatusCode"":null,""MatchTypeCode"":null,""CircuitCode"":null}",2026-06-02T22:21:38.803Z
J-JGS-FRA-2026-001,Roland Garros Junior Championships,JGS,2026-05-31,2026-06-06,1100202636,1100689787,G,Girls,S,Singles,M,Main Draw,KO,Knock-out,,1st Round,1,1183558469,PC,Played and completed,,,800644962,Mariia Makarova,RUS,8,DA,800646432,Jordyn Hazelitt,USA,,DA,1,Mariia Makarova,6-1 7-5,https://www.itftennis.com/en/head-to-head/?circuitCode=jt&player1Id=800644962&player2Id=800646432,https://www.rolandgarros.com/en-us/matches?status=live,"{""matchId"":1183558469,""h2hLink"":""/en/head-to-head/?circuitCode=jt&player1Id=800644962&player2Id=800646432"",""liveScoresLink"":""https://www.rolandgarros.com/en-us/matches?status=live"",""teams"":[{""players"":[{""playerId"":800644962,""nationality"":""RUS"",""givenName"":""Mariia"",""familyName"":""Makarova"",""profileLink"":""/en/players/mariia-makarova/800644962/rus/jt/s/"",""hiddenPlayer"":false},null],""scores"":[{""score"":6,""losingScore"":null},{""score"":7,""losingScore"":null},null,null,null],""isWinner"":true,""seeding"":8,""tieNationCode"":null,""entryStatus"":""DA""},{""players"":[{""playerId"":800646432,""nationality"":""USA"",""givenName"":""Jordyn"",""familyName"":""Hazelitt"",""profileLink"":""/en/players/jordyn-hazelitt/800646432/usa/jt/s/"",""hiddenPlayer"":false},null],""scores"":[{""score"":1,""losingScore"":null},{""score"":5,""losingScore"":null},null,null,null],""isWinner"":false,""seeding"":null,""tieNationCode"":null,""entryStatus"":""DA""}],""playStatusCode"":""PC"",""playStatusDesc"":""Played and completed"",""resultStatusDesc"":null,""resultStatusCode"":null,""MatchTypeCode"":null,""CircuitCode"":null}",2026-06-02T22:21:38.803Z
J-JGS-FRA-2026-001,Roland Garros Junior Championships,JGS,2026-05-31,2026-06-06,1100202636,1100689787,G,Girls,S,Singles,M,Main Draw,KO,Knock-out,,1st Round,1,1183558470,PC,Played and completed,,,800726989,Yihan Qu,CHN,,DA,800632131,Maaya Rajeshwaran Revathi,IND,,DA,2,Maaya Rajeshwaran Revathi,4-6 6-2 1-6,https://www.itftennis.com/en/head-to-head/?circuitCode=jt&player1Id=800726989&player2Id=800632131,https://www.rolandgarros.com/en-us/matches?status=live,"{""matchId"":1183558470,""h2hLink"":""/en/head-to-head/?circuitCode=jt&player1Id=800726989&player2Id=800632131"",""liveScoresLink"":""https://www.rolandgarros.com/en-us/matches?status=live"",""teams"":[{""players"":[{""playerId"":800726989,""nationality"":""CHN"",""givenName"":""Yihan"",""familyName"":""Qu"",""profileLink"":""/en/players/yihan-qu/800726989/chn/jt/s/"",""hiddenPlayer"":false},null],""scores"":[{""score"":4,""losingScore"":null},{""score"":6,""losingScore"":null},{""score"":1,""losingScore"":null},null,null],""isWinner"":false,""seeding"":null,""tieNationCode"":null,""entryStatus"":""DA""},{""players"":[{""playerId"":800632131,""nationality"":""IND"",""givenName"":""Maaya"",""familyName"":""Rajeshwaran Revathi"",""profileLink"":""/en/players/maaya-rajeshwaran-revathi/800632131/ind/jt/s/"",""hiddenPlayer"":false},null],""scores"":[{""score"":6,""losingScore"":null},{""score"":2,""losingScore"":null},{""score"":6,""losingScore"":null},null,null],""isWinner"":true,""seeding"":null,""tieNationCode"":null,""entryStatus"":""DA""}],""playStatusCode"":""PC"",""playStatusDesc"":""Played and completed"",""resultStatusDesc"":null,""resultStatusCode"":null,""MatchTypeCode"":null,""CircuitCode"":null}",2026-06-02T22:21:38.803Z
J-JGS-FRA-2026-001,Roland Garros Junior Championships,JGS,2026-05-31,2026-06-06,1100202636,1100689787,G,Girls,S,Singles,M,Main Draw,KO,Knock-out,,1st Round,1,1183558471,PC,Played and completed,,,800693920,Alyssa James,JAM,,DA,800630721,Capucine Cedillo- Vayson de Pradenne,FRA,,WC,1,Alyssa James,6-2 3-6 7-5,https://www.itftennis.com/en/head-to-head/?circuitCode=jt&player1Id=800693920&player2Id=800630721,https://www.rolandgarros.com/en-us/matches?status=live,"{""matchId"":1183558471,""h2hLink"":""/en/head-to-head/?circuitCode=jt&player1Id=800693920&player2Id=800630721"",""liveScoresLink"":""https://www.rolandgarros.com/en-us/matches?status=live"",""teams"":[{""players"":[{""playerId"":800693920,""nationality"":""JAM"",""givenName"":""Alyssa"",""familyName"":""James"",""profileLink"":""/en/players/alyssa-james/800693920/jam/jt/s/"",""hiddenPlayer"":false},null],""scores"":[{""score"":6,""losingScore"":null},{""score"":3,""losingScore"":null},{""score"":7,""losingScore"":null},null,null],""isWinner"":true,""seeding"":null,""tieNationCode"":null,""entryStatus"":""DA""},{""players"":[{""playerId"":800630721,""nationality"":""FRA"",""givenName"":""Capucine"",""familyName"":""Cedillo- Vayson de Pradenne"",""profileLink"":""/en/players/capucine-cedillo-vayson-de-pradenne/800630721/fra/jt/s/"",""hiddenPlayer"":false},null],""scores"":[{""score"":2,""losingScore"":null},{""score"":6,""losingScore"":null},{""score"":5,""losingScore"":null},null,null],""isWinner"":false,""seeding"":null,""tieNationCode"":null,""entryStatus"":""WC""}],""playStatusCode"":""PC"",""playStatusDesc"":""Played and completed"",""resultStatusDesc"":null,""resultStatusCode"":null,""MatchTypeCode"":null,""CircuitCode"":null}",2026-06-02T22:21:38.803Z
J-JGS-FRA-2026-001,Roland Garros Junior Championships,JGS,2026-05-31,2026-06-06,1100202636,1100689787,G,Girls,S,Singles,M,Main Draw,KO,Knock-out,,1st Round,1,1183558472,PC,Played and completed,,,800586389,Ha Eum Lee,KOR,,DA,800671481,Ida Wobker,GER,10,DA,1,Ha Eum Lee,3-6 6-1 6-4,https://www.itftennis.com/en/head-to-head/?circuitCode=jt&player1Id=800586389&player2Id=800671481,https://www.rolandgarros.com/en-us/matches?status=live,"{""matchId"":1183558472,""h2hLink"":""/en/head-to-head/?circuitCode=jt&player1Id=800586389&player2Id=800671481"",""liveScoresLink"":""https://www.rolandgarros.com/en-us/matches?status=live"",""teams"":[{""players"":[{""playerId"":800586389,""nationality"":""KOR"",""givenName"":""Ha Eum"",""familyName"":""Lee"",""profileLink"":""/en/players/ha-eum-lee/800586389/kor/jt/s/"",""hiddenPlayer"":false},null],""scores"":[{""score"":3,""losingScore"":null},{""score"":6,""losingScore"":null},{""score"":6,""losingScore"":null},null,null],""isWinner"":true,""seeding"":null,""tieNationCode"":null,""entryStatus"":""DA""},{""players"":[{""playerId"":800671481,""nationality"":""GER"",""givenName"":""Ida"",""familyName"":""Wobker"",""profileLink"":""/en/players/ida-wobker/800671481/ger/jt/s/"",""hiddenPlayer"":false},null],""scores"":[{""score"":6,""losingScore"":null},{""score"":1,""losingScore"":null},{""score"":4,""losingScore"":null},null,null],""isWinner"":false,""seeding"":10,""tieNationCode"":null,""entryStatus"":""DA""}],""playStatusCode"":""PC"",""playStatusDesc"":""Played and completed"",""resultStatusDesc"":null,""resultStatusCode"":null,""MatchTypeCode"":null,""CircuitCode"":null}",2026-06-02T22:21:38.803Z
J-JGS-FRA-2026-001,Roland Garros Junior Championships,JGS,2026-05-31,2026-06-06,1100202636,1100689787,G,Girls,S,Singles,M,Main Draw,KO,Knock-out,,1st Round,1,1183558473,PC,Played and completed,,,800758791,Janae Preston,USA,15,DA,800603080,Cindy Langlais,FRA,,WC,1,Janae Preston,4-6 6-3 6-2,https://www.itftennis.com/en/head-to-head/?circuitCode=jt&player1Id=800758791&player2Id=800603080,https://www.rolandgarros.com/en-us/matches?status=live,"{""matchId"":1183558473,""h2hLink"":""/en/head-to-head/?circuitCode=jt&player1Id=800758791&player2Id=800603080"",""liveScoresLink"":""https://www.rolandgarros.com/en-us/matches?status=live"",""teams"":[{""players"":[{""playerId"":800758791,""nationality"":""USA"",""givenName"":""Janae"",""familyName"":""Preston"",""profileLink"":""/en/players/janae-preston/800758791/usa/jt/s/"",""hiddenPlayer"":false},null],""scores"":[{""score"":4,""losingScore"":null},{""score"":6,""losingScore"":null},{""score"":6,""losingScore"":null},null,null],""isWinner"":true,""seeding"":15,""tieNationCode"":null,""entryStatus"":""DA""},{""players"":[{""playerId"":800603080,""nationality"":""FRA"",""givenName"":""Cindy"",""familyName"":""Langlais"",""profileLink"":""/en/players/cindy-langlais/800603080/fra/jt/s/"",""hiddenPlayer"":false},null],""scores"":[{""score"":6,""losingScore"":null},{""score"":3,""losingScore"":null},{""score"":2,""losingScore"":null},null,null],""isWinner"":false,""seeding"":null,""tieNationCode"":null,""entryStatus"":""WC""}],""playStatusCode"":""PC"",""playStatusDesc"":""Played and completed"",""resultStatusDesc"":null,""resultStatusCode"":null,""MatchTypeCode"":null,""CircuitCode"":null}",2026-06-02T22:21:38.803Z
J-JGS-FRA-2026-001,Roland Garros Junior Championships,JGS,2026-05-31,2026-06-06,1100202636,1100689787,G,Girls,S,Singles,M,Main Draw,KO,Knock-out,,1st Round,1,1183558474,PC,Played and completed,,,800638346,Denisa Zoldakova,CZE,,DA,800571280,Ekaterina Tupitsyna,RUS,,DA,1,Denisa Zoldakova,6-1 6-2,https://www.itftennis.com/en/head-to-head/?circuitCode=jt&player1Id=800638346&player2Id=800571280,https://www.rolandgarros.com/en-us/matches?status=live,"{""matchId"":1183558474,""h2hLink"":""/en/head-to-head/?circuitCode=jt&player1Id=800638346&player2Id=800571280"",""liveScoresLink"":""https://www.rolandgarros.com/en-us/matches?status=live"",""teams"":[{""players"":[{""playerId"":800638346,""nationality"":""CZE"",""givenName"":""Denisa"",""familyName"":""Zoldakova"",""profileLink"":""/en/players/denisa-zoldakova/800638346/cze/jt/s/"",""hiddenPlayer"":false},null],""scores"":[{""score"":6,""losingScore"":null},{""score"":6,""losingScore"":null},null,null,null],""isWinner"":true,""seeding"":null,""tieNationCode"":null,""entryStatus"":""DA""},{""players"":[{""playerId"":800571280,""nationality"":""RUS"",""givenName"":""Ekaterina"",""familyName"":""Tupitsyna"",""profileLink"":""/en/players/ekaterina-tupitsyna/800571280/rus/jt/s/"",""hiddenPlayer"":false},null],""scores"":[{""score"":1,""losingScore"":null},{""score"":2,""losingScore"":null},null,null,null],""isWinner"":false,""seeding"":null,""tieNationCode"":null,""entryStatus"":""DA""}],""playStatusCode"":""PC"",""playStatusDesc"":""Played and completed"",""resultStatusDesc"":null,""resultStatusCode"":null,""MatchTypeCode"":null,""CircuitCode"":null}",2026-06-02T22:21:38.803Z
J-JGS-FRA-2026-001,Roland Garros Junior Championships,JGS,2026-05-31,2026-06-06,1100202636,1100689787,G,Girls,S,Singles,M,Main Draw,KO,Knock-out,,1st Round,1,1183558475,PC,Played and completed,,,800661849,Hollie Smart,GBR,,DA,800644753,Luna Maria Cinalli,ARG,,DA,2,Luna Maria Cinalli,4-6 4-6,https://www.itftennis.com/en/head-to-head/?circuitCode=jt&player1Id=800661849&player2Id=800644753,https://www.rolandgarros.com/en-us/matches?status=live,"{""matchId"":1183558475,""h2hLink"":""/en/head-to-head/?circuitCode=jt&player1Id=800661849&player2Id=800644753"",""liveScoresLink"":""https://www.rolandgarros.com/en-us/matches?status=live"",""teams"":[{""players"":[{""playerId"":800661849,""nationality"":""GBR"",""givenName"":""Hollie"",""familyName"":""Smart"",""profileLink"":""/en/players/hollie-smart/800661849/gbr/jt/s/"",""hiddenPlayer"":false},null],""scores"":[{""score"":4,""losingScore"":null},{""score"":4,""losingScore"":null},null,null,null],""isWinner"":false,""seeding"":null,""tieNationCode"":null,""entryStatus"":""DA""},{""players"":[{""playerId"":800644753,""nationality"":""ARG"",""givenName"":""Luna Maria"",""familyName"":""Cinalli"",""profileLink"":""/en/players/luna-maria-cinalli/800644753/arg/jt/s/"",""hiddenPlayer"":false},null],""scores"":[{""score"":6,""losingScore"":null},{""score"":6,""losingScore"":null},null,null,null],""isWinner"":true,""seeding"":null,""tieNationCode"":null,""entryStatus"":""DA""}],""playStatusCode"":""PC"",""playStatusDesc"":""Played and completed"",""resultStatusDesc"":null,""resultStatusCode"":null,""MatchTypeCode"":null,""CircuitCode"":null}",2026-06-02T22:21:38.803Z
J-JGS-FRA-2026-001,Roland Garros Junior Championships,JGS,2026-05-31,2026-06-06,1100202636,1100689787,G,Girls,S,Singles,M,Main Draw,KO,Knock-out,,1st Round,1,1183558476,PC,Played and completed,,,800592997,Adelina Lacinova,LAT,,DA,800655335,Victoria Luiza Barros,BRA,3,DA,2,Victoria Luiza Barros,3-6 2-6,https://www.itftennis.com/en/head-to-head/?circuitCode=jt&player1Id=800592997&player2Id=800655335,https://www.rolandgarros.com/en-us/matches?status=live,"{""matchId"":1183558476,""h2hLink"":""/en/head-to-head/?circuitCode=jt&player1Id=800592997&player2Id=800655335"",""liveScoresLink"":""https://www.rolandgarros.com/en-us/matches?status=live"",""teams"":[{""players"":[{""playerId"":800592997,""nationality"":""LAT"",""givenName"":""Adelina"",""familyName"":""Lacinova"",""profileLink"":""/en/players/adelina-lacinova/800592997/lat/jt/s/"",""hiddenPlayer"":false},null],""scores"":[{""score"":3,""losingScore"":null},{""score"":2,""losingScore"":null},null,null,null],""isWinner"":false,""seeding"":null,""tieNationCode"":null,""entryStatus"":""DA""},{""players"":[{""playerId"":800655335,""nationality"":""BRA"",""givenName"":""Victoria Luiza"",""familyName"":""Barros"",""profileLink"":""/en/players/victoria-luiza-barros/800655335/bra/jt/s/"",""hiddenPlayer"":false},null],""scores"":[{""score"":6,""losingScore"":null},{""score"":6,""losingScore"":null},null,null,null],""isWinner"":true,""seeding"":3,""tieNationCode"":null,""entryStatus"":""DA""}],""playStatusCode"":""PC"",""playStatusDesc"":""Played and completed"",""resultStatusDesc"":null,""resultStatusCode"":null,""MatchTypeCode"":null,""CircuitCode"":null}",2026-06-02T22:21:38.803Z
J-JGS-FRA-2026-001,Roland Garros Junior Championships,JGS,2026-05-31,2026-06-06,1100202636,1100689787,G,Girls,S,Singles,M,Main Draw,KO,Knock-out,,1st Round,1,1183558477,PC,Played and completed,,,800598140,Anastasija Cvetkovic,SRB,6,DA,800635479,Alexandra Malova,RUS,,DA,1,Anastasija Cvetkovic,6-1 6-1,https://www.itftennis.com/en/head-to-head/?circuitCode=jt&player1Id=800598140&player2Id=800635479,https://www.rolandgarros.com/en-us/matches?status=live,"{""matchId"":1183558477,""h2hLink"":""/en/head-to-head/?circuitCode=jt&player1Id=800598140&player2Id=800635479"",""liveScoresLink"":""https://www.rolandgarros.com/en-us/matches?status=live"",""teams"":[{""players"":[{""playerId"":800598140,""nationality"":""SRB"",""givenName"":""Anastasija"",""familyName"":""Cvetkovic"",""profileLink"":""/en/players/anastasija-cvetkovic/800598140/srb/jt/s/"",""hiddenPlayer"":false},null],""scores"":[{""score"":6,""losingScore"":null},{""score"":6,""losingScore"":null},null,null,null],""isWinner"":true,""seeding"":6,""tieNationCode"":null,""entryStatus"":""DA""},{""players"":[{""playerId"":800635479,""nationality"":""RUS"",""givenName"":""Alexandra"",""familyName"":""Malova"",""profileLink"":""/en/players/alexandra-malova/800635479/rus/jt/s/"",""hiddenPlayer"":false},null],""scores"":[{""score"":1,""losingScore"":null},{""score"":1,""losingScore"":null},null,null,null],""isWinner"":false,""seeding"":null,""tieNationCode"":null,""entryStatus"":""DA""}],""playStatusCode"":""PC"",""playStatusDesc"":""Played and completed"",""resultStatusDesc"":null,""resultStatusCode"":null,""MatchTypeCode"":null,""CircuitCode"":null}",2026-06-02T22:21:38.803Z
J-JGS-FRA-2026-001,Roland Garros Junior Championships,JGS,2026-05-31,2026-06-06,1100202636,1100689787,G,Girls,S,Singles,M,Main Draw,KO,Knock-out,,1st Round,1,1183558478,PC,Played and completed,,,800626636,Nehira Sanon,FRA,,WC,800672579,Tereza Hermanova,CZE,,DA,1,Nehira Sanon,4-6 6-0 6-2,https://www.itftennis.com/en/head-to-head/?circuitCode=jt&player1Id=800626636&player2Id=800672579,https://www.rolandgarros.com/en-us/matches?status=live,"{""matchId"":1183558478,""h2hLink"":""/en/head-to-head/?circuitCode=jt&player1Id=800626636&player2Id=800672579"",""liveScoresLink"":""https://www.rolandgarros.com/en-us/matches?status=live"",""teams"":[{""players"":[{""playerId"":800626636,""nationality"":""FRA"",""givenName"":""Nehira"",""familyName"":""Sanon"",""profileLink"":""/en/players/nehira-sanon/800626636/fra/jt/s/"",""hiddenPlayer"":false},null],""scores"":[{""score"":4,""losingScore"":null},{""score"":6,""losingScore"":null},{""score"":6,""losingScore"":null},null,null],""isWinner"":true,""seeding"":null,""tieNationCode"":null,""entryStatus"":""WC""},{""players"":[{""playerId"":800672579,""nationality"":""CZE"",""givenName"":""Tereza"",""familyName"":""Hermanova"",""profileLink"":""/en/players/tereza-hermanova/800672579/cze/jt/s/"",""hiddenPlayer"":false},null],""scores"":[{""score"":6,""losingScore"":null},{""score"":0,""losingScore"":null},{""score"":2,""losingScore"":null},null,null],""isWinner"":false,""seeding"":null,""tieNationCode"":null,""entryStatus"":""DA""}],""playStatusCode"":""PC"",""playStatusDesc"":""Played and completed"",""resultStatusDesc"":null,""resultStatusCode"":null,""MatchTypeCode"":null,""CircuitCode"":null}",2026-06-02T22:21:38.803Z
J-JGS-FRA-2026-001,Roland Garros Junior Championships,JGS,2026-05-31,2026-06-06,1100202636,1100689787,G,Girls,S,Singles,M,Main Draw,KO,Knock-out,,1st Round,1,1183558479,PC,Played and completed,,,800705172,Sofiia Bielinska,UKR,,Q,800756804,Eduarda Gomes,BRA,,WC,1,Sofiia Bielinska,6-3 7-6(2),https://www.itftennis.com/en/head-to-head/?circuitCode=jt&player1Id=800705172&player2Id=800756804,https://www.rolandgarros.com/en-us/matches?status=live,"{""matchId"":1183558479,""h2hLink"":""/en/head-to-head/?circuitCode=jt&player1Id=800705172&player2Id=800756804"",""liveScoresLink"":""https://www.rolandgarros.com/en-us/matches?status=live"",""teams"":[{""players"":[{""playerId"":800705172,""nationality"":""UKR"",""givenName"":""Sofiia"",""familyName"":""Bielinska"",""profileLink"":""/en/players/sofiia-bielinska/800705172/ukr/jt/s/"",""hiddenPlayer"":false},null],""scores"":[{""score"":6,""losingScore"":null},{""score"":7,""losingScore"":null},null,null,null],""isWinner"":true,""seeding"":null,""tieNationCode"":null,""entryStatus"":""Q""},{""players"":[{""playerId"":800756804,""nationality"":""BRA"",""givenName"":""Eduarda"",""familyName"":""Gomes"",""profileLink"":""/en/players/eduarda-gomes/800756804/bra/jt/s/"",""hiddenPlayer"":false},null],""scores"":[{""score"":3,""losingScore"":null},{""score"":6,""losingScore"":2},null,null,null],""isWinner"":false,""seeding"":null,""tieNationCode"":null,""entryStatus"":""WC""}],""playStatusCode"":""PC"",""playStatusDesc"":""Played and completed"",""resultStatusDesc"":null,""resultStatusCode"":null,""MatchTypeCode"":null,""CircuitCode"":null}",2026-06-02T22:21:38.803Z
J-JGS-FRA-2026-001,Roland Garros Junior Championships,JGS,2026-05-31,2026-06-06,1100202636,1100689787,G,Girls,S,Singles,M,Main Draw,KO,Knock-out,,1st Round,1,1183558480,PC,Played and completed,,,800705703,Welles Newman,USA,,DA,800656554,Paola Pinera Celorio,ESP,11,DA,2,Paola Pinera Celorio,6-7(10) 2-6,https://www.itftennis.com/en/head-to-head/?circuitCode=jt&player1Id=800705703&player2Id=800656554,https://www.rolandgarros.com/en-us/matches?status=live,"{""matchId"":1183558480,""h2hLink"":""/en/head-to-head/?circuitCode=jt&player1Id=800705703&player2Id=800656554"",""liveScoresLink"":""https://www.rolandgarros.com/en-us/matches?status=live"",""teams"":[{""players"":[{""playerId"":800705703,""nationality"":""USA"",""givenName"":""Welles"",""familyName"":""Newman"",""profileLink"":""/en/players/welles-newman/800705703/usa/jt/s/"",""hiddenPlayer"":false},null],""scores"":[{""score"":6,""losingScore"":10},{""score"":2,""losingScore"":null},null,null,null],""isWinner"":false,""seeding"":null,""tieNationCode"":null,""entryStatus"":""DA""},{""players"":[{""playerId"":800656554,""nationality"":""ESP"",""givenName"":""Paola"",""familyName"":""Pinera Celorio"",""profileLink"":""/en/players/paola-pinera-celorio/800656554/esp/jt/s/"",""hiddenPlayer"":false},null],""scores"":[{""score"":7,""losingScore"":null},{""score"":6,""losingScore"":null},null,null,null],""isWinner"":true,""seeding"":11,""tieNationCode"":null,""entryStatus"":""DA""}],""playStatusCode"":""PC"",""playStatusDesc"":""Played and completed"",""resultStatusDesc"":null,""resultStatusCode"":null,""MatchTypeCode"":null,""CircuitCode"":null}",2026-06-02T22:21:38.803Z
J-JGS-FRA-2026-001,Roland Garros Junior Championships,JGS,2026-05-31,2026-06-06,1100202636,1100689787,G,Girls,S,Singles,M,Main Draw,KO,Knock-out,,1st Round,1,1183558481,PC,Played and completed,,,800636696,Anna Pushkareva,RUS,16,DA,800636563,Lea Nilsson,SWE,,DA,1,Anna Pushkareva,6-3 6-0,https://www.itftennis.com/en/head-to-head/?circuitCode=jt&player1Id=800636696&player2Id=800636563,https://www.rolandgarros.com/en-us/matches?status=live,"{""matchId"":1183558481,""h2hLink"":""/en/head-to-head/?circuitCode=jt&player1Id=800636696&player2Id=800636563"",""liveScoresLink"":""https://www.rolandgarros.com/en-us/matches?status=live"",""teams"":[{""players"":[{""playerId"":800636696,""nationality"":""RUS"",""givenName"":""Anna"",""familyName"":""Pushkareva"",""profileLink"":""/en/players/anna-pushkareva/800636696/rus/jt/s/"",""hiddenPlayer"":false},null],""scores"":[{""score"":6,""losingScore"":null},{""score"":6,""losingScore"":null},null,null,null],""isWinner"":true,""seeding"":16,""tieNationCode"":null,""entryStatus"":""DA""},{""players"":[{""playerId"":800636563,""nationality"":""SWE"",""givenName"":""Lea"",""familyName"":""Nilsson"",""profileLink"":""/en/players/lea-nilsson/800636563/swe/jt/s/"",""hiddenPlayer"":false},null],""scores"":[{""score"":3,""losingScore"":null},{""score"":0,""losingScore"":null},null,null,null],""isWinner"":false,""seeding"":null,""tieNationCode"":null,""entryStatus"":""DA""}],""playStatusCode"":""PC"",""playStatusDesc"":""Played and completed"",""resultStatusDesc"":null,""resultStatusCode"":null,""MatchTypeCode"":null,""CircuitCode"":null}",2026-06-02T22:21:38.803Z
J-JGS-FRA-2026-001,Roland Garros Junior Championships,JGS,2026-05-31,2026-06-06,1100202636,1100689787,G,Girls,S,Singles,M,Main Draw,KO,Knock-out,,1st Round,1,1183558482,PC,Played and completed,,,800636281,Maia Ilinca Burcescu,ROU,,DA,800702416,Thea Frodin,USA,,DA,1,Maia Ilinca Burcescu,6-1 6-3,https://www.itftennis.com/en/head-to-head/?circuitCode=jt&player1Id=800636281&player2Id=800702416,https://www.rolandgarros.com/en-us/matches?status=live,"{""matchId"":1183558482,""h2hLink"":""/en/head-to-head/?circuitCode=jt&player1Id=800636281&player2Id=800702416"",""liveScoresLink"":""https://www.rolandgarros.com/en-us/matches?status=live"",""teams"":[{""players"":[{""playerId"":800636281,""nationality"":""ROU"",""givenName"":""Maia Ilinca"",""familyName"":""Burcescu"",""profileLink"":""/en/players/maia-ilinca-burcescu/800636281/rou/jt/s/"",""hiddenPlayer"":false},null],""scores"":[{""score"":6,""losingScore"":null},{""score"":6,""losingScore"":null},null,null,null],""isWinner"":true,""seeding"":null,""tieNationCode"":null,""entryStatus"":""DA""},{""players"":[{""playerId"":800702416,""nationality"":""USA"",""givenName"":""Thea"",""familyName"":""Frodin"",""profileLink"":""/en/players/thea-frodin/800702416/usa/jt/s/"",""hiddenPlayer"":false},null],""scores"":[{""score"":1,""losingScore"":null},{""score"":3,""losingScore"":null},null,null,null],""isWinner"":false,""seeding"":null,""tieNationCode"":null,""entryStatus"":""DA""}],""playStatusCode"":""PC"",""playStatusDesc"":""Played and completed"",""resultStatusDesc"":null,""resultStatusCode"":null,""MatchTypeCode"":null,""CircuitCode"":null}",2026-06-02T22:21:38.803Z
J-JGS-FRA-2026-001,Roland Garros Junior Championships,JGS,2026-05-31,2026-06-06,1100202636,1100689787,G,Girls,S,Singles,M,Main Draw,KO,Knock-out,,1st Round,1,1183558483,PC,Played and completed,,,800647963,Ninon Carpentier,FRA,,WC,800708800,Yu-Chen Lin,TPE,,DA,2,Yu-Chen Lin,6-7(6) 3-6,https://www.itftennis.com/en/head-to-head/?circuitCode=jt&player1Id=800647963&player2Id=800708800,https://www.rolandgarros.com/en-us/matches?status=live,"{""matchId"":1183558483,""h2hLink"":""/en/head-to-head/?circuitCode=jt&player1Id=800647963&player2Id=800708800"",""liveScoresLink"":""https://www.rolandgarros.com/en-us/matches?status=live"",""teams"":[{""players"":[{""playerId"":800647963,""nationality"":""FRA"",""givenName"":""Ninon"",""familyName"":""Carpentier"",""profileLink"":""/en/players/ninon-carpentier/800647963/fra/jt/s/"",""hiddenPlayer"":false},null],""scores"":[{""score"":6,""losingScore"":6},{""score"":3,""losingScore"":null},null,null,null],""isWinner"":false,""seeding"":null,""tieNationCode"":null,""entryStatus"":""WC""},{""players"":[{""playerId"":800708800,""nationality"":""TPE"",""givenName"":""Yu-Chen"",""familyName"":""Lin"",""profileLink"":""/en/players/yu-chen-lin/800708800/tpe/jt/s/"",""hiddenPlayer"":false},null],""scores"":[{""score"":7,""losingScore"":null},{""score"":6,""losingScore"":null},null,null,null],""isWinner"":true,""seeding"":null,""tieNationCode"":null,""entryStatus"":""DA""}],""playStatusCode"":""PC"",""playStatusDesc"":""Played and completed"",""resultStatusDesc"":null,""resultStatusCode"":null,""MatchTypeCode"":null,""CircuitCode"":null}",2026-06-02T22:21:38.803Z
J-JGS-FRA-2026-001,Roland Garros Junior Championships,JGS,2026-05-31,2026-06-06,1100202636,1100689787,G,Girls,S,Singles,M,Main Draw,KO,Knock-out,,1st Round,1,1183558484,PC,Played and completed,,,800656226,Katerina Zajickova,CZE,,Q,800677732,Xinran Sun,CHN,2,DA,2,Xinran Sun,1-6 4-6,https://www.itftennis.com/en/head-to-head/?circuitCode=jt&player1Id=800656226&player2Id=800677732,https://www.rolandgarros.com/en-us/matches?status=live,"{""matchId"":1183558484,""h2hLink"":""/en/head-to-head/?circuitCode=jt&player1Id=800656226&player2Id=800677732"",""liveScoresLink"":""https://www.rolandgarros.com/en-us/matches?status=live"",""teams"":[{""players"":[{""playerId"":800656226,""nationality"":""CZE"",""givenName"":""Katerina"",""familyName"":""Zajickova"",""profileLink"":""/en/players/katerina-zajickova/800656226/cze/jt/s/"",""hiddenPlayer"":false},null],""scores"":[{""score"":1,""losingScore"":null},{""score"":4,""losingScore"":null},null,null,null],""isWinner"":false,""seeding"":null,""tieNationCode"":null,""entryStatus"":""Q""},{""players"":[{""playerId"":800677732,""nationality"":""CHN"",""givenName"":""Xinran"",""familyName"":""Sun"",""profileLink"":""/en/players/xinran-sun/800677732/chn/jt/s/"",""hiddenPlayer"":false},null],""scores"":[{""score"":6,""losingScore"":null},{""score"":6,""losingScore"":null},null,null,null],""isWinner"":true,""seeding"":2,""tieNationCode"":null,""entryStatus"":""DA""}],""playStatusCode"":""PC"",""playStatusDesc"":""Played and completed"",""resultStatusDesc"":null,""resultStatusCode"":null,""MatchTypeCode"":null,""CircuitCode"":null}",2026-06-02T22:21:38.803Z
J-JGS-FRA-2026-001,Roland Garros Junior Championships,JGS,2026-05-31,2026-06-06,1100202636,1100689787,G,Girls,S,Singles,M,Main Draw,KO,Knock-out,,2nd Round,2,1183558485,PC,Played and completed,,,800677532,Ekaterina Dotsenko,RUS,,Q,800640357,Giulia Safina Popa,ROU,,DA,1,Ekaterina Dotsenko,7-6(2) 6-3,https://www.itftennis.com/en/head-to-head/?circuitCode=jt&player1Id=800677532&player2Id=800640357,https://www.rolandgarros.com/en-us/matches?status=live,"{""matchId"":1183558485,""h2hLink"":""/en/head-to-head/?circuitCode=jt&player1Id=800677532&player2Id=800640357"",""liveScoresLink"":""https://www.rolandgarros.com/en-us/matches?status=live"",""teams"":[{""players"":[{""playerId"":800677532,""nationality"":""RUS"",""givenName"":""Ekaterina"",""familyName"":""Dotsenko"",""profileLink"":""/en/players/ekaterina-dotsenko/800677532/rus/jt/s/"",""hiddenPlayer"":false},null],""scores"":[{""score"":7,""losingScore"":null},{""score"":6,""losingScore"":null},null,null,null],""isWinner"":true,""seeding"":null,""tieNationCode"":null,""entryStatus"":""Q""},{""players"":[{""playerId"":800640357,""nationality"":""ROU"",""givenName"":""Giulia Safina"",""familyName"":""Popa"",""profileLink"":""/en/players/giulia-safina-popa/800640357/rou/jt/s/"",""hiddenPlayer"":false},null],""scores"":[{""score"":6,""losingScore"":2},{""score"":3,""losingScore"":null},null,null,null],""isWinner"":false,""seeding"":null,""tieNationCode"":null,""entryStatus"":""DA""}],""playStatusCode"":""PC"",""playStatusDesc"":""Played and completed"",""resultStatusDesc"":null,""resultStatusCode"":null,""MatchTypeCode"":null,""CircuitCode"":null}",2026-06-02T22:21:38.803Z
J-JGS-FRA-2026-001,Roland Garros Junior Championships,JGS,2026-05-31,2026-06-06,1100202636,1100689787,G,Girls,S,Singles,M,Main Draw,KO,Knock-out,,2nd Round,2,1183558486,PC,Played and completed,,,800651337,UI SU JEONG,KOR,,DA,800601474,Mariella Thamm,GER,13,DA,2,Mariella Thamm,0-6 5-7,https://www.itftennis.com/en/head-to-head/?circuitCode=jt&player1Id=800651337&player2Id=800601474,https://www.rolandgarros.com/en-us/matches?status=live,"{""matchId"":1183558486,""h2hLink"":""/en/head-to-head/?circuitCode=jt&player1Id=800651337&player2Id=800601474"",""liveScoresLink"":""https://www.rolandgarros.com/en-us/matches?status=live"",""teams"":[{""players"":[{""playerId"":800651337,""nationality"":""KOR"",""givenName"":""UI SU"",""familyName"":""JEONG"",""profileLink"":""/en/players/ui-su-jeong/800651337/kor/jt/s/"",""hiddenPlayer"":false},null],""scores"":[{""score"":0,""losingScore"":null},{""score"":5,""losingScore"":null},null,null,null],""isWinner"":false,""seeding"":null,""tieNationCode"":null,""entryStatus"":""DA""},{""players"":[{""playerId"":800601474,""nationality"":""GER"",""givenName"":""Mariella"",""familyName"":""Thamm"",""profileLink"":""/en/players/mariella-thamm/800601474/ger/jt/s/"",""hiddenPlayer"":false},null],""scores"":[{""score"":6,""losingScore"":null},{""score"":7,""losingScore"":null},null,null,null],""isWinner"":true,""seeding"":13,""tieNationCode"":null,""entryStatus"":""DA""}],""playStatusCode"":""PC"",""playStatusDesc"":""Played and completed"",""resultStatusDesc"":null,""resultStatusCode"":null,""MatchTypeCode"":null,""CircuitCode"":null}",2026-06-02T22:21:38.803Z
J-JGS-FRA-2026-001,Roland Garros Junior Championships,JGS,2026-05-31,2026-06-06,1100202636,1100689787,G,Girls,S,Singles,M,Main Draw,KO,Knock-out,,2nd Round,2,1183558487,PC,Played and completed,,,800593679,Alisa Oktiabreva,RUS,12,DA,800631529,Ruien Zhang,CHN,,DA,1,Alisa Oktiabreva,2-6 6-2 6-2,https://www.itftennis.com/en/head-to-head/?circuitCode=jt&player1Id=800593679&player2Id=800631529,https://www.rolandgarros.com/en-us/matches?status=live,"{""matchId"":1183558487,""h2hLink"":""/en/head-to-head/?circuitCode=jt&player1Id=800593679&player2Id=800631529"",""liveScoresLink"":""https://www.rolandgarros.com/en-us/matches?status=live"",""teams"":[{""players"":[{""playerId"":800593679,""nationality"":""RUS"",""givenName"":""Alisa"",""familyName"":""Oktiabreva"",""profileLink"":""/en/players/alisa-oktiabreva/800593679/rus/jt/s/"",""hiddenPlayer"":false},null],""scores"":[{""score"":2,""losingScore"":null},{""score"":6,""losingScore"":null},{""score"":6,""losingScore"":null},null,null],""isWinner"":true,""seeding"":12,""tieNationCode"":null,""entryStatus"":""DA""},{""players"":[{""playerId"":800631529,""nationality"":""CHN"",""givenName"":""Ruien"",""familyName"":""Zhang"",""profileLink"":""/en/players/ruien-zhang/800631529/chn/jt/s/"",""hiddenPlayer"":false},null],""scores"":[{""score"":6,""losingScore"":null},{""score"":2,""losingScore"":null},{""score"":2,""losingScore"":null},null,null],""isWinner"":false,""seeding"":null,""tieNationCode"":null,""entryStatus"":""DA""}],""playStatusCode"":""PC"",""playStatusDesc"":""Played and completed"",""resultStatusDesc"":null,""resultStatusCode"":null,""MatchTypeCode"":null,""CircuitCode"":null}",2026-06-02T22:21:38.803Z
J-JGS-FRA-2026-001,Roland Garros Junior Championships,JGS,2026-05-31,2026-06-06,1100202636,1100689787,G,Girls,S,Singles,M,Main Draw,KO,Knock-out,,2nd Round,2,1183558488,PC,Played and completed,,,800576556,Eleejah Inisan,FRA,,WC,800659876,Sol Ailin Larraya Guidi,ARG,7,DA,2,Sol Ailin Larraya Guidi,4-6 0-6,https://www.itftennis.com/en/head-to-head/?circuitCode=jt&player1Id=800576556&player2Id=800659876,https://www.rolandgarros.com/en-us/matches?status=live,"{""matchId"":1183558488,""h2hLink"":""/en/head-to-head/?circuitCode=jt&player1Id=800576556&player2Id=800659876"",""liveScoresLink"":""https://www.rolandgarros.com/en-us/matches?status=live"",""teams"":[{""players"":[{""playerId"":800576556,""nationality"":""FRA"",""givenName"":""Eleejah"",""familyName"":""Inisan"",""profileLink"":""/en/players/eleejah-inisan/800576556/fra/jt/s/"",""hiddenPlayer"":false},null],""scores"":[{""score"":4,""losingScore"":null},{""score"":0,""losingScore"":null},null,null,null],""isWinner"":false,""seeding"":null,""tieNationCode"":null,""entryStatus"":""WC""},{""players"":[{""playerId"":800659876,""nationality"":""ARG"",""givenName"":""Sol Ailin"",""familyName"":""Larraya Guidi"",""profileLink"":""/en/players/sol-ailin-larraya-guidi/800659876/arg/jt/s/"",""hiddenPlayer"":false},null],""scores"":[{""score"":6,""losingScore"":null},{""score"":6,""losingScore"":null},null,null,null],""isWinner"":true,""seeding"":7,""tieNationCode"":null,""entryStatus"":""DA""}],""playStatusCode"":""PC"",""playStatusDesc"":""Played and completed"",""resultStatusDesc"":null,""resultStatusCode"":null,""MatchTypeCode"":null,""CircuitCode"":null}",2026-06-02T22:21:38.803Z
J-JGS-FRA-2026-001,Roland Garros Junior Championships,JGS,2026-05-31,2026-06-06,1100202636,1100689787,G,Girls,S,Singles,M,Main Draw,KO,Knock-out,,2nd Round,2,1183558489,PC,Played and completed,,,800661515,Jana Kovackova,CZE,4,DA,800708129,Yui Komada,JPN,,JGSE,1,Jana Kovackova,6-1 6-4,https://www.itftennis.com/en/head-to-head/?circuitCode=jt&player1Id=800661515&player2Id=800708129,https://www.rolandgarros.com/en-us/matches?status=live,"{""matchId"":1183558489,""h2hLink"":""/en/head-to-head/?circuitCode=jt&player1Id=800661515&player2Id=800708129"",""liveScoresLink"":""https://www.rolandgarros.com/en-us/matches?status=live"",""teams"":[{""players"":[{""playerId"":800661515,""nationality"":""CZE"",""givenName"":""Jana"",""familyName"":""Kovackova"",""profileLink"":""/en/players/jana-kovackova/800661515/cze/jt/s/"",""hiddenPlayer"":false},null],""scores"":[{""score"":6,""losingScore"":null},{""score"":6,""losingScore"":null},null,null,null],""isWinner"":true,""seeding"":4,""tieNationCode"":null,""entryStatus"":""DA""},{""players"":[{""playerId"":800708129,""nationality"":""JPN"",""givenName"":""Yui"",""familyName"":""Komada"",""profileLink"":""/en/players/yui-komada/800708129/jpn/jt/s/"",""hiddenPlayer"":false},null],""scores"":[{""score"":1,""losingScore"":null},{""score"":4,""losingScore"":null},null,null,null],""isWinner"":false,""seeding"":null,""tieNationCode"":null,""entryStatus"":""JGSE""}],""playStatusCode"":""PC"",""playStatusDesc"":""Played and completed"",""resultStatusDesc"":null,""resultStatusCode"":null,""MatchTypeCode"":null,""CircuitCode"":null}",2026-06-02T22:21:38.803Z
J-JGS-FRA-2026-001,Roland Garros Junior Championships,JGS,2026-05-31,2026-06-06,1100202636,1100689787,G,Girls,S,Singles,M,Main Draw,KO,Knock-out,,2nd Round,2,1183558490,PC,Played and completed,,,800667265,Polina Skliar,UKR,,DA,800721825,Felitsata Dorofeeva-Rybas,RUS,14,DA,2,Felitsata Dorofeeva-Rybas,2-6 1-6,https://www.itftennis.com/en/head-to-head/?circuitCode=jt&player1Id=800667265&player2Id=800721825,https://www.rolandgarros.com/en-us/matches?status=live,"{""matchId"":1183558490,""h2hLink"":""/en/head-to-head/?circuitCode=jt&player1Id=800667265&player2Id=800721825"",""liveScoresLink"":""https://www.rolandgarros.com/en-us/matches?status=live"",""teams"":[{""players"":[{""playerId"":800667265,""nationality"":""UKR"",""givenName"":""Polina"",""familyName"":""Skliar"",""profileLink"":""/en/players/polina-skliar/800667265/ukr/jt/s/"",""hiddenPlayer"":false},null],""scores"":[{""score"":2,""losingScore"":null},{""score"":1,""losingScore"":null},null,null,null],""isWinner"":false,""seeding"":null,""tieNationCode"":null,""entryStatus"":""DA""},{""players"":[{""playerId"":800721825,""nationality"":""RUS"",""givenName"":""Felitsata"",""familyName"":""Dorofeeva-Rybas"",""profileLink"":""/en/players/felitsata-dorofeeva-rybas/800721825/rus/jt/s/"",""hiddenPlayer"":false},null],""scores"":[{""score"":6,""losingScore"":null},{""score"":6,""losingScore"":null},null,null,null],""isWinner"":true,""seeding"":14,""tieNationCode"":null,""entryStatus"":""DA""}],""playStatusCode"":""PC"",""playStatusDesc"":""Played and completed"",""resultStatusDesc"":null,""resultStatusCode"":null,""MatchTypeCode"":null,""CircuitCode"":null}",2026-06-02T22:21:38.803Z
J-JGS-FRA-2026-001,Roland Garros Junior Championships,JGS,2026-05-31,2026-06-06,1100202636,1100689787,G,Girls,S,Singles,M,Main Draw,KO,Knock-out,,2nd Round,2,1183558491,PC,Played and completed,,,800672253,Charo Esquiva Banuls,ESP,9,DA,800587892,Daphnee Mpetshi Perricard,FRA,,WC,1,Charo Esquiva Banuls,6-0 6-0,https://www.itftennis.com/en/head-to-head/?circuitCode=jt&player1Id=800672253&player2Id=800587892,https://www.rolandgarros.com/en-us/matches?status=live,"{""matchId"":1183558491,""h2hLink"":""/en/head-to-head/?circuitCode=jt&player1Id=800672253&player2Id=800587892"",""liveScoresLink"":""https://www.rolandgarros.com/en-us/matches?status=live"",""teams"":[{""players"":[{""playerId"":800672253,""nationality"":""ESP"",""givenName"":""Charo"",""familyName"":""Esquiva Banuls"",""profileLink"":""/en/players/charo-esquiva-banuls/800672253/esp/jt/s/"",""hiddenPlayer"":false},null],""scores"":[{""score"":6,""losingScore"":null},{""score"":6,""losingScore"":null},null,null,null],""isWinner"":true,""seeding"":9,""tieNationCode"":null,""entryStatus"":""DA""},{""players"":[{""playerId"":800587892,""nationality"":""FRA"",""givenName"":""Daphnee"",""familyName"":""Mpetshi Perricard"",""profileLink"":""/en/players/daphnee-mpetshi-perricard/800587892/fra/jt/s/"",""hiddenPlayer"":false},null],""scores"":[{""score"":0,""losingScore"":null},{""score"":0,""losingScore"":null},null,null,null],""isWinner"":false,""seeding"":null,""tieNationCode"":null,""entryStatus"":""WC""}],""playStatusCode"":""PC"",""playStatusDesc"":""Played and completed"",""resultStatusDesc"":null,""resultStatusCode"":null,""MatchTypeCode"":null,""CircuitCode"":null}",2026-06-02T22:21:38.803Z
J-JGS-FRA-2026-001,Roland Garros Junior Championships,JGS,2026-05-31,2026-06-06,1100202636,1100689787,G,Girls,S,Singles,M,Main Draw,KO,Knock-out,,2nd Round,2,1183558492,PC,Played and completed,,,800731351,Yushan Shao,CHN,,DA,800695060,Nauhany Vitoria Leme Da Silva,BRA,5,DA,2,Nauhany Vitoria Leme Da Silva,4-6 6-4 2-6,https://www.itftennis.com/en/head-to-head/?circuitCode=jt&player1Id=800731351&player2Id=800695060,https://www.rolandgarros.com/en-us/matches?status=live,"{""matchId"":1183558492,""h2hLink"":""/en/head-to-head/?circuitCode=jt&player1Id=800731351&player2Id=800695060"",""liveScoresLink"":""https://www.rolandgarros.com/en-us/matches?status=live"",""teams"":[{""players"":[{""playerId"":800731351,""nationality"":""CHN"",""givenName"":""Yushan"",""familyName"":""Shao"",""profileLink"":""/en/players/yushan-shao/800731351/chn/jt/s/"",""hiddenPlayer"":false},null],""scores"":[{""score"":4,""losingScore"":null},{""score"":6,""losingScore"":null},{""score"":2,""losingScore"":null},null,null],""isWinner"":false,""seeding"":null,""tieNationCode"":null,""entryStatus"":""DA""},{""players"":[{""playerId"":800695060,""nationality"":""BRA"",""givenName"":""Nauhany Vitoria"",""familyName"":""Leme Da Silva"",""profileLink"":""/en/players/nauhany-vitoria-leme-da-silva/800695060/bra/jt/s/"",""hiddenPlayer"":false},null],""scores"":[{""score"":6,""losingScore"":null},{""score"":4,""losingScore"":null},{""score"":6,""losingScore"":null},null,null],""isWinner"":true,""seeding"":5,""tieNationCode"":null,""entryStatus"":""DA""}],""playStatusCode"":""PC"",""playStatusDesc"":""Played and completed"",""resultStatusDesc"":null,""resultStatusCode"":null,""MatchTypeCode"":null,""CircuitCode"":null}",2026-06-02T22:21:38.803Z
J-JGS-FRA-2026-001,Roland Garros Junior Championships,JGS,2026-05-31,2026-06-06,1100202636,1100689787,G,Girls,S,Singles,M,Main Draw,KO,Knock-out,,2nd Round,2,1183558493,PC,Played and completed,,,800644962,Mariia Makarova,RUS,8,DA,800632131,Maaya Rajeshwaran Revathi,IND,,DA,1,Mariia Makarova,7-6(6) 6-4,https://www.itftennis.com/en/head-to-head/?circuitCode=jt&player1Id=800644962&player2Id=800632131,https://www.rolandgarros.com/en-us/matches?status=live,"{""matchId"":1183558493,""h2hLink"":""/en/head-to-head/?circuitCode=jt&player1Id=800644962&player2Id=800632131"",""liveScoresLink"":""https://www.rolandgarros.com/en-us/matches?status=live"",""teams"":[{""players"":[{""playerId"":800644962,""nationality"":""RUS"",""givenName"":""Mariia"",""familyName"":""Makarova"",""profileLink"":""/en/players/mariia-makarova/800644962/rus/jt/s/"",""hiddenPlayer"":false},null],""scores"":[{""score"":7,""losingScore"":null},{""score"":6,""losingScore"":null},null,null,null],""isWinner"":true,""seeding"":8,""tieNationCode"":null,""entryStatus"":""DA""},{""players"":[{""playerId"":800632131,""nationality"":""IND"",""givenName"":""Maaya"",""familyName"":""Rajeshwaran Revathi"",""profileLink"":""/en/players/maaya-rajeshwaran-revathi/800632131/ind/jt/s/"",""hiddenPlayer"":false},null],""scores"":[{""score"":6,""losingScore"":6},{""score"":4,""losingScore"":null},null,null,null],""isWinner"":false,""seeding"":null,""tieNationCode"":null,""entryStatus"":""DA""}],""playStatusCode"":""PC"",""playStatusDesc"":""Played and completed"",""resultStatusDesc"":null,""resultStatusCode"":null,""MatchTypeCode"":null,""CircuitCode"":null}",2026-06-02T22:21:38.803Z
J-JGS-FRA-2026-001,Roland Garros Junior Championships,JGS,2026-05-31,2026-06-06,1100202636,1100689787,G,Girls,S,Singles,M,Main Draw,KO,Knock-out,,2nd Round,2,1183558494,PC,Played and completed,,,800693920,Alyssa James,JAM,,DA,800586389,Ha Eum Lee,KOR,,DA,2,Ha Eum Lee,3-6 2-6,https://www.itftennis.com/en/head-to-head/?circuitCode=jt&player1Id=800693920&player2Id=800586389,https://www.rolandgarros.com/en-us/matches?status=live,"{""matchId"":1183558494,""h2hLink"":""/en/head-to-head/?circuitCode=jt&player1Id=800693920&player2Id=800586389"",""liveScoresLink"":""https://www.rolandgarros.com/en-us/matches?status=live"",""teams"":[{""players"":[{""playerId"":800693920,""nationality"":""JAM"",""givenName"":""Alyssa"",""familyName"":""James"",""profileLink"":""/en/players/alyssa-james/800693920/jam/jt/s/"",""hiddenPlayer"":false},null],""scores"":[{""score"":3,""losingScore"":null},{""score"":2,""losingScore"":null},null,null,null],""isWinner"":false,""seeding"":null,""tieNationCode"":null,""entryStatus"":""DA""},{""players"":[{""playerId"":800586389,""nationality"":""KOR"",""givenName"":""Ha Eum"",""familyName"":""Lee"",""profileLink"":""/en/players/ha-eum-lee/800586389/kor/jt/s/"",""hiddenPlayer"":false},null],""scores"":[{""score"":6,""losingScore"":null},{""score"":6,""losingScore"":null},null,null,null],""isWinner"":true,""seeding"":null,""tieNationCode"":null,""entryStatus"":""DA""}],""playStatusCode"":""PC"",""playStatusDesc"":""Played and completed"",""resultStatusDesc"":null,""resultStatusCode"":null,""MatchTypeCode"":null,""CircuitCode"":null}",2026-06-02T22:21:38.803Z
J-JGS-FRA-2026-001,Roland Garros Junior Championships,JGS,2026-05-31,2026-06-06,1100202636,1100689787,G,Girls,S,Singles,M,Main Draw,KO,Knock-out,,2nd Round,2,1183558495,PC,Played and completed,,,800758791,Janae Preston,USA,15,DA,800638346,Denisa Zoldakova,CZE,,DA,2,Denisa Zoldakova,6-4 6-7(5) 4-6,https://www.itftennis.com/en/head-to-head/?circuitCode=jt&player1Id=800758791&player2Id=800638346,https://www.rolandgarros.com/en-us/matches?status=live,"{""matchId"":1183558495,""h2hLink"":""/en/head-to-head/?circuitCode=jt&player1Id=800758791&player2Id=800638346"",""liveScoresLink"":""https://www.rolandgarros.com/en-us/matches?status=live"",""teams"":[{""players"":[{""playerId"":800758791,""nationality"":""USA"",""givenName"":""Janae"",""familyName"":""Preston"",""profileLink"":""/en/players/janae-preston/800758791/usa/jt/s/"",""hiddenPlayer"":false},null],""scores"":[{""score"":6,""losingScore"":null},{""score"":6,""losingScore"":5},{""score"":4,""losingScore"":null},null,null],""isWinner"":false,""seeding"":15,""tieNationCode"":null,""entryStatus"":""DA""},{""players"":[{""playerId"":800638346,""nationality"":""CZE"",""givenName"":""Denisa"",""familyName"":""Zoldakova"",""profileLink"":""/en/players/denisa-zoldakova/800638346/cze/jt/s/"",""hiddenPlayer"":false},null],""scores"":[{""score"":4,""losingScore"":null},{""score"":7,""losingScore"":null},{""score"":6,""losingScore"":null},null,null],""isWinner"":true,""seeding"":null,""tieNationCode"":null,""entryStatus"":""DA""}],""playStatusCode"":""PC"",""playStatusDesc"":""Played and completed"",""resultStatusDesc"":null,""resultStatusCode"":null,""MatchTypeCode"":null,""CircuitCode"":null}",2026-06-02T22:21:38.803Z
J-JGS-FRA-2026-001,Roland Garros Junior Championships,JGS,2026-05-31,2026-06-06,1100202636,1100689787,G,Girls,S,Singles,M,Main Draw,KO,Knock-out,,2nd Round,2,1183558496,PC,Played and completed,,,800644753,Luna Maria Cinalli,ARG,,DA,800655335,Victoria Luiza Barros,BRA,3,DA,2,Victoria Luiza Barros,1-6 3-6,https://www.itftennis.com/en/head-to-head/?circuitCode=jt&player1Id=800644753&player2Id=800655335,https://www.rolandgarros.com/en-us/matches?status=live,"{""matchId"":1183558496,""h2hLink"":""/en/head-to-head/?circuitCode=jt&player1Id=800644753&player2Id=800655335"",""liveScoresLink"":""https://www.rolandgarros.com/en-us/matches?status=live"",""teams"":[{""players"":[{""playerId"":800644753,""nationality"":""ARG"",""givenName"":""Luna Maria"",""familyName"":""Cinalli"",""profileLink"":""/en/players/luna-maria-cinalli/800644753/arg/jt/s/"",""hiddenPlayer"":false},null],""scores"":[{""score"":1,""losingScore"":null},{""score"":3,""losingScore"":null},null,null,null],""isWinner"":false,""seeding"":null,""tieNationCode"":null,""entryStatus"":""DA""},{""players"":[{""playerId"":800655335,""nationality"":""BRA"",""givenName"":""Victoria Luiza"",""familyName"":""Barros"",""profileLink"":""/en/players/victoria-luiza-barros/800655335/bra/jt/s/"",""hiddenPlayer"":false},null],""scores"":[{""score"":6,""losingScore"":null},{""score"":6,""losingScore"":null},null,null,null],""isWinner"":true,""seeding"":3,""tieNationCode"":null,""entryStatus"":""DA""}],""playStatusCode"":""PC"",""playStatusDesc"":""Played and completed"",""resultStatusDesc"":null,""resultStatusCode"":null,""MatchTypeCode"":null,""CircuitCode"":null}",2026-06-02T22:21:38.803Z
J-JGS-FRA-2026-001,Roland Garros Junior Championships,JGS,2026-05-31,2026-06-06,1100202636,1100689787,G,Girls,S,Singles,M,Main Draw,KO,Knock-out,,2nd Round,2,1183558497,PC,Played and completed,,,800598140,Anastasija Cvetkovic,SRB,6,DA,800626636,Nehira Sanon,FRA,,WC,1,Anastasija Cvetkovic,6-2 6-2,https://www.itftennis.com/en/head-to-head/?circuitCode=jt&player1Id=800598140&player2Id=800626636,https://www.rolandgarros.com/en-us/matches?status=live,"{""matchId"":1183558497,""h2hLink"":""/en/head-to-head/?circuitCode=jt&player1Id=800598140&player2Id=800626636"",""liveScoresLink"":""https://www.rolandgarros.com/en-us/matches?status=live"",""teams"":[{""players"":[{""playerId"":800598140,""nationality"":""SRB"",""givenName"":""Anastasija"",""familyName"":""Cvetkovic"",""profileLink"":""/en/players/anastasija-cvetkovic/800598140/srb/jt/s/"",""hiddenPlayer"":false},null],""scores"":[{""score"":6,""losingScore"":null},{""score"":6,""losingScore"":null},null,null,null],""isWinner"":true,""seeding"":6,""tieNationCode"":null,""entryStatus"":""DA""},{""players"":[{""playerId"":800626636,""nationality"":""FRA"",""givenName"":""Nehira"",""familyName"":""Sanon"",""profileLink"":""/en/players/nehira-sanon/800626636/fra/jt/s/"",""hiddenPlayer"":false},null],""scores"":[{""score"":2,""losingScore"":null},{""score"":2,""losingScore"":null},null,null,null],""isWinner"":false,""seeding"":null,""tieNationCode"":null,""entryStatus"":""WC""}],""playStatusCode"":""PC"",""playStatusDesc"":""Played and completed"",""resultStatusDesc"":null,""resultStatusCode"":null,""MatchTypeCode"":null,""CircuitCode"":null}",2026-06-02T22:21:38.803Z
J-JGS-FRA-2026-001,Roland Garros Junior Championships,JGS,2026-05-31,2026-06-06,1100202636,1100689787,G,Girls,S,Singles,M,Main Draw,KO,Knock-out,,2nd Round,2,1183558498,PC,Played and completed,,,800705172,Sofiia Bielinska,UKR,,Q,800656554,Paola Pinera Celorio,ESP,11,DA,2,Paola Pinera Celorio,4-6 6-1 0-6,https://www.itftennis.com/en/head-to-head/?circuitCode=jt&player1Id=800705172&player2Id=800656554,https://www.rolandgarros.com/en-us/matches?status=live,"{""matchId"":1183558498,""h2hLink"":""/en/head-to-head/?circuitCode=jt&player1Id=800705172&player2Id=800656554"",""liveScoresLink"":""https://www.rolandgarros.com/en-us/matches?status=live"",""teams"":[{""players"":[{""playerId"":800705172,""nationality"":""UKR"",""givenName"":""Sofiia"",""familyName"":""Bielinska"",""profileLink"":""/en/players/sofiia-bielinska/800705172/ukr/jt/s/"",""hiddenPlayer"":false},null],""scores"":[{""score"":4,""losingScore"":null},{""score"":6,""losingScore"":null},{""score"":0,""losingScore"":null},null,null],""isWinner"":false,""seeding"":null,""tieNationCode"":null,""entryStatus"":""Q""},{""players"":[{""playerId"":800656554,""nationality"":""ESP"",""givenName"":""Paola"",""familyName"":""Pinera Celorio"",""profileLink"":""/en/players/paola-pinera-celorio/800656554/esp/jt/s/"",""hiddenPlayer"":false},null],""scores"":[{""score"":6,""losingScore"":null},{""score"":1,""losingScore"":null},{""score"":6,""losingScore"":null},null,null],""isWinner"":true,""seeding"":11,""tieNationCode"":null,""entryStatus"":""DA""}],""playStatusCode"":""PC"",""playStatusDesc"":""Played and completed"",""resultStatusDesc"":null,""resultStatusCode"":null,""MatchTypeCode"":null,""CircuitCode"":null}",2026-06-02T22:21:38.803Z
J-JGS-FRA-2026-001,Roland Garros Junior Championships,JGS,2026-05-31,2026-06-06,1100202636,1100689787,G,Girls,S,Singles,M,Main Draw,KO,Knock-out,,2nd Round,2,1183558499,PC,Played and completed,,,800636696,Anna Pushkareva,RUS,16,DA,800636281,Maia Ilinca Burcescu,ROU,,DA,2,Maia Ilinca Burcescu,6-2 4-6 5-7,https://www.itftennis.com/en/head-to-head/?circuitCode=jt&player1Id=800636696&player2Id=800636281,https://www.rolandgarros.com/en-us/matches?status=live,"{""matchId"":1183558499,""h2hLink"":""/en/head-to-head/?circuitCode=jt&player1Id=800636696&player2Id=800636281"",""liveScoresLink"":""https://www.rolandgarros.com/en-us/matches?status=live"",""teams"":[{""players"":[{""playerId"":800636696,""nationality"":""RUS"",""givenName"":""Anna"",""familyName"":""Pushkareva"",""profileLink"":""/en/players/anna-pushkareva/800636696/rus/jt/s/"",""hiddenPlayer"":false},null],""scores"":[{""score"":6,""losingScore"":null},{""score"":4,""losingScore"":null},{""score"":5,""losingScore"":null},null,null],""isWinner"":false,""seeding"":16,""tieNationCode"":null,""entryStatus"":""DA""},{""players"":[{""playerId"":800636281,""nationality"":""ROU"",""givenName"":""Maia Ilinca"",""familyName"":""Burcescu"",""profileLink"":""/en/players/maia-ilinca-burcescu/800636281/rou/jt/s/"",""hiddenPlayer"":false},null],""scores"":[{""score"":2,""losingScore"":null},{""score"":6,""losingScore"":null},{""score"":7,""losingScore"":null},null,null],""isWinner"":true,""seeding"":null,""tieNationCode"":null,""entryStatus"":""DA""}],""playStatusCode"":""PC"",""playStatusDesc"":""Played and completed"",""resultStatusDesc"":null,""resultStatusCode"":null,""MatchTypeCode"":null,""CircuitCode"":null}",2026-06-02T22:21:38.803Z
J-JGS-FRA-2026-001,Roland Garros Junior Championships,JGS,2026-05-31,2026-06-06,1100202636,1100689787,G,Girls,S,Singles,M,Main Draw,KO,Knock-out,,2nd Round,2,1183558500,PC,Played and completed,,,800708800,Yu-Chen Lin,TPE,,DA,800677732,Xinran Sun,CHN,2,DA,2,Xinran Sun,2-6 3-6,https://www.itftennis.com/en/head-to-head/?circuitCode=jt&player1Id=800708800&player2Id=800677732,https://www.rolandgarros.com/en-us/matches?status=live,"{""matchId"":1183558500,""h2hLink"":""/en/head-to-head/?circuitCode=jt&player1Id=800708800&player2Id=800677732"",""liveScoresLink"":""https://www.rolandgarros.com/en-us/matches?status=live"",""teams"":[{""players"":[{""playerId"":800708800,""nationality"":""TPE"",""givenName"":""Yu-Chen"",""familyName"":""Lin"",""profileLink"":""/en/players/yu-chen-lin/800708800/tpe/jt/s/"",""hiddenPlayer"":false},null],""scores"":[{""score"":2,""losingScore"":null},{""score"":3,""losingScore"":null},null,null,null],""isWinner"":false,""seeding"":null,""tieNationCode"":null,""entryStatus"":""DA""},{""players"":[{""playerId"":800677732,""nationality"":""CHN"",""givenName"":""Xinran"",""familyName"":""Sun"",""profileLink"":""/en/players/xinran-sun/800677732/chn/jt/s/"",""hiddenPlayer"":false},null],""scores"":[{""score"":6,""losingScore"":null},{""score"":6,""losingScore"":null},null,null,null],""isWinner"":true,""seeding"":2,""tieNationCode"":null,""entryStatus"":""DA""}],""playStatusCode"":""PC"",""playStatusDesc"":""Played and completed"",""resultStatusDesc"":null,""resultStatusCode"":null,""MatchTypeCode"":null,""CircuitCode"":null}",2026-06-02T22:21:38.803Z
J-JGS-FRA-2026-001,Roland Garros Junior Championships,JGS,2026-05-31,2026-06-06,1100202636,1100689787,G,Girls,S,Singles,M,Main Draw,KO,Knock-out,,3rd Round,3,1183558501,TP,To be played,,,800677532,Ekaterina Dotsenko,RUS,,Q,800601474,Mariella Thamm,GER,13,DA,,,,https://www.itftennis.com/en/head-to-head/?circuitCode=jt&player1Id=800677532&player2Id=800601474,https://www.rolandgarros.com/en-us/matches?status=live,"{""matchId"":1183558501,""h2hLink"":""/en/head-to-head/?circuitCode=jt&player1Id=800677532&player2Id=800601474"",""liveScoresLink"":""https://www.rolandgarros.com/en-us/matches?status=live"",""teams"":[{""players"":[{""playerId"":800677532,""nationality"":""RUS"",""givenName"":""Ekaterina"",""familyName"":""Dotsenko"",""profileLink"":""/en/players/ekaterina-dotsenko/800677532/rus/jt/s/"",""hiddenPlayer"":false},null],""scores"":[null,null,null,null,null],""isWinner"":false,""seeding"":null,""tieNationCode"":null,""entryStatus"":""Q""},{""players"":[{""playerId"":800601474,""nationality"":""GER"",""givenName"":""Mariella"",""familyName"":""Thamm"",""profileLink"":""/en/players/mariella-thamm/800601474/ger/jt/s/"",""hiddenPlayer"":false},null],""scores"":[null,null,null,null,null],""isWinner"":false,""seeding"":13,""tieNationCode"":null,""entryStatus"":""DA""}],""playStatusCode"":""TP"",""playStatusDesc"":""To be played"",""resultStatusDesc"":null,""resultStatusCode"":null,""MatchTypeCode"":null,""CircuitCode"":null}",2026-06-02T22:21:38.803Z
J-JGS-FRA-2026-001,Roland Garros Junior Championships,JGS,2026-05-31,2026-06-06,1100202636,1100689787,G,Girls,S,Singles,M,Main Draw,KO,Knock-out,,3rd Round,3,1183558502,TP,To be played,,,800593679,Alisa Oktiabreva,RUS,12,DA,800659876,Sol Ailin Larraya Guidi,ARG,7,DA,,,,https://www.itftennis.com/en/head-to-head/?circuitCode=jt&player1Id=800593679&player2Id=800659876,https://www.rolandgarros.com/en-us/matches?status=live,"{""matchId"":1183558502,""h2hLink"":""/en/head-to-head/?circuitCode=jt&player1Id=800593679&player2Id=800659876"",""liveScoresLink"":""https://www.rolandgarros.com/en-us/matches?status=live"",""teams"":[{""players"":[{""playerId"":800593679,""nationality"":""RUS"",""givenName"":""Alisa"",""familyName"":""Oktiabreva"",""profileLink"":""/en/players/alisa-oktiabreva/800593679/rus/jt/s/"",""hiddenPlayer"":false},null],""scores"":[null,null,null,null,null],""isWinner"":false,""seeding"":12,""tieNationCode"":null,""entryStatus"":""DA""},{""players"":[{""playerId"":800659876,""nationality"":""ARG"",""givenName"":""Sol Ailin"",""familyName"":""Larraya Guidi"",""profileLink"":""/en/players/sol-ailin-larraya-guidi/800659876/arg/jt/s/"",""hiddenPlayer"":false},null],""scores"":[null,null,null,null,null],""isWinner"":false,""seeding"":7,""tieNationCode"":null,""entryStatus"":""DA""}],""playStatusCode"":""TP"",""playStatusDesc"":""To be played"",""resultStatusDesc"":null,""resultStatusCode"":null,""MatchTypeCode"":null,""CircuitCode"":null}",2026-06-02T22:21:38.803Z
J-JGS-FRA-2026-001,Roland Garros Junior Championships,JGS,2026-05-31,2026-06-06,1100202636,1100689787,G,Girls,S,Singles,M,Main Draw,KO,Knock-out,,3rd Round,3,1183558503,TP,To be played,,,800661515,Jana Kovackova,CZE,4,DA,800721825,Felitsata Dorofeeva-Rybas,RUS,14,DA,,,,https://www.itftennis.com/en/head-to-head/?circuitCode=jt&player1Id=800661515&player2Id=800721825,https://www.rolandgarros.com/en-us/matches?status=live,"{""matchId"":1183558503,""h2hLink"":""/en/head-to-head/?circuitCode=jt&player1Id=800661515&player2Id=800721825"",""liveScoresLink"":""https://www.rolandgarros.com/en-us/matches?status=live"",""teams"":[{""players"":[{""playerId"":800661515,""nationality"":""CZE"",""givenName"":""Jana"",""familyName"":""Kovackova"",""profileLink"":""/en/players/jana-kovackova/800661515/cze/jt/s/"",""hiddenPlayer"":false},null],""scores"":[null,null,null,null,null],""isWinner"":false,""seeding"":4,""tieNationCode"":null,""entryStatus"":""DA""},{""players"":[{""playerId"":800721825,""nationality"":""RUS"",""givenName"":""Felitsata"",""familyName"":""Dorofeeva-Rybas"",""profileLink"":""/en/players/felitsata-dorofeeva-rybas/800721825/rus/jt/s/"",""hiddenPlayer"":false},null],""scores"":[null,null,null,null,null],""isWinner"":false,""seeding"":14,""tieNationCode"":null,""entryStatus"":""DA""}],""playStatusCode"":""TP"",""playStatusDesc"":""To be played"",""resultStatusDesc"":null,""resultStatusCode"":null,""MatchTypeCode"":null,""CircuitCode"":null}",2026-06-02T22:21:38.803Z
J-JGS-FRA-2026-001,Roland Garros Junior Championships,JGS,2026-05-31,2026-06-06,1100202636,1100689787,G,Girls,S,Singles,M,Main Draw,KO,Knock-out,,3rd Round,3,1183558504,TP,To be played,,,800672253,Charo Esquiva Banuls,ESP,9,DA,800695060,Nauhany Vitoria Leme Da Silva,BRA,5,DA,,,,https://www.itftennis.com/en/head-to-head/?circuitCode=jt&player1Id=800672253&player2Id=800695060,https://www.rolandgarros.com/en-us/matches?status=live,"{""matchId"":1183558504,""h2hLink"":""/en/head-to-head/?circuitCode=jt&player1Id=800672253&player2Id=800695060"",""liveScoresLink"":""https://www.rolandgarros.com/en-us/matches?status=live"",""teams"":[{""players"":[{""playerId"":800672253,""nationality"":""ESP"",""givenName"":""Charo"",""familyName"":""Esquiva Banuls"",""profileLink"":""/en/players/charo-esquiva-banuls/800672253/esp/jt/s/"",""hiddenPlayer"":false},null],""scores"":[null,null,null,null,null],""isWinner"":false,""seeding"":9,""tieNationCode"":null,""entryStatus"":""DA""},{""players"":[{""playerId"":800695060,""nationality"":""BRA"",""givenName"":""Nauhany Vitoria"",""familyName"":""Leme Da Silva"",""profileLink"":""/en/players/nauhany-vitoria-leme-da-silva/800695060/bra/jt/s/"",""hiddenPlayer"":false},null],""scores"":[null,null,null,null,null],""isWinner"":false,""seeding"":5,""tieNationCode"":null,""entryStatus"":""DA""}],""playStatusCode"":""TP"",""playStatusDesc"":""To be played"",""resultStatusDesc"":null,""resultStatusCode"":null,""MatchTypeCode"":null,""CircuitCode"":null}",2026-06-02T22:21:38.803Z
J-JGS-FRA-2026-001,Roland Garros Junior Championships,JGS,2026-05-31,2026-06-06,1100202636,1100689787,G,Girls,S,Singles,M,Main Draw,KO,Knock-out,,3rd Round,3,1183558505,TP,To be played,,,800644962,Mariia Makarova,RUS,8,DA,800586389,Ha Eum Lee,KOR,,DA,,,,https://www.itftennis.com/en/head-to-head/?circuitCode=jt&player1Id=800644962&player2Id=800586389,https://www.rolandgarros.com/en-us/matches?status=live,"{""matchId"":1183558505,""h2hLink"":""/en/head-to-head/?circuitCode=jt&player1Id=800644962&player2Id=800586389"",""liveScoresLink"":""https://www.rolandgarros.com/en-us/matches?status=live"",""teams"":[{""players"":[{""playerId"":800644962,""nationality"":""RUS"",""givenName"":""Mariia"",""familyName"":""Makarova"",""profileLink"":""/en/players/mariia-makarova/800644962/rus/jt/s/"",""hiddenPlayer"":false},null],""scores"":[null,null,null,null,null],""isWinner"":false,""seeding"":8,""tieNationCode"":null,""entryStatus"":""DA""},{""players"":[{""playerId"":800586389,""nationality"":""KOR"",""givenName"":""Ha Eum"",""familyName"":""Lee"",""profileLink"":""/en/players/ha-eum-lee/800586389/kor/jt/s/"",""hiddenPlayer"":false},null],""scores"":[null,null,null,null,null],""isWinner"":false,""seeding"":null,""tieNationCode"":null,""entryStatus"":""DA""}],""playStatusCode"":""TP"",""playStatusDesc"":""To be played"",""resultStatusDesc"":null,""resultStatusCode"":null,""MatchTypeCode"":null,""CircuitCode"":null}",2026-06-02T22:21:38.803Z
J-JGS-FRA-2026-001,Roland Garros Junior Championships,JGS,2026-05-31,2026-06-06,1100202636,1100689787,G,Girls,S,Singles,M,Main Draw,KO,Knock-out,,3rd Round,3,1183558506,TP,To be played,,,800638346,Denisa Zoldakova,CZE,,DA,800655335,Victoria Luiza Barros,BRA,3,DA,,,,https://www.itftennis.com/en/head-to-head/?circuitCode=jt&player1Id=800638346&player2Id=800655335,https://www.rolandgarros.com/en-us/matches?status=live,"{""matchId"":1183558506,""h2hLink"":""/en/head-to-head/?circuitCode=jt&player1Id=800638346&player2Id=800655335"",""liveScoresLink"":""https://www.rolandgarros.com/en-us/matches?status=live"",""teams"":[{""players"":[{""playerId"":800638346,""nationality"":""CZE"",""givenName"":""Denisa"",""familyName"":""Zoldakova"",""profileLink"":""/en/players/denisa-zoldakova/800638346/cze/jt/s/"",""hiddenPlayer"":false},null],""scores"":[null,null,null,null,null],""isWinner"":false,""seeding"":null,""tieNationCode"":null,""entryStatus"":""DA""},{""players"":[{""playerId"":800655335,""nationality"":""BRA"",""givenName"":""Victoria Luiza"",""familyName"":""Barros"",""profileLink"":""/en/players/victoria-luiza-barros/800655335/bra/jt/s/"",""hiddenPlayer"":false},null],""scores"":[null,null,null,null,null],""isWinner"":false,""seeding"":3,""tieNationCode"":null,""entryStatus"":""DA""}],""playStatusCode"":""TP"",""playStatusDesc"":""To be played"",""resultStatusDesc"":null,""resultStatusCode"":null,""MatchTypeCode"":null,""CircuitCode"":null}",2026-06-02T22:21:38.803Z
J-JGS-FRA-2026-001,Roland Garros Junior Championships,JGS,2026-05-31,2026-06-06,1100202636,1100689787,G,Girls,S,Singles,M,Main Draw,KO,Knock-out,,3rd Round,3,1183558507,TP,To be played,,,800598140,Anastasija Cvetkovic,SRB,6,DA,800656554,Paola Pinera Celorio,ESP,11,DA,,,,https://www.itftennis.com/en/head-to-head/?circuitCode=jt&player1Id=800598140&player2Id=800656554,https://www.rolandgarros.com/en-us/matches?status=live,"{""matchId"":1183558507,""h2hLink"":""/en/head-to-head/?circuitCode=jt&player1Id=800598140&player2Id=800656554"",""liveScoresLink"":""https://www.rolandgarros.com/en-us/matches?status=live"",""teams"":[{""players"":[{""playerId"":800598140,""nationality"":""SRB"",""givenName"":""Anastasija"",""familyName"":""Cvetkovic"",""profileLink"":""/en/players/anastasija-cvetkovic/800598140/srb/jt/s/"",""hiddenPlayer"":false},null],""scores"":[null,null,null,null,null],""isWinner"":false,""seeding"":6,""tieNationCode"":null,""entryStatus"":""DA""},{""players"":[{""playerId"":800656554,""nationality"":""ESP"",""givenName"":""Paola"",""familyName"":""Pinera Celorio"",""profileLink"":""/en/players/paola-pinera-celorio/800656554/esp/jt/s/"",""hiddenPlayer"":false},null],""scores"":[null,null,null,null,null],""isWinner"":false,""seeding"":11,""tieNationCode"":null,""entryStatus"":""DA""}],""playStatusCode"":""TP"",""playStatusDesc"":""To be played"",""resultStatusDesc"":null,""resultStatusCode"":null,""MatchTypeCode"":null,""CircuitCode"":null}",2026-06-02T22:21:38.803Z
J-JGS-FRA-2026-001,Roland Garros Junior Championships,JGS,2026-05-31,2026-06-06,1100202636,1100689787,G,Girls,S,Singles,M,Main Draw,KO,Knock-out,,3rd Round,3,1183558508,TP,To be played,,,800636281,Maia Ilinca Burcescu,ROU,,DA,800677732,Xinran Sun,CHN,2,DA,,,,https://www.itftennis.com/en/head-to-head/?circuitCode=jt&player1Id=800636281&player2Id=800677732,https://www.rolandgarros.com/en-us/matches?status=live,"{""matchId"":1183558508,""h2hLink"":""/en/head-to-head/?circuitCode=jt&player1Id=800636281&player2Id=800677732"",""liveScoresLink"":""https://www.rolandgarros.com/en-us/matches?status=live"",""teams"":[{""players"":[{""playerId"":800636281,""nationality"":""ROU"",""givenName"":""Maia Ilinca"",""familyName"":""Burcescu"",""profileLink"":""/en/players/maia-ilinca-burcescu/800636281/rou/jt/s/"",""hiddenPlayer"":false},null],""scores"":[null,null,null,null,null],""isWinner"":false,""seeding"":null,""tieNationCode"":null,""entryStatus"":""DA""},{""players"":[{""playerId"":800677732,""nationality"":""CHN"",""givenName"":""Xinran"",""familyName"":""Sun"",""profileLink"":""/en/players/xinran-sun/800677732/chn/jt/s/"",""hiddenPlayer"":false},null],""scores"":[null,null,null,null,null],""isWinner"":false,""seeding"":2,""tieNationCode"":null,""entryStatus"":""DA""}],""playStatusCode"":""TP"",""playStatusDesc"":""To be played"",""resultStatusDesc"":null,""resultStatusCode"":null,""MatchTypeCode"":null,""CircuitCode"":null}",2026-06-02T22:21:38.803Z
J-JGS-FRA-2026-001,Roland Garros Junior Championships,JGS,2026-05-31,2026-06-06,1100202636,1100689787,G,Girls,S,Singles,M,Main Draw,KO,Knock-out,,Quarter-finals,4,1183558509,TP,To be played,,,,,,,,,,,,,,,,,https://www.rolandgarros.com/en-us/matches?status=live,"{""matchId"":1183558509,""h2hLink"":"""",""liveScoresLink"":""https://www.rolandgarros.com/en-us/matches?status=live"",""teams"":[{""players"":[null,null],""scores"":[null,null,null,null,null],""isWinner"":false,""seeding"":null,""tieNationCode"":null,""entryStatus"":null},{""players"":[null,null],""scores"":[null,null,null,null,null],""isWinner"":false,""seeding"":null,""tieNationCode"":null,""entryStatus"":null}],""playStatusCode"":""TP"",""playStatusDesc"":""To be played"",""resultStatusDesc"":null,""resultStatusCode"":null,""MatchTypeCode"":null,""CircuitCode"":null}",2026-06-02T22:21:38.803Z
J-JGS-FRA-2026-001,Roland Garros Junior Championships,JGS,2026-05-31,2026-06-06,1100202636,1100689787,G,Girls,S,Singles,M,Main Draw,KO,Knock-out,,Quarter-finals,4,1183558510,TP,To be played,,,,,,,,,,,,,,,,,https://www.rolandgarros.com/en-us/matches?status=live,"{""matchId"":1183558510,""h2hLink"":"""",""liveScoresLink"":""https://www.rolandgarros.com/en-us/matches?status=live"",""teams"":[{""players"":[null,null],""scores"":[null,null,null,null,null],""isWinner"":false,""seeding"":null,""tieNationCode"":null,""entryStatus"":null},{""players"":[null,null],""scores"":[null,null,null,null,null],""isWinner"":false,""seeding"":null,""tieNationCode"":null,""entryStatus"":null}],""playStatusCode"":""TP"",""playStatusDesc"":""To be played"",""resultStatusDesc"":null,""resultStatusCode"":null,""MatchTypeCode"":null,""CircuitCode"":null}",2026-06-02T22:21:38.803Z
J-JGS-FRA-2026-001,Roland Garros Junior Championships,JGS,2026-05-31,2026-06-06,1100202636,1100689787,G,Girls,S,Singles,M,Main Draw,KO,Knock-out,,Quarter-finals,4,1183558511,TP,To be played,,,,,,,,,,,,,,,,,https://www.rolandgarros.com/en-us/matches?status=live,"{""matchId"":1183558511,""h2hLink"":"""",""liveScoresLink"":""https://www.rolandgarros.com/en-us/matches?status=live"",""teams"":[{""players"":[null,null],""scores"":[null,null,null,null,null],""isWinner"":false,""seeding"":null,""tieNationCode"":null,""entryStatus"":null},{""players"":[null,null],""scores"":[null,null,null,null,null],""isWinner"":false,""seeding"":null,""tieNationCode"":null,""entryStatus"":null}],""playStatusCode"":""TP"",""playStatusDesc"":""To be played"",""resultStatusDesc"":null,""resultStatusCode"":null,""MatchTypeCode"":null,""CircuitCode"":null}",2026-06-02T22:21:38.803Z
J-JGS-FRA-2026-001,Roland Garros Junior Championships,JGS,2026-05-31,2026-06-06,1100202636,1100689787,G,Girls,S,Singles,M,Main Draw,KO,Knock-out,,Quarter-finals,4,1183558512,TP,To be played,,,,,,,,,,,,,,,,,https://www.rolandgarros.com/en-us/matches?status=live,"{""matchId"":1183558512,""h2hLink"":"""",""liveScoresLink"":""https://www.rolandgarros.com/en-us/matches?status=live"",""teams"":[{""players"":[null,null],""scores"":[null,null,null,null,null],""isWinner"":false,""seeding"":null,""tieNationCode"":null,""entryStatus"":null},{""players"":[null,null],""scores"":[null,null,null,null,null],""isWinner"":false,""seeding"":null,""tieNationCode"":null,""entryStatus"":null}],""playStatusCode"":""TP"",""playStatusDesc"":""To be played"",""resultStatusDesc"":null,""resultStatusCode"":null,""MatchTypeCode"":null,""CircuitCode"":null}",2026-06-02T22:21:38.803Z
J-JGS-FRA-2026-001,Roland Garros Junior Championships,JGS,2026-05-31,2026-06-06,1100202636,1100689787,G,Girls,S,Singles,M,Main Draw,KO,Knock-out,,Semi-finals,5,1183558513,TP,To be played,,,,,,,,,,,,,,,,,https://www.rolandgarros.com/en-us/matches?status=live,"{""matchId"":1183558513,""h2hLink"":"""",""liveScoresLink"":""https://www.rolandgarros.com/en-us/matches?status=live"",""teams"":[{""players"":[null,null],""scores"":[null,null,null,null,null],""isWinner"":false,""seeding"":null,""tieNationCode"":null,""entryStatus"":null},{""players"":[null,null],""scores"":[null,null,null,null,null],""isWinner"":false,""seeding"":null,""tieNationCode"":null,""entryStatus"":null}],""playStatusCode"":""TP"",""playStatusDesc"":""To be played"",""resultStatusDesc"":null,""resultStatusCode"":null,""MatchTypeCode"":null,""CircuitCode"":null}",2026-06-02T22:21:38.803Z
J-JGS-FRA-2026-001,Roland Garros Junior Championships,JGS,2026-05-31,2026-06-06,1100202636,1100689787,G,Girls,S,Singles,M,Main Draw,KO,Knock-out,,Semi-finals,5,1183558514,TP,To be played,,,,,,,,,,,,,,,,,https://www.rolandgarros.com/en-us/matches?status=live,"{""matchId"":1183558514,""h2hLink"":"""",""liveScoresLink"":""https://www.rolandgarros.com/en-us/matches?status=live"",""teams"":[{""players"":[null,null],""scores"":[null,null,null,null,null],""isWinner"":false,""seeding"":null,""tieNationCode"":null,""entryStatus"":null},{""players"":[null,null],""scores"":[null,null,null,null,null],""isWinner"":false,""seeding"":null,""tieNationCode"":null,""entryStatus"":null}],""playStatusCode"":""TP"",""playStatusDesc"":""To be played"",""resultStatusDesc"":null,""resultStatusCode"":null,""MatchTypeCode"":null,""CircuitCode"":null}",2026-06-02T22:21:38.803Z
J-JGS-FRA-2026-001,Roland Garros Junior Championships,JGS,2026-05-31,2026-06-06,1100202636,1100689787,G,Girls,S,Singles,M,Main Draw,KO,Knock-out,,Final,6,1183558515,TP,To be played,,,,,,,,,,,,,,,,,https://www.rolandgarros.com/en-us/matches?status=live,"{""matchId"":1183558515,""h2hLink"":"""",""liveScoresLink"":""https://www.rolandgarros.com/en-us/matches?status=live"",""teams"":[{""players"":[null,null],""scores"":[null,null,null,null,null],""isWinner"":false,""seeding"":null,""tieNationCode"":null,""entryStatus"":null},{""players"":[null,null],""scores"":[null,null,null,null,null],""isWinner"":false,""seeding"":null,""tieNationCode"":null,""entryStatus"":null}],""playStatusCode"":""TP"",""playStatusDesc"":""To be played"",""resultStatusDesc"":null,""resultStatusCode"":null,""MatchTypeCode"":null,""CircuitCode"":null}",2026-06-02T22:21:38.803Z
J-JGS-FRA-2026-001,Roland Garros Junior Championships,JGS,2026-05-31,2026-06-06,1100202636,1100689788,G,Girls,S,Singles,Q,Qualifying Draw,KO,Knock-out,,1st Round,1,1183558516,PC,Played and completed,,,800739107,Yu Jun Lin,CHN,1,DA,800676754,Alisa Terentyeva,RUS,,DA,1,Yu Jun Lin,6-2 6-4,https://www.itftennis.com/en/head-to-head/?circuitCode=jt&player1Id=800739107&player2Id=800676754,https://www.rolandgarros.com/en-us/matches?status=live,"{""matchId"":1183558516,""h2hLink"":""/en/head-to-head/?circuitCode=jt&player1Id=800739107&player2Id=800676754"",""liveScoresLink"":""https://www.rolandgarros.com/en-us/matches?status=live"",""teams"":[{""players"":[{""playerId"":800739107,""nationality"":""CHN"",""givenName"":""Yu Jun"",""familyName"":""Lin"",""profileLink"":""/en/players/yu-jun-lin/800739107/chn/jt/s/"",""hiddenPlayer"":false},null],""scores"":[{""score"":6,""losingScore"":null},{""score"":6,""losingScore"":null},null,null,null],""isWinner"":true,""seeding"":1,""tieNationCode"":null,""entryStatus"":""DA""},{""players"":[{""playerId"":800676754,""nationality"":""RUS"",""givenName"":""Alisa"",""familyName"":""Terentyeva"",""profileLink"":""/en/players/alisa-terentyeva/800676754/rus/jt/s/"",""hiddenPlayer"":false},null],""scores"":[{""score"":2,""losingScore"":null},{""score"":4,""losingScore"":null},null,null,null],""isWinner"":false,""seeding"":null,""tieNationCode"":null,""entryStatus"":""DA""}],""playStatusCode"":""PC"",""playStatusDesc"":""Played and completed"",""resultStatusDesc"":null,""resultStatusCode"":null,""MatchTypeCode"":null,""CircuitCode"":null}",2026-06-02T22:21:43.980Z
J-JGS-FRA-2026-001,Roland Garros Junior Championships,JGS,2026-05-31,2026-06-06,1100202636,1100689788,G,Girls,S,Singles,Q,Qualifying Draw,KO,Knock-out,,1st Round,1,1183558517,PC,Played and completed,,,800565961,Liv Boulard,FRA,,WC,800595363,Sofia Meabe,ARG,14,DA,1,Liv Boulard,6-4 7-6(5),https://www.itftennis.com/en/head-to-head/?circuitCode=jt&player1Id=800565961&player2Id=800595363,https://www.rolandgarros.com/en-us/matches?status=live,"{""matchId"":1183558517,""h2hLink"":""/en/head-to-head/?circuitCode=jt&player1Id=800565961&player2Id=800595363"",""liveScoresLink"":""https://www.rolandgarros.com/en-us/matches?status=live"",""teams"":[{""players"":[{""playerId"":800565961,""nationality"":""FRA"",""givenName"":""Liv"",""familyName"":""Boulard"",""profileLink"":""/en/players/liv-boulard/800565961/fra/jt/s/"",""hiddenPlayer"":false},null],""scores"":[{""score"":6,""losingScore"":null},{""score"":7,""losingScore"":null},null,null,null],""isWinner"":true,""seeding"":null,""tieNationCode"":null,""entryStatus"":""WC""},{""players"":[{""playerId"":800595363,""nationality"":""ARG"",""givenName"":""Sofia"",""familyName"":""Meabe"",""profileLink"":""/en/players/sofia-meabe/800595363/arg/jt/s/"",""hiddenPlayer"":false},null],""scores"":[{""score"":4,""losingScore"":null},{""score"":6,""losingScore"":5},null,null,null],""isWinner"":false,""seeding"":14,""tieNationCode"":null,""entryStatus"":""DA""}],""playStatusCode"":""PC"",""playStatusDesc"":""Played and completed"",""resultStatusDesc"":null,""resultStatusCode"":null,""MatchTypeCode"":null,""CircuitCode"":null}",2026-06-02T22:21:43.980Z
J-JGS-FRA-2026-001,Roland Garros Junior Championships,JGS,2026-05-31,2026-06-06,1100202636,1100689788,G,Girls,S,Singles,Q,Qualifying Draw,KO,Knock-out,,1st Round,1,1183558518,PC,Played and completed,,,800664506,Maria Valentina Pop,ROU,2,DA,800671760,Riyo Yoshida,JPN,,DA,1,Maria Valentina Pop,6-3 6-1,https://www.itftennis.com/en/head-to-head/?circuitCode=jt&player1Id=800664506&player2Id=800671760,https://www.rolandgarros.com/en-us/matches?status=live,"{""matchId"":1183558518,""h2hLink"":""/en/head-to-head/?circuitCode=jt&player1Id=800664506&player2Id=800671760"",""liveScoresLink"":""https://www.rolandgarros.com/en-us/matches?status=live"",""teams"":[{""players"":[{""playerId"":800664506,""nationality"":""ROU"",""givenName"":""Maria Valentina"",""familyName"":""Pop"",""profileLink"":""/en/players/maria-valentina-pop/800664506/rou/jt/s/"",""hiddenPlayer"":false},null],""scores"":[{""score"":6,""losingScore"":null},{""score"":6,""losingScore"":null},null,null,null],""isWinner"":true,""seeding"":2,""tieNationCode"":null,""entryStatus"":""DA""},{""players"":[{""playerId"":800671760,""nationality"":""JPN"",""givenName"":""Riyo"",""familyName"":""Yoshida"",""profileLink"":""/en/players/riyo-yoshida/800671760/jpn/jt/s/"",""hiddenPlayer"":false},null],""scores"":[{""score"":3,""losingScore"":null},{""score"":1,""losingScore"":null},null,null,null],""isWinner"":false,""seeding"":null,""tieNationCode"":null,""entryStatus"":""DA""}],""playStatusCode"":""PC"",""playStatusDesc"":""Played and completed"",""resultStatusDesc"":null,""resultStatusCode"":null,""MatchTypeCode"":null,""CircuitCode"":null}",2026-06-02T22:21:43.980Z
J-JGS-FRA-2026-001,Roland Garros Junior Championships,JGS,2026-05-31,2026-06-06,1100202636,1100689788,G,Girls,S,Singles,Q,Qualifying Draw,KO,Knock-out,,1st Round,1,1183558519,PC,Played and completed,,,800731574,Sarah Ye,USA,,DA,800661652,Alena Kharchenko,RUS,11,DA,1,Sarah Ye,7-5 6-4,https://www.itftennis.com/en/head-to-head/?circuitCode=jt&player1Id=800731574&player2Id=800661652,https://www.rolandgarros.com/en-us/matches?status=live,"{""matchId"":1183558519,""h2hLink"":""/en/head-to-head/?circuitCode=jt&player1Id=800731574&player2Id=800661652"",""liveScoresLink"":""https://www.rolandgarros.com/en-us/matches?status=live"",""teams"":[{""players"":[{""playerId"":800731574,""nationality"":""USA"",""givenName"":""Sarah"",""familyName"":""Ye"",""profileLink"":""/en/players/sarah-ye/800731574/usa/jt/s/"",""hiddenPlayer"":false},null],""scores"":[{""score"":7,""losingScore"":null},{""score"":6,""losingScore"":null},null,null,null],""isWinner"":true,""seeding"":null,""tieNationCode"":null,""entryStatus"":""DA""},{""players"":[{""playerId"":800661652,""nationality"":""RUS"",""givenName"":""Alena"",""familyName"":""Kharchenko"",""profileLink"":""/en/players/alena-kharchenko/800661652/rus/jt/s/"",""hiddenPlayer"":false},null],""scores"":[{""score"":5,""losingScore"":null},{""score"":4,""losingScore"":null},null,null,null],""isWinner"":false,""seeding"":11,""tieNationCode"":null,""entryStatus"":""DA""}],""playStatusCode"":""PC"",""playStatusDesc"":""Played and completed"",""resultStatusDesc"":null,""resultStatusCode"":null,""MatchTypeCode"":null,""CircuitCode"":null}",2026-06-02T22:21:43.980Z
J-JGS-FRA-2026-001,Roland Garros Junior Championships,JGS,2026-05-31,2026-06-06,1100202636,1100689788,G,Girls,S,Singles,Q,Qualifying Draw,KO,Knock-out,,1st Round,1,1183558520,PC,Played and completed,,,800624123,Polina Berezina,RUS,3,DA,800589634,Laura Valentine Pop,FRA,,WC,2,Laura Valentine Pop,4-6 4-6,https://www.itftennis.com/en/head-to-head/?circuitCode=jt&player1Id=800624123&player2Id=800589634,https://www.rolandgarros.com/en-us/matches?status=live,"{""matchId"":1183558520,""h2hLink"":""/en/head-to-head/?circuitCode=jt&player1Id=800624123&player2Id=800589634"",""liveScoresLink"":""https://www.rolandgarros.com/en-us/matches?status=live"",""teams"":[{""players"":[{""playerId"":800624123,""nationality"":""RUS"",""givenName"":""Polina"",""familyName"":""Berezina"",""profileLink"":""/en/players/polina-berezina/800624123/rus/jt/s/"",""hiddenPlayer"":false},null],""scores"":[{""score"":4,""losingScore"":null},{""score"":4,""losingScore"":null},null,null,null],""isWinner"":false,""seeding"":3,""tieNationCode"":null,""entryStatus"":""DA""},{""players"":[{""playerId"":800589634,""nationality"":""FRA"",""givenName"":""Laura Valentine"",""familyName"":""Pop"",""profileLink"":""/en/players/laura-valentine-pop/800589634/fra/jt/s/"",""hiddenPlayer"":false},null],""scores"":[{""score"":6,""losingScore"":null},{""score"":6,""losingScore"":null},null,null,null],""isWinner"":true,""seeding"":null,""tieNationCode"":null,""entryStatus"":""WC""}],""playStatusCode"":""PC"",""playStatusDesc"":""Played and completed"",""resultStatusDesc"":null,""resultStatusCode"":null,""MatchTypeCode"":null,""CircuitCode"":null}",2026-06-02T22:21:43.980Z
J-JGS-FRA-2026-001,Roland Garros Junior Championships,JGS,2026-05-31,2026-06-06,1100202636,1100689788,G,Girls,S,Singles,Q,Qualifying Draw,KO,Knock-out,,1st Round,1,1183558521,PC,Played and completed,,,800597508,Marija Lauva,LAT,,DA,800667963,Siyoen Sim,KOR,12,DA,1,Marija Lauva,6-0 6-1,https://www.itftennis.com/en/head-to-head/?circuitCode=jt&player1Id=800597508&player2Id=800667963,https://www.rolandgarros.com/en-us/matches?status=live,"{""matchId"":1183558521,""h2hLink"":""/en/head-to-head/?circuitCode=jt&player1Id=800597508&player2Id=800667963"",""liveScoresLink"":""https://www.rolandgarros.com/en-us/matches?status=live"",""teams"":[{""players"":[{""playerId"":800597508,""nationality"":""LAT"",""givenName"":""Marija"",""familyName"":""Lauva"",""profileLink"":""/en/players/marija-lauva/800597508/lat/jt/s/"",""hiddenPlayer"":false},null],""scores"":[{""score"":6,""losingScore"":null},{""score"":6,""losingScore"":null},null,null,null],""isWinner"":true,""seeding"":null,""tieNationCode"":null,""entryStatus"":""DA""},{""players"":[{""playerId"":800667963,""nationality"":""KOR"",""givenName"":""Siyoen"",""familyName"":""Sim"",""profileLink"":""/en/players/siyoen-sim/800667963/kor/jt/s/"",""hiddenPlayer"":false},null],""scores"":[{""score"":0,""losingScore"":null},{""score"":1,""losingScore"":null},null,null,null],""isWinner"":false,""seeding"":12,""tieNationCode"":null,""entryStatus"":""DA""}],""playStatusCode"":""PC"",""playStatusDesc"":""Played and completed"",""resultStatusDesc"":null,""resultStatusCode"":null,""MatchTypeCode"":null,""CircuitCode"":null}",2026-06-02T22:21:43.980Z
J-JGS-FRA-2026-001,Roland Garros Junior Championships,JGS,2026-05-31,2026-06-06,1100202636,1100689788,G,Girls,S,Singles,Q,Qualifying Draw,KO,Knock-out,,1st Round,1,1183558522,PC,Played and completed,,,800598679,Emily Victoria Eigelsbach,GER,4,DA,800737952,Margaret Sohns,USA,,DA,1,Emily Victoria Eigelsbach,6-3 6-3,https://www.itftennis.com/en/head-to-head/?circuitCode=jt&player1Id=800598679&player2Id=800737952,https://www.rolandgarros.com/en-us/matches?status=live,"{""matchId"":1183558522,""h2hLink"":""/en/head-to-head/?circuitCode=jt&player1Id=800598679&player2Id=800737952"",""liveScoresLink"":""https://www.rolandgarros.com/en-us/matches?status=live"",""teams"":[{""players"":[{""playerId"":800598679,""nationality"":""GER"",""givenName"":""Emily Victoria"",""familyName"":""Eigelsbach"",""profileLink"":""/en/players/emily-victoria-eigelsbach/800598679/ger/jt/s/"",""hiddenPlayer"":false},null],""scores"":[{""score"":6,""losingScore"":null},{""score"":6,""losingScore"":null},null,null,null],""isWinner"":true,""seeding"":4,""tieNationCode"":null,""entryStatus"":""DA""},{""players"":[{""playerId"":800737952,""nationality"":""USA"",""givenName"":""Margaret"",""familyName"":""Sohns"",""profileLink"":""/en/players/margaret-sohns/800737952/usa/jt/s/"",""hiddenPlayer"":false},null],""scores"":[{""score"":3,""losingScore"":null},{""score"":3,""losingScore"":null},null,null,null],""isWinner"":false,""seeding"":null,""tieNationCode"":null,""entryStatus"":""DA""}],""playStatusCode"":""PC"",""playStatusDesc"":""Played and completed"",""resultStatusDesc"":null,""resultStatusCode"":null,""MatchTypeCode"":null,""CircuitCode"":null}",2026-06-02T22:21:43.980Z
J-JGS-FRA-2026-001,Roland Garros Junior Championships,JGS,2026-05-31,2026-06-06,1100202636,1100689788,G,Girls,S,Singles,Q,Qualifying Draw,KO,Knock-out,,1st Round,1,1183558523,PC,Played and completed,,,800692017,Anna Brunet-Brady,FRA,,WC,800656226,Katerina Zajickova,CZE,10,DA,2,Katerina Zajickova,7-5 6-7(3) 3-6,https://www.itftennis.com/en/head-to-head/?circuitCode=jt&player1Id=800692017&player2Id=800656226,https://www.rolandgarros.com/en-us/matches?status=live,"{""matchId"":1183558523,""h2hLink"":""/en/head-to-head/?circuitCode=jt&player1Id=800692017&player2Id=800656226"",""liveScoresLink"":""https://www.rolandgarros.com/en-us/matches?status=live"",""teams"":[{""players"":[{""playerId"":800692017,""nationality"":""FRA"",""givenName"":""Anna"",""familyName"":""Brunet-Brady"",""profileLink"":""/en/players/anna-brunet-brady/800692017/fra/jt/s/"",""hiddenPlayer"":false},null],""scores"":[{""score"":7,""losingScore"":null},{""score"":6,""losingScore"":3},{""score"":3,""losingScore"":null},null,null],""isWinner"":false,""seeding"":null,""tieNationCode"":null,""entryStatus"":""WC""},{""players"":[{""playerId"":800656226,""nationality"":""CZE"",""givenName"":""Katerina"",""familyName"":""Zajickova"",""profileLink"":""/en/players/katerina-zajickova/800656226/cze/jt/s/"",""hiddenPlayer"":false},null],""scores"":[{""score"":5,""losingScore"":null},{""score"":7,""losingScore"":null},{""score"":6,""losingScore"":null},null,null],""isWinner"":true,""seeding"":10,""tieNationCode"":null,""entryStatus"":""DA""}],""playStatusCode"":""PC"",""playStatusDesc"":""Played and completed"",""resultStatusDesc"":null,""resultStatusCode"":null,""MatchTypeCode"":null,""CircuitCode"":null}",2026-06-02T22:21:43.980Z
J-JGS-FRA-2026-001,Roland Garros Junior Championships,JGS,2026-05-31,2026-06-06,1100202636,1100689788,G,Girls,S,Singles,Q,Qualifying Draw,KO,Knock-out,,1st Round,1,1183558524,PC,Played and completed,,,800705172,Sofiia Bielinska,UKR,5,DA,800694788,Jahnie Van Zyl,RSA,,DA,1,Sofiia Bielinska,6-4 6-2,https://www.itftennis.com/en/head-to-head/?circuitCode=jt&player1Id=800705172&player2Id=800694788,https://www.rolandgarros.com/en-us/matches?status=live,"{""matchId"":1183558524,""h2hLink"":""/en/head-to-head/?circuitCode=jt&player1Id=800705172&player2Id=800694788"",""liveScoresLink"":""https://www.rolandgarros.com/en-us/matches?status=live"",""teams"":[{""players"":[{""playerId"":800705172,""nationality"":""UKR"",""givenName"":""Sofiia"",""familyName"":""Bielinska"",""profileLink"":""/en/players/sofiia-bielinska/800705172/ukr/jt/s/"",""hiddenPlayer"":false},null],""scores"":[{""score"":6,""losingScore"":null},{""score"":6,""losingScore"":null},null,null,null],""isWinner"":true,""seeding"":5,""tieNationCode"":null,""entryStatus"":""DA""},{""players"":[{""playerId"":800694788,""nationality"":""RSA"",""givenName"":""Jahnie"",""familyName"":""Van Zyl"",""profileLink"":""/en/players/jahnie-van-zyl/800694788/rsa/jt/s/"",""hiddenPlayer"":false},null],""scores"":[{""score"":4,""losingScore"":null},{""score"":2,""losingScore"":null},null,null,null],""isWinner"":false,""seeding"":null,""tieNationCode"":null,""entryStatus"":""DA""}],""playStatusCode"":""PC"",""playStatusDesc"":""Played and completed"",""resultStatusDesc"":null,""resultStatusCode"":null,""MatchTypeCode"":null,""CircuitCode"":null}",2026-06-02T22:21:43.980Z
J-JGS-FRA-2026-001,Roland Garros Junior Championships,JGS,2026-05-31,2026-06-06,1100202636,1100689788,G,Girls,S,Singles,Q,Qualifying Draw,KO,Knock-out,,1st Round,1,1183558525,PC,Played and completed,,,800663476,Mila Bastianelli,FRA,,WC,800696508,Olivia Traynor,USA,9,DA,2,Olivia Traynor,6-3 3-6 3-6,https://www.itftennis.com/en/head-to-head/?circuitCode=jt&player1Id=800663476&player2Id=800696508,https://www.rolandgarros.com/en-us/matches?status=live,"{""matchId"":1183558525,""h2hLink"":""/en/head-to-head/?circuitCode=jt&player1Id=800663476&player2Id=800696508"",""liveScoresLink"":""https://www.rolandgarros.com/en-us/matches?status=live"",""teams"":[{""players"":[{""playerId"":800663476,""nationality"":""FRA"",""givenName"":""Mila"",""familyName"":""Bastianelli"",""profileLink"":""/en/players/mila-bastianelli/800663476/fra/jt/s/"",""hiddenPlayer"":false},null],""scores"":[{""score"":6,""losingScore"":null},{""score"":3,""losingScore"":null},{""score"":3,""losingScore"":null},null,null],""isWinner"":false,""seeding"":null,""tieNationCode"":null,""entryStatus"":""WC""},{""players"":[{""playerId"":800696508,""nationality"":""USA"",""givenName"":""Olivia"",""familyName"":""Traynor"",""profileLink"":""/en/players/olivia-traynor/800696508/usa/jt/s/"",""hiddenPlayer"":false},null],""scores"":[{""score"":3,""losingScore"":null},{""score"":6,""losingScore"":null},{""score"":6,""losingScore"":null},null,null],""isWinner"":true,""seeding"":9,""tieNationCode"":null,""entryStatus"":""DA""}],""playStatusCode"":""PC"",""playStatusDesc"":""Played and completed"",""resultStatusDesc"":null,""resultStatusCode"":null,""MatchTypeCode"":null,""CircuitCode"":null}",2026-06-02T22:21:43.980Z
J-JGS-FRA-2026-001,Roland Garros Junior Championships,JGS,2026-05-31,2026-06-06,1100202636,1100689788,G,Girls,S,Singles,Q,Qualifying Draw,KO,Knock-out,,1st Round,1,1183558526,PC,Played and completed,,,800640047,Veronika Sekerkova,CZE,6,DA,800732202,Carrie-Anne Hoo,USA,,DA,2,Carrie-Anne Hoo,5-7 6-4 5-7,https://www.itftennis.com/en/head-to-head/?circuitCode=jt&player1Id=800640047&player2Id=800732202,https://www.rolandgarros.com/en-us/matches?status=live,"{""matchId"":1183558526,""h2hLink"":""/en/head-to-head/?circuitCode=jt&player1Id=800640047&player2Id=800732202"",""liveScoresLink"":""https://www.rolandgarros.com/en-us/matches?status=live"",""teams"":[{""players"":[{""playerId"":800640047,""nationality"":""CZE"",""givenName"":""Veronika"",""familyName"":""Sekerkova"",""profileLink"":""/en/players/veronika-sekerkova/800640047/cze/jt/s/"",""hiddenPlayer"":false},null],""scores"":[{""score"":5,""losingScore"":null},{""score"":6,""losingScore"":null},{""score"":5,""losingScore"":null},null,null],""isWinner"":false,""seeding"":6,""tieNationCode"":null,""entryStatus"":""DA""},{""players"":[{""playerId"":800732202,""nationality"":""USA"",""givenName"":""Carrie-Anne"",""familyName"":""Hoo"",""profileLink"":""/en/players/carrie-anne-hoo/800732202/usa/jt/s/"",""hiddenPlayer"":false},null],""scores"":[{""score"":7,""losingScore"":null},{""score"":4,""losingScore"":null},{""score"":7,""losingScore"":null},null,null],""isWinner"":true,""seeding"":null,""tieNationCode"":null,""entryStatus"":""DA""}],""playStatusCode"":""PC"",""playStatusDesc"":""Played and completed"",""resultStatusDesc"":null,""resultStatusCode"":null,""MatchTypeCode"":null,""CircuitCode"":null}",2026-06-02T22:21:43.980Z
J-JGS-FRA-2026-001,Roland Garros Junior Championships,JGS,2026-05-31,2026-06-06,1100202636,1100689788,G,Girls,S,Singles,Q,Qualifying Draw,KO,Knock-out,,1st Round,1,1183558527,PC,Played and completed,,,800708722,Emma Fulvia Wiesenfeld,FRA,,WC,800636609,Fleur De Bresser,NED,16,DA,2,Fleur De Bresser,2-6 3-6,https://www.itftennis.com/en/head-to-head/?circuitCode=jt&player1Id=800708722&player2Id=800636609,https://www.rolandgarros.com/en-us/matches?status=live,"{""matchId"":1183558527,""h2hLink"":""/en/head-to-head/?circuitCode=jt&player1Id=800708722&player2Id=800636609"",""liveScoresLink"":""https://www.rolandgarros.com/en-us/matches?status=live"",""teams"":[{""players"":[{""playerId"":800708722,""nationality"":""FRA"",""givenName"":""Emma Fulvia"",""familyName"":""Wiesenfeld"",""profileLink"":""/en/players/emma-fulvia-wiesenfeld/800708722/fra/jt/s/"",""hiddenPlayer"":false},null],""scores"":[{""score"":2,""losingScore"":null},{""score"":3,""losingScore"":null},null,null,null],""isWinner"":false,""seeding"":null,""tieNationCode"":null,""entryStatus"":""WC""},{""players"":[{""playerId"":800636609,""nationality"":""NED"",""givenName"":""Fleur"",""familyName"":""De Bresser"",""profileLink"":""/en/players/fleur-de-bresser/800636609/ned/jt/s/"",""hiddenPlayer"":false},null],""scores"":[{""score"":6,""losingScore"":null},{""score"":6,""losingScore"":null},null,null,null],""isWinner"":true,""seeding"":16,""tieNationCode"":null,""entryStatus"":""DA""}],""playStatusCode"":""PC"",""playStatusDesc"":""Played and completed"",""resultStatusDesc"":null,""resultStatusCode"":null,""MatchTypeCode"":null,""CircuitCode"":null}",2026-06-02T22:21:43.980Z
J-JGS-FRA-2026-001,Roland Garros Junior Championships,JGS,2026-05-31,2026-06-06,1100202636,1100689788,G,Girls,S,Singles,Q,Qualifying Draw,KO,Knock-out,,1st Round,1,1183558528,PC,Played and completed,,,800629808,Iva Marinkovic,SWE,7,DA,800629891,HAJAR CRINEBOUCH,FRA,,WC,2,HAJAR CRINEBOUCH,6-1 3-6 4-6,https://www.itftennis.com/en/head-to-head/?circuitCode=jt&player1Id=800629808&player2Id=800629891,https://www.rolandgarros.com/en-us/matches?status=live,"{""matchId"":1183558528,""h2hLink"":""/en/head-to-head/?circuitCode=jt&player1Id=800629808&player2Id=800629891"",""liveScoresLink"":""https://www.rolandgarros.com/en-us/matches?status=live"",""teams"":[{""players"":[{""playerId"":800629808,""nationality"":""SWE"",""givenName"":""Iva"",""familyName"":""Marinkovic"",""profileLink"":""/en/players/iva-marinkovic/800629808/swe/jt/s/"",""hiddenPlayer"":false},null],""scores"":[{""score"":6,""losingScore"":null},{""score"":3,""losingScore"":null},{""score"":4,""losingScore"":null},null,null],""isWinner"":false,""seeding"":7,""tieNationCode"":null,""entryStatus"":""DA""},{""players"":[{""playerId"":800629891,""nationality"":""FRA"",""givenName"":""HAJAR"",""familyName"":""CRINEBOUCH"",""profileLink"":""/en/players/hajar-crinebouch/800629891/fra/jt/s/"",""hiddenPlayer"":false},null],""scores"":[{""score"":1,""losingScore"":null},{""score"":6,""losingScore"":null},{""score"":6,""losingScore"":null},null,null],""isWinner"":true,""seeding"":null,""tieNationCode"":null,""entryStatus"":""WC""}],""playStatusCode"":""PC"",""playStatusDesc"":""Played and completed"",""resultStatusDesc"":null,""resultStatusCode"":null,""MatchTypeCode"":null,""CircuitCode"":null}",2026-06-02T22:21:43.980Z
J-JGS-FRA-2026-001,Roland Garros Junior Championships,JGS,2026-05-31,2026-06-06,1100202636,1100689788,G,Girls,S,Singles,Q,Qualifying Draw,KO,Knock-out,,1st Round,1,1183558529,PC,Played and completed,,,800587881,Ilary Pistola,ITA,,DA,800701856,Nancy Lee,USA,15,DA,1,Ilary Pistola,3-6 7-6(4) 6-3,https://www.itftennis.com/en/head-to-head/?circuitCode=jt&player1Id=800587881&player2Id=800701856,https://www.rolandgarros.com/en-us/matches?status=live,"{""matchId"":1183558529,""h2hLink"":""/en/head-to-head/?circuitCode=jt&player1Id=800587881&player2Id=800701856"",""liveScoresLink"":""https://www.rolandgarros.com/en-us/matches?status=live"",""teams"":[{""players"":[{""playerId"":800587881,""nationality"":""ITA"",""givenName"":""Ilary"",""familyName"":""Pistola"",""profileLink"":""/en/players/ilary-pistola/800587881/ita/jt/s/"",""hiddenPlayer"":false},null],""scores"":[{""score"":3,""losingScore"":null},{""score"":7,""losingScore"":null},{""score"":6,""losingScore"":null},null,null],""isWinner"":true,""seeding"":null,""tieNationCode"":null,""entryStatus"":""DA""},{""players"":[{""playerId"":800701856,""nationality"":""USA"",""givenName"":""Nancy"",""familyName"":""Lee"",""profileLink"":""/en/players/nancy-lee/800701856/usa/jt/s/"",""hiddenPlayer"":false},null],""scores"":[{""score"":6,""losingScore"":null},{""score"":6,""losingScore"":4},{""score"":3,""losingScore"":null},null,null],""isWinner"":false,""seeding"":15,""tieNationCode"":null,""entryStatus"":""DA""}],""playStatusCode"":""PC"",""playStatusDesc"":""Played and completed"",""resultStatusDesc"":null,""resultStatusCode"":null,""MatchTypeCode"":null,""CircuitCode"":null}",2026-06-02T22:21:43.980Z
J-JGS-FRA-2026-001,Roland Garros Junior Championships,JGS,2026-05-31,2026-06-06,1100202636,1100689788,G,Girls,S,Singles,Q,Qualifying Draw,KO,Knock-out,,1st Round,1,1183558530,PC,Played and completed,,,800730824,Zhang-Qian Wei,CHN,8,DA,800677532,Ekaterina Dotsenko,RUS,,DA,2,Ekaterina Dotsenko,5-7 2-6,https://www.itftennis.com/en/head-to-head/?circuitCode=jt&player1Id=800730824&player2Id=800677532,https://www.rolandgarros.com/en-us/matches?status=live,"{""matchId"":1183558530,""h2hLink"":""/en/head-to-head/?circuitCode=jt&player1Id=800730824&player2Id=800677532"",""liveScoresLink"":""https://www.rolandgarros.com/en-us/matches?status=live"",""teams"":[{""players"":[{""playerId"":800730824,""nationality"":""CHN"",""givenName"":""Zhang-Qian"",""familyName"":""Wei"",""profileLink"":""/en/players/zhang-qian-wei/800730824/chn/jt/s/"",""hiddenPlayer"":false},null],""scores"":[{""score"":5,""losingScore"":null},{""score"":2,""losingScore"":null},null,null,null],""isWinner"":false,""seeding"":8,""tieNationCode"":null,""entryStatus"":""DA""},{""players"":[{""playerId"":800677532,""nationality"":""RUS"",""givenName"":""Ekaterina"",""familyName"":""Dotsenko"",""profileLink"":""/en/players/ekaterina-dotsenko/800677532/rus/jt/s/"",""hiddenPlayer"":false},null],""scores"":[{""score"":7,""losingScore"":null},{""score"":6,""losingScore"":null},null,null,null],""isWinner"":true,""seeding"":null,""tieNationCode"":null,""entryStatus"":""DA""}],""playStatusCode"":""PC"",""playStatusDesc"":""Played and completed"",""resultStatusDesc"":null,""resultStatusCode"":null,""MatchTypeCode"":null,""CircuitCode"":null}",2026-06-02T22:21:43.980Z
J-JGS-FRA-2026-001,Roland Garros Junior Championships,JGS,2026-05-31,2026-06-06,1100202636,1100689788,G,Girls,S,Singles,Q,Qualifying Draw,KO,Knock-out,,1st Round,1,1183558531,PC,Played and completed,,,800665507,Daniella Britton,GBR,,DA,800655734,Pietra Rivoli,BRA,13,DA,1,Daniella Britton,6-2 6-4,https://www.itftennis.com/en/head-to-head/?circuitCode=jt&player1Id=800665507&player2Id=800655734,https://www.rolandgarros.com/en-us/matches?status=live,"{""matchId"":1183558531,""h2hLink"":""/en/head-to-head/?circuitCode=jt&player1Id=800665507&player2Id=800655734"",""liveScoresLink"":""https://www.rolandgarros.com/en-us/matches?status=live"",""teams"":[{""players"":[{""playerId"":800665507,""nationality"":""GBR"",""givenName"":""Daniella"",""familyName"":""Britton"",""profileLink"":""/en/players/daniella-britton/800665507/gbr/jt/s/"",""hiddenPlayer"":false},null],""scores"":[{""score"":6,""losingScore"":null},{""score"":6,""losingScore"":null},null,null,null],""isWinner"":true,""seeding"":null,""tieNationCode"":null,""entryStatus"":""DA""},{""players"":[{""playerId"":800655734,""nationality"":""BRA"",""givenName"":""Pietra"",""familyName"":""Rivoli"",""profileLink"":""/en/players/pietra-rivoli/800655734/bra/jt/s/"",""hiddenPlayer"":false},null],""scores"":[{""score"":2,""losingScore"":null},{""score"":4,""losingScore"":null},null,null,null],""isWinner"":false,""seeding"":13,""tieNationCode"":null,""entryStatus"":""DA""}],""playStatusCode"":""PC"",""playStatusDesc"":""Played and completed"",""resultStatusDesc"":null,""resultStatusCode"":null,""MatchTypeCode"":null,""CircuitCode"":null}",2026-06-02T22:21:43.980Z
J-JGS-FRA-2026-001,Roland Garros Junior Championships,JGS,2026-05-31,2026-06-06,1100202636,1100689788,G,Girls,S,Singles,Q,Qualifying Draw,KO,Knock-out,,2nd Round,2,1183558532,PC,Played and completed,,,800739107,Yu Jun Lin,CHN,1,DA,800565961,Liv Boulard,FRA,,WC,1,Yu Jun Lin,7-6(2) 4-6 6-3,https://www.itftennis.com/en/head-to-head/?circuitCode=jt&player1Id=800739107&player2Id=800565961,https://www.rolandgarros.com/en-us/matches?status=live,"{""matchId"":1183558532,""h2hLink"":""/en/head-to-head/?circuitCode=jt&player1Id=800739107&player2Id=800565961"",""liveScoresLink"":""https://www.rolandgarros.com/en-us/matches?status=live"",""teams"":[{""players"":[{""playerId"":800739107,""nationality"":""CHN"",""givenName"":""Yu Jun"",""familyName"":""Lin"",""profileLink"":""/en/players/yu-jun-lin/800739107/chn/jt/s/"",""hiddenPlayer"":false},null],""scores"":[{""score"":7,""losingScore"":null},{""score"":4,""losingScore"":null},{""score"":6,""losingScore"":null},null,null],""isWinner"":true,""seeding"":1,""tieNationCode"":null,""entryStatus"":""DA""},{""players"":[{""playerId"":800565961,""nationality"":""FRA"",""givenName"":""Liv"",""familyName"":""Boulard"",""profileLink"":""/en/players/liv-boulard/800565961/fra/jt/s/"",""hiddenPlayer"":false},null],""scores"":[{""score"":6,""losingScore"":2},{""score"":6,""losingScore"":null},{""score"":3,""losingScore"":null},null,null],""isWinner"":false,""seeding"":null,""tieNationCode"":null,""entryStatus"":""WC""}],""playStatusCode"":""PC"",""playStatusDesc"":""Played and completed"",""resultStatusDesc"":null,""resultStatusCode"":null,""MatchTypeCode"":null,""CircuitCode"":null}",2026-06-02T22:21:43.980Z
J-JGS-FRA-2026-001,Roland Garros Junior Championships,JGS,2026-05-31,2026-06-06,1100202636,1100689788,G,Girls,S,Singles,Q,Qualifying Draw,KO,Knock-out,,2nd Round,2,1183558533,PC,Played and completed,,,800664506,Maria Valentina Pop,ROU,2,DA,800731574,Sarah Ye,USA,,DA,2,Sarah Ye,6-4 3-6 5-7,https://www.itftennis.com/en/head-to-head/?circuitCode=jt&player1Id=800664506&player2Id=800731574,https://www.rolandgarros.com/en-us/matches?status=live,"{""matchId"":1183558533,""h2hLink"":""/en/head-to-head/?circuitCode=jt&player1Id=800664506&player2Id=800731574"",""liveScoresLink"":""https://www.rolandgarros.com/en-us/matches?status=live"",""teams"":[{""players"":[{""playerId"":800664506,""nationality"":""ROU"",""givenName"":""Maria Valentina"",""familyName"":""Pop"",""profileLink"":""/en/players/maria-valentina-pop/800664506/rou/jt/s/"",""hiddenPlayer"":false},null],""scores"":[{""score"":6,""losingScore"":null},{""score"":3,""losingScore"":null},{""score"":5,""losingScore"":null},null,null],""isWinner"":false,""seeding"":2,""tieNationCode"":null,""entryStatus"":""DA""},{""players"":[{""playerId"":800731574,""nationality"":""USA"",""givenName"":""Sarah"",""familyName"":""Ye"",""profileLink"":""/en/players/sarah-ye/800731574/usa/jt/s/"",""hiddenPlayer"":false},null],""scores"":[{""score"":4,""losingScore"":null},{""score"":6,""losingScore"":null},{""score"":7,""losingScore"":null},null,null],""isWinner"":true,""seeding"":null,""tieNationCode"":null,""entryStatus"":""DA""}],""playStatusCode"":""PC"",""playStatusDesc"":""Played and completed"",""resultStatusDesc"":null,""resultStatusCode"":null,""MatchTypeCode"":null,""CircuitCode"":null}",2026-06-02T22:21:43.980Z
J-JGS-FRA-2026-001,Roland Garros Junior Championships,JGS,2026-05-31,2026-06-06,1100202636,1100689788,G,Girls,S,Singles,Q,Qualifying Draw,KO,Knock-out,,2nd Round,2,1183558534,PC,Played and completed,,,800589634,Laura Valentine Pop,FRA,,WC,800597508,Marija Lauva,LAT,,DA,2,Marija Lauva,3-6 5-7,https://www.itftennis.com/en/head-to-head/?circuitCode=jt&player1Id=800589634&player2Id=800597508,https://www.rolandgarros.com/en-us/matches?status=live,"{""matchId"":1183558534,""h2hLink"":""/en/head-to-head/?circuitCode=jt&player1Id=800589634&player2Id=800597508"",""liveScoresLink"":""https://www.rolandgarros.com/en-us/matches?status=live"",""teams"":[{""players"":[{""playerId"":800589634,""nationality"":""FRA"",""givenName"":""Laura Valentine"",""familyName"":""Pop"",""profileLink"":""/en/players/laura-valentine-pop/800589634/fra/jt/s/"",""hiddenPlayer"":false},null],""scores"":[{""score"":3,""losingScore"":null},{""score"":5,""losingScore"":null},null,null,null],""isWinner"":false,""seeding"":null,""tieNationCode"":null,""entryStatus"":""WC""},{""players"":[{""playerId"":800597508,""nationality"":""LAT"",""givenName"":""Marija"",""familyName"":""Lauva"",""profileLink"":""/en/players/marija-lauva/800597508/lat/jt/s/"",""hiddenPlayer"":false},null],""scores"":[{""score"":6,""losingScore"":null},{""score"":7,""losingScore"":null},null,null,null],""isWinner"":true,""seeding"":null,""tieNationCode"":null,""entryStatus"":""DA""}],""playStatusCode"":""PC"",""playStatusDesc"":""Played and completed"",""resultStatusDesc"":null,""resultStatusCode"":null,""MatchTypeCode"":null,""CircuitCode"":null}",2026-06-02T22:21:43.980Z
J-JGS-FRA-2026-001,Roland Garros Junior Championships,JGS,2026-05-31,2026-06-06,1100202636,1100689788,G,Girls,S,Singles,Q,Qualifying Draw,KO,Knock-out,,2nd Round,2,1183558535,PC,Played and completed,,,800598679,Emily Victoria Eigelsbach,GER,4,DA,800656226,Katerina Zajickova,CZE,10,DA,2,Katerina Zajickova,6-2 4-6 5-7,https://www.itftennis.com/en/head-to-head/?circuitCode=jt&player1Id=800598679&player2Id=800656226,https://www.rolandgarros.com/en-us/matches?status=live,"{""matchId"":1183558535,""h2hLink"":""/en/head-to-head/?circuitCode=jt&player1Id=800598679&player2Id=800656226"",""liveScoresLink"":""https://www.rolandgarros.com/en-us/matches?status=live"",""teams"":[{""players"":[{""playerId"":800598679,""nationality"":""GER"",""givenName"":""Emily Victoria"",""familyName"":""Eigelsbach"",""profileLink"":""/en/players/emily-victoria-eigelsbach/800598679/ger/jt/s/"",""hiddenPlayer"":false},null],""scores"":[{""score"":6,""losingScore"":null},{""score"":4,""losingScore"":null},{""score"":5,""losingScore"":null},null,null],""isWinner"":false,""seeding"":4,""tieNationCode"":null,""entryStatus"":""DA""},{""players"":[{""playerId"":800656226,""nationality"":""CZE"",""givenName"":""Katerina"",""familyName"":""Zajickova"",""profileLink"":""/en/players/katerina-zajickova/800656226/cze/jt/s/"",""hiddenPlayer"":false},null],""scores"":[{""score"":2,""losingScore"":null},{""score"":6,""losingScore"":null},{""score"":7,""losingScore"":null},null,null],""isWinner"":true,""seeding"":10,""tieNationCode"":null,""entryStatus"":""DA""}],""playStatusCode"":""PC"",""playStatusDesc"":""Played and completed"",""resultStatusDesc"":null,""resultStatusCode"":null,""MatchTypeCode"":null,""CircuitCode"":null}",2026-06-02T22:21:43.981Z
J-JGS-FRA-2026-001,Roland Garros Junior Championships,JGS,2026-05-31,2026-06-06,1100202636,1100689788,G,Girls,S,Singles,Q,Qualifying Draw,KO,Knock-out,,2nd Round,2,1183558536,PC,Played and completed,,,800705172,Sofiia Bielinska,UKR,5,DA,800696508,Olivia Traynor,USA,9,DA,1,Sofiia Bielinska,6-4 2-6 6-0,https://www.itftennis.com/en/head-to-head/?circuitCode=jt&player1Id=800705172&player2Id=800696508,https://www.rolandgarros.com/en-us/matches?status=live,"{""matchId"":1183558536,""h2hLink"":""/en/head-to-head/?circuitCode=jt&player1Id=800705172&player2Id=800696508"",""liveScoresLink"":""https://www.rolandgarros.com/en-us/matches?status=live"",""teams"":[{""players"":[{""playerId"":800705172,""nationality"":""UKR"",""givenName"":""Sofiia"",""familyName"":""Bielinska"",""profileLink"":""/en/players/sofiia-bielinska/800705172/ukr/jt/s/"",""hiddenPlayer"":false},null],""scores"":[{""score"":6,""losingScore"":null},{""score"":2,""losingScore"":null},{""score"":6,""losingScore"":null},null,null],""isWinner"":true,""seeding"":5,""tieNationCode"":null,""entryStatus"":""DA""},{""players"":[{""playerId"":800696508,""nationality"":""USA"",""givenName"":""Olivia"",""familyName"":""Traynor"",""profileLink"":""/en/players/olivia-traynor/800696508/usa/jt/s/"",""hiddenPlayer"":false},null],""scores"":[{""score"":4,""losingScore"":null},{""score"":6,""losingScore"":null},{""score"":0,""losingScore"":null},null,null],""isWinner"":false,""seeding"":9,""tieNationCode"":null,""entryStatus"":""DA""}],""playStatusCode"":""PC"",""playStatusDesc"":""Played and completed"",""resultStatusDesc"":null,""resultStatusCode"":null,""MatchTypeCode"":null,""CircuitCode"":null}",2026-06-02T22:21:43.981Z
J-JGS-FRA-2026-001,Roland Garros Junior Championships,JGS,2026-05-31,2026-06-06,1100202636,1100689788,G,Girls,S,Singles,Q,Qualifying Draw,KO,Knock-out,,2nd Round,2,1183558537,PC,Played and completed,,,800732202,Carrie-Anne Hoo,USA,,DA,800636609,Fleur De Bresser,NED,16,DA,1,Carrie-Anne Hoo,6-4 6-4,https://www.itftennis.com/en/head-to-head/?circuitCode=jt&player1Id=800732202&player2Id=800636609,https://www.rolandgarros.com/en-us/matches?status=live,"{""matchId"":1183558537,""h2hLink"":""/en/head-to-head/?circuitCode=jt&player1Id=800732202&player2Id=800636609"",""liveScoresLink"":""https://www.rolandgarros.com/en-us/matches?status=live"",""teams"":[{""players"":[{""playerId"":800732202,""nationality"":""USA"",""givenName"":""Carrie-Anne"",""familyName"":""Hoo"",""profileLink"":""/en/players/carrie-anne-hoo/800732202/usa/jt/s/"",""hiddenPlayer"":false},null],""scores"":[{""score"":6,""losingScore"":null},{""score"":6,""losingScore"":null},null,null,null],""isWinner"":true,""seeding"":null,""tieNationCode"":null,""entryStatus"":""DA""},{""players"":[{""playerId"":800636609,""nationality"":""NED"",""givenName"":""Fleur"",""familyName"":""De Bresser"",""profileLink"":""/en/players/fleur-de-bresser/800636609/ned/jt/s/"",""hiddenPlayer"":false},null],""scores"":[{""score"":4,""losingScore"":null},{""score"":4,""losingScore"":null},null,null,null],""isWinner"":false,""seeding"":16,""tieNationCode"":null,""entryStatus"":""DA""}],""playStatusCode"":""PC"",""playStatusDesc"":""Played and completed"",""resultStatusDesc"":null,""resultStatusCode"":null,""MatchTypeCode"":null,""CircuitCode"":null}",2026-06-02T22:21:43.981Z
J-JGS-FRA-2026-001,Roland Garros Junior Championships,JGS,2026-05-31,2026-06-06,1100202636,1100689788,G,Girls,S,Singles,Q,Qualifying Draw,KO,Knock-out,,2nd Round,2,1183558538,PC,Played and completed,,,800629891,HAJAR CRINEBOUCH,FRA,,WC,800587881,Ilary Pistola,ITA,,DA,2,Ilary Pistola,3-6 1-6,https://www.itftennis.com/en/head-to-head/?circuitCode=jt&player1Id=800629891&player2Id=800587881,https://www.rolandgarros.com/en-us/matches?status=live,"{""matchId"":1183558538,""h2hLink"":""/en/head-to-head/?circuitCode=jt&player1Id=800629891&player2Id=800587881"",""liveScoresLink"":""https://www.rolandgarros.com/en-us/matches?status=live"",""teams"":[{""players"":[{""playerId"":800629891,""nationality"":""FRA"",""givenName"":""HAJAR"",""familyName"":""CRINEBOUCH"",""profileLink"":""/en/players/hajar-crinebouch/800629891/fra/jt/s/"",""hiddenPlayer"":false},null],""scores"":[{""score"":3,""losingScore"":null},{""score"":1,""losingScore"":null},null,null,null],""isWinner"":false,""seeding"":null,""tieNationCode"":null,""entryStatus"":""WC""},{""players"":[{""playerId"":800587881,""nationality"":""ITA"",""givenName"":""Ilary"",""familyName"":""Pistola"",""profileLink"":""/en/players/ilary-pistola/800587881/ita/jt/s/"",""hiddenPlayer"":false},null],""scores"":[{""score"":6,""losingScore"":null},{""score"":6,""losingScore"":null},null,null,null],""isWinner"":true,""seeding"":null,""tieNationCode"":null,""entryStatus"":""DA""}],""playStatusCode"":""PC"",""playStatusDesc"":""Played and completed"",""resultStatusDesc"":null,""resultStatusCode"":null,""MatchTypeCode"":null,""CircuitCode"":null}",2026-06-02T22:21:43.981Z
J-JGS-FRA-2026-001,Roland Garros Junior Championships,JGS,2026-05-31,2026-06-06,1100202636,1100689788,G,Girls,S,Singles,Q,Qualifying Draw,KO,Knock-out,,2nd Round,2,1183558539,PC,Played and completed,,,800677532,Ekaterina Dotsenko,RUS,,DA,800665507,Daniella Britton,GBR,,DA,1,Ekaterina Dotsenko,6-7(3) 6-4 6-3,https://www.itftennis.com/en/head-to-head/?circuitCode=jt&player1Id=800677532&player2Id=800665507,https://www.rolandgarros.com/en-us/matches?status=live,"{""matchId"":1183558539,""h2hLink"":""/en/head-to-head/?circuitCode=jt&player1Id=800677532&player2Id=800665507"",""liveScoresLink"":""https://www.rolandgarros.com/en-us/matches?status=live"",""teams"":[{""players"":[{""playerId"":800677532,""nationality"":""RUS"",""givenName"":""Ekaterina"",""familyName"":""Dotsenko"",""profileLink"":""/en/players/ekaterina-dotsenko/800677532/rus/jt/s/"",""hiddenPlayer"":false},null],""scores"":[{""score"":6,""losingScore"":3},{""score"":6,""losingScore"":null},{""score"":6,""losingScore"":null},null,null],""isWinner"":true,""seeding"":null,""tieNationCode"":null,""entryStatus"":""DA""},{""players"":[{""playerId"":800665507,""nationality"":""GBR"",""givenName"":""Daniella"",""familyName"":""Britton"",""profileLink"":""/en/players/daniella-britton/800665507/gbr/jt/s/"",""hiddenPlayer"":false},null],""scores"":[{""score"":7,""losingScore"":null},{""score"":4,""losingScore"":null},{""score"":3,""losingScore"":null},null,null],""isWinner"":false,""seeding"":null,""tieNationCode"":null,""entryStatus"":""DA""}],""playStatusCode"":""PC"",""playStatusDesc"":""Played and completed"",""resultStatusDesc"":null,""resultStatusCode"":null,""MatchTypeCode"":null,""CircuitCode"":null}",2026-06-02T22:21:43.981Z
J-JGS-FRA-2026-001,Roland Garros Junior Championships,JGS,2026-05-31,2026-06-06,1100202636,1100689789,G,Girls,D,Doubles,M,Main Draw,KO,Knock-out,,1st Round,1,2124508712,PC,Played and completed,,,800655335|800656554,Victoria Luiza Barros / Paola Pinera Celorio,BRA|ESP,1,DA,800685082|800647963,Daniel Baranes / Ninon Carpentier,FRA|FRA,,WC,1,Victoria Luiza Barros / Paola Pinera Celorio,6-4 6-2,,https://www.rolandgarros.com/en-us/matches?status=live,"{""matchId"":2124508712,""h2hLink"":"""",""liveScoresLink"":""https://www.rolandgarros.com/en-us/matches?status=live"",""teams"":[{""players"":[{""playerId"":800655335,""nationality"":""BRA"",""givenName"":""Victoria Luiza"",""familyName"":""Barros"",""profileLink"":""/en/players/victoria-luiza-barros/800655335/bra/jt/d/"",""hiddenPlayer"":false},{""playerId"":800656554,""nationality"":""ESP"",""givenName"":""Paola"",""familyName"":""Pinera Celorio"",""profileLink"":""/en/players/paola-pinera-celorio/800656554/esp/jt/d/"",""hiddenPlayer"":false}],""scores"":[{""score"":6,""losingScore"":null},{""score"":6,""losingScore"":null},null,null,null],""isWinner"":true,""seeding"":1,""tieNationCode"":null,""entryStatus"":""DA""},{""players"":[{""playerId"":800685082,""nationality"":""FRA"",""givenName"":""Daniel"",""familyName"":""Baranes"",""profileLink"":""/en/players/daniel-baranes/800685082/fra/jt/d/"",""hiddenPlayer"":false},{""playerId"":800647963,""nationality"":""FRA"",""givenName"":""Ninon"",""familyName"":""Carpentier"",""profileLink"":""/en/players/ninon-carpentier/800647963/fra/jt/d/"",""hiddenPlayer"":false}],""scores"":[{""score"":4,""losingScore"":null},{""score"":2,""losingScore"":null},null,null,null],""isWinner"":false,""seeding"":null,""tieNationCode"":null,""entryStatus"":""WC""}],""playStatusCode"":""PC"",""playStatusDesc"":""Played and completed"",""resultStatusDesc"":null,""resultStatusCode"":null,""MatchTypeCode"":null,""CircuitCode"":null}",2026-06-02T22:21:53.235Z
J-JGS-FRA-2026-001,Roland Garros Junior Championships,JGS,2026-05-31,2026-06-06,1100202636,1100689789,G,Girls,D,Doubles,M,Main Draw,KO,Knock-out,,1st Round,1,2124508713,PC,Played and completed,,,800677532|800587881,Ekaterina Dotsenko / Ilary Pistola,RUS|ITA,,DA,800672579|800638346,Tereza Hermanova / Denisa Zoldakova,CZE|CZE,,DA,1,Ekaterina Dotsenko / Ilary Pistola,6-3 6-4,,https://www.rolandgarros.com/en-us/matches?status=live,"{""matchId"":2124508713,""h2hLink"":"""",""liveScoresLink"":""https://www.rolandgarros.com/en-us/matches?status=live"",""teams"":[{""players"":[{""playerId"":800677532,""nationality"":""RUS"",""givenName"":""Ekaterina"",""familyName"":""Dotsenko"",""profileLink"":""/en/players/ekaterina-dotsenko/800677532/rus/jt/d/"",""hiddenPlayer"":false},{""playerId"":800587881,""nationality"":""ITA"",""givenName"":""Ilary"",""familyName"":""Pistola"",""profileLink"":""/en/players/ilary-pistola/800587881/ita/jt/d/"",""hiddenPlayer"":false}],""scores"":[{""score"":6,""losingScore"":null},{""score"":6,""losingScore"":null},null,null,null],""isWinner"":true,""seeding"":null,""tieNationCode"":null,""entryStatus"":""DA""},{""players"":[{""playerId"":800672579,""nationality"":""CZE"",""givenName"":""Tereza"",""familyName"":""Hermanova"",""profileLink"":""/en/players/tereza-hermanova/800672579/cze/jt/d/"",""hiddenPlayer"":false},{""playerId"":800638346,""nationality"":""CZE"",""givenName"":""Denisa"",""familyName"":""Zoldakova"",""profileLink"":""/en/players/denisa-zoldakova/800638346/cze/jt/d/"",""hiddenPlayer"":false}],""scores"":[{""score"":3,""losingScore"":null},{""score"":4,""losingScore"":null},null,null,null],""isWinner"":false,""seeding"":null,""tieNationCode"":null,""entryStatus"":""DA""}],""playStatusCode"":""PC"",""playStatusDesc"":""Played and completed"",""resultStatusDesc"":null,""resultStatusCode"":null,""MatchTypeCode"":null,""CircuitCode"":null}",2026-06-02T22:21:53.235Z
J-JGS-FRA-2026-001,Roland Garros Junior Championships,JGS,2026-05-31,2026-06-06,1100202636,1100689789,G,Girls,D,Doubles,M,Main Draw,KO,Knock-out,,1st Round,1,2124508714,PC,Played and completed,RET,Retired,800651337|800655734,UI SU JEONG / Pietra Rivoli,KOR|BRA,,DA,800638930|800597362,Nadia Lagaev / Antonina Sushkova,CAN|UKR,,DA,1,UI SU JEONG / Pietra Rivoli,6-2,,https://www.rolandgarros.com/en-us/matches?status=live,"{""matchId"":2124508714,""h2hLink"":"""",""liveScoresLink"":""https://www.rolandgarros.com/en-us/matches?status=live"",""teams"":[{""players"":[{""playerId"":800651337,""nationality"":""KOR"",""givenName"":""UI SU"",""familyName"":""JEONG"",""profileLink"":""/en/players/ui-su-jeong/800651337/kor/jt/d/"",""hiddenPlayer"":false},{""playerId"":800655734,""nationality"":""BRA"",""givenName"":""Pietra"",""familyName"":""Rivoli"",""profileLink"":""/en/players/pietra-rivoli/800655734/bra/jt/d/"",""hiddenPlayer"":false}],""scores"":[{""score"":6,""losingScore"":null},null,null,null,null],""isWinner"":true,""seeding"":null,""tieNationCode"":null,""entryStatus"":""DA""},{""players"":[{""playerId"":800638930,""nationality"":""CAN"",""givenName"":""Nadia"",""familyName"":""Lagaev"",""profileLink"":""/en/players/nadia-lagaev/800638930/can/jt/d/"",""hiddenPlayer"":false},{""playerId"":800597362,""nationality"":""UKR"",""givenName"":""Antonina"",""familyName"":""Sushkova"",""profileLink"":""/en/players/antonina-sushkova/800597362/ukr/jt/d/"",""hiddenPlayer"":false}],""scores"":[{""score"":2,""losingScore"":null},null,null,null,null],""isWinner"":false,""seeding"":null,""tieNationCode"":null,""entryStatus"":""DA""}],""playStatusCode"":""PC"",""playStatusDesc"":""Played and completed"",""resultStatusDesc"":""Retired"",""resultStatusCode"":""RET"",""MatchTypeCode"":null,""CircuitCode"":null}",2026-06-02T22:21:53.235Z
J-JGS-FRA-2026-001,Roland Garros Junior Championships,JGS,2026-05-31,2026-06-06,1100202636,1100689789,G,Girls,D,Doubles,M,Main Draw,KO,Knock-out,,1st Round,1,2124508715,PC,Played and completed,,,800635479|800676754,Alexandra Malova / Alisa Terentyeva,RUS|RUS,,DA,800646432|800705703,Jordyn Hazelitt / Welles Newman,USA|USA,8,DA,2,Jordyn Hazelitt / Welles Newman,3-6 3-6,,https://www.rolandgarros.com/en-us/matches?status=live,"{""matchId"":2124508715,""h2hLink"":"""",""liveScoresLink"":""https://www.rolandgarros.com/en-us/matches?status=live"",""teams"":[{""players"":[{""playerId"":800635479,""nationality"":""RUS"",""givenName"":""Alexandra"",""familyName"":""Malova"",""profileLink"":""/en/players/alexandra-malova/800635479/rus/jt/d/"",""hiddenPlayer"":false},{""playerId"":800676754,""nationality"":""RUS"",""givenName"":""Alisa"",""familyName"":""Terentyeva"",""profileLink"":""/en/players/alisa-terentyeva/800676754/rus/jt/d/"",""hiddenPlayer"":false}],""scores"":[{""score"":3,""losingScore"":null},{""score"":3,""losingScore"":null},null,null,null],""isWinner"":false,""seeding"":null,""tieNationCode"":null,""entryStatus"":""DA""},{""players"":[{""playerId"":800646432,""nationality"":""USA"",""givenName"":""Jordyn"",""familyName"":""Hazelitt"",""profileLink"":""/en/players/jordyn-hazelitt/800646432/usa/jt/d/"",""hiddenPlayer"":false},{""playerId"":800705703,""nationality"":""USA"",""givenName"":""Welles"",""familyName"":""Newman"",""profileLink"":""/en/players/welles-newman/800705703/usa/jt/d/"",""hiddenPlayer"":false}],""scores"":[{""score"":6,""losingScore"":null},{""score"":6,""losingScore"":null},null,null,null],""isWinner"":true,""seeding"":8,""tieNationCode"":null,""entryStatus"":""DA""}],""playStatusCode"":""PC"",""playStatusDesc"":""Played and completed"",""resultStatusDesc"":null,""resultStatusCode"":null,""MatchTypeCode"":null,""CircuitCode"":null}",2026-06-02T22:21:53.235Z
J-JGS-FRA-2026-001,Roland Garros Junior Championships,JGS,2026-05-31,2026-06-06,1100202636,1100689789,G,Girls,D,Doubles,M,Main Draw,KO,Knock-out,,1st Round,1,2124508716,PC,Played and completed,,,800677732|800631529,Xinran Sun / Ruien Zhang,CHN|CHN,4,DA,800701055|800604444,Renee Alame / Sofie Hettlerova,AUS|CZE,,DA,1,Xinran Sun / Ruien Zhang,6-3 6-1,,https://www.rolandgarros.com/en-us/matches?status=live,"{""matchId"":2124508716,""h2hLink"":"""",""liveScoresLink"":""https://www.rolandgarros.com/en-us/matches?status=live"",""teams"":[{""players"":[{""playerId"":800677732,""nationality"":""CHN"",""givenName"":""Xinran"",""familyName"":""Sun"",""profileLink"":""/en/players/xinran-sun/800677732/chn/jt/d/"",""hiddenPlayer"":false},{""playerId"":800631529,""nationality"":""CHN"",""givenName"":""Ruien"",""familyName"":""Zhang"",""profileLink"":""/en/players/ruien-zhang/800631529/chn/jt/d/"",""hiddenPlayer"":false}],""scores"":[{""score"":6,""losingScore"":null},{""score"":6,""losingScore"":null},null,null,null],""isWinner"":true,""seeding"":4,""tieNationCode"":null,""entryStatus"":""DA""},{""players"":[{""playerId"":800701055,""nationality"":""AUS"",""givenName"":""Renee"",""familyName"":""Alame"",""profileLink"":""/en/players/renee-alame/800701055/aus/jt/d/"",""hiddenPlayer"":false},{""playerId"":800604444,""nationality"":""CZE"",""givenName"":""Sofie"",""familyName"":""Hettlerova"",""profileLink"":""/en/players/sofie-hettlerova/800604444/cze/jt/d/"",""hiddenPlayer"":false}],""scores"":[{""score"":3,""losingScore"":null},{""score"":1,""losingScore"":null},null,null,null],""isWinner"":false,""seeding"":null,""tieNationCode"":null,""entryStatus"":""DA""}],""playStatusCode"":""PC"",""playStatusDesc"":""Played and completed"",""resultStatusDesc"":null,""resultStatusCode"":null,""MatchTypeCode"":null,""CircuitCode"":null}",2026-06-02T22:21:53.235Z
J-JGS-FRA-2026-001,Roland Garros Junior Championships,JGS,2026-05-31,2026-06-06,1100202636,1100689789,G,Girls,D,Doubles,M,Main Draw,KO,Knock-out,,1st Round,1,2124508717,PC,Played and completed,,,800587892|800626636,Daphnee Mpetshi Perricard / Nehira Sanon,FRA|FRA,,WC,800719735|800696508,Chukwumelije Clarke / Olivia Traynor,USA|USA,,DA,2,Chukwumelije Clarke / Olivia Traynor,3-6 3-6,,https://www.rolandgarros.com/en-us/matches?status=live,"{""matchId"":2124508717,""h2hLink"":"""",""liveScoresLink"":""https://www.rolandgarros.com/en-us/matches?status=live"",""teams"":[{""players"":[{""playerId"":800587892,""nationality"":""FRA"",""givenName"":""Daphnee"",""familyName"":""Mpetshi Perricard"",""profileLink"":""/en/players/daphnee-mpetshi-perricard/800587892/fra/jt/d/"",""hiddenPlayer"":false},{""playerId"":800626636,""nationality"":""FRA"",""givenName"":""Nehira"",""familyName"":""Sanon"",""profileLink"":""/en/players/nehira-sanon/800626636/fra/jt/d/"",""hiddenPlayer"":false}],""scores"":[{""score"":3,""losingScore"":null},{""score"":3,""losingScore"":null},null,null,null],""isWinner"":false,""seeding"":null,""tieNationCode"":null,""entryStatus"":""WC""},{""players"":[{""playerId"":800719735,""nationality"":""USA"",""givenName"":""Chukwumelije"",""familyName"":""Clarke"",""profileLink"":""/en/players/chukwumelije-clarke/800719735/usa/jt/d/"",""hiddenPlayer"":false},{""playerId"":800696508,""nationality"":""USA"",""givenName"":""Olivia"",""familyName"":""Traynor"",""profileLink"":""/en/players/olivia-traynor/800696508/usa/jt/d/"",""hiddenPlayer"":false}],""scores"":[{""score"":6,""losingScore"":null},{""score"":6,""losingScore"":null},null,null,null],""isWinner"":true,""seeding"":null,""tieNationCode"":null,""entryStatus"":""DA""}],""playStatusCode"":""PC"",""playStatusDesc"":""Played and completed"",""resultStatusDesc"":null,""resultStatusCode"":null,""MatchTypeCode"":null,""CircuitCode"":null}",2026-06-02T22:21:53.235Z
J-JGS-FRA-2026-001,Roland Garros Junior Championships,JGS,2026-05-31,2026-06-06,1100202636,1100689789,G,Girls,D,Doubles,M,Main Draw,KO,Knock-out,,1st Round,1,2124508718,PC,Played and completed,,,800739107|800708800,Yu Jun Lin / Yu-Chen Lin,CHN|TPE,,DA,800636281|800693920,Maia Ilinca Burcescu / Alyssa James,ROU|JAM,,DA,1,Yu Jun Lin / Yu-Chen Lin,7-5 7-6(3),,https://www.rolandgarros.com/en-us/matches?status=live,"{""matchId"":2124508718,""h2hLink"":"""",""liveScoresLink"":""https://www.rolandgarros.com/en-us/matches?status=live"",""teams"":[{""players"":[{""playerId"":800739107,""nationality"":""CHN"",""givenName"":""Yu Jun"",""familyName"":""Lin"",""profileLink"":""/en/players/yu-jun-lin/800739107/chn/jt/d/"",""hiddenPlayer"":false},{""playerId"":800708800,""nationality"":""TPE"",""givenName"":""Yu-Chen"",""familyName"":""Lin"",""profileLink"":""/en/players/yu-chen-lin/800708800/tpe/jt/d/"",""hiddenPlayer"":false}],""scores"":[{""score"":7,""losingScore"":null},{""score"":7,""losingScore"":null},null,null,null],""isWinner"":true,""seeding"":null,""tieNationCode"":null,""entryStatus"":""DA""},{""players"":[{""playerId"":800636281,""nationality"":""ROU"",""givenName"":""Maia Ilinca"",""familyName"":""Burcescu"",""profileLink"":""/en/players/maia-ilinca-burcescu/800636281/rou/jt/d/"",""hiddenPlayer"":false},{""playerId"":800693920,""nationality"":""JAM"",""givenName"":""Alyssa"",""familyName"":""James"",""profileLink"":""/en/players/alyssa-james/800693920/jam/jt/d/"",""hiddenPlayer"":false}],""scores"":[{""score"":5,""losingScore"":null},{""score"":6,""losingScore"":3},null,null,null],""isWinner"":false,""seeding"":null,""tieNationCode"":null,""entryStatus"":""DA""}],""playStatusCode"":""PC"",""playStatusDesc"":""Played and completed"",""resultStatusDesc"":null,""resultStatusCode"":null,""MatchTypeCode"":null,""CircuitCode"":null}",2026-06-02T22:21:53.235Z
J-JGS-FRA-2026-001,Roland Garros Junior Championships,JGS,2026-05-31,2026-06-06,1100202636,1100689789,G,Girls,D,Doubles,M,Main Draw,KO,Knock-out,,1st Round,1,2124508719,PC,Played and completed,,,800705172|800598679,Sofiia Bielinska / Emily Victoria Eigelsbach,UKR|GER,,DA,800721825|800636696,Felitsata Dorofeeva-Rybas / Anna Pushkareva,RUS|RUS,5,DA,2,Felitsata Dorofeeva-Rybas / Anna Pushkareva,4-6 3-6,,https://www.rolandgarros.com/en-us/matches?status=live,"{""matchId"":2124508719,""h2hLink"":"""",""liveScoresLink"":""https://www.rolandgarros.com/en-us/matches?status=live"",""teams"":[{""players"":[{""playerId"":800705172,""nationality"":""UKR"",""givenName"":""Sofiia"",""familyName"":""Bielinska"",""profileLink"":""/en/players/sofiia-bielinska/800705172/ukr/jt/d/"",""hiddenPlayer"":false},{""playerId"":800598679,""nationality"":""GER"",""givenName"":""Emily Victoria"",""familyName"":""Eigelsbach"",""profileLink"":""/en/players/emily-victoria-eigelsbach/800598679/ger/jt/d/"",""hiddenPlayer"":false}],""scores"":[{""score"":4,""losingScore"":null},{""score"":3,""losingScore"":null},null,null,null],""isWinner"":false,""seeding"":null,""tieNationCode"":null,""entryStatus"":""DA""},{""players"":[{""playerId"":800721825,""nationality"":""RUS"",""givenName"":""Felitsata"",""familyName"":""Dorofeeva-Rybas"",""profileLink"":""/en/players/felitsata-dorofeeva-rybas/800721825/rus/jt/d/"",""hiddenPlayer"":false},{""playerId"":800636696,""nationality"":""RUS"",""givenName"":""Anna"",""familyName"":""Pushkareva"",""profileLink"":""/en/players/anna-pushkareva/800636696/rus/jt/d/"",""hiddenPlayer"":false}],""scores"":[{""score"":6,""losingScore"":null},{""score"":6,""losingScore"":null},null,null,null],""isWinner"":true,""seeding"":5,""tieNationCode"":null,""entryStatus"":""DA""}],""playStatusCode"":""PC"",""playStatusDesc"":""Played and completed"",""resultStatusDesc"":null,""resultStatusCode"":null,""MatchTypeCode"":null,""CircuitCode"":null}",2026-06-02T22:21:53.235Z
J-JGS-FRA-2026-001,Roland Garros Junior Championships,JGS,2026-05-31,2026-06-06,1100202636,1100689789,G,Girls,D,Doubles,M,Main Draw,KO,Knock-out,,1st Round,1,2124508720,PC,Played and completed,,,800667265|800601474,Polina Skliar / Mariella Thamm,UKR|GER,6,DA,800732202|800731574,Carrie-Anne Hoo / Sarah Ye,USA|USA,,DA,1,Polina Skliar / Mariella Thamm,7-5 6-3,,https://www.rolandgarros.com/en-us/matches?status=live,"{""matchId"":2124508720,""h2hLink"":"""",""liveScoresLink"":""https://www.rolandgarros.com/en-us/matches?status=live"",""teams"":[{""players"":[{""playerId"":800667265,""nationality"":""UKR"",""givenName"":""Polina"",""familyName"":""Skliar"",""profileLink"":""/en/players/polina-skliar/800667265/ukr/jt/d/"",""hiddenPlayer"":false},{""playerId"":800601474,""nationality"":""GER"",""givenName"":""Mariella"",""familyName"":""Thamm"",""profileLink"":""/en/players/mariella-thamm/800601474/ger/jt/d/"",""hiddenPlayer"":false}],""scores"":[{""score"":7,""losingScore"":null},{""score"":6,""losingScore"":null},null,null,null],""isWinner"":true,""seeding"":6,""tieNationCode"":null,""entryStatus"":""DA""},{""players"":[{""playerId"":800732202,""nationality"":""USA"",""givenName"":""Carrie-Anne"",""familyName"":""Hoo"",""profileLink"":""/en/players/carrie-anne-hoo/800732202/usa/jt/d/"",""hiddenPlayer"":false},{""playerId"":800731574,""nationality"":""USA"",""givenName"":""Sarah"",""familyName"":""Ye"",""profileLink"":""/en/players/sarah-ye/800731574/usa/jt/d/"",""hiddenPlayer"":false}],""scores"":[{""score"":5,""losingScore"":null},{""score"":3,""losingScore"":null},null,null,null],""isWinner"":false,""seeding"":null,""tieNationCode"":null,""entryStatus"":""DA""}],""playStatusCode"":""PC"",""playStatusDesc"":""Played and completed"",""resultStatusDesc"":null,""resultStatusCode"":null,""MatchTypeCode"":null,""CircuitCode"":null}",2026-06-02T22:21:53.235Z
J-JGS-FRA-2026-001,Roland Garros Junior Championships,JGS,2026-05-31,2026-06-06,1100202636,1100689789,G,Girls,D,Doubles,M,Main Draw,KO,Knock-out,,1st Round,1,2124508721,PC,Played and completed,,,800661515|800656226,Jana Kovackova / Katerina Zajickova,CZE|CZE,,DA,800576556|800603080,Eleejah Inisan / Cindy Langlais,FRA|FRA,,WC,1,Jana Kovackova / Katerina Zajickova,6-0 6-2,,https://www.rolandgarros.com/en-us/matches?status=live,"{""matchId"":2124508721,""h2hLink"":"""",""liveScoresLink"":""https://www.rolandgarros.com/en-us/matches?status=live"",""teams"":[{""players"":[{""playerId"":800661515,""nationality"":""CZE"",""givenName"":""Jana"",""familyName"":""Kovackova"",""profileLink"":""/en/players/jana-kovackova/800661515/cze/jt/d/"",""hiddenPlayer"":false},{""playerId"":800656226,""nationality"":""CZE"",""givenName"":""Katerina"",""familyName"":""Zajickova"",""profileLink"":""/en/players/katerina-zajickova/800656226/cze/jt/d/"",""hiddenPlayer"":false}],""scores"":[{""score"":6,""losingScore"":null},{""score"":6,""losingScore"":null},null,null,null],""isWinner"":true,""seeding"":null,""tieNationCode"":null,""entryStatus"":""DA""},{""players"":[{""playerId"":800576556,""nationality"":""FRA"",""givenName"":""Eleejah"",""familyName"":""Inisan"",""profileLink"":""/en/players/eleejah-inisan/800576556/fra/jt/d/"",""hiddenPlayer"":false},{""playerId"":800603080,""nationality"":""FRA"",""givenName"":""Cindy"",""familyName"":""Langlais"",""profileLink"":""/en/players/cindy-langlais/800603080/fra/jt/d/"",""hiddenPlayer"":false}],""scores"":[{""score"":0,""losingScore"":null},{""score"":2,""losingScore"":null},null,null,null],""isWinner"":false,""seeding"":null,""tieNationCode"":null,""entryStatus"":""WC""}],""playStatusCode"":""PC"",""playStatusDesc"":""Played and completed"",""resultStatusDesc"":null,""resultStatusCode"":null,""MatchTypeCode"":null,""CircuitCode"":null}",2026-06-02T22:21:53.235Z
J-JGS-FRA-2026-001,Roland Garros Junior Championships,JGS,2026-05-31,2026-06-06,1100202636,1100689789,G,Girls,D,Doubles,M,Main Draw,KO,Knock-out,,1st Round,1,2124508722,PC,Played and completed,,,800597508|800671481,Marija Lauva / Ida Wobker,LAT|GER,,DA,800731351|800730824,Yushan Shao / Zhang-Qian Wei,CHN|CHN,,DA,2,Yushan Shao / Zhang-Qian Wei,2-6 4-6,,https://www.rolandgarros.com/en-us/matches?status=live,"{""matchId"":2124508722,""h2hLink"":"""",""liveScoresLink"":""https://www.rolandgarros.com/en-us/matches?status=live"",""teams"":[{""players"":[{""playerId"":800597508,""nationality"":""LAT"",""givenName"":""Marija"",""familyName"":""Lauva"",""profileLink"":""/en/players/marija-lauva/800597508/lat/jt/d/"",""hiddenPlayer"":false},{""playerId"":800671481,""nationality"":""GER"",""givenName"":""Ida"",""familyName"":""Wobker"",""profileLink"":""/en/players/ida-wobker/800671481/ger/jt/d/"",""hiddenPlayer"":false}],""scores"":[{""score"":2,""losingScore"":null},{""score"":4,""losingScore"":null},null,null,null],""isWinner"":false,""seeding"":null,""tieNationCode"":null,""entryStatus"":""DA""},{""players"":[{""playerId"":800731351,""nationality"":""CHN"",""givenName"":""Yushan"",""familyName"":""Shao"",""profileLink"":""/en/players/yushan-shao/800731351/chn/jt/d/"",""hiddenPlayer"":false},{""playerId"":800730824,""nationality"":""CHN"",""givenName"":""Zhang-Qian"",""familyName"":""Wei"",""profileLink"":""/en/players/zhang-qian-wei/800730824/chn/jt/d/"",""hiddenPlayer"":false}],""scores"":[{""score"":6,""losingScore"":null},{""score"":6,""losingScore"":null},null,null,null],""isWinner"":true,""seeding"":null,""tieNationCode"":null,""entryStatus"":""DA""}],""playStatusCode"":""PC"",""playStatusDesc"":""Played and completed"",""resultStatusDesc"":null,""resultStatusCode"":null,""MatchTypeCode"":null,""CircuitCode"":null}",2026-06-02T22:21:53.235Z
J-JGS-FRA-2026-001,Roland Garros Junior Championships,JGS,2026-05-31,2026-06-06,1100202636,1100689789,G,Girls,D,Doubles,M,Main Draw,KO,Knock-out,,1st Round,1,2124508723,PC,Played and completed,,,800589857|800726989,Anastasia Lizunova / Yihan Qu,RUS|CHN,,DA,800598140|800702416,Anastasija Cvetkovic / Thea Frodin,SRB|USA,3,DA,2,Anastasija Cvetkovic / Thea Frodin,4-6 2-6,,https://www.rolandgarros.com/en-us/matches?status=live,"{""matchId"":2124508723,""h2hLink"":"""",""liveScoresLink"":""https://www.rolandgarros.com/en-us/matches?status=live"",""teams"":[{""players"":[{""playerId"":800589857,""nationality"":""RUS"",""givenName"":""Anastasia"",""familyName"":""Lizunova"",""profileLink"":""/en/players/anastasia-lizunova/800589857/rus/jt/d/"",""hiddenPlayer"":false},{""playerId"":800726989,""nationality"":""CHN"",""givenName"":""Yihan"",""familyName"":""Qu"",""profileLink"":""/en/players/yihan-qu/800726989/chn/jt/d/"",""hiddenPlayer"":false}],""scores"":[{""score"":4,""losingScore"":null},{""score"":2,""losingScore"":null},null,null,null],""isWinner"":false,""seeding"":null,""tieNationCode"":null,""entryStatus"":""DA""},{""players"":[{""playerId"":800598140,""nationality"":""SRB"",""givenName"":""Anastasija"",""familyName"":""Cvetkovic"",""profileLink"":""/en/players/anastasija-cvetkovic/800598140/srb/jt/d/"",""hiddenPlayer"":false},{""playerId"":800702416,""nationality"":""USA"",""givenName"":""Thea"",""familyName"":""Frodin"",""profileLink"":""/en/players/thea-frodin/800702416/usa/jt/d/"",""hiddenPlayer"":false}],""scores"":[{""score"":6,""losingScore"":null},{""score"":6,""losingScore"":null},null,null,null],""isWinner"":true,""seeding"":3,""tieNationCode"":null,""entryStatus"":""DA""}],""playStatusCode"":""PC"",""playStatusDesc"":""Played and completed"",""resultStatusDesc"":null,""resultStatusCode"":null,""MatchTypeCode"":null,""CircuitCode"":null}",2026-06-02T22:21:53.235Z
J-JGS-FRA-2026-001,Roland Garros Junior Championships,JGS,2026-05-31,2026-06-06,1100202636,1100689789,G,Girls,D,Doubles,M,Main Draw,KO,Knock-out,,1st Round,1,2124508724,PC,Played and completed,,,800592997|800640357,Adelina Lacinova / Giulia Safina Popa,LAT|ROU,7,DA,800659876|800595691,Sol Ailin Larraya Guidi / Sonja Zhenikhova,ARG|GER,,DA,2,Sol Ailin Larraya Guidi / Sonja Zhenikhova,5-7 2-6,,https://www.rolandgarros.com/en-us/matches?status=live,"{""matchId"":2124508724,""h2hLink"":"""",""liveScoresLink"":""https://www.rolandgarros.com/en-us/matches?status=live"",""teams"":[{""players"":[{""playerId"":800592997,""nationality"":""LAT"",""givenName"":""Adelina"",""familyName"":""Lacinova"",""profileLink"":""/en/players/adelina-lacinova/800592997/lat/jt/d/"",""hiddenPlayer"":false},{""playerId"":800640357,""nationality"":""ROU"",""givenName"":""Giulia Safina"",""familyName"":""Popa"",""profileLink"":""/en/players/giulia-safina-popa/800640357/rou/jt/d/"",""hiddenPlayer"":false}],""scores"":[{""score"":5,""losingScore"":null},{""score"":2,""losingScore"":null},null,null,null],""isWinner"":false,""seeding"":7,""tieNationCode"":null,""entryStatus"":""DA""},{""players"":[{""playerId"":800659876,""nationality"":""ARG"",""givenName"":""Sol Ailin"",""familyName"":""Larraya Guidi"",""profileLink"":""/en/players/sol-ailin-larraya-guidi/800659876/arg/jt/d/"",""hiddenPlayer"":false},{""playerId"":800595691,""nationality"":""GER"",""givenName"":""Sonja"",""familyName"":""Zhenikhova"",""profileLink"":""/en/players/sonja-zhenikhova/800595691/ger/jt/d/"",""hiddenPlayer"":false}],""scores"":[{""score"":7,""losingScore"":null},{""score"":6,""losingScore"":null},null,null,null],""isWinner"":true,""seeding"":null,""tieNationCode"":null,""entryStatus"":""DA""}],""playStatusCode"":""PC"",""playStatusDesc"":""Played and completed"",""resultStatusDesc"":null,""resultStatusCode"":null,""MatchTypeCode"":null,""CircuitCode"":null}",2026-06-02T22:21:53.235Z
J-JGS-FRA-2026-001,Roland Garros Junior Championships,JGS,2026-05-31,2026-06-06,1100202636,1100689789,G,Girls,D,Doubles,M,Main Draw,KO,Knock-out,,1st Round,1,2124508725,PC,Played and completed,,,800709314|800758791,Lani Chang / Janae Preston,USA|USA,,DA,800644753|800586389,Luna Maria Cinalli / Ha Eum Lee,ARG|KOR,,DA,2,Luna Maria Cinalli / Ha Eum Lee,2-6 6-7(1),,https://www.rolandgarros.com/en-us/matches?status=live,"{""matchId"":2124508725,""h2hLink"":"""",""liveScoresLink"":""https://www.rolandgarros.com/en-us/matches?status=live"",""teams"":[{""players"":[{""playerId"":800709314,""nationality"":""USA"",""givenName"":""Lani"",""familyName"":""Chang"",""profileLink"":""/en/players/lani-chang/800709314/usa/jt/d/"",""hiddenPlayer"":false},{""playerId"":800758791,""nationality"":""USA"",""givenName"":""Janae"",""familyName"":""Preston"",""profileLink"":""/en/players/janae-preston/800758791/usa/jt/d/"",""hiddenPlayer"":false}],""scores"":[{""score"":2,""losingScore"":null},{""score"":6,""losingScore"":1},null,null,null],""isWinner"":false,""seeding"":null,""tieNationCode"":null,""entryStatus"":""DA""},{""players"":[{""playerId"":800644753,""nationality"":""ARG"",""givenName"":""Luna Maria"",""familyName"":""Cinalli"",""profileLink"":""/en/players/luna-maria-cinalli/800644753/arg/jt/d/"",""hiddenPlayer"":false},{""playerId"":800586389,""nationality"":""KOR"",""givenName"":""Ha Eum"",""familyName"":""Lee"",""profileLink"":""/en/players/ha-eum-lee/800586389/kor/jt/d/"",""hiddenPlayer"":false}],""scores"":[{""score"":6,""losingScore"":null},{""score"":7,""losingScore"":null},null,null,null],""isWinner"":true,""seeding"":null,""tieNationCode"":null,""entryStatus"":""DA""}],""playStatusCode"":""PC"",""playStatusDesc"":""Played and completed"",""resultStatusDesc"":null,""resultStatusCode"":null,""MatchTypeCode"":null,""CircuitCode"":null}",2026-06-02T22:21:53.235Z
J-JGS-FRA-2026-001,Roland Garros Junior Championships,JGS,2026-05-31,2026-06-06,1100202636,1100689789,G,Girls,D,Doubles,M,Main Draw,KO,Knock-out,,1st Round,1,2124508726,PC,Played and completed,,,800636563|800661849,Lea Nilsson / Hollie Smart,SWE|GBR,,DA,800644962|800571280,Mariia Makarova / Ekaterina Tupitsyna,RUS|RUS,,DA,1,Lea Nilsson / Hollie Smart,7-6(2) 7-6(8),,https://www.rolandgarros.com/en-us/matches?status=live,"{""matchId"":2124508726,""h2hLink"":"""",""liveScoresLink"":""https://www.rolandgarros.com/en-us/matches?status=live"",""teams"":[{""players"":[{""playerId"":800636563,""nationality"":""SWE"",""givenName"":""Lea"",""familyName"":""Nilsson"",""profileLink"":""/en/players/lea-nilsson/800636563/swe/jt/d/"",""hiddenPlayer"":false},{""playerId"":800661849,""nationality"":""GBR"",""givenName"":""Hollie"",""familyName"":""Smart"",""profileLink"":""/en/players/hollie-smart/800661849/gbr/jt/d/"",""hiddenPlayer"":false}],""scores"":[{""score"":7,""losingScore"":null},{""score"":7,""losingScore"":null},null,null,null],""isWinner"":true,""seeding"":null,""tieNationCode"":null,""entryStatus"":""DA""},{""players"":[{""playerId"":800644962,""nationality"":""RUS"",""givenName"":""Mariia"",""familyName"":""Makarova"",""profileLink"":""/en/players/mariia-makarova/800644962/rus/jt/d/"",""hiddenPlayer"":false},{""playerId"":800571280,""nationality"":""RUS"",""givenName"":""Ekaterina"",""familyName"":""Tupitsyna"",""profileLink"":""/en/players/ekaterina-tupitsyna/800571280/rus/jt/d/"",""hiddenPlayer"":false}],""scores"":[{""score"":6,""losingScore"":2},{""score"":6,""losingScore"":8},null,null,null],""isWinner"":false,""seeding"":null,""tieNationCode"":null,""entryStatus"":""DA""}],""playStatusCode"":""PC"",""playStatusDesc"":""Played and completed"",""resultStatusDesc"":null,""resultStatusCode"":null,""MatchTypeCode"":null,""CircuitCode"":null}",2026-06-02T22:21:53.235Z
J-JGS-FRA-2026-001,Roland Garros Junior Championships,JGS,2026-05-31,2026-06-06,1100202636,1100689789,G,Girls,D,Doubles,M,Main Draw,KO,Knock-out,,1st Round,1,2124508727,PC,Played and completed,,,800663476|800630721,Mila Bastianelli / Capucine Cedillo- Vayson de Pradenne,FRA|FRA,,WC,800672253|800695060,Charo Esquiva Banuls / Nauhany Vitoria Leme Da Silva,ESP|BRA,2,DA,2,Charo Esquiva Banuls / Nauhany Vitoria Leme Da Silva,1-6 2-6,,https://www.rolandgarros.com/en-us/matches?status=live,"{""matchId"":2124508727,""h2hLink"":"""",""liveScoresLink"":""https://www.rolandgarros.com/en-us/matches?status=live"",""teams"":[{""players"":[{""playerId"":800663476,""nationality"":""FRA"",""givenName"":""Mila"",""familyName"":""Bastianelli"",""profileLink"":""/en/players/mila-bastianelli/800663476/fra/jt/d/"",""hiddenPlayer"":false},{""playerId"":800630721,""nationality"":""FRA"",""givenName"":""Capucine"",""familyName"":""Cedillo- Vayson de Pradenne"",""profileLink"":""/en/players/capucine-cedillo-vayson-de-pradenne/800630721/fra/jt/d/"",""hiddenPlayer"":false}],""scores"":[{""score"":1,""losingScore"":null},{""score"":2,""losingScore"":null},null,null,null],""isWinner"":false,""seeding"":null,""tieNationCode"":null,""entryStatus"":""WC""},{""players"":[{""playerId"":800672253,""nationality"":""ESP"",""givenName"":""Charo"",""familyName"":""Esquiva Banuls"",""profileLink"":""/en/players/charo-esquiva-banuls/800672253/esp/jt/d/"",""hiddenPlayer"":false},{""playerId"":800695060,""nationality"":""BRA"",""givenName"":""Nauhany Vitoria"",""familyName"":""Leme Da Silva"",""profileLink"":""/en/players/nauhany-vitoria-leme-da-silva/800695060/bra/jt/d/"",""hiddenPlayer"":false}],""scores"":[{""score"":6,""losingScore"":null},{""score"":6,""losingScore"":null},null,null,null],""isWinner"":true,""seeding"":2,""tieNationCode"":null,""entryStatus"":""DA""}],""playStatusCode"":""PC"",""playStatusDesc"":""Played and completed"",""resultStatusDesc"":null,""resultStatusCode"":null,""MatchTypeCode"":null,""CircuitCode"":null}",2026-06-02T22:21:53.235Z
J-JGS-FRA-2026-001,Roland Garros Junior Championships,JGS,2026-05-31,2026-06-06,1100202636,1100689789,G,Girls,D,Doubles,M,Main Draw,KO,Knock-out,,2nd Round,2,2124508728,TP,To be played,,,800655335|800656554,Victoria Luiza Barros / Paola Pinera Celorio,BRA|ESP,1,DA,800677532|800587881,Ekaterina Dotsenko / Ilary Pistola,RUS|ITA,,DA,,,,,https://www.rolandgarros.com/en-us/matches?status=live,"{""matchId"":2124508728,""h2hLink"":"""",""liveScoresLink"":""https://www.rolandgarros.com/en-us/matches?status=live"",""teams"":[{""players"":[{""playerId"":800655335,""nationality"":""BRA"",""givenName"":""Victoria Luiza"",""familyName"":""Barros"",""profileLink"":""/en/players/victoria-luiza-barros/800655335/bra/jt/d/"",""hiddenPlayer"":false},{""playerId"":800656554,""nationality"":""ESP"",""givenName"":""Paola"",""familyName"":""Pinera Celorio"",""profileLink"":""/en/players/paola-pinera-celorio/800656554/esp/jt/d/"",""hiddenPlayer"":false}],""scores"":[null,null,null,null,null],""isWinner"":false,""seeding"":1,""tieNationCode"":null,""entryStatus"":""DA""},{""players"":[{""playerId"":800677532,""nationality"":""RUS"",""givenName"":""Ekaterina"",""familyName"":""Dotsenko"",""profileLink"":""/en/players/ekaterina-dotsenko/800677532/rus/jt/d/"",""hiddenPlayer"":false},{""playerId"":800587881,""nationality"":""ITA"",""givenName"":""Ilary"",""familyName"":""Pistola"",""profileLink"":""/en/players/ilary-pistola/800587881/ita/jt/d/"",""hiddenPlayer"":false}],""scores"":[null,null,null,null,null],""isWinner"":false,""seeding"":null,""tieNationCode"":null,""entryStatus"":""DA""}],""playStatusCode"":""TP"",""playStatusDesc"":""To be played"",""resultStatusDesc"":null,""resultStatusCode"":null,""MatchTypeCode"":null,""CircuitCode"":null}",2026-06-02T22:21:53.235Z
J-JGS-FRA-2026-001,Roland Garros Junior Championships,JGS,2026-05-31,2026-06-06,1100202636,1100689789,G,Girls,D,Doubles,M,Main Draw,KO,Knock-out,,2nd Round,2,2124508729,TP,To be played,,,800651337|800655734,UI SU JEONG / Pietra Rivoli,KOR|BRA,,DA,800646432|800705703,Jordyn Hazelitt / Welles Newman,USA|USA,8,DA,,,,,https://www.rolandgarros.com/en-us/matches?status=live,"{""matchId"":2124508729,""h2hLink"":"""",""liveScoresLink"":""https://www.rolandgarros.com/en-us/matches?status=live"",""teams"":[{""players"":[{""playerId"":800651337,""nationality"":""KOR"",""givenName"":""UI SU"",""familyName"":""JEONG"",""profileLink"":""/en/players/ui-su-jeong/800651337/kor/jt/d/"",""hiddenPlayer"":false},{""playerId"":800655734,""nationality"":""BRA"",""givenName"":""Pietra"",""familyName"":""Rivoli"",""profileLink"":""/en/players/pietra-rivoli/800655734/bra/jt/d/"",""hiddenPlayer"":false}],""scores"":[null,null,null,null,null],""isWinner"":false,""seeding"":null,""tieNationCode"":null,""entryStatus"":""DA""},{""players"":[{""playerId"":800646432,""nationality"":""USA"",""givenName"":""Jordyn"",""familyName"":""Hazelitt"",""profileLink"":""/en/players/jordyn-hazelitt/800646432/usa/jt/d/"",""hiddenPlayer"":false},{""playerId"":800705703,""nationality"":""USA"",""givenName"":""Welles"",""familyName"":""Newman"",""profileLink"":""/en/players/welles-newman/800705703/usa/jt/d/"",""hiddenPlayer"":false}],""scores"":[null,null,null,null,null],""isWinner"":false,""seeding"":8,""tieNationCode"":null,""entryStatus"":""DA""}],""playStatusCode"":""TP"",""playStatusDesc"":""To be played"",""resultStatusDesc"":null,""resultStatusCode"":null,""MatchTypeCode"":null,""CircuitCode"":null}",2026-06-02T22:21:53.235Z
J-JGS-FRA-2026-001,Roland Garros Junior Championships,JGS,2026-05-31,2026-06-06,1100202636,1100689789,G,Girls,D,Doubles,M,Main Draw,KO,Knock-out,,2nd Round,2,2124508730,TP,To be played,,,800677732|800631529,Xinran Sun / Ruien Zhang,CHN|CHN,4,DA,800719735|800696508,Chukwumelije Clarke / Olivia Traynor,USA|USA,,DA,,,,,https://www.rolandgarros.com/en-us/matches?status=live,"{""matchId"":2124508730,""h2hLink"":"""",""liveScoresLink"":""https://www.rolandgarros.com/en-us/matches?status=live"",""teams"":[{""players"":[{""playerId"":800677732,""nationality"":""CHN"",""givenName"":""Xinran"",""familyName"":""Sun"",""profileLink"":""/en/players/xinran-sun/800677732/chn/jt/d/"",""hiddenPlayer"":false},{""playerId"":800631529,""nationality"":""CHN"",""givenName"":""Ruien"",""familyName"":""Zhang"",""profileLink"":""/en/players/ruien-zhang/800631529/chn/jt/d/"",""hiddenPlayer"":false}],""scores"":[null,null,null,null,null],""isWinner"":false,""seeding"":4,""tieNationCode"":null,""entryStatus"":""DA""},{""players"":[{""playerId"":800719735,""nationality"":""USA"",""givenName"":""Chukwumelije"",""familyName"":""Clarke"",""profileLink"":""/en/players/chukwumelije-clarke/800719735/usa/jt/d/"",""hiddenPlayer"":false},{""playerId"":800696508,""nationality"":""USA"",""givenName"":""Olivia"",""familyName"":""Traynor"",""profileLink"":""/en/players/olivia-traynor/800696508/usa/jt/d/"",""hiddenPlayer"":false}],""scores"":[null,null,null,null,null],""isWinner"":false,""seeding"":null,""tieNationCode"":null,""entryStatus"":""DA""}],""playStatusCode"":""TP"",""playStatusDesc"":""To be played"",""resultStatusDesc"":null,""resultStatusCode"":null,""MatchTypeCode"":null,""CircuitCode"":null}",2026-06-02T22:21:53.235Z
J-JGS-FRA-2026-001,Roland Garros Junior Championships,JGS,2026-05-31,2026-06-06,1100202636,1100689789,G,Girls,D,Doubles,M,Main Draw,KO,Knock-out,,2nd Round,2,2124508731,TP,To be played,,,800739107|800708800,Yu Jun Lin / Yu-Chen Lin,CHN|TPE,,DA,800721825|800636696,Felitsata Dorofeeva-Rybas / Anna Pushkareva,RUS|RUS,5,DA,,,,,https://www.rolandgarros.com/en-us/matches?status=live,"{""matchId"":2124508731,""h2hLink"":"""",""liveScoresLink"":""https://www.rolandgarros.com/en-us/matches?status=live"",""teams"":[{""players"":[{""playerId"":800739107,""nationality"":""CHN"",""givenName"":""Yu Jun"",""familyName"":""Lin"",""profileLink"":""/en/players/yu-jun-lin/800739107/chn/jt/d/"",""hiddenPlayer"":false},{""playerId"":800708800,""nationality"":""TPE"",""givenName"":""Yu-Chen"",""familyName"":""Lin"",""profileLink"":""/en/players/yu-chen-lin/800708800/tpe/jt/d/"",""hiddenPlayer"":false}],""scores"":[null,null,null,null,null],""isWinner"":false,""seeding"":null,""tieNationCode"":null,""entryStatus"":""DA""},{""players"":[{""playerId"":800721825,""nationality"":""RUS"",""givenName"":""Felitsata"",""familyName"":""Dorofeeva-Rybas"",""profileLink"":""/en/players/felitsata-dorofeeva-rybas/800721825/rus/jt/d/"",""hiddenPlayer"":false},{""playerId"":800636696,""nationality"":""RUS"",""givenName"":""Anna"",""familyName"":""Pushkareva"",""profileLink"":""/en/players/anna-pushkareva/800636696/rus/jt/d/"",""hiddenPlayer"":false}],""scores"":[null,null,null,null,null],""isWinner"":false,""seeding"":5,""tieNationCode"":null,""entryStatus"":""DA""}],""playStatusCode"":""TP"",""playStatusDesc"":""To be played"",""resultStatusDesc"":null,""resultStatusCode"":null,""MatchTypeCode"":null,""CircuitCode"":null}",2026-06-02T22:21:53.235Z
J-JGS-FRA-2026-001,Roland Garros Junior Championships,JGS,2026-05-31,2026-06-06,1100202636,1100689789,G,Girls,D,Doubles,M,Main Draw,KO,Knock-out,,2nd Round,2,2124508732,TP,To be played,,,800667265|800601474,Polina Skliar / Mariella Thamm,UKR|GER,6,DA,800661515|800656226,Jana Kovackova / Katerina Zajickova,CZE|CZE,,DA,,,,,https://www.rolandgarros.com/en-us/matches?status=live,"{""matchId"":2124508732,""h2hLink"":"""",""liveScoresLink"":""https://www.rolandgarros.com/en-us/matches?status=live"",""teams"":[{""players"":[{""playerId"":800667265,""nationality"":""UKR"",""givenName"":""Polina"",""familyName"":""Skliar"",""profileLink"":""/en/players/polina-skliar/800667265/ukr/jt/d/"",""hiddenPlayer"":false},{""playerId"":800601474,""nationality"":""GER"",""givenName"":""Mariella"",""familyName"":""Thamm"",""profileLink"":""/en/players/mariella-thamm/800601474/ger/jt/d/"",""hiddenPlayer"":false}],""scores"":[null,null,null,null,null],""isWinner"":false,""seeding"":6,""tieNationCode"":null,""entryStatus"":""DA""},{""players"":[{""playerId"":800661515,""nationality"":""CZE"",""givenName"":""Jana"",""familyName"":""Kovackova"",""profileLink"":""/en/players/jana-kovackova/800661515/cze/jt/d/"",""hiddenPlayer"":false},{""playerId"":800656226,""nationality"":""CZE"",""givenName"":""Katerina"",""familyName"":""Zajickova"",""profileLink"":""/en/players/katerina-zajickova/800656226/cze/jt/d/"",""hiddenPlayer"":false}],""scores"":[null,null,null,null,null],""isWinner"":false,""seeding"":null,""tieNationCode"":null,""entryStatus"":""DA""}],""playStatusCode"":""TP"",""playStatusDesc"":""To be played"",""resultStatusDesc"":null,""resultStatusCode"":null,""MatchTypeCode"":null,""CircuitCode"":null}",2026-06-02T22:21:53.235Z
J-JGS-FRA-2026-001,Roland Garros Junior Championships,JGS,2026-05-31,2026-06-06,1100202636,1100689789,G,Girls,D,Doubles,M,Main Draw,KO,Knock-out,,2nd Round,2,2124508733,TP,To be played,,,800731351|800730824,Yushan Shao / Zhang-Qian Wei,CHN|CHN,,DA,800598140|800702416,Anastasija Cvetkovic / Thea Frodin,SRB|USA,3,DA,,,,,https://www.rolandgarros.com/en-us/matches?status=live,"{""matchId"":2124508733,""h2hLink"":"""",""liveScoresLink"":""https://www.rolandgarros.com/en-us/matches?status=live"",""teams"":[{""players"":[{""playerId"":800731351,""nationality"":""CHN"",""givenName"":""Yushan"",""familyName"":""Shao"",""profileLink"":""/en/players/yushan-shao/800731351/chn/jt/d/"",""hiddenPlayer"":false},{""playerId"":800730824,""nationality"":""CHN"",""givenName"":""Zhang-Qian"",""familyName"":""Wei"",""profileLink"":""/en/players/zhang-qian-wei/800730824/chn/jt/d/"",""hiddenPlayer"":false}],""scores"":[null,null,null,null,null],""isWinner"":false,""seeding"":null,""tieNationCode"":null,""entryStatus"":""DA""},{""players"":[{""playerId"":800598140,""nationality"":""SRB"",""givenName"":""Anastasija"",""familyName"":""Cvetkovic"",""profileLink"":""/en/players/anastasija-cvetkovic/800598140/srb/jt/d/"",""hiddenPlayer"":false},{""playerId"":800702416,""nationality"":""USA"",""givenName"":""Thea"",""familyName"":""Frodin"",""profileLink"":""/en/players/thea-frodin/800702416/usa/jt/d/"",""hiddenPlayer"":false}],""scores"":[null,null,null,null,null],""isWinner"":false,""seeding"":3,""tieNationCode"":null,""entryStatus"":""DA""}],""playStatusCode"":""TP"",""playStatusDesc"":""To be played"",""resultStatusDesc"":null,""resultStatusCode"":null,""MatchTypeCode"":null,""CircuitCode"":null}",2026-06-02T22:21:53.235Z
J-JGS-FRA-2026-001,Roland Garros Junior Championships,JGS,2026-05-31,2026-06-06,1100202636,1100689789,G,Girls,D,Doubles,M,Main Draw,KO,Knock-out,,2nd Round,2,2124508734,TP,To be played,,,800659876|800595691,Sol Ailin Larraya Guidi / Sonja Zhenikhova,ARG|GER,,DA,800644753|800586389,Luna Maria Cinalli / Ha Eum Lee,ARG|KOR,,DA,,,,,https://www.rolandgarros.com/en-us/matches?status=live,"{""matchId"":2124508734,""h2hLink"":"""",""liveScoresLink"":""https://www.rolandgarros.com/en-us/matches?status=live"",""teams"":[{""players"":[{""playerId"":800659876,""nationality"":""ARG"",""givenName"":""Sol Ailin"",""familyName"":""Larraya Guidi"",""profileLink"":""/en/players/sol-ailin-larraya-guidi/800659876/arg/jt/d/"",""hiddenPlayer"":false},{""playerId"":800595691,""nationality"":""GER"",""givenName"":""Sonja"",""familyName"":""Zhenikhova"",""profileLink"":""/en/players/sonja-zhenikhova/800595691/ger/jt/d/"",""hiddenPlayer"":false}],""scores"":[null,null,null,null,null],""isWinner"":false,""seeding"":null,""tieNationCode"":null,""entryStatus"":""DA""},{""players"":[{""playerId"":800644753,""nationality"":""ARG"",""givenName"":""Luna Maria"",""familyName"":""Cinalli"",""profileLink"":""/en/players/luna-maria-cinalli/800644753/arg/jt/d/"",""hiddenPlayer"":false},{""playerId"":800586389,""nationality"":""KOR"",""givenName"":""Ha Eum"",""familyName"":""Lee"",""profileLink"":""/en/players/ha-eum-lee/800586389/kor/jt/d/"",""hiddenPlayer"":false}],""scores"":[null,null,null,null,null],""isWinner"":false,""seeding"":null,""tieNationCode"":null,""entryStatus"":""DA""}],""playStatusCode"":""TP"",""playStatusDesc"":""To be played"",""resultStatusDesc"":null,""resultStatusCode"":null,""MatchTypeCode"":null,""CircuitCode"":null}",2026-06-02T22:21:53.235Z
J-JGS-FRA-2026-001,Roland Garros Junior Championships,JGS,2026-05-31,2026-06-06,1100202636,1100689789,G,Girls,D,Doubles,M,Main Draw,KO,Knock-out,,2nd Round,2,2124508735,TP,To be played,,,800636563|800661849,Lea Nilsson / Hollie Smart,SWE|GBR,,DA,800672253|800695060,Charo Esquiva Banuls / Nauhany Vitoria Leme Da Silva,ESP|BRA,2,DA,,,,,https://www.rolandgarros.com/en-us/matches?status=live,"{""matchId"":2124508735,""h2hLink"":"""",""liveScoresLink"":""https://www.rolandgarros.com/en-us/matches?status=live"",""teams"":[{""players"":[{""playerId"":800636563,""nationality"":""SWE"",""givenName"":""Lea"",""familyName"":""Nilsson"",""profileLink"":""/en/players/lea-nilsson/800636563/swe/jt/d/"",""hiddenPlayer"":false},{""playerId"":800661849,""nationality"":""GBR"",""givenName"":""Hollie"",""familyName"":""Smart"",""profileLink"":""/en/players/hollie-smart/800661849/gbr/jt/d/"",""hiddenPlayer"":false}],""scores"":[null,null,null,null,null],""isWinner"":false,""seeding"":null,""tieNationCode"":null,""entryStatus"":""DA""},{""players"":[{""playerId"":800672253,""nationality"":""ESP"",""givenName"":""Charo"",""familyName"":""Esquiva Banuls"",""profileLink"":""/en/players/charo-esquiva-banuls/800672253/esp/jt/d/"",""hiddenPlayer"":false},{""playerId"":800695060,""nationality"":""BRA"",""givenName"":""Nauhany Vitoria"",""familyName"":""Leme Da Silva"",""profileLink"":""/en/players/nauhany-vitoria-leme-da-silva/800695060/bra/jt/d/"",""hiddenPlayer"":false}],""scores"":[null,null,null,null,null],""isWinner"":false,""seeding"":2,""tieNationCode"":null,""entryStatus"":""DA""}],""playStatusCode"":""TP"",""playStatusDesc"":""To be played"",""resultStatusDesc"":null,""resultStatusCode"":null,""MatchTypeCode"":null,""CircuitCode"":null}",2026-06-02T22:21:53.235Z
J-JGS-FRA-2026-001,Roland Garros Junior Championships,JGS,2026-05-31,2026-06-06,1100202636,1100689789,G,Girls,D,Doubles,M,Main Draw,KO,Knock-out,,Quarter-finals,3,2124508736,TP,To be played,,,,,,,,,,,,,,,,,https://www.rolandgarros.com/en-us/matches?status=live,"{""matchId"":2124508736,""h2hLink"":"""",""liveScoresLink"":""https://www.rolandgarros.com/en-us/matches?status=live"",""teams"":[{""players"":[null,null],""scores"":[null,null,null,null,null],""isWinner"":false,""seeding"":null,""tieNationCode"":null,""entryStatus"":null},{""players"":[null,null],""scores"":[null,null,null,null,null],""isWinner"":false,""seeding"":null,""tieNationCode"":null,""entryStatus"":null}],""playStatusCode"":""TP"",""playStatusDesc"":""To be played"",""resultStatusDesc"":null,""resultStatusCode"":null,""MatchTypeCode"":null,""CircuitCode"":null}",2026-06-02T22:21:53.235Z
J-JGS-FRA-2026-001,Roland Garros Junior Championships,JGS,2026-05-31,2026-06-06,1100202636,1100689789,G,Girls,D,Doubles,M,Main Draw,KO,Knock-out,,Quarter-finals,3,2124508737,TP,To be played,,,,,,,,,,,,,,,,,https://www.rolandgarros.com/en-us/matches?status=live,"{""matchId"":2124508737,""h2hLink"":"""",""liveScoresLink"":""https://www.rolandgarros.com/en-us/matches?status=live"",""teams"":[{""players"":[null,null],""scores"":[null,null,null,null,null],""isWinner"":false,""seeding"":null,""tieNationCode"":null,""entryStatus"":null},{""players"":[null,null],""scores"":[null,null,null,null,null],""isWinner"":false,""seeding"":null,""tieNationCode"":null,""entryStatus"":null}],""playStatusCode"":""TP"",""playStatusDesc"":""To be played"",""resultStatusDesc"":null,""resultStatusCode"":null,""MatchTypeCode"":null,""CircuitCode"":null}",2026-06-02T22:21:53.235Z
J-JGS-FRA-2026-001,Roland Garros Junior Championships,JGS,2026-05-31,2026-06-06,1100202636,1100689789,G,Girls,D,Doubles,M,Main Draw,KO,Knock-out,,Quarter-finals,3,2124508738,TP,To be played,,,,,,,,,,,,,,,,,https://www.rolandgarros.com/en-us/matches?status=live,"{""matchId"":2124508738,""h2hLink"":"""",""liveScoresLink"":""https://www.rolandgarros.com/en-us/matches?status=live"",""teams"":[{""players"":[null,null],""scores"":[null,null,null,null,null],""isWinner"":false,""seeding"":null,""tieNationCode"":null,""entryStatus"":null},{""players"":[null,null],""scores"":[null,null,null,null,null],""isWinner"":false,""seeding"":null,""tieNationCode"":null,""entryStatus"":null}],""playStatusCode"":""TP"",""playStatusDesc"":""To be played"",""resultStatusDesc"":null,""resultStatusCode"":null,""MatchTypeCode"":null,""CircuitCode"":null}",2026-06-02T22:21:53.235Z
J-JGS-FRA-2026-001,Roland Garros Junior Championships,JGS,2026-05-31,2026-06-06,1100202636,1100689789,G,Girls,D,Doubles,M,Main Draw,KO,Knock-out,,Quarter-finals,3,2124508739,TP,To be played,,,,,,,,,,,,,,,,,https://www.rolandgarros.com/en-us/matches?status=live,"{""matchId"":2124508739,""h2hLink"":"""",""liveScoresLink"":""https://www.rolandgarros.com/en-us/matches?status=live"",""teams"":[{""players"":[null,null],""scores"":[null,null,null,null,null],""isWinner"":false,""seeding"":null,""tieNationCode"":null,""entryStatus"":null},{""players"":[null,null],""scores"":[null,null,null,null,null],""isWinner"":false,""seeding"":null,""tieNationCode"":null,""entryStatus"":null}],""playStatusCode"":""TP"",""playStatusDesc"":""To be played"",""resultStatusDesc"":null,""resultStatusCode"":null,""MatchTypeCode"":null,""CircuitCode"":null}",2026-06-02T22:21:53.235Z
J-JGS-FRA-2026-001,Roland Garros Junior Championships,JGS,2026-05-31,2026-06-06,1100202636,1100689789,G,Girls,D,Doubles,M,Main Draw,KO,Knock-out,,Semi-finals,4,2124508740,TP,To be played,,,,,,,,,,,,,,,,,https://www.rolandgarros.com/en-us/matches?status=live,"{""matchId"":2124508740,""h2hLink"":"""",""liveScoresLink"":""https://www.rolandgarros.com/en-us/matches?status=live"",""teams"":[{""players"":[null,null],""scores"":[null,null,null,null,null],""isWinner"":false,""seeding"":null,""tieNationCode"":null,""entryStatus"":null},{""players"":[null,null],""scores"":[null,null,null,null,null],""isWinner"":false,""seeding"":null,""tieNationCode"":null,""entryStatus"":null}],""playStatusCode"":""TP"",""playStatusDesc"":""To be played"",""resultStatusDesc"":null,""resultStatusCode"":null,""MatchTypeCode"":null,""CircuitCode"":null}",2026-06-02T22:21:53.236Z
J-JGS-FRA-2026-001,Roland Garros Junior Championships,JGS,2026-05-31,2026-06-06,1100202636,1100689789,G,Girls,D,Doubles,M,Main Draw,KO,Knock-out,,Semi-finals,4,2124508741,TP,To be played,,,,,,,,,,,,,,,,,https://www.rolandgarros.com/en-us/matches?status=live,"{""matchId"":2124508741,""h2hLink"":"""",""liveScoresLink"":""https://www.rolandgarros.com/en-us/matches?status=live"",""teams"":[{""players"":[null,null],""scores"":[null,null,null,null,null],""isWinner"":false,""seeding"":null,""tieNationCode"":null,""entryStatus"":null},{""players"":[null,null],""scores"":[null,null,null,null,null],""isWinner"":false,""seeding"":null,""tieNationCode"":null,""entryStatus"":null}],""playStatusCode"":""TP"",""playStatusDesc"":""To be played"",""resultStatusDesc"":null,""resultStatusCode"":null,""MatchTypeCode"":null,""CircuitCode"":null}",2026-06-02T22:21:53.236Z
J-JGS-FRA-2026-001,Roland Garros Junior Championships,JGS,2026-05-31,2026-06-06,1100202636,1100689789,G,Girls,D,Doubles,M,Main Draw,KO,Knock-out,,Final,5,2124508742,TP,To be played,,,,,,,,,,,,,,,,,https://www.rolandgarros.com/en-us/matches?status=live,"{""matchId"":2124508742,""h2hLink"":"""",""liveScoresLink"":""https://www.rolandgarros.com/en-us/matches?status=live"",""teams"":[{""players"":[null,null],""scores"":[null,null,null,null,null],""isWinner"":false,""seeding"":null,""tieNationCode"":null,""entryStatus"":null},{""players"":[null,null],""scores"":[null,null,null,null,null],""isWinner"":false,""seeding"":null,""tieNationCode"":null,""entryStatus"":null}],""playStatusCode"":""TP"",""playStatusDesc"":""To be played"",""resultStatusDesc"":null,""resultStatusCode"":null,""MatchTypeCode"":null,""CircuitCode"":null}",2026-06-02T22:21:53.236Z
