tournament_key,tournament_name,category,start_date,end_date,player_id,player_name,nationality,player_type_code,player_type_desc,event_type,event_classification,matches_played,wins,losses,highest_round_order,highest_round_name,total_rounds_in_draw,calculated_round_label,status,live_points_raw,live_points_weighted,collected_at
J-J100-GUA-2026-001,J100 Guatemala,J100,2026-06-01,2026-06-06,800695465,Abril Cardenas Olivares,MEX,G,Girls,doubles,main_draw,0,0,0,2,Quarter-finals,4,R16,not_started_or_unknown,18,4.5,2026-06-03T03:36:09.866Z
J-J100-GUA-2026-001,J100 Guatemala,J100,2026-06-01,2026-06-06,800629801,Alexandra Korneeva,ARM,G,Girls,doubles,main_draw,0,0,0,1,1st Round,4,R16,not_started_or_unknown,18,4.5,2026-06-03T03:36:09.866Z
J-J100-GUA-2026-001,J100 Guatemala,J100,2026-06-01,2026-06-06,800816915,Anika Javora,GUA,G,Girls,doubles,main_draw,0,0,0,1,1st Round,4,R16,not_started_or_unknown,18,4.5,2026-06-03T03:36:09.866Z
J-J100-GUA-2026-001,J100 Guatemala,J100,2026-06-01,2026-06-06,800719489,ANTHONY DAVID VASQUEZ SANDOVAL,GUA,B,Boys,doubles,main_draw,0,0,0,1,1st Round,4,R16,not_started_or_unknown,18,4.5,2026-06-03T03:36:09.866Z
J-J100-GUA-2026-001,J100 Guatemala,J100,2026-06-01,2026-06-06,800694095,ANTOINE TARDIF,CAN,B,Boys,doubles,main_draw,0,0,0,1,1st Round,4,R16,not_started_or_unknown,18,4.5,2026-06-03T03:36:09.867Z
J-J100-GUA-2026-001,J100 Guatemala,J100,2026-06-01,2026-06-06,800752433,Antonio Carlos Castellanos,GUA,B,Boys,doubles,main_draw,0,0,0,1,1st Round,4,R16,not_started_or_unknown,18,4.5,2026-06-03T03:36:09.867Z
J-J100-GUA-2026-001,J100 Guatemala,J100,2026-06-01,2026-06-06,800810285,Antonio Guarcax,GUA,B,Boys,doubles,main_draw,0,0,0,1,1st Round,4,R16,not_started_or_unknown,18,4.5,2026-06-03T03:36:09.867Z
J-J100-GUA-2026-001,J100 Guatemala,J100,2026-06-01,2026-06-06,800706118,Ariana Ikwueme,USA,G,Girls,doubles,main_draw,0,0,0,2,Quarter-finals,4,R16,not_started_or_unknown,18,4.5,2026-06-03T03:36:09.867Z
J-J100-GUA-2026-001,J100 Guatemala,J100,2026-06-01,2026-06-06,800745755,Camila Morataya,ESA,G,Girls,doubles,main_draw,0,0,0,1,1st Round,4,R16,not_started_or_unknown,18,4.5,2026-06-03T03:36:09.867Z
J-J100-GUA-2026-001,J100 Guatemala,J100,2026-06-01,2026-06-06,800678872,Carlos Marcelo Silva Sovero,CHI,B,Boys,doubles,main_draw,0,0,0,1,1st Round,4,R16,not_started_or_unknown,18,4.5,2026-06-03T03:36:09.867Z
J-J100-GUA-2026-001,J100 Guatemala,J100,2026-06-01,2026-06-06,800777943,Carlota Garibay Romero,MEX,G,Girls,doubles,main_draw,0,0,0,1,1st Round,4,R16,not_started_or_unknown,18,4.5,2026-06-03T03:36:09.867Z
J-J100-GUA-2026-001,J100 Guatemala,J100,2026-06-01,2026-06-06,800786587,Carmen Fuentes,GUA,G,Girls,doubles,main_draw,0,0,0,1,1st Round,4,R16,not_started_or_unknown,18,4.5,2026-06-03T03:36:09.867Z
J-J100-GUA-2026-001,J100 Guatemala,J100,2026-06-01,2026-06-06,800712329,Charles Minvielle,USA,B,Boys,doubles,main_draw,0,0,0,1,1st Round,4,R16,not_started_or_unknown,18,4.5,2026-06-03T03:36:09.867Z
J-J100-GUA-2026-001,J100 Guatemala,J100,2026-06-01,2026-06-06,800678780,Chetan Vasquez Quintero,COL,B,Boys,doubles,main_draw,0,0,0,1,1st Round,4,R16,not_started_or_unknown,18,4.5,2026-06-03T03:36:09.867Z
J-J100-GUA-2026-001,J100 Guatemala,J100,2026-06-01,2026-06-06,800725103,Ellery Mendell,USA,G,Girls,doubles,main_draw,0,0,0,2,Quarter-finals,4,R16,not_started_or_unknown,18,4.5,2026-06-03T03:36:09.867Z
J-J100-GUA-2026-001,J100 Guatemala,J100,2026-06-01,2026-06-06,800695208,Enzo Badotti Cariani,BRA,B,Boys,doubles,main_draw,0,0,0,1,1st Round,4,R16,not_started_or_unknown,18,4.5,2026-06-03T03:36:09.867Z
J-J100-GUA-2026-001,J100 Guatemala,J100,2026-06-01,2026-06-06,800713070,Eve Thibault,CAN,G,Girls,doubles,main_draw,0,0,0,1,1st Round,4,R16,not_started_or_unknown,18,4.5,2026-06-03T03:36:09.867Z
J-J100-GUA-2026-001,J100 Guatemala,J100,2026-06-01,2026-06-06,800653778,Felipe Wright,ECU,B,Boys,doubles,main_draw,0,0,0,1,1st Round,4,R16,not_started_or_unknown,18,4.5,2026-06-03T03:36:09.867Z
J-J100-GUA-2026-001,J100 Guatemala,J100,2026-06-01,2026-06-06,800801381,Fernando Saravia Gandara,MEX,B,Boys,doubles,main_draw,0,0,0,1,1st Round,4,R16,not_started_or_unknown,18,4.5,2026-06-03T03:36:09.867Z
J-J100-GUA-2026-001,J100 Guatemala,J100,2026-06-01,2026-06-06,800718567,Filipa Delgado,USA,G,Girls,doubles,main_draw,0,0,0,2,Quarter-finals,4,R16,not_started_or_unknown,18,4.5,2026-06-03T03:36:09.867Z
J-J100-GUA-2026-001,J100 Guatemala,J100,2026-06-01,2026-06-06,800809720,Gabriel Emilio Aceituno Bethancourt,GUA,B,Boys,doubles,main_draw,0,0,0,1,1st Round,4,R16,not_started_or_unknown,18,4.5,2026-06-03T03:36:09.867Z
J-J100-GUA-2026-001,J100 Guatemala,J100,2026-06-01,2026-06-06,800693872,Gianluigi Martini,GUA,B,Boys,doubles,main_draw,0,0,0,1,1st Round,4,R16,not_started_or_unknown,18,4.5,2026-06-03T03:36:09.867Z
J-J100-GUA-2026-001,J100 Guatemala,J100,2026-06-01,2026-06-06,800815293,Giuliana Alvarado Solis,GUA,G,Girls,doubles,main_draw,0,0,0,1,1st Round,4,R16,not_started_or_unknown,18,4.5,2026-06-03T03:36:09.867Z
J-J100-GUA-2026-001,J100 Guatemala,J100,2026-06-01,2026-06-06,800725121,Gurjot Singh,USA,B,Boys,doubles,main_draw,0,0,0,1,1st Round,4,R16,not_started_or_unknown,18,4.5,2026-06-03T03:36:09.867Z
J-J100-GUA-2026-001,J100 Guatemala,J100,2026-06-01,2026-06-06,800647681,Hanne Estrada Cortes,MEX,G,Girls,doubles,main_draw,0,0,0,1,1st Round,4,R16,not_started_or_unknown,18,4.5,2026-06-03T03:36:09.867Z
J-J100-GUA-2026-001,J100 Guatemala,J100,2026-06-01,2026-06-06,800692700,Harold Ronaldo Andre Cotom Hidalgo,GUA,B,Boys,doubles,main_draw,0,0,0,1,1st Round,4,R16,not_started_or_unknown,18,4.5,2026-06-03T03:36:09.867Z
J-J100-GUA-2026-001,J100 Guatemala,J100,2026-06-01,2026-06-06,800734188,Indra Vergne,USA,B,Boys,doubles,main_draw,0,0,0,1,1st Round,4,R16,not_started_or_unknown,18,4.5,2026-06-03T03:36:09.867Z
J-J100-GUA-2026-001,J100 Guatemala,J100,2026-06-01,2026-06-06,800870564,Ines Ruano Gonzalez,GUA,G,Girls,doubles,main_draw,0,0,0,1,1st Round,4,R16,not_started_or_unknown,18,4.5,2026-06-03T03:36:09.867Z
J-J100-GUA-2026-001,J100 Guatemala,J100,2026-06-01,2026-06-06,800693874,Jerry Han,CAN,B,Boys,doubles,main_draw,0,0,0,1,1st Round,4,R16,not_started_or_unknown,18,4.5,2026-06-03T03:36:09.867Z
J-J100-GUA-2026-001,J100 Guatemala,J100,2026-06-01,2026-06-06,800812344,Jorge Rodrigo Estevez Urizar,GUA,B,Boys,doubles,main_draw,0,0,0,1,1st Round,4,R16,not_started_or_unknown,18,4.5,2026-06-03T03:36:09.867Z
J-J100-GUA-2026-001,J100 Guatemala,J100,2026-06-01,2026-06-06,800768634,Jose Anibal Martinez Mendoza,GUA,B,Boys,doubles,main_draw,0,0,0,1,1st Round,4,R16,not_started_or_unknown,18,4.5,2026-06-03T03:36:09.867Z
J-J100-GUA-2026-001,J100 Guatemala,J100,2026-06-01,2026-06-06,800681137,Jose Lopez,GUA,B,Boys,doubles,main_draw,0,0,0,1,1st Round,4,R16,not_started_or_unknown,18,4.5,2026-06-03T03:36:09.867Z
J-J100-GUA-2026-001,J100 Guatemala,J100,2026-06-01,2026-06-06,800767029,Julian Garcia,GUA,B,Boys,doubles,main_draw,0,0,0,1,1st Round,4,R16,not_started_or_unknown,18,4.5,2026-06-03T03:36:09.867Z
J-J100-GUA-2026-001,J100 Guatemala,J100,2026-06-01,2026-06-06,800856763,Katia Maria Pemueller,GUA,G,Girls,doubles,main_draw,0,0,0,1,1st Round,4,R16,not_started_or_unknown,18,4.5,2026-06-03T03:36:09.867Z
J-J100-GUA-2026-001,J100 Guatemala,J100,2026-06-01,2026-06-06,800651897,Kendrick Lambrano Suarez,COL,B,Boys,doubles,main_draw,0,0,0,1,1st Round,4,R16,not_started_or_unknown,18,4.5,2026-06-03T03:36:09.867Z
J-J100-GUA-2026-001,J100 Guatemala,J100,2026-06-01,2026-06-06,800692269,Laura Carvalho e Silva Kracke,IRL,G,Girls,doubles,main_draw,0,0,0,1,1st Round,4,R16,not_started_or_unknown,18,4.5,2026-06-03T03:36:09.867Z
J-J100-GUA-2026-001,J100 Guatemala,J100,2026-06-01,2026-06-06,800719587,LUCIANA MEJIA ARCE,GUA,G,Girls,doubles,main_draw,0,0,0,1,1st Round,4,R16,not_started_or_unknown,18,4.5,2026-06-03T03:36:09.867Z
J-J100-GUA-2026-001,J100 Guatemala,J100,2026-06-01,2026-06-06,800675480,Maria Fernanda Poma Coronado,PER,G,Girls,doubles,main_draw,0,0,0,1,1st Round,4,R16,not_started_or_unknown,18,4.5,2026-06-03T03:36:09.867Z
J-J100-GUA-2026-001,J100 Guatemala,J100,2026-06-01,2026-06-06,800719518,Mario Lopez,GUA,B,Boys,doubles,main_draw,0,0,0,1,1st Round,4,R16,not_started_or_unknown,18,4.5,2026-06-03T03:36:09.867Z
J-J100-GUA-2026-001,J100 Guatemala,J100,2026-06-01,2026-06-06,800767031,Martin Garcia,GUA,B,Boys,doubles,main_draw,0,0,0,1,1st Round,4,R16,not_started_or_unknown,18,4.5,2026-06-03T03:36:09.867Z
J-J100-GUA-2026-001,J100 Guatemala,J100,2026-06-01,2026-06-06,800851749,Matias Gonzalez Ordonez,GUA,B,Boys,doubles,main_draw,0,0,0,1,1st Round,4,R16,not_started_or_unknown,18,4.5,2026-06-03T03:36:09.867Z
J-J100-GUA-2026-001,J100 Guatemala,J100,2026-06-01,2026-06-06,800753060,Matias Quintero Tobon,COL,B,Boys,doubles,main_draw,0,0,0,1,1st Round,4,R16,not_started_or_unknown,18,4.5,2026-06-03T03:36:09.867Z
J-J100-GUA-2026-001,J100 Guatemala,J100,2026-06-01,2026-06-06,800718989,Niccolo Magagnin,ITA,B,Boys,doubles,main_draw,0,0,0,1,1st Round,4,R16,not_started_or_unknown,18,4.5,2026-06-03T03:36:09.867Z
J-J100-GUA-2026-001,J100 Guatemala,J100,2026-06-01,2026-06-06,800710161,Nicolas Brandao,BRA,B,Boys,doubles,main_draw,0,0,0,1,1st Round,4,R16,not_started_or_unknown,18,4.5,2026-06-03T03:36:09.867Z
J-J100-GUA-2026-001,J100 Guatemala,J100,2026-06-01,2026-06-06,800870351,Paulina Gaviria,COL,G,Girls,doubles,main_draw,0,0,0,1,1st Round,4,R16,not_started_or_unknown,18,4.5,2026-06-03T03:36:09.867Z
J-J100-GUA-2026-001,J100 Guatemala,J100,2026-06-01,2026-06-06,800852210,Paulina Herrera,GUA,G,Girls,doubles,main_draw,0,0,0,1,1st Round,4,R16,not_started_or_unknown,18,4.5,2026-06-03T03:36:09.867Z
J-J100-GUA-2026-001,J100 Guatemala,J100,2026-06-01,2026-06-06,800661962,Rafael Gama,BRA,B,Boys,doubles,main_draw,0,0,0,1,1st Round,4,R16,not_started_or_unknown,18,4.5,2026-06-03T03:36:09.867Z
J-J100-GUA-2026-001,J100 Guatemala,J100,2026-06-01,2026-06-06,800727016,Ruochen Gao,CHN,B,Boys,doubles,main_draw,0,0,0,1,1st Round,4,R16,not_started_or_unknown,18,4.5,2026-06-03T03:36:09.867Z
J-J100-GUA-2026-001,J100 Guatemala,J100,2026-06-01,2026-06-06,800568131,Rushikesh Sonawane,IND,B,Boys,doubles,main_draw,0,0,0,1,1st Round,4,R16,not_started_or_unknown,18,4.5,2026-06-03T03:36:09.867Z
J-J100-GUA-2026-001,J100 Guatemala,J100,2026-06-01,2026-06-06,800667886,Sarah Stoyanov,USA,G,Girls,doubles,main_draw,0,0,0,2,Quarter-finals,4,R16,not_started_or_unknown,18,4.5,2026-06-03T03:36:09.867Z
J-J100-GUA-2026-001,J100 Guatemala,J100,2026-06-01,2026-06-06,800697708,Simon Ignacio Flores Leyton,CHI,B,Boys,doubles,main_draw,0,0,0,1,1st Round,4,R16,not_started_or_unknown,18,4.5,2026-06-03T03:36:09.867Z
J-J100-GUA-2026-001,J100 Guatemala,J100,2026-06-01,2026-06-06,800729855,Sofia Ines Alvarez Monterroso,GUA,G,Girls,doubles,main_draw,0,0,0,1,1st Round,4,R16,not_started_or_unknown,18,4.5,2026-06-03T03:36:09.867Z
J-J100-GUA-2026-001,J100 Guatemala,J100,2026-06-01,2026-06-06,800698385,Sofia Tejada,GUA,G,Girls,doubles,main_draw,0,0,0,1,1st Round,4,R16,not_started_or_unknown,18,4.5,2026-06-03T03:36:09.867Z
J-J100-GUA-2026-001,J100 Guatemala,J100,2026-06-01,2026-06-06,800746388,Sophia Budacsek,USA,G,Girls,doubles,main_draw,0,0,0,2,Quarter-finals,4,R16,not_started_or_unknown,18,4.5,2026-06-03T03:36:09.867Z
J-J100-GUA-2026-001,J100 Guatemala,J100,2026-06-01,2026-06-06,800722835,SRISHTI KIRAN,IND,G,Girls,doubles,main_draw,0,0,0,1,1st Round,4,R16,not_started_or_unknown,18,4.5,2026-06-03T03:36:09.867Z
J-J100-GUA-2026-001,J100 Guatemala,J100,2026-06-01,2026-06-06,800791730,Tristan Stratton,USA,B,Boys,doubles,main_draw,0,0,0,1,1st Round,4,R16,not_started_or_unknown,18,4.5,2026-06-03T03:36:09.867Z
J-J100-GUA-2026-001,J100 Guatemala,J100,2026-06-01,2026-06-06,800848653,Valentina Schaeffer,GUA,G,Girls,doubles,main_draw,0,0,0,1,1st Round,4,R16,not_started_or_unknown,18,4.5,2026-06-03T03:36:09.867Z
J-J100-GUA-2026-001,J100 Guatemala,J100,2026-06-01,2026-06-06,800668842,Yelyzaveta Dovhopol,UKR,G,Girls,doubles,main_draw,0,0,0,1,1st Round,4,R16,not_started_or_unknown,18,4.5,2026-06-03T03:36:09.867Z
J-J100-GUA-2026-001,J100 Guatemala,J100,2026-06-01,2026-06-06,800695465,Abril Cardenas Olivares,MEX,G,Girls,singles,main_draw,1,1,0,2,2nd Round,5,R16,still_alive_or_champion,18,18,2026-06-03T03:36:09.867Z
J-J100-GUA-2026-001,J100 Guatemala,J100,2026-06-01,2026-06-06,800629801,Alexandra Korneeva,ARM,G,Girls,singles,main_draw,0,0,0,1,1st Round,5,R32,not_started_or_unknown,9,9,2026-06-03T03:36:09.867Z
J-J100-GUA-2026-001,J100 Guatemala,J100,2026-06-01,2026-06-06,800673054,Alison Julieta Oliva Ramirez,GUA,G,Girls,singles,main_draw,0,0,0,1,1st Round,5,R32,not_started_or_unknown,9,9,2026-06-03T03:36:09.867Z
J-J100-GUA-2026-001,J100 Guatemala,J100,2026-06-01,2026-06-06,800816915,Anika Javora,GUA,G,Girls,singles,main_draw,1,0,1,1,1st Round,5,R32,eliminated,9,9,2026-06-03T03:36:09.867Z
J-J100-GUA-2026-001,J100 Guatemala,J100,2026-06-01,2026-06-06,800719489,ANTHONY DAVID VASQUEZ SANDOVAL,GUA,B,Boys,singles,main_draw,0,0,0,1,1st Round,5,R32,not_started_or_unknown,9,9,2026-06-03T03:36:09.867Z
J-J100-GUA-2026-001,J100 Guatemala,J100,2026-06-01,2026-06-06,800694095,ANTOINE TARDIF,CAN,B,Boys,singles,main_draw,0,0,0,1,1st Round,5,R32,not_started_or_unknown,9,9,2026-06-03T03:36:09.867Z
J-J100-GUA-2026-001,J100 Guatemala,J100,2026-06-01,2026-06-06,800752433,Antonio Carlos Castellanos,GUA,B,Boys,singles,main_draw,1,0,1,1,1st Round,5,R32,eliminated,9,9,2026-06-03T03:36:09.867Z
J-J100-GUA-2026-001,J100 Guatemala,J100,2026-06-01,2026-06-06,800810285,Antonio Guarcax,GUA,B,Boys,singles,main_draw,1,0,1,1,1st Round,5,R32,eliminated,9,9,2026-06-03T03:36:09.867Z
J-J100-GUA-2026-001,J100 Guatemala,J100,2026-06-01,2026-06-06,800800742,Antonio Martinez Palencia,GUA,B,Boys,singles,qualifying,1,0,1,1,1st Round,2,Q1,eliminated,0,0,2026-06-03T03:36:09.867Z
J-J100-GUA-2026-001,J100 Guatemala,J100,2026-06-01,2026-06-06,800706118,Ariana Ikwueme,USA,G,Girls,singles,main_draw,1,1,0,2,2nd Round,5,R16,still_alive_or_champion,18,18,2026-06-03T03:36:09.867Z
J-J100-GUA-2026-001,J100 Guatemala,J100,2026-06-01,2026-06-06,800745755,Camila Morataya,ESA,G,Girls,singles,main_draw,0,0,0,2,2nd Round,5,R32,not_started_or_unknown,9,9,2026-06-03T03:36:09.867Z
J-J100-GUA-2026-001,J100 Guatemala,J100,2026-06-01,2026-06-06,800678872,Carlos Marcelo Silva Sovero,CHI,B,Boys,singles,main_draw,1,1,0,2,2nd Round,5,R16,still_alive_or_champion,18,18,2026-06-03T03:36:09.867Z
J-J100-GUA-2026-001,J100 Guatemala,J100,2026-06-01,2026-06-06,800777943,Carlota Garibay Romero,MEX,G,Girls,singles,main_draw,1,1,0,2,2nd Round,5,R16,still_alive_or_champion,18,18,2026-06-03T03:36:09.867Z
J-J100-GUA-2026-001,J100 Guatemala,J100,2026-06-01,2026-06-06,800786587,Carmen Fuentes,GUA,G,Girls,singles,main_draw,1,1,0,2,2nd Round,5,R16,still_alive_or_champion,18,18,2026-06-03T03:36:09.867Z
J-J100-GUA-2026-001,J100 Guatemala,J100,2026-06-01,2026-06-06,800712329,Charles Minvielle,USA,B,Boys,singles,main_draw,1,1,0,2,2nd Round,5,R16,still_alive_or_champion,18,18,2026-06-03T03:36:09.867Z
J-J100-GUA-2026-001,J100 Guatemala,J100,2026-06-01,2026-06-06,800678780,Chetan Vasquez Quintero,COL,B,Boys,singles,main_draw,1,1,0,2,2nd Round,5,R16,still_alive_or_champion,18,18,2026-06-03T03:36:09.867Z
J-J100-GUA-2026-001,J100 Guatemala,J100,2026-06-01,2026-06-06,800852411,Constantino Mijas Adala,GUA,B,Boys,singles,qualifying,1,0,1,1,1st Round,2,Q1,eliminated,0,0,2026-06-03T03:36:09.867Z
J-J100-GUA-2026-001,J100 Guatemala,J100,2026-06-01,2026-06-06,800846791,Cristian Gomez Lemus,GUA,B,Boys,singles,main_draw,1,0,1,1,1st Round,5,R32,eliminated,9,9,2026-06-03T03:36:09.867Z
J-J100-GUA-2026-001,J100 Guatemala,J100,2026-06-01,2026-06-06,800846791,Cristian Gomez Lemus,GUA,B,Boys,singles,qualifying,1,0,1,2,Quarter-finals,2,Q1,eliminated,0,0,2026-06-03T03:36:09.867Z
J-J100-GUA-2026-001,J100 Guatemala,J100,2026-06-01,2026-06-06,800725103,Ellery Mendell,USA,G,Girls,singles,main_draw,0,0,0,2,2nd Round,5,R32,not_started_or_unknown,9,9,2026-06-03T03:36:09.867Z
J-J100-GUA-2026-001,J100 Guatemala,J100,2026-06-01,2026-06-06,800695208,Enzo Badotti Cariani,BRA,B,Boys,singles,main_draw,1,1,0,2,2nd Round,5,R16,still_alive_or_champion,18,18,2026-06-03T03:36:09.867Z
J-J100-GUA-2026-001,J100 Guatemala,J100,2026-06-01,2026-06-06,800713070,Eve Thibault,CAN,G,Girls,singles,main_draw,0,0,0,1,1st Round,5,R32,not_started_or_unknown,9,9,2026-06-03T03:36:09.867Z
J-J100-GUA-2026-001,J100 Guatemala,J100,2026-06-01,2026-06-06,800804541,Felipe Merigueti Cordeiro,BRA,B,Boys,singles,qualifying,0,0,0,1,1st Round,2,Q1,not_started_or_unknown,0,0,2026-06-03T03:36:09.867Z
J-J100-GUA-2026-001,J100 Guatemala,J100,2026-06-01,2026-06-06,800653778,Felipe Wright,ECU,B,Boys,singles,main_draw,1,1,0,2,2nd Round,5,R16,still_alive_or_champion,18,18,2026-06-03T03:36:09.867Z
J-J100-GUA-2026-001,J100 Guatemala,J100,2026-06-01,2026-06-06,800801381,Fernando Saravia Gandara,MEX,B,Boys,singles,main_draw,1,0,1,1,1st Round,5,R32,eliminated,9,9,2026-06-03T03:36:09.867Z
J-J100-GUA-2026-001,J100 Guatemala,J100,2026-06-01,2026-06-06,800801381,Fernando Saravia Gandara,MEX,B,Boys,singles,qualifying,1,1,0,2,Quarter-finals,2,Q,still_alive_or_champion,0,0,2026-06-03T03:36:09.867Z
J-J100-GUA-2026-001,J100 Guatemala,J100,2026-06-01,2026-06-06,800718567,Filipa Delgado,USA,G,Girls,singles,main_draw,0,0,0,2,2nd Round,5,R32,not_started_or_unknown,9,9,2026-06-03T03:36:09.867Z
J-J100-GUA-2026-001,J100 Guatemala,J100,2026-06-01,2026-06-06,800809720,Gabriel Emilio Aceituno Bethancourt,GUA,B,Boys,singles,main_draw,1,0,1,1,1st Round,5,R32,eliminated,9,9,2026-06-03T03:36:09.867Z
J-J100-GUA-2026-001,J100 Guatemala,J100,2026-06-01,2026-06-06,800693872,Gianluigi Martini,GUA,B,Boys,singles,main_draw,1,0,1,1,1st Round,5,R32,eliminated,9,9,2026-06-03T03:36:09.867Z
J-J100-GUA-2026-001,J100 Guatemala,J100,2026-06-01,2026-06-06,800815293,Giuliana Alvarado Solis,GUA,G,Girls,singles,main_draw,1,0,1,1,1st Round,5,R32,eliminated,9,9,2026-06-03T03:36:09.867Z
J-J100-GUA-2026-001,J100 Guatemala,J100,2026-06-01,2026-06-06,800725121,Gurjot Singh,USA,B,Boys,singles,main_draw,1,1,0,2,2nd Round,5,R16,still_alive_or_champion,18,18,2026-06-03T03:36:09.867Z
J-J100-GUA-2026-001,J100 Guatemala,J100,2026-06-01,2026-06-06,800725121,Gurjot Singh,USA,B,Boys,singles,qualifying,1,1,0,2,Quarter-finals,2,Q,still_alive_or_champion,0,0,2026-06-03T03:36:09.867Z
J-J100-GUA-2026-001,J100 Guatemala,J100,2026-06-01,2026-06-06,800647681,Hanne Estrada Cortes,MEX,G,Girls,singles,main_draw,1,1,0,2,2nd Round,5,R16,still_alive_or_champion,18,18,2026-06-03T03:36:09.867Z
J-J100-GUA-2026-001,J100 Guatemala,J100,2026-06-01,2026-06-06,800692700,Harold Ronaldo Andre Cotom Hidalgo,GUA,B,Boys,singles,main_draw,1,1,0,2,2nd Round,5,R16,still_alive_or_champion,18,18,2026-06-03T03:36:09.867Z
J-J100-GUA-2026-001,J100 Guatemala,J100,2026-06-01,2026-06-06,800734188,Indra Vergne,USA,B,Boys,singles,main_draw,1,1,0,2,2nd Round,5,R16,still_alive_or_champion,18,18,2026-06-03T03:36:09.867Z
J-J100-GUA-2026-001,J100 Guatemala,J100,2026-06-01,2026-06-06,800870564,Ines Ruano Gonzalez,GUA,G,Girls,singles,main_draw,1,0,1,1,1st Round,5,R32,eliminated,9,9,2026-06-03T03:36:09.867Z
J-J100-GUA-2026-001,J100 Guatemala,J100,2026-06-01,2026-06-06,800693874,Jerry Han,CAN,B,Boys,singles,main_draw,0,0,0,1,1st Round,5,R32,not_started_or_unknown,9,9,2026-06-03T03:36:09.867Z
J-J100-GUA-2026-001,J100 Guatemala,J100,2026-06-01,2026-06-06,800812344,Jorge Rodrigo Estevez Urizar,GUA,B,Boys,singles,main_draw,1,0,1,1,1st Round,5,R32,eliminated,9,9,2026-06-03T03:36:09.867Z
J-J100-GUA-2026-001,J100 Guatemala,J100,2026-06-01,2026-06-06,800812344,Jorge Rodrigo Estevez Urizar,GUA,B,Boys,singles,qualifying,1,1,0,2,Quarter-finals,2,Q,still_alive_or_champion,0,0,2026-06-03T03:36:09.867Z
J-J100-GUA-2026-001,J100 Guatemala,J100,2026-06-01,2026-06-06,800768634,Jose Anibal Martinez Mendoza,GUA,B,Boys,singles,main_draw,1,0,1,1,1st Round,5,R32,eliminated,9,9,2026-06-03T03:36:09.867Z
J-J100-GUA-2026-001,J100 Guatemala,J100,2026-06-01,2026-06-06,800681137,Jose Lopez,GUA,B,Boys,singles,qualifying,2,1,1,2,Quarter-finals,2,Q2,eliminated,0,0,2026-06-03T03:36:09.867Z
J-J100-GUA-2026-001,J100 Guatemala,J100,2026-06-01,2026-06-06,800866206,Jose Pelaez Gutierrez,GUA,B,Boys,singles,qualifying,2,1,1,2,Quarter-finals,2,Q2,eliminated,0,0,2026-06-03T03:36:09.867Z
J-J100-GUA-2026-001,J100 Guatemala,J100,2026-06-01,2026-06-06,800767029,Julian Garcia,GUA,B,Boys,singles,main_draw,1,0,1,1,1st Round,5,R32,eliminated,9,9,2026-06-03T03:36:09.867Z
J-J100-GUA-2026-001,J100 Guatemala,J100,2026-06-01,2026-06-06,800856763,Katia Maria Pemueller,GUA,G,Girls,singles,main_draw,1,0,1,1,1st Round,5,R32,eliminated,9,9,2026-06-03T03:36:09.867Z
J-J100-GUA-2026-001,J100 Guatemala,J100,2026-06-01,2026-06-06,800651897,Kendrick Lambrano Suarez,COL,B,Boys,singles,main_draw,1,0,1,1,1st Round,5,R32,eliminated,9,9,2026-06-03T03:36:09.867Z
J-J100-GUA-2026-001,J100 Guatemala,J100,2026-06-01,2026-06-06,800692269,Laura Carvalho e Silva Kracke,IRL,G,Girls,singles,main_draw,1,0,1,1,1st Round,5,R32,eliminated,9,9,2026-06-03T03:36:09.867Z
J-J100-GUA-2026-001,J100 Guatemala,J100,2026-06-01,2026-06-06,800719587,LUCIANA MEJIA ARCE,GUA,G,Girls,singles,main_draw,1,0,1,1,1st Round,5,R32,eliminated,9,9,2026-06-03T03:36:09.867Z
J-J100-GUA-2026-001,J100 Guatemala,J100,2026-06-01,2026-06-06,800675480,Maria Fernanda Poma Coronado,PER,G,Girls,singles,main_draw,1,1,0,2,2nd Round,5,R16,still_alive_or_champion,18,18,2026-06-03T03:36:09.867Z
J-J100-GUA-2026-001,J100 Guatemala,J100,2026-06-01,2026-06-06,800719518,Mario Lopez,GUA,B,Boys,singles,main_draw,1,0,1,1,1st Round,5,R32,eliminated,9,9,2026-06-03T03:36:09.867Z
J-J100-GUA-2026-001,J100 Guatemala,J100,2026-06-01,2026-06-06,800767031,Martin Garcia,GUA,B,Boys,singles,main_draw,1,0,1,1,1st Round,5,R32,eliminated,9,9,2026-06-03T03:36:09.867Z
J-J100-GUA-2026-001,J100 Guatemala,J100,2026-06-01,2026-06-06,800851749,Matias Gonzalez Ordonez,GUA,B,Boys,singles,main_draw,0,0,0,1,1st Round,5,R32,not_started_or_unknown,9,9,2026-06-03T03:36:09.867Z
J-J100-GUA-2026-001,J100 Guatemala,J100,2026-06-01,2026-06-06,800851749,Matias Gonzalez Ordonez,GUA,B,Boys,singles,qualifying,1,1,0,2,Quarter-finals,2,Q,still_alive_or_champion,0,0,2026-06-03T03:36:09.867Z
J-J100-GUA-2026-001,J100 Guatemala,J100,2026-06-01,2026-06-06,800753060,Matias Quintero Tobon,COL,B,Boys,singles,main_draw,1,1,0,2,2nd Round,5,R16,still_alive_or_champion,18,18,2026-06-03T03:36:09.867Z
J-J100-GUA-2026-001,J100 Guatemala,J100,2026-06-01,2026-06-06,800718989,Niccolo Magagnin,ITA,B,Boys,singles,main_draw,0,0,0,1,1st Round,5,R32,not_started_or_unknown,9,9,2026-06-03T03:36:09.867Z
J-J100-GUA-2026-001,J100 Guatemala,J100,2026-06-01,2026-06-06,800710161,Nicolas Brandao,BRA,B,Boys,singles,main_draw,1,1,0,2,2nd Round,5,R16,still_alive_or_champion,18,18,2026-06-03T03:36:09.867Z
J-J100-GUA-2026-001,J100 Guatemala,J100,2026-06-01,2026-06-06,800857269,Pablo Jose Robles Garcia,GUA,B,Boys,singles,qualifying,1,0,1,2,Quarter-finals,2,Q1,eliminated,0,0,2026-06-03T03:36:09.867Z
J-J100-GUA-2026-001,J100 Guatemala,J100,2026-06-01,2026-06-06,800817461,Paulina Drocco,GUA,G,Girls,singles,main_draw,0,0,0,1,1st Round,5,R32,not_started_or_unknown,9,9,2026-06-03T03:36:09.867Z
J-J100-GUA-2026-001,J100 Guatemala,J100,2026-06-01,2026-06-06,800870351,Paulina Gaviria,COL,G,Girls,singles,main_draw,1,0,1,1,1st Round,5,R32,eliminated,9,9,2026-06-03T03:36:09.867Z
J-J100-GUA-2026-001,J100 Guatemala,J100,2026-06-01,2026-06-06,800852210,Paulina Herrera,GUA,G,Girls,singles,main_draw,1,0,1,1,1st Round,5,R32,eliminated,9,9,2026-06-03T03:36:09.867Z
J-J100-GUA-2026-001,J100 Guatemala,J100,2026-06-01,2026-06-06,800661962,Rafael Gama,BRA,B,Boys,singles,main_draw,1,0,1,1,1st Round,5,R32,eliminated,9,9,2026-06-03T03:36:09.867Z
J-J100-GUA-2026-001,J100 Guatemala,J100,2026-06-01,2026-06-06,800727016,Ruochen Gao,CHN,B,Boys,singles,main_draw,1,1,0,2,2nd Round,5,R16,still_alive_or_champion,18,18,2026-06-03T03:36:09.867Z
J-J100-GUA-2026-001,J100 Guatemala,J100,2026-06-01,2026-06-06,800568131,Rushikesh Sonawane,IND,B,Boys,singles,main_draw,0,0,0,1,1st Round,5,R32,not_started_or_unknown,9,9,2026-06-03T03:36:09.867Z
J-J100-GUA-2026-001,J100 Guatemala,J100,2026-06-01,2026-06-06,800840846,Salvador Bigott,VEN,B,Boys,singles,qualifying,0,0,0,1,1st Round,2,Q1,not_started_or_unknown,0,0,2026-06-03T03:36:09.867Z
J-J100-GUA-2026-001,J100 Guatemala,J100,2026-06-01,2026-06-06,800667886,Sarah Stoyanov,USA,G,Girls,singles,main_draw,1,1,0,2,2nd Round,5,R16,still_alive_or_champion,18,18,2026-06-03T03:36:09.867Z
J-J100-GUA-2026-001,J100 Guatemala,J100,2026-06-01,2026-06-06,800697708,Simon Ignacio Flores Leyton,CHI,B,Boys,singles,main_draw,1,1,0,2,2nd Round,5,R16,still_alive_or_champion,18,18,2026-06-03T03:36:09.867Z
J-J100-GUA-2026-001,J100 Guatemala,J100,2026-06-01,2026-06-06,800830867,Sofia Dvortsova,USA,G,Girls,singles,main_draw,1,0,1,1,1st Round,5,R32,eliminated,9,9,2026-06-03T03:36:09.867Z
J-J100-GUA-2026-001,J100 Guatemala,J100,2026-06-01,2026-06-06,800729855,Sofia Ines Alvarez Monterroso,GUA,G,Girls,singles,main_draw,1,1,0,2,2nd Round,5,R16,still_alive_or_champion,18,18,2026-06-03T03:36:09.867Z
J-J100-GUA-2026-001,J100 Guatemala,J100,2026-06-01,2026-06-06,800698385,Sofia Tejada,GUA,G,Girls,singles,main_draw,0,0,0,1,1st Round,5,R32,not_started_or_unknown,9,9,2026-06-03T03:36:09.867Z
J-J100-GUA-2026-001,J100 Guatemala,J100,2026-06-01,2026-06-06,800746388,Sophia Budacsek,USA,G,Girls,singles,main_draw,0,0,0,2,2nd Round,5,R32,not_started_or_unknown,9,9,2026-06-03T03:36:09.867Z
J-J100-GUA-2026-001,J100 Guatemala,J100,2026-06-01,2026-06-06,800722835,SRISHTI KIRAN,IND,G,Girls,singles,main_draw,1,1,0,2,2nd Round,5,R16,still_alive_or_champion,18,18,2026-06-03T03:36:09.867Z
J-J100-GUA-2026-001,J100 Guatemala,J100,2026-06-01,2026-06-06,800791730,Tristan Stratton,USA,B,Boys,singles,main_draw,1,1,0,2,2nd Round,5,R16,still_alive_or_champion,18,18,2026-06-03T03:36:09.867Z
J-J100-GUA-2026-001,J100 Guatemala,J100,2026-06-01,2026-06-06,800848653,Valentina Schaeffer,GUA,G,Girls,singles,main_draw,1,0,1,1,1st Round,5,R32,eliminated,9,9,2026-06-03T03:36:09.867Z
J-J100-GUA-2026-001,J100 Guatemala,J100,2026-06-01,2026-06-06,800668842,Yelyzaveta Dovhopol,UKR,G,Girls,singles,main_draw,1,1,0,2,2nd Round,5,R16,still_alive_or_champion,18,18,2026-06-03T03:36:09.867Z
J-J30-TUN-2026-002,J30 Bizerte,J30,2026-06-02,2026-06-07,800734482,Adam Stancati,TUN,B,Boys,singles,qualifying,1,0,1,1,1st Round,1,Q1,eliminated,0,0,2026-06-03T03:36:09.867Z
J-J30-TUN-2026-002,J30 Bizerte,J30,2026-06-02,2026-06-07,800721302,AHMED DHIA HADJ KACEM,TUN,B,Boys,singles,qualifying,1,0,1,1,1st Round,1,Q1,eliminated,0,0,2026-06-03T03:36:09.867Z
J-J30-TUN-2026-002,J30 Bizerte,J30,2026-06-02,2026-06-07,800672159,Badis Selmi,AUT,B,Boys,singles,qualifying,1,1,0,1,1st Round,1,Q,still_alive_or_champion,0,0,2026-06-03T03:36:09.867Z
J-J30-TUN-2026-002,J30 Bizerte,J30,2026-06-02,2026-06-07,800736359,Bouraoui Fares,TUN,B,Boys,singles,qualifying,1,0,1,1,1st Round,1,Q1,eliminated,0,0,2026-06-03T03:36:09.867Z
J-J30-TUN-2026-002,J30 Bizerte,J30,2026-06-02,2026-06-07,800833844,Eya Mehiri,TUN,G,Girls,singles,qualifying,0,0,0,1,1st Round,1,Q1,not_started_or_unknown,0,0,2026-06-03T03:36:09.867Z
J-J30-TUN-2026-002,J30 Bizerte,J30,2026-06-02,2026-06-07,800856076,Fatma Bouabdallah,TUN,G,Girls,singles,qualifying,0,0,0,1,1st Round,1,Q1,not_started_or_unknown,0,0,2026-06-03T03:36:09.867Z
J-J30-TUN-2026-002,J30 Bizerte,J30,2026-06-02,2026-06-07,800851381,Fatma-Ezzahra Labidi,TUN,G,Girls,singles,qualifying,0,0,0,1,1st Round,1,Q1,not_started_or_unknown,0,0,2026-06-03T03:36:09.867Z
J-J30-TUN-2026-002,J30 Bizerte,J30,2026-06-02,2026-06-07,800647903,Fedi Ben Rehouma,GER,B,Boys,singles,qualifying,1,1,0,1,1st Round,1,Q,still_alive_or_champion,0,0,2026-06-03T03:36:09.867Z
J-J30-TUN-2026-002,J30 Bizerte,J30,2026-06-02,2026-06-07,800714720,Henri Geiger,GER,B,Boys,singles,qualifying,1,1,0,1,1st Round,1,Q,still_alive_or_champion,0,0,2026-06-03T03:36:09.867Z
J-J30-TUN-2026-002,J30 Bizerte,J30,2026-06-02,2026-06-07,800869032,Khaled Ben Said,TUN,B,Boys,singles,qualifying,1,0,1,1,1st Round,1,Q1,eliminated,0,0,2026-06-03T03:36:09.867Z
J-J30-TUN-2026-002,J30 Bizerte,J30,2026-06-02,2026-06-07,800790527,Leith Bennaceur,TUN,B,Boys,singles,qualifying,1,1,0,1,1st Round,1,Q,still_alive_or_champion,0,0,2026-06-03T03:36:09.867Z
J-J30-TUN-2026-002,J30 Bizerte,J30,2026-06-02,2026-06-07,800754376,Majd Elaroui,TUN,B,Boys,singles,qualifying,1,1,0,1,1st Round,1,Q,still_alive_or_champion,0,0,2026-06-03T03:36:09.867Z
J-J30-TUN-2026-002,J30 Bizerte,J30,2026-06-02,2026-06-07,800772335,Maya Chaieb,TUN,G,Girls,singles,qualifying,0,0,0,1,1st Round,1,Q1,not_started_or_unknown,0,0,2026-06-03T03:36:09.867Z
J-J30-TUN-2026-002,J30 Bizerte,J30,2026-06-02,2026-06-07,800715212,Meriem EL BEJI,TUN,G,Girls,singles,qualifying,0,0,0,1,1st Round,1,Q1,not_started_or_unknown,0,0,2026-06-03T03:36:09.867Z
J-J30-TUN-2026-002,J30 Bizerte,J30,2026-06-02,2026-06-07,800745990,Mohamed Ilyes Boudriga,TUN,B,Boys,singles,qualifying,1,0,1,1,1st Round,1,Q1,eliminated,0,0,2026-06-03T03:36:09.867Z
J-J30-TUN-2026-002,J30 Bizerte,J30,2026-06-02,2026-06-07,800736459,Mohamed Mallouli,TUN,B,Boys,singles,qualifying,1,1,0,1,1st Round,1,Q,still_alive_or_champion,0,0,2026-06-03T03:36:09.867Z
J-J30-TUN-2026-002,J30 Bizerte,J30,2026-06-02,2026-06-07,800825548,Natham Blattmann,SUI,B,Boys,singles,qualifying,1,0,1,1,1st Round,1,Q1,eliminated,0,0,2026-06-03T03:36:09.867Z
J-J30-TUN-2026-002,J30 Bizerte,J30,2026-06-02,2026-06-07,800855842,Nour Islem Tefjani,TUN,G,Girls,singles,qualifying,0,0,0,1,1st Round,1,Q1,not_started_or_unknown,0,0,2026-06-03T03:36:09.867Z
J-J30-TUN-2026-002,J30 Bizerte,J30,2026-06-02,2026-06-07,800869944,Oswa Jahnine,TUN,G,Girls,singles,qualifying,0,0,0,1,1st Round,1,Q1,not_started_or_unknown,0,0,2026-06-03T03:36:09.867Z
J-J30-TUN-2026-002,J30 Bizerte,J30,2026-06-02,2026-06-07,800844267,Rory Robb,GBR,B,Boys,singles,qualifying,1,1,0,1,1st Round,1,Q,still_alive_or_champion,0,0,2026-06-03T03:36:09.867Z
J-J30-TUN-2026-002,J30 Bizerte,J30,2026-06-02,2026-06-07,800688499,Saber Belliri,FRA,B,Boys,singles,qualifying,1,0,1,1,1st Round,1,Q1,eliminated,0,0,2026-06-03T03:36:09.867Z
J-J30-TUN-2026-002,J30 Bizerte,J30,2026-06-02,2026-06-07,800749214,Sarra Belhiba,TUN,G,Girls,singles,qualifying,0,0,0,1,1st Round,1,Q1,not_started_or_unknown,0,0,2026-06-03T03:36:09.867Z
J-J30-TUN-2026-002,J30 Bizerte,J30,2026-06-02,2026-06-07,800689578,SELIM BEN ROMDHANE,TUN,B,Boys,singles,qualifying,1,1,0,1,1st Round,1,Q,still_alive_or_champion,0,0,2026-06-03T03:36:09.867Z
J-J30-TUN-2026-002,J30 Bizerte,J30,2026-06-02,2026-06-07,800778348,Varvara Galinskaya,RUS,G,Girls,singles,qualifying,0,0,0,1,1st Round,1,Q1,not_started_or_unknown,0,0,2026-06-03T03:36:09.867Z
J-J30-TUN-2026-002,J30 Bizerte,J30,2026-06-02,2026-06-07,800698329,Youssef HASSAIRI,TUN,B,Boys,singles,qualifying,1,0,1,1,1st Round,1,Q1,eliminated,0,0,2026-06-03T03:36:09.867Z
J-J30-SRI-2026-005,J30 Colombo,J30,2026-06-01,2026-06-07,800643460,Aahil Kaleel,SRI,B,Boys,doubles,main_draw,1,0,1,1,1st Round,4,R16,eliminated,5,1.25,2026-06-03T03:36:09.867Z
J-J30-SRI-2026-005,J30 Colombo,J30,2026-06-01,2026-06-07,800728865,Aashi Kashyap,IND,G,Girls,doubles,main_draw,1,1,0,2,Quarter-finals,4,QF,still_alive_or_champion,9,2.25,2026-06-03T03:36:09.867Z
J-J30-SRI-2026-005,J30 Colombo,J30,2026-06-01,2026-06-07,800623937,Abdul Baasith Cader,SRI,B,Boys,doubles,main_draw,1,0,1,1,1st Round,4,R16,eliminated,5,1.25,2026-06-03T03:36:09.867Z
J-J30-SRI-2026-005,J30 Colombo,J30,2026-06-01,2026-06-07,800762862,Aditi Khanapuri,USA,G,Girls,doubles,main_draw,1,0,1,1,1st Round,4,R16,eliminated,5,1.25,2026-06-03T03:36:09.867Z
J-J30-SRI-2026-005,J30 Colombo,J30,2026-06-01,2026-06-07,800728374,Adwaiy Vyas,IND,B,Boys,doubles,main_draw,0,0,0,1,1st Round,4,R16,not_started_or_unknown,5,1.25,2026-06-03T03:36:09.867Z
J-J30-SRI-2026-005,J30 Colombo,J30,2026-06-01,2026-06-07,800713303,Aishath Karin Saizan,MDV,G,Girls,doubles,main_draw,1,0,1,1,1st Round,4,R16,eliminated,5,1.25,2026-06-03T03:36:09.867Z
J-J30-SRI-2026-005,J30 Colombo,J30,2026-06-01,2026-06-07,800704635,Akeesha hirundi silva Diyunuge,SRI,G,Girls,doubles,main_draw,1,1,0,2,Quarter-finals,4,QF,still_alive_or_champion,9,2.25,2026-06-03T03:36:09.867Z
J-J30-SRI-2026-005,J30 Colombo,J30,2026-06-01,2026-06-07,800695251,Amrit Dhankar,IND,B,Boys,doubles,main_draw,1,0,1,1,1st Round,4,R16,eliminated,5,1.25,2026-06-03T03:36:09.867Z
J-J30-SRI-2026-005,J30 Colombo,J30,2026-06-01,2026-06-07,800701848,Andrew Kaavinda Wijemanne,SRI,B,Boys,doubles,main_draw,1,0,1,1,1st Round,4,R16,eliminated,5,1.25,2026-06-03T03:36:09.867Z
J-J30-SRI-2026-005,J30 Colombo,J30,2026-06-01,2026-06-07,800704352,Annaya Joanie Norbet,SRI,G,Girls,doubles,main_draw,1,1,0,2,Quarter-finals,4,QF,still_alive_or_champion,9,2.25,2026-06-03T03:36:09.867Z
J-J30-SRI-2026-005,J30 Colombo,J30,2026-06-01,2026-06-07,800762652,Arsh Kathuria,IND,B,Boys,doubles,main_draw,1,1,0,2,Quarter-finals,4,QF,still_alive_or_champion,9,2.25,2026-06-03T03:36:09.867Z
J-J30-SRI-2026-005,J30 Colombo,J30,2026-06-01,2026-06-07,800659950,Arsh Walke,IND,B,Boys,doubles,main_draw,0,0,0,1,1st Round,4,R16,not_started_or_unknown,5,1.25,2026-06-03T03:36:09.867Z
J-J30-SRI-2026-005,J30 Colombo,J30,2026-06-01,2026-06-07,800760375,Ashlin De Silva,SRI,B,Boys,doubles,main_draw,1,1,0,2,Quarter-finals,4,QF,still_alive_or_champion,9,2.25,2026-06-03T03:36:09.867Z
J-J30-SRI-2026-005,J30 Colombo,J30,2026-06-01,2026-06-07,800704343,Atharva Sriramoju,IND,B,Boys,doubles,main_draw,1,1,0,2,Quarter-finals,4,QF,still_alive_or_champion,9,2.25,2026-06-03T03:36:09.867Z
J-J30-SRI-2026-005,J30 Colombo,J30,2026-06-01,2026-06-07,800781429,Bawyasri Asr,IND,G,Girls,doubles,main_draw,1,1,0,2,Quarter-finals,4,QF,still_alive_or_champion,9,2.25,2026-06-03T03:36:09.867Z
J-J30-SRI-2026-005,J30 Colombo,J30,2026-06-01,2026-06-07,800760059,Buvindu Jayawardhana,SRI,B,Boys,doubles,main_draw,0,0,0,1,1st Round,4,R16,not_started_or_unknown,5,1.25,2026-06-03T03:36:09.867Z
J-J30-SRI-2026-005,J30 Colombo,J30,2026-06-01,2026-06-07,800706077,Chukka Lakshya Vardhan Chukka,IND,B,Boys,doubles,main_draw,1,1,0,2,Quarter-finals,4,QF,still_alive_or_champion,9,2.25,2026-06-03T03:36:09.867Z
J-J30-SRI-2026-005,J30 Colombo,J30,2026-06-01,2026-06-07,800704196,Deepthi Venkatesan Venkatesan,IND,G,Girls,doubles,main_draw,1,0,1,1,1st Round,4,R16,eliminated,5,1.25,2026-06-03T03:36:09.867Z
J-J30-SRI-2026-005,J30 Colombo,J30,2026-06-01,2026-06-07,800867719,Desandi Methunima Peiris,SRI,G,Girls,doubles,main_draw,1,0,1,1,1st Round,4,R16,eliminated,5,1.25,2026-06-03T03:36:09.867Z
J-J30-SRI-2026-005,J30 Colombo,J30,2026-06-01,2026-06-07,800624608,Dinara De Silva,SRI,G,Girls,doubles,main_draw,1,1,0,2,Quarter-finals,4,QF,still_alive_or_champion,9,2.25,2026-06-03T03:36:09.867Z
J-J30-SRI-2026-005,J30 Colombo,J30,2026-06-01,2026-06-07,800797306,Diya Ravikumar Janaki,IND,G,Girls,doubles,main_draw,1,0,1,1,1st Round,4,R16,eliminated,5,1.25,2026-06-03T03:36:09.867Z
J-J30-SRI-2026-005,J30 Colombo,J30,2026-06-01,2026-06-07,800705021,EVAN SAHA,IND,B,Boys,doubles,main_draw,1,1,0,2,Quarter-finals,4,QF,still_alive_or_champion,9,2.25,2026-06-03T03:36:09.867Z
J-J30-SRI-2026-005,J30 Colombo,J30,2026-06-01,2026-06-07,800625722,Gehansa Methnadi Lamappulage Don,SRI,G,Girls,doubles,main_draw,1,1,0,2,Quarter-finals,4,QF,still_alive_or_champion,9,2.25,2026-06-03T03:36:09.867Z
J-J30-SRI-2026-005,J30 Colombo,J30,2026-06-01,2026-06-07,800722906,Genevieve Zi Lin Lim,SGP,G,Girls,doubles,main_draw,1,0,1,1,1st Round,4,R16,eliminated,5,1.25,2026-06-03T03:36:09.867Z
J-J30-SRI-2026-005,J30 Colombo,J30,2026-06-01,2026-06-07,800819497,Githmi Riyana Fernando,SRI,G,Girls,doubles,main_draw,1,0,1,1,1st Round,4,R16,eliminated,5,1.25,2026-06-03T03:36:09.867Z
J-J30-SRI-2026-005,J30 Colombo,J30,2026-06-01,2026-06-07,800783169,Haritishwari Chinnakavanam Nattu,IND,G,Girls,doubles,main_draw,1,0,1,1,1st Round,4,R16,eliminated,5,1.25,2026-06-03T03:36:09.867Z
J-J30-SRI-2026-005,J30 Colombo,J30,2026-06-01,2026-06-07,800693460,Hridhay Hridhay,IND,B,Boys,doubles,main_draw,1,1,0,2,Quarter-finals,4,QF,still_alive_or_champion,9,2.25,2026-06-03T03:36:09.867Z
J-J30-SRI-2026-005,J30 Colombo,J30,2026-06-01,2026-06-07,800781873,Ilaiyanila Kannan,IND,G,Girls,doubles,main_draw,1,1,0,2,Quarter-finals,4,QF,still_alive_or_champion,9,2.25,2026-06-03T03:36:09.867Z
J-J30-SRI-2026-005,J30 Colombo,J30,2026-06-01,2026-06-07,800621779,Jayin De Saram,SRI,B,Boys,doubles,main_draw,1,0,1,1,1st Round,4,R16,eliminated,5,1.25,2026-06-03T03:36:09.867Z
J-J30-SRI-2026-005,J30 Colombo,J30,2026-06-01,2026-06-07,800761944,Kiara Jayamanne,SRI,G,Girls,doubles,main_draw,1,0,1,1,1st Round,4,R16,eliminated,5,1.25,2026-06-03T03:36:09.868Z
J-J30-SRI-2026-005,J30 Colombo,J30,2026-06-01,2026-06-07,800737648,Kubherane Mayooran,SRI,B,Boys,doubles,main_draw,1,1,0,2,Quarter-finals,4,QF,still_alive_or_champion,9,2.25,2026-06-03T03:36:09.868Z
J-J30-SRI-2026-005,J30 Colombo,J30,2026-06-01,2026-06-07,800775457,Kushagra Arora,IND,B,Boys,doubles,main_draw,0,0,0,2,Quarter-finals,4,R16,not_started_or_unknown,5,1.25,2026-06-03T03:36:09.868Z
J-J30-SRI-2026-005,J30 Colombo,J30,2026-06-01,2026-06-07,800643361,Lithum Jayabandu,SRI,B,Boys,doubles,main_draw,0,0,0,2,Quarter-finals,4,R16,not_started_or_unknown,5,1.25,2026-06-03T03:36:09.868Z
J-J30-SRI-2026-005,J30 Colombo,J30,2026-06-01,2026-06-07,800706139,Madhav Dadhich,IND,B,Boys,doubles,main_draw,1,0,1,1,1st Round,4,R16,eliminated,5,1.25,2026-06-03T03:36:09.868Z
J-J30-SRI-2026-005,J30 Colombo,J30,2026-06-01,2026-06-07,800713434,Manan Rai,IND,B,Boys,doubles,main_draw,0,0,0,2,Quarter-finals,4,R16,not_started_or_unknown,5,1.25,2026-06-03T03:36:09.868Z
J-J30-SRI-2026-005,J30 Colombo,J30,2026-06-01,2026-06-07,800642843,Methika Nuran Wickramasinghe Wickramasinghe Mudiyanselage,SRI,B,Boys,doubles,main_draw,1,0,1,1,1st Round,4,R16,eliminated,5,1.25,2026-06-03T03:36:09.868Z
J-J30-SRI-2026-005,J30 Colombo,J30,2026-06-01,2026-06-07,800760492,Methuli Mehansa Naotunne,SRI,G,Girls,doubles,main_draw,1,0,1,1,1st Round,4,R16,eliminated,5,1.25,2026-06-03T03:36:09.868Z
J-J30-SRI-2026-005,J30 Colombo,J30,2026-06-01,2026-06-07,800767210,Nalyaazhini Krishnaprabhu,IND,G,Girls,doubles,main_draw,1,1,0,2,Quarter-finals,4,QF,still_alive_or_champion,9,2.25,2026-06-03T03:36:09.868Z
J-J30-SRI-2026-005,J30 Colombo,J30,2026-06-01,2026-06-07,800862476,Natalie Tin Yan Hui,HKG,G,Girls,doubles,main_draw,1,0,1,1,1st Round,4,R16,eliminated,5,1.25,2026-06-03T03:36:09.868Z
J-J30-SRI-2026-005,J30 Colombo,J30,2026-06-01,2026-06-07,800773442,Navya Banagala,SRI,G,Girls,doubles,main_draw,1,0,1,1,1st Round,4,R16,eliminated,5,1.25,2026-06-03T03:36:09.868Z
J-J30-SRI-2026-005,J30 Colombo,J30,2026-06-01,2026-06-07,800700922,Nevan Kannangara,SRI,B,Boys,doubles,main_draw,1,0,1,1,1st Round,4,R16,eliminated,5,1.25,2026-06-03T03:36:09.868Z
J-J30-SRI-2026-005,J30 Colombo,J30,2026-06-01,2026-06-07,800730760,Puneeth Manohar,IND,B,Boys,doubles,main_draw,1,1,0,2,Quarter-finals,4,QF,still_alive_or_champion,9,2.25,2026-06-03T03:36:09.868Z
J-J30-SRI-2026-005,J30 Colombo,J30,2026-06-01,2026-06-07,800783172,Revaan Amarasinghe,SRI,B,Boys,doubles,main_draw,0,0,0,1,1st Round,4,R16,not_started_or_unknown,5,1.25,2026-06-03T03:36:09.868Z
J-J30-SRI-2026-005,J30 Colombo,J30,2026-06-01,2026-06-07,800804302,Risindi Yehansa Hewawasam,SRI,G,Girls,doubles,main_draw,1,1,0,2,Quarter-finals,4,QF,still_alive_or_champion,9,2.25,2026-06-03T03:36:09.868Z
J-J30-SRI-2026-005,J30 Colombo,J30,2026-06-01,2026-06-07,800730759,Rohan Srivant Hariharan,IND,B,Boys,doubles,main_draw,1,0,1,1,1st Round,4,R16,eliminated,5,1.25,2026-06-03T03:36:09.868Z
J-J30-SRI-2026-005,J30 Colombo,J30,2026-06-01,2026-06-07,800816847,Run Ze Shi,CHN,B,Boys,doubles,main_draw,1,0,1,1,1st Round,4,R16,eliminated,5,1.25,2026-06-03T03:36:09.868Z
J-J30-SRI-2026-005,J30 Colombo,J30,2026-06-01,2026-06-07,800800389,Samaira Fernando,SRI,G,Girls,doubles,main_draw,1,1,0,2,Quarter-finals,4,QF,still_alive_or_champion,9,2.25,2026-06-03T03:36:09.868Z
J-J30-SRI-2026-005,J30 Colombo,J30,2026-06-01,2026-06-07,800703850,Sandithi Usgoda Arachchi,SRI,G,Girls,doubles,main_draw,1,1,0,2,Quarter-finals,4,QF,still_alive_or_champion,9,2.25,2026-06-03T03:36:09.868Z
J-J30-SRI-2026-005,J30 Colombo,J30,2026-06-01,2026-06-07,800839506,Sarithra Entoori,IND,G,Girls,doubles,main_draw,1,1,0,2,Quarter-finals,4,QF,still_alive_or_champion,9,2.25,2026-06-03T03:36:09.868Z
J-J30-SRI-2026-005,J30 Colombo,J30,2026-06-01,2026-06-07,800661000,SHERRY SHARMA,IND,G,Girls,doubles,main_draw,1,1,0,2,Quarter-finals,4,QF,still_alive_or_champion,9,2.25,2026-06-03T03:36:09.868Z
J-J30-SRI-2026-005,J30 Colombo,J30,2026-06-01,2026-06-07,800668480,Shlok Chauhan,IND,B,Boys,doubles,main_draw,1,1,0,2,Quarter-finals,4,QF,still_alive_or_champion,9,2.25,2026-06-03T03:36:09.868Z
J-J30-SRI-2026-005,J30 Colombo,J30,2026-06-01,2026-06-07,800709308,Shota Miyamoto,JPN,B,Boys,doubles,main_draw,1,0,1,1,1st Round,4,R16,eliminated,5,1.25,2026-06-03T03:36:09.868Z
J-J30-SRI-2026-005,J30 Colombo,J30,2026-06-01,2026-06-07,800688309,Tachatam Srisen,THA,B,Boys,doubles,main_draw,0,0,0,2,Quarter-finals,4,R16,not_started_or_unknown,5,1.25,2026-06-03T03:36:09.868Z
J-J30-SRI-2026-005,J30 Colombo,J30,2026-06-01,2026-06-07,800844710,Tanish Dasari,IND,B,Boys,doubles,main_draw,1,0,1,1,1st Round,4,R16,eliminated,5,1.25,2026-06-03T03:36:09.868Z
J-J30-SRI-2026-005,J30 Colombo,J30,2026-06-01,2026-06-07,800835305,Tanusshri Maneni Sathesh,IND,G,Girls,doubles,main_draw,0,0,0,2,Quarter-finals,4,R16,not_started_or_unknown,5,1.25,2026-06-03T03:36:09.868Z
J-J30-SRI-2026-005,J30 Colombo,J30,2026-06-01,2026-06-07,800795892,Tanya Karthik,IND,G,Girls,doubles,main_draw,1,0,1,1,1st Round,4,R16,eliminated,5,1.25,2026-06-03T03:36:09.868Z
J-J30-SRI-2026-005,J30 Colombo,J30,2026-06-01,2026-06-07,800802506,Viren Suryavanshi,IND,B,Boys,doubles,main_draw,1,1,0,2,Quarter-finals,4,QF,still_alive_or_champion,9,2.25,2026-06-03T03:36:09.868Z
J-J30-SRI-2026-005,J30 Colombo,J30,2026-06-01,2026-06-07,800709953,VIVAAN MIRDHA,IND,B,Boys,doubles,main_draw,1,1,0,2,Quarter-finals,4,QF,still_alive_or_champion,9,2.25,2026-06-03T03:36:09.868Z
J-J30-SRI-2026-005,J30 Colombo,J30,2026-06-01,2026-06-07,800709440,YASHITHA ERETI,IND,G,Girls,doubles,main_draw,1,0,1,1,1st Round,4,R16,eliminated,5,1.25,2026-06-03T03:36:09.868Z
J-J30-SRI-2026-005,J30 Colombo,J30,2026-06-01,2026-06-07,800805819,Yashpreet Singh,IND,B,Boys,doubles,main_draw,1,1,0,2,Quarter-finals,4,QF,still_alive_or_champion,9,2.25,2026-06-03T03:36:09.868Z
J-J30-SRI-2026-005,J30 Colombo,J30,2026-06-01,2026-06-07,800702697,Yuhansa Peiris,SRI,G,Girls,doubles,main_draw,1,1,0,2,Quarter-finals,4,QF,still_alive_or_champion,9,2.25,2026-06-03T03:36:09.868Z
J-J30-SRI-2026-005,J30 Colombo,J30,2026-06-01,2026-06-07,800709332,ZOHA QURESHI,IND,G,Girls,doubles,main_draw,0,0,0,2,Quarter-finals,4,R16,not_started_or_unknown,5,1.25,2026-06-03T03:36:09.868Z
J-J30-SRI-2026-005,J30 Colombo,J30,2026-06-01,2026-06-07,800710476,Aahida Singh,IND,G,Girls,singles,main_draw,1,1,0,2,2nd Round,5,R16,still_alive_or_champion,5,5,2026-06-03T03:36:09.868Z
J-J30-SRI-2026-005,J30 Colombo,J30,2026-06-01,2026-06-07,800643460,Aahil Kaleel,SRI,B,Boys,singles,main_draw,1,1,0,2,2nd Round,5,R16,still_alive_or_champion,5,5,2026-06-03T03:36:09.868Z
J-J30-SRI-2026-005,J30 Colombo,J30,2026-06-01,2026-06-07,800728865,Aashi Kashyap,IND,G,Girls,singles,main_draw,1,1,0,2,2nd Round,5,R16,still_alive_or_champion,5,5,2026-06-03T03:36:09.868Z
J-J30-SRI-2026-005,J30 Colombo,J30,2026-06-01,2026-06-07,800808262,Abdul Azeez Cader,SRI,B,Boys,singles,qualifying,1,0,1,1,1st Round,3,Q1,eliminated,0,0,2026-06-03T03:36:09.868Z
J-J30-SRI-2026-005,J30 Colombo,J30,2026-06-01,2026-06-07,800623937,Abdul Baasith Cader,SRI,B,Boys,singles,qualifying,2,1,1,2,2nd Round,3,Q2,eliminated,0,0,2026-06-03T03:36:09.868Z
J-J30-SRI-2026-005,J30 Colombo,J30,2026-06-01,2026-06-07,800762862,Aditi Khanapuri,USA,G,Girls,singles,main_draw,1,0,1,1,1st Round,5,R32,eliminated,2,2,2026-06-03T03:36:09.868Z
J-J30-SRI-2026-005,J30 Colombo,J30,2026-06-01,2026-06-07,800728374,Adwaiy Vyas,IND,B,Boys,singles,qualifying,1,0,1,2,2nd Round,3,Q1,eliminated,0,0,2026-06-03T03:36:09.868Z
J-J30-SRI-2026-005,J30 Colombo,J30,2026-06-01,2026-06-07,800713303,Aishath Karin Saizan,MDV,G,Girls,singles,main_draw,1,1,0,2,2nd Round,5,R16,still_alive_or_champion,5,5,2026-06-03T03:36:09.868Z
J-J30-SRI-2026-005,J30 Colombo,J30,2026-06-01,2026-06-07,800704635,Akeesha hirundi silva Diyunuge,SRI,G,Girls,singles,main_draw,1,0,1,1,1st Round,5,R32,eliminated,2,2,2026-06-03T03:36:09.868Z
J-J30-SRI-2026-005,J30 Colombo,J30,2026-06-01,2026-06-07,800695251,Amrit Dhankar,IND,B,Boys,singles,main_draw,1,1,0,2,2nd Round,5,R16,still_alive_or_champion,5,5,2026-06-03T03:36:09.868Z
J-J30-SRI-2026-005,J30 Colombo,J30,2026-06-01,2026-06-07,800701848,Andrew Kaavinda Wijemanne,SRI,B,Boys,singles,qualifying,1,0,1,2,2nd Round,3,Q1,eliminated,0,0,2026-06-03T03:36:09.868Z
J-J30-SRI-2026-005,J30 Colombo,J30,2026-06-01,2026-06-07,800704352,Annaya Joanie Norbet,SRI,G,Girls,singles,main_draw,0,0,0,2,2nd Round,5,R32,not_started_or_unknown,2,2,2026-06-03T03:36:09.868Z
J-J30-SRI-2026-005,J30 Colombo,J30,2026-06-01,2026-06-07,800762652,Arsh Kathuria,IND,B,Boys,singles,main_draw,1,1,0,2,2nd Round,5,R16,still_alive_or_champion,5,5,2026-06-03T03:36:09.868Z
J-J30-SRI-2026-005,J30 Colombo,J30,2026-06-01,2026-06-07,800659950,Arsh Walke,IND,B,Boys,singles,main_draw,1,0,1,1,1st Round,5,R32,eliminated,2,2,2026-06-03T03:36:09.868Z
J-J30-SRI-2026-005,J30 Colombo,J30,2026-06-01,2026-06-07,800760375,Ashlin De Silva,SRI,B,Boys,singles,main_draw,1,1,0,2,2nd Round,5,R16,still_alive_or_champion,5,5,2026-06-03T03:36:09.868Z
J-J30-SRI-2026-005,J30 Colombo,J30,2026-06-01,2026-06-07,800704343,Atharva Sriramoju,IND,B,Boys,singles,main_draw,1,0,1,1,1st Round,5,R32,eliminated,2,2,2026-06-03T03:36:09.868Z
J-J30-SRI-2026-005,J30 Colombo,J30,2026-06-01,2026-06-07,800722570,Athray Rajaprakash,IND,B,Boys,singles,qualifying,1,0,1,1,1st Round,3,Q1,eliminated,0,0,2026-06-03T03:36:09.868Z
J-J30-SRI-2026-005,J30 Colombo,J30,2026-06-01,2026-06-07,800781429,Bawyasri Asr,IND,G,Girls,singles,main_draw,1,1,0,2,2nd Round,5,R16,still_alive_or_champion,5,5,2026-06-03T03:36:09.868Z
J-J30-SRI-2026-005,J30 Colombo,J30,2026-06-01,2026-06-07,800773687,Bhishman Balaratnarajah,SRI,B,Boys,singles,qualifying,0,0,0,2,2nd Round,3,Q1,not_started_or_unknown,0,0,2026-06-03T03:36:09.868Z
J-J30-SRI-2026-005,J30 Colombo,J30,2026-06-01,2026-06-07,800760059,Buvindu Jayawardhana,SRI,B,Boys,singles,qualifying,3,2,1,3,Quarter-finals,3,Q3,eliminated,0,0,2026-06-03T03:36:09.868Z
J-J30-SRI-2026-005,J30 Colombo,J30,2026-06-01,2026-06-07,800706077,Chukka Lakshya Vardhan Chukka,IND,B,Boys,singles,main_draw,1,1,0,2,2nd Round,5,R16,still_alive_or_champion,5,5,2026-06-03T03:36:09.868Z
J-J30-SRI-2026-005,J30 Colombo,J30,2026-06-01,2026-06-07,800755949,Chunyu Bao,CHN,G,Girls,singles,qualifying,0,0,0,1,Quarter-finals,1,Q1,not_started_or_unknown,0,0,2026-06-03T03:36:09.868Z
J-J30-SRI-2026-005,J30 Colombo,J30,2026-06-01,2026-06-07,800704196,Deepthi Venkatesan Venkatesan,IND,G,Girls,singles,main_draw,1,1,0,2,2nd Round,5,R16,still_alive_or_champion,5,5,2026-06-03T03:36:09.868Z
J-J30-SRI-2026-005,J30 Colombo,J30,2026-06-01,2026-06-07,800706946,Dehan Chanthula Wickramasinghe,SRI,B,Boys,singles,qualifying,1,0,1,1,1st Round,3,Q1,eliminated,0,0,2026-06-03T03:36:09.868Z
J-J30-SRI-2026-005,J30 Colombo,J30,2026-06-01,2026-06-07,800867719,Desandi Methunima Peiris,SRI,G,Girls,singles,main_draw,1,0,1,1,1st Round,5,R32,eliminated,2,2,2026-06-03T03:36:09.868Z
J-J30-SRI-2026-005,J30 Colombo,J30,2026-06-01,2026-06-07,800867719,Desandi Methunima Peiris,SRI,G,Girls,singles,qualifying,0,0,0,1,Quarter-finals,1,Q1,not_started_or_unknown,0,0,2026-06-03T03:36:09.868Z
J-J30-SRI-2026-005,J30 Colombo,J30,2026-06-01,2026-06-07,800624608,Dinara De Silva,SRI,G,Girls,singles,main_draw,1,1,0,2,2nd Round,5,R16,still_alive_or_champion,5,5,2026-06-03T03:36:09.868Z
J-J30-SRI-2026-005,J30 Colombo,J30,2026-06-01,2026-06-07,800797306,Diya Ravikumar Janaki,IND,G,Girls,singles,main_draw,1,0,1,1,1st Round,5,R32,eliminated,2,2,2026-06-03T03:36:09.868Z
J-J30-SRI-2026-005,J30 Colombo,J30,2026-06-01,2026-06-07,800705021,EVAN SAHA,IND,B,Boys,singles,main_draw,1,0,1,1,1st Round,5,R32,eliminated,2,2,2026-06-03T03:36:09.868Z
J-J30-SRI-2026-005,J30 Colombo,J30,2026-06-01,2026-06-07,800665675,FAZAL ALI MEER,IND,B,Boys,singles,main_draw,1,0,1,1,1st Round,5,R32,eliminated,2,2,2026-06-03T03:36:09.868Z
J-J30-SRI-2026-005,J30 Colombo,J30,2026-06-01,2026-06-07,800860800,G Prajeet Wardhan Gottapu,IND,B,Boys,singles,qualifying,1,0,1,1,1st Round,3,Q1,eliminated,0,0,2026-06-03T03:36:09.868Z
J-J30-SRI-2026-005,J30 Colombo,J30,2026-06-01,2026-06-07,800765027,Gabe DODANWELA,SRI,B,Boys,singles,qualifying,0,0,0,1,1st Round,3,Q1,not_started_or_unknown,0,0,2026-06-03T03:36:09.868Z
J-J30-SRI-2026-005,J30 Colombo,J30,2026-06-01,2026-06-07,800625722,Gehansa Methnadi Lamappulage Don,SRI,G,Girls,singles,main_draw,1,0,1,1,1st Round,5,R32,eliminated,2,2,2026-06-03T03:36:09.868Z
J-J30-SRI-2026-005,J30 Colombo,J30,2026-06-01,2026-06-07,800722906,Genevieve Zi Lin Lim,SGP,G,Girls,singles,main_draw,1,1,0,2,2nd Round,5,R16,still_alive_or_champion,5,5,2026-06-03T03:36:09.868Z
J-J30-SRI-2026-005,J30 Colombo,J30,2026-06-01,2026-06-07,800819497,Githmi Riyana Fernando,SRI,G,Girls,singles,main_draw,1,0,1,1,1st Round,5,R32,eliminated,2,2,2026-06-03T03:36:09.868Z
J-J30-SRI-2026-005,J30 Colombo,J30,2026-06-01,2026-06-07,800783169,Haritishwari Chinnakavanam Nattu,IND,G,Girls,singles,main_draw,1,1,0,2,2nd Round,5,R16,still_alive_or_champion,5,5,2026-06-03T03:36:09.868Z
J-J30-SRI-2026-005,J30 Colombo,J30,2026-06-01,2026-06-07,800693460,Hridhay Hridhay,IND,B,Boys,singles,main_draw,1,0,1,1,1st Round,5,R32,eliminated,2,2,2026-06-03T03:36:09.868Z
J-J30-SRI-2026-005,J30 Colombo,J30,2026-06-01,2026-06-07,800781873,Ilaiyanila Kannan,IND,G,Girls,singles,main_draw,1,1,0,2,2nd Round,5,R16,still_alive_or_champion,5,5,2026-06-03T03:36:09.868Z
J-J30-SRI-2026-005,J30 Colombo,J30,2026-06-01,2026-06-07,800621779,Jayin De Saram,SRI,B,Boys,singles,main_draw,1,0,1,1,1st Round,5,R32,eliminated,2,2,2026-06-03T03:36:09.868Z
J-J30-SRI-2026-005,J30 Colombo,J30,2026-06-01,2026-06-07,800761944,Kiara Jayamanne,SRI,G,Girls,singles,main_draw,1,0,1,1,1st Round,5,R32,eliminated,2,2,2026-06-03T03:36:09.868Z
J-J30-SRI-2026-005,J30 Colombo,J30,2026-06-01,2026-06-07,800696403,KISHORE SRIRAM,IND,B,Boys,singles,main_draw,1,0,1,1,1st Round,5,R32,eliminated,2,2,2026-06-03T03:36:09.868Z
J-J30-SRI-2026-005,J30 Colombo,J30,2026-06-01,2026-06-07,800737648,Kubherane Mayooran,SRI,B,Boys,singles,main_draw,1,0,1,1,1st Round,5,R32,eliminated,2,2,2026-06-03T03:36:09.868Z
J-J30-SRI-2026-005,J30 Colombo,J30,2026-06-01,2026-06-07,800761318,Kumuditha Dalpatadu,SRI,B,Boys,singles,qualifying,1,0,1,2,2nd Round,3,Q1,eliminated,0,0,2026-06-03T03:36:09.868Z
J-J30-SRI-2026-005,J30 Colombo,J30,2026-06-01,2026-06-07,800775457,Kushagra Arora,IND,B,Boys,singles,main_draw,1,1,0,2,2nd Round,5,R16,still_alive_or_champion,5,5,2026-06-03T03:36:09.868Z
J-J30-SRI-2026-005,J30 Colombo,J30,2026-06-01,2026-06-07,800643361,Lithum Jayabandu,SRI,B,Boys,singles,main_draw,1,1,0,2,2nd Round,5,R16,still_alive_or_champion,5,5,2026-06-03T03:36:09.868Z
J-J30-SRI-2026-005,J30 Colombo,J30,2026-06-01,2026-06-07,800706139,Madhav Dadhich,IND,B,Boys,singles,main_draw,1,1,0,2,2nd Round,5,R16,still_alive_or_champion,5,5,2026-06-03T03:36:09.868Z
J-J30-SRI-2026-005,J30 Colombo,J30,2026-06-01,2026-06-07,800713434,Manan Rai,IND,B,Boys,singles,main_draw,1,0,1,1,1st Round,5,R32,eliminated,2,2,2026-06-03T03:36:09.868Z
J-J30-SRI-2026-005,J30 Colombo,J30,2026-06-01,2026-06-07,800642843,Methika Nuran Wickramasinghe Wickramasinghe Mudiyanselage,SRI,B,Boys,singles,main_draw,1,0,1,1,1st Round,5,R32,eliminated,2,2,2026-06-03T03:36:09.868Z
J-J30-SRI-2026-005,J30 Colombo,J30,2026-06-01,2026-06-07,800760492,Methuli Mehansa Naotunne,SRI,G,Girls,singles,main_draw,1,0,1,1,1st Round,5,R32,eliminated,2,2,2026-06-03T03:36:09.868Z
J-J30-SRI-2026-005,J30 Colombo,J30,2026-06-01,2026-06-07,800643648,Muhammad Nooh Nazih,MDV,B,Boys,singles,qualifying,1,0,1,2,2nd Round,3,Q1,eliminated,0,0,2026-06-03T03:36:09.868Z
J-J30-SRI-2026-005,J30 Colombo,J30,2026-06-01,2026-06-07,800808444,Muhammed Fadhil Thariq,SRI,B,Boys,singles,qualifying,1,0,1,1,1st Round,3,Q1,eliminated,0,0,2026-06-03T03:36:09.868Z
J-J30-SRI-2026-005,J30 Colombo,J30,2026-06-01,2026-06-07,800767210,Nalyaazhini Krishnaprabhu,IND,G,Girls,singles,main_draw,1,0,1,1,1st Round,5,R32,eliminated,2,2,2026-06-03T03:36:09.868Z
J-J30-SRI-2026-005,J30 Colombo,J30,2026-06-01,2026-06-07,800645309,Naqeeb Hussain,SRI,B,Boys,singles,qualifying,1,0,1,1,1st Round,3,Q1,eliminated,0,0,2026-06-03T03:36:09.868Z
J-J30-SRI-2026-005,J30 Colombo,J30,2026-06-01,2026-06-07,800862476,Natalie Tin Yan Hui,HKG,G,Girls,singles,main_draw,1,0,1,1,1st Round,5,R32,eliminated,2,2,2026-06-03T03:36:09.868Z
J-J30-SRI-2026-005,J30 Colombo,J30,2026-06-01,2026-06-07,800862476,Natalie Tin Yan Hui,HKG,G,Girls,singles,qualifying,0,0,0,1,Quarter-finals,1,Q1,not_started_or_unknown,0,0,2026-06-03T03:36:09.868Z
J-J30-SRI-2026-005,J30 Colombo,J30,2026-06-01,2026-06-07,800773442,Navya Banagala,SRI,G,Girls,singles,main_draw,1,0,1,1,1st Round,5,R32,eliminated,2,2,2026-06-03T03:36:09.868Z
J-J30-SRI-2026-005,J30 Colombo,J30,2026-06-01,2026-06-07,800700922,Nevan Kannangara,SRI,B,Boys,singles,main_draw,1,0,1,1,1st Round,5,R32,eliminated,2,2,2026-06-03T03:36:09.868Z
J-J30-SRI-2026-005,J30 Colombo,J30,2026-06-01,2026-06-07,800855797,Niduk Liyanage,AUS,B,Boys,singles,main_draw,1,1,0,2,2nd Round,5,R16,still_alive_or_champion,5,5,2026-06-03T03:36:09.868Z
J-J30-SRI-2026-005,J30 Colombo,J30,2026-06-01,2026-06-07,800855797,Niduk Liyanage,AUS,B,Boys,singles,qualifying,2,2,0,3,Quarter-finals,3,Q,still_alive_or_champion,0,0,2026-06-03T03:36:09.868Z
J-J30-SRI-2026-005,J30 Colombo,J30,2026-06-01,2026-06-07,800847714,Nileish Mithun Brahman,SRI,B,Boys,singles,qualifying,1,0,1,1,1st Round,3,Q1,eliminated,0,0,2026-06-03T03:36:09.868Z
J-J30-SRI-2026-005,J30 Colombo,J30,2026-06-01,2026-06-07,800773636,Parth Chitroda,AUS,B,Boys,singles,main_draw,1,1,0,2,2nd Round,5,R16,still_alive_or_champion,5,5,2026-06-03T03:36:09.868Z
J-J30-SRI-2026-005,J30 Colombo,J30,2026-06-01,2026-06-07,800699769,Pattiyage Dinuga Damsath Peiris,SRI,B,Boys,singles,main_draw,1,0,1,1,1st Round,5,R32,eliminated,2,2,2026-06-03T03:36:09.868Z
J-J30-SRI-2026-005,J30 Colombo,J30,2026-06-01,2026-06-07,800699769,Pattiyage Dinuga Damsath Peiris,SRI,B,Boys,singles,qualifying,2,1,1,3,Quarter-finals,3,Q2,eliminated,0,0,2026-06-03T03:36:09.868Z
J-J30-SRI-2026-005,J30 Colombo,J30,2026-06-01,2026-06-07,800730760,Puneeth Manohar,IND,B,Boys,singles,main_draw,1,1,0,2,2nd Round,5,R16,still_alive_or_champion,5,5,2026-06-03T03:36:09.868Z
J-J30-SRI-2026-005,J30 Colombo,J30,2026-06-01,2026-06-07,800812215,Raghav Sarode,IND,B,Boys,singles,qualifying,3,2,1,3,Quarter-finals,3,Q3,eliminated,0,0,2026-06-03T03:36:09.868Z
J-J30-SRI-2026-005,J30 Colombo,J30,2026-06-01,2026-06-07,800783172,Revaan Amarasinghe,SRI,B,Boys,singles,qualifying,2,1,1,2,2nd Round,3,Q2,eliminated,0,0,2026-06-03T03:36:09.868Z
J-J30-SRI-2026-005,J30 Colombo,J30,2026-06-01,2026-06-07,800804302,Risindi Yehansa Hewawasam,SRI,G,Girls,singles,main_draw,1,0,1,1,1st Round,5,R32,eliminated,2,2,2026-06-03T03:36:09.868Z
J-J30-SRI-2026-005,J30 Colombo,J30,2026-06-01,2026-06-07,800730759,Rohan Srivant Hariharan,IND,B,Boys,singles,main_draw,1,1,0,2,2nd Round,5,R16,still_alive_or_champion,5,5,2026-06-03T03:36:09.868Z
J-J30-SRI-2026-005,J30 Colombo,J30,2026-06-01,2026-06-07,800730759,Rohan Srivant Hariharan,IND,B,Boys,singles,qualifying,2,2,0,3,Quarter-finals,3,Q,still_alive_or_champion,0,0,2026-06-03T03:36:09.868Z
J-J30-SRI-2026-005,J30 Colombo,J30,2026-06-01,2026-06-07,800816847,Run Ze Shi,CHN,B,Boys,singles,main_draw,1,0,1,1,1st Round,5,R32,eliminated,2,2,2026-06-03T03:36:09.868Z
J-J30-SRI-2026-005,J30 Colombo,J30,2026-06-01,2026-06-07,800761649,Sajhi Jain,IND,G,Girls,singles,main_draw,0,0,0,1,1st Round,5,R32,not_started_or_unknown,2,2,2026-06-03T03:36:09.868Z
J-J30-SRI-2026-005,J30 Colombo,J30,2026-06-01,2026-06-07,800800389,Samaira Fernando,SRI,G,Girls,singles,main_draw,1,0,1,1,1st Round,5,R32,eliminated,2,2,2026-06-03T03:36:09.868Z
J-J30-SRI-2026-005,J30 Colombo,J30,2026-06-01,2026-06-07,800703850,Sandithi Usgoda Arachchi,SRI,G,Girls,singles,main_draw,1,0,1,1,1st Round,5,R32,eliminated,2,2,2026-06-03T03:36:09.868Z
J-J30-SRI-2026-005,J30 Colombo,J30,2026-06-01,2026-06-07,800839506,Sarithra Entoori,IND,G,Girls,singles,main_draw,1,1,0,2,2nd Round,5,R16,still_alive_or_champion,5,5,2026-06-03T03:36:09.868Z
J-J30-SRI-2026-005,J30 Colombo,J30,2026-06-01,2026-06-07,800661000,SHERRY SHARMA,IND,G,Girls,singles,main_draw,1,1,0,2,2nd Round,5,R16,still_alive_or_champion,5,5,2026-06-03T03:36:09.868Z
J-J30-SRI-2026-005,J30 Colombo,J30,2026-06-01,2026-06-07,800668480,Shlok Chauhan,IND,B,Boys,singles,main_draw,1,1,0,2,2nd Round,5,R16,still_alive_or_champion,5,5,2026-06-03T03:36:09.868Z
J-J30-SRI-2026-005,J30 Colombo,J30,2026-06-01,2026-06-07,800709308,Shota Miyamoto,JPN,B,Boys,singles,main_draw,1,1,0,2,2nd Round,5,R16,still_alive_or_champion,5,5,2026-06-03T03:36:09.868Z
J-J30-SRI-2026-005,J30 Colombo,J30,2026-06-01,2026-06-07,800688309,Tachatam Srisen,THA,B,Boys,singles,main_draw,1,0,1,1,1st Round,5,R32,eliminated,2,2,2026-06-03T03:36:09.868Z
J-J30-SRI-2026-005,J30 Colombo,J30,2026-06-01,2026-06-07,800688309,Tachatam Srisen,THA,B,Boys,singles,qualifying,1,0,1,2,2nd Round,3,Q1,eliminated,0,0,2026-06-03T03:36:09.868Z
J-J30-SRI-2026-005,J30 Colombo,J30,2026-06-01,2026-06-07,800844710,Tanish Dasari,IND,B,Boys,singles,main_draw,1,0,1,1,1st Round,5,R32,eliminated,2,2,2026-06-03T03:36:09.868Z
J-J30-SRI-2026-005,J30 Colombo,J30,2026-06-01,2026-06-07,800844710,Tanish Dasari,IND,B,Boys,singles,qualifying,3,2,1,3,Quarter-finals,3,Q3,eliminated,0,0,2026-06-03T03:36:09.868Z
J-J30-SRI-2026-005,J30 Colombo,J30,2026-06-01,2026-06-07,800835305,Tanusshri Maneni Sathesh,IND,G,Girls,singles,main_draw,1,1,0,2,2nd Round,5,R16,still_alive_or_champion,5,5,2026-06-03T03:36:09.868Z
J-J30-SRI-2026-005,J30 Colombo,J30,2026-06-01,2026-06-07,800795892,Tanya Karthik,IND,G,Girls,singles,main_draw,1,0,1,1,1st Round,5,R32,eliminated,2,2,2026-06-03T03:36:09.868Z
J-J30-SRI-2026-005,J30 Colombo,J30,2026-06-01,2026-06-07,800802506,Viren Suryavanshi,IND,B,Boys,singles,main_draw,1,0,1,1,1st Round,5,R32,eliminated,2,2,2026-06-03T03:36:09.868Z
J-J30-SRI-2026-005,J30 Colombo,J30,2026-06-01,2026-06-07,800802506,Viren Suryavanshi,IND,B,Boys,singles,qualifying,2,2,0,3,Quarter-finals,3,Q,still_alive_or_champion,0,0,2026-06-03T03:36:09.868Z
J-J30-SRI-2026-005,J30 Colombo,J30,2026-06-01,2026-06-07,800709953,VIVAAN MIRDHA,IND,B,Boys,singles,main_draw,1,1,0,2,2nd Round,5,R16,still_alive_or_champion,5,5,2026-06-03T03:36:09.868Z
J-J30-SRI-2026-005,J30 Colombo,J30,2026-06-01,2026-06-07,800765042,Yanik Dodanwela,SRI,B,Boys,singles,qualifying,0,0,0,1,1st Round,3,Q1,not_started_or_unknown,0,0,2026-06-03T03:36:09.868Z
J-J30-SRI-2026-005,J30 Colombo,J30,2026-06-01,2026-06-07,800709440,YASHITHA ERETI,IND,G,Girls,singles,main_draw,1,1,0,2,2nd Round,5,R16,still_alive_or_champion,5,5,2026-06-03T03:36:09.868Z
J-J30-SRI-2026-005,J30 Colombo,J30,2026-06-01,2026-06-07,800709440,YASHITHA ERETI,IND,G,Girls,singles,qualifying,0,0,0,1,Quarter-finals,1,Q1,not_started_or_unknown,0,0,2026-06-03T03:36:09.868Z
J-J30-SRI-2026-005,J30 Colombo,J30,2026-06-01,2026-06-07,800805819,Yashpreet Singh,IND,B,Boys,singles,main_draw,1,1,0,2,2nd Round,5,R16,still_alive_or_champion,5,5,2026-06-03T03:36:09.868Z
J-J30-SRI-2026-005,J30 Colombo,J30,2026-06-01,2026-06-07,800805819,Yashpreet Singh,IND,B,Boys,singles,qualifying,3,3,0,3,Quarter-finals,3,Q,still_alive_or_champion,0,0,2026-06-03T03:36:09.868Z
J-J30-SRI-2026-005,J30 Colombo,J30,2026-06-01,2026-06-07,800702697,Yuhansa Peiris,SRI,G,Girls,singles,main_draw,1,1,0,2,2nd Round,5,R16,still_alive_or_champion,5,5,2026-06-03T03:36:09.868Z
J-J30-SRI-2026-005,J30 Colombo,J30,2026-06-01,2026-06-07,800709332,ZOHA QURESHI,IND,G,Girls,singles,main_draw,1,1,0,2,2nd Round,5,R16,still_alive_or_champion,5,5,2026-06-03T03:36:09.868Z
J-J30-SRI-2026-005,J30 Colombo,J30,2026-06-01,2026-06-07,800709332,ZOHA QURESHI,IND,G,Girls,singles,qualifying,0,0,0,1,Quarter-finals,1,Q1,not_started_or_unknown,0,0,2026-06-03T03:36:09.868Z
J-J30-KOR-2026-010,J30 Gimcheon,J30,2026-06-02,2026-06-07,800739191,Ayul Kim,KOR,G,Girls,singles,qualifying,2,1,1,2,2nd Round,2,Q2,eliminated,0,0,2026-06-03T03:36:09.868Z
J-J30-KOR-2026-010,J30 Gimcheon,J30,2026-06-02,2026-06-07,800677794,Boram Lee,KOR,G,Girls,singles,qualifying,2,2,0,2,2nd Round,2,Q,still_alive_or_champion,0,0,2026-06-03T03:36:09.868Z
J-J30-KOR-2026-010,J30 Gimcheon,J30,2026-06-02,2026-06-07,800692066,Chang Hyun Lee,KOR,B,Boys,singles,qualifying,2,2,0,2,2nd Round,2,Q,still_alive_or_champion,0,0,2026-06-03T03:36:09.868Z
J-J30-KOR-2026-010,J30 Gimcheon,J30,2026-06-02,2026-06-07,800685290,DA EUN LEE,KOR,G,Girls,singles,qualifying,1,0,1,1,1st Round,2,Q1,eliminated,0,0,2026-06-03T03:36:09.868Z
J-J30-KOR-2026-010,J30 Gimcheon,J30,2026-06-02,2026-06-07,800778233,dan a kim,KOR,G,Girls,singles,qualifying,1,0,1,1,1st Round,2,Q1,eliminated,0,0,2026-06-03T03:36:09.868Z
J-J30-KOR-2026-010,J30 Gimcheon,J30,2026-06-02,2026-06-07,800719513,dan gun Kim,KOR,B,Boys,singles,qualifying,1,0,1,1,1st Round,2,Q1,eliminated,0,0,2026-06-03T03:36:09.868Z
J-J30-KOR-2026-010,J30 Gimcheon,J30,2026-06-02,2026-06-07,800816947,Dayoung Sung,KOR,G,Girls,singles,qualifying,2,1,1,2,2nd Round,2,Q2,eliminated,0,0,2026-06-03T03:36:09.868Z
J-J30-KOR-2026-010,J30 Gimcheon,J30,2026-06-02,2026-06-07,800685143,Dohun Song,KOR,B,Boys,singles,qualifying,2,2,0,2,2nd Round,2,Q,still_alive_or_champion,0,0,2026-06-03T03:36:09.868Z
J-J30-KOR-2026-010,J30 Gimcheon,J30,2026-06-02,2026-06-07,800726261,donghwan lim,KOR,B,Boys,singles,qualifying,1,0,1,1,1st Round,2,Q1,eliminated,0,0,2026-06-03T03:36:09.868Z
J-J30-KOR-2026-010,J30 Gimcheon,J30,2026-06-02,2026-06-07,800723450,donghyun Kim,KOR,B,Boys,singles,qualifying,1,0,1,1,1st Round,2,Q1,eliminated,0,0,2026-06-03T03:36:09.868Z
J-J30-KOR-2026-010,J30 Gimcheon,J30,2026-06-02,2026-06-07,800666082,DOYOON KIM,KOR,B,Boys,singles,qualifying,2,1,1,2,2nd Round,2,Q2,eliminated,0,0,2026-06-03T03:36:09.868Z
J-J30-KOR-2026-010,J30 Gimcheon,J30,2026-06-02,2026-06-07,800674700,Gwanmu Kim,KOR,B,Boys,singles,qualifying,1,0,1,1,1st Round,2,Q1,eliminated,0,0,2026-06-03T03:36:09.868Z
J-J30-KOR-2026-010,J30 Gimcheon,J30,2026-06-02,2026-06-07,800752564,HAJUNE LEE,KOR,B,Boys,singles,qualifying,1,0,1,1,1st Round,2,Q1,eliminated,0,0,2026-06-03T03:36:09.868Z
J-J30-KOR-2026-010,J30 Gimcheon,J30,2026-06-02,2026-06-07,800748270,HANBYEOL LEE,KOR,G,Girls,singles,qualifying,1,0,1,1,1st Round,2,Q1,eliminated,0,0,2026-06-03T03:36:09.868Z
J-J30-KOR-2026-010,J30 Gimcheon,J30,2026-06-02,2026-06-07,800599885,Hyeon Bin Park,KOR,B,Boys,singles,qualifying,2,2,0,2,2nd Round,2,Q,still_alive_or_champion,0,0,2026-06-03T03:36:09.868Z
J-J30-KOR-2026-010,J30 Gimcheon,J30,2026-06-02,2026-06-07,800789833,Hyeon Seo Cho,KOR,G,Girls,singles,qualifying,2,1,1,2,2nd Round,2,Q2,eliminated,0,0,2026-06-03T03:36:09.868Z
J-J30-KOR-2026-010,J30 Gimcheon,J30,2026-06-02,2026-06-07,800741640,Jang Jun Lee,KOR,B,Boys,singles,qualifying,2,2,0,2,2nd Round,2,Q,still_alive_or_champion,0,0,2026-06-03T03:36:09.868Z
J-J30-KOR-2026-010,J30 Gimcheon,J30,2026-06-02,2026-06-07,800716202,Jay Shon,KOR,G,Girls,singles,qualifying,1,0,1,1,1st Round,2,Q1,eliminated,0,0,2026-06-03T03:36:09.868Z
J-J30-KOR-2026-010,J30 Gimcheon,J30,2026-06-02,2026-06-07,800709106,Jennifer Chang,KOR,G,Girls,singles,qualifying,1,0,1,1,1st Round,2,Q1,eliminated,0,0,2026-06-03T03:36:09.868Z
J-J30-KOR-2026-010,J30 Gimcheon,J30,2026-06-02,2026-06-07,800725024,JEONG MIN KIM,KOR,B,Boys,singles,qualifying,1,0,1,1,1st Round,2,Q1,eliminated,0,0,2026-06-03T03:36:09.868Z
J-J30-KOR-2026-010,J30 Gimcheon,J30,2026-06-02,2026-06-07,800722482,ji yeong Jung,KOR,G,Girls,singles,qualifying,2,2,0,2,2nd Round,2,Q,still_alive_or_champion,0,0,2026-06-03T03:36:09.868Z
J-J30-KOR-2026-010,J30 Gimcheon,J30,2026-06-02,2026-06-07,800742585,JIHAN KIM,KOR,B,Boys,singles,qualifying,1,0,1,1,1st Round,2,Q1,eliminated,0,0,2026-06-03T03:36:09.868Z
J-J30-KOR-2026-010,J30 Gimcheon,J30,2026-06-02,2026-06-07,800665848,Jihyeon Moon,KOR,B,Boys,singles,qualifying,2,2,0,2,2nd Round,2,Q,still_alive_or_champion,0,0,2026-06-03T03:36:09.868Z
J-J30-KOR-2026-010,J30 Gimcheon,J30,2026-06-02,2026-06-07,800714346,Jiyeon Baik,KOR,G,Girls,singles,qualifying,1,0,1,1,1st Round,2,Q1,eliminated,0,0,2026-06-03T03:36:09.868Z
J-J30-KOR-2026-010,J30 Gimcheon,J30,2026-06-02,2026-06-07,800761390,Jiyu Park,KOR,G,Girls,singles,qualifying,1,0,1,1,1st Round,2,Q1,eliminated,0,0,2026-06-03T03:36:09.868Z
J-J30-KOR-2026-010,J30 Gimcheon,J30,2026-06-02,2026-06-07,800623549,Jun Woo Ye,KOR,B,Boys,singles,qualifying,2,1,1,2,2nd Round,2,Q2,eliminated,0,0,2026-06-03T03:36:09.868Z
J-J30-KOR-2026-010,J30 Gimcheon,J30,2026-06-02,2026-06-07,800667582,Junho Choi,KOR,B,Boys,singles,qualifying,2,1,1,2,2nd Round,2,Q2,eliminated,0,0,2026-06-03T03:36:09.868Z
J-J30-KOR-2026-010,J30 Gimcheon,J30,2026-06-02,2026-06-07,800723470,JUNHO LEE,KOR,B,Boys,singles,qualifying,1,0,1,1,1st Round,2,Q1,eliminated,0,0,2026-06-03T03:36:09.868Z
J-J30-KOR-2026-010,J30 Gimcheon,J30,2026-06-02,2026-06-07,800675653,Junsuk Bang,KOR,B,Boys,singles,qualifying,2,1,1,2,2nd Round,2,Q2,eliminated,0,0,2026-06-03T03:36:09.868Z
J-J30-KOR-2026-010,J30 Gimcheon,J30,2026-06-02,2026-06-07,800646385,Junwon Choi,KOR,B,Boys,singles,qualifying,2,2,0,2,2nd Round,2,Q,still_alive_or_champion,0,0,2026-06-03T03:36:09.868Z
J-J30-KOR-2026-010,J30 Gimcheon,J30,2026-06-02,2026-06-07,800764847,Min seo KIM,KOR,B,Boys,singles,qualifying,1,0,1,1,1st Round,2,Q1,eliminated,0,0,2026-06-03T03:36:09.868Z
J-J30-KOR-2026-010,J30 Gimcheon,J30,2026-06-02,2026-06-07,800720517,Min-ah Kim,KOR,G,Girls,singles,qualifying,2,1,1,2,2nd Round,2,Q2,eliminated,0,0,2026-06-03T03:36:09.868Z
J-J30-KOR-2026-010,J30 Gimcheon,J30,2026-06-02,2026-06-07,800765306,minchan kwon,KOR,B,Boys,singles,qualifying,1,0,1,1,1st Round,2,Q1,eliminated,0,0,2026-06-03T03:36:09.868Z
J-J30-KOR-2026-010,J30 Gimcheon,J30,2026-06-02,2026-06-07,800745591,MINGEON CHOI,KOR,B,Boys,singles,qualifying,2,1,1,2,2nd Round,2,Q2,eliminated,0,0,2026-06-03T03:36:09.868Z
J-J30-KOR-2026-010,J30 Gimcheon,J30,2026-06-02,2026-06-07,800802904,Minjoo Kim,KOR,G,Girls,singles,qualifying,1,0,1,1,1st Round,2,Q1,eliminated,0,0,2026-06-03T03:36:09.868Z
J-J30-KOR-2026-010,J30 Gimcheon,J30,2026-06-02,2026-06-07,800736292,Minju Kim,KOR,G,Girls,singles,qualifying,2,2,0,2,2nd Round,2,Q,still_alive_or_champion,0,0,2026-06-03T03:36:09.868Z
J-J30-KOR-2026-010,J30 Gimcheon,J30,2026-06-02,2026-06-07,800667640,nahyeon kim,KOR,G,Girls,singles,qualifying,1,0,1,1,1st Round,2,Q1,eliminated,0,0,2026-06-03T03:36:09.868Z
J-J30-KOR-2026-010,J30 Gimcheon,J30,2026-06-02,2026-06-07,800665981,namin Jung,KOR,G,Girls,singles,qualifying,1,0,1,1,1st Round,2,Q1,eliminated,0,0,2026-06-03T03:36:09.868Z
J-J30-KOR-2026-010,J30 Gimcheon,J30,2026-06-02,2026-06-07,800746654,NOA KIM,KOR,B,Boys,singles,qualifying,2,2,0,2,2nd Round,2,Q,still_alive_or_champion,0,0,2026-06-03T03:36:09.868Z
J-J30-KOR-2026-010,J30 Gimcheon,J30,2026-06-02,2026-06-07,800752449,Rahee Kim,KOR,G,Girls,singles,qualifying,1,0,1,1,1st Round,2,Q1,eliminated,0,0,2026-06-03T03:36:09.868Z
J-J30-KOR-2026-010,J30 Gimcheon,J30,2026-06-02,2026-06-07,800739993,Sang Hyun Lee,KOR,B,Boys,singles,qualifying,1,0,1,1,1st Round,2,Q1,eliminated,0,0,2026-06-03T03:36:09.868Z
J-J30-KOR-2026-010,J30 Gimcheon,J30,2026-06-02,2026-06-07,800741611,Sanggyo Jeong,KOR,B,Boys,singles,qualifying,2,1,1,2,2nd Round,2,Q2,eliminated,0,0,2026-06-03T03:36:09.868Z
J-J30-KOR-2026-010,J30 Gimcheon,J30,2026-06-02,2026-06-07,800742910,Seo-Youn Kim,KOR,G,Girls,singles,qualifying,1,0,1,1,1st Round,2,Q1,eliminated,0,0,2026-06-03T03:36:09.868Z
J-J30-KOR-2026-010,J30 Gimcheon,J30,2026-06-02,2026-06-07,800679269,SEOJEONG YANG,KOR,G,Girls,singles,qualifying,2,2,0,2,2nd Round,2,Q,still_alive_or_champion,0,0,2026-06-03T03:36:09.868Z
J-J30-KOR-2026-010,J30 Gimcheon,J30,2026-06-02,2026-06-07,800747821,Seolhoo Moon,KOR,B,Boys,singles,qualifying,1,0,1,1,1st Round,2,Q1,eliminated,0,0,2026-06-03T03:36:09.868Z
J-J30-KOR-2026-010,J30 Gimcheon,J30,2026-06-02,2026-06-07,800651380,SEONG JUN JOO,KOR,B,Boys,singles,qualifying,2,2,0,2,2nd Round,2,Q,still_alive_or_champion,0,0,2026-06-03T03:36:09.868Z
J-J30-KOR-2026-010,J30 Gimcheon,J30,2026-06-02,2026-06-07,800764241,Seongju Kim,KOR,G,Girls,singles,qualifying,2,2,0,2,2nd Round,2,Q,still_alive_or_champion,0,0,2026-06-03T03:36:09.868Z
J-J30-KOR-2026-010,J30 Gimcheon,J30,2026-06-02,2026-06-07,800762926,SEOYUN KIM,KOR,G,Girls,singles,qualifying,1,0,1,1,1st Round,2,Q1,eliminated,0,0,2026-06-03T03:36:09.868Z
J-J30-KOR-2026-010,J30 Gimcheon,J30,2026-06-02,2026-06-07,800801245,Seungwoo Han,KOR,B,Boys,singles,qualifying,1,0,1,1,1st Round,2,Q1,eliminated,0,0,2026-06-03T03:36:09.868Z
J-J30-KOR-2026-010,J30 Gimcheon,J30,2026-06-02,2026-06-07,800684195,Seungwoo Nam,KOR,B,Boys,singles,qualifying,1,0,1,1,1st Round,2,Q1,eliminated,0,0,2026-06-03T03:36:09.868Z
J-J30-KOR-2026-010,J30 Gimcheon,J30,2026-06-02,2026-06-07,800678740,So Yuna,KOR,G,Girls,singles,qualifying,0,0,0,1,1st Round,2,Q1,not_started_or_unknown,0,0,2026-06-03T03:36:09.868Z
J-J30-KOR-2026-010,J30 Gimcheon,J30,2026-06-02,2026-06-07,800680562,somin kim,KOR,G,Girls,singles,qualifying,1,0,1,1,1st Round,2,Q1,eliminated,0,0,2026-06-03T03:36:09.868Z
J-J30-KOR-2026-010,J30 Gimcheon,J30,2026-06-02,2026-06-07,800759872,soohwan Jeong,KOR,B,Boys,singles,qualifying,1,0,1,1,1st Round,2,Q1,eliminated,0,0,2026-06-03T03:36:09.868Z
J-J30-KOR-2026-010,J30 Gimcheon,J30,2026-06-02,2026-06-07,800740804,Su Min Baek,KOR,G,Girls,singles,qualifying,2,1,1,2,2nd Round,2,Q2,eliminated,0,0,2026-06-03T03:36:09.868Z
J-J30-KOR-2026-010,J30 Gimcheon,J30,2026-06-02,2026-06-07,800761473,Sua Ham,KOR,G,Girls,singles,qualifying,1,0,1,2,2nd Round,2,Q1,eliminated,0,0,2026-06-03T03:36:09.868Z
J-J30-KOR-2026-010,J30 Gimcheon,J30,2026-06-02,2026-06-07,800680165,Sugwang Bae,KOR,B,Boys,singles,qualifying,2,1,1,2,2nd Round,2,Q2,eliminated,0,0,2026-06-03T03:36:09.868Z
J-J30-KOR-2026-010,J30 Gimcheon,J30,2026-06-02,2026-06-07,800742596,tae hee kim,KOR,G,Girls,singles,qualifying,2,1,1,2,2nd Round,2,Q2,eliminated,0,0,2026-06-03T03:36:09.868Z
J-J30-KOR-2026-010,J30 Gimcheon,J30,2026-06-02,2026-06-07,800753996,TAE HEE KIM,KOR,G,Girls,singles,qualifying,2,2,0,2,2nd Round,2,Q,still_alive_or_champion,0,0,2026-06-03T03:36:09.868Z
J-J30-KOR-2026-010,J30 Gimcheon,J30,2026-06-02,2026-06-07,800740600,Taejin Jung,KOR,G,Girls,singles,qualifying,1,0,1,1,1st Round,2,Q1,eliminated,0,0,2026-06-03T03:36:09.868Z
J-J30-KOR-2026-010,J30 Gimcheon,J30,2026-06-02,2026-06-07,800652597,Yeonmu Jung,KOR,B,Boys,singles,qualifying,2,1,1,2,2nd Round,2,Q2,eliminated,0,0,2026-06-03T03:36:09.868Z
J-J30-KOR-2026-010,J30 Gimcheon,J30,2026-06-02,2026-06-07,800817711,Yeseo Lee,KOR,G,Girls,singles,qualifying,2,2,0,2,2nd Round,2,Q,still_alive_or_champion,0,0,2026-06-03T03:36:09.868Z
J-J30-KOR-2026-010,J30 Gimcheon,J30,2026-06-02,2026-06-07,800803368,Yoonjae Suh,KOR,B,Boys,singles,qualifying,1,0,1,1,1st Round,2,Q1,eliminated,0,0,2026-06-03T03:36:09.868Z
J-J30-KOR-2026-010,J30 Gimcheon,J30,2026-06-02,2026-06-07,800714678,YunHa Kim,KOR,G,Girls,singles,qualifying,2,2,0,2,2nd Round,2,Q,still_alive_or_champion,0,0,2026-06-03T03:36:09.868Z
J-J30-KOR-2026-010,J30 Gimcheon,J30,2026-06-02,2026-06-07,800777388,Yura Kang,KOR,G,Girls,singles,qualifying,2,1,1,2,2nd Round,2,Q2,eliminated,0,0,2026-06-03T03:36:09.868Z
J-J30-UGA-2026-002,J30 Kampala,J30,2026-06-01,2026-06-06,800807629,Aaliyah Chang,AUS,G,Girls,doubles,main_draw,0,0,0,2,Semi-finals,3,QF,not_started_or_unknown,9,2.25,2026-06-03T03:36:09.868Z
J-J30-UGA-2026-002,J30 Kampala,J30,2026-06-01,2026-06-06,800867700,Aaryan Sharma,IND,B,Boys,doubles,main_draw,1,1,0,2,Quarter-finals,4,QF,still_alive_or_champion,9,2.25,2026-06-03T03:36:09.868Z
J-J30-UGA-2026-002,J30 Kampala,J30,2026-06-01,2026-06-06,800817219,Armani Nalavade,IND,G,Girls,doubles,main_draw,0,0,0,1,Quarter-finals,3,QF,not_started_or_unknown,9,2.25,2026-06-03T03:36:09.868Z
J-J30-UGA-2026-002,J30 Kampala,J30,2026-06-01,2026-06-06,800814170,Ayee Lilian,UGA,G,Girls,doubles,main_draw,0,0,0,1,Quarter-finals,3,QF,not_started_or_unknown,9,2.25,2026-06-03T03:36:09.868Z
J-J30-UGA-2026-002,J30 Kampala,J30,2026-06-01,2026-06-06,800682315,BROOKLYN NYASHA JUMBE,ZIM,B,Boys,doubles,main_draw,0,0,0,2,Quarter-finals,4,R16,not_started_or_unknown,5,1.25,2026-06-03T03:36:09.868Z
J-J30-UGA-2026-002,J30 Kampala,J30,2026-06-01,2026-06-06,800714415,Cillian Asante Ndilima,IRL,B,Boys,doubles,main_draw,1,1,0,2,Quarter-finals,4,QF,still_alive_or_champion,9,2.25,2026-06-03T03:36:09.868Z
J-J30-UGA-2026-002,J30 Kampala,J30,2026-06-01,2026-06-06,800831897,Cosmas Munguriek,UGA,B,Boys,doubles,main_draw,0,0,0,2,Quarter-finals,4,R16,not_started_or_unknown,5,1.25,2026-06-03T03:36:09.868Z
J-J30-UGA-2026-002,J30 Kampala,J30,2026-06-01,2026-06-06,800821591,Courtney Claresha Asiimwe,UGA,G,Girls,doubles,main_draw,0,0,0,1,Quarter-finals,3,QF,not_started_or_unknown,9,2.25,2026-06-03T03:36:09.868Z
J-J30-UGA-2026-002,J30 Kampala,J30,2026-06-01,2026-06-06,800769058,Dhaanvi Dechamma Kanjithanda,IND,G,Girls,doubles,main_draw,0,0,0,1,Quarter-finals,3,QF,not_started_or_unknown,9,2.25,2026-06-03T03:36:09.868Z
J-J30-UGA-2026-002,J30 Kampala,J30,2026-06-01,2026-06-06,800794801,Felicia Ouko,KEN,G,Girls,doubles,main_draw,0,0,0,1,Quarter-finals,3,QF,not_started_or_unknown,9,2.25,2026-06-03T03:36:09.868Z
J-J30-UGA-2026-002,J30 Kampala,J30,2026-06-01,2026-06-06,800650050,Harry Cornhill,GBR,B,Boys,doubles,main_draw,0,0,0,2,Quarter-finals,4,R16,not_started_or_unknown,5,1.25,2026-06-03T03:36:09.868Z
J-J30-UGA-2026-002,J30 Kampala,J30,2026-06-01,2026-06-06,800749503,HILDER AFOYORWOTH,UGA,G,Girls,doubles,main_draw,0,0,0,1,Quarter-finals,3,QF,not_started_or_unknown,9,2.25,2026-06-03T03:36:09.868Z
J-J30-UGA-2026-002,J30 Kampala,J30,2026-06-01,2026-06-06,800692920,Hugo Jathiere,FRA,B,Boys,doubles,main_draw,0,0,0,2,Quarter-finals,4,R16,not_started_or_unknown,5,1.25,2026-06-03T03:36:09.868Z
J-J30-UGA-2026-002,J30 Kampala,J30,2026-06-01,2026-06-06,800747640,Jeff Okuku Hesbon,KEN,B,Boys,doubles,main_draw,0,0,0,2,Quarter-finals,4,R16,not_started_or_unknown,5,1.25,2026-06-03T03:36:09.868Z
J-J30-UGA-2026-002,J30 Kampala,J30,2026-06-01,2026-06-06,800741461,Jia Pandya,IND,G,Girls,doubles,main_draw,0,0,0,1,Quarter-finals,3,QF,not_started_or_unknown,9,2.25,2026-06-03T03:36:09.868Z
J-J30-UGA-2026-002,J30 Kampala,J30,2026-06-01,2026-06-06,800829243,Joackim Agenoga,UGA,B,Boys,doubles,main_draw,1,0,1,1,1st Round,4,R16,eliminated,5,1.25,2026-06-03T03:36:09.868Z
J-J30-UGA-2026-002,J30 Kampala,J30,2026-06-01,2026-06-06,800791519,Jonah Ssentongo,UGA,B,Boys,doubles,main_draw,0,0,0,2,Quarter-finals,4,R16,not_started_or_unknown,5,1.25,2026-06-03T03:36:09.868Z
J-J30-UGA-2026-002,J30 Kampala,J30,2026-06-01,2026-06-06,800624178,kyungone Kim,KOR,B,Boys,doubles,main_draw,0,0,0,2,Quarter-finals,4,R16,not_started_or_unknown,5,1.25,2026-06-03T03:36:09.868Z
J-J30-UGA-2026-002,J30 Kampala,J30,2026-06-01,2026-06-06,800855809,Lagara Emond,UGA,B,Boys,doubles,main_draw,1,0,1,1,1st Round,4,R16,eliminated,5,1.25,2026-06-03T03:36:09.868Z
J-J30-UGA-2026-002,J30 Kampala,J30,2026-06-01,2026-06-06,800675020,Luise Luczak,GER,G,Girls,doubles,main_draw,0,0,0,2,Semi-finals,3,QF,not_started_or_unknown,9,2.25,2026-06-03T03:36:09.868Z
J-J30-UGA-2026-002,J30 Kampala,J30,2026-06-01,2026-06-06,800808124,Miracle Nabulya,UGA,G,Girls,doubles,main_draw,0,0,0,1,Quarter-finals,3,QF,not_started_or_unknown,9,2.25,2026-06-03T03:36:09.868Z
J-J30-UGA-2026-002,J30 Kampala,J30,2026-06-01,2026-06-06,800821592,Peace Asio,UGA,G,Girls,doubles,main_draw,0,0,0,1,Quarter-finals,3,QF,not_started_or_unknown,9,2.25,2026-06-03T03:36:09.868Z
J-J30-UGA-2026-002,J30 Kampala,J30,2026-06-01,2026-06-06,800767441,Prabhsifat Singh,IND,B,Boys,doubles,main_draw,1,0,1,1,1st Round,4,R16,eliminated,5,1.25,2026-06-03T03:36:09.868Z
J-J30-UGA-2026-002,J30 Kampala,J30,2026-06-01,2026-06-06,800693111,Prakaash Sarran,IND,B,Boys,doubles,main_draw,0,0,0,2,Quarter-finals,4,R16,not_started_or_unknown,5,1.25,2026-06-03T03:36:09.868Z
J-J30-UGA-2026-002,J30 Kampala,J30,2026-06-01,2026-06-06,800814669,Pritika Rana,IND,G,Girls,doubles,main_draw,0,0,0,1,Quarter-finals,3,QF,not_started_or_unknown,9,2.25,2026-06-03T03:36:09.868Z
J-J30-UGA-2026-002,J30 Kampala,J30,2026-06-01,2026-06-06,800711350,Reita Yamanaka,JPN,B,Boys,doubles,main_draw,0,0,0,2,Quarter-finals,4,R16,not_started_or_unknown,5,1.25,2026-06-03T03:36:09.868Z
J-J30-UGA-2026-002,J30 Kampala,J30,2026-06-01,2026-06-06,800837439,Roshan Gede,ZIM,B,Boys,doubles,main_draw,0,0,0,2,Quarter-finals,4,R16,not_started_or_unknown,5,1.25,2026-06-03T03:36:09.868Z
J-J30-UGA-2026-002,J30 Kampala,J30,2026-06-01,2026-06-06,800831888,Samuel Okello,UGA,B,Boys,doubles,main_draw,1,1,0,2,Quarter-finals,4,QF,still_alive_or_champion,9,2.25,2026-06-03T03:36:09.868Z
J-J30-UGA-2026-002,J30 Kampala,J30,2026-06-01,2026-06-06,800869807,Shadrack Francis Onyunyu,UGA,B,Boys,doubles,main_draw,1,0,1,1,1st Round,4,R16,eliminated,5,1.25,2026-06-03T03:36:09.868Z
J-J30-UGA-2026-002,J30 Kampala,J30,2026-06-01,2026-06-06,800655494,STACY CHEPKEMEI YEGO,KEN,G,Girls,doubles,main_draw,0,0,0,1,Quarter-finals,3,QF,not_started_or_unknown,9,2.25,2026-06-03T03:36:09.868Z
J-J30-UGA-2026-002,J30 Kampala,J30,2026-06-01,2026-06-06,800843760,Thom Nenot,FRA,B,Boys,doubles,main_draw,0,0,0,2,Quarter-finals,4,R16,not_started_or_unknown,5,1.25,2026-06-03T03:36:09.868Z
J-J30-UGA-2026-002,J30 Kampala,J30,2026-06-01,2026-06-06,800773411,Veer Trikamjee,RSA,B,Boys,doubles,main_draw,0,0,0,2,Quarter-finals,4,R16,not_started_or_unknown,5,1.25,2026-06-03T03:36:09.868Z
J-J30-UGA-2026-002,J30 Kampala,J30,2026-06-01,2026-06-06,800855810,Wanjiru Hanisha Kabagonza Nakato,UGA,G,Girls,doubles,main_draw,0,0,0,1,Quarter-finals,3,QF,not_started_or_unknown,9,2.25,2026-06-03T03:36:09.868Z
J-J30-UGA-2026-002,J30 Kampala,J30,2026-06-01,2026-06-06,800825009,Yash Sharma,IND,B,Boys,doubles,main_draw,1,1,0,2,Quarter-finals,4,QF,still_alive_or_champion,9,2.25,2026-06-03T03:36:09.868Z
J-J30-UGA-2026-002,J30 Kampala,J30,2026-06-01,2026-06-06,800807629,Aaliyah Chang,AUS,G,Girls,singles,main_draw,1,1,0,2,Quarter-finals,4,QF,still_alive_or_champion,9,9,2026-06-03T03:36:09.868Z
J-J30-UGA-2026-002,J30 Kampala,J30,2026-06-01,2026-06-06,800867700,Aaryan Sharma,IND,B,Boys,singles,main_draw,1,0,1,2,2nd Round,5,R32,eliminated,2,2,2026-06-03T03:36:09.868Z
J-J30-UGA-2026-002,J30 Kampala,J30,2026-06-01,2026-06-06,800817219,Armani Nalavade,IND,G,Girls,singles,main_draw,1,1,0,2,Quarter-finals,4,QF,still_alive_or_champion,9,9,2026-06-03T03:36:09.868Z
J-J30-UGA-2026-002,J30 Kampala,J30,2026-06-01,2026-06-06,800814170,Ayee Lilian,UGA,G,Girls,singles,main_draw,1,1,0,2,Quarter-finals,4,QF,still_alive_or_champion,9,9,2026-06-03T03:36:09.868Z
J-J30-UGA-2026-002,J30 Kampala,J30,2026-06-01,2026-06-06,800682315,BROOKLYN NYASHA JUMBE,ZIM,B,Boys,singles,main_draw,2,1,1,2,2nd Round,5,R16,eliminated,5,5,2026-06-03T03:36:09.868Z
J-J30-UGA-2026-002,J30 Kampala,J30,2026-06-01,2026-06-06,800714415,Cillian Asante Ndilima,IRL,B,Boys,singles,main_draw,1,0,1,1,1st Round,5,R32,eliminated,2,2,2026-06-03T03:36:09.868Z
J-J30-UGA-2026-002,J30 Kampala,J30,2026-06-01,2026-06-06,800831897,Cosmas Munguriek,UGA,B,Boys,singles,main_draw,1,0,1,1,1st Round,5,R32,eliminated,2,2,2026-06-03T03:36:09.868Z
J-J30-UGA-2026-002,J30 Kampala,J30,2026-06-01,2026-06-06,800821591,Courtney Claresha Asiimwe,UGA,G,Girls,singles,main_draw,1,1,0,2,Quarter-finals,4,QF,still_alive_or_champion,9,9,2026-06-03T03:36:09.868Z
J-J30-UGA-2026-002,J30 Kampala,J30,2026-06-01,2026-06-06,800769058,Dhaanvi Dechamma Kanjithanda,IND,G,Girls,singles,main_draw,1,1,0,2,Quarter-finals,4,QF,still_alive_or_champion,9,9,2026-06-03T03:36:09.869Z
J-J30-UGA-2026-002,J30 Kampala,J30,2026-06-01,2026-06-06,800774996,Dohyun Park,KOR,B,Boys,singles,main_draw,0,0,0,1,1st Round,5,R32,not_started_or_unknown,2,2,2026-06-03T03:36:09.869Z
J-J30-UGA-2026-002,J30 Kampala,J30,2026-06-01,2026-06-06,800749500,ESEZA MUWANGUZI,UGA,G,Girls,singles,main_draw,1,0,1,1,1st Round,4,R16,eliminated,5,5,2026-06-03T03:36:09.869Z
J-J30-UGA-2026-002,J30 Kampala,J30,2026-06-01,2026-06-06,800794801,Felicia Ouko,KEN,G,Girls,singles,main_draw,1,0,1,1,1st Round,4,R16,eliminated,5,5,2026-06-03T03:36:09.869Z
J-J30-UGA-2026-002,J30 Kampala,J30,2026-06-01,2026-06-06,800650050,Harry Cornhill,GBR,B,Boys,singles,main_draw,1,1,0,3,Quarter-finals,5,R16,still_alive_or_champion,5,5,2026-06-03T03:36:09.869Z
J-J30-UGA-2026-002,J30 Kampala,J30,2026-06-01,2026-06-06,800868573,Heidi Kayesu Bagaya,UGA,G,Girls,singles,main_draw,1,0,1,1,1st Round,4,R16,eliminated,5,5,2026-06-03T03:36:09.869Z
J-J30-UGA-2026-002,J30 Kampala,J30,2026-06-01,2026-06-06,800749503,HILDER AFOYORWOTH,UGA,G,Girls,singles,main_draw,1,0,1,1,1st Round,4,R16,eliminated,5,5,2026-06-03T03:36:09.869Z
J-J30-UGA-2026-002,J30 Kampala,J30,2026-06-01,2026-06-06,800692920,Hugo Jathiere,FRA,B,Boys,singles,main_draw,1,1,0,3,Quarter-finals,5,R16,still_alive_or_champion,5,5,2026-06-03T03:36:09.869Z
J-J30-UGA-2026-002,J30 Kampala,J30,2026-06-01,2026-06-06,800747640,Jeff Okuku Hesbon,KEN,B,Boys,singles,main_draw,1,1,0,3,Quarter-finals,5,R16,still_alive_or_champion,5,5,2026-06-03T03:36:09.869Z
J-J30-UGA-2026-002,J30 Kampala,J30,2026-06-01,2026-06-06,800868568,Jerome Wakuma Nalyanya,UGA,B,Boys,singles,main_draw,0,0,0,1,1st Round,5,R32,not_started_or_unknown,2,2,2026-06-03T03:36:09.869Z
J-J30-UGA-2026-002,J30 Kampala,J30,2026-06-01,2026-06-06,800741461,Jia Pandya,IND,G,Girls,singles,main_draw,1,1,0,2,Quarter-finals,4,QF,still_alive_or_champion,9,9,2026-06-03T03:36:09.869Z
J-J30-UGA-2026-002,J30 Kampala,J30,2026-06-01,2026-06-06,800829243,Joackim Agenoga,UGA,B,Boys,singles,main_draw,1,0,1,2,2nd Round,5,R32,eliminated,2,2,2026-06-03T03:36:09.869Z
J-J30-UGA-2026-002,J30 Kampala,J30,2026-06-01,2026-06-06,800791519,Jonah Ssentongo,UGA,B,Boys,singles,main_draw,1,0,1,2,2nd Round,5,R32,eliminated,2,2,2026-06-03T03:36:09.869Z
J-J30-UGA-2026-002,J30 Kampala,J30,2026-06-01,2026-06-06,800624178,kyungone Kim,KOR,B,Boys,singles,main_draw,1,1,0,3,Quarter-finals,5,R16,still_alive_or_champion,5,5,2026-06-03T03:36:09.869Z
J-J30-UGA-2026-002,J30 Kampala,J30,2026-06-01,2026-06-06,800855809,Lagara Emond,UGA,B,Boys,singles,main_draw,1,0,1,1,1st Round,5,R32,eliminated,2,2,2026-06-03T03:36:09.869Z
J-J30-UGA-2026-002,J30 Kampala,J30,2026-06-01,2026-06-06,800675020,Luise Luczak,GER,G,Girls,singles,main_draw,1,1,0,2,Quarter-finals,4,QF,still_alive_or_champion,9,9,2026-06-03T03:36:09.869Z
J-J30-UGA-2026-002,J30 Kampala,J30,2026-06-01,2026-06-06,800808124,Miracle Nabulya,UGA,G,Girls,singles,main_draw,1,0,1,1,1st Round,4,R16,eliminated,5,5,2026-06-03T03:36:09.869Z
J-J30-UGA-2026-002,J30 Kampala,J30,2026-06-01,2026-06-06,800791521,Muzamil Sebbi,UGA,B,Boys,singles,main_draw,0,0,0,1,1st Round,5,R32,not_started_or_unknown,2,2,2026-06-03T03:36:09.869Z
J-J30-UGA-2026-002,J30 Kampala,J30,2026-06-01,2026-06-06,800648155,Osama El-Baz,EGY,B,Boys,singles,main_draw,0,0,0,1,1st Round,5,R32,not_started_or_unknown,2,2,2026-06-03T03:36:09.869Z
J-J30-UGA-2026-002,J30 Kampala,J30,2026-06-01,2026-06-06,800821592,Peace Asio,UGA,G,Girls,singles,main_draw,1,0,1,1,1st Round,4,R16,eliminated,5,5,2026-06-03T03:36:09.869Z
J-J30-UGA-2026-002,J30 Kampala,J30,2026-06-01,2026-06-06,800767441,Prabhsifat Singh,IND,B,Boys,singles,main_draw,2,1,1,2,2nd Round,5,R16,eliminated,5,5,2026-06-03T03:36:09.869Z
J-J30-UGA-2026-002,J30 Kampala,J30,2026-06-01,2026-06-06,800693111,Prakaash Sarran,IND,B,Boys,singles,main_draw,1,1,0,3,Quarter-finals,5,R16,still_alive_or_champion,5,5,2026-06-03T03:36:09.869Z
J-J30-UGA-2026-002,J30 Kampala,J30,2026-06-01,2026-06-06,800814669,Pritika Rana,IND,G,Girls,singles,main_draw,1,0,1,1,1st Round,4,R16,eliminated,5,5,2026-06-03T03:36:09.869Z
J-J30-UGA-2026-002,J30 Kampala,J30,2026-06-01,2026-06-06,800711350,Reita Yamanaka,JPN,B,Boys,singles,main_draw,1,1,0,3,Quarter-finals,5,R16,still_alive_or_champion,5,5,2026-06-03T03:36:09.869Z
J-J30-UGA-2026-002,J30 Kampala,J30,2026-06-01,2026-06-06,800837439,Roshan Gede,ZIM,B,Boys,singles,main_draw,2,1,1,2,2nd Round,5,R16,eliminated,5,5,2026-06-03T03:36:09.869Z
J-J30-UGA-2026-002,J30 Kampala,J30,2026-06-01,2026-06-06,800831888,Samuel Okello,UGA,B,Boys,singles,main_draw,1,1,0,3,Quarter-finals,5,R16,still_alive_or_champion,5,5,2026-06-03T03:36:09.869Z
J-J30-UGA-2026-002,J30 Kampala,J30,2026-06-01,2026-06-06,800869807,Shadrack Francis Onyunyu,UGA,B,Boys,singles,main_draw,1,0,1,1,1st Round,5,R32,eliminated,2,2,2026-06-03T03:36:09.869Z
J-J30-UGA-2026-002,J30 Kampala,J30,2026-06-01,2026-06-06,800655494,STACY CHEPKEMEI YEGO,KEN,G,Girls,singles,main_draw,1,1,0,2,Quarter-finals,4,QF,still_alive_or_champion,9,9,2026-06-03T03:36:09.869Z
J-J30-UGA-2026-002,J30 Kampala,J30,2026-06-01,2026-06-06,800843760,Thom Nenot,FRA,B,Boys,singles,main_draw,1,0,1,2,2nd Round,5,R32,eliminated,2,2,2026-06-03T03:36:09.869Z
J-J30-UGA-2026-002,J30 Kampala,J30,2026-06-01,2026-06-06,800773411,Veer Trikamjee,RSA,B,Boys,singles,main_draw,1,0,1,2,2nd Round,5,R32,eliminated,2,2,2026-06-03T03:36:09.869Z
J-J30-UGA-2026-002,J30 Kampala,J30,2026-06-01,2026-06-06,800855810,Wanjiru Hanisha Kabagonza Nakato,UGA,G,Girls,singles,main_draw,1,0,1,1,1st Round,4,R16,eliminated,5,5,2026-06-03T03:36:09.869Z
J-J30-UGA-2026-002,J30 Kampala,J30,2026-06-01,2026-06-06,800825009,Yash Sharma,IND,B,Boys,singles,main_draw,2,2,0,3,Quarter-finals,5,QF,still_alive_or_champion,9,9,2026-06-03T03:36:09.869Z
J-J30-CZE-2026-003,J30 Marianske Lazne,J30,2026-06-01,2026-06-06,800657065,Adam Kotrba,CZE,B,Boys,singles,qualifying,1,0,1,1,1st Round,2,Q1,eliminated,0,0,2026-06-03T03:36:09.869Z
J-J30-CZE-2026-003,J30 Marianske Lazne,J30,2026-06-01,2026-06-06,800823419,Amalie Ciencialova,CZE,G,Girls,singles,qualifying,1,0,1,1,1st Round,2,Q1,eliminated,0,0,2026-06-03T03:36:09.869Z
J-J30-CZE-2026-003,J30 Marianske Lazne,J30,2026-06-01,2026-06-06,800855062,Anjou Adamowsky,GER,G,Girls,singles,qualifying,1,0,1,1,1st Round,2,Q1,eliminated,0,0,2026-06-03T03:36:09.869Z
J-J30-CZE-2026-003,J30 Marianske Lazne,J30,2026-06-01,2026-06-06,800724206,Anna FOURCROY,FRA,G,Girls,singles,qualifying,1,0,1,2,2nd Round,2,Q1,eliminated,0,0,2026-06-03T03:36:09.869Z
J-J30-CZE-2026-003,J30 Marianske Lazne,J30,2026-06-01,2026-06-06,800700565,Aydin Hope,AUS,B,Boys,singles,qualifying,1,0,1,1,1st Round,2,Q1,eliminated,0,0,2026-06-03T03:36:09.869Z
J-J30-CZE-2026-003,J30 Marianske Lazne,J30,2026-06-01,2026-06-06,800746656,Barbora Klusackova,CZE,G,Girls,singles,qualifying,2,2,0,2,2nd Round,2,Q,still_alive_or_champion,0,0,2026-06-03T03:36:09.869Z
J-J30-CZE-2026-003,J30 Marianske Lazne,J30,2026-06-01,2026-06-06,800671747,Benjamin Schmidt,GER,B,Boys,singles,qualifying,2,2,0,2,2nd Round,2,Q,still_alive_or_champion,0,0,2026-06-03T03:36:09.869Z
J-J30-CZE-2026-003,J30 Marianske Lazne,J30,2026-06-01,2026-06-06,800656217,Bruno Ambroz,CZE,B,Boys,singles,qualifying,2,1,1,2,2nd Round,2,Q2,eliminated,0,0,2026-06-03T03:36:09.869Z
J-J30-CZE-2026-003,J30 Marianske Lazne,J30,2026-06-01,2026-06-06,800787996,Choni Patrizia Sekot,GER,G,Girls,singles,qualifying,1,0,1,2,2nd Round,2,Q1,eliminated,0,0,2026-06-03T03:36:09.869Z
J-J30-CZE-2026-003,J30 Marianske Lazne,J30,2026-06-01,2026-06-06,800867957,Diana Dukov,CZE,G,Girls,singles,qualifying,1,0,1,1,1st Round,2,Q1,eliminated,0,0,2026-06-03T03:36:09.869Z
J-J30-CZE-2026-003,J30 Marianske Lazne,J30,2026-06-01,2026-06-06,800670874,Dominik Hradilek,SVK,B,Boys,singles,qualifying,2,2,0,2,2nd Round,2,Q,still_alive_or_champion,0,0,2026-06-03T03:36:09.869Z
J-J30-CZE-2026-003,J30 Marianske Lazne,J30,2026-06-01,2026-06-06,800746186,Eliska Kucerova,CZE,G,Girls,singles,qualifying,1,1,0,2,2nd Round,2,Q,still_alive_or_champion,0,0,2026-06-03T03:36:09.869Z
J-J30-CZE-2026-003,J30 Marianske Lazne,J30,2026-06-01,2026-06-06,800784843,Eliska Sejvalova,CZE,G,Girls,singles,qualifying,0,0,0,2,2nd Round,2,Q1,not_started_or_unknown,0,0,2026-06-03T03:36:09.869Z
J-J30-CZE-2026-003,J30 Marianske Lazne,J30,2026-06-01,2026-06-06,800727101,Emma Stauder,AUT,G,Girls,singles,qualifying,2,1,1,2,2nd Round,2,Q2,eliminated,0,0,2026-06-03T03:36:09.869Z
J-J30-CZE-2026-003,J30 Marianske Lazne,J30,2026-06-01,2026-06-06,800733995,Eugene Towcziga,POL,B,Boys,singles,qualifying,2,1,1,2,2nd Round,2,Q2,eliminated,0,0,2026-06-03T03:36:09.869Z
J-J30-CZE-2026-003,J30 Marianske Lazne,J30,2026-06-01,2026-06-06,800861002,Eva Kacenova,CZE,G,Girls,singles,qualifying,1,1,0,2,2nd Round,2,Q,still_alive_or_champion,0,0,2026-06-03T03:36:09.869Z
J-J30-CZE-2026-003,J30 Marianske Lazne,J30,2026-06-01,2026-06-06,800757833,Fabian Wassermann,GER,B,Boys,singles,qualifying,1,0,1,2,2nd Round,2,Q1,eliminated,0,0,2026-06-03T03:36:09.869Z
J-J30-CZE-2026-003,J30 Marianske Lazne,J30,2026-06-01,2026-06-06,800733065,Franciszek Niezwiesny,POL,B,Boys,singles,qualifying,2,2,0,2,2nd Round,2,Q,still_alive_or_champion,0,0,2026-06-03T03:36:09.869Z
J-J30-CZE-2026-003,J30 Marianske Lazne,J30,2026-06-01,2026-06-06,800699528,Gabriel Michna,CZE,B,Boys,singles,qualifying,1,0,1,1,1st Round,2,Q1,eliminated,0,0,2026-06-03T03:36:09.869Z
J-J30-CZE-2026-003,J30 Marianske Lazne,J30,2026-06-01,2026-06-06,800720598,Iosef Ureche,GER,B,Boys,singles,qualifying,2,1,1,2,2nd Round,2,Q2,eliminated,0,0,2026-06-03T03:36:09.869Z
J-J30-CZE-2026-003,J30 Marianske Lazne,J30,2026-06-01,2026-06-06,800708588,Jakub Hrncir,CZE,B,Boys,singles,qualifying,1,0,1,1,1st Round,2,Q1,eliminated,0,0,2026-06-03T03:36:09.869Z
J-J30-CZE-2026-003,J30 Marianske Lazne,J30,2026-06-01,2026-06-06,800781793,Jakub Merta,CZE,B,Boys,singles,qualifying,2,2,0,2,2nd Round,2,Q,still_alive_or_champion,0,0,2026-06-03T03:36:09.869Z
J-J30-CZE-2026-003,J30 Marianske Lazne,J30,2026-06-01,2026-06-06,800755392,Jiri Soukup,CZE,B,Boys,singles,qualifying,1,0,1,1,1st Round,2,Q1,eliminated,0,0,2026-06-03T03:36:09.869Z
J-J30-CZE-2026-003,J30 Marianske Lazne,J30,2026-06-01,2026-06-06,800679311,Julia Steinbauer,CZE,G,Girls,singles,qualifying,1,0,1,2,2nd Round,2,Q1,eliminated,0,0,2026-06-03T03:36:09.869Z
J-J30-CZE-2026-003,J30 Marianske Lazne,J30,2026-06-01,2026-06-06,800752210,Karel Blaha,CZE,B,Boys,singles,qualifying,1,0,1,1,1st Round,2,Q1,eliminated,0,0,2026-06-03T03:36:09.869Z
J-J30-CZE-2026-003,J30 Marianske Lazne,J30,2026-06-01,2026-06-06,800679784,Kirill Jacenko,CZE,B,Boys,singles,qualifying,1,0,1,1,1st Round,2,Q1,eliminated,0,0,2026-06-03T03:36:09.869Z
J-J30-CZE-2026-003,J30 Marianske Lazne,J30,2026-06-01,2026-06-06,800674475,Kristian Simek,CZE,B,Boys,singles,qualifying,1,0,1,1,1st Round,2,Q1,eliminated,0,0,2026-06-03T03:36:09.869Z
J-J30-CZE-2026-003,J30 Marianske Lazne,J30,2026-06-01,2026-06-06,800661156,Kristyna Cepkova,CZE,G,Girls,singles,qualifying,1,0,1,2,2nd Round,2,Q1,eliminated,0,0,2026-06-03T03:36:09.869Z
J-J30-CZE-2026-003,J30 Marianske Lazne,J30,2026-06-01,2026-06-06,800715396,Krystof Stepanek,CZE,B,Boys,singles,qualifying,0,0,0,1,1st Round,2,Q1,not_started_or_unknown,0,0,2026-06-03T03:36:09.869Z
J-J30-CZE-2026-003,J30 Marianske Lazne,J30,2026-06-01,2026-06-06,800706076,Lea Riemann,GER,G,Girls,singles,qualifying,1,0,1,1,1st Round,2,Q1,eliminated,0,0,2026-06-03T03:36:09.869Z
J-J30-CZE-2026-003,J30 Marianske Lazne,J30,2026-06-01,2026-06-06,800712062,Lisa Michna,CZE,G,Girls,singles,qualifying,2,1,1,2,2nd Round,2,Q2,eliminated,0,0,2026-06-03T03:36:09.869Z
J-J30-CZE-2026-003,J30 Marianske Lazne,J30,2026-06-01,2026-06-06,800662035,Lorenzo Rauner,GER,B,Boys,singles,qualifying,1,0,1,1,1st Round,2,Q1,eliminated,0,0,2026-06-03T03:36:09.869Z
J-J30-CZE-2026-003,J30 Marianske Lazne,J30,2026-06-01,2026-06-06,800664203,Luis Feisst,GER,B,Boys,singles,qualifying,2,1,1,2,2nd Round,2,Q2,eliminated,0,0,2026-06-03T03:36:09.869Z
J-J30-CZE-2026-003,J30 Marianske Lazne,J30,2026-06-01,2026-06-06,800718800,Lukas Hron,CZE,B,Boys,singles,qualifying,1,0,1,1,1st Round,2,Q1,eliminated,0,0,2026-06-03T03:36:09.869Z
J-J30-CZE-2026-003,J30 Marianske Lazne,J30,2026-06-01,2026-06-06,800727647,Marek Vokroj,CZE,B,Boys,singles,qualifying,1,0,1,1,1st Round,2,Q1,eliminated,0,0,2026-06-03T03:36:09.869Z
J-J30-CZE-2026-003,J30 Marianske Lazne,J30,2026-06-01,2026-06-06,800798272,Maria Bianca Bovara,ITA,G,Girls,singles,qualifying,2,2,0,2,2nd Round,2,Q,still_alive_or_champion,0,0,2026-06-03T03:36:09.869Z
J-J30-CZE-2026-003,J30 Marianske Lazne,J30,2026-06-01,2026-06-06,800673092,Marie Sykorova,CZE,G,Girls,singles,qualifying,1,0,1,1,1st Round,2,Q1,eliminated,0,0,2026-06-03T03:36:09.869Z
J-J30-CZE-2026-003,J30 Marianske Lazne,J30,2026-06-01,2026-06-06,800667699,Maximilian Wieser,AUT,B,Boys,singles,qualifying,2,2,0,2,2nd Round,2,Q,still_alive_or_champion,0,0,2026-06-03T03:36:09.869Z
J-J30-CZE-2026-003,J30 Marianske Lazne,J30,2026-06-01,2026-06-06,800774521,Mikail Modali,GER,B,Boys,singles,qualifying,2,2,0,2,2nd Round,2,Q,still_alive_or_champion,0,0,2026-06-03T03:36:09.869Z
J-J30-CZE-2026-003,J30 Marianske Lazne,J30,2026-06-01,2026-06-06,800788274,Nicoletta Miketova,CZE,G,Girls,singles,qualifying,1,0,1,2,2nd Round,2,Q1,eliminated,0,0,2026-06-03T03:36:09.869Z
J-J30-CZE-2026-003,J30 Marianske Lazne,J30,2026-06-01,2026-06-06,800744991,Nikol Suchankova,CZE,G,Girls,singles,qualifying,2,2,0,2,2nd Round,2,Q,still_alive_or_champion,0,0,2026-06-03T03:36:09.869Z
J-J30-CZE-2026-003,J30 Marianske Lazne,J30,2026-06-01,2026-06-06,800829965,Philipp Horst,GER,B,Boys,singles,qualifying,2,1,1,2,2nd Round,2,Q2,eliminated,0,0,2026-06-03T03:36:09.869Z
J-J30-CZE-2026-003,J30 Marianske Lazne,J30,2026-06-01,2026-06-06,800638581,Pietro Sala,SUI,B,Boys,singles,qualifying,2,1,1,2,2nd Round,2,Q2,eliminated,0,0,2026-06-03T03:36:09.869Z
J-J30-CZE-2026-003,J30 Marianske Lazne,J30,2026-06-01,2026-06-06,800598606,Rahman Mohamed,CZE,B,Boys,singles,qualifying,1,0,1,1,1st Round,2,Q1,eliminated,0,0,2026-06-03T03:36:09.869Z
J-J30-CZE-2026-003,J30 Marianske Lazne,J30,2026-06-01,2026-06-06,800694445,Richard Hiemann,GER,B,Boys,singles,qualifying,2,2,0,2,2nd Round,2,Q,still_alive_or_champion,0,0,2026-06-03T03:36:09.869Z
J-J30-CZE-2026-003,J30 Marianske Lazne,J30,2026-06-01,2026-06-06,800746749,Serena Pellandra,SMR,G,Girls,singles,qualifying,2,2,0,2,2nd Round,2,Q,still_alive_or_champion,0,0,2026-06-03T03:36:09.869Z
J-J30-CZE-2026-003,J30 Marianske Lazne,J30,2026-06-01,2026-06-06,800683842,Sofia Mihalovicova,SVK,G,Girls,singles,qualifying,0,0,0,1,1st Round,2,Q1,not_started_or_unknown,0,0,2026-06-03T03:36:09.869Z
J-J30-CZE-2026-003,J30 Marianske Lazne,J30,2026-06-01,2026-06-06,800692531,Sofie Radova,CZE,G,Girls,singles,qualifying,1,1,0,2,2nd Round,2,Q,still_alive_or_champion,0,0,2026-06-03T03:36:09.869Z
J-J30-CZE-2026-003,J30 Marianske Lazne,J30,2026-06-01,2026-06-06,800678339,Tereza Latislavova,CZE,G,Girls,singles,qualifying,1,0,1,1,1st Round,2,Q1,eliminated,0,0,2026-06-03T03:36:09.869Z
J-J30-CZE-2026-003,J30 Marianske Lazne,J30,2026-06-01,2026-06-06,800823907,Tereza Mojs,USA,G,Girls,singles,qualifying,1,0,1,1,1st Round,2,Q1,eliminated,0,0,2026-06-03T03:36:09.869Z
J-J30-CZE-2026-003,J30 Marianske Lazne,J30,2026-06-01,2026-06-06,800673321,Tomas Fencl,CZE,B,Boys,singles,qualifying,1,0,1,1,1st Round,2,Q1,eliminated,0,0,2026-06-03T03:36:09.869Z
J-J30-CZE-2026-003,J30 Marianske Lazne,J30,2026-06-01,2026-06-06,800676942,Tomas Wirgler,CZE,B,Boys,singles,qualifying,2,2,0,2,2nd Round,2,Q,still_alive_or_champion,0,0,2026-06-03T03:36:09.869Z
J-J30-CZE-2026-003,J30 Marianske Lazne,J30,2026-06-01,2026-06-06,800707008,Vasek Vrana,CZE,B,Boys,singles,qualifying,1,0,1,1,1st Round,2,Q1,eliminated,0,0,2026-06-03T03:36:09.869Z
J-J30-CZE-2026-003,J30 Marianske Lazne,J30,2026-06-01,2026-06-06,800672203,Viktorie Krejcikova,CZE,G,Girls,singles,qualifying,1,1,0,2,2nd Round,2,Q,still_alive_or_champion,0,0,2026-06-03T03:36:09.869Z
J-J30-CZE-2026-003,J30 Marianske Lazne,J30,2026-06-01,2026-06-06,800664233,Vojta Jaros,CZE,B,Boys,singles,qualifying,1,0,1,1,1st Round,2,Q1,eliminated,0,0,2026-06-03T03:36:09.869Z
J-J30-CZE-2026-003,J30 Marianske Lazne,J30,2026-06-01,2026-06-06,800603720,Yehor Zaporozhchenko,UKR,B,Boys,singles,qualifying,2,1,1,2,2nd Round,2,Q2,eliminated,0,0,2026-06-03T03:36:09.869Z
J-J30-CYP-2026-004,J30 Nicosia,J30,2026-06-01,2026-06-07,800775049,Al-Mansour Al-Tarzi,CAN,B,Boys,doubles,main_draw,0,0,0,1,1st Round,4,R16,not_started_or_unknown,5,1.25,2026-06-03T03:36:09.869Z
J-J30-CYP-2026-004,J30 Nicosia,J30,2026-06-01,2026-06-07,800590191,Alecos Timini,CYP,B,Boys,doubles,main_draw,0,0,0,1,1st Round,4,R16,not_started_or_unknown,5,1.25,2026-06-03T03:36:09.869Z
J-J30-CYP-2026-004,J30 Nicosia,J30,2026-06-01,2026-06-07,800664548,Alexander Sokol,CYP,B,Boys,doubles,main_draw,1,0,1,1,1st Round,4,R16,eliminated,5,1.25,2026-06-03T03:36:09.869Z
J-J30-CYP-2026-004,J30 Nicosia,J30,2026-06-01,2026-06-07,800848634,Anastasiia Klymentieva,UKR,G,Girls,doubles,main_draw,0,0,0,1,1st Round,4,R16,not_started_or_unknown,5,1.25,2026-06-03T03:36:09.869Z
J-J30-CYP-2026-004,J30 Nicosia,J30,2026-06-01,2026-06-07,800595070,Andreanos Kyriakides,CYP,B,Boys,doubles,main_draw,1,0,1,1,1st Round,4,R16,eliminated,5,1.25,2026-06-03T03:36:09.869Z
J-J30-CYP-2026-004,J30 Nicosia,J30,2026-06-01,2026-06-07,800646255,Andreas Photiades,CYP,B,Boys,doubles,main_draw,1,1,0,2,Quarter-finals,4,QF,still_alive_or_champion,9,2.25,2026-06-03T03:36:09.869Z
J-J30-CYP-2026-004,J30 Nicosia,J30,2026-06-01,2026-06-07,800643778,Andrei Radu,ROU,B,Boys,doubles,main_draw,0,0,0,1,1st Round,4,R16,not_started_or_unknown,5,1.25,2026-06-03T03:36:09.869Z
J-J30-CYP-2026-004,J30 Nicosia,J30,2026-06-01,2026-06-07,800766023,Andy Wang,USA,B,Boys,doubles,main_draw,1,0,1,1,1st Round,4,R16,eliminated,5,1.25,2026-06-03T03:36:09.869Z
J-J30-CYP-2026-004,J30 Nicosia,J30,2026-06-01,2026-06-07,800581488,Antonis Malavazos,GRE,B,Boys,doubles,main_draw,0,0,0,1,1st Round,4,R16,not_started_or_unknown,5,1.25,2026-06-03T03:36:09.869Z
J-J30-CYP-2026-004,J30 Nicosia,J30,2026-06-01,2026-06-07,800659406,bekir devran esendagli,TUR,B,Boys,doubles,main_draw,1,1,0,2,Quarter-finals,4,QF,still_alive_or_champion,9,2.25,2026-06-03T03:36:09.869Z
J-J30-CYP-2026-004,J30 Nicosia,J30,2026-06-01,2026-06-07,800740292,Christina Frantzis,USA,G,Girls,doubles,main_draw,0,0,0,1,1st Round,4,R16,not_started_or_unknown,5,1.25,2026-06-03T03:36:09.869Z
J-J30-CYP-2026-004,J30 Nicosia,J30,2026-06-01,2026-06-07,800688263,Chrysa Maira Titopoulos,CYP,G,Girls,doubles,main_draw,1,1,0,2,Quarter-finals,4,QF,still_alive_or_champion,9,2.25,2026-06-03T03:36:09.869Z
J-J30-CYP-2026-004,J30 Nicosia,J30,2026-06-01,2026-06-07,800664784,Danae Dimitsani,GRE,G,Girls,doubles,main_draw,0,0,0,2,Quarter-finals,4,R16,not_started_or_unknown,5,1.25,2026-06-03T03:36:09.869Z
J-J30-CYP-2026-004,J30 Nicosia,J30,2026-06-01,2026-06-07,800583656,Dominika Petrikova,SVK,G,Girls,doubles,main_draw,1,1,0,2,Quarter-finals,4,QF,still_alive_or_champion,9,2.25,2026-06-03T03:36:09.869Z
J-J30-CYP-2026-004,J30 Nicosia,J30,2026-06-01,2026-06-07,800599916,Elli Nikoletta Gerontikou,GRE,G,Girls,doubles,main_draw,0,0,0,2,Quarter-finals,4,R16,not_started_or_unknown,5,1.25,2026-06-03T03:36:09.869Z
J-J30-CYP-2026-004,J30 Nicosia,J30,2026-06-01,2026-06-07,800775550,Erikas Maskolaitis,LTU,B,Boys,doubles,main_draw,0,0,0,1,1st Round,4,R16,not_started_or_unknown,5,1.25,2026-06-03T03:36:09.869Z
J-J30-CYP-2026-004,J30 Nicosia,J30,2026-06-01,2026-06-07,800659857,George Glavas,GRE,B,Boys,doubles,main_draw,0,0,0,1,1st Round,4,R16,not_started_or_unknown,5,1.25,2026-06-03T03:36:09.869Z
J-J30-CYP-2026-004,J30 Nicosia,J30,2026-06-01,2026-06-07,800664611,George Hadjihannas,CYP,B,Boys,doubles,main_draw,1,0,1,1,1st Round,4,R16,eliminated,5,1.25,2026-06-03T03:36:09.869Z
J-J30-CYP-2026-004,J30 Nicosia,J30,2026-06-01,2026-06-07,800663203,Giulia Fiorenza,ITA,G,Girls,doubles,main_draw,0,0,0,2,Quarter-finals,4,R16,not_started_or_unknown,5,1.25,2026-06-03T03:36:09.869Z
J-J30-CYP-2026-004,J30 Nicosia,J30,2026-06-01,2026-06-07,800671290,Gustavs Gutans,LAT,B,Boys,doubles,main_draw,0,0,0,1,1st Round,4,R16,not_started_or_unknown,5,1.25,2026-06-03T03:36:09.869Z
J-J30-CYP-2026-004,J30 Nicosia,J30,2026-06-01,2026-06-07,800750616,Haolin WANG,CHN,G,Girls,doubles,main_draw,0,0,0,1,1st Round,4,R16,not_started_or_unknown,5,1.25,2026-06-03T03:36:09.869Z
J-J30-CYP-2026-004,J30 Nicosia,J30,2026-06-01,2026-06-07,800594733,Ioanna Kyriakidou,CYP,G,Girls,doubles,main_draw,0,0,0,1,1st Round,4,R16,not_started_or_unknown,5,1.25,2026-06-03T03:36:09.869Z
J-J30-CYP-2026-004,J30 Nicosia,J30,2026-06-01,2026-06-07,800665348,IOANNIS PSINDRIDES,CYP,B,Boys,doubles,main_draw,1,0,1,1,1st Round,4,R16,eliminated,5,1.25,2026-06-03T03:36:09.869Z
J-J30-CYP-2026-004,J30 Nicosia,J30,2026-06-01,2026-06-07,800645493,ISABELLA RELTON,GBR,G,Girls,doubles,main_draw,0,0,0,2,Quarter-finals,4,R16,not_started_or_unknown,5,1.25,2026-06-03T03:36:09.869Z
J-J30-CYP-2026-004,J30 Nicosia,J30,2026-06-01,2026-06-07,800636873,Itamar Ronen,ISR,B,Boys,doubles,main_draw,1,1,0,2,Quarter-finals,4,QF,still_alive_or_champion,9,2.25,2026-06-03T03:36:09.869Z
J-J30-CYP-2026-004,J30 Nicosia,J30,2026-06-01,2026-06-07,800601592,Ivan Stepanov,SUI,B,Boys,doubles,main_draw,0,0,0,1,1st Round,4,R16,not_started_or_unknown,5,1.25,2026-06-03T03:36:09.869Z
J-J30-CYP-2026-004,J30 Nicosia,J30,2026-06-01,2026-06-07,800650828,Kyriacos Pyrishis,CYP,B,Boys,doubles,main_draw,0,0,0,1,1st Round,4,R16,not_started_or_unknown,5,1.25,2026-06-03T03:36:09.869Z
J-J30-CYP-2026-004,J30 Nicosia,J30,2026-06-01,2026-06-07,800780327,Lars Meyer,SUI,B,Boys,doubles,main_draw,1,1,0,2,Quarter-finals,4,QF,still_alive_or_champion,9,2.25,2026-06-03T03:36:09.869Z
J-J30-CYP-2026-004,J30 Nicosia,J30,2026-06-01,2026-06-07,800620949,Lazar Mladenovic,SUI,B,Boys,doubles,main_draw,1,0,1,1,1st Round,4,R16,eliminated,5,1.25,2026-06-03T03:36:09.869Z
J-J30-CYP-2026-004,J30 Nicosia,J30,2026-06-01,2026-06-07,800675513,Lilly Frawley,IRL,G,Girls,doubles,main_draw,1,0,1,1,1st Round,4,R16,eliminated,5,1.25,2026-06-03T03:36:09.869Z
J-J30-CYP-2026-004,J30 Nicosia,J30,2026-06-01,2026-06-07,800640178,Lucas Nolte,GBR,B,Boys,doubles,main_draw,1,1,0,2,Quarter-finals,4,QF,still_alive_or_champion,9,2.25,2026-06-03T03:36:09.869Z
J-J30-CYP-2026-004,J30 Nicosia,J30,2026-06-01,2026-06-07,800640469,Marcos Iacovides,CYP,B,Boys,doubles,main_draw,0,0,0,1,1st Round,4,R16,not_started_or_unknown,5,1.25,2026-06-03T03:36:09.869Z
J-J30-CYP-2026-004,J30 Nicosia,J30,2026-06-01,2026-06-07,800695042,Margarita Khusanova,UZB,G,Girls,doubles,main_draw,0,0,0,1,1st Round,4,R16,not_started_or_unknown,5,1.25,2026-06-03T03:36:09.869Z
J-J30-CYP-2026-004,J30 Nicosia,J30,2026-06-01,2026-06-07,800830940,Maria Kur,POL,G,Girls,doubles,main_draw,0,0,0,1,1st Round,4,R16,not_started_or_unknown,5,1.25,2026-06-03T03:36:09.869Z
J-J30-CYP-2026-004,J30 Nicosia,J30,2026-06-01,2026-06-07,800709662,Mariia Kuznetsova,UKR,G,Girls,doubles,main_draw,0,0,0,1,1st Round,4,R16,not_started_or_unknown,5,1.25,2026-06-03T03:36:09.869Z
J-J30-CYP-2026-004,J30 Nicosia,J30,2026-06-01,2026-06-07,800656559,Marko Kovtunovskyi,UKR,B,Boys,doubles,main_draw,1,1,0,2,Quarter-finals,4,QF,still_alive_or_champion,9,2.25,2026-06-03T03:36:09.869Z
J-J30-CYP-2026-004,J30 Nicosia,J30,2026-06-01,2026-06-07,800748223,Matei Crisan,ROU,B,Boys,doubles,main_draw,1,0,1,1,1st Round,4,R16,eliminated,5,1.25,2026-06-03T03:36:09.869Z
J-J30-CYP-2026-004,J30 Nicosia,J30,2026-06-01,2026-06-07,800747047,Mika Halperin,ISR,G,Girls,doubles,main_draw,1,0,1,1,1st Round,4,R16,eliminated,5,1.25,2026-06-03T03:36:09.869Z
J-J30-CYP-2026-004,J30 Nicosia,J30,2026-06-01,2026-06-07,800712202,Nicolas Panoussopoulos,SUI,B,Boys,doubles,main_draw,1,1,0,2,Quarter-finals,4,QF,still_alive_or_champion,9,2.25,2026-06-03T03:36:09.869Z
J-J30-CYP-2026-004,J30 Nicosia,J30,2026-06-01,2026-06-07,800834198,Nikolaos Kontzias,GRE,B,Boys,doubles,main_draw,0,0,0,1,1st Round,4,R16,not_started_or_unknown,5,1.25,2026-06-03T03:36:09.869Z
J-J30-CYP-2026-004,J30 Nicosia,J30,2026-06-01,2026-06-07,800650846,Noah Alexandros Ioannides,CYP,B,Boys,doubles,main_draw,0,0,0,1,1st Round,4,R16,not_started_or_unknown,5,1.25,2026-06-03T03:36:09.869Z
J-J30-CYP-2026-004,J30 Nicosia,J30,2026-06-01,2026-06-07,800661710,Noel Kim Bachmann,SUI,B,Boys,doubles,main_draw,0,0,0,1,1st Round,4,R16,not_started_or_unknown,5,1.25,2026-06-03T03:36:09.869Z
J-J30-CYP-2026-004,J30 Nicosia,J30,2026-06-01,2026-06-07,800709007,Noya Rojansky,ISR,G,Girls,doubles,main_draw,1,0,1,1,1st Round,4,R16,eliminated,5,1.25,2026-06-03T03:36:09.869Z
J-J30-CYP-2026-004,J30 Nicosia,J30,2026-06-01,2026-06-07,800692423,Raoul Bazerghi,EGY,B,Boys,doubles,main_draw,0,0,0,1,1st Round,4,R16,not_started_or_unknown,5,1.25,2026-06-03T03:36:09.869Z
J-J30-CYP-2026-004,J30 Nicosia,J30,2026-06-01,2026-06-07,800651948,Sandra Ciobica,ROU,G,Girls,doubles,main_draw,0,0,0,2,Quarter-finals,4,R16,not_started_or_unknown,5,1.25,2026-06-03T03:36:09.869Z
J-J30-CYP-2026-004,J30 Nicosia,J30,2026-06-01,2026-06-07,800700582,Sofia Agathokleous,CYP,G,Girls,doubles,main_draw,1,1,0,2,Quarter-finals,4,QF,still_alive_or_champion,9,2.25,2026-06-03T03:36:09.869Z
J-J30-CYP-2026-004,J30 Nicosia,J30,2026-06-01,2026-06-07,800661870,Sophia Santos,CRO,G,Girls,doubles,main_draw,0,0,0,1,1st Round,4,R16,not_started_or_unknown,5,1.25,2026-06-03T03:36:09.870Z
J-J30-CYP-2026-004,J30 Nicosia,J30,2026-06-01,2026-06-07,800718249,Stamatia Tsoutsi,GRE,G,Girls,doubles,main_draw,1,0,1,1,1st Round,4,R16,eliminated,5,1.25,2026-06-03T03:36:09.870Z
J-J30-CYP-2026-004,J30 Nicosia,J30,2026-06-01,2026-06-07,800657242,Teodora Sfirnaciuc,ROU,G,Girls,doubles,main_draw,0,0,0,2,Quarter-finals,4,R16,not_started_or_unknown,5,1.25,2026-06-03T03:36:09.870Z
J-J30-CYP-2026-004,J30 Nicosia,J30,2026-06-01,2026-06-07,800664613,THELMA CHRYSAFI,CYP,G,Girls,doubles,main_draw,0,0,0,1,1st Round,4,R16,not_started_or_unknown,5,1.25,2026-06-03T03:36:09.870Z
J-J30-CYP-2026-004,J30 Nicosia,J30,2026-06-01,2026-06-07,800674173,Thelma Zimova,CZE,G,Girls,doubles,main_draw,1,1,0,2,Quarter-finals,4,QF,still_alive_or_champion,9,2.25,2026-06-03T03:36:09.870Z
J-J30-CYP-2026-004,J30 Nicosia,J30,2026-06-01,2026-06-07,800594894,Toprak Berkol,CYP,B,Boys,doubles,main_draw,1,1,0,2,Quarter-finals,4,QF,still_alive_or_champion,9,2.25,2026-06-03T03:36:09.870Z
J-J30-CYP-2026-004,J30 Nicosia,J30,2026-06-01,2026-06-07,800822494,Varvara Makarova,RUS,G,Girls,doubles,main_draw,0,0,0,1,1st Round,4,R16,not_started_or_unknown,5,1.25,2026-06-03T03:36:09.870Z
J-J30-CYP-2026-004,J30 Nicosia,J30,2026-06-01,2026-06-07,800667508,Vasileios Perlegkas,GRE,B,Boys,doubles,main_draw,0,0,0,1,1st Round,4,R16,not_started_or_unknown,5,1.25,2026-06-03T03:36:09.870Z
J-J30-CYP-2026-004,J30 Nicosia,J30,2026-06-01,2026-06-07,800659931,Vasilis Vrahimis,CYP,B,Boys,doubles,main_draw,1,0,1,1,1st Round,4,R16,eliminated,5,1.25,2026-06-03T03:36:09.870Z
J-J30-CYP-2026-004,J30 Nicosia,J30,2026-06-01,2026-06-07,800592379,Vitalina Sokoliuk,UKR,G,Girls,doubles,main_draw,0,0,0,1,1st Round,4,R16,not_started_or_unknown,5,1.25,2026-06-03T03:36:09.870Z
J-J30-CYP-2026-004,J30 Nicosia,J30,2026-06-01,2026-06-07,800854469,Yibin Marty Deng,HKG,B,Boys,doubles,main_draw,0,0,0,1,1st Round,4,R16,not_started_or_unknown,5,1.25,2026-06-03T03:36:09.870Z
J-J30-CYP-2026-004,J30 Nicosia,J30,2026-06-01,2026-06-07,800790823,Yuk Ying Tsang,HKG,G,Girls,doubles,main_draw,0,0,0,1,1st Round,4,R16,not_started_or_unknown,5,1.25,2026-06-03T03:36:09.870Z
J-J30-CYP-2026-004,J30 Nicosia,J30,2026-06-01,2026-06-07,800775049,Al-Mansour Al-Tarzi,CAN,B,Boys,singles,qualifying,2,1,1,2,2nd Round,3,Q2,eliminated,0,0,2026-06-03T03:36:09.870Z
J-J30-CYP-2026-004,J30 Nicosia,J30,2026-06-01,2026-06-07,800590191,Alecos Timini,CYP,B,Boys,singles,main_draw,1,1,0,2,2nd Round,5,R16,still_alive_or_champion,5,5,2026-06-03T03:36:09.870Z
J-J30-CYP-2026-004,J30 Nicosia,J30,2026-06-01,2026-06-07,800726270,Aleksija Strika,CYP,G,Girls,singles,main_draw,1,1,0,2,2nd Round,5,R16,still_alive_or_champion,5,5,2026-06-03T03:36:09.870Z
J-J30-CYP-2026-004,J30 Nicosia,J30,2026-06-01,2026-06-07,800664548,Alexander Sokol,CYP,B,Boys,singles,qualifying,2,1,1,2,2nd Round,3,Q2,eliminated,0,0,2026-06-03T03:36:09.870Z
J-J30-CYP-2026-004,J30 Nicosia,J30,2026-06-01,2026-06-07,800704403,Alice-Amelie Staicovici,ROU,G,Girls,singles,qualifying,2,1,1,2,Quarter-finals,2,Q2,eliminated,0,0,2026-06-03T03:36:09.870Z
J-J30-CYP-2026-004,J30 Nicosia,J30,2026-06-01,2026-06-07,800848634,Anastasiia Klymentieva,UKR,G,Girls,singles,main_draw,1,0,1,1,1st Round,5,R32,eliminated,2,2,2026-06-03T03:36:09.870Z
J-J30-CYP-2026-004,J30 Nicosia,J30,2026-06-01,2026-06-07,800848634,Anastasiia Klymentieva,UKR,G,Girls,singles,qualifying,1,1,0,2,Quarter-finals,2,Q,still_alive_or_champion,0,0,2026-06-03T03:36:09.870Z
J-J30-CYP-2026-004,J30 Nicosia,J30,2026-06-01,2026-06-07,800660001,Andrea Georgiou Papakyriacou,CYP,G,Girls,singles,main_draw,1,1,0,2,2nd Round,5,R16,still_alive_or_champion,5,5,2026-06-03T03:36:09.870Z
J-J30-CYP-2026-004,J30 Nicosia,J30,2026-06-01,2026-06-07,800595070,Andreanos Kyriakides,CYP,B,Boys,singles,main_draw,1,1,0,2,2nd Round,5,R16,still_alive_or_champion,5,5,2026-06-03T03:36:09.870Z
J-J30-CYP-2026-004,J30 Nicosia,J30,2026-06-01,2026-06-07,800595070,Andreanos Kyriakides,CYP,B,Boys,singles,qualifying,2,1,1,3,Quarter-finals,3,Q2,eliminated,0,0,2026-06-03T03:36:09.870Z
J-J30-CYP-2026-004,J30 Nicosia,J30,2026-06-01,2026-06-07,800665059,Andreas Leon Photiades,CYP,B,Boys,singles,qualifying,2,1,1,2,2nd Round,3,Q2,eliminated,0,0,2026-06-03T03:36:09.870Z
J-J30-CYP-2026-004,J30 Nicosia,J30,2026-06-01,2026-06-07,800777626,Andreas Monoyios,CYP,B,Boys,singles,qualifying,0,0,0,2,2nd Round,3,Q1,not_started_or_unknown,0,0,2026-06-03T03:36:09.870Z
J-J30-CYP-2026-004,J30 Nicosia,J30,2026-06-01,2026-06-07,800646255,Andreas Photiades,CYP,B,Boys,singles,main_draw,1,0,1,1,1st Round,5,R32,eliminated,2,2,2026-06-03T03:36:09.870Z
J-J30-CYP-2026-004,J30 Nicosia,J30,2026-06-01,2026-06-07,800643778,Andrei Radu,ROU,B,Boys,singles,main_draw,1,1,0,2,2nd Round,5,R16,still_alive_or_champion,5,5,2026-06-03T03:36:09.870Z
J-J30-CYP-2026-004,J30 Nicosia,J30,2026-06-01,2026-06-07,800766023,Andy Wang,USA,B,Boys,singles,main_draw,1,1,0,2,2nd Round,5,R16,still_alive_or_champion,5,5,2026-06-03T03:36:09.870Z
J-J30-CYP-2026-004,J30 Nicosia,J30,2026-06-01,2026-06-07,800766023,Andy Wang,USA,B,Boys,singles,qualifying,3,3,0,3,Quarter-finals,3,Q,still_alive_or_champion,0,0,2026-06-03T03:36:09.870Z
J-J30-CYP-2026-004,J30 Nicosia,J30,2026-06-01,2026-06-07,800665690,Antonis Louca,CYP,B,Boys,singles,qualifying,1,0,1,1,1st Round,3,Q1,eliminated,0,0,2026-06-03T03:36:09.870Z
J-J30-CYP-2026-004,J30 Nicosia,J30,2026-06-01,2026-06-07,800581488,Antonis Malavazos,GRE,B,Boys,singles,main_draw,1,1,0,2,2nd Round,5,R16,still_alive_or_champion,5,5,2026-06-03T03:36:09.870Z
J-J30-CYP-2026-004,J30 Nicosia,J30,2026-06-01,2026-06-07,800651395,Athos Karakatsianis,CYP,B,Boys,singles,main_draw,1,1,0,2,2nd Round,5,R16,still_alive_or_champion,5,5,2026-06-03T03:36:09.870Z
J-J30-CYP-2026-004,J30 Nicosia,J30,2026-06-01,2026-06-07,800659406,bekir devran esendagli,TUR,B,Boys,singles,main_draw,1,0,1,1,1st Round,5,R32,eliminated,2,2,2026-06-03T03:36:09.870Z
J-J30-CYP-2026-004,J30 Nicosia,J30,2026-06-01,2026-06-07,800725050,Bora Erin,CYP,B,Boys,singles,qualifying,1,0,1,2,2nd Round,3,Q1,eliminated,0,0,2026-06-03T03:36:09.870Z
J-J30-CYP-2026-004,J30 Nicosia,J30,2026-06-01,2026-06-07,800740292,Christina Frantzis,USA,G,Girls,singles,main_draw,0,0,0,1,1st Round,5,R32,not_started_or_unknown,2,2,2026-06-03T03:36:09.870Z
J-J30-CYP-2026-004,J30 Nicosia,J30,2026-06-01,2026-06-07,800660013,Christopher Athinakis,CYP,B,Boys,singles,qualifying,1,0,1,1,1st Round,3,Q1,eliminated,0,0,2026-06-03T03:36:09.870Z
J-J30-CYP-2026-004,J30 Nicosia,J30,2026-06-01,2026-06-07,800688263,Chrysa Maira Titopoulos,CYP,G,Girls,singles,main_draw,0,0,0,2,2nd Round,5,R32,not_started_or_unknown,2,2,2026-06-03T03:36:09.870Z
J-J30-CYP-2026-004,J30 Nicosia,J30,2026-06-01,2026-06-07,800664784,Danae Dimitsani,GRE,G,Girls,singles,main_draw,1,1,0,2,2nd Round,5,R16,still_alive_or_champion,5,5,2026-06-03T03:36:09.870Z
J-J30-CYP-2026-004,J30 Nicosia,J30,2026-06-01,2026-06-07,800583656,Dominika Petrikova,SVK,G,Girls,singles,main_draw,0,0,0,2,2nd Round,5,R32,not_started_or_unknown,2,2,2026-06-03T03:36:09.870Z
J-J30-CYP-2026-004,J30 Nicosia,J30,2026-06-01,2026-06-07,800599916,Elli Nikoletta Gerontikou,GRE,G,Girls,singles,main_draw,1,0,1,1,1st Round,5,R32,eliminated,2,2,2026-06-03T03:36:09.870Z
J-J30-CYP-2026-004,J30 Nicosia,J30,2026-06-01,2026-06-07,800775550,Erikas Maskolaitis,LTU,B,Boys,singles,main_draw,1,0,1,1,1st Round,5,R32,eliminated,2,2,2026-06-03T03:36:09.870Z
J-J30-CYP-2026-004,J30 Nicosia,J30,2026-06-01,2026-06-07,800594280,Eva Panova,CYP,G,Girls,singles,main_draw,1,1,0,2,2nd Round,5,R16,still_alive_or_champion,5,5,2026-06-03T03:36:09.870Z
J-J30-CYP-2026-004,J30 Nicosia,J30,2026-06-01,2026-06-07,800819137,Gabriel Horsky,CYP,B,Boys,singles,qualifying,1,0,1,1,1st Round,3,Q1,eliminated,0,0,2026-06-03T03:36:09.870Z
J-J30-CYP-2026-004,J30 Nicosia,J30,2026-06-01,2026-06-07,800659857,George Glavas,GRE,B,Boys,singles,qualifying,1,0,1,1,1st Round,3,Q1,eliminated,0,0,2026-06-03T03:36:09.870Z
J-J30-CYP-2026-004,J30 Nicosia,J30,2026-06-01,2026-06-07,800664611,George Hadjihannas,CYP,B,Boys,singles,main_draw,1,0,1,1,1st Round,5,R32,eliminated,2,2,2026-06-03T03:36:09.870Z
J-J30-CYP-2026-004,J30 Nicosia,J30,2026-06-01,2026-06-07,800663203,Giulia Fiorenza,ITA,G,Girls,singles,main_draw,1,0,1,1,1st Round,5,R32,eliminated,2,2,2026-06-03T03:36:09.870Z
J-J30-CYP-2026-004,J30 Nicosia,J30,2026-06-01,2026-06-07,800671290,Gustavs Gutans,LAT,B,Boys,singles,main_draw,1,1,0,2,2nd Round,5,R16,still_alive_or_champion,5,5,2026-06-03T03:36:09.870Z
J-J30-CYP-2026-004,J30 Nicosia,J30,2026-06-01,2026-06-07,800750616,Haolin WANG,CHN,G,Girls,singles,main_draw,1,1,0,2,2nd Round,5,R16,still_alive_or_champion,5,5,2026-06-03T03:36:09.870Z
J-J30-CYP-2026-004,J30 Nicosia,J30,2026-06-01,2026-06-07,800594733,Ioanna Kyriakidou,CYP,G,Girls,singles,qualifying,1,0,1,2,Quarter-finals,2,Q1,eliminated,0,0,2026-06-03T03:36:09.870Z
J-J30-CYP-2026-004,J30 Nicosia,J30,2026-06-01,2026-06-07,800665348,IOANNIS PSINDRIDES,CYP,B,Boys,singles,main_draw,1,0,1,1,1st Round,5,R32,eliminated,2,2,2026-06-03T03:36:09.870Z
J-J30-CYP-2026-004,J30 Nicosia,J30,2026-06-01,2026-06-07,800645493,ISABELLA RELTON,GBR,G,Girls,singles,main_draw,1,1,0,2,2nd Round,5,R16,still_alive_or_champion,5,5,2026-06-03T03:36:09.870Z
J-J30-CYP-2026-004,J30 Nicosia,J30,2026-06-01,2026-06-07,800636873,Itamar Ronen,ISR,B,Boys,singles,main_draw,1,1,0,2,2nd Round,5,R16,still_alive_or_champion,5,5,2026-06-03T03:36:09.870Z
J-J30-CYP-2026-004,J30 Nicosia,J30,2026-06-01,2026-06-07,800601592,Ivan Stepanov,SUI,B,Boys,singles,main_draw,1,0,1,1,1st Round,5,R32,eliminated,2,2,2026-06-03T03:36:09.870Z
J-J30-CYP-2026-004,J30 Nicosia,J30,2026-06-01,2026-06-07,800665707,Jakob Letsch,GER,B,Boys,singles,main_draw,1,0,1,1,1st Round,5,R32,eliminated,2,2,2026-06-03T03:36:09.870Z
J-J30-CYP-2026-004,J30 Nicosia,J30,2026-06-01,2026-06-07,800650828,Kyriacos Pyrishis,CYP,B,Boys,singles,main_draw,1,0,1,1,1st Round,5,R32,eliminated,2,2,2026-06-03T03:36:09.870Z
J-J30-CYP-2026-004,J30 Nicosia,J30,2026-06-01,2026-06-07,800780327,Lars Meyer,SUI,B,Boys,singles,main_draw,1,1,0,2,2nd Round,5,R16,still_alive_or_champion,5,5,2026-06-03T03:36:09.870Z
J-J30-CYP-2026-004,J30 Nicosia,J30,2026-06-01,2026-06-07,800620949,Lazar Mladenovic,SUI,B,Boys,singles,main_draw,1,1,0,2,2nd Round,5,R16,still_alive_or_champion,5,5,2026-06-03T03:36:09.870Z
J-J30-CYP-2026-004,J30 Nicosia,J30,2026-06-01,2026-06-07,800675513,Lilly Frawley,IRL,G,Girls,singles,main_draw,1,0,1,1,1st Round,5,R32,eliminated,2,2,2026-06-03T03:36:09.870Z
J-J30-CYP-2026-004,J30 Nicosia,J30,2026-06-01,2026-06-07,800675513,Lilly Frawley,IRL,G,Girls,singles,qualifying,1,0,1,2,Quarter-finals,2,Q1,eliminated,0,0,2026-06-03T03:36:09.870Z
J-J30-CYP-2026-004,J30 Nicosia,J30,2026-06-01,2026-06-07,800640178,Lucas Nolte,GBR,B,Boys,singles,main_draw,1,1,0,2,2nd Round,5,R16,still_alive_or_champion,5,5,2026-06-03T03:36:09.870Z
J-J30-CYP-2026-004,J30 Nicosia,J30,2026-06-01,2026-06-07,800688826,Maksim Mikhailov,RUS,B,Boys,singles,qualifying,1,0,1,1,1st Round,3,Q1,eliminated,0,0,2026-06-03T03:36:09.870Z
J-J30-CYP-2026-004,J30 Nicosia,J30,2026-06-01,2026-06-07,800640469,Marcos Iacovides,CYP,B,Boys,singles,main_draw,1,1,0,2,2nd Round,5,R16,still_alive_or_champion,5,5,2026-06-03T03:36:09.870Z
J-J30-CYP-2026-004,J30 Nicosia,J30,2026-06-01,2026-06-07,800695042,Margarita Khusanova,UZB,G,Girls,singles,main_draw,1,1,0,2,2nd Round,5,R16,still_alive_or_champion,5,5,2026-06-03T03:36:09.870Z
J-J30-CYP-2026-004,J30 Nicosia,J30,2026-06-01,2026-06-07,800663593,Maria Belova,RUS,G,Girls,singles,main_draw,0,0,0,1,1st Round,5,R32,not_started_or_unknown,2,2,2026-06-03T03:36:09.870Z
J-J30-CYP-2026-004,J30 Nicosia,J30,2026-06-01,2026-06-07,800830940,Maria Kur,POL,G,Girls,singles,main_draw,1,0,1,1,1st Round,5,R32,eliminated,2,2,2026-06-03T03:36:09.870Z
J-J30-CYP-2026-004,J30 Nicosia,J30,2026-06-01,2026-06-07,800864136,Maria Maria Makaridou,CYP,G,Girls,singles,qualifying,1,0,1,1,1st Round,2,Q1,eliminated,0,0,2026-06-03T03:36:09.870Z
J-J30-CYP-2026-004,J30 Nicosia,J30,2026-06-01,2026-06-07,800718829,Marianna Kyrillou,CYP,G,Girls,singles,main_draw,1,0,1,1,1st Round,5,R32,eliminated,2,2,2026-06-03T03:36:09.870Z
J-J30-CYP-2026-004,J30 Nicosia,J30,2026-06-01,2026-06-07,800709662,Mariia Kuznetsova,UKR,G,Girls,singles,main_draw,1,0,1,1,1st Round,5,R32,eliminated,2,2,2026-06-03T03:36:09.870Z
J-J30-CYP-2026-004,J30 Nicosia,J30,2026-06-01,2026-06-07,800656559,Marko Kovtunovskyi,UKR,B,Boys,singles,main_draw,1,0,1,1,1st Round,5,R32,eliminated,2,2,2026-06-03T03:36:09.870Z
J-J30-CYP-2026-004,J30 Nicosia,J30,2026-06-01,2026-06-07,800748223,Matei Crisan,ROU,B,Boys,singles,main_draw,1,1,0,2,2nd Round,5,R16,still_alive_or_champion,5,5,2026-06-03T03:36:09.870Z
J-J30-CYP-2026-004,J30 Nicosia,J30,2026-06-01,2026-06-07,800659926,Michael Genethliou,CYP,B,Boys,singles,main_draw,1,0,1,1,1st Round,5,R32,eliminated,2,2,2026-06-03T03:36:09.870Z
J-J30-CYP-2026-004,J30 Nicosia,J30,2026-06-01,2026-06-07,800747047,Mika Halperin,ISR,G,Girls,singles,main_draw,1,0,1,1,1st Round,5,R32,eliminated,2,2,2026-06-03T03:36:09.870Z
J-J30-CYP-2026-004,J30 Nicosia,J30,2026-06-01,2026-06-07,800753899,Milana Vasic,CYP,G,Girls,singles,main_draw,1,0,1,1,1st Round,5,R32,eliminated,2,2,2026-06-03T03:36:09.870Z
J-J30-CYP-2026-004,J30 Nicosia,J30,2026-06-01,2026-06-07,800753899,Milana Vasic,CYP,G,Girls,singles,qualifying,1,1,0,2,Quarter-finals,2,Q,still_alive_or_champion,0,0,2026-06-03T03:36:09.870Z
J-J30-CYP-2026-004,J30 Nicosia,J30,2026-06-01,2026-06-07,800637182,Minas Panagidis,CYP,B,Boys,singles,main_draw,1,0,1,1,1st Round,5,R32,eliminated,2,2,2026-06-03T03:36:09.870Z
J-J30-CYP-2026-004,J30 Nicosia,J30,2026-06-01,2026-06-07,800637182,Minas Panagidis,CYP,B,Boys,singles,qualifying,3,2,1,3,Quarter-finals,3,Q3,eliminated,0,0,2026-06-03T03:36:09.870Z
J-J30-CYP-2026-004,J30 Nicosia,J30,2026-06-01,2026-06-07,800659939,Nadia Jaser,CYP,G,Girls,singles,main_draw,1,1,0,2,2nd Round,5,R16,still_alive_or_champion,5,5,2026-06-03T03:36:09.870Z
J-J30-CYP-2026-004,J30 Nicosia,J30,2026-06-01,2026-06-07,800712202,Nicolas Panoussopoulos,SUI,B,Boys,singles,main_draw,1,1,0,2,2nd Round,5,R16,still_alive_or_champion,5,5,2026-06-03T03:36:09.870Z
J-J30-CYP-2026-004,J30 Nicosia,J30,2026-06-01,2026-06-07,800684108,Nik Nolas,CYP,B,Boys,singles,qualifying,1,0,1,1,1st Round,3,Q1,eliminated,0,0,2026-06-03T03:36:09.870Z
J-J30-CYP-2026-004,J30 Nicosia,J30,2026-06-01,2026-06-07,800752542,Nikolaos Alexandropoulos,GRE,B,Boys,singles,qualifying,1,0,1,1,1st Round,3,Q1,eliminated,0,0,2026-06-03T03:36:09.870Z
J-J30-CYP-2026-004,J30 Nicosia,J30,2026-06-01,2026-06-07,800834198,Nikolaos Kontzias,GRE,B,Boys,singles,main_draw,1,0,1,1,1st Round,5,R32,eliminated,2,2,2026-06-03T03:36:09.870Z
J-J30-CYP-2026-004,J30 Nicosia,J30,2026-06-01,2026-06-07,800834198,Nikolaos Kontzias,GRE,B,Boys,singles,qualifying,3,2,1,3,Quarter-finals,3,Q3,eliminated,0,0,2026-06-03T03:36:09.870Z
J-J30-CYP-2026-004,J30 Nicosia,J30,2026-06-01,2026-06-07,800651892,NIKOLAS PETOUSSIS,CYP,B,Boys,singles,qualifying,2,1,1,3,Quarter-finals,3,Q2,eliminated,0,0,2026-06-03T03:36:09.870Z
J-J30-CYP-2026-004,J30 Nicosia,J30,2026-06-01,2026-06-07,800650846,Noah Alexandros Ioannides,CYP,B,Boys,singles,main_draw,1,0,1,1,1st Round,5,R32,eliminated,2,2,2026-06-03T03:36:09.870Z
J-J30-CYP-2026-004,J30 Nicosia,J30,2026-06-01,2026-06-07,800650846,Noah Alexandros Ioannides,CYP,B,Boys,singles,qualifying,1,1,0,3,Quarter-finals,3,Q,still_alive_or_champion,0,0,2026-06-03T03:36:09.870Z
J-J30-CYP-2026-004,J30 Nicosia,J30,2026-06-01,2026-06-07,800661710,Noel Kim Bachmann,SUI,B,Boys,singles,main_draw,1,1,0,2,2nd Round,5,R16,still_alive_or_champion,5,5,2026-06-03T03:36:09.870Z
J-J30-CYP-2026-004,J30 Nicosia,J30,2026-06-01,2026-06-07,800709007,Noya Rojansky,ISR,G,Girls,singles,main_draw,1,0,1,1,1st Round,5,R32,eliminated,2,2,2026-06-03T03:36:09.870Z
J-J30-CYP-2026-004,J30 Nicosia,J30,2026-06-01,2026-06-07,800595388,Oleg Chiburaev,RUS,B,Boys,singles,qualifying,0,0,0,1,1st Round,3,Q1,not_started_or_unknown,0,0,2026-06-03T03:36:09.870Z
J-J30-CYP-2026-004,J30 Nicosia,J30,2026-06-01,2026-06-07,800639836,PETROS PARSON,CYP,B,Boys,singles,qualifying,2,1,1,2,2nd Round,3,Q2,eliminated,0,0,2026-06-03T03:36:09.870Z
J-J30-CYP-2026-004,J30 Nicosia,J30,2026-06-01,2026-06-07,800692423,Raoul Bazerghi,EGY,B,Boys,singles,main_draw,1,0,1,1,1st Round,5,R32,eliminated,2,2,2026-06-03T03:36:09.870Z
J-J30-CYP-2026-004,J30 Nicosia,J30,2026-06-01,2026-06-07,800651948,Sandra Ciobica,ROU,G,Girls,singles,main_draw,1,1,0,2,2nd Round,5,R16,still_alive_or_champion,5,5,2026-06-03T03:36:09.870Z
J-J30-CYP-2026-004,J30 Nicosia,J30,2026-06-01,2026-06-07,800757469,SEBASTIAN Hoeppner Molina,GER,B,Boys,singles,qualifying,2,1,1,2,2nd Round,3,Q2,eliminated,0,0,2026-06-03T03:36:09.870Z
J-J30-CYP-2026-004,J30 Nicosia,J30,2026-06-01,2026-06-07,800700582,Sofia Agathokleous,CYP,G,Girls,singles,main_draw,1,0,1,1,1st Round,5,R32,eliminated,2,2,2026-06-03T03:36:09.870Z
J-J30-CYP-2026-004,J30 Nicosia,J30,2026-06-01,2026-06-07,800707689,Sofie Jirakova,CZE,G,Girls,singles,main_draw,1,0,1,1,1st Round,5,R32,eliminated,2,2,2026-06-03T03:36:09.870Z
J-J30-CYP-2026-004,J30 Nicosia,J30,2026-06-01,2026-06-07,800661870,Sophia Santos,CRO,G,Girls,singles,main_draw,1,1,0,2,2nd Round,5,R16,still_alive_or_champion,5,5,2026-06-03T03:36:09.870Z
J-J30-CYP-2026-004,J30 Nicosia,J30,2026-06-01,2026-06-07,800823828,Spencer Collimore,AUS,B,Boys,singles,qualifying,1,0,1,1,1st Round,3,Q1,eliminated,0,0,2026-06-03T03:36:09.870Z
J-J30-CYP-2026-004,J30 Nicosia,J30,2026-06-01,2026-06-07,800718249,Stamatia Tsoutsi,GRE,G,Girls,singles,main_draw,1,1,0,2,2nd Round,5,R16,still_alive_or_champion,5,5,2026-06-03T03:36:09.870Z
J-J30-CYP-2026-004,J30 Nicosia,J30,2026-06-01,2026-06-07,800718249,Stamatia Tsoutsi,GRE,G,Girls,singles,qualifying,1,1,0,2,Quarter-finals,2,Q,still_alive_or_champion,0,0,2026-06-03T03:36:09.870Z
J-J30-CYP-2026-004,J30 Nicosia,J30,2026-06-01,2026-06-07,800657242,Teodora Sfirnaciuc,ROU,G,Girls,singles,main_draw,1,1,0,2,2nd Round,5,R16,still_alive_or_champion,5,5,2026-06-03T03:36:09.870Z
J-J30-CYP-2026-004,J30 Nicosia,J30,2026-06-01,2026-06-07,800664613,THELMA CHRYSAFI,CYP,G,Girls,singles,main_draw,1,1,0,2,2nd Round,5,R16,still_alive_or_champion,5,5,2026-06-03T03:36:09.870Z
J-J30-CYP-2026-004,J30 Nicosia,J30,2026-06-01,2026-06-07,800674173,Thelma Zimova,CZE,G,Girls,singles,qualifying,2,1,1,2,Quarter-finals,2,Q2,eliminated,0,0,2026-06-03T03:36:09.870Z
J-J30-CYP-2026-004,J30 Nicosia,J30,2026-06-01,2026-06-07,800702788,Theodoros Anastasi,CYP,B,Boys,singles,qualifying,2,1,1,2,2nd Round,3,Q2,eliminated,0,0,2026-06-03T03:36:09.870Z
J-J30-CYP-2026-004,J30 Nicosia,J30,2026-06-01,2026-06-07,800594894,Toprak Berkol,CYP,B,Boys,singles,main_draw,1,1,0,2,2nd Round,5,R16,still_alive_or_champion,5,5,2026-06-03T03:36:09.870Z
J-J30-CYP-2026-004,J30 Nicosia,J30,2026-06-01,2026-06-07,800822494,Varvara Makarova,RUS,G,Girls,singles,main_draw,1,1,0,2,2nd Round,5,R16,still_alive_or_champion,5,5,2026-06-03T03:36:09.870Z
J-J30-CYP-2026-004,J30 Nicosia,J30,2026-06-01,2026-06-07,800667508,Vasileios Perlegkas,GRE,B,Boys,singles,main_draw,1,0,1,1,1st Round,5,R32,eliminated,2,2,2026-06-03T03:36:09.870Z
J-J30-CYP-2026-004,J30 Nicosia,J30,2026-06-01,2026-06-07,800667508,Vasileios Perlegkas,GRE,B,Boys,singles,qualifying,2,2,0,3,Quarter-finals,3,Q,still_alive_or_champion,0,0,2026-06-03T03:36:09.870Z
J-J30-CYP-2026-004,J30 Nicosia,J30,2026-06-01,2026-06-07,800659931,Vasilis Vrahimis,CYP,B,Boys,singles,qualifying,1,0,1,1,1st Round,3,Q1,eliminated,0,0,2026-06-03T03:36:09.870Z
J-J30-CYP-2026-004,J30 Nicosia,J30,2026-06-01,2026-06-07,800595956,Veronika Knyazeva,CYP,G,Girls,singles,main_draw,1,0,1,1,1st Round,5,R32,eliminated,2,2,2026-06-03T03:36:09.870Z
J-J30-CYP-2026-004,J30 Nicosia,J30,2026-06-01,2026-06-07,800592379,Vitalina Sokoliuk,UKR,G,Girls,singles,qualifying,1,0,1,1,1st Round,2,Q1,eliminated,0,0,2026-06-03T03:36:09.870Z
J-J30-CYP-2026-004,J30 Nicosia,J30,2026-06-01,2026-06-07,800659976,Yahor Mukha,BLR,B,Boys,singles,qualifying,1,0,1,1,1st Round,3,Q1,eliminated,0,0,2026-06-03T03:36:09.870Z
J-J30-CYP-2026-004,J30 Nicosia,J30,2026-06-01,2026-06-07,800854469,Yibin Marty Deng,HKG,B,Boys,singles,main_draw,1,0,1,1,1st Round,5,R32,eliminated,2,2,2026-06-03T03:36:09.870Z
J-J30-CYP-2026-004,J30 Nicosia,J30,2026-06-01,2026-06-07,800854469,Yibin Marty Deng,HKG,B,Boys,singles,qualifying,3,3,0,3,Quarter-finals,3,Q,still_alive_or_champion,0,0,2026-06-03T03:36:09.870Z
J-J30-CYP-2026-004,J30 Nicosia,J30,2026-06-01,2026-06-07,800790823,Yuk Ying Tsang,HKG,G,Girls,singles,main_draw,1,0,1,1,1st Round,5,R32,eliminated,2,2,2026-06-03T03:36:09.870Z
J-J30-CYP-2026-004,J30 Nicosia,J30,2026-06-01,2026-06-07,800790823,Yuk Ying Tsang,HKG,G,Girls,singles,qualifying,1,1,0,2,Quarter-finals,2,Q,still_alive_or_champion,0,0,2026-06-03T03:36:09.870Z
J-J30-INA-2026-002,J30 Sukoharjo,J30,2026-06-01,2026-06-07,800796369,Ahmad Zulfan Dwi Sadewa,INA,B,Boys,singles,main_draw,1,1,0,2,2nd Round,5,R16,still_alive_or_champion,5,5,2026-06-03T03:36:09.870Z
J-J30-INA-2026-002,J30 Sukoharjo,J30,2026-06-01,2026-06-07,800671150,Brandon Duan,USA,B,Boys,singles,main_draw,1,1,0,2,2nd Round,5,R16,still_alive_or_champion,5,5,2026-06-03T03:36:09.870Z
J-J30-INA-2026-002,J30 Sukoharjo,J30,2026-06-01,2026-06-07,800671154,Brian Duan,USA,B,Boys,singles,main_draw,1,0,1,1,1st Round,5,R32,eliminated,2,2,2026-06-03T03:36:09.870Z
J-J30-INA-2026-002,J30 Sukoharjo,J30,2026-06-01,2026-06-07,800789594,Cheng-Yu Lin,TPE,B,Boys,singles,main_draw,1,1,0,2,2nd Round,5,R16,still_alive_or_champion,5,5,2026-06-03T03:36:09.870Z
J-J30-INA-2026-002,J30 Sukoharjo,J30,2026-06-01,2026-06-07,800855792,Corey Dixon,AUS,B,Boys,singles,main_draw,1,0,1,1,1st Round,5,R32,eliminated,2,2,2026-06-03T03:36:09.870Z
J-J30-INA-2026-002,J30 Sukoharjo,J30,2026-06-01,2026-06-07,800670040,Darren Adam Sofian,INA,B,Boys,singles,main_draw,1,0,1,1,1st Round,5,R32,eliminated,2,2,2026-06-03T03:36:09.870Z
J-J30-INA-2026-002,J30 Sukoharjo,J30,2026-06-01,2026-06-07,800686686,Do Hyeon Kwak,KOR,B,Boys,singles,main_draw,1,0,1,1,1st Round,5,R32,eliminated,2,2,2026-06-03T03:36:09.870Z
J-J30-INA-2026-002,J30 Sukoharjo,J30,2026-06-01,2026-06-07,800584046,Ethan Matthew Koh,SGP,B,Boys,singles,main_draw,1,1,0,2,2nd Round,5,R16,still_alive_or_champion,5,5,2026-06-03T03:36:09.870Z
J-J30-INA-2026-002,J30 Sukoharjo,J30,2026-06-01,2026-06-07,800670988,Gardan Hermawan,INA,B,Boys,singles,main_draw,1,0,1,1,1st Round,5,R32,eliminated,2,2,2026-06-03T03:36:09.870Z
J-J30-INA-2026-002,J30 Sukoharjo,J30,2026-06-01,2026-06-07,800814441,Haoxuan Xu,CHN,B,Boys,singles,main_draw,1,0,1,1,1st Round,5,R32,eliminated,2,2,2026-06-03T03:36:09.870Z
J-J30-INA-2026-002,J30 Sukoharjo,J30,2026-06-01,2026-06-07,800670475,Joachim Mika Gunawan,INA,B,Boys,singles,main_draw,1,1,0,2,2nd Round,5,R16,still_alive_or_champion,5,5,2026-06-03T03:36:09.870Z
J-J30-INA-2026-002,J30 Sukoharjo,J30,2026-06-01,2026-06-07,800670732,Jordan Faith Suryaatmadja,INA,B,Boys,singles,main_draw,1,1,0,2,2nd Round,5,R16,still_alive_or_champion,5,5,2026-06-03T03:36:09.870Z
J-J30-INA-2026-002,J30 Sukoharjo,J30,2026-06-01,2026-06-07,800765326,Komang Bagus Wahyu Purustama,INA,B,Boys,singles,main_draw,1,1,0,2,2nd Round,5,R16,still_alive_or_champion,5,5,2026-06-03T03:36:09.870Z
J-J30-INA-2026-002,J30 Sukoharjo,J30,2026-06-01,2026-06-07,800779343,Lukman Praditya Nugroho,INA,B,Boys,singles,main_draw,1,1,0,2,2nd Round,5,R16,still_alive_or_champion,5,5,2026-06-03T03:36:09.870Z
J-J30-INA-2026-002,J30 Sukoharjo,J30,2026-06-01,2026-06-07,800670740,M Alfaradu Sumirat,INA,B,Boys,singles,main_draw,1,1,0,2,2nd Round,5,R16,still_alive_or_champion,5,5,2026-06-03T03:36:09.870Z
J-J30-INA-2026-002,J30 Sukoharjo,J30,2026-06-01,2026-06-07,800809606,Max Johansson,TPE,B,Boys,singles,main_draw,1,0,1,1,1st Round,5,R32,eliminated,2,2,2026-06-03T03:36:09.870Z
J-J30-INA-2026-002,J30 Sukoharjo,J30,2026-06-01,2026-06-07,800742197,Mochamad Aryasatya D Tarizky,INA,B,Boys,singles,main_draw,1,1,0,2,2nd Round,5,R16,still_alive_or_champion,5,5,2026-06-03T03:36:09.870Z
J-J30-INA-2026-002,J30 Sukoharjo,J30,2026-06-01,2026-06-07,800845675,Moh Galih Prasetyo,INA,B,Boys,singles,main_draw,1,0,1,1,1st Round,5,R32,eliminated,2,2,2026-06-03T03:36:09.870Z
J-J30-INA-2026-002,J30 Sukoharjo,J30,2026-06-01,2026-06-07,800806463,Mohammad Ayyan Waqas,MAS,B,Boys,singles,main_draw,1,0,1,1,1st Round,5,R32,eliminated,2,2,2026-06-03T03:36:09.870Z
J-J30-INA-2026-002,J30 Sukoharjo,J30,2026-06-01,2026-06-07,800719896,MUCHAMMAD AZKA AZAM AL ARSYAD,INA,B,Boys,singles,main_draw,1,1,0,2,2nd Round,5,R16,still_alive_or_champion,5,5,2026-06-03T03:36:09.870Z
J-J30-INA-2026-002,J30 Sukoharjo,J30,2026-06-01,2026-06-07,800791513,Muhammad Jafar Harisah,INA,B,Boys,singles,main_draw,1,1,0,2,2nd Round,5,R16,still_alive_or_champion,5,5,2026-06-03T03:36:09.870Z
J-J30-INA-2026-002,J30 Sukoharjo,J30,2026-06-01,2026-06-07,800780212,Nandor Karoly,HUN,B,Boys,singles,main_draw,1,0,1,1,1st Round,5,R32,eliminated,2,2,2026-06-03T03:36:09.870Z
J-J30-INA-2026-002,J30 Sukoharjo,J30,2026-06-01,2026-06-07,800704581,Napradh Lalai,THA,B,Boys,singles,main_draw,1,0,1,1,1st Round,5,R32,eliminated,2,2,2026-06-03T03:36:09.870Z
J-J30-INA-2026-002,J30 Sukoharjo,J30,2026-06-01,2026-06-07,800670194,Rafa Jeconia verdasco Mangunsong,INA,B,Boys,singles,main_draw,1,1,0,2,2nd Round,5,R16,still_alive_or_champion,5,5,2026-06-03T03:36:09.870Z
J-J30-INA-2026-002,J30 Sukoharjo,J30,2026-06-01,2026-06-07,800770740,Rafael Enrico Pribadi,INA,B,Boys,singles,main_draw,1,1,0,2,2nd Round,5,R16,still_alive_or_champion,5,5,2026-06-03T03:36:09.870Z
J-J30-INA-2026-002,J30 Sukoharjo,J30,2026-06-01,2026-06-07,800806271,Raffa Rizky Ramadhan,INA,B,Boys,singles,main_draw,1,0,1,1,1st Round,5,R32,eliminated,2,2,2026-06-03T03:36:09.870Z
J-J30-INA-2026-002,J30 Sukoharjo,J30,2026-06-01,2026-06-07,800819889,Raka Aiustha Gautama Bayu,INA,B,Boys,singles,main_draw,1,0,1,1,1st Round,5,R32,eliminated,2,2,2026-06-03T03:36:09.870Z
J-J30-INA-2026-002,J30 Sukoharjo,J30,2026-06-01,2026-06-07,800670352,Rangga Wisnu Kresna Rafansyah,INA,B,Boys,singles,main_draw,1,1,0,2,2nd Round,5,R16,still_alive_or_champion,5,5,2026-06-03T03:36:09.870Z
J-J30-INA-2026-002,J30 Sukoharjo,J30,2026-06-01,2026-06-07,800748703,Reaven Rio Suryana,INA,B,Boys,singles,main_draw,1,1,0,2,2nd Round,5,R16,still_alive_or_champion,5,5,2026-06-03T03:36:09.870Z
J-J30-INA-2026-002,J30 Sukoharjo,J30,2026-06-01,2026-06-07,800718971,Taro Inoue,AUS,B,Boys,singles,main_draw,1,0,1,1,1st Round,5,R32,eliminated,2,2,2026-06-03T03:36:09.870Z
J-J30-INA-2026-002,J30 Sukoharjo,J30,2026-06-01,2026-06-07,800779359,Theerapat Samritvanitcha,THA,B,Boys,singles,main_draw,1,0,1,1,1st Round,5,R32,eliminated,2,2,2026-06-03T03:36:09.870Z
J-J30-INA-2026-002,J30 Sukoharjo,J30,2026-06-01,2026-06-07,800859590,Yuma Takechi,AUS,B,Boys,singles,main_draw,1,0,1,1,1st Round,5,R32,eliminated,2,2,2026-06-03T03:36:09.870Z
J-J30-ARM-2026-004,J30 Yerevan,J30,2026-06-01,2026-06-06,800845172,Adam Horak,CZE,B,Boys,doubles,main_draw,1,0,1,1,1st Round,4,R16,eliminated,5,1.25,2026-06-03T03:36:09.870Z
J-J30-ARM-2026-004,J30 Yerevan,J30,2026-06-01,2026-06-06,800825441,Agunda Agkatseva,RUS,G,Girls,doubles,main_draw,1,1,0,2,Quarter-finals,4,QF,still_alive_or_champion,9,2.25,2026-06-03T03:36:09.870Z
J-J30-ARM-2026-004,J30 Yerevan,J30,2026-06-01,2026-06-06,800732186,Aksiniia Velikolug,RUS,G,Girls,doubles,main_draw,1,1,0,2,Quarter-finals,4,QF,still_alive_or_champion,9,2.25,2026-06-03T03:36:09.870Z
J-J30-ARM-2026-004,J30 Yerevan,J30,2026-06-01,2026-06-06,800662210,Albert Aznavuryan,ARM,B,Boys,doubles,main_draw,1,0,1,1,1st Round,4,R16,eliminated,5,1.25,2026-06-03T03:36:09.870Z
J-J30-ARM-2026-004,J30 Yerevan,J30,2026-06-01,2026-06-06,800807207,Albert Khalatyan,RUS,B,Boys,doubles,main_draw,1,1,0,2,Quarter-finals,4,QF,still_alive_or_champion,9,2.25,2026-06-03T03:36:09.871Z
J-J30-ARM-2026-004,J30 Yerevan,J30,2026-06-01,2026-06-06,800674670,Aleksandr Ponomarev,RUS,B,Boys,doubles,main_draw,1,1,0,2,Quarter-finals,4,QF,still_alive_or_champion,9,2.25,2026-06-03T03:36:09.871Z
J-J30-ARM-2026-004,J30 Yerevan,J30,2026-06-01,2026-06-06,800840980,Aleksandra Kalashnikova,RUS,G,Girls,doubles,main_draw,1,1,0,2,Quarter-finals,4,QF,still_alive_or_champion,9,2.25,2026-06-03T03:36:09.871Z
J-J30-ARM-2026-004,J30 Yerevan,J30,2026-06-01,2026-06-06,800741407,Alexander Orlov,GEO,B,Boys,doubles,main_draw,1,0,1,1,1st Round,4,R16,eliminated,5,1.25,2026-06-03T03:36:09.871Z
J-J30-ARM-2026-004,J30 Yerevan,J30,2026-06-01,2026-06-06,800794038,Alexandra Kolesnikova,RUS,G,Girls,doubles,main_draw,1,1,0,2,Quarter-finals,4,QF,still_alive_or_champion,9,2.25,2026-06-03T03:36:09.871Z
J-J30-ARM-2026-004,J30 Yerevan,J30,2026-06-01,2026-06-06,800863082,Alina Trifonova,RUS,G,Girls,doubles,main_draw,1,1,0,2,Quarter-finals,4,QF,still_alive_or_champion,9,2.25,2026-06-03T03:36:09.871Z
J-J30-ARM-2026-004,J30 Yerevan,J30,2026-06-01,2026-06-06,800685136,Anatolii Voskresenskii,RUS,B,Boys,doubles,main_draw,1,1,0,2,Quarter-finals,4,QF,still_alive_or_champion,9,2.25,2026-06-03T03:36:09.871Z
J-J30-ARM-2026-004,J30 Yerevan,J30,2026-06-01,2026-06-06,800639374,Andrey Golman,RUS,B,Boys,doubles,main_draw,1,0,1,1,1st Round,4,R16,eliminated,5,1.25,2026-06-03T03:36:09.871Z
J-J30-ARM-2026-004,J30 Yerevan,J30,2026-06-01,2026-06-06,800753549,Arianna Grigorian,RUS,G,Girls,doubles,main_draw,0,0,0,2,Quarter-finals,4,R16,not_started_or_unknown,5,1.25,2026-06-03T03:36:09.871Z
J-J30-ARM-2026-004,J30 Yerevan,J30,2026-06-01,2026-06-06,800697918,Arno Avetisyan,ARM,B,Boys,doubles,main_draw,1,1,0,2,Quarter-finals,4,QF,still_alive_or_champion,9,2.25,2026-06-03T03:36:09.871Z
J-J30-ARM-2026-004,J30 Yerevan,J30,2026-06-01,2026-06-06,800654035,Artsiom Askirka,BLR,B,Boys,doubles,main_draw,1,1,0,2,Quarter-finals,4,QF,still_alive_or_champion,9,2.25,2026-06-03T03:36:09.871Z
J-J30-ARM-2026-004,J30 Yerevan,J30,2026-06-01,2026-06-06,800804318,Ben Brigdale,IRL,B,Boys,doubles,main_draw,1,0,1,1,1st Round,4,R16,eliminated,5,1.25,2026-06-03T03:36:09.871Z
J-J30-ARM-2026-004,J30 Yerevan,J30,2026-06-01,2026-06-06,800814761,Boris Vorobyev,RUS,B,Boys,doubles,main_draw,1,1,0,2,Quarter-finals,4,QF,still_alive_or_champion,9,2.25,2026-06-03T03:36:09.871Z
J-J30-ARM-2026-004,J30 Yerevan,J30,2026-06-01,2026-06-06,800714383,Ciaran McKenna,IRL,B,Boys,doubles,main_draw,1,0,1,1,1st Round,4,R16,eliminated,5,1.25,2026-06-03T03:36:09.871Z
J-J30-ARM-2026-004,J30 Yerevan,J30,2026-06-01,2026-06-06,800592193,Davit Poghosyan,ARM,B,Boys,doubles,main_draw,1,1,0,2,Quarter-finals,4,QF,still_alive_or_champion,9,2.25,2026-06-03T03:36:09.871Z
J-J30-ARM-2026-004,J30 Yerevan,J30,2026-06-01,2026-06-06,800712637,Diana Fender,RUS,G,Girls,doubles,main_draw,1,0,1,1,1st Round,4,R16,eliminated,5,1.25,2026-06-03T03:36:09.871Z
J-J30-ARM-2026-004,J30 Yerevan,J30,2026-06-01,2026-06-06,800818929,Dmitriy Shchelokov,RUS,B,Boys,doubles,main_draw,1,0,1,1,1st Round,4,R16,eliminated,5,1.25,2026-06-03T03:36:09.871Z
J-J30-ARM-2026-004,J30 Yerevan,J30,2026-06-01,2026-06-06,800645823,Elizaveta Privalova,RUS,G,Girls,doubles,main_draw,0,0,0,2,Quarter-finals,4,R16,not_started_or_unknown,5,1.25,2026-06-03T03:36:09.871Z
J-J30-ARM-2026-004,J30 Yerevan,J30,2026-06-01,2026-06-06,800735712,Elizaveta Riabukhina,RUS,G,Girls,doubles,main_draw,1,1,0,2,Quarter-finals,4,QF,still_alive_or_champion,9,2.25,2026-06-03T03:36:09.871Z
J-J30-ARM-2026-004,J30 Yerevan,J30,2026-06-01,2026-06-06,800759125,Evgenia TERZAKIS,GRE,G,Girls,doubles,main_draw,1,0,1,1,1st Round,4,R16,eliminated,5,1.25,2026-06-03T03:36:09.871Z
J-J30-ARM-2026-004,J30 Yerevan,J30,2026-06-01,2026-06-06,800711680,Frederik Scheer,AUT,B,Boys,doubles,main_draw,1,1,0,2,Quarter-finals,4,QF,still_alive_or_champion,9,2.25,2026-06-03T03:36:09.871Z
J-J30-ARM-2026-004,J30 Yerevan,J30,2026-06-01,2026-06-06,800695570,George Margiev,RUS,B,Boys,doubles,main_draw,1,1,0,2,Quarter-finals,4,QF,still_alive_or_champion,9,2.25,2026-06-03T03:36:09.871Z
J-J30-ARM-2026-004,J30 Yerevan,J30,2026-06-01,2026-06-06,800712142,Iacopo Rota Sperti,ITA,B,Boys,doubles,main_draw,1,0,1,1,1st Round,4,R16,eliminated,5,1.25,2026-06-03T03:36:09.871Z
J-J30-ARM-2026-004,J30 Yerevan,J30,2026-06-01,2026-06-06,800682957,Kesane Bliadze,GEO,G,Girls,doubles,main_draw,1,0,1,1,1st Round,4,R16,eliminated,5,1.25,2026-06-03T03:36:09.871Z
J-J30-ARM-2026-004,J30 Yerevan,J30,2026-06-01,2026-06-06,800756545,Kirill Volgushev,RUS,B,Boys,doubles,main_draw,1,0,1,1,1st Round,4,R16,eliminated,5,1.25,2026-06-03T03:36:09.871Z
J-J30-ARM-2026-004,J30 Yerevan,J30,2026-06-01,2026-06-06,800680192,Konstantinos Lefakis,GRE,B,Boys,doubles,main_draw,1,0,1,1,1st Round,4,R16,eliminated,5,1.25,2026-06-03T03:36:09.871Z
J-J30-ARM-2026-004,J30 Yerevan,J30,2026-06-01,2026-06-06,800752714,Lapo Fabrizi,ITA,B,Boys,doubles,main_draw,1,0,1,1,1st Round,4,R16,eliminated,5,1.25,2026-06-03T03:36:09.871Z
J-J30-ARM-2026-004,J30 Yerevan,J30,2026-06-01,2026-06-06,800638708,Lilit Antonyan,ARM,G,Girls,doubles,main_draw,1,0,1,1,1st Round,4,R16,eliminated,5,1.25,2026-06-03T03:36:09.871Z
J-J30-ARM-2026-004,J30 Yerevan,J30,2026-06-01,2026-06-06,800664137,Malika Bolatova,KAZ,G,Girls,doubles,main_draw,1,0,1,1,1st Round,4,R16,eliminated,5,1.25,2026-06-03T03:36:09.871Z
J-J30-ARM-2026-004,J30 Yerevan,J30,2026-06-01,2026-06-06,800694865,Manvel Aghayan,ARM,B,Boys,doubles,main_draw,1,0,1,1,1st Round,4,R16,eliminated,5,1.25,2026-06-03T03:36:09.871Z
J-J30-ARM-2026-004,J30 Yerevan,J30,2026-06-01,2026-06-06,800703450,Marco Brignoli,ITA,B,Boys,doubles,main_draw,1,0,1,1,1st Round,4,R16,eliminated,5,1.25,2026-06-03T03:36:09.871Z
J-J30-ARM-2026-004,J30 Yerevan,J30,2026-06-01,2026-06-06,800811833,Margarita Gavrilova,RUS,G,Girls,doubles,main_draw,1,1,0,2,Quarter-finals,4,QF,still_alive_or_champion,9,2.25,2026-06-03T03:36:09.871Z
J-J30-ARM-2026-004,J30 Yerevan,J30,2026-06-01,2026-06-06,800691462,Maria Azizyan,ARM,G,Girls,doubles,main_draw,1,0,1,1,1st Round,4,R16,eliminated,5,1.25,2026-06-03T03:36:09.871Z
J-J30-ARM-2026-004,J30 Yerevan,J30,2026-06-01,2026-06-06,800689938,Mariia Maltseva,RUS,G,Girls,doubles,main_draw,1,1,0,2,Quarter-finals,4,QF,still_alive_or_champion,9,2.25,2026-06-03T03:36:09.871Z
J-J30-ARM-2026-004,J30 Yerevan,J30,2026-06-01,2026-06-06,800805939,Mariia Sosunova,RUS,G,Girls,doubles,main_draw,1,1,0,2,Quarter-finals,4,QF,still_alive_or_champion,9,2.25,2026-06-03T03:36:09.871Z
J-J30-ARM-2026-004,J30 Yerevan,J30,2026-06-01,2026-06-06,800800420,Mariya Yakimenko,UZB,G,Girls,doubles,main_draw,1,0,1,1,1st Round,4,R16,eliminated,5,1.25,2026-06-03T03:36:09.871Z
J-J30-ARM-2026-004,J30 Yerevan,J30,2026-06-01,2026-06-06,800707557,Nazik Geghamyan,ARM,G,Girls,doubles,main_draw,1,0,1,1,1st Round,4,R16,eliminated,5,1.25,2026-06-03T03:36:09.871Z
J-J30-ARM-2026-004,J30 Yerevan,J30,2026-06-01,2026-06-06,800652983,Nelson Gregor,AUT,B,Boys,doubles,main_draw,1,1,0,2,Quarter-finals,4,QF,still_alive_or_champion,9,2.25,2026-06-03T03:36:09.871Z
J-J30-ARM-2026-004,J30 Yerevan,J30,2026-06-01,2026-06-06,800695032,Nikita Kochegarov,RUS,B,Boys,doubles,main_draw,1,0,1,1,1st Round,4,R16,eliminated,5,1.25,2026-06-03T03:36:09.871Z
J-J30-ARM-2026-004,J30 Yerevan,J30,2026-06-01,2026-06-06,800746908,Nikoloz Basaria,GEO,B,Boys,doubles,main_draw,1,0,1,1,1st Round,4,R16,eliminated,5,1.25,2026-06-03T03:36:09.871Z
J-J30-ARM-2026-004,J30 Yerevan,J30,2026-06-01,2026-06-06,800742690,Nini Nikolaishvili,GEO,G,Girls,doubles,main_draw,1,0,1,1,1st Round,4,R16,eliminated,5,1.25,2026-06-03T03:36:09.871Z
J-J30-ARM-2026-004,J30 Yerevan,J30,2026-06-01,2026-06-06,800783736,Nutsa Giorgadze,GEO,G,Girls,doubles,main_draw,1,0,1,1,1st Round,4,R16,eliminated,5,1.25,2026-06-03T03:36:09.871Z
J-J30-ARM-2026-004,J30 Yerevan,J30,2026-06-01,2026-06-06,800646335,Patrick Grigore,ROU,B,Boys,doubles,main_draw,1,1,0,2,Quarter-finals,4,QF,still_alive_or_champion,9,2.25,2026-06-03T03:36:09.871Z
J-J30-ARM-2026-004,J30 Yerevan,J30,2026-06-01,2026-06-06,800784770,Polina Pukhova,RUS,G,Girls,doubles,main_draw,1,1,0,2,Quarter-finals,4,QF,still_alive_or_champion,9,2.25,2026-06-03T03:36:09.871Z
J-J30-ARM-2026-004,J30 Yerevan,J30,2026-06-01,2026-06-06,800594994,Sofi Gidachyan,ARM,G,Girls,doubles,main_draw,1,0,1,1,1st Round,4,R16,eliminated,5,1.25,2026-06-03T03:36:09.871Z
J-J30-ARM-2026-004,J30 Yerevan,J30,2026-06-01,2026-06-06,800623358,Sofia Popova,RUS,G,Girls,doubles,main_draw,1,1,0,2,Quarter-finals,4,QF,still_alive_or_champion,9,2.25,2026-06-03T03:36:09.871Z
J-J30-ARM-2026-004,J30 Yerevan,J30,2026-06-01,2026-06-06,800704223,Sofia Tikus,UKR,G,Girls,doubles,main_draw,1,0,1,1,1st Round,4,R16,eliminated,5,1.25,2026-06-03T03:36:09.871Z
J-J30-ARM-2026-004,J30 Yerevan,J30,2026-06-01,2026-06-06,800857171,Sofiya Zakharevich,BLR,G,Girls,doubles,main_draw,1,1,0,2,Quarter-finals,4,QF,still_alive_or_champion,9,2.25,2026-06-03T03:36:09.871Z
J-J30-ARM-2026-004,J30 Yerevan,J30,2026-06-01,2026-06-06,800677031,Stefaniia Nikitina,RUS,G,Girls,doubles,main_draw,1,1,0,2,Quarter-finals,4,QF,still_alive_or_champion,9,2.25,2026-06-03T03:36:09.871Z
J-J30-ARM-2026-004,J30 Yerevan,J30,2026-06-01,2026-06-06,800780896,Tamar Gobechia,GEO,G,Girls,doubles,main_draw,1,0,1,1,1st Round,4,R16,eliminated,5,1.25,2026-06-03T03:36:09.871Z
J-J30-ARM-2026-004,J30 Yerevan,J30,2026-06-01,2026-06-06,800697347,Timofei Malashchenko,RUS,B,Boys,doubles,main_draw,1,0,1,1,1st Round,4,R16,eliminated,5,1.25,2026-06-03T03:36:09.871Z
J-J30-ARM-2026-004,J30 Yerevan,J30,2026-06-01,2026-06-06,800631676,Vadim Savlev,RUS,B,Boys,doubles,main_draw,1,1,0,2,Quarter-finals,4,QF,still_alive_or_champion,9,2.25,2026-06-03T03:36:09.871Z
J-J30-ARM-2026-004,J30 Yerevan,J30,2026-06-01,2026-06-06,800725223,Veronika Dogaeva,RUS,G,Girls,doubles,main_draw,1,0,1,1,1st Round,4,R16,eliminated,5,1.25,2026-06-03T03:36:09.871Z
J-J30-ARM-2026-004,J30 Yerevan,J30,2026-06-01,2026-06-06,800870254,Viktoriia Safonova,RUS,G,Girls,doubles,main_draw,1,1,0,2,Quarter-finals,4,QF,still_alive_or_champion,9,2.25,2026-06-03T03:36:09.871Z
J-J30-ARM-2026-004,J30 Yerevan,J30,2026-06-01,2026-06-06,800661958,Vincent Visker,GER,B,Boys,doubles,main_draw,1,1,0,2,Quarter-finals,4,QF,still_alive_or_champion,9,2.25,2026-06-03T03:36:09.871Z
J-J30-ARM-2026-004,J30 Yerevan,J30,2026-06-01,2026-06-06,800829721,Yaroslav Konoplyanko,RUS,B,Boys,doubles,main_draw,1,1,0,2,Quarter-finals,4,QF,still_alive_or_champion,9,2.25,2026-06-03T03:36:09.871Z
J-J30-ARM-2026-004,J30 Yerevan,J30,2026-06-01,2026-06-06,800707824,Zuka Kacheishvili,GEO,B,Boys,doubles,main_draw,1,1,0,2,Quarter-finals,4,QF,still_alive_or_champion,9,2.25,2026-06-03T03:36:09.871Z
J-J30-ARM-2026-004,J30 Yerevan,J30,2026-06-01,2026-06-06,800683058,zurab khizambareli,GEO,B,Boys,doubles,main_draw,1,1,0,2,Quarter-finals,4,QF,still_alive_or_champion,9,2.25,2026-06-03T03:36:09.871Z
J-J30-ARM-2026-004,J30 Yerevan,J30,2026-06-01,2026-06-06,800845172,Adam Horak,CZE,B,Boys,singles,qualifying,1,0,1,2,Quarter-finals,2,Q1,eliminated,0,0,2026-06-03T03:36:09.871Z
J-J30-ARM-2026-004,J30 Yerevan,J30,2026-06-01,2026-06-06,800825441,Agunda Agkatseva,RUS,G,Girls,singles,main_draw,1,1,0,2,2nd Round,5,R16,still_alive_or_champion,5,5,2026-06-03T03:36:09.871Z
J-J30-ARM-2026-004,J30 Yerevan,J30,2026-06-01,2026-06-06,800825441,Agunda Agkatseva,RUS,G,Girls,singles,qualifying,0,0,0,1,Quarter-finals,1,Q1,not_started_or_unknown,0,0,2026-06-03T03:36:09.871Z
J-J30-ARM-2026-004,J30 Yerevan,J30,2026-06-01,2026-06-06,800732186,Aksiniia Velikolug,RUS,G,Girls,singles,main_draw,1,0,1,1,1st Round,5,R32,eliminated,2,2,2026-06-03T03:36:09.871Z
J-J30-ARM-2026-004,J30 Yerevan,J30,2026-06-01,2026-06-06,800662210,Albert Aznavuryan,ARM,B,Boys,singles,main_draw,1,0,1,1,1st Round,5,R32,eliminated,2,2,2026-06-03T03:36:09.871Z
J-J30-ARM-2026-004,J30 Yerevan,J30,2026-06-01,2026-06-06,800807207,Albert Khalatyan,RUS,B,Boys,singles,main_draw,1,1,0,2,2nd Round,5,R16,still_alive_or_champion,5,5,2026-06-03T03:36:09.871Z
J-J30-ARM-2026-004,J30 Yerevan,J30,2026-06-01,2026-06-06,800674670,Aleksandr Ponomarev,RUS,B,Boys,singles,main_draw,1,1,0,2,2nd Round,5,R16,still_alive_or_champion,5,5,2026-06-03T03:36:09.871Z
J-J30-ARM-2026-004,J30 Yerevan,J30,2026-06-01,2026-06-06,800840980,Aleksandra Kalashnikova,RUS,G,Girls,singles,main_draw,1,1,0,2,2nd Round,5,R16,still_alive_or_champion,5,5,2026-06-03T03:36:09.871Z
J-J30-ARM-2026-004,J30 Yerevan,J30,2026-06-01,2026-06-06,800741407,Alexander Orlov,GEO,B,Boys,singles,main_draw,1,0,1,1,1st Round,5,R32,eliminated,2,2,2026-06-03T03:36:09.871Z
J-J30-ARM-2026-004,J30 Yerevan,J30,2026-06-01,2026-06-06,800794038,Alexandra Kolesnikova,RUS,G,Girls,singles,main_draw,1,1,0,2,2nd Round,5,R16,still_alive_or_champion,5,5,2026-06-03T03:36:09.871Z
J-J30-ARM-2026-004,J30 Yerevan,J30,2026-06-01,2026-06-06,800794038,Alexandra Kolesnikova,RUS,G,Girls,singles,qualifying,1,1,0,1,Quarter-finals,1,Q,still_alive_or_champion,0,0,2026-06-03T03:36:09.871Z
J-J30-ARM-2026-004,J30 Yerevan,J30,2026-06-01,2026-06-06,800863082,Alina Trifonova,RUS,G,Girls,singles,main_draw,1,0,1,1,1st Round,5,R32,eliminated,2,2,2026-06-03T03:36:09.871Z
J-J30-ARM-2026-004,J30 Yerevan,J30,2026-06-01,2026-06-06,800863082,Alina Trifonova,RUS,G,Girls,singles,qualifying,1,1,0,1,Quarter-finals,1,Q,still_alive_or_champion,0,0,2026-06-03T03:36:09.871Z
J-J30-ARM-2026-004,J30 Yerevan,J30,2026-06-01,2026-06-06,800685136,Anatolii Voskresenskii,RUS,B,Boys,singles,main_draw,1,0,1,1,1st Round,5,R32,eliminated,2,2,2026-06-03T03:36:09.871Z
J-J30-ARM-2026-004,J30 Yerevan,J30,2026-06-01,2026-06-06,800864699,Andrey Bazunov,RUS,B,Boys,singles,main_draw,1,1,0,2,2nd Round,5,R16,still_alive_or_champion,5,5,2026-06-03T03:36:09.871Z
J-J30-ARM-2026-004,J30 Yerevan,J30,2026-06-01,2026-06-06,800864699,Andrey Bazunov,RUS,B,Boys,singles,qualifying,1,1,0,2,Quarter-finals,2,Q,still_alive_or_champion,0,0,2026-06-03T03:36:09.871Z
J-J30-ARM-2026-004,J30 Yerevan,J30,2026-06-01,2026-06-06,800639374,Andrey Golman,RUS,B,Boys,singles,main_draw,1,1,0,2,2nd Round,5,R16,still_alive_or_champion,5,5,2026-06-03T03:36:09.871Z
J-J30-ARM-2026-004,J30 Yerevan,J30,2026-06-01,2026-06-06,800639374,Andrey Golman,RUS,B,Boys,singles,qualifying,2,2,0,2,Quarter-finals,2,Q,still_alive_or_champion,0,0,2026-06-03T03:36:09.871Z
J-J30-ARM-2026-004,J30 Yerevan,J30,2026-06-01,2026-06-06,800753549,Arianna Grigorian,RUS,G,Girls,singles,main_draw,1,0,1,1,1st Round,5,R32,eliminated,2,2,2026-06-03T03:36:09.871Z
J-J30-ARM-2026-004,J30 Yerevan,J30,2026-06-01,2026-06-06,800697918,Arno Avetisyan,ARM,B,Boys,singles,main_draw,1,1,0,2,2nd Round,5,R16,still_alive_or_champion,5,5,2026-06-03T03:36:09.871Z
J-J30-ARM-2026-004,J30 Yerevan,J30,2026-06-01,2026-06-06,800654035,Artsiom Askirka,BLR,B,Boys,singles,main_draw,1,1,0,2,2nd Round,5,R16,still_alive_or_champion,5,5,2026-06-03T03:36:09.871Z
J-J30-ARM-2026-004,J30 Yerevan,J30,2026-06-01,2026-06-06,800804318,Ben Brigdale,IRL,B,Boys,singles,main_draw,1,0,1,1,1st Round,5,R32,eliminated,2,2,2026-06-03T03:36:09.871Z
J-J30-ARM-2026-004,J30 Yerevan,J30,2026-06-01,2026-06-06,800814761,Boris Vorobyev,RUS,B,Boys,singles,main_draw,1,1,0,2,2nd Round,5,R16,still_alive_or_champion,5,5,2026-06-03T03:36:09.871Z
J-J30-ARM-2026-004,J30 Yerevan,J30,2026-06-01,2026-06-06,800714383,Ciaran McKenna,IRL,B,Boys,singles,main_draw,1,1,0,2,2nd Round,5,R16,still_alive_or_champion,5,5,2026-06-03T03:36:09.871Z
J-J30-ARM-2026-004,J30 Yerevan,J30,2026-06-01,2026-06-06,800709785,David Ambartsumyan,ARM,B,Boys,singles,qualifying,1,0,1,1,1st Round,2,Q1,eliminated,0,0,2026-06-03T03:36:09.871Z
J-J30-ARM-2026-004,J30 Yerevan,J30,2026-06-01,2026-06-06,800592193,Davit Poghosyan,ARM,B,Boys,singles,main_draw,1,1,0,2,2nd Round,5,R16,still_alive_or_champion,5,5,2026-06-03T03:36:09.871Z
J-J30-ARM-2026-004,J30 Yerevan,J30,2026-06-01,2026-06-06,800712637,Diana Fender,RUS,G,Girls,singles,main_draw,1,1,0,2,2nd Round,5,R16,still_alive_or_champion,5,5,2026-06-03T03:36:09.871Z
J-J30-ARM-2026-004,J30 Yerevan,J30,2026-06-01,2026-06-06,800712637,Diana Fender,RUS,G,Girls,singles,qualifying,0,0,0,1,Quarter-finals,1,Q1,not_started_or_unknown,0,0,2026-06-03T03:36:09.871Z
J-J30-ARM-2026-004,J30 Yerevan,J30,2026-06-01,2026-06-06,800818929,Dmitriy Shchelokov,RUS,B,Boys,singles,main_draw,1,0,1,1,1st Round,5,R32,eliminated,2,2,2026-06-03T03:36:09.871Z
J-J30-ARM-2026-004,J30 Yerevan,J30,2026-06-01,2026-06-06,800745801,Elizabeth Aznavuryan,ARM,G,Girls,singles,main_draw,1,0,1,1,1st Round,5,R32,eliminated,2,2,2026-06-03T03:36:09.871Z
J-J30-ARM-2026-004,J30 Yerevan,J30,2026-06-01,2026-06-06,800645823,Elizaveta Privalova,RUS,G,Girls,singles,main_draw,1,1,0,2,2nd Round,5,R16,still_alive_or_champion,5,5,2026-06-03T03:36:09.871Z
J-J30-ARM-2026-004,J30 Yerevan,J30,2026-06-01,2026-06-06,800735712,Elizaveta Riabukhina,RUS,G,Girls,singles,main_draw,1,1,0,2,2nd Round,5,R16,still_alive_or_champion,5,5,2026-06-03T03:36:09.871Z
J-J30-ARM-2026-004,J30 Yerevan,J30,2026-06-01,2026-06-06,800759125,Evgenia TERZAKIS,GRE,G,Girls,singles,main_draw,1,0,1,1,1st Round,5,R32,eliminated,2,2,2026-06-03T03:36:09.871Z
J-J30-ARM-2026-004,J30 Yerevan,J30,2026-06-01,2026-06-06,800860554,Evgenii Zavalishin,RUS,B,Boys,singles,qualifying,2,1,1,2,Quarter-finals,2,Q2,eliminated,0,0,2026-06-03T03:36:09.871Z
J-J30-ARM-2026-004,J30 Yerevan,J30,2026-06-01,2026-06-06,800711680,Frederik Scheer,AUT,B,Boys,singles,main_draw,1,1,0,2,2nd Round,5,R16,still_alive_or_champion,5,5,2026-06-03T03:36:09.871Z
J-J30-ARM-2026-004,J30 Yerevan,J30,2026-06-01,2026-06-06,800864488,Gabrieli Gigashvili,GEO,B,Boys,singles,qualifying,1,0,1,1,1st Round,2,Q1,eliminated,0,0,2026-06-03T03:36:09.871Z
J-J30-ARM-2026-004,J30 Yerevan,J30,2026-06-01,2026-06-06,800695570,George Margiev,RUS,B,Boys,singles,main_draw,1,1,0,2,2nd Round,5,R16,still_alive_or_champion,5,5,2026-06-03T03:36:09.871Z
J-J30-ARM-2026-004,J30 Yerevan,J30,2026-06-01,2026-06-06,800695570,George Margiev,RUS,B,Boys,singles,qualifying,2,2,0,2,Quarter-finals,2,Q,still_alive_or_champion,0,0,2026-06-03T03:36:09.871Z
J-J30-ARM-2026-004,J30 Yerevan,J30,2026-06-01,2026-06-06,800712142,Iacopo Rota Sperti,ITA,B,Boys,singles,main_draw,1,0,1,1,1st Round,5,R32,eliminated,2,2,2026-06-03T03:36:09.871Z
J-J30-ARM-2026-004,J30 Yerevan,J30,2026-06-01,2026-06-06,800691804,Ivan Leontev,RUS,B,Boys,singles,qualifying,2,1,1,2,Quarter-finals,2,Q2,eliminated,0,0,2026-06-03T03:36:09.871Z
J-J30-ARM-2026-004,J30 Yerevan,J30,2026-06-01,2026-06-06,800682957,Kesane Bliadze,GEO,G,Girls,singles,main_draw,1,0,1,1,1st Round,5,R32,eliminated,2,2,2026-06-03T03:36:09.871Z
J-J30-ARM-2026-004,J30 Yerevan,J30,2026-06-01,2026-06-06,800821912,Kirill Demchenko,RUS,B,Boys,singles,qualifying,0,0,0,1,1st Round,2,Q1,not_started_or_unknown,0,0,2026-06-03T03:36:09.871Z
J-J30-ARM-2026-004,J30 Yerevan,J30,2026-06-01,2026-06-06,800756545,Kirill Volgushev,RUS,B,Boys,singles,main_draw,1,0,1,1,1st Round,5,R32,eliminated,2,2,2026-06-03T03:36:09.871Z
J-J30-ARM-2026-004,J30 Yerevan,J30,2026-06-01,2026-06-06,800680192,Konstantinos Lefakis,GRE,B,Boys,singles,main_draw,1,0,1,1,1st Round,5,R32,eliminated,2,2,2026-06-03T03:36:09.871Z
J-J30-ARM-2026-004,J30 Yerevan,J30,2026-06-01,2026-06-06,800752714,Lapo Fabrizi,ITA,B,Boys,singles,main_draw,1,0,1,1,1st Round,5,R32,eliminated,2,2,2026-06-03T03:36:09.871Z
J-J30-ARM-2026-004,J30 Yerevan,J30,2026-06-01,2026-06-06,800638708,Lilit Antonyan,ARM,G,Girls,singles,main_draw,1,0,1,1,1st Round,5,R32,eliminated,2,2,2026-06-03T03:36:09.871Z
J-J30-ARM-2026-004,J30 Yerevan,J30,2026-06-01,2026-06-06,800664137,Malika Bolatova,KAZ,G,Girls,singles,main_draw,1,0,1,1,1st Round,5,R32,eliminated,2,2,2026-06-03T03:36:09.871Z
J-J30-ARM-2026-004,J30 Yerevan,J30,2026-06-01,2026-06-06,800694865,Manvel Aghayan,ARM,B,Boys,singles,main_draw,1,0,1,1,1st Round,5,R32,eliminated,2,2,2026-06-03T03:36:09.871Z
J-J30-ARM-2026-004,J30 Yerevan,J30,2026-06-01,2026-06-06,800703450,Marco Brignoli,ITA,B,Boys,singles,main_draw,1,0,1,1,1st Round,5,R32,eliminated,2,2,2026-06-03T03:36:09.871Z
J-J30-ARM-2026-004,J30 Yerevan,J30,2026-06-01,2026-06-06,800811833,Margarita Gavrilova,RUS,G,Girls,singles,main_draw,1,0,1,1,1st Round,5,R32,eliminated,2,2,2026-06-03T03:36:09.871Z
J-J30-ARM-2026-004,J30 Yerevan,J30,2026-06-01,2026-06-06,800691462,Maria Azizyan,ARM,G,Girls,singles,main_draw,1,1,0,2,2nd Round,5,R16,still_alive_or_champion,5,5,2026-06-03T03:36:09.871Z
J-J30-ARM-2026-004,J30 Yerevan,J30,2026-06-01,2026-06-06,800689938,Mariia Maltseva,RUS,G,Girls,singles,main_draw,1,1,0,2,2nd Round,5,R16,still_alive_or_champion,5,5,2026-06-03T03:36:09.871Z
J-J30-ARM-2026-004,J30 Yerevan,J30,2026-06-01,2026-06-06,800805939,Mariia Sosunova,RUS,G,Girls,singles,main_draw,1,1,0,2,2nd Round,5,R16,still_alive_or_champion,5,5,2026-06-03T03:36:09.871Z
J-J30-ARM-2026-004,J30 Yerevan,J30,2026-06-01,2026-06-06,800800420,Mariya Yakimenko,UZB,G,Girls,singles,main_draw,1,0,1,1,1st Round,5,R32,eliminated,2,2,2026-06-03T03:36:09.871Z
J-J30-ARM-2026-004,J30 Yerevan,J30,2026-06-01,2026-06-06,800707557,Nazik Geghamyan,ARM,G,Girls,singles,main_draw,1,0,1,1,1st Round,5,R32,eliminated,2,2,2026-06-03T03:36:09.871Z
J-J30-ARM-2026-004,J30 Yerevan,J30,2026-06-01,2026-06-06,800652983,Nelson Gregor,AUT,B,Boys,singles,main_draw,1,0,1,1,1st Round,5,R32,eliminated,2,2,2026-06-03T03:36:09.871Z
J-J30-ARM-2026-004,J30 Yerevan,J30,2026-06-01,2026-06-06,800695032,Nikita Kochegarov,RUS,B,Boys,singles,main_draw,1,0,1,1,1st Round,5,R32,eliminated,2,2,2026-06-03T03:36:09.871Z
J-J30-ARM-2026-004,J30 Yerevan,J30,2026-06-01,2026-06-06,800695032,Nikita Kochegarov,RUS,B,Boys,singles,qualifying,1,0,1,2,Quarter-finals,2,Q1,eliminated,0,0,2026-06-03T03:36:09.871Z
J-J30-ARM-2026-004,J30 Yerevan,J30,2026-06-01,2026-06-06,800746908,Nikoloz Basaria,GEO,B,Boys,singles,main_draw,1,0,1,1,1st Round,5,R32,eliminated,2,2,2026-06-03T03:36:09.871Z
J-J30-ARM-2026-004,J30 Yerevan,J30,2026-06-01,2026-06-06,800742690,Nini Nikolaishvili,GEO,G,Girls,singles,main_draw,1,0,1,1,1st Round,5,R32,eliminated,2,2,2026-06-03T03:36:09.871Z
J-J30-ARM-2026-004,J30 Yerevan,J30,2026-06-01,2026-06-06,800676779,Nino Toria,GEO,G,Girls,singles,main_draw,1,1,0,2,2nd Round,5,R16,still_alive_or_champion,5,5,2026-06-03T03:36:09.871Z
J-J30-ARM-2026-004,J30 Yerevan,J30,2026-06-01,2026-06-06,800783736,Nutsa Giorgadze,GEO,G,Girls,singles,main_draw,1,1,0,2,2nd Round,5,R16,still_alive_or_champion,5,5,2026-06-03T03:36:09.871Z
J-J30-ARM-2026-004,J30 Yerevan,J30,2026-06-01,2026-06-06,800646335,Patrick Grigore,ROU,B,Boys,singles,main_draw,1,1,0,2,2nd Round,5,R16,still_alive_or_champion,5,5,2026-06-03T03:36:09.871Z
J-J30-ARM-2026-004,J30 Yerevan,J30,2026-06-01,2026-06-06,800784770,Polina Pukhova,RUS,G,Girls,singles,main_draw,1,1,0,2,2nd Round,5,R16,still_alive_or_champion,5,5,2026-06-03T03:36:09.871Z
J-J30-ARM-2026-004,J30 Yerevan,J30,2026-06-01,2026-06-06,800716914,Samvel Gevorgyan,ARM,B,Boys,singles,main_draw,1,0,1,1,1st Round,5,R32,eliminated,2,2,2026-06-03T03:36:09.871Z
J-J30-ARM-2026-004,J30 Yerevan,J30,2026-06-01,2026-06-06,800594994,Sofi Gidachyan,ARM,G,Girls,singles,main_draw,1,1,0,2,2nd Round,5,R16,still_alive_or_champion,5,5,2026-06-03T03:36:09.871Z
J-J30-ARM-2026-004,J30 Yerevan,J30,2026-06-01,2026-06-06,800623358,Sofia Popova,RUS,G,Girls,singles,main_draw,1,1,0,2,2nd Round,5,R16,still_alive_or_champion,5,5,2026-06-03T03:36:09.871Z
J-J30-ARM-2026-004,J30 Yerevan,J30,2026-06-01,2026-06-06,800704223,Sofia Tikus,UKR,G,Girls,singles,main_draw,1,1,0,2,2nd Round,5,R16,still_alive_or_champion,5,5,2026-06-03T03:36:09.871Z
J-J30-ARM-2026-004,J30 Yerevan,J30,2026-06-01,2026-06-06,800857171,Sofiya Zakharevich,BLR,G,Girls,singles,qualifying,1,0,1,1,Quarter-finals,1,Q1,eliminated,0,0,2026-06-03T03:36:09.871Z
J-J30-ARM-2026-004,J30 Yerevan,J30,2026-06-01,2026-06-06,800677031,Stefaniia Nikitina,RUS,G,Girls,singles,main_draw,1,1,0,2,2nd Round,5,R16,still_alive_or_champion,5,5,2026-06-03T03:36:09.871Z
J-J30-ARM-2026-004,J30 Yerevan,J30,2026-06-01,2026-06-06,800738154,Taisiia Zubkova,RUS,G,Girls,singles,main_draw,1,0,1,1,1st Round,5,R32,eliminated,2,2,2026-06-03T03:36:09.871Z
J-J30-ARM-2026-004,J30 Yerevan,J30,2026-06-01,2026-06-06,800780896,Tamar Gobechia,GEO,G,Girls,singles,main_draw,1,0,1,1,1st Round,5,R32,eliminated,2,2,2026-06-03T03:36:09.871Z
J-J30-ARM-2026-004,J30 Yerevan,J30,2026-06-01,2026-06-06,800697347,Timofei Malashchenko,RUS,B,Boys,singles,main_draw,1,0,1,1,1st Round,5,R32,eliminated,2,2,2026-06-03T03:36:09.871Z
J-J30-ARM-2026-004,J30 Yerevan,J30,2026-06-01,2026-06-06,800726013,Timofei Zaharov,RUS,B,Boys,singles,qualifying,1,0,1,1,1st Round,2,Q1,eliminated,0,0,2026-06-03T03:36:09.871Z
J-J30-ARM-2026-004,J30 Yerevan,J30,2026-06-01,2026-06-06,800631676,Vadim Savlev,RUS,B,Boys,singles,main_draw,1,1,0,2,2nd Round,5,R16,still_alive_or_champion,5,5,2026-06-03T03:36:09.871Z
J-J30-ARM-2026-004,J30 Yerevan,J30,2026-06-01,2026-06-06,800631676,Vadim Savlev,RUS,B,Boys,singles,qualifying,1,1,0,2,Quarter-finals,2,Q,still_alive_or_champion,0,0,2026-06-03T03:36:09.871Z
J-J30-ARM-2026-004,J30 Yerevan,J30,2026-06-01,2026-06-06,800725223,Veronika Dogaeva,RUS,G,Girls,singles,main_draw,1,0,1,1,1st Round,5,R32,eliminated,2,2,2026-06-03T03:36:09.871Z
J-J30-ARM-2026-004,J30 Yerevan,J30,2026-06-01,2026-06-06,800870254,Viktoriia Safonova,RUS,G,Girls,singles,main_draw,1,0,1,1,1st Round,5,R32,eliminated,2,2,2026-06-03T03:36:09.871Z
J-J30-ARM-2026-004,J30 Yerevan,J30,2026-06-01,2026-06-06,800870254,Viktoriia Safonova,RUS,G,Girls,singles,qualifying,1,0,1,1,Quarter-finals,1,Q1,eliminated,0,0,2026-06-03T03:36:09.871Z
J-J30-ARM-2026-004,J30 Yerevan,J30,2026-06-01,2026-06-06,800661958,Vincent Visker,GER,B,Boys,singles,main_draw,1,1,0,2,2nd Round,5,R16,still_alive_or_champion,5,5,2026-06-03T03:36:09.871Z
J-J30-ARM-2026-004,J30 Yerevan,J30,2026-06-01,2026-06-06,800829721,Yaroslav Konoplyanko,RUS,B,Boys,singles,qualifying,1,0,1,1,1st Round,2,Q1,eliminated,0,0,2026-06-03T03:36:09.871Z
J-J30-ARM-2026-004,J30 Yerevan,J30,2026-06-01,2026-06-06,800707824,Zuka Kacheishvili,GEO,B,Boys,singles,main_draw,1,1,0,2,2nd Round,5,R16,still_alive_or_champion,5,5,2026-06-03T03:36:09.871Z
J-J30-ARM-2026-004,J30 Yerevan,J30,2026-06-01,2026-06-06,800683058,zurab khizambareli,GEO,B,Boys,singles,main_draw,1,1,0,2,2nd Round,5,R16,still_alive_or_champion,5,5,2026-06-03T03:36:09.871Z
J-J60-AZE-2026-001,J60 Baku,J60,2026-06-02,2026-06-07,800739756,Aiyari Kuanshaliyeva,KAZ,G,Girls,doubles,main_draw,0,0,0,1,1st Round,4,R16,not_started_or_unknown,11,2.75,2026-06-03T03:36:09.871Z
J-J60-AZE-2026-001,J60 Baku,J60,2026-06-02,2026-06-07,800660572,Akmal Abdullaev,UZB,B,Boys,doubles,main_draw,0,0,0,2,Quarter-finals,4,R16,not_started_or_unknown,11,2.75,2026-06-03T03:36:09.871Z
J-J60-AZE-2026-001,J60 Baku,J60,2026-06-02,2026-06-07,800683528,Aleksandr Chernukhin,RUS,B,Boys,doubles,main_draw,1,1,0,2,Quarter-finals,4,QF,still_alive_or_champion,18,4.5,2026-06-03T03:36:09.871Z
J-J60-AZE-2026-001,J60 Baku,J60,2026-06-02,2026-06-07,800773356,Alexander Burmakin,RUS,B,Boys,doubles,main_draw,0,0,0,2,Quarter-finals,4,R16,not_started_or_unknown,11,2.75,2026-06-03T03:36:09.871Z
J-J60-AZE-2026-001,J60 Baku,J60,2026-06-02,2026-06-07,800782955,Alexander Kuzichev,RUS,B,Boys,doubles,main_draw,1,0,1,1,1st Round,4,R16,eliminated,11,2.75,2026-06-03T03:36:09.871Z
J-J60-AZE-2026-001,J60 Baku,J60,2026-06-02,2026-06-07,800650753,Alexandra Talina,RUS,G,Girls,doubles,main_draw,0,0,0,2,Quarter-finals,4,R16,not_started_or_unknown,11,2.75,2026-06-03T03:36:09.871Z
J-J60-AZE-2026-001,J60 Baku,J60,2026-06-02,2026-06-07,800844814,Alina Hrabavets,BLR,G,Girls,doubles,main_draw,0,0,0,1,1st Round,4,R16,not_started_or_unknown,11,2.75,2026-06-03T03:36:09.871Z
J-J60-AZE-2026-001,J60 Baku,J60,2026-06-02,2026-06-07,800828657,Alina Zavarzina,RUS,G,Girls,doubles,main_draw,0,0,0,1,1st Round,4,R16,not_started_or_unknown,11,2.75,2026-06-03T03:36:09.871Z
J-J60-AZE-2026-001,J60 Baku,J60,2026-06-02,2026-06-07,800639017,Alisa Korovina,RUS,G,Girls,doubles,main_draw,0,0,0,1,1st Round,4,R16,not_started_or_unknown,11,2.75,2026-06-03T03:36:09.871Z
J-J60-AZE-2026-001,J60 Baku,J60,2026-06-02,2026-06-07,800691385,Alisa Lukianova,RUS,G,Girls,doubles,main_draw,0,0,0,1,1st Round,4,R16,not_started_or_unknown,11,2.75,2026-06-03T03:36:09.871Z
J-J60-AZE-2026-001,J60 Baku,J60,2026-06-02,2026-06-07,800820243,Amalia Ignatenko,RUS,G,Girls,doubles,main_draw,0,0,0,1,1st Round,4,R16,not_started_or_unknown,11,2.75,2026-06-03T03:36:09.871Z
J-J60-AZE-2026-001,J60 Baku,J60,2026-06-02,2026-06-07,800670415,Andriy Maksymenko,UKR,B,Boys,doubles,main_draw,1,1,0,2,Quarter-finals,4,QF,still_alive_or_champion,18,4.5,2026-06-03T03:36:09.871Z
J-J60-AZE-2026-001,J60 Baku,J60,2026-06-02,2026-06-07,800780120,Anna Kulikova,RUS,G,Girls,doubles,main_draw,0,0,0,1,1st Round,4,R16,not_started_or_unknown,11,2.75,2026-06-03T03:36:09.871Z
J-J60-AZE-2026-001,J60 Baku,J60,2026-06-02,2026-06-07,800769901,Arda Ulusoy,TUR,B,Boys,doubles,main_draw,1,0,1,1,1st Round,4,R16,eliminated,11,2.75,2026-06-03T03:36:09.871Z
J-J60-AZE-2026-001,J60 Baku,J60,2026-06-02,2026-06-07,800624734,Arslan Bakiev,RUS,B,Boys,doubles,main_draw,1,1,0,2,Quarter-finals,4,QF,still_alive_or_champion,18,4.5,2026-06-03T03:36:09.871Z
J-J60-AZE-2026-001,J60 Baku,J60,2026-06-02,2026-06-07,800667615,Artem Mykoluik,UKR,B,Boys,doubles,main_draw,1,1,0,2,Quarter-finals,4,QF,still_alive_or_champion,18,4.5,2026-06-03T03:36:09.871Z
J-J60-AZE-2026-001,J60 Baku,J60,2026-06-02,2026-06-07,800632378,Artem Starikov,RUS,B,Boys,doubles,main_draw,1,0,1,1,1st Round,4,R16,eliminated,11,2.75,2026-06-03T03:36:09.871Z
J-J60-AZE-2026-001,J60 Baku,J60,2026-06-02,2026-06-07,800717371,Arthur Poussin,FRA,B,Boys,doubles,main_draw,1,0,1,1,1st Round,4,R16,eliminated,11,2.75,2026-06-03T03:36:09.871Z
J-J60-AZE-2026-001,J60 Baku,J60,2026-06-02,2026-06-07,800654383,Ayshan Karimli,AZE,G,Girls,doubles,main_draw,0,0,0,1,1st Round,4,R16,not_started_or_unknown,11,2.75,2026-06-03T03:36:09.871Z
J-J60-AZE-2026-001,J60 Baku,J60,2026-06-02,2026-06-07,800654999,Damir Sariev,RUS,B,Boys,doubles,main_draw,1,1,0,2,Quarter-finals,4,QF,still_alive_or_champion,18,4.5,2026-06-03T03:36:09.871Z
J-J60-AZE-2026-001,J60 Baku,J60,2026-06-02,2026-06-07,800805109,Daria Vasileva,RUS,G,Girls,doubles,main_draw,0,0,0,2,Quarter-finals,4,R16,not_started_or_unknown,11,2.75,2026-06-03T03:36:09.871Z
J-J60-AZE-2026-001,J60 Baku,J60,2026-06-02,2026-06-07,800783950,Ekaterine Arveladze,GEO,G,Girls,doubles,main_draw,0,0,0,1,1st Round,4,R16,not_started_or_unknown,11,2.75,2026-06-03T03:36:09.871Z
J-J60-AZE-2026-001,J60 Baku,J60,2026-06-02,2026-06-07,800660309,Eren Cavus,TUR,B,Boys,doubles,main_draw,1,1,0,2,Quarter-finals,4,QF,still_alive_or_champion,18,4.5,2026-06-03T03:36:09.871Z
J-J60-AZE-2026-001,J60 Baku,J60,2026-06-02,2026-06-07,800631884,Eva-Vlada Anicina-Dzhygurda,FRA,G,Girls,doubles,main_draw,0,0,0,1,1st Round,4,R16,not_started_or_unknown,11,2.75,2026-06-03T03:36:09.871Z
J-J60-AZE-2026-001,J60 Baku,J60,2026-06-02,2026-06-07,800711143,Evelina Dzepa,RUS,G,Girls,doubles,main_draw,0,0,0,1,1st Round,4,R16,not_started_or_unknown,11,2.75,2026-06-03T03:36:09.871Z
J-J60-AZE-2026-001,J60 Baku,J60,2026-06-02,2026-06-07,800660311,Hueseyin Tuna Cavus,TUR,B,Boys,doubles,main_draw,1,1,0,2,Quarter-finals,4,QF,still_alive_or_champion,18,4.5,2026-06-03T03:36:09.871Z
J-J60-AZE-2026-001,J60 Baku,J60,2026-06-02,2026-06-07,800661204,Iakov Mazin,RUS,B,Boys,doubles,main_draw,1,1,0,2,Quarter-finals,4,QF,still_alive_or_champion,18,4.5,2026-06-03T03:36:09.871Z
J-J60-AZE-2026-001,J60 Baku,J60,2026-06-02,2026-06-07,800659886,ILIA GEORGIADIS,RUS,B,Boys,doubles,main_draw,1,0,1,1,1st Round,4,R16,eliminated,11,2.75,2026-06-03T03:36:09.871Z
J-J60-AZE-2026-001,J60 Baku,J60,2026-06-02,2026-06-07,800718678,Leila Shakhmuradova,RUS,G,Girls,doubles,main_draw,0,0,0,2,Quarter-finals,4,R16,not_started_or_unknown,11,2.75,2026-06-03T03:36:09.871Z
J-J60-AZE-2026-001,J60 Baku,J60,2026-06-02,2026-06-07,800672773,Lilien Kubalova,SVK,G,Girls,doubles,main_draw,0,0,0,2,Quarter-finals,4,R16,not_started_or_unknown,11,2.75,2026-06-03T03:36:09.871Z
J-J60-AZE-2026-001,J60 Baku,J60,2026-06-02,2026-06-07,800660947,Luca Iliescu,FRA,B,Boys,doubles,main_draw,0,0,0,2,Quarter-finals,4,R16,not_started_or_unknown,11,2.75,2026-06-03T03:36:09.871Z
J-J60-AZE-2026-001,J60 Baku,J60,2026-06-02,2026-06-07,800684375,Maksim Serebrov,RUS,B,Boys,doubles,main_draw,1,1,0,2,Quarter-finals,4,QF,still_alive_or_champion,18,4.5,2026-06-03T03:36:09.871Z
J-J60-AZE-2026-001,J60 Baku,J60,2026-06-02,2026-06-07,800652378,Maria Borodacheva,RUS,G,Girls,doubles,main_draw,0,0,0,1,1st Round,4,R16,not_started_or_unknown,11,2.75,2026-06-03T03:36:09.871Z
J-J60-AZE-2026-001,J60 Baku,J60,2026-06-02,2026-06-07,800862916,Maria Gileva,RUS,G,Girls,doubles,main_draw,0,0,0,1,1st Round,4,R16,not_started_or_unknown,11,2.75,2026-06-03T03:36:09.871Z
J-J60-AZE-2026-001,J60 Baku,J60,2026-06-02,2026-06-07,800717653,MARIA MIZERNOVA,RUS,G,Girls,doubles,main_draw,0,0,0,1,1st Round,4,R16,not_started_or_unknown,11,2.75,2026-06-03T03:36:09.871Z
J-J60-AZE-2026-001,J60 Baku,J60,2026-06-02,2026-06-07,800662255,MELIS KESER,TUR,G,Girls,doubles,main_draw,0,0,0,1,1st Round,4,R16,not_started_or_unknown,11,2.75,2026-06-03T03:36:09.871Z
J-J60-AZE-2026-001,J60 Baku,J60,2026-06-02,2026-06-07,800643312,Mert Efe Zaim,TUR,B,Boys,doubles,main_draw,0,0,0,2,Quarter-finals,4,R16,not_started_or_unknown,11,2.75,2026-06-03T03:36:09.871Z
J-J60-AZE-2026-001,J60 Baku,J60,2026-06-02,2026-06-07,800631878,Mick-Angel Anicina-Dzhygurda,FRA,B,Boys,doubles,main_draw,1,0,1,1,1st Round,4,R16,eliminated,11,2.75,2026-06-03T03:36:09.871Z
J-J60-AZE-2026-001,J60 Baku,J60,2026-06-02,2026-06-07,800741348,Mir Poyraz Kocayusuf,TUR,B,Boys,doubles,main_draw,1,0,1,1,1st Round,4,R16,eliminated,11,2.75,2026-06-03T03:36:09.871Z
J-J60-AZE-2026-001,J60 Baku,J60,2026-06-02,2026-06-07,800783656,Nazim Melikov,AZE,B,Boys,doubles,main_draw,1,1,0,2,Quarter-finals,4,QF,still_alive_or_champion,18,4.5,2026-06-03T03:36:09.871Z
J-J60-AZE-2026-001,J60 Baku,J60,2026-06-02,2026-06-07,800648150,Petr Lifanov,RUS,B,Boys,doubles,main_draw,0,0,0,2,Quarter-finals,4,R16,not_started_or_unknown,11,2.75,2026-06-03T03:36:09.871Z
J-J60-AZE-2026-001,J60 Baku,J60,2026-06-02,2026-06-07,800755694,Polina Kashitsyna,RUS,G,Girls,doubles,main_draw,0,0,0,1,1st Round,4,R16,not_started_or_unknown,11,2.75,2026-06-03T03:36:09.871Z
J-J60-AZE-2026-001,J60 Baku,J60,2026-06-02,2026-06-07,800859922,Salome Cecxladze,GEO,G,Girls,doubles,main_draw,0,0,0,1,1st Round,4,R16,not_started_or_unknown,11,2.75,2026-06-03T03:36:09.871Z
J-J60-AZE-2026-001,J60 Baku,J60,2026-06-02,2026-06-07,800663563,Samuel SCHIFANO,FRA,B,Boys,doubles,main_draw,0,0,0,2,Quarter-finals,4,R16,not_started_or_unknown,11,2.75,2026-06-03T03:36:09.871Z
J-J60-AZE-2026-001,J60 Baku,J60,2026-06-02,2026-06-07,800867017,Sergii Nozhov,HUN,B,Boys,doubles,main_draw,1,0,1,1,1st Round,4,R16,eliminated,11,2.75,2026-06-03T03:36:09.871Z
J-J60-AZE-2026-001,J60 Baku,J60,2026-06-02,2026-06-07,800691450,Sofya Kovaleva,RUS,G,Girls,doubles,main_draw,0,0,0,1,1st Round,4,R16,not_started_or_unknown,11,2.75,2026-06-03T03:36:09.871Z
J-J60-AZE-2026-001,J60 Baku,J60,2026-06-02,2026-06-07,800621696,Ulyana Hrabavets,BLR,G,Girls,doubles,main_draw,0,0,0,1,1st Round,4,R16,not_started_or_unknown,11,2.75,2026-06-03T03:36:09.871Z
J-J60-AZE-2026-001,J60 Baku,J60,2026-06-02,2026-06-07,800683792,URI STRETINER,ISR,B,Boys,doubles,main_draw,1,0,1,1,1st Round,4,R16,eliminated,11,2.75,2026-06-03T03:36:09.871Z
J-J60-AZE-2026-001,J60 Baku,J60,2026-06-02,2026-06-07,800775256,Valeriya Selezneva,KAZ,G,Girls,doubles,main_draw,0,0,0,1,1st Round,4,R16,not_started_or_unknown,11,2.75,2026-06-03T03:36:09.871Z
J-J60-AZE-2026-001,J60 Baku,J60,2026-06-02,2026-06-07,800780046,Vasilisa Marchenko,RUS,G,Girls,doubles,main_draw,0,0,0,1,1st Round,4,R16,not_started_or_unknown,11,2.75,2026-06-03T03:36:09.871Z
J-J60-AZE-2026-001,J60 Baku,J60,2026-06-02,2026-06-07,800689562,Vlada Kuzmenko,KAZ,G,Girls,doubles,main_draw,0,0,0,1,1st Round,4,R16,not_started_or_unknown,11,2.75,2026-06-03T03:36:09.871Z
J-J60-AZE-2026-001,J60 Baku,J60,2026-06-02,2026-06-07,800819106,Vladislava Slelina,RUS,G,Girls,doubles,main_draw,0,0,0,1,1st Round,4,R16,not_started_or_unknown,11,2.75,2026-06-03T03:36:09.871Z
J-J60-AZE-2026-001,J60 Baku,J60,2026-06-02,2026-06-07,800737142,Yarden Aviv,ISR,G,Girls,doubles,main_draw,0,0,0,1,1st Round,4,R16,not_started_or_unknown,11,2.75,2026-06-03T03:36:09.871Z
J-J60-AZE-2026-001,J60 Baku,J60,2026-06-02,2026-06-07,800643878,yonatan shagas,ISR,B,Boys,doubles,main_draw,1,0,1,1,1st Round,4,R16,eliminated,11,2.75,2026-06-03T03:36:09.871Z
J-J60-AZE-2026-001,J60 Baku,J60,2026-06-02,2026-06-07,800739756,Aiyari Kuanshaliyeva,KAZ,G,Girls,singles,main_draw,0,0,0,1,1st Round,5,R32,not_started_or_unknown,5,5,2026-06-03T03:36:09.871Z
J-J60-AZE-2026-001,J60 Baku,J60,2026-06-02,2026-06-07,800660572,Akmal Abdullaev,UZB,B,Boys,singles,main_draw,1,1,0,2,2nd Round,5,R16,still_alive_or_champion,11,11,2026-06-03T03:36:09.871Z
J-J60-AZE-2026-001,J60 Baku,J60,2026-06-02,2026-06-07,800683528,Aleksandr Chernukhin,RUS,B,Boys,singles,main_draw,0,0,0,1,1st Round,5,R32,not_started_or_unknown,5,5,2026-06-03T03:36:09.871Z
J-J60-AZE-2026-001,J60 Baku,J60,2026-06-02,2026-06-07,800773356,Alexander Burmakin,RUS,B,Boys,singles,main_draw,1,1,0,2,2nd Round,5,R16,still_alive_or_champion,11,11,2026-06-03T03:36:09.871Z
J-J60-AZE-2026-001,J60 Baku,J60,2026-06-02,2026-06-07,800782955,Alexander Kuzichev,RUS,B,Boys,singles,main_draw,1,0,1,1,1st Round,5,R32,eliminated,5,5,2026-06-03T03:36:09.871Z
J-J60-AZE-2026-001,J60 Baku,J60,2026-06-02,2026-06-07,800650753,Alexandra Talina,RUS,G,Girls,singles,main_draw,0,0,0,2,2nd Round,5,R32,not_started_or_unknown,5,5,2026-06-03T03:36:09.871Z
J-J60-AZE-2026-001,J60 Baku,J60,2026-06-02,2026-06-07,800844814,Alina Hrabavets,BLR,G,Girls,singles,main_draw,0,0,0,1,1st Round,5,R32,not_started_or_unknown,5,5,2026-06-03T03:36:09.871Z
J-J60-AZE-2026-001,J60 Baku,J60,2026-06-02,2026-06-07,800828657,Alina Zavarzina,RUS,G,Girls,singles,main_draw,0,0,0,1,1st Round,5,R32,not_started_or_unknown,5,5,2026-06-03T03:36:09.871Z
J-J60-AZE-2026-001,J60 Baku,J60,2026-06-02,2026-06-07,800639017,Alisa Korovina,RUS,G,Girls,singles,main_draw,1,1,0,2,2nd Round,5,R16,still_alive_or_champion,11,11,2026-06-03T03:36:09.871Z
J-J60-AZE-2026-001,J60 Baku,J60,2026-06-02,2026-06-07,800691385,Alisa Lukianova,RUS,G,Girls,singles,main_draw,1,1,0,2,2nd Round,5,R16,still_alive_or_champion,11,11,2026-06-03T03:36:09.871Z
J-J60-AZE-2026-001,J60 Baku,J60,2026-06-02,2026-06-07,800820243,Amalia Ignatenko,RUS,G,Girls,singles,main_draw,0,0,0,1,1st Round,5,R32,not_started_or_unknown,5,5,2026-06-03T03:36:09.871Z
J-J60-AZE-2026-001,J60 Baku,J60,2026-06-02,2026-06-07,800670415,Andriy Maksymenko,UKR,B,Boys,singles,main_draw,1,0,1,1,1st Round,5,R32,eliminated,5,5,2026-06-03T03:36:09.871Z
J-J60-AZE-2026-001,J60 Baku,J60,2026-06-02,2026-06-07,800780120,Anna Kulikova,RUS,G,Girls,singles,main_draw,1,1,0,2,2nd Round,5,R16,still_alive_or_champion,11,11,2026-06-03T03:36:09.871Z
J-J60-AZE-2026-001,J60 Baku,J60,2026-06-02,2026-06-07,800769901,Arda Ulusoy,TUR,B,Boys,singles,main_draw,0,0,0,1,1st Round,5,R32,not_started_or_unknown,5,5,2026-06-03T03:36:09.871Z
J-J60-AZE-2026-001,J60 Baku,J60,2026-06-02,2026-06-07,800624734,Arslan Bakiev,RUS,B,Boys,singles,main_draw,1,1,0,2,2nd Round,5,R16,still_alive_or_champion,11,11,2026-06-03T03:36:09.871Z
J-J60-AZE-2026-001,J60 Baku,J60,2026-06-02,2026-06-07,800667615,Artem Mykoluik,UKR,B,Boys,singles,main_draw,1,1,0,2,2nd Round,5,R16,still_alive_or_champion,11,11,2026-06-03T03:36:09.871Z
J-J60-AZE-2026-001,J60 Baku,J60,2026-06-02,2026-06-07,800632378,Artem Starikov,RUS,B,Boys,singles,main_draw,0,0,0,1,1st Round,5,R32,not_started_or_unknown,5,5,2026-06-03T03:36:09.871Z
J-J60-AZE-2026-001,J60 Baku,J60,2026-06-02,2026-06-07,800717371,Arthur Poussin,FRA,B,Boys,singles,main_draw,0,0,0,1,1st Round,5,R32,not_started_or_unknown,5,5,2026-06-03T03:36:09.871Z
J-J60-AZE-2026-001,J60 Baku,J60,2026-06-02,2026-06-07,800654383,Ayshan Karimli,AZE,G,Girls,singles,main_draw,1,0,1,1,1st Round,5,R32,eliminated,5,5,2026-06-03T03:36:09.871Z
J-J60-AZE-2026-001,J60 Baku,J60,2026-06-02,2026-06-07,800654999,Damir Sariev,RUS,B,Boys,singles,main_draw,1,0,1,1,1st Round,5,R32,eliminated,5,5,2026-06-03T03:36:09.871Z
J-J60-AZE-2026-001,J60 Baku,J60,2026-06-02,2026-06-07,800805109,Daria Vasileva,RUS,G,Girls,singles,main_draw,1,1,0,2,2nd Round,5,R16,still_alive_or_champion,11,11,2026-06-03T03:36:09.871Z
J-J60-AZE-2026-001,J60 Baku,J60,2026-06-02,2026-06-07,800858307,Demir Seker,TUR,B,Boys,singles,main_draw,1,0,1,1,1st Round,5,R32,eliminated,5,5,2026-06-03T03:36:09.871Z
J-J60-AZE-2026-001,J60 Baku,J60,2026-06-02,2026-06-07,800783950,Ekaterine Arveladze,GEO,G,Girls,singles,main_draw,0,0,0,1,1st Round,5,R32,not_started_or_unknown,5,5,2026-06-03T03:36:09.871Z
J-J60-AZE-2026-001,J60 Baku,J60,2026-06-02,2026-06-07,800660309,Eren Cavus,TUR,B,Boys,singles,main_draw,1,1,0,2,2nd Round,5,R16,still_alive_or_champion,11,11,2026-06-03T03:36:09.871Z
J-J60-AZE-2026-001,J60 Baku,J60,2026-06-02,2026-06-07,800793703,Eugenia Skliar,RUS,G,Girls,singles,main_draw,0,0,0,1,1st Round,5,R32,not_started_or_unknown,5,5,2026-06-03T03:36:09.871Z
J-J60-AZE-2026-001,J60 Baku,J60,2026-06-02,2026-06-07,800631884,Eva-Vlada Anicina-Dzhygurda,FRA,G,Girls,singles,main_draw,0,0,0,1,1st Round,5,R32,not_started_or_unknown,5,5,2026-06-03T03:36:09.871Z
J-J60-AZE-2026-001,J60 Baku,J60,2026-06-02,2026-06-07,800711143,Evelina Dzepa,RUS,G,Girls,singles,main_draw,0,0,0,1,1st Round,5,R32,not_started_or_unknown,5,5,2026-06-03T03:36:09.871Z
J-J60-AZE-2026-001,J60 Baku,J60,2026-06-02,2026-06-07,800660311,Hueseyin Tuna Cavus,TUR,B,Boys,singles,main_draw,0,0,0,1,1st Round,5,R32,not_started_or_unknown,5,5,2026-06-03T03:36:09.871Z
J-J60-AZE-2026-001,J60 Baku,J60,2026-06-02,2026-06-07,800661204,Iakov Mazin,RUS,B,Boys,singles,main_draw,0,0,0,1,1st Round,5,R32,not_started_or_unknown,5,5,2026-06-03T03:36:09.871Z
J-J60-AZE-2026-001,J60 Baku,J60,2026-06-02,2026-06-07,800659886,ILIA GEORGIADIS,RUS,B,Boys,singles,main_draw,1,0,1,1,1st Round,5,R32,eliminated,5,5,2026-06-03T03:36:09.871Z
J-J60-AZE-2026-001,J60 Baku,J60,2026-06-02,2026-06-07,800623296,Imran Ahundov,TKM,B,Boys,singles,main_draw,1,1,0,2,2nd Round,5,R16,still_alive_or_champion,11,11,2026-06-03T03:36:09.871Z
J-J60-AZE-2026-001,J60 Baku,J60,2026-06-02,2026-06-07,800779016,kriday ghai,IND,B,Boys,singles,main_draw,1,0,1,1,1st Round,5,R32,eliminated,5,5,2026-06-03T03:36:09.871Z
J-J60-AZE-2026-001,J60 Baku,J60,2026-06-02,2026-06-07,800644124,kuzey kerem bayrak,TUR,B,Boys,singles,main_draw,1,1,0,2,2nd Round,5,R16,still_alive_or_champion,11,11,2026-06-03T03:36:09.871Z
J-J60-AZE-2026-001,J60 Baku,J60,2026-06-02,2026-06-07,800718678,Leila Shakhmuradova,RUS,G,Girls,singles,main_draw,0,0,0,1,1st Round,5,R32,not_started_or_unknown,5,5,2026-06-03T03:36:09.871Z
J-J60-AZE-2026-001,J60 Baku,J60,2026-06-02,2026-06-07,800672773,Lilien Kubalova,SVK,G,Girls,singles,main_draw,1,1,0,2,2nd Round,5,R16,still_alive_or_champion,11,11,2026-06-03T03:36:09.871Z
J-J60-AZE-2026-001,J60 Baku,J60,2026-06-02,2026-06-07,800660947,Luca Iliescu,FRA,B,Boys,singles,main_draw,1,1,0,2,2nd Round,5,R16,still_alive_or_champion,11,11,2026-06-03T03:36:09.871Z
J-J60-AZE-2026-001,J60 Baku,J60,2026-06-02,2026-06-07,800684375,Maksim Serebrov,RUS,B,Boys,singles,main_draw,1,0,1,1,1st Round,5,R32,eliminated,5,5,2026-06-03T03:36:09.871Z
J-J60-AZE-2026-001,J60 Baku,J60,2026-06-02,2026-06-07,800652378,Maria Borodacheva,RUS,G,Girls,singles,main_draw,1,0,1,1,1st Round,5,R32,eliminated,5,5,2026-06-03T03:36:09.872Z
J-J60-AZE-2026-001,J60 Baku,J60,2026-06-02,2026-06-07,800862916,Maria Gileva,RUS,G,Girls,singles,main_draw,1,1,0,2,2nd Round,5,R16,still_alive_or_champion,11,11,2026-06-03T03:36:09.872Z
J-J60-AZE-2026-001,J60 Baku,J60,2026-06-02,2026-06-07,800717653,MARIA MIZERNOVA,RUS,G,Girls,singles,main_draw,1,1,0,2,2nd Round,5,R16,still_alive_or_champion,11,11,2026-06-03T03:36:09.872Z
J-J60-AZE-2026-001,J60 Baku,J60,2026-06-02,2026-06-07,800857368,Maryam Talibova,AZE,G,Girls,singles,main_draw,0,0,0,1,1st Round,5,R32,not_started_or_unknown,5,5,2026-06-03T03:36:09.872Z
J-J60-AZE-2026-001,J60 Baku,J60,2026-06-02,2026-06-07,800662255,MELIS KESER,TUR,G,Girls,singles,main_draw,1,0,1,1,1st Round,5,R32,eliminated,5,5,2026-06-03T03:36:09.872Z
J-J60-AZE-2026-001,J60 Baku,J60,2026-06-02,2026-06-07,800643312,Mert Efe Zaim,TUR,B,Boys,singles,main_draw,1,1,0,2,2nd Round,5,R16,still_alive_or_champion,11,11,2026-06-03T03:36:09.872Z
J-J60-AZE-2026-001,J60 Baku,J60,2026-06-02,2026-06-07,800631878,Mick-Angel Anicina-Dzhygurda,FRA,B,Boys,singles,main_draw,0,0,0,1,1st Round,5,R32,not_started_or_unknown,5,5,2026-06-03T03:36:09.872Z
J-J60-AZE-2026-001,J60 Baku,J60,2026-06-02,2026-06-07,800644942,Mikita Papruha,BLR,B,Boys,singles,main_draw,0,0,0,1,1st Round,5,R32,not_started_or_unknown,5,5,2026-06-03T03:36:09.872Z
J-J60-AZE-2026-001,J60 Baku,J60,2026-06-02,2026-06-07,800741348,Mir Poyraz Kocayusuf,TUR,B,Boys,singles,main_draw,1,0,1,1,1st Round,5,R32,eliminated,5,5,2026-06-03T03:36:09.872Z
J-J60-AZE-2026-001,J60 Baku,J60,2026-06-02,2026-06-07,800783656,Nazim Melikov,AZE,B,Boys,singles,main_draw,1,1,0,2,2nd Round,5,R16,still_alive_or_champion,11,11,2026-06-03T03:36:09.872Z
J-J60-AZE-2026-001,J60 Baku,J60,2026-06-02,2026-06-07,800864517,Nigar Ramazanova,AUS,G,Girls,singles,main_draw,1,0,1,1,1st Round,5,R32,eliminated,5,5,2026-06-03T03:36:09.872Z
J-J60-AZE-2026-001,J60 Baku,J60,2026-06-02,2026-06-07,800832068,Nitsa Tsetskhladze,GEO,G,Girls,singles,main_draw,0,0,0,1,1st Round,5,R32,not_started_or_unknown,5,5,2026-06-03T03:36:09.872Z
J-J60-AZE-2026-001,J60 Baku,J60,2026-06-02,2026-06-07,800648150,Petr Lifanov,RUS,B,Boys,singles,main_draw,1,0,1,1,1st Round,5,R32,eliminated,5,5,2026-06-03T03:36:09.872Z
J-J60-AZE-2026-001,J60 Baku,J60,2026-06-02,2026-06-07,800755694,Polina Kashitsyna,RUS,G,Girls,singles,main_draw,0,0,0,1,1st Round,5,R32,not_started_or_unknown,5,5,2026-06-03T03:36:09.872Z
J-J60-AZE-2026-001,J60 Baku,J60,2026-06-02,2026-06-07,800745993,Rhunmaan M Mahesh S,IND,B,Boys,singles,main_draw,0,0,0,1,1st Round,5,R32,not_started_or_unknown,5,5,2026-06-03T03:36:09.872Z
J-J60-AZE-2026-001,J60 Baku,J60,2026-06-02,2026-06-07,800859922,Salome Cecxladze,GEO,G,Girls,singles,main_draw,0,0,0,1,1st Round,5,R32,not_started_or_unknown,5,5,2026-06-03T03:36:09.872Z
J-J60-AZE-2026-001,J60 Baku,J60,2026-06-02,2026-06-07,800663563,Samuel SCHIFANO,FRA,B,Boys,singles,main_draw,1,1,0,2,2nd Round,5,R16,still_alive_or_champion,11,11,2026-06-03T03:36:09.872Z
J-J60-AZE-2026-001,J60 Baku,J60,2026-06-02,2026-06-07,800867017,Sergii Nozhov,HUN,B,Boys,singles,main_draw,1,0,1,1,1st Round,5,R32,eliminated,5,5,2026-06-03T03:36:09.872Z
J-J60-AZE-2026-001,J60 Baku,J60,2026-06-02,2026-06-07,800691450,Sofya Kovaleva,RUS,G,Girls,singles,main_draw,0,0,0,1,1st Round,5,R32,not_started_or_unknown,5,5,2026-06-03T03:36:09.872Z
J-J60-AZE-2026-001,J60 Baku,J60,2026-06-02,2026-06-07,800683792,URI STRETINER,ISR,B,Boys,singles,main_draw,1,0,1,1,1st Round,5,R32,eliminated,5,5,2026-06-03T03:36:09.872Z
J-J60-AZE-2026-001,J60 Baku,J60,2026-06-02,2026-06-07,800775256,Valeriya Selezneva,KAZ,G,Girls,singles,main_draw,1,0,1,1,1st Round,5,R32,eliminated,5,5,2026-06-03T03:36:09.872Z
J-J60-AZE-2026-001,J60 Baku,J60,2026-06-02,2026-06-07,800780046,Vasilisa Marchenko,RUS,G,Girls,singles,main_draw,0,0,0,1,1st Round,5,R32,not_started_or_unknown,5,5,2026-06-03T03:36:09.872Z
J-J60-AZE-2026-001,J60 Baku,J60,2026-06-02,2026-06-07,800689562,Vlada Kuzmenko,KAZ,G,Girls,singles,main_draw,1,0,1,1,1st Round,5,R32,eliminated,5,5,2026-06-03T03:36:09.872Z
J-J60-AZE-2026-001,J60 Baku,J60,2026-06-02,2026-06-07,800819106,Vladislava Slelina,RUS,G,Girls,singles,main_draw,0,0,0,1,1st Round,5,R32,not_started_or_unknown,5,5,2026-06-03T03:36:09.872Z
J-J60-AZE-2026-001,J60 Baku,J60,2026-06-02,2026-06-07,800737142,Yarden Aviv,ISR,G,Girls,singles,main_draw,1,0,1,1,1st Round,5,R32,eliminated,5,5,2026-06-03T03:36:09.872Z
J-J60-AZE-2026-001,J60 Baku,J60,2026-06-02,2026-06-07,800643878,yonatan shagas,ISR,B,Boys,singles,main_draw,0,0,0,2,2nd Round,5,R32,not_started_or_unknown,5,5,2026-06-03T03:36:09.872Z
J-J60-SWE-2026-003,J60 Bastad,J60,2026-06-01,2026-06-05,800719726,Adam Svardfeldt,SWE,B,Boys,doubles,main_draw,1,0,1,1,1st Round,4,R16,eliminated,11,2.75,2026-06-03T03:36:09.872Z
J-J60-SWE-2026-003,J60 Bastad,J60,2026-06-01,2026-06-05,800794356,Agnes Bang Kjaersgaard,DEN,G,Girls,doubles,main_draw,2,2,0,3,Semi-finals,4,SF,still_alive_or_champion,29,7.25,2026-06-03T03:36:09.872Z
J-J60-SWE-2026-003,J60 Bastad,J60,2026-06-01,2026-06-05,800678724,Alexander Chmielewski,SWE,B,Boys,doubles,main_draw,1,0,1,1,1st Round,4,R16,eliminated,11,2.75,2026-06-03T03:36:09.872Z
J-J60-SWE-2026-003,J60 Bastad,J60,2026-06-01,2026-06-05,800746501,Alice Helgesson,SWE,G,Girls,doubles,main_draw,1,0,1,1,1st Round,4,R16,eliminated,11,2.75,2026-06-03T03:36:09.872Z
J-J60-SWE-2026-003,J60 Bastad,J60,2026-06-01,2026-06-05,800638490,Anabelle Teikari,SWE,G,Girls,doubles,main_draw,1,0,1,1,1st Round,4,R16,eliminated,11,2.75,2026-06-03T03:36:09.872Z
J-J60-SWE-2026-003,J60 Bastad,J60,2026-06-01,2026-06-05,800688232,Aron Svensson,SWE,B,Boys,doubles,main_draw,2,1,1,2,Quarter-finals,4,QF,eliminated,18,4.5,2026-06-03T03:36:09.872Z
J-J60-SWE-2026-003,J60 Bastad,J60,2026-06-01,2026-06-05,800583993,Beatrice Cocomazzi,ITA,G,Girls,doubles,main_draw,1,0,1,1,1st Round,4,R16,eliminated,11,2.75,2026-06-03T03:36:09.872Z
J-J60-SWE-2026-003,J60 Bastad,J60,2026-06-01,2026-06-05,800688356,Benjamin Du,SWE,B,Boys,doubles,main_draw,1,0,1,1,1st Round,4,R16,eliminated,11,2.75,2026-06-03T03:36:09.872Z
J-J60-SWE-2026-003,J60 Bastad,J60,2026-06-01,2026-06-05,800740546,Christina Hansman,SWE,G,Girls,doubles,main_draw,1,0,1,1,1st Round,4,R16,eliminated,11,2.75,2026-06-03T03:36:09.872Z
J-J60-SWE-2026-003,J60 Bastad,J60,2026-06-01,2026-06-05,800659846,CHRYSOULA PARASKEVOPOULOU,GRE,G,Girls,doubles,main_draw,2,1,1,2,Quarter-finals,4,QF,eliminated,18,4.5,2026-06-03T03:36:09.872Z
J-J60-SWE-2026-003,J60 Bastad,J60,2026-06-01,2026-06-05,800728873,Elin Brannvall,SWE,G,Girls,doubles,main_draw,1,0,1,1,1st Round,4,R16,eliminated,11,2.75,2026-06-03T03:36:09.872Z
J-J60-SWE-2026-003,J60 Bastad,J60,2026-06-01,2026-06-05,800735502,Emil Curovic,SWE,B,Boys,doubles,main_draw,1,0,1,1,1st Round,4,R16,eliminated,11,2.75,2026-06-03T03:36:09.872Z
J-J60-SWE-2026-003,J60 Bastad,J60,2026-06-01,2026-06-05,800647836,Emiliano Bratomi,ITA,B,Boys,doubles,main_draw,2,2,0,3,Semi-finals,4,SF,still_alive_or_champion,29,7.25,2026-06-03T03:36:09.872Z
J-J60-SWE-2026-003,J60 Bastad,J60,2026-06-01,2026-06-05,800749245,Emina Honic,SWE,G,Girls,doubles,main_draw,1,0,1,1,1st Round,4,R16,eliminated,11,2.75,2026-06-03T03:36:09.872Z
J-J60-SWE-2026-003,J60 Bastad,J60,2026-06-01,2026-06-05,800620973,Ewangelina Penkevych,POL,G,Girls,doubles,main_draw,1,0,1,1,1st Round,4,R16,eliminated,11,2.75,2026-06-03T03:36:09.872Z
J-J60-SWE-2026-003,J60 Bastad,J60,2026-06-01,2026-06-05,800589794,Fabian Engkvist,SWE,B,Boys,doubles,main_draw,1,0,1,1,1st Round,4,R16,eliminated,11,2.75,2026-06-03T03:36:09.872Z
J-J60-SWE-2026-003,J60 Bastad,J60,2026-06-01,2026-06-05,800747738,Filippa Eckersten,SWE,G,Girls,doubles,main_draw,1,0,1,1,1st Round,4,R16,eliminated,11,2.75,2026-06-03T03:36:09.872Z
J-J60-SWE-2026-003,J60 Bastad,J60,2026-06-01,2026-06-05,800672319,Francesco Pansecchi,ITA,B,Boys,doubles,main_draw,2,2,0,3,Semi-finals,4,SF,still_alive_or_champion,29,7.25,2026-06-03T03:36:09.872Z
J-J60-SWE-2026-003,J60 Bastad,J60,2026-06-01,2026-06-05,800664353,Gabriel Wennhall,SWE,B,Boys,doubles,main_draw,2,1,1,2,Quarter-finals,4,QF,eliminated,18,4.5,2026-06-03T03:36:09.872Z
J-J60-SWE-2026-003,J60 Bastad,J60,2026-06-01,2026-06-05,800648775,Gabriella Eie,NOR,G,Girls,doubles,main_draw,2,2,0,3,Semi-finals,4,SF,still_alive_or_champion,29,7.25,2026-06-03T03:36:09.872Z
J-J60-SWE-2026-003,J60 Bastad,J60,2026-06-01,2026-06-05,800693868,Gustaw Chudzikiewicz,SWE,B,Boys,doubles,main_draw,1,0,1,1,1st Round,4,R16,eliminated,11,2.75,2026-06-03T03:36:09.872Z
J-J60-SWE-2026-003,J60 Bastad,J60,2026-06-01,2026-06-05,800680110,Hugo Bucht,SWE,B,Boys,doubles,main_draw,2,1,1,2,Quarter-finals,4,QF,eliminated,18,4.5,2026-06-03T03:36:09.872Z
J-J60-SWE-2026-003,J60 Bastad,J60,2026-06-01,2026-06-05,800674218,Hugo Larsen,NOR,B,Boys,doubles,main_draw,2,2,0,3,Semi-finals,4,SF,still_alive_or_champion,29,7.25,2026-06-03T03:36:09.872Z
J-J60-SWE-2026-003,J60 Bastad,J60,2026-06-01,2026-06-05,800859293,Isabella Gallegos,USA,G,Girls,doubles,main_draw,2,1,1,2,Quarter-finals,4,QF,eliminated,18,4.5,2026-06-03T03:36:09.872Z
J-J60-SWE-2026-003,J60 Bastad,J60,2026-06-01,2026-06-05,800662153,Ivan van Ruiten,NED,B,Boys,doubles,main_draw,2,1,1,2,Quarter-finals,4,QF,eliminated,18,4.5,2026-06-03T03:36:09.872Z
J-J60-SWE-2026-003,J60 Bastad,J60,2026-06-01,2026-06-05,800701189,JOEL HENRIKSSON,SWE,B,Boys,doubles,main_draw,1,0,1,1,1st Round,4,R16,eliminated,11,2.75,2026-06-03T03:36:09.872Z
J-J60-SWE-2026-003,J60 Bastad,J60,2026-06-01,2026-06-05,800665768,Kaius Ketola,FIN,B,Boys,doubles,main_draw,2,2,0,3,Semi-finals,4,SF,still_alive_or_champion,29,7.25,2026-06-03T03:36:09.872Z
J-J60-SWE-2026-003,J60 Bastad,J60,2026-06-01,2026-06-05,800773727,Leo Kullberg,SWE,B,Boys,doubles,main_draw,1,0,1,1,1st Round,4,R16,eliminated,11,2.75,2026-06-03T03:36:09.872Z
J-J60-SWE-2026-003,J60 Bastad,J60,2026-06-01,2026-06-05,800668648,Leonardo Fiocchi,ITA,B,Boys,doubles,main_draw,2,2,0,3,Semi-finals,4,SF,still_alive_or_champion,29,7.25,2026-06-03T03:36:09.872Z
J-J60-SWE-2026-003,J60 Bastad,J60,2026-06-01,2026-06-05,800769197,Linnea Aronsson,SWE,G,Girls,doubles,main_draw,1,0,1,1,1st Round,4,R16,eliminated,11,2.75,2026-06-03T03:36:09.872Z
J-J60-SWE-2026-003,J60 Bastad,J60,2026-06-01,2026-06-05,800598375,Linus Andersson,SWE,B,Boys,doubles,main_draw,1,0,1,1,1st Round,4,R16,eliminated,11,2.75,2026-06-03T03:36:09.872Z
J-J60-SWE-2026-003,J60 Bastad,J60,2026-06-01,2026-06-05,800683576,Lois Bernstein,SWE,G,Girls,doubles,main_draw,2,2,0,3,Semi-finals,4,SF,still_alive_or_champion,29,7.25,2026-06-03T03:36:09.872Z
J-J60-SWE-2026-003,J60 Bastad,J60,2026-06-01,2026-06-05,800710033,Louise Debano,FRA,G,Girls,doubles,main_draw,2,1,1,2,Quarter-finals,4,QF,eliminated,18,4.5,2026-06-03T03:36:09.872Z
J-J60-SWE-2026-003,J60 Bastad,J60,2026-06-01,2026-06-05,800768472,Lova Aronsson,SWE,G,Girls,doubles,main_draw,1,0,1,1,1st Round,4,R16,eliminated,11,2.75,2026-06-03T03:36:09.872Z
J-J60-SWE-2026-003,J60 Bastad,J60,2026-06-01,2026-06-05,800688338,Love Nyqvist,SWE,B,Boys,doubles,main_draw,1,0,1,1,1st Round,4,R16,eliminated,11,2.75,2026-06-03T03:36:09.872Z
J-J60-SWE-2026-003,J60 Bastad,J60,2026-06-01,2026-06-05,800644054,Lykke Lindorff,SWE,G,Girls,doubles,main_draw,2,2,0,3,Semi-finals,4,SF,still_alive_or_champion,29,7.25,2026-06-03T03:36:09.872Z
J-J60-SWE-2026-003,J60 Bastad,J60,2026-06-01,2026-06-05,800644047,Marco Meacci,ITA,B,Boys,doubles,main_draw,2,1,1,2,Quarter-finals,4,QF,eliminated,18,4.5,2026-06-03T03:36:09.872Z
J-J60-SWE-2026-003,J60 Bastad,J60,2026-06-01,2026-06-05,800588014,Marcus Sehested,DEN,B,Boys,doubles,main_draw,1,0,1,1,1st Round,4,R16,eliminated,11,2.75,2026-06-03T03:36:09.872Z
J-J60-SWE-2026-003,J60 Bastad,J60,2026-06-01,2026-06-05,800725391,Margareth Keref,NOR,G,Girls,doubles,main_draw,2,2,0,3,Semi-finals,4,SF,still_alive_or_champion,29,7.25,2026-06-03T03:36:09.872Z
J-J60-SWE-2026-003,J60 Bastad,J60,2026-06-01,2026-06-05,800595764,Marie Johanna Lapimaa,EST,G,Girls,doubles,main_draw,2,1,1,2,Quarter-finals,4,QF,eliminated,18,4.5,2026-06-03T03:36:09.872Z
J-J60-SWE-2026-003,J60 Bastad,J60,2026-06-01,2026-06-05,800692398,Marta Skantze,SWE,G,Girls,doubles,main_draw,2,2,0,3,Semi-finals,4,SF,still_alive_or_champion,29,7.25,2026-06-03T03:36:09.872Z
J-J60-SWE-2026-003,J60 Bastad,J60,2026-06-01,2026-06-05,800707550,Matilde Stamborg,SWE,G,Girls,doubles,main_draw,2,2,0,3,Semi-finals,4,SF,still_alive_or_champion,29,7.25,2026-06-03T03:36:09.872Z
J-J60-SWE-2026-003,J60 Bastad,J60,2026-06-01,2026-06-05,800673640,Mattia Pescosolido,ITA,B,Boys,doubles,main_draw,2,2,0,3,Semi-finals,4,SF,still_alive_or_champion,29,7.25,2026-06-03T03:36:09.872Z
J-J60-SWE-2026-003,J60 Bastad,J60,2026-06-01,2026-06-05,800679824,Mattis Thorsnes,NOR,B,Boys,doubles,main_draw,2,2,0,3,Semi-finals,4,SF,still_alive_or_champion,29,7.25,2026-06-03T03:36:09.872Z
J-J60-SWE-2026-003,J60 Bastad,J60,2026-06-01,2026-06-05,800732463,Maximus Demburg,SWE,B,Boys,doubles,main_draw,1,0,1,1,1st Round,4,R16,eliminated,11,2.75,2026-06-03T03:36:09.872Z
J-J60-SWE-2026-003,J60 Bastad,J60,2026-06-01,2026-06-05,800771874,Maximus Muller,SWE,B,Boys,doubles,main_draw,2,1,1,2,Quarter-finals,4,QF,eliminated,18,4.5,2026-06-03T03:36:09.872Z
J-J60-SWE-2026-003,J60 Bastad,J60,2026-06-01,2026-06-05,800740417,Mika Testart,SWE,G,Girls,doubles,main_draw,1,0,1,1,1st Round,4,R16,eliminated,11,2.75,2026-06-03T03:36:09.872Z
J-J60-SWE-2026-003,J60 Bastad,J60,2026-06-01,2026-06-05,800636105,Mingus Zack Hansen,DEN,B,Boys,doubles,main_draw,2,1,1,2,Quarter-finals,4,QF,eliminated,18,4.5,2026-06-03T03:36:09.872Z
J-J60-SWE-2026-003,J60 Bastad,J60,2026-06-01,2026-06-05,800682107,Moritz Freitag,AUT,B,Boys,doubles,main_draw,2,1,1,2,Quarter-finals,4,QF,eliminated,18,4.5,2026-06-03T03:36:09.872Z
J-J60-SWE-2026-003,J60 Bastad,J60,2026-06-01,2026-06-05,800677036,Nathalie Mackay Westling,SWE,G,Girls,doubles,main_draw,1,0,1,1,1st Round,4,R16,eliminated,11,2.75,2026-06-03T03:36:09.872Z
J-J60-SWE-2026-003,J60 Bastad,J60,2026-06-01,2026-06-05,800694981,Nicole Saidizand,SWE,G,Girls,doubles,main_draw,2,1,1,2,Quarter-finals,4,QF,eliminated,18,4.5,2026-06-03T03:36:09.872Z
J-J60-SWE-2026-003,J60 Bastad,J60,2026-06-01,2026-06-05,800734279,Nike Gunnarsson,SWE,G,Girls,doubles,main_draw,1,0,1,1,1st Round,4,R16,eliminated,11,2.75,2026-06-03T03:36:09.872Z
J-J60-SWE-2026-003,J60 Bastad,J60,2026-06-01,2026-06-05,800639427,Oscar Karmteg,SWE,B,Boys,doubles,main_draw,1,0,1,1,1st Round,4,R16,eliminated,11,2.75,2026-06-03T03:36:09.872Z
J-J60-SWE-2026-003,J60 Bastad,J60,2026-06-01,2026-06-05,800770667,Raffaela Lorenti Ribeiro,BRA,G,Girls,doubles,main_draw,1,0,1,1,1st Round,4,R16,eliminated,11,2.75,2026-06-03T03:36:09.872Z
J-J60-SWE-2026-003,J60 Bastad,J60,2026-06-01,2026-06-05,800780374,Remi Rice,USA,G,Girls,doubles,main_draw,2,1,1,2,Quarter-finals,4,QF,eliminated,18,4.5,2026-06-03T03:36:09.872Z
J-J60-SWE-2026-003,J60 Bastad,J60,2026-06-01,2026-06-05,800731508,Sebastian Wolfsberg,SWE,B,Boys,doubles,main_draw,1,0,1,1,1st Round,4,R16,eliminated,11,2.75,2026-06-03T03:36:09.872Z
J-J60-SWE-2026-003,J60 Bastad,J60,2026-06-01,2026-06-05,800723608,Sophia Valsted,DEN,G,Girls,doubles,main_draw,2,2,0,3,Semi-finals,4,SF,still_alive_or_champion,29,7.25,2026-06-03T03:36:09.872Z
J-J60-SWE-2026-003,J60 Bastad,J60,2026-06-01,2026-06-05,800774166,Stephani Degac,SWE,G,Girls,doubles,main_draw,1,0,1,1,1st Round,4,R16,eliminated,11,2.75,2026-06-03T03:36:09.872Z
J-J60-SWE-2026-003,J60 Bastad,J60,2026-06-01,2026-06-05,800709260,Tuva Taari,SWE,G,Girls,doubles,main_draw,1,0,1,1,1st Round,4,R16,eliminated,11,2.75,2026-06-03T03:36:09.872Z
J-J60-SWE-2026-003,J60 Bastad,J60,2026-06-01,2026-06-05,800695348,Valerie Hafstrom,SWE,G,Girls,doubles,main_draw,2,1,1,2,Quarter-finals,4,QF,eliminated,18,4.5,2026-06-03T03:36:09.872Z
J-J60-SWE-2026-003,J60 Bastad,J60,2026-06-01,2026-06-05,800741282,Vera Levin,SWE,G,Girls,doubles,main_draw,2,1,1,2,Quarter-finals,4,QF,eliminated,18,4.5,2026-06-03T03:36:09.872Z
J-J60-SWE-2026-003,J60 Bastad,J60,2026-06-01,2026-06-05,800668803,Verneri Riikonen,FIN,B,Boys,doubles,main_draw,2,2,0,3,Semi-finals,4,SF,still_alive_or_champion,29,7.25,2026-06-03T03:36:09.872Z
J-J60-SWE-2026-003,J60 Bastad,J60,2026-06-01,2026-06-05,800695049,Vincent Almroth,SWE,B,Boys,doubles,main_draw,1,0,1,1,1st Round,4,R16,eliminated,11,2.75,2026-06-03T03:36:09.872Z
J-J60-SWE-2026-003,J60 Bastad,J60,2026-06-01,2026-06-05,800769296,Vincent Svedstam,SWE,B,Boys,doubles,main_draw,1,0,1,1,1st Round,4,R16,eliminated,11,2.75,2026-06-03T03:36:09.872Z
J-J60-SWE-2026-003,J60 Bastad,J60,2026-06-01,2026-06-05,800719726,Adam Svardfeldt,SWE,B,Boys,singles,qualifying,1,0,1,1,1st Round,3,Q1,eliminated,0,0,2026-06-03T03:36:09.872Z
J-J60-SWE-2026-003,J60 Bastad,J60,2026-06-01,2026-06-05,800794356,Agnes Bang Kjaersgaard,DEN,G,Girls,singles,main_draw,2,1,1,2,2nd Round,5,R16,eliminated,11,11,2026-06-03T03:36:09.872Z
J-J60-SWE-2026-003,J60 Bastad,J60,2026-06-01,2026-06-05,800678724,Alexander Chmielewski,SWE,B,Boys,singles,main_draw,1,0,1,1,1st Round,5,R32,eliminated,5,5,2026-06-03T03:36:09.872Z
J-J60-SWE-2026-003,J60 Bastad,J60,2026-06-01,2026-06-05,800628822,Alexane Lebelle Haller,SWE,G,Girls,singles,qualifying,1,0,1,1,1st Round,3,Q1,eliminated,0,0,2026-06-03T03:36:09.872Z
J-J60-SWE-2026-003,J60 Bastad,J60,2026-06-01,2026-06-05,800804219,Alfons Jennfors,SWE,B,Boys,singles,qualifying,2,1,1,2,2nd Round,3,Q2,eliminated,0,0,2026-06-03T03:36:09.872Z
J-J60-SWE-2026-003,J60 Bastad,J60,2026-06-01,2026-06-05,800746501,Alice Helgesson,SWE,G,Girls,singles,main_draw,1,0,1,1,1st Round,5,R32,eliminated,5,5,2026-06-03T03:36:09.872Z
J-J60-SWE-2026-003,J60 Bastad,J60,2026-06-01,2026-06-05,800735596,Alice Petersson,SWE,G,Girls,singles,qualifying,1,0,1,1,1st Round,3,Q1,eliminated,0,0,2026-06-03T03:36:09.872Z
J-J60-SWE-2026-003,J60 Bastad,J60,2026-06-01,2026-06-05,800672857,Alicja Szajkowska,LUX,G,Girls,singles,qualifying,0,0,0,1,1st Round,3,Q1,not_started_or_unknown,0,0,2026-06-03T03:36:09.872Z
J-J60-SWE-2026-003,J60 Bastad,J60,2026-06-01,2026-06-05,800728368,Amanda Wallin,SWE,G,Girls,singles,qualifying,1,0,1,1,1st Round,3,Q1,eliminated,0,0,2026-06-03T03:36:09.872Z
J-J60-SWE-2026-003,J60 Bastad,J60,2026-06-01,2026-06-05,800598383,Ana Mijailovic,SWE,G,Girls,singles,qualifying,1,0,1,1,1st Round,3,Q1,eliminated,0,0,2026-06-03T03:36:09.872Z
J-J60-SWE-2026-003,J60 Bastad,J60,2026-06-01,2026-06-05,800638490,Anabelle Teikari,SWE,G,Girls,singles,qualifying,3,2,1,3,Quarter-finals,3,Q3,eliminated,0,0,2026-06-03T03:36:09.872Z
J-J60-SWE-2026-003,J60 Bastad,J60,2026-06-01,2026-06-05,800688232,Aron Svensson,SWE,B,Boys,singles,qualifying,3,2,1,3,Quarter-finals,3,Q3,eliminated,0,0,2026-06-03T03:36:09.872Z
J-J60-SWE-2026-003,J60 Bastad,J60,2026-06-01,2026-06-05,800749922,Athena Gunnarsson,SWE,G,Girls,singles,qualifying,1,0,1,1,1st Round,3,Q1,eliminated,0,0,2026-06-03T03:36:09.872Z
J-J60-SWE-2026-003,J60 Bastad,J60,2026-06-01,2026-06-05,800583993,Beatrice Cocomazzi,ITA,G,Girls,singles,main_draw,1,0,1,1,1st Round,5,R32,eliminated,5,5,2026-06-03T03:36:09.872Z
J-J60-SWE-2026-003,J60 Bastad,J60,2026-06-01,2026-06-05,800828663,Beatrice Feldreich,SWE,G,Girls,singles,qualifying,2,1,1,2,2nd Round,3,Q2,eliminated,0,0,2026-06-03T03:36:09.872Z
J-J60-SWE-2026-003,J60 Bastad,J60,2026-06-01,2026-06-05,800758115,Benedicte Lindorff,SWE,G,Girls,singles,qualifying,2,1,1,2,2nd Round,3,Q2,eliminated,0,0,2026-06-03T03:36:09.872Z
J-J60-SWE-2026-003,J60 Bastad,J60,2026-06-01,2026-06-05,800688356,Benjamin Du,SWE,B,Boys,singles,qualifying,3,2,1,3,Quarter-finals,3,Q3,eliminated,0,0,2026-06-03T03:36:09.872Z
J-J60-SWE-2026-003,J60 Bastad,J60,2026-06-01,2026-06-05,800737661,Billy Brennan,IRL,B,Boys,singles,qualifying,3,2,1,3,Quarter-finals,3,Q3,eliminated,0,0,2026-06-03T03:36:09.872Z
J-J60-SWE-2026-003,J60 Bastad,J60,2026-06-01,2026-06-05,800769293,Christian Gorgin,SWE,B,Boys,singles,main_draw,1,0,1,1,1st Round,5,R32,eliminated,5,5,2026-06-03T03:36:09.872Z
J-J60-SWE-2026-003,J60 Bastad,J60,2026-06-01,2026-06-05,800740546,Christina Hansman,SWE,G,Girls,singles,main_draw,1,0,1,1,1st Round,5,R32,eliminated,5,5,2026-06-03T03:36:09.872Z
J-J60-SWE-2026-003,J60 Bastad,J60,2026-06-01,2026-06-05,800740546,Christina Hansman,SWE,G,Girls,singles,qualifying,3,3,0,3,Quarter-finals,3,Q,still_alive_or_champion,0,0,2026-06-03T03:36:09.872Z
J-J60-SWE-2026-003,J60 Bastad,J60,2026-06-01,2026-06-05,800659846,CHRYSOULA PARASKEVOPOULOU,GRE,G,Girls,singles,main_draw,1,0,1,1,1st Round,5,R32,eliminated,5,5,2026-06-03T03:36:09.872Z
J-J60-SWE-2026-003,J60 Bastad,J60,2026-06-01,2026-06-05,800731291,Dalia Crnovrsanin,SUI,G,Girls,singles,main_draw,1,0,1,1,1st Round,5,R32,eliminated,5,5,2026-06-03T03:36:09.872Z
J-J60-SWE-2026-003,J60 Bastad,J60,2026-06-01,2026-06-05,800733066,Edith Rooth,SWE,G,Girls,singles,qualifying,1,0,1,2,2nd Round,3,Q1,eliminated,0,0,2026-06-03T03:36:09.872Z
J-J60-SWE-2026-003,J60 Bastad,J60,2026-06-01,2026-06-05,800728873,Elin Brannvall,SWE,G,Girls,singles,main_draw,1,0,1,1,1st Round,5,R32,eliminated,5,5,2026-06-03T03:36:09.872Z
J-J60-SWE-2026-003,J60 Bastad,J60,2026-06-01,2026-06-05,800674981,Elina Kamyabsharifi,SWE,G,Girls,singles,qualifying,1,0,1,1,1st Round,3,Q1,eliminated,0,0,2026-06-03T03:36:09.872Z
J-J60-SWE-2026-003,J60 Bastad,J60,2026-06-01,2026-06-05,800738189,Ella Lindgren,SWE,G,Girls,singles,qualifying,1,0,1,1,1st Round,3,Q1,eliminated,0,0,2026-06-03T03:36:09.872Z
J-J60-SWE-2026-003,J60 Bastad,J60,2026-06-01,2026-06-05,800682374,Ella Moeller Wilstrup,DEN,G,Girls,singles,main_draw,2,1,1,2,2nd Round,5,R16,eliminated,11,11,2026-06-03T03:36:09.872Z
J-J60-SWE-2026-003,J60 Bastad,J60,2026-06-01,2026-06-05,800709573,Ellen Hoff,SWE,G,Girls,singles,qualifying,1,0,1,1,1st Round,3,Q1,eliminated,0,0,2026-06-03T03:36:09.872Z
J-J60-SWE-2026-003,J60 Bastad,J60,2026-06-01,2026-06-05,800815009,Elsa Olsson,SWE,G,Girls,singles,qualifying,2,1,1,2,2nd Round,3,Q2,eliminated,0,0,2026-06-03T03:36:09.872Z
J-J60-SWE-2026-003,J60 Bastad,J60,2026-06-01,2026-06-05,800733606,Elvi Holm Gustafsson,SWE,G,Girls,singles,main_draw,1,0,1,1,1st Round,5,R32,eliminated,5,5,2026-06-03T03:36:09.872Z
J-J60-SWE-2026-003,J60 Bastad,J60,2026-06-01,2026-06-05,800733606,Elvi Holm Gustafsson,SWE,G,Girls,singles,qualifying,3,3,0,3,Quarter-finals,3,Q,still_alive_or_champion,0,0,2026-06-03T03:36:09.872Z
J-J60-SWE-2026-003,J60 Bastad,J60,2026-06-01,2026-06-05,800735502,Emil Curovic,SWE,B,Boys,singles,main_draw,1,0,1,1,1st Round,5,R32,eliminated,5,5,2026-06-03T03:36:09.872Z
J-J60-SWE-2026-003,J60 Bastad,J60,2026-06-01,2026-06-05,800735502,Emil Curovic,SWE,B,Boys,singles,qualifying,3,3,0,3,Quarter-finals,3,Q,still_alive_or_champion,0,0,2026-06-03T03:36:09.872Z
J-J60-SWE-2026-003,J60 Bastad,J60,2026-06-01,2026-06-05,800698638,Emilia Samuelsson Baresso,SWE,G,Girls,singles,qualifying,1,0,1,1,1st Round,3,Q1,eliminated,0,0,2026-06-03T03:36:09.872Z
J-J60-SWE-2026-003,J60 Bastad,J60,2026-06-01,2026-06-05,800647836,Emiliano Bratomi,ITA,B,Boys,singles,main_draw,2,1,1,2,2nd Round,5,R16,eliminated,11,11,2026-06-03T03:36:09.872Z
J-J60-SWE-2026-003,J60 Bastad,J60,2026-06-01,2026-06-05,800749245,Emina Honic,SWE,G,Girls,singles,main_draw,2,2,0,3,Quarter-finals,5,QF,still_alive_or_champion,18,18,2026-06-03T03:36:09.872Z
J-J60-SWE-2026-003,J60 Bastad,J60,2026-06-01,2026-06-05,800631055,Eric Ten,SWE,B,Boys,singles,main_draw,1,0,1,1,1st Round,5,R32,eliminated,5,5,2026-06-03T03:36:09.872Z
J-J60-SWE-2026-003,J60 Bastad,J60,2026-06-01,2026-06-05,800620973,Ewangelina Penkevych,POL,G,Girls,singles,main_draw,2,1,1,2,2nd Round,5,R16,eliminated,11,11,2026-06-03T03:36:09.872Z
J-J60-SWE-2026-003,J60 Bastad,J60,2026-06-01,2026-06-05,800589794,Fabian Engkvist,SWE,B,Boys,singles,main_draw,1,0,1,1,1st Round,5,R32,eliminated,5,5,2026-06-03T03:36:09.872Z
J-J60-SWE-2026-003,J60 Bastad,J60,2026-06-01,2026-06-05,800747738,Filippa Eckersten,SWE,G,Girls,singles,main_draw,1,0,1,1,1st Round,5,R32,eliminated,5,5,2026-06-03T03:36:09.872Z
J-J60-SWE-2026-003,J60 Bastad,J60,2026-06-01,2026-06-05,800720615,Filippa Foxby Munch,DEN,G,Girls,singles,qualifying,3,2,1,3,Quarter-finals,3,Q3,eliminated,0,0,2026-06-03T03:36:09.872Z
J-J60-SWE-2026-003,J60 Bastad,J60,2026-06-01,2026-06-05,800843691,Folke Stenmarck,SOL,B,Boys,singles,qualifying,1,0,1,2,2nd Round,3,Q1,eliminated,0,0,2026-06-03T03:36:09.872Z
J-J60-SWE-2026-003,J60 Bastad,J60,2026-06-01,2026-06-05,800672319,Francesco Pansecchi,ITA,B,Boys,singles,main_draw,2,2,0,3,Quarter-finals,5,QF,still_alive_or_champion,18,18,2026-06-03T03:36:09.872Z
J-J60-SWE-2026-003,J60 Bastad,J60,2026-06-01,2026-06-05,800635846,Gabriel Maciel Araujo Pyndt,DEN,B,Boys,singles,main_draw,2,2,0,3,Quarter-finals,5,QF,still_alive_or_champion,18,18,2026-06-03T03:36:09.872Z
J-J60-SWE-2026-003,J60 Bastad,J60,2026-06-01,2026-06-05,800664353,Gabriel Wennhall,SWE,B,Boys,singles,qualifying,3,2,1,3,Quarter-finals,3,Q3,eliminated,0,0,2026-06-03T03:36:09.872Z
J-J60-SWE-2026-003,J60 Bastad,J60,2026-06-01,2026-06-05,800648775,Gabriella Eie,NOR,G,Girls,singles,main_draw,2,2,0,3,Quarter-finals,5,QF,still_alive_or_champion,18,18,2026-06-03T03:36:09.872Z
J-J60-SWE-2026-003,J60 Bastad,J60,2026-06-01,2026-06-05,800738164,Gustav Karlsson,SWE,B,Boys,singles,qualifying,1,0,1,2,2nd Round,3,Q1,eliminated,0,0,2026-06-03T03:36:09.872Z
J-J60-SWE-2026-003,J60 Bastad,J60,2026-06-01,2026-06-05,800693868,Gustaw Chudzikiewicz,SWE,B,Boys,singles,main_draw,1,0,1,1,1st Round,5,R32,eliminated,5,5,2026-06-03T03:36:09.872Z
J-J60-SWE-2026-003,J60 Bastad,J60,2026-06-01,2026-06-05,800814919,Hugo Elmblad,SWE,B,Boys,singles,qualifying,2,1,1,2,2nd Round,3,Q2,eliminated,0,0,2026-06-03T03:36:09.872Z
J-J60-SWE-2026-003,J60 Bastad,J60,2026-06-01,2026-06-05,800674218,Hugo Larsen,NOR,B,Boys,singles,main_draw,1,0,1,1,1st Round,5,R32,eliminated,5,5,2026-06-03T03:36:09.872Z
J-J60-SWE-2026-003,J60 Bastad,J60,2026-06-01,2026-06-05,800684281,Isak Bossfall,SWE,B,Boys,singles,main_draw,1,0,1,1,1st Round,5,R32,eliminated,5,5,2026-06-03T03:36:09.872Z
J-J60-SWE-2026-003,J60 Bastad,J60,2026-06-01,2026-06-05,800684281,Isak Bossfall,SWE,B,Boys,singles,qualifying,3,3,0,3,Quarter-finals,3,Q,still_alive_or_champion,0,0,2026-06-03T03:36:09.872Z
J-J60-SWE-2026-003,J60 Bastad,J60,2026-06-01,2026-06-05,800662153,Ivan van Ruiten,NED,B,Boys,singles,main_draw,2,1,1,2,2nd Round,5,R16,eliminated,11,11,2026-06-03T03:36:09.872Z
J-J60-SWE-2026-003,J60 Bastad,J60,2026-06-01,2026-06-05,800701189,JOEL HENRIKSSON,SWE,B,Boys,singles,main_draw,1,0,1,1,1st Round,5,R32,eliminated,5,5,2026-06-03T03:36:09.872Z
J-J60-SWE-2026-003,J60 Bastad,J60,2026-06-01,2026-06-05,800701189,JOEL HENRIKSSON,SWE,B,Boys,singles,qualifying,3,3,0,3,Quarter-finals,3,Q,still_alive_or_champion,0,0,2026-06-03T03:36:09.872Z
J-J60-SWE-2026-003,J60 Bastad,J60,2026-06-01,2026-06-05,800765381,Julia Moldenius,SWE,G,Girls,singles,main_draw,1,0,1,1,1st Round,5,R32,eliminated,5,5,2026-06-03T03:36:09.872Z
J-J60-SWE-2026-003,J60 Bastad,J60,2026-06-01,2026-06-05,800765381,Julia Moldenius,SWE,G,Girls,singles,qualifying,2,2,0,3,Quarter-finals,3,Q,still_alive_or_champion,0,0,2026-06-03T03:36:09.872Z
J-J60-SWE-2026-003,J60 Bastad,J60,2026-06-01,2026-06-05,800665768,Kaius Ketola,FIN,B,Boys,singles,main_draw,1,0,1,1,1st Round,5,R32,eliminated,5,5,2026-06-03T03:36:09.872Z
J-J60-SWE-2026-003,J60 Bastad,J60,2026-06-01,2026-06-05,800773727,Leo Kullberg,SWE,B,Boys,singles,main_draw,2,1,1,2,2nd Round,5,R16,eliminated,11,11,2026-06-03T03:36:09.872Z
J-J60-SWE-2026-003,J60 Bastad,J60,2026-06-01,2026-06-05,800668648,Leonardo Fiocchi,ITA,B,Boys,singles,main_draw,2,1,1,2,2nd Round,5,R16,eliminated,11,11,2026-06-03T03:36:09.872Z
J-J60-SWE-2026-003,J60 Bastad,J60,2026-06-01,2026-06-05,800668648,Leonardo Fiocchi,ITA,B,Boys,singles,qualifying,3,3,0,3,Quarter-finals,3,Q,still_alive_or_champion,0,0,2026-06-03T03:36:09.872Z
J-J60-SWE-2026-003,J60 Bastad,J60,2026-06-01,2026-06-05,800692530,Lily Samuelsson,SWE,G,Girls,singles,qualifying,1,0,1,1,1st Round,3,Q1,eliminated,0,0,2026-06-03T03:36:09.872Z
J-J60-SWE-2026-003,J60 Bastad,J60,2026-06-01,2026-06-05,800769197,Linnea Aronsson,SWE,G,Girls,singles,qualifying,1,0,1,1,1st Round,3,Q1,eliminated,0,0,2026-06-03T03:36:09.872Z
J-J60-SWE-2026-003,J60 Bastad,J60,2026-06-01,2026-06-05,800598375,Linus Andersson,SWE,B,Boys,singles,main_draw,1,0,1,1,1st Round,5,R32,eliminated,5,5,2026-06-03T03:36:09.872Z
J-J60-SWE-2026-003,J60 Bastad,J60,2026-06-01,2026-06-05,800683576,Lois Bernstein,SWE,G,Girls,singles,main_draw,2,2,0,3,Quarter-finals,5,QF,still_alive_or_champion,18,18,2026-06-03T03:36:09.872Z
J-J60-SWE-2026-003,J60 Bastad,J60,2026-06-01,2026-06-05,800710033,Louise Debano,FRA,G,Girls,singles,main_draw,1,0,1,1,1st Round,5,R32,eliminated,5,5,2026-06-03T03:36:09.872Z
J-J60-SWE-2026-003,J60 Bastad,J60,2026-06-01,2026-06-05,800768472,Lova Aronsson,SWE,G,Girls,singles,main_draw,2,2,0,3,Quarter-finals,5,QF,still_alive_or_champion,18,18,2026-06-03T03:36:09.872Z
J-J60-SWE-2026-003,J60 Bastad,J60,2026-06-01,2026-06-05,800688338,Love Nyqvist,SWE,B,Boys,singles,main_draw,2,2,0,3,Quarter-finals,5,QF,still_alive_or_champion,18,18,2026-06-03T03:36:09.872Z
J-J60-SWE-2026-003,J60 Bastad,J60,2026-06-01,2026-06-05,800767186,Love Persson,SWE,B,Boys,singles,qualifying,1,0,1,1,1st Round,3,Q1,eliminated,0,0,2026-06-03T03:36:09.872Z
J-J60-SWE-2026-003,J60 Bastad,J60,2026-06-01,2026-06-05,800731644,Ludvig Ossian Sward,SWE,B,Boys,singles,qualifying,1,0,1,1,1st Round,3,Q1,eliminated,0,0,2026-06-03T03:36:09.872Z
J-J60-SWE-2026-003,J60 Bastad,J60,2026-06-01,2026-06-05,800627671,Ludwig Tolf,SWE,B,Boys,singles,qualifying,1,0,1,1,1st Round,3,Q1,eliminated,0,0,2026-06-03T03:36:09.872Z
J-J60-SWE-2026-003,J60 Bastad,J60,2026-06-01,2026-06-05,800765000,Lukne Vaitkeviciute,LTU,G,Girls,singles,qualifying,2,1,1,2,2nd Round,3,Q2,eliminated,0,0,2026-06-03T03:36:09.872Z
J-J60-SWE-2026-003,J60 Bastad,J60,2026-06-01,2026-06-05,800644054,Lykke Lindorff,SWE,G,Girls,singles,main_draw,1,0,1,1,1st Round,5,R32,eliminated,5,5,2026-06-03T03:36:09.872Z
J-J60-SWE-2026-003,J60 Bastad,J60,2026-06-01,2026-06-05,800644047,Marco Meacci,ITA,B,Boys,singles,main_draw,2,2,0,3,Quarter-finals,5,QF,still_alive_or_champion,18,18,2026-06-03T03:36:09.872Z
J-J60-SWE-2026-003,J60 Bastad,J60,2026-06-01,2026-06-05,800588014,Marcus Sehested,DEN,B,Boys,singles,main_draw,2,1,1,2,2nd Round,5,R16,eliminated,11,11,2026-06-03T03:36:09.872Z
J-J60-SWE-2026-003,J60 Bastad,J60,2026-06-01,2026-06-05,800725391,Margareth Keref,NOR,G,Girls,singles,main_draw,1,0,1,1,1st Round,5,R32,eliminated,5,5,2026-06-03T03:36:09.872Z
J-J60-SWE-2026-003,J60 Bastad,J60,2026-06-01,2026-06-05,800595764,Marie Johanna Lapimaa,EST,G,Girls,singles,main_draw,2,1,1,2,2nd Round,5,R16,eliminated,11,11,2026-06-03T03:36:09.872Z
J-J60-SWE-2026-003,J60 Bastad,J60,2026-06-01,2026-06-05,800692398,Marta Skantze,SWE,G,Girls,singles,main_draw,1,0,1,1,1st Round,5,R32,eliminated,5,5,2026-06-03T03:36:09.872Z
J-J60-SWE-2026-003,J60 Bastad,J60,2026-06-01,2026-06-05,800707550,Matilde Stamborg,SWE,G,Girls,singles,main_draw,2,2,0,3,Quarter-finals,5,QF,still_alive_or_champion,18,18,2026-06-03T03:36:09.872Z
J-J60-SWE-2026-003,J60 Bastad,J60,2026-06-01,2026-06-05,800673640,Mattia Pescosolido,ITA,B,Boys,singles,main_draw,2,2,0,3,Quarter-finals,5,QF,still_alive_or_champion,18,18,2026-06-03T03:36:09.872Z
J-J60-SWE-2026-003,J60 Bastad,J60,2026-06-01,2026-06-05,800679824,Mattis Thorsnes,NOR,B,Boys,singles,main_draw,2,1,1,2,2nd Round,5,R16,eliminated,11,11,2026-06-03T03:36:09.872Z
J-J60-SWE-2026-003,J60 Bastad,J60,2026-06-01,2026-06-05,800599800,Maximilian Schlawitz,SWE,B,Boys,singles,qualifying,1,0,1,1,1st Round,3,Q1,eliminated,0,0,2026-06-03T03:36:09.872Z
J-J60-SWE-2026-003,J60 Bastad,J60,2026-06-01,2026-06-05,800732463,Maximus Demburg,SWE,B,Boys,singles,main_draw,2,1,1,2,2nd Round,5,R16,eliminated,11,11,2026-06-03T03:36:09.872Z
J-J60-SWE-2026-003,J60 Bastad,J60,2026-06-01,2026-06-05,800771874,Maximus Muller,SWE,B,Boys,singles,main_draw,2,2,0,3,Quarter-finals,5,QF,still_alive_or_champion,18,18,2026-06-03T03:36:09.872Z
J-J60-SWE-2026-003,J60 Bastad,J60,2026-06-01,2026-06-05,800760505,Melwin Giers,SWE,B,Boys,singles,qualifying,1,0,1,1,1st Round,3,Q1,eliminated,0,0,2026-06-03T03:36:09.872Z
J-J60-SWE-2026-003,J60 Bastad,J60,2026-06-01,2026-06-05,800740417,Mika Testart,SWE,G,Girls,singles,main_draw,1,0,1,1,1st Round,5,R32,eliminated,5,5,2026-06-03T03:36:09.872Z
J-J60-SWE-2026-003,J60 Bastad,J60,2026-06-01,2026-06-05,800711385,Mimmie Buchler,SWE,G,Girls,singles,main_draw,2,2,0,3,Quarter-finals,5,QF,still_alive_or_champion,18,18,2026-06-03T03:36:09.872Z
J-J60-SWE-2026-003,J60 Bastad,J60,2026-06-01,2026-06-05,800636105,Mingus Zack Hansen,DEN,B,Boys,singles,main_draw,2,1,1,2,2nd Round,5,R16,eliminated,11,11,2026-06-03T03:36:09.872Z
J-J60-SWE-2026-003,J60 Bastad,J60,2026-06-01,2026-06-05,800682107,Moritz Freitag,AUT,B,Boys,singles,main_draw,2,2,0,3,Quarter-finals,5,QF,still_alive_or_champion,18,18,2026-06-03T03:36:09.872Z
J-J60-SWE-2026-003,J60 Bastad,J60,2026-06-01,2026-06-05,800677036,Nathalie Mackay Westling,SWE,G,Girls,singles,main_draw,1,0,1,1,1st Round,5,R32,eliminated,5,5,2026-06-03T03:36:09.872Z
J-J60-SWE-2026-003,J60 Bastad,J60,2026-06-01,2026-06-05,800668236,Nicolai Rydholt,NOR,B,Boys,singles,qualifying,2,1,1,2,2nd Round,3,Q2,eliminated,0,0,2026-06-03T03:36:09.872Z
J-J60-SWE-2026-003,J60 Bastad,J60,2026-06-01,2026-06-05,800694981,Nicole Saidizand,SWE,G,Girls,singles,main_draw,2,1,1,2,2nd Round,5,R16,eliminated,11,11,2026-06-03T03:36:09.872Z
J-J60-SWE-2026-003,J60 Bastad,J60,2026-06-01,2026-06-05,800734279,Nike Gunnarsson,SWE,G,Girls,singles,qualifying,3,2,1,3,Quarter-finals,3,Q3,eliminated,0,0,2026-06-03T03:36:09.872Z
J-J60-SWE-2026-003,J60 Bastad,J60,2026-06-01,2026-06-05,800653762,Nikolai Hammersmark Gjervan,NOR,B,Boys,singles,qualifying,1,0,1,1,1st Round,3,Q1,eliminated,0,0,2026-06-03T03:36:09.872Z
J-J60-SWE-2026-003,J60 Bastad,J60,2026-06-01,2026-06-05,800601986,Nikolai Shibani,NOR,B,Boys,singles,main_draw,2,2,0,3,Quarter-finals,5,QF,still_alive_or_champion,18,18,2026-06-03T03:36:09.872Z
J-J60-SWE-2026-003,J60 Bastad,J60,2026-06-01,2026-06-05,800579616,Olav Berg,NOR,B,Boys,singles,main_draw,1,0,1,1,1st Round,5,R32,eliminated,5,5,2026-06-03T03:36:09.872Z
J-J60-SWE-2026-003,J60 Bastad,J60,2026-06-01,2026-06-05,800692529,Oliver Wennerstad,SWE,B,Boys,singles,qualifying,1,0,1,1,1st Round,3,Q1,eliminated,0,0,2026-06-03T03:36:09.872Z
J-J60-SWE-2026-003,J60 Bastad,J60,2026-06-01,2026-06-05,800690321,Orvar Andersch,SWE,B,Boys,singles,qualifying,1,0,1,1,1st Round,3,Q1,eliminated,0,0,2026-06-03T03:36:09.872Z
J-J60-SWE-2026-003,J60 Bastad,J60,2026-06-01,2026-06-05,800639427,Oscar Karmteg,SWE,B,Boys,singles,main_draw,1,0,1,1,1st Round,5,R32,eliminated,5,5,2026-06-03T03:36:09.872Z
J-J60-SWE-2026-003,J60 Bastad,J60,2026-06-01,2026-06-05,800692628,Patrick Eklund,SWE,B,Boys,singles,qualifying,2,1,1,2,2nd Round,3,Q2,eliminated,0,0,2026-06-03T03:36:09.872Z
J-J60-SWE-2026-003,J60 Bastad,J60,2026-06-01,2026-06-05,800680696,Rafaela Mihailescu,SWE,G,Girls,singles,qualifying,1,0,1,1,1st Round,3,Q1,eliminated,0,0,2026-06-03T03:36:09.872Z
J-J60-SWE-2026-003,J60 Bastad,J60,2026-06-01,2026-06-05,800770667,Raffaela Lorenti Ribeiro,BRA,G,Girls,singles,qualifying,1,0,1,1,1st Round,3,Q1,eliminated,0,0,2026-06-03T03:36:09.872Z
J-J60-SWE-2026-003,J60 Bastad,J60,2026-06-01,2026-06-05,800780374,Remi Rice,USA,G,Girls,singles,main_draw,2,1,1,2,2nd Round,5,R16,eliminated,11,11,2026-06-03T03:36:09.872Z
J-J60-SWE-2026-003,J60 Bastad,J60,2026-06-01,2026-06-05,800780374,Remi Rice,USA,G,Girls,singles,qualifying,3,3,0,3,Quarter-finals,3,Q,still_alive_or_champion,0,0,2026-06-03T03:36:09.872Z
J-J60-SWE-2026-003,J60 Bastad,J60,2026-06-01,2026-06-05,800731849,Roderic Andersson,SWE,B,Boys,singles,qualifying,1,0,1,1,1st Round,3,Q1,eliminated,0,0,2026-06-03T03:36:09.872Z
J-J60-SWE-2026-003,J60 Bastad,J60,2026-06-01,2026-06-05,800643894,Ruibo Gu,CHN,B,Boys,singles,qualifying,1,0,1,1,1st Round,3,Q1,eliminated,0,0,2026-06-03T03:36:09.872Z
J-J60-SWE-2026-003,J60 Bastad,J60,2026-06-01,2026-06-05,800753837,Sandra Batez,SWE,G,Girls,singles,qualifying,1,0,1,1,1st Round,3,Q1,eliminated,0,0,2026-06-03T03:36:09.872Z
J-J60-SWE-2026-003,J60 Bastad,J60,2026-06-01,2026-06-05,800632353,Scott Authen Johnsen,NOR,B,Boys,singles,qualifying,0,0,0,1,1st Round,3,Q1,not_started_or_unknown,0,0,2026-06-03T03:36:09.872Z
J-J60-SWE-2026-003,J60 Bastad,J60,2026-06-01,2026-06-05,800731508,Sebastian Wolfsberg,SWE,B,Boys,singles,qualifying,2,1,1,2,2nd Round,3,Q2,eliminated,0,0,2026-06-03T03:36:09.872Z
J-J60-SWE-2026-003,J60 Bastad,J60,2026-06-01,2026-06-05,800651412,Shivam Shiv Patel,SWE,B,Boys,singles,qualifying,0,0,0,1,1st Round,3,Q1,not_started_or_unknown,0,0,2026-06-03T03:36:09.872Z
J-J60-SWE-2026-003,J60 Bastad,J60,2026-06-01,2026-06-05,800723608,Sophia Valsted,DEN,G,Girls,singles,main_draw,2,1,1,2,2nd Round,5,R16,eliminated,11,11,2026-06-03T03:36:09.872Z
J-J60-SWE-2026-003,J60 Bastad,J60,2026-06-01,2026-06-05,800759651,Stella Brunfelter,SWE,G,Girls,singles,qualifying,2,1,1,2,2nd Round,3,Q2,eliminated,0,0,2026-06-03T03:36:09.872Z
J-J60-SWE-2026-003,J60 Bastad,J60,2026-06-01,2026-06-05,800774166,Stephani Degac,SWE,G,Girls,singles,main_draw,2,1,1,2,2nd Round,5,R16,eliminated,11,11,2026-06-03T03:36:09.872Z
J-J60-SWE-2026-003,J60 Bastad,J60,2026-06-01,2026-06-05,800764865,Tim Grennvall,SWE,B,Boys,singles,qualifying,1,0,1,1,1st Round,3,Q1,eliminated,0,0,2026-06-03T03:36:09.872Z
J-J60-SWE-2026-003,J60 Bastad,J60,2026-06-01,2026-06-05,800712306,Tristan de Cande,CAN,B,Boys,singles,qualifying,1,0,1,1,1st Round,3,Q1,eliminated,0,0,2026-06-03T03:36:09.872Z
J-J60-SWE-2026-003,J60 Bastad,J60,2026-06-01,2026-06-05,800709260,Tuva Taari,SWE,G,Girls,singles,qualifying,2,1,1,2,2nd Round,3,Q2,eliminated,0,0,2026-06-03T03:36:09.872Z
J-J60-SWE-2026-003,J60 Bastad,J60,2026-06-01,2026-06-05,800775756,Tuva Wennstrom,SWE,G,Girls,singles,qualifying,3,2,1,3,Quarter-finals,3,Q3,eliminated,0,0,2026-06-03T03:36:09.872Z
J-J60-SWE-2026-003,J60 Bastad,J60,2026-06-01,2026-06-05,800695348,Valerie Hafstrom,SWE,G,Girls,singles,main_draw,2,2,0,3,Quarter-finals,5,QF,still_alive_or_champion,18,18,2026-06-03T03:36:09.872Z
J-J60-SWE-2026-003,J60 Bastad,J60,2026-06-01,2026-06-05,800741282,Vera Levin,SWE,G,Girls,singles,main_draw,2,2,0,3,Quarter-finals,5,QF,still_alive_or_champion,18,18,2026-06-03T03:36:09.872Z
J-J60-SWE-2026-003,J60 Bastad,J60,2026-06-01,2026-06-05,800668803,Verneri Riikonen,FIN,B,Boys,singles,main_draw,1,0,1,1,1st Round,5,R32,eliminated,5,5,2026-06-03T03:36:09.872Z
J-J60-SWE-2026-003,J60 Bastad,J60,2026-06-01,2026-06-05,800652322,Victoria Lacki,SWE,G,Girls,singles,main_draw,1,0,1,1,1st Round,5,R32,eliminated,5,5,2026-06-03T03:36:09.872Z
J-J60-SWE-2026-003,J60 Bastad,J60,2026-06-01,2026-06-05,800695049,Vincent Almroth,SWE,B,Boys,singles,main_draw,1,0,1,1,1st Round,5,R32,eliminated,5,5,2026-06-03T03:36:09.872Z
J-J60-SWE-2026-003,J60 Bastad,J60,2026-06-01,2026-06-05,800769296,Vincent Svedstam,SWE,B,Boys,singles,main_draw,1,0,1,1,1st Round,5,R32,eliminated,5,5,2026-06-03T03:36:09.872Z
J-J60-SWE-2026-003,J60 Bastad,J60,2026-06-01,2026-06-05,800708815,Wilhelmina Lindorff,SWE,G,Girls,singles,qualifying,2,1,1,2,2nd Round,3,Q2,eliminated,0,0,2026-06-03T03:36:09.872Z
J-J60-SWE-2026-003,J60 Bastad,J60,2026-06-01,2026-06-05,800727864,William Holmstrom,SWE,B,Boys,singles,qualifying,2,1,1,2,2nd Round,3,Q2,eliminated,0,0,2026-06-03T03:36:09.872Z
J-J60-SWE-2026-003,J60 Bastad,J60,2026-06-01,2026-06-05,800718896,Wilmer Haakansson,SWE,B,Boys,singles,qualifying,1,0,1,1,1st Round,3,Q1,eliminated,0,0,2026-06-03T03:36:09.872Z
J-J60-USA-2026-003,J60 Champaign,J60,2026-06-01,2026-06-06,800822516,Alex Salloum,USA,B,Boys,singles,qualifying,1,0,1,1,1st Round,1,Q1,eliminated,0,0,2026-06-03T03:36:09.872Z
J-J60-USA-2026-003,J60 Champaign,J60,2026-06-01,2026-06-06,800766398,Alexander Lerman,USA,B,Boys,singles,qualifying,0,0,0,1,1st Round,1,Q1,not_started_or_unknown,0,0,2026-06-03T03:36:09.872Z
J-J60-USA-2026-003,J60 Champaign,J60,2026-06-01,2026-06-06,800870562,Alexis Nilles,USA,G,Girls,singles,qualifying,0,0,0,1,1st Round,1,Q1,not_started_or_unknown,0,0,2026-06-03T03:36:09.872Z
J-J60-USA-2026-003,J60 Champaign,J60,2026-06-01,2026-06-06,800870441,Austin Potter,USA,B,Boys,singles,qualifying,1,1,0,1,1st Round,1,Q,still_alive_or_champion,0,0,2026-06-03T03:36:09.872Z
J-J60-USA-2026-003,J60 Champaign,J60,2026-06-01,2026-06-06,800824582,Beatrice Bizzieri,USA,G,Girls,singles,qualifying,0,0,0,1,1st Round,1,Q1,not_started_or_unknown,0,0,2026-06-03T03:36:09.872Z
J-J60-USA-2026-003,J60 Champaign,J60,2026-06-01,2026-06-06,800779484,Blake Okoh,USA,B,Boys,singles,qualifying,0,0,0,1,1st Round,1,Q1,not_started_or_unknown,0,0,2026-06-03T03:36:09.872Z
J-J60-USA-2026-003,J60 Champaign,J60,2026-06-01,2026-06-06,800733134,Brice Vincent Baisa,PHI,B,Boys,singles,qualifying,0,0,0,1,1st Round,1,Q1,not_started_or_unknown,0,0,2026-06-03T03:36:09.872Z
J-J60-USA-2026-003,J60 Champaign,J60,2026-06-01,2026-06-06,800870445,Brody Feldman,USA,B,Boys,singles,qualifying,1,0,1,1,1st Round,1,Q1,eliminated,0,0,2026-06-03T03:36:09.872Z
J-J60-USA-2026-003,J60 Champaign,J60,2026-06-01,2026-06-06,800867667,Caroline Coan,USA,G,Girls,singles,qualifying,0,0,0,1,1st Round,1,Q1,not_started_or_unknown,0,0,2026-06-03T03:36:09.872Z
J-J60-USA-2026-003,J60 Champaign,J60,2026-06-01,2026-06-06,800852712,Dylan Warn,USA,B,Boys,singles,qualifying,1,0,1,1,1st Round,1,Q1,eliminated,0,0,2026-06-03T03:36:09.872Z
J-J60-USA-2026-003,J60 Champaign,J60,2026-06-01,2026-06-06,800768238,Gregg Carlevato,USA,B,Boys,singles,qualifying,1,1,0,1,1st Round,1,Q,still_alive_or_champion,0,0,2026-06-03T03:36:09.872Z
J-J60-USA-2026-003,J60 Champaign,J60,2026-06-01,2026-06-06,800850692,Harsha Vardhana Devisetty,IND,B,Boys,singles,qualifying,0,0,0,1,1st Round,1,Q1,not_started_or_unknown,0,0,2026-06-03T03:36:09.872Z
J-J60-USA-2026-003,J60 Champaign,J60,2026-06-01,2026-06-06,800868915,Ivan Erickson,USA,B,Boys,singles,qualifying,0,0,0,1,1st Round,1,Q1,not_started_or_unknown,0,0,2026-06-03T03:36:09.872Z
J-J60-USA-2026-003,J60 Champaign,J60,2026-06-01,2026-06-06,800802590,Julius Rippl,USA,B,Boys,singles,qualifying,0,0,0,1,1st Round,1,Q1,not_started_or_unknown,0,0,2026-06-03T03:36:09.872Z
J-J60-USA-2026-003,J60 Champaign,J60,2026-06-01,2026-06-06,800735793,Lydia Parranto,USA,G,Girls,singles,qualifying,0,0,0,1,1st Round,1,Q1,not_started_or_unknown,0,0,2026-06-03T03:36:09.872Z
J-J60-USA-2026-003,J60 Champaign,J60,2026-06-01,2026-06-06,800814873,Mia Wesolowski,CAN,G,Girls,singles,qualifying,0,0,0,1,1st Round,1,Q1,not_started_or_unknown,0,0,2026-06-03T03:36:09.872Z
J-J60-USA-2026-003,J60 Champaign,J60,2026-06-01,2026-06-06,800811636,Neva Talari,USA,G,Girls,singles,qualifying,0,0,0,1,1st Round,1,Q1,not_started_or_unknown,0,0,2026-06-03T03:36:09.872Z
J-J60-USA-2026-003,J60 Champaign,J60,2026-06-01,2026-06-06,800655104,Oleksandra Revina,UKR,G,Girls,singles,qualifying,0,0,0,1,1st Round,1,Q1,not_started_or_unknown,0,0,2026-06-03T03:36:09.872Z
J-J60-USA-2026-003,J60 Champaign,J60,2026-06-01,2026-06-06,800842094,Oliver Caldwell,USA,B,Boys,singles,qualifying,1,1,0,1,1st Round,1,Q,still_alive_or_champion,0,0,2026-06-03T03:36:09.872Z
J-J60-USA-2026-003,J60 Champaign,J60,2026-06-01,2026-06-06,800868119,Riley Lepsi,USA,G,Girls,singles,qualifying,0,0,0,1,1st Round,1,Q1,not_started_or_unknown,0,0,2026-06-03T03:36:09.872Z
J-J60-CHN-2026-008,J60 Chengdu,J60,2026-06-01,2026-06-06,800779258,Anqi Li,CHN,G,Girls,singles,qualifying,1,0,1,1,1st Round,2,Q1,eliminated,0,0,2026-06-03T03:36:09.872Z
J-J60-CHN-2026-008,J60 Chengdu,J60,2026-06-01,2026-06-06,800799216,Antoni Yu,AUS,B,Boys,singles,qualifying,1,1,0,2,2nd Round,2,Q,still_alive_or_champion,0,0,2026-06-03T03:36:09.872Z
J-J60-CHN-2026-008,J60 Chengdu,J60,2026-06-01,2026-06-06,800732417,Athit Cassinis,LAO,B,Boys,singles,qualifying,2,1,1,2,2nd Round,2,Q2,eliminated,0,0,2026-06-03T03:36:09.872Z
J-J60-CHN-2026-008,J60 Chengdu,J60,2026-06-01,2026-06-06,800781753,boyu liu,CHN,B,Boys,singles,qualifying,1,0,1,1,1st Round,2,Q1,eliminated,0,0,2026-06-03T03:36:09.872Z
J-J60-CHN-2026-008,J60 Chengdu,J60,2026-06-01,2026-06-06,800811874,Changshi Jin,CHN,B,Boys,singles,qualifying,1,0,1,1,1st Round,2,Q1,eliminated,0,0,2026-06-03T03:36:09.872Z
J-J60-CHN-2026-008,J60 Chengdu,J60,2026-06-01,2026-06-06,800746655,CHENGEN ZHAO,CHN,G,Girls,singles,qualifying,1,0,1,1,1st Round,2,Q1,eliminated,0,0,2026-06-03T03:36:09.872Z
J-J60-CHN-2026-008,J60 Chengdu,J60,2026-06-01,2026-06-06,800791675,Chenxi Zhao,CHN,G,Girls,singles,qualifying,2,2,0,2,2nd Round,2,Q,still_alive_or_champion,0,0,2026-06-03T03:36:09.872Z
J-J60-CHN-2026-008,J60 Chengdu,J60,2026-06-01,2026-06-06,800791672,Chenxuan Zhao,CHN,G,Girls,singles,qualifying,2,2,0,2,2nd Round,2,Q,still_alive_or_champion,0,0,2026-06-03T03:36:09.872Z
J-J60-CHN-2026-008,J60 Chengdu,J60,2026-06-01,2026-06-06,800809421,Ching-Yi Hsu,TPE,G,Girls,singles,qualifying,1,0,1,1,1st Round,2,Q1,eliminated,0,0,2026-06-03T03:36:09.872Z
J-J60-CHN-2026-008,J60 Chengdu,J60,2026-06-01,2026-06-06,800784476,Dingchen Cui,CHN,B,Boys,singles,qualifying,2,2,0,2,2nd Round,2,Q,still_alive_or_champion,0,0,2026-06-03T03:36:09.872Z
J-J60-CHN-2026-008,J60 Chengdu,J60,2026-06-01,2026-06-06,800829017,Ethan Yin,USA,B,Boys,singles,qualifying,1,0,1,1,1st Round,2,Q1,eliminated,0,0,2026-06-03T03:36:09.872Z
J-J60-CHN-2026-008,J60 Chengdu,J60,2026-06-01,2026-06-06,800765040,Haitao Mai,CHN,B,Boys,singles,qualifying,1,0,1,1,1st Round,2,Q1,eliminated,0,0,2026-06-03T03:36:09.872Z
J-J60-CHN-2026-008,J60 Chengdu,J60,2026-06-01,2026-06-06,800805243,Jasper Yu,HKG,B,Boys,singles,qualifying,2,1,1,2,2nd Round,2,Q2,eliminated,0,0,2026-06-03T03:36:09.872Z
J-J60-CHN-2026-008,J60 Chengdu,J60,2026-06-01,2026-06-06,800780331,Jiawei Dai,CHN,B,Boys,singles,qualifying,1,0,1,1,1st Round,2,Q1,eliminated,0,0,2026-06-03T03:36:09.872Z
J-J60-CHN-2026-008,J60 Chengdu,J60,2026-06-01,2026-06-06,800809433,Jingwen Cui,CHN,G,Girls,singles,qualifying,2,2,0,2,2nd Round,2,Q,still_alive_or_champion,0,0,2026-06-03T03:36:09.872Z
J-J60-CHN-2026-008,J60 Chengdu,J60,2026-06-01,2026-06-06,800780319,Jinkang Huang,CHN,B,Boys,singles,qualifying,2,1,1,2,2nd Round,2,Q2,eliminated,0,0,2026-06-03T03:36:09.872Z
J-J60-CHN-2026-008,J60 Chengdu,J60,2026-06-01,2026-06-06,800842753,Jinyi Chen,CHN,G,Girls,singles,qualifying,1,0,1,1,1st Round,2,Q1,eliminated,0,0,2026-06-03T03:36:09.872Z
J-J60-CHN-2026-008,J60 Chengdu,J60,2026-06-01,2026-06-06,800761475,LiuBeiYi Zhang,CHN,B,Boys,singles,qualifying,2,2,0,2,2nd Round,2,Q,still_alive_or_champion,0,0,2026-06-03T03:36:09.872Z
J-J60-CHN-2026-008,J60 Chengdu,J60,2026-06-01,2026-06-06,800793625,Meimei Hu,CHN,G,Girls,singles,qualifying,1,0,1,2,2nd Round,2,Q1,eliminated,0,0,2026-06-03T03:36:09.872Z
J-J60-CHN-2026-008,J60 Chengdu,J60,2026-06-01,2026-06-06,800821409,Miaolin Guan,CHN,G,Girls,singles,qualifying,1,0,1,1,1st Round,2,Q1,eliminated,0,0,2026-06-03T03:36:09.872Z
J-J60-CHN-2026-008,J60 Chengdu,J60,2026-06-01,2026-06-06,800754499,Nga Ching GUO,HKG,G,Girls,singles,qualifying,2,1,1,2,2nd Round,2,Q2,eliminated,0,0,2026-06-03T03:36:09.872Z
J-J60-CHN-2026-008,J60 Chengdu,J60,2026-06-01,2026-06-06,800761238,Pengfei Ye,CHN,B,Boys,singles,qualifying,2,2,0,2,2nd Round,2,Q,still_alive_or_champion,0,0,2026-06-03T03:36:09.872Z
J-J60-CHN-2026-008,J60 Chengdu,J60,2026-06-01,2026-06-06,800733305,Qihao Zeng,CHN,B,Boys,singles,qualifying,1,0,1,1,1st Round,2,Q1,eliminated,0,0,2026-06-03T03:36:09.872Z
J-J60-CHN-2026-008,J60 Chengdu,J60,2026-06-01,2026-06-06,800832001,Ruoqi Jia,CHN,G,Girls,singles,qualifying,2,1,1,2,2nd Round,2,Q2,eliminated,0,0,2026-06-03T03:36:09.872Z
J-J60-CHN-2026-008,J60 Chengdu,J60,2026-06-01,2026-06-06,800754790,RuoQing Yang,CHN,G,Girls,singles,qualifying,1,0,1,1,1st Round,2,Q1,eliminated,0,0,2026-06-03T03:36:09.872Z
J-J60-CHN-2026-008,J60 Chengdu,J60,2026-06-01,2026-06-06,800837722,Saige Kojok,AUS,G,Girls,singles,qualifying,1,0,1,1,1st Round,2,Q1,eliminated,0,0,2026-06-03T03:36:09.873Z
J-J60-CHN-2026-008,J60 Chengdu,J60,2026-06-01,2026-06-06,800791984,Shaoya Zhao,CHN,G,Girls,singles,qualifying,1,1,0,2,2nd Round,2,Q,still_alive_or_champion,0,0,2026-06-03T03:36:09.873Z
J-J60-CHN-2026-008,J60 Chengdu,J60,2026-06-01,2026-06-06,800836642,Siyan Jiang,CHN,G,Girls,singles,qualifying,2,1,1,2,2nd Round,2,Q2,eliminated,0,0,2026-06-03T03:36:09.873Z
J-J60-CHN-2026-008,J60 Chengdu,J60,2026-06-01,2026-06-06,800848927,Siyuan Li,CHN,G,Girls,singles,qualifying,1,0,1,2,2nd Round,2,Q1,eliminated,0,0,2026-06-03T03:36:09.873Z
J-J60-CHN-2026-008,J60 Chengdu,J60,2026-06-01,2026-06-06,800768619,Tang Shangqin,CHN,B,Boys,singles,qualifying,1,0,1,1,1st Round,2,Q1,eliminated,0,0,2026-06-03T03:36:09.873Z
J-J60-CHN-2026-008,J60 Chengdu,J60,2026-06-01,2026-06-06,800755233,Wang Manqiao,CHN,G,Girls,singles,qualifying,1,1,0,2,2nd Round,2,Q,still_alive_or_champion,0,0,2026-06-03T03:36:09.873Z
J-J60-CHN-2026-008,J60 Chengdu,J60,2026-06-01,2026-06-06,800844988,Wentong Liu,CHN,B,Boys,singles,qualifying,1,0,1,2,2nd Round,2,Q1,eliminated,0,0,2026-06-03T03:36:09.873Z
J-J60-CHN-2026-008,J60 Chengdu,J60,2026-06-01,2026-06-06,800849079,Xumo Zhang,CHN,G,Girls,singles,qualifying,1,0,1,1,1st Round,2,Q1,eliminated,0,0,2026-06-03T03:36:09.873Z
J-J60-CHN-2026-008,J60 Chengdu,J60,2026-06-01,2026-06-06,800776505,yahan gong,CHN,G,Girls,singles,qualifying,1,1,0,2,2nd Round,2,Q,still_alive_or_champion,0,0,2026-06-03T03:36:09.873Z
J-J60-CHN-2026-008,J60 Chengdu,J60,2026-06-01,2026-06-06,800797288,Yani Qiu,CHN,G,Girls,singles,qualifying,2,1,1,2,2nd Round,2,Q2,eliminated,0,0,2026-06-03T03:36:09.873Z
J-J60-CHN-2026-008,J60 Chengdu,J60,2026-06-01,2026-06-06,800767091,yidu Yang,CHN,B,Boys,singles,qualifying,1,0,1,2,2nd Round,2,Q1,eliminated,0,0,2026-06-03T03:36:09.873Z
J-J60-CHN-2026-008,J60 Chengdu,J60,2026-06-01,2026-06-06,800760715,Yilin Jian,CHN,G,Girls,singles,qualifying,1,0,1,2,2nd Round,2,Q1,eliminated,0,0,2026-06-03T03:36:09.873Z
J-J60-CHN-2026-008,J60 Chengdu,J60,2026-06-01,2026-06-06,800765572,Yingjie Tang,CHN,B,Boys,singles,qualifying,1,1,0,2,2nd Round,2,Q,still_alive_or_champion,0,0,2026-06-03T03:36:09.873Z
J-J60-CHN-2026-008,J60 Chengdu,J60,2026-06-01,2026-06-06,800781965,Yiran Zhang,CHN,B,Boys,singles,qualifying,1,1,0,2,2nd Round,2,Q,still_alive_or_champion,0,0,2026-06-03T03:36:09.873Z
J-J60-CHN-2026-008,J60 Chengdu,J60,2026-06-01,2026-06-06,800800299,Yishan Jian,CHN,G,Girls,singles,qualifying,1,1,0,2,2nd Round,2,Q,still_alive_or_champion,0,0,2026-06-03T03:36:09.873Z
J-J60-CHN-2026-008,J60 Chengdu,J60,2026-06-01,2026-06-06,800769031,yunze zhu,CHN,B,Boys,singles,qualifying,1,0,1,1,1st Round,2,Q1,eliminated,0,0,2026-06-03T03:36:09.873Z
J-J60-CHN-2026-008,J60 Chengdu,J60,2026-06-01,2026-06-06,800778825,Yuting Zhang,CHN,G,Girls,singles,qualifying,1,1,0,2,2nd Round,2,Q,still_alive_or_champion,0,0,2026-06-03T03:36:09.873Z
J-J60-CHN-2026-008,J60 Chengdu,J60,2026-06-01,2026-06-06,800774776,Zeyu Huang,CHN,B,Boys,singles,qualifying,2,1,1,2,2nd Round,2,Q2,eliminated,0,0,2026-06-03T03:36:09.873Z
J-J60-CHN-2026-008,J60 Chengdu,J60,2026-06-01,2026-06-06,800829412,Zhuoxuan Guan,CHN,G,Girls,singles,qualifying,2,1,1,2,2nd Round,2,Q2,eliminated,0,0,2026-06-03T03:36:09.873Z
J-J60-CHN-2026-008,J60 Chengdu,J60,2026-06-01,2026-06-06,800798022,Zichen Li,CHN,B,Boys,singles,qualifying,1,0,1,2,2nd Round,2,Q1,eliminated,0,0,2026-06-03T03:36:09.873Z
J-J60-CHN-2026-008,J60 Chengdu,J60,2026-06-01,2026-06-06,800759305,Zihao Liu,CHN,B,Boys,singles,qualifying,1,1,0,2,2nd Round,2,Q,still_alive_or_champion,0,0,2026-06-03T03:36:09.873Z
J-J60-CHN-2026-008,J60 Chengdu,J60,2026-06-01,2026-06-06,800761993,Zou Victor,CHN,B,Boys,singles,qualifying,2,1,1,2,2nd Round,2,Q2,eliminated,0,0,2026-06-03T03:36:09.873Z
J-J60-CHN-2026-008,J60 Chengdu,J60,2026-06-01,2026-06-06,800799291,Zuwei Chen,CHN,B,Boys,singles,qualifying,1,1,0,2,2nd Round,2,Q,still_alive_or_champion,0,0,2026-06-03T03:36:09.873Z
J-J60-KGZ-2026-001,J60 Cholpon-Ata,J60,2026-06-01,2026-06-06,800708495,Abdurakhmon Karimov,UZB,B,Boys,doubles,main_draw,0,0,0,2,Quarter-finals,4,R16,not_started_or_unknown,11,2.75,2026-06-03T03:36:09.873Z
J-J60-KGZ-2026-001,J60 Cholpon-Ata,J60,2026-06-01,2026-06-06,800675376,Alissa Korolyova,KAZ,G,Girls,doubles,main_draw,1,1,0,2,Quarter-finals,4,QF,still_alive_or_champion,18,4.5,2026-06-03T03:36:09.873Z
J-J60-KGZ-2026-001,J60 Cholpon-Ata,J60,2026-06-01,2026-06-06,800676399,Aliya Tursynkhanova,KAZ,G,Girls,doubles,main_draw,1,1,0,2,Quarter-finals,4,QF,still_alive_or_champion,18,4.5,2026-06-03T03:36:09.873Z
J-J60-KGZ-2026-001,J60 Cholpon-Ata,J60,2026-06-01,2026-06-06,800777476,Amina Subkhangulova,RUS,G,Girls,doubles,main_draw,1,1,0,2,Quarter-finals,4,QF,still_alive_or_champion,18,4.5,2026-06-03T03:36:09.873Z
J-J60-KGZ-2026-001,J60 Cholpon-Ata,J60,2026-06-01,2026-06-06,800694727,Anastasia Kostomarova,RUS,G,Girls,doubles,main_draw,1,0,1,1,1st Round,4,R16,eliminated,11,2.75,2026-06-03T03:36:09.873Z
J-J60-KGZ-2026-001,J60 Cholpon-Ata,J60,2026-06-01,2026-06-06,800817857,Anatoliy Khil,RUS,B,Boys,doubles,main_draw,1,0,1,1,1st Round,4,R16,eliminated,11,2.75,2026-06-03T03:36:09.873Z
J-J60-KGZ-2026-001,J60 Cholpon-Ata,J60,2026-06-01,2026-06-06,800691076,Arina Atabaeva,RUS,G,Girls,doubles,main_draw,1,0,1,1,1st Round,4,R16,eliminated,11,2.75,2026-06-03T03:36:09.873Z
J-J60-KGZ-2026-001,J60 Cholpon-Ata,J60,2026-06-01,2026-06-06,800660490,Atai Aseinov,KGZ,B,Boys,doubles,main_draw,1,1,0,2,Quarter-finals,4,QF,still_alive_or_champion,18,4.5,2026-06-03T03:36:09.873Z
J-J60-KGZ-2026-001,J60 Cholpon-Ata,J60,2026-06-01,2026-06-06,800692534,Ayana Shadubekova,KGZ,G,Girls,doubles,main_draw,1,0,1,1,1st Round,4,R16,eliminated,11,2.75,2026-06-03T03:36:09.873Z
J-J60-KGZ-2026-001,J60 Cholpon-Ata,J60,2026-06-01,2026-06-06,800647228,Berke Muammer Okumus,TUR,B,Boys,doubles,main_draw,0,0,0,2,Quarter-finals,4,R16,not_started_or_unknown,11,2.75,2026-06-03T03:36:09.873Z
J-J60-KGZ-2026-001,J60 Cholpon-Ata,J60,2026-06-01,2026-06-06,800664363,Damir Niyazov,KAZ,B,Boys,doubles,main_draw,1,0,1,1,1st Round,4,R16,eliminated,11,2.75,2026-06-03T03:36:09.873Z
J-J60-KGZ-2026-001,J60 Cholpon-Ata,J60,2026-06-01,2026-06-06,800756957,Daniial Karymbaev,KGZ,B,Boys,doubles,main_draw,1,0,1,1,1st Round,4,R16,eliminated,11,2.75,2026-06-03T03:36:09.873Z
J-J60-KGZ-2026-001,J60 Cholpon-Ata,J60,2026-06-01,2026-06-06,800656134,Darya Savina,KAZ,G,Girls,doubles,main_draw,0,0,0,2,Quarter-finals,4,R16,not_started_or_unknown,11,2.75,2026-06-03T03:36:09.873Z
J-J60-KGZ-2026-001,J60 Cholpon-Ata,J60,2026-06-01,2026-06-06,800697545,Datkaiym Urmatbekova,KGZ,G,Girls,doubles,main_draw,1,1,0,2,Quarter-finals,4,QF,still_alive_or_champion,18,4.5,2026-06-03T03:36:09.873Z
J-J60-KGZ-2026-001,J60 Cholpon-Ata,J60,2026-06-01,2026-06-06,800660623,DAVID MOGILEVSKY,ISR,B,Boys,doubles,main_draw,0,0,0,2,Quarter-finals,4,R16,not_started_or_unknown,11,2.75,2026-06-03T03:36:09.873Z
J-J60-KGZ-2026-001,J60 Cholpon-Ata,J60,2026-06-01,2026-06-06,800653457,Ekaterina Matsko,RUS,G,Girls,doubles,main_draw,1,0,1,1,1st Round,4,R16,eliminated,11,2.75,2026-06-03T03:36:09.873Z
J-J60-KGZ-2026-001,J60 Cholpon-Ata,J60,2026-06-01,2026-06-06,800664194,Elijah Shinkarenko,USA,B,Boys,doubles,main_draw,1,1,0,2,Quarter-finals,4,QF,still_alive_or_champion,18,4.5,2026-06-03T03:36:09.873Z
J-J60-KGZ-2026-001,J60 Cholpon-Ata,J60,2026-06-01,2026-06-06,800691242,Eva Kozlova,RUS,G,Girls,doubles,main_draw,1,0,1,1,1st Round,4,R16,eliminated,11,2.75,2026-06-03T03:36:09.873Z
J-J60-KGZ-2026-001,J60 Cholpon-Ata,J60,2026-06-01,2026-06-06,800580088,Evelina Balaganskaya,KAZ,G,Girls,doubles,main_draw,1,1,0,2,Quarter-finals,4,QF,still_alive_or_champion,18,4.5,2026-06-03T03:36:09.873Z
J-J60-KGZ-2026-001,J60 Cholpon-Ata,J60,2026-06-01,2026-06-06,800644710,Fedor Evdokimov,RUS,B,Boys,doubles,main_draw,1,1,0,2,Quarter-finals,4,QF,still_alive_or_champion,18,4.5,2026-06-03T03:36:09.873Z
J-J60-KGZ-2026-001,J60 Cholpon-Ata,J60,2026-06-01,2026-06-06,800795939,Georgy Pronin,RUS,B,Boys,doubles,main_draw,1,1,0,2,Quarter-finals,4,QF,still_alive_or_champion,18,4.5,2026-06-03T03:36:09.873Z
J-J60-KGZ-2026-001,J60 Cholpon-Ata,J60,2026-06-01,2026-06-06,800835729,Iana Kopylova,RUS,G,Girls,doubles,main_draw,1,1,0,2,Quarter-finals,4,QF,still_alive_or_champion,18,4.5,2026-06-03T03:36:09.873Z
J-J60-KGZ-2026-001,J60 Cholpon-Ata,J60,2026-06-01,2026-06-06,800575095,Iana Semichina,MDA,G,Girls,doubles,main_draw,0,0,0,2,Quarter-finals,4,R16,not_started_or_unknown,11,2.75,2026-06-03T03:36:09.873Z
J-J60-KGZ-2026-001,J60 Cholpon-Ata,J60,2026-06-01,2026-06-06,800718171,Ildana Zaripova,RUS,G,Girls,doubles,main_draw,1,1,0,2,Quarter-finals,4,QF,still_alive_or_champion,18,4.5,2026-06-03T03:36:09.873Z
J-J60-KGZ-2026-001,J60 Cholpon-Ata,J60,2026-06-01,2026-06-06,800652754,Kamal Fakhretdinov,RUS,B,Boys,doubles,main_draw,1,0,1,1,1st Round,4,R16,eliminated,11,2.75,2026-06-03T03:36:09.873Z
J-J60-KGZ-2026-001,J60 Cholpon-Ata,J60,2026-06-01,2026-06-06,800737682,Kira Mikaelian,RUS,G,Girls,doubles,main_draw,1,1,0,2,Quarter-finals,4,QF,still_alive_or_champion,18,4.5,2026-06-03T03:36:09.873Z
J-J60-KGZ-2026-001,J60 Cholpon-Ata,J60,2026-06-01,2026-06-06,800573301,Kristina Kruchenko,KAZ,G,Girls,doubles,main_draw,0,0,0,2,Quarter-finals,4,R16,not_started_or_unknown,11,2.75,2026-06-03T03:36:09.873Z
J-J60-KGZ-2026-001,J60 Cholpon-Ata,J60,2026-06-01,2026-06-06,800718131,Leila Iliasova,KGZ,G,Girls,doubles,main_draw,1,0,1,1,1st Round,4,R16,eliminated,11,2.75,2026-06-03T03:36:09.873Z
J-J60-KGZ-2026-001,J60 Cholpon-Ata,J60,2026-06-01,2026-06-06,800742084,Leisan Iliasova,KGZ,G,Girls,doubles,main_draw,1,0,1,1,1st Round,4,R16,eliminated,11,2.75,2026-06-03T03:36:09.873Z
J-J60-KGZ-2026-001,J60 Cholpon-Ata,J60,2026-06-01,2026-06-06,800709321,Lev Klimov,KAZ,B,Boys,doubles,main_draw,1,0,1,1,1st Round,4,R16,eliminated,11,2.75,2026-06-03T03:36:09.873Z
J-J60-KGZ-2026-001,J60 Cholpon-Ata,J60,2026-06-01,2026-06-06,800710317,Makhmudbek Beknazarov,UZB,B,Boys,doubles,main_draw,0,0,0,2,Quarter-finals,4,R16,not_started_or_unknown,11,2.75,2026-06-03T03:36:09.873Z
J-J60-KGZ-2026-001,J60 Cholpon-Ata,J60,2026-06-01,2026-06-06,800792354,Milana Podlesnaya,KAZ,G,Girls,doubles,main_draw,1,0,1,1,1st Round,4,R16,eliminated,11,2.75,2026-06-03T03:36:09.873Z
J-J60-KGZ-2026-001,J60 Cholpon-Ata,J60,2026-06-01,2026-06-06,800740796,Naeema Kubanychbekova,KGZ,G,Girls,doubles,main_draw,1,0,1,1,1st Round,4,R16,eliminated,11,2.75,2026-06-03T03:36:09.873Z
J-J60-KGZ-2026-001,J60 Cholpon-Ata,J60,2026-06-01,2026-06-06,800692094,Nicole Skrinjar,KGZ,G,Girls,doubles,main_draw,1,1,0,2,Quarter-finals,4,QF,still_alive_or_champion,18,4.5,2026-06-03T03:36:09.873Z
J-J60-KGZ-2026-001,J60 Cholpon-Ata,J60,2026-06-01,2026-06-06,800683698,Nikita Ermolov,RUS,B,Boys,doubles,main_draw,1,0,1,1,1st Round,4,R16,eliminated,11,2.75,2026-06-03T03:36:09.873Z
J-J60-KGZ-2026-001,J60 Cholpon-Ata,J60,2026-06-01,2026-06-06,800661322,Nikita Gafurov,UZB,B,Boys,doubles,main_draw,1,1,0,2,Quarter-finals,4,QF,still_alive_or_champion,18,4.5,2026-06-03T03:36:09.873Z
J-J60-KGZ-2026-001,J60 Cholpon-Ata,J60,2026-06-01,2026-06-06,800850192,Nikita Mironov,RUS,B,Boys,doubles,main_draw,1,0,1,1,1st Round,4,R16,eliminated,11,2.75,2026-06-03T03:36:09.873Z
J-J60-KGZ-2026-001,J60 Cholpon-Ata,J60,2026-06-01,2026-06-06,800767193,Nithinbarath Ks,IND,B,Boys,doubles,main_draw,1,1,0,2,Quarter-finals,4,QF,still_alive_or_champion,18,4.5,2026-06-03T03:36:09.873Z
J-J60-KGZ-2026-001,J60 Cholpon-Ata,J60,2026-06-01,2026-06-06,800662853,Panshul Uboveja,IND,B,Boys,doubles,main_draw,0,0,0,2,Quarter-finals,4,R16,not_started_or_unknown,11,2.75,2026-06-03T03:36:09.873Z
J-J60-KGZ-2026-001,J60 Cholpon-Ata,J60,2026-06-01,2026-06-06,800595811,Petr Bocharov,RUS,B,Boys,doubles,main_draw,1,0,1,1,1st Round,4,R16,eliminated,11,2.75,2026-06-03T03:36:09.873Z
J-J60-KGZ-2026-001,J60 Cholpon-Ata,J60,2026-06-01,2026-06-06,800682961,Ridvan Loianov,KGZ,B,Boys,doubles,main_draw,1,1,0,2,Quarter-finals,4,QF,still_alive_or_champion,18,4.5,2026-06-03T03:36:09.873Z
J-J60-KGZ-2026-001,J60 Cholpon-Ata,J60,2026-06-01,2026-06-06,800735552,Saara Myzaeva,KGZ,G,Girls,doubles,main_draw,1,0,1,1,1st Round,4,R16,eliminated,11,2.75,2026-06-03T03:36:09.873Z
J-J60-KGZ-2026-001,J60 Cholpon-Ata,J60,2026-06-01,2026-06-06,800781402,Samira Kamalova,UZB,G,Girls,doubles,main_draw,1,1,0,2,Quarter-finals,4,QF,still_alive_or_champion,18,4.5,2026-06-03T03:36:09.873Z
J-J60-KGZ-2026-001,J60 Cholpon-Ata,J60,2026-06-01,2026-06-06,800690847,Sofia Lomakina,RUS,G,Girls,doubles,main_draw,0,0,0,2,Quarter-finals,4,R16,not_started_or_unknown,11,2.75,2026-06-03T03:36:09.873Z
J-J60-KGZ-2026-001,J60 Cholpon-Ata,J60,2026-06-01,2026-06-06,800659444,Tatyana Ivanova,KAZ,G,Girls,doubles,main_draw,1,1,0,2,Quarter-finals,4,QF,still_alive_or_champion,18,4.5,2026-06-03T03:36:09.873Z
J-J60-KGZ-2026-001,J60 Cholpon-Ata,J60,2026-06-01,2026-06-06,800657256,Timur Gordeev,RUS,B,Boys,doubles,main_draw,0,0,0,2,Quarter-finals,4,R16,not_started_or_unknown,11,2.75,2026-06-03T03:36:09.873Z
J-J60-KGZ-2026-001,J60 Cholpon-Ata,J60,2026-06-01,2026-06-06,800687315,Valeriia Derevyankina,RUS,G,Girls,doubles,main_draw,1,0,1,1,1st Round,4,R16,eliminated,11,2.75,2026-06-03T03:36:09.873Z
J-J60-KGZ-2026-001,J60 Cholpon-Ata,J60,2026-06-01,2026-06-06,800735028,Viktor Serikov,KAZ,B,Boys,doubles,main_draw,1,1,0,2,Quarter-finals,4,QF,still_alive_or_champion,18,4.5,2026-06-03T03:36:09.873Z
J-J60-KGZ-2026-001,J60 Cholpon-Ata,J60,2026-06-01,2026-06-06,800643045,Yegor Sorokin,KAZ,B,Boys,doubles,main_draw,0,0,0,2,Quarter-finals,4,R16,not_started_or_unknown,11,2.75,2026-06-03T03:36:09.873Z
J-J60-KGZ-2026-001,J60 Cholpon-Ata,J60,2026-06-01,2026-06-06,800684591,Yelizaveta Slepchenko,KAZ,G,Girls,doubles,main_draw,1,0,1,1,1st Round,4,R16,eliminated,11,2.75,2026-06-03T03:36:09.873Z
J-J60-KGZ-2026-001,J60 Cholpon-Ata,J60,2026-06-01,2026-06-06,800675526,Yuliya Gulaya,KAZ,G,Girls,doubles,main_draw,1,1,0,2,Quarter-finals,4,QF,still_alive_or_champion,18,4.5,2026-06-03T03:36:09.873Z
J-J60-KGZ-2026-001,J60 Cholpon-Ata,J60,2026-06-01,2026-06-06,800654081,Yunus Zulfar,KAZ,B,Boys,doubles,main_draw,0,0,0,2,Quarter-finals,4,R16,not_started_or_unknown,11,2.75,2026-06-03T03:36:09.873Z
J-J60-KGZ-2026-001,J60 Cholpon-Ata,J60,2026-06-01,2026-06-06,800708495,Abdurakhmon Karimov,UZB,B,Boys,singles,main_draw,0,0,0,2,2nd Round,5,R32,not_started_or_unknown,5,5,2026-06-03T03:36:09.873Z
J-J60-KGZ-2026-001,J60 Cholpon-Ata,J60,2026-06-01,2026-06-06,800598995,Alan Zinatulin,UZB,B,Boys,singles,main_draw,0,0,0,2,2nd Round,5,R32,not_started_or_unknown,5,5,2026-06-03T03:36:09.873Z
J-J60-KGZ-2026-001,J60 Cholpon-Ata,J60,2026-06-01,2026-06-06,800652202,Alexander Figurovskiy,RUS,B,Boys,singles,main_draw,0,0,0,1,1st Round,5,R32,not_started_or_unknown,5,5,2026-06-03T03:36:09.873Z
J-J60-KGZ-2026-001,J60 Cholpon-Ata,J60,2026-06-01,2026-06-06,800789938,Alinur Musa,KAZ,B,Boys,singles,main_draw,1,0,1,1,1st Round,5,R32,eliminated,5,5,2026-06-03T03:36:09.873Z
J-J60-KGZ-2026-001,J60 Cholpon-Ata,J60,2026-06-01,2026-06-06,800675376,Alissa Korolyova,KAZ,G,Girls,singles,main_draw,1,1,0,2,2nd Round,5,R16,still_alive_or_champion,11,11,2026-06-03T03:36:09.873Z
J-J60-KGZ-2026-001,J60 Cholpon-Ata,J60,2026-06-01,2026-06-06,800676399,Aliya Tursynkhanova,KAZ,G,Girls,singles,main_draw,1,0,1,1,1st Round,5,R32,eliminated,5,5,2026-06-03T03:36:09.873Z
J-J60-KGZ-2026-001,J60 Cholpon-Ata,J60,2026-06-01,2026-06-06,800777476,Amina Subkhangulova,RUS,G,Girls,singles,main_draw,1,1,0,2,2nd Round,5,R16,still_alive_or_champion,11,11,2026-06-03T03:36:09.873Z
J-J60-KGZ-2026-001,J60 Cholpon-Ata,J60,2026-06-01,2026-06-06,800694727,Anastasia Kostomarova,RUS,G,Girls,singles,main_draw,1,0,1,1,1st Round,5,R32,eliminated,5,5,2026-06-03T03:36:09.873Z
J-J60-KGZ-2026-001,J60 Cholpon-Ata,J60,2026-06-01,2026-06-06,800817857,Anatoliy Khil,RUS,B,Boys,singles,main_draw,1,0,1,1,1st Round,5,R32,eliminated,5,5,2026-06-03T03:36:09.873Z
J-J60-KGZ-2026-001,J60 Cholpon-Ata,J60,2026-06-01,2026-06-06,800691076,Arina Atabaeva,RUS,G,Girls,singles,main_draw,1,0,1,1,1st Round,5,R32,eliminated,5,5,2026-06-03T03:36:09.873Z
J-J60-KGZ-2026-001,J60 Cholpon-Ata,J60,2026-06-01,2026-06-06,800815259,Artem Ozerov,KGZ,B,Boys,singles,main_draw,1,0,1,1,1st Round,5,R32,eliminated,5,5,2026-06-03T03:36:09.873Z
J-J60-KGZ-2026-001,J60 Cholpon-Ata,J60,2026-06-01,2026-06-06,800660490,Atai Aseinov,KGZ,B,Boys,singles,main_draw,0,0,0,2,2nd Round,5,R32,not_started_or_unknown,5,5,2026-06-03T03:36:09.873Z
J-J60-KGZ-2026-001,J60 Cholpon-Ata,J60,2026-06-01,2026-06-06,800692534,Ayana Shadubekova,KGZ,G,Girls,singles,main_draw,1,0,1,1,1st Round,5,R32,eliminated,5,5,2026-06-03T03:36:09.873Z
J-J60-KGZ-2026-001,J60 Cholpon-Ata,J60,2026-06-01,2026-06-06,800647228,Berke Muammer Okumus,TUR,B,Boys,singles,main_draw,1,1,0,2,2nd Round,5,R16,still_alive_or_champion,11,11,2026-06-03T03:36:09.873Z
J-J60-KGZ-2026-001,J60 Cholpon-Ata,J60,2026-06-01,2026-06-06,800664363,Damir Niyazov,KAZ,B,Boys,singles,main_draw,1,0,1,1,1st Round,5,R32,eliminated,5,5,2026-06-03T03:36:09.873Z
J-J60-KGZ-2026-001,J60 Cholpon-Ata,J60,2026-06-01,2026-06-06,800664363,Damir Niyazov,KAZ,B,Boys,singles,qualifying,0,0,0,2,Quarter-finals,2,Q1,not_started_or_unknown,0,0,2026-06-03T03:36:09.873Z
J-J60-KGZ-2026-001,J60 Cholpon-Ata,J60,2026-06-01,2026-06-06,800756957,Daniial Karymbaev,KGZ,B,Boys,singles,main_draw,1,0,1,1,1st Round,5,R32,eliminated,5,5,2026-06-03T03:36:09.873Z
J-J60-KGZ-2026-001,J60 Cholpon-Ata,J60,2026-06-01,2026-06-06,800656134,Darya Savina,KAZ,G,Girls,singles,main_draw,0,0,0,2,2nd Round,5,R32,not_started_or_unknown,5,5,2026-06-03T03:36:09.873Z
J-J60-KGZ-2026-001,J60 Cholpon-Ata,J60,2026-06-01,2026-06-06,800697545,Datkaiym Urmatbekova,KGZ,G,Girls,singles,main_draw,1,0,1,1,1st Round,5,R32,eliminated,5,5,2026-06-03T03:36:09.873Z
J-J60-KGZ-2026-001,J60 Cholpon-Ata,J60,2026-06-01,2026-06-06,800660623,DAVID MOGILEVSKY,ISR,B,Boys,singles,main_draw,1,1,0,2,2nd Round,5,R16,still_alive_or_champion,11,11,2026-06-03T03:36:09.873Z
J-J60-KGZ-2026-001,J60 Cholpon-Ata,J60,2026-06-01,2026-06-06,800708335,Dhanush M,IND,B,Boys,singles,qualifying,0,0,0,2,Quarter-finals,2,Q1,not_started_or_unknown,0,0,2026-06-03T03:36:09.873Z
J-J60-KGZ-2026-001,J60 Cholpon-Ata,J60,2026-06-01,2026-06-06,800653457,Ekaterina Matsko,RUS,G,Girls,singles,main_draw,1,1,0,2,2nd Round,5,R16,still_alive_or_champion,11,11,2026-06-03T03:36:09.873Z
J-J60-KGZ-2026-001,J60 Cholpon-Ata,J60,2026-06-01,2026-06-06,800664194,Elijah Shinkarenko,USA,B,Boys,singles,main_draw,1,1,0,2,2nd Round,5,R16,still_alive_or_champion,11,11,2026-06-03T03:36:09.873Z
J-J60-KGZ-2026-001,J60 Cholpon-Ata,J60,2026-06-01,2026-06-06,800850215,Esinbek Nematov,UZB,B,Boys,singles,qualifying,0,0,0,1,1st Round,2,Q1,not_started_or_unknown,0,0,2026-06-03T03:36:09.873Z
J-J60-KGZ-2026-001,J60 Cholpon-Ata,J60,2026-06-01,2026-06-06,800691242,Eva Kozlova,RUS,G,Girls,singles,main_draw,1,1,0,2,2nd Round,5,R16,still_alive_or_champion,11,11,2026-06-03T03:36:09.873Z
J-J60-KGZ-2026-001,J60 Cholpon-Ata,J60,2026-06-01,2026-06-06,800580088,Evelina Balaganskaya,KAZ,G,Girls,singles,main_draw,0,0,0,2,2nd Round,5,R32,not_started_or_unknown,5,5,2026-06-03T03:36:09.873Z
J-J60-KGZ-2026-001,J60 Cholpon-Ata,J60,2026-06-01,2026-06-06,800644710,Fedor Evdokimov,RUS,B,Boys,singles,main_draw,1,1,0,2,2nd Round,5,R16,still_alive_or_champion,11,11,2026-06-03T03:36:09.873Z
J-J60-KGZ-2026-001,J60 Cholpon-Ata,J60,2026-06-01,2026-06-06,800795939,Georgy Pronin,RUS,B,Boys,singles,main_draw,1,1,0,2,2nd Round,5,R16,still_alive_or_champion,11,11,2026-06-03T03:36:09.873Z
J-J60-KGZ-2026-001,J60 Cholpon-Ata,J60,2026-06-01,2026-06-06,800835729,Iana Kopylova,RUS,G,Girls,singles,main_draw,1,1,0,2,2nd Round,5,R16,still_alive_or_champion,11,11,2026-06-03T03:36:09.873Z
J-J60-KGZ-2026-001,J60 Cholpon-Ata,J60,2026-06-01,2026-06-06,800575095,Iana Semichina,MDA,G,Girls,singles,main_draw,1,1,0,2,2nd Round,5,R16,still_alive_or_champion,11,11,2026-06-03T03:36:09.873Z
J-J60-KGZ-2026-001,J60 Cholpon-Ata,J60,2026-06-01,2026-06-06,800718171,Ildana Zaripova,RUS,G,Girls,singles,main_draw,1,1,0,2,2nd Round,5,R16,still_alive_or_champion,11,11,2026-06-03T03:36:09.873Z
J-J60-KGZ-2026-001,J60 Cholpon-Ata,J60,2026-06-01,2026-06-06,800652754,Kamal Fakhretdinov,RUS,B,Boys,singles,main_draw,1,1,0,2,2nd Round,5,R16,still_alive_or_champion,11,11,2026-06-03T03:36:09.873Z
J-J60-KGZ-2026-001,J60 Cholpon-Ata,J60,2026-06-01,2026-06-06,800737682,Kira Mikaelian,RUS,G,Girls,singles,main_draw,1,1,0,2,2nd Round,5,R16,still_alive_or_champion,11,11,2026-06-03T03:36:09.873Z
J-J60-KGZ-2026-001,J60 Cholpon-Ata,J60,2026-06-01,2026-06-06,800573301,Kristina Kruchenko,KAZ,G,Girls,singles,main_draw,0,0,0,2,2nd Round,5,R32,not_started_or_unknown,5,5,2026-06-03T03:36:09.873Z
J-J60-KGZ-2026-001,J60 Cholpon-Ata,J60,2026-06-01,2026-06-06,800718131,Leila Iliasova,KGZ,G,Girls,singles,main_draw,1,0,1,1,1st Round,5,R32,eliminated,5,5,2026-06-03T03:36:09.873Z
J-J60-KGZ-2026-001,J60 Cholpon-Ata,J60,2026-06-01,2026-06-06,800742084,Leisan Iliasova,KGZ,G,Girls,singles,main_draw,1,0,1,1,1st Round,5,R32,eliminated,5,5,2026-06-03T03:36:09.873Z
J-J60-KGZ-2026-001,J60 Cholpon-Ata,J60,2026-06-01,2026-06-06,800709321,Lev Klimov,KAZ,B,Boys,singles,main_draw,1,0,1,1,1st Round,5,R32,eliminated,5,5,2026-06-03T03:36:09.873Z
J-J60-KGZ-2026-001,J60 Cholpon-Ata,J60,2026-06-01,2026-06-06,800709321,Lev Klimov,KAZ,B,Boys,singles,qualifying,0,0,0,2,Quarter-finals,2,Q1,not_started_or_unknown,0,0,2026-06-03T03:36:09.873Z
J-J60-KGZ-2026-001,J60 Cholpon-Ata,J60,2026-06-01,2026-06-06,800710317,Makhmudbek Beknazarov,UZB,B,Boys,singles,main_draw,0,0,0,2,2nd Round,5,R32,not_started_or_unknown,5,5,2026-06-03T03:36:09.873Z
J-J60-KGZ-2026-001,J60 Cholpon-Ata,J60,2026-06-01,2026-06-06,800792354,Milana Podlesnaya,KAZ,G,Girls,singles,main_draw,1,1,0,2,2nd Round,5,R16,still_alive_or_champion,11,11,2026-06-03T03:36:09.873Z
J-J60-KGZ-2026-001,J60 Cholpon-Ata,J60,2026-06-01,2026-06-06,800816379,Muhammadamin Juraev,UZB,B,Boys,singles,qualifying,0,0,0,1,1st Round,2,Q1,not_started_or_unknown,0,0,2026-06-03T03:36:09.873Z
J-J60-KGZ-2026-001,J60 Cholpon-Ata,J60,2026-06-01,2026-06-06,800804140,Murodjon Raxmidinov,UZB,B,Boys,singles,qualifying,0,0,0,2,Quarter-finals,2,Q1,not_started_or_unknown,0,0,2026-06-03T03:36:09.873Z
J-J60-KGZ-2026-001,J60 Cholpon-Ata,J60,2026-06-01,2026-06-06,800740796,Naeema Kubanychbekova,KGZ,G,Girls,singles,main_draw,1,0,1,1,1st Round,5,R32,eliminated,5,5,2026-06-03T03:36:09.873Z
J-J60-KGZ-2026-001,J60 Cholpon-Ata,J60,2026-06-01,2026-06-06,800692094,Nicole Skrinjar,KGZ,G,Girls,singles,main_draw,1,0,1,1,1st Round,5,R32,eliminated,5,5,2026-06-03T03:36:09.873Z
J-J60-KGZ-2026-001,J60 Cholpon-Ata,J60,2026-06-01,2026-06-06,800683698,Nikita Ermolov,RUS,B,Boys,singles,main_draw,1,0,1,1,1st Round,5,R32,eliminated,5,5,2026-06-03T03:36:09.873Z
J-J60-KGZ-2026-001,J60 Cholpon-Ata,J60,2026-06-01,2026-06-06,800683698,Nikita Ermolov,RUS,B,Boys,singles,qualifying,1,1,0,2,Quarter-finals,2,Q,still_alive_or_champion,0,0,2026-06-03T03:36:09.873Z
J-J60-KGZ-2026-001,J60 Cholpon-Ata,J60,2026-06-01,2026-06-06,800661322,Nikita Gafurov,UZB,B,Boys,singles,main_draw,1,1,0,2,2nd Round,5,R16,still_alive_or_champion,11,11,2026-06-03T03:36:09.873Z
J-J60-KGZ-2026-001,J60 Cholpon-Ata,J60,2026-06-01,2026-06-06,800850192,Nikita Mironov,RUS,B,Boys,singles,main_draw,1,0,1,1,1st Round,5,R32,eliminated,5,5,2026-06-03T03:36:09.873Z
J-J60-KGZ-2026-001,J60 Cholpon-Ata,J60,2026-06-01,2026-06-06,800850192,Nikita Mironov,RUS,B,Boys,singles,qualifying,0,0,0,2,Quarter-finals,2,Q1,not_started_or_unknown,0,0,2026-06-03T03:36:09.873Z
J-J60-KGZ-2026-001,J60 Cholpon-Ata,J60,2026-06-01,2026-06-06,800767193,Nithinbarath Ks,IND,B,Boys,singles,main_draw,1,1,0,2,2nd Round,5,R16,still_alive_or_champion,11,11,2026-06-03T03:36:09.873Z
J-J60-KGZ-2026-001,J60 Cholpon-Ata,J60,2026-06-01,2026-06-06,800662853,Panshul Uboveja,IND,B,Boys,singles,main_draw,1,1,0,2,2nd Round,5,R16,still_alive_or_champion,11,11,2026-06-03T03:36:09.873Z
J-J60-KGZ-2026-001,J60 Cholpon-Ata,J60,2026-06-01,2026-06-06,800595811,Petr Bocharov,RUS,B,Boys,singles,main_draw,1,1,0,2,2nd Round,5,R16,still_alive_or_champion,11,11,2026-06-03T03:36:09.873Z
J-J60-KGZ-2026-001,J60 Cholpon-Ata,J60,2026-06-01,2026-06-06,800704486,Raphael Kalyuzhnov,KAZ,B,Boys,singles,main_draw,0,0,0,1,1st Round,5,R32,not_started_or_unknown,5,5,2026-06-03T03:36:09.873Z
J-J60-KGZ-2026-001,J60 Cholpon-Ata,J60,2026-06-01,2026-06-06,800704486,Raphael Kalyuzhnov,KAZ,B,Boys,singles,qualifying,1,0,1,1,1st Round,2,Q1,eliminated,0,0,2026-06-03T03:36:09.873Z
J-J60-KGZ-2026-001,J60 Cholpon-Ata,J60,2026-06-01,2026-06-06,800682961,Ridvan Loianov,KGZ,B,Boys,singles,main_draw,1,0,1,1,1st Round,5,R32,eliminated,5,5,2026-06-03T03:36:09.873Z
J-J60-KGZ-2026-001,J60 Cholpon-Ata,J60,2026-06-01,2026-06-06,800735552,Saara Myzaeva,KGZ,G,Girls,singles,main_draw,1,0,1,1,1st Round,5,R32,eliminated,5,5,2026-06-03T03:36:09.873Z
J-J60-KGZ-2026-001,J60 Cholpon-Ata,J60,2026-06-01,2026-06-06,800781402,Samira Kamalova,UZB,G,Girls,singles,main_draw,1,0,1,1,1st Round,5,R32,eliminated,5,5,2026-06-03T03:36:09.873Z
J-J60-KGZ-2026-001,J60 Cholpon-Ata,J60,2026-06-01,2026-06-06,800705792,Shai shankar Desam,IND,B,Boys,singles,qualifying,0,0,0,1,1st Round,2,Q1,not_started_or_unknown,0,0,2026-06-03T03:36:09.873Z
J-J60-KGZ-2026-001,J60 Cholpon-Ata,J60,2026-06-01,2026-06-06,800690847,Sofia Lomakina,RUS,G,Girls,singles,main_draw,0,0,0,2,2nd Round,5,R32,not_started_or_unknown,5,5,2026-06-03T03:36:09.873Z
J-J60-KGZ-2026-001,J60 Cholpon-Ata,J60,2026-06-01,2026-06-06,800854727,Sumedh Shivaji Gutte,IND,B,Boys,singles,qualifying,0,0,0,1,1st Round,2,Q1,not_started_or_unknown,0,0,2026-06-03T03:36:09.873Z
J-J60-KGZ-2026-001,J60 Cholpon-Ata,J60,2026-06-01,2026-06-06,800659444,Tatyana Ivanova,KAZ,G,Girls,singles,main_draw,1,1,0,2,2nd Round,5,R16,still_alive_or_champion,11,11,2026-06-03T03:36:09.873Z
J-J60-KGZ-2026-001,J60 Cholpon-Ata,J60,2026-06-01,2026-06-06,800657256,Timur Gordeev,RUS,B,Boys,singles,main_draw,0,0,0,2,2nd Round,5,R32,not_started_or_unknown,5,5,2026-06-03T03:36:09.873Z
J-J60-KGZ-2026-001,J60 Cholpon-Ata,J60,2026-06-01,2026-06-06,800687315,Valeriia Derevyankina,RUS,G,Girls,singles,main_draw,1,1,0,2,2nd Round,5,R16,still_alive_or_champion,11,11,2026-06-03T03:36:09.873Z
J-J60-KGZ-2026-001,J60 Cholpon-Ata,J60,2026-06-01,2026-06-06,800735028,Viktor Serikov,KAZ,B,Boys,singles,main_draw,1,0,1,1,1st Round,5,R32,eliminated,5,5,2026-06-03T03:36:09.873Z
J-J60-KGZ-2026-001,J60 Cholpon-Ata,J60,2026-06-01,2026-06-06,800643045,Yegor Sorokin,KAZ,B,Boys,singles,main_draw,1,0,1,1,1st Round,5,R32,eliminated,5,5,2026-06-03T03:36:09.873Z
J-J60-KGZ-2026-001,J60 Cholpon-Ata,J60,2026-06-01,2026-06-06,800684591,Yelizaveta Slepchenko,KAZ,G,Girls,singles,main_draw,1,0,1,1,1st Round,5,R32,eliminated,5,5,2026-06-03T03:36:09.873Z
J-J60-KGZ-2026-001,J60 Cholpon-Ata,J60,2026-06-01,2026-06-06,800675526,Yuliya Gulaya,KAZ,G,Girls,singles,main_draw,1,1,0,2,2nd Round,5,R16,still_alive_or_champion,11,11,2026-06-03T03:36:09.873Z
J-J60-KGZ-2026-001,J60 Cholpon-Ata,J60,2026-06-01,2026-06-06,800654081,Yunus Zulfar,KAZ,B,Boys,singles,main_draw,1,1,0,2,2nd Round,5,R16,still_alive_or_champion,11,11,2026-06-03T03:36:09.873Z
J-J60-AUS-2026-001,J60 Darwin,J60,2026-06-01,2026-06-06,800776745,Ali Farahani,AUS,B,Boys,singles,qualifying,1,0,1,2,2nd Round,2,Q1,eliminated,0,0,2026-06-03T03:36:09.873Z
J-J60-AUS-2026-001,J60 Darwin,J60,2026-06-01,2026-06-06,800831959,Alicia Ward,AUS,G,Girls,singles,qualifying,2,1,1,2,2nd Round,2,Q2,eliminated,0,0,2026-06-03T03:36:09.873Z
J-J60-AUS-2026-001,J60 Darwin,J60,2026-06-01,2026-06-06,800785783,Angela Xiao,AUS,G,Girls,singles,qualifying,1,1,0,2,2nd Round,2,Q,still_alive_or_champion,0,0,2026-06-03T03:36:09.873Z
J-J60-AUS-2026-001,J60 Darwin,J60,2026-06-01,2026-06-06,800869092,Audrey Chen,AUS,G,Girls,singles,qualifying,1,1,0,2,2nd Round,2,Q,still_alive_or_champion,0,0,2026-06-03T03:36:09.873Z
J-J60-AUS-2026-001,J60 Darwin,J60,2026-06-01,2026-06-06,800723137,Brennon Ng,SGP,B,Boys,singles,qualifying,1,1,0,2,2nd Round,2,Q,still_alive_or_champion,0,0,2026-06-03T03:36:09.873Z
J-J60-AUS-2026-001,J60 Darwin,J60,2026-06-01,2026-06-06,800831356,Caitlyn Casey,AUS,G,Girls,singles,qualifying,1,0,1,2,2nd Round,2,Q1,eliminated,0,0,2026-06-03T03:36:09.873Z
J-J60-AUS-2026-001,J60 Darwin,J60,2026-06-01,2026-06-06,800867894,Charlotte Mckay,AUS,G,Girls,singles,qualifying,1,0,1,1,1st Round,2,Q1,eliminated,0,0,2026-06-03T03:36:09.873Z
J-J60-AUS-2026-001,J60 Darwin,J60,2026-06-01,2026-06-06,800804171,Claire Rossana Scuderi,AUS,G,Girls,singles,qualifying,1,0,1,1,1st Round,2,Q1,eliminated,0,0,2026-06-03T03:36:09.873Z
J-J60-AUS-2026-001,J60 Darwin,J60,2026-06-01,2026-06-06,800716673,CY Jonathan Wong,HKG,B,Boys,singles,qualifying,1,0,1,1,1st Round,2,Q1,eliminated,0,0,2026-06-03T03:36:09.873Z
J-J60-AUS-2026-001,J60 Darwin,J60,2026-06-01,2026-06-06,800819629,Diahna Srikanth,AUS,G,Girls,singles,qualifying,1,0,1,1,1st Round,2,Q1,eliminated,0,0,2026-06-03T03:36:09.873Z
J-J60-AUS-2026-001,J60 Darwin,J60,2026-06-01,2026-06-06,800792883,Elisha Wee,AUS,B,Boys,singles,qualifying,1,1,0,2,2nd Round,2,Q,still_alive_or_champion,0,0,2026-06-03T03:36:09.873Z
J-J60-AUS-2026-001,J60 Darwin,J60,2026-06-01,2026-06-06,800865078,Elishia Crowhurst,AUS,G,Girls,singles,qualifying,1,0,1,1,1st Round,2,Q1,eliminated,0,0,2026-06-03T03:36:09.873Z
J-J60-AUS-2026-001,J60 Darwin,J60,2026-06-01,2026-06-06,800748454,Ella Stares,AUS,G,Girls,singles,qualifying,1,0,1,2,2nd Round,2,Q1,eliminated,0,0,2026-06-03T03:36:09.873Z
J-J60-AUS-2026-001,J60 Darwin,J60,2026-06-01,2026-06-06,800764119,Elona Thorne,AUS,G,Girls,singles,qualifying,1,0,1,2,2nd Round,2,Q1,eliminated,0,0,2026-06-03T03:36:09.873Z
J-J60-AUS-2026-001,J60 Darwin,J60,2026-06-01,2026-06-06,800826926,Ethan Harker,AUS,B,Boys,singles,qualifying,1,0,1,1,1st Round,2,Q1,eliminated,0,0,2026-06-03T03:36:09.873Z
J-J60-AUS-2026-001,J60 Darwin,J60,2026-06-01,2026-06-06,800680491,Gurneil Singh,AUS,B,Boys,singles,qualifying,1,0,1,2,2nd Round,2,Q1,eliminated,0,0,2026-06-03T03:36:09.873Z
J-J60-AUS-2026-001,J60 Darwin,J60,2026-06-01,2026-06-06,800865327,Haasini Saravanan,AUS,G,Girls,singles,qualifying,2,1,1,2,2nd Round,2,Q2,eliminated,0,0,2026-06-03T03:36:09.873Z
J-J60-AUS-2026-001,J60 Darwin,J60,2026-06-01,2026-06-06,800848153,Hayden Revell,AUS,B,Boys,singles,qualifying,0,0,0,1,1st Round,2,Q1,not_started_or_unknown,0,0,2026-06-03T03:36:09.873Z
J-J60-AUS-2026-001,J60 Darwin,J60,2026-06-01,2026-06-06,800867523,Hunter Mills,AUS,B,Boys,singles,qualifying,1,0,1,1,1st Round,2,Q1,eliminated,0,0,2026-06-03T03:36:09.873Z
J-J60-AUS-2026-001,J60 Darwin,J60,2026-06-01,2026-06-06,800818132,Imogen Hoppo,AUS,G,Girls,singles,qualifying,2,1,1,2,2nd Round,2,Q2,eliminated,0,0,2026-06-03T03:36:09.873Z
J-J60-AUS-2026-001,J60 Darwin,J60,2026-06-01,2026-06-06,800841806,Inara Ahmed,AUS,G,Girls,singles,qualifying,2,1,1,2,2nd Round,2,Q2,eliminated,0,0,2026-06-03T03:36:09.873Z
J-J60-AUS-2026-001,J60 Darwin,J60,2026-06-01,2026-06-06,800866158,Jordyn Ozga,AUS,G,Girls,singles,qualifying,1,1,0,2,2nd Round,2,Q,still_alive_or_champion,0,0,2026-06-03T03:36:09.873Z
J-J60-AUS-2026-001,J60 Darwin,J60,2026-06-01,2026-06-06,800846243,Knox Treasure,AUS,B,Boys,singles,qualifying,2,1,1,2,2nd Round,2,Q2,eliminated,0,0,2026-06-03T03:36:09.873Z
J-J60-AUS-2026-001,J60 Darwin,J60,2026-06-01,2026-06-06,800852659,Kyla Guirguis,AUS,G,Girls,singles,qualifying,1,1,0,2,2nd Round,2,Q,still_alive_or_champion,0,0,2026-06-03T03:36:09.873Z
J-J60-AUS-2026-001,J60 Darwin,J60,2026-06-01,2026-06-06,800779073,Lakshay Madankumar,AUS,B,Boys,singles,qualifying,1,0,1,2,2nd Round,2,Q1,eliminated,0,0,2026-06-03T03:36:09.873Z
J-J60-AUS-2026-001,J60 Darwin,J60,2026-06-01,2026-06-06,800866798,Lucy Mcnaught,AUS,G,Girls,singles,qualifying,1,0,1,1,1st Round,2,Q1,eliminated,0,0,2026-06-03T03:36:09.873Z
J-J60-AUS-2026-001,J60 Darwin,J60,2026-06-01,2026-06-06,800826905,Maiia Salbieva,AUS,G,Girls,singles,qualifying,1,1,0,2,2nd Round,2,Q,still_alive_or_champion,0,0,2026-06-03T03:36:09.873Z
J-J60-AUS-2026-001,J60 Darwin,J60,2026-06-01,2026-06-06,800709312,Mira Arvind,AUS,G,Girls,singles,qualifying,1,1,0,2,2nd Round,2,Q,still_alive_or_champion,0,0,2026-06-03T03:36:09.873Z
J-J60-AUS-2026-001,J60 Darwin,J60,2026-06-01,2026-06-06,800817386,Nandhini Sumesh Eswaramangalath,IND,G,Girls,singles,qualifying,2,2,0,2,2nd Round,2,Q,still_alive_or_champion,0,0,2026-06-03T03:36:09.873Z
J-J60-AUS-2026-001,J60 Darwin,J60,2026-06-01,2026-06-06,800752278,Neve Upston,NZL,B,Boys,singles,qualifying,1,1,0,2,2nd Round,2,Q,still_alive_or_champion,0,0,2026-06-03T03:36:09.873Z
J-J60-AUS-2026-001,J60 Darwin,J60,2026-06-01,2026-06-06,800800958,Nexis Bermingham,AUS,G,Girls,singles,qualifying,1,0,1,2,2nd Round,2,Q1,eliminated,0,0,2026-06-03T03:36:09.873Z
J-J60-AUS-2026-001,J60 Darwin,J60,2026-06-01,2026-06-06,800838976,Noah Kaneda-Hession,AUS,B,Boys,singles,qualifying,2,1,1,2,2nd Round,2,Q2,eliminated,0,0,2026-06-03T03:36:09.873Z
J-J60-AUS-2026-001,J60 Darwin,J60,2026-06-01,2026-06-06,800867606,Riley Clark,AUS,B,Boys,singles,qualifying,1,0,1,1,1st Round,2,Q1,eliminated,0,0,2026-06-03T03:36:09.873Z
J-J60-AUS-2026-001,J60 Darwin,J60,2026-06-01,2026-06-06,800706734,Rishi Makesar,AUS,B,Boys,singles,qualifying,2,2,0,2,2nd Round,2,Q,still_alive_or_champion,0,0,2026-06-03T03:36:09.873Z
J-J60-AUS-2026-001,J60 Darwin,J60,2026-06-01,2026-06-06,800829282,Roy Vo,AUS,B,Boys,singles,qualifying,1,0,1,1,1st Round,2,Q1,eliminated,0,0,2026-06-03T03:36:09.873Z
J-J60-AUS-2026-001,J60 Darwin,J60,2026-06-01,2026-06-06,800759543,Sebastian Scott,NZL,B,Boys,singles,qualifying,2,2,0,2,2nd Round,2,Q,still_alive_or_champion,0,0,2026-06-03T03:36:09.873Z
J-J60-AUS-2026-001,J60 Darwin,J60,2026-06-01,2026-06-06,800735651,Shaurya Ghodke,IND,B,Boys,singles,qualifying,1,0,1,1,1st Round,2,Q1,eliminated,0,0,2026-06-03T03:36:09.873Z
J-J60-AUS-2026-001,J60 Darwin,J60,2026-06-01,2026-06-06,800713874,Suyash Makesar,AUS,B,Boys,singles,qualifying,1,1,0,2,2nd Round,2,Q,still_alive_or_champion,0,0,2026-06-03T03:36:09.873Z
J-J60-AUS-2026-001,J60 Darwin,J60,2026-06-01,2026-06-06,800867787,Taylor Albury,AUS,G,Girls,singles,qualifying,1,1,0,2,2nd Round,2,Q,still_alive_or_champion,0,0,2026-06-03T03:36:09.873Z
J-J60-AUS-2026-001,J60 Darwin,J60,2026-06-01,2026-06-06,800824386,Tyler Zeuschner,AUS,B,Boys,singles,qualifying,1,0,1,2,2nd Round,2,Q1,eliminated,0,0,2026-06-03T03:36:09.873Z
J-J60-AUS-2026-001,J60 Darwin,J60,2026-06-01,2026-06-06,800813180,Vivaan Nehra,AUS,B,Boys,singles,qualifying,2,1,1,2,2nd Round,2,Q2,eliminated,0,0,2026-06-03T03:36:09.873Z
J-J60-AUS-2026-001,J60 Darwin,J60,2026-06-01,2026-06-06,800829995,William Pengelly,AUS,B,Boys,singles,qualifying,2,1,1,2,2nd Round,2,Q2,eliminated,0,0,2026-06-03T03:36:09.873Z
J-J60-AUS-2026-001,J60 Darwin,J60,2026-06-01,2026-06-06,800817246,Xavier Gowland,AUS,B,Boys,singles,qualifying,1,1,0,2,2nd Round,2,Q,still_alive_or_champion,0,0,2026-06-03T03:36:09.873Z
J-J60-AUS-2026-001,J60 Darwin,J60,2026-06-01,2026-06-06,800830516,Zayd Joosab,AUS,B,Boys,singles,qualifying,1,1,0,2,2nd Round,2,Q,still_alive_or_champion,0,0,2026-06-03T03:36:09.873Z
J-J60-CAN-2026-007,J60 Edmonton,J60,2026-06-01,2026-06-06,800765977,Aaryan Bhalla,USA,B,Boys,singles,qualifying,1,1,0,1,1st Round,1,Q,still_alive_or_champion,0,0,2026-06-03T03:36:09.873Z
J-J60-CAN-2026-007,J60 Edmonton,J60,2026-06-01,2026-06-06,800819238,Alexandra Walker,CAN,G,Girls,singles,qualifying,1,1,0,1,1st Round,1,Q,still_alive_or_champion,0,0,2026-06-03T03:36:09.873Z
J-J60-CAN-2026-007,J60 Edmonton,J60,2026-06-01,2026-06-06,800764200,Amaris Khotin-Fialkov,CAN,G,Girls,singles,qualifying,1,1,0,1,1st Round,1,Q,still_alive_or_champion,0,0,2026-06-03T03:36:09.873Z
J-J60-CAN-2026-007,J60 Edmonton,J60,2026-06-01,2026-06-06,800863912,Angus Adelaar,CAN,B,Boys,singles,qualifying,1,0,1,1,1st Round,1,Q1,eliminated,0,0,2026-06-03T03:36:09.873Z
J-J60-CAN-2026-007,J60 Edmonton,J60,2026-06-01,2026-06-06,800832927,Audrina Cheng,CAN,G,Girls,singles,qualifying,1,0,1,1,1st Round,1,Q1,eliminated,0,0,2026-06-03T03:36:09.873Z
J-J60-CAN-2026-007,J60 Edmonton,J60,2026-06-01,2026-06-06,800829271,Constantine Fung,CAN,B,Boys,singles,qualifying,1,0,1,1,1st Round,1,Q1,eliminated,0,0,2026-06-03T03:36:09.873Z
J-J60-CAN-2026-007,J60 Edmonton,J60,2026-06-01,2026-06-06,800786543,Daniel Danesh Pour,CAN,B,Boys,singles,qualifying,1,0,1,1,1st Round,1,Q1,eliminated,0,0,2026-06-03T03:36:09.873Z
J-J60-CAN-2026-007,J60 Edmonton,J60,2026-06-01,2026-06-06,800847914,Divya Murthy,USA,G,Girls,singles,qualifying,1,0,1,1,1st Round,1,Q1,eliminated,0,0,2026-06-03T03:36:09.873Z
J-J60-CAN-2026-007,J60 Edmonton,J60,2026-06-01,2026-06-06,800808118,Ela Trkulja,CAN,G,Girls,singles,qualifying,1,1,0,1,1st Round,1,Q,still_alive_or_champion,0,0,2026-06-03T03:36:09.873Z
J-J60-CAN-2026-007,J60 Edmonton,J60,2026-06-01,2026-06-06,800865784,Eli Cibic,CAN,B,Boys,singles,qualifying,1,0,1,1,1st Round,1,Q1,eliminated,0,0,2026-06-03T03:36:09.873Z
J-J60-CAN-2026-007,J60 Edmonton,J60,2026-06-01,2026-06-06,800833608,Eva Khadka,CAN,G,Girls,singles,qualifying,1,0,1,1,1st Round,1,Q1,eliminated,0,0,2026-06-03T03:36:09.873Z
J-J60-CAN-2026-007,J60 Edmonton,J60,2026-06-01,2026-06-06,800856105,Ezekiel Cheruvallath,CAN,B,Boys,singles,qualifying,1,1,0,1,1st Round,1,Q,still_alive_or_champion,0,0,2026-06-03T03:36:09.873Z
J-J60-CAN-2026-007,J60 Edmonton,J60,2026-06-01,2026-06-06,800827073,Flora Zhang,CAN,G,Girls,singles,qualifying,1,1,0,1,1st Round,1,Q,still_alive_or_champion,0,0,2026-06-03T03:36:09.873Z
J-J60-CAN-2026-007,J60 Edmonton,J60,2026-06-01,2026-06-06,800867746,Hudson Lehman,CAN,B,Boys,singles,qualifying,1,0,1,1,1st Round,1,Q1,eliminated,0,0,2026-06-03T03:36:09.873Z
J-J60-CAN-2026-007,J60 Edmonton,J60,2026-06-01,2026-06-06,800746047,Jack Zhong,CAN,B,Boys,singles,qualifying,1,0,1,1,1st Round,1,Q1,eliminated,0,0,2026-06-03T03:36:09.873Z
J-J60-CAN-2026-007,J60 Edmonton,J60,2026-06-01,2026-06-06,800661691,Katherine Kobzar,CAN,G,Girls,singles,qualifying,1,1,0,1,1st Round,1,Q,still_alive_or_champion,0,0,2026-06-03T03:36:09.873Z
J-J60-CAN-2026-007,J60 Edmonton,J60,2026-06-01,2026-06-06,800811502,Klara Liu,CAN,G,Girls,singles,qualifying,1,0,1,1,1st Round,1,Q1,eliminated,0,0,2026-06-03T03:36:09.873Z
J-J60-CAN-2026-007,J60 Edmonton,J60,2026-06-01,2026-06-06,800829122,Louis Gregoire,CAN,B,Boys,singles,qualifying,1,1,0,1,1st Round,1,Q,still_alive_or_champion,0,0,2026-06-03T03:36:09.873Z
J-J60-CAN-2026-007,J60 Edmonton,J60,2026-06-01,2026-06-06,800791071,Maja Banic,CAN,G,Girls,singles,qualifying,1,0,1,1,1st Round,1,Q1,eliminated,0,0,2026-06-03T03:36:09.873Z
J-J60-CAN-2026-007,J60 Edmonton,J60,2026-06-01,2026-06-06,800702621,Maksim Gluic,SRB,B,Boys,singles,qualifying,1,1,0,1,1st Round,1,Q,still_alive_or_champion,0,0,2026-06-03T03:36:09.873Z
J-J60-CAN-2026-007,J60 Edmonton,J60,2026-06-01,2026-06-06,800791103,Marissa Bayentin,CAN,G,Girls,singles,qualifying,1,0,1,1,1st Round,1,Q1,eliminated,0,0,2026-06-03T03:36:09.873Z
J-J60-CAN-2026-007,J60 Edmonton,J60,2026-06-01,2026-06-06,800860419,Matthew Hall,CAN,B,Boys,singles,qualifying,1,0,1,1,1st Round,1,Q1,eliminated,0,0,2026-06-03T03:36:09.873Z
J-J60-CAN-2026-007,J60 Edmonton,J60,2026-06-01,2026-06-06,800817653,Navya Chawla,CAN,G,Girls,singles,qualifying,1,1,0,1,1st Round,1,Q,still_alive_or_champion,0,0,2026-06-03T03:36:09.873Z
J-J60-CAN-2026-007,J60 Edmonton,J60,2026-06-01,2026-06-06,800746797,Noah Rock Sharkey,CAN,B,Boys,singles,qualifying,1,0,1,1,1st Round,1,Q1,eliminated,0,0,2026-06-03T03:36:09.873Z
J-J60-CAN-2026-007,J60 Edmonton,J60,2026-06-01,2026-06-06,800785819,Oliver Rogers,CAN,B,Boys,singles,qualifying,1,1,0,1,1st Round,1,Q,still_alive_or_champion,0,0,2026-06-03T03:36:09.873Z
J-J60-CAN-2026-007,J60 Edmonton,J60,2026-06-01,2026-06-06,800648177,Sasa Karagic,CAN,B,Boys,singles,qualifying,1,1,0,1,1st Round,1,Q,still_alive_or_champion,0,0,2026-06-03T03:36:09.873Z
J-J60-CAN-2026-007,J60 Edmonton,J60,2026-06-01,2026-06-06,800680850,Sayad Rajabzadeh,CAN,G,Girls,singles,qualifying,1,0,1,1,1st Round,1,Q1,eliminated,0,0,2026-06-03T03:36:09.873Z
J-J60-CAN-2026-007,J60 Edmonton,J60,2026-06-01,2026-06-06,800829344,Sophia Na,CAN,G,Girls,singles,qualifying,1,0,1,1,1st Round,1,Q1,eliminated,0,0,2026-06-03T03:36:09.873Z
J-J60-CAN-2026-007,J60 Edmonton,J60,2026-06-01,2026-06-06,800826378,Tabitha Morisette,CAN,G,Girls,singles,qualifying,1,1,0,1,1st Round,1,Q,still_alive_or_champion,0,0,2026-06-03T03:36:09.873Z
J-J60-CAN-2026-007,J60 Edmonton,J60,2026-06-01,2026-06-06,800632293,vasilii orlov,RUS,B,Boys,singles,qualifying,1,1,0,1,1st Round,1,Q,still_alive_or_champion,0,0,2026-06-03T03:36:09.873Z
J-J60-CAN-2026-007,J60 Edmonton,J60,2026-06-01,2026-06-06,800848756,Vera Wing,CAN,G,Girls,singles,qualifying,1,1,0,1,1st Round,1,Q,still_alive_or_champion,0,0,2026-06-03T03:36:09.873Z
J-J60-CAN-2026-007,J60 Edmonton,J60,2026-06-01,2026-06-06,800753709,Yassine Ghazouani,TUN,B,Boys,singles,qualifying,1,1,0,1,1st Round,1,Q,still_alive_or_champion,0,0,2026-06-03T03:36:09.873Z
J-J60-POL-2026-004,J60 Gdansk,J60,2026-06-03,2026-06-07,800709900,Akseli Finnila,FIN,B,Boys,singles,main_draw,0,0,0,1,1st Round,5,R32,not_started_or_unknown,5,5,2026-06-03T03:36:09.873Z
J-J60-POL-2026-004,J60 Gdansk,J60,2026-06-03,2026-06-07,800709169,Aleksander Bialowolski,POL,B,Boys,singles,main_draw,0,0,0,1,1st Round,5,R32,not_started_or_unknown,5,5,2026-06-03T03:36:09.873Z
J-J60-POL-2026-004,J60 Gdansk,J60,2026-06-03,2026-06-07,800631686,andrea petrini,ITA,B,Boys,singles,main_draw,0,0,0,1,1st Round,5,R32,not_started_or_unknown,5,5,2026-06-03T03:36:09.873Z
J-J60-POL-2026-004,J60 Gdansk,J60,2026-06-03,2026-06-07,800621604,Antoni Kasperski,POL,B,Boys,singles,main_draw,0,0,0,1,1st Round,5,R32,not_started_or_unknown,5,5,2026-06-03T03:36:09.873Z
J-J60-POL-2026-004,J60 Gdansk,J60,2026-06-03,2026-06-07,800674922,BLAZEJ KRZYSKO,POL,B,Boys,singles,main_draw,0,0,0,1,1st Round,5,R32,not_started_or_unknown,5,5,2026-06-03T03:36:09.873Z
J-J60-POL-2026-004,J60 Gdansk,J60,2026-06-03,2026-06-07,800672563,Cesare Cattaneo,ITA,B,Boys,singles,main_draw,0,0,0,1,1st Round,5,R32,not_started_or_unknown,5,5,2026-06-03T03:36:09.873Z
J-J60-POL-2026-004,J60 Gdansk,J60,2026-06-03,2026-06-07,800710953,Daniele Longo,ITA,B,Boys,singles,main_draw,0,0,0,1,1st Round,5,R32,not_started_or_unknown,5,5,2026-06-03T03:36:09.873Z
J-J60-POL-2026-004,J60 Gdansk,J60,2026-06-03,2026-06-07,800584996,Dylan Bairo,SVK,B,Boys,singles,main_draw,0,0,0,1,1st Round,5,R32,not_started_or_unknown,5,5,2026-06-03T03:36:09.873Z
J-J60-POL-2026-004,J60 Gdansk,J60,2026-06-03,2026-06-07,800655854,Emil Drobko,POL,B,Boys,singles,main_draw,0,0,0,1,1st Round,5,R32,not_started_or_unknown,5,5,2026-06-03T03:36:09.873Z
J-J60-POL-2026-004,J60 Gdansk,J60,2026-06-03,2026-06-07,800701388,Emil Torn,FIN,B,Boys,singles,main_draw,0,0,0,1,1st Round,5,R32,not_started_or_unknown,5,5,2026-06-03T03:36:09.873Z
J-J60-POL-2026-004,J60 Gdansk,J60,2026-06-03,2026-06-07,800636914,Filip Kiryllo,POL,B,Boys,singles,main_draw,0,0,0,1,1st Round,5,R32,not_started_or_unknown,5,5,2026-06-03T03:36:09.873Z
J-J60-POL-2026-004,J60 Gdansk,J60,2026-06-03,2026-06-07,800604236,Hubert Plenkiewicz,POL,B,Boys,singles,main_draw,0,0,0,1,1st Round,5,R32,not_started_or_unknown,5,5,2026-06-03T03:36:09.873Z
J-J60-POL-2026-004,J60 Gdansk,J60,2026-06-03,2026-06-07,800680251,Hugo Eggert,FIN,B,Boys,singles,main_draw,0,0,0,1,1st Round,5,R32,not_started_or_unknown,5,5,2026-06-03T03:36:09.873Z
J-J60-POL-2026-004,J60 Gdansk,J60,2026-06-03,2026-06-07,800645550,Hugo Pawel Rytelewski,POL,B,Boys,singles,main_draw,0,0,0,1,1st Round,5,R32,not_started_or_unknown,5,5,2026-06-03T03:36:09.873Z
J-J60-POL-2026-004,J60 Gdansk,J60,2026-06-03,2026-06-07,800712709,Igor Bartnik,POL,B,Boys,singles,main_draw,0,0,0,1,1st Round,5,R32,not_started_or_unknown,5,5,2026-06-03T03:36:09.873Z
J-J60-POL-2026-004,J60 Gdansk,J60,2026-06-03,2026-06-07,800675149,Jakob Joggerst,GER,B,Boys,singles,main_draw,0,0,0,1,1st Round,5,R32,not_started_or_unknown,5,5,2026-06-03T03:36:09.873Z
J-J60-POL-2026-004,J60 Gdansk,J60,2026-06-03,2026-06-07,800714580,Jakub Kolowiecki,POL,B,Boys,singles,main_draw,0,0,0,1,1st Round,5,R32,not_started_or_unknown,5,5,2026-06-03T03:36:09.873Z
J-J60-POL-2026-004,J60 Gdansk,J60,2026-06-03,2026-06-07,800646189,JERZY FILIP URBAN,POL,B,Boys,singles,main_draw,0,0,0,1,1st Round,5,R32,not_started_or_unknown,5,5,2026-06-03T03:36:09.873Z
J-J60-POL-2026-004,J60 Gdansk,J60,2026-06-03,2026-06-07,800627084,Jules Rimbaud,FRA,B,Boys,singles,main_draw,0,0,0,1,1st Round,5,R32,not_started_or_unknown,5,5,2026-06-03T03:36:09.873Z
J-J60-POL-2026-004,J60 Gdansk,J60,2026-06-03,2026-06-07,800648011,Lukas Lita,GER,B,Boys,singles,main_draw,0,0,0,1,1st Round,5,R32,not_started_or_unknown,5,5,2026-06-03T03:36:09.873Z
J-J60-POL-2026-004,J60 Gdansk,J60,2026-06-03,2026-06-07,800697061,Lukasz Andrzej Maliszewski,POL,B,Boys,singles,main_draw,0,0,0,1,1st Round,5,R32,not_started_or_unknown,5,5,2026-06-03T03:36:09.873Z
J-J60-POL-2026-004,J60 Gdansk,J60,2026-06-03,2026-06-07,800707309,Maksymilian Puchalski,POL,B,Boys,singles,main_draw,0,0,0,1,1st Round,5,R32,not_started_or_unknown,5,5,2026-06-03T03:36:09.873Z
J-J60-POL-2026-004,J60 Gdansk,J60,2026-06-03,2026-06-07,800677829,Mateusz Kas,POL,B,Boys,singles,main_draw,0,0,0,1,1st Round,5,R32,not_started_or_unknown,5,5,2026-06-03T03:36:09.873Z
J-J60-POL-2026-004,J60 Gdansk,J60,2026-06-03,2026-06-07,800598999,Max Geissinger,GER,B,Boys,singles,main_draw,0,0,0,1,1st Round,5,R32,not_started_or_unknown,5,5,2026-06-03T03:36:09.873Z
J-J60-POL-2026-004,J60 Gdansk,J60,2026-06-03,2026-06-07,800777511,Michal Pielat,POL,B,Boys,singles,main_draw,0,0,0,1,1st Round,5,R32,not_started_or_unknown,5,5,2026-06-03T03:36:09.873Z
J-J60-POL-2026-004,J60 Gdansk,J60,2026-06-03,2026-06-07,800696379,Mikolaj Arent,POL,B,Boys,singles,main_draw,0,0,0,1,1st Round,5,R32,not_started_or_unknown,5,5,2026-06-03T03:36:09.873Z
J-J60-POL-2026-004,J60 Gdansk,J60,2026-06-03,2026-06-07,800600564,Mikolaj Owramko,POL,B,Boys,singles,main_draw,0,0,0,1,1st Round,5,R32,not_started_or_unknown,5,5,2026-06-03T03:36:09.873Z
J-J60-POL-2026-004,J60 Gdansk,J60,2026-06-03,2026-06-07,800599918,Nand Vandepoele,BEL,B,Boys,singles,main_draw,0,0,0,1,1st Round,5,R32,not_started_or_unknown,5,5,2026-06-03T03:36:09.873Z
J-J60-POL-2026-004,J60 Gdansk,J60,2026-06-03,2026-06-07,800668138,Patryk Kowal,POL,B,Boys,singles,main_draw,0,0,0,1,1st Round,5,R32,not_started_or_unknown,5,5,2026-06-03T03:36:09.873Z
J-J60-POL-2026-004,J60 Gdansk,J60,2026-06-03,2026-06-07,800590837,Piotr Kluj,POL,B,Boys,singles,main_draw,0,0,0,1,1st Round,5,R32,not_started_or_unknown,5,5,2026-06-03T03:36:09.873Z
J-J60-POL-2026-004,J60 Gdansk,J60,2026-06-03,2026-06-07,800799435,Tymon Szamborski,POL,B,Boys,singles,main_draw,0,0,0,1,1st Round,5,R32,not_started_or_unknown,5,5,2026-06-03T03:36:09.873Z
J-J60-POL-2026-004,J60 Gdansk,J60,2026-06-03,2026-06-07,800719788,Vestards Elsbergs,LAT,B,Boys,singles,main_draw,0,0,0,1,1st Round,5,R32,not_started_or_unknown,5,5,2026-06-03T03:36:09.873Z
J-J60-JPN-2026-002,J60 Miki City,J60,2026-06-03,2026-06-07,800803301,Aika Mizutani,JPN,G,Girls,singles,main_draw,0,0,0,1,1st Round,5,R32,not_started_or_unknown,5,5,2026-06-03T03:36:09.873Z
J-J60-JPN-2026-002,J60 Miki City,J60,2026-06-03,2026-06-07,800808028,Aina Fujihara,JPN,G,Girls,singles,qualifying,1,0,1,1,1st Round,3,Q1,eliminated,0,0,2026-06-03T03:36:09.873Z
J-J60-JPN-2026-002,J60 Miki City,J60,2026-06-03,2026-06-07,800862948,Akina Ishida,JPN,G,Girls,singles,qualifying,2,1,1,2,2nd Round,3,Q2,eliminated,0,0,2026-06-03T03:36:09.873Z
J-J60-JPN-2026-002,J60 Miki City,J60,2026-06-03,2026-06-07,800753720,Alvin Na,NZL,B,Boys,singles,main_draw,0,0,0,1,1st Round,5,R32,not_started_or_unknown,5,5,2026-06-03T03:36:09.873Z
J-J60-JPN-2026-002,J60 Miki City,J60,2026-06-03,2026-06-07,800816943,Angelina Haruko Shaw,JPN,G,Girls,singles,qualifying,2,1,1,2,2nd Round,3,Q2,eliminated,0,0,2026-06-03T03:36:09.873Z
J-J60-JPN-2026-002,J60 Miki City,J60,2026-06-03,2026-06-07,800792050,Aoba Date,JPN,G,Girls,singles,main_draw,0,0,0,1,1st Round,5,R32,not_started_or_unknown,5,5,2026-06-03T03:36:09.873Z
J-J60-JPN-2026-002,J60 Miki City,J60,2026-06-03,2026-06-07,800671128,AOI ISHIZAKI,JPN,B,Boys,singles,main_draw,0,0,0,1,1st Round,5,R32,not_started_or_unknown,5,5,2026-06-03T03:36:09.873Z
J-J60-JPN-2026-002,J60 Miki City,J60,2026-06-03,2026-06-07,800864287,Arata Matsuda,JPN,B,Boys,singles,qualifying,1,0,1,1,1st Round,3,Q1,eliminated,0,0,2026-06-03T03:36:09.873Z
J-J60-JPN-2026-002,J60 Miki City,J60,2026-06-03,2026-06-07,800848275,Ayami Moriue,JPN,G,Girls,singles,main_draw,0,0,0,1,1st Round,5,R32,not_started_or_unknown,5,5,2026-06-03T03:36:09.873Z
J-J60-JPN-2026-002,J60 Miki City,J60,2026-06-03,2026-06-07,800848275,Ayami Moriue,JPN,G,Girls,singles,qualifying,3,3,0,3,Quarter-finals,3,Q,still_alive_or_champion,0,0,2026-06-03T03:36:09.873Z
J-J60-JPN-2026-002,J60 Miki City,J60,2026-06-03,2026-06-07,800668689,Ayane Takagi,JPN,G,Girls,singles,main_draw,0,0,0,1,1st Round,5,R32,not_started_or_unknown,5,5,2026-06-03T03:36:09.873Z
J-J60-JPN-2026-002,J60 Miki City,J60,2026-06-03,2026-06-07,800833906,Azuki Tamada,JPN,G,Girls,singles,qualifying,1,0,1,1,1st Round,3,Q1,eliminated,0,0,2026-06-03T03:36:09.873Z
J-J60-JPN-2026-002,J60 Miki City,J60,2026-06-03,2026-06-07,800600665,Daia Kurabayashi,JPN,B,Boys,singles,main_draw,0,0,0,1,1st Round,5,R32,not_started_or_unknown,5,5,2026-06-03T03:36:09.873Z
J-J60-JPN-2026-002,J60 Miki City,J60,2026-06-03,2026-06-07,800847832,Daigoro Sakai,JPN,B,Boys,singles,qualifying,1,0,1,1,1st Round,3,Q1,eliminated,0,0,2026-06-03T03:36:09.873Z
J-J60-JPN-2026-002,J60 Miki City,J60,2026-06-03,2026-06-07,800758943,Daisuke Hashimoto,JPN,B,Boys,singles,main_draw,0,0,0,1,1st Round,5,R32,not_started_or_unknown,5,5,2026-06-03T03:36:09.873Z
J-J60-JPN-2026-002,J60 Miki City,J60,2026-06-03,2026-06-07,800707748,Dan Milburn,NZL,B,Boys,singles,main_draw,0,0,0,1,1st Round,5,R32,not_started_or_unknown,5,5,2026-06-03T03:36:09.873Z
J-J60-JPN-2026-002,J60 Miki City,J60,2026-06-03,2026-06-07,800770797,Emily Dunn,NZL,G,Girls,singles,main_draw,0,0,0,1,1st Round,5,R32,not_started_or_unknown,5,5,2026-06-03T03:36:09.873Z
J-J60-JPN-2026-002,J60 Miki City,J60,2026-06-03,2026-06-07,800670331,ERIC MATTHEW GUNAWAN,INA,B,Boys,singles,main_draw,0,0,0,1,1st Round,5,R32,not_started_or_unknown,5,5,2026-06-03T03:36:09.873Z
J-J60-JPN-2026-002,J60 Miki City,J60,2026-06-03,2026-06-07,800702659,Gota Inoue,JPN,B,Boys,singles,qualifying,3,2,1,3,Quarter-finals,3,Q3,eliminated,0,0,2026-06-03T03:36:09.873Z
J-J60-JPN-2026-002,J60 Miki City,J60,2026-06-03,2026-06-07,800724946,HARU ISHIDA,JPN,G,Girls,singles,main_draw,0,0,0,1,1st Round,5,R32,not_started_or_unknown,5,5,2026-06-03T03:36:09.873Z
J-J60-JPN-2026-002,J60 Miki City,J60,2026-06-03,2026-06-07,800845701,Haru Suzuki,JPN,B,Boys,singles,main_draw,0,0,0,1,1st Round,5,R32,not_started_or_unknown,5,5,2026-06-03T03:36:09.873Z
J-J60-JPN-2026-002,J60 Miki City,J60,2026-06-03,2026-06-07,800816757,Haruhi Yokoyama,JPN,B,Boys,singles,main_draw,0,0,0,1,1st Round,5,R32,not_started_or_unknown,5,5,2026-06-03T03:36:09.873Z
J-J60-JPN-2026-002,J60 Miki City,J60,2026-06-03,2026-06-07,800816757,Haruhi Yokoyama,JPN,B,Boys,singles,qualifying,3,3,0,3,Quarter-finals,3,Q,still_alive_or_champion,0,0,2026-06-03T03:36:09.873Z
J-J60-JPN-2026-002,J60 Miki City,J60,2026-06-03,2026-06-07,800786198,Hinata Morishita,JPN,G,Girls,singles,main_draw,0,0,0,1,1st Round,5,R32,not_started_or_unknown,5,5,2026-06-03T03:36:09.873Z
J-J60-JPN-2026-002,J60 Miki City,J60,2026-06-03,2026-06-07,800847298,Honami Yu,JPN,G,Girls,singles,qualifying,1,0,1,1,1st Round,3,Q1,eliminated,0,0,2026-06-03T03:36:09.873Z
J-J60-JPN-2026-002,J60 Miki City,J60,2026-06-03,2026-06-07,800848053,Honosuke Ishibe,JPN,B,Boys,singles,qualifying,3,2,1,3,Quarter-finals,3,Q3,eliminated,0,0,2026-06-03T03:36:09.873Z
J-J60-JPN-2026-002,J60 Miki City,J60,2026-06-03,2026-06-07,800810334,Ichika Ohmori,JPN,G,Girls,singles,qualifying,2,1,1,2,2nd Round,3,Q2,eliminated,0,0,2026-06-03T03:36:09.873Z
J-J60-JPN-2026-002,J60 Miki City,J60,2026-06-03,2026-06-07,800788491,Ichina Miyashita,JPN,G,Girls,singles,qualifying,1,0,1,1,1st Round,3,Q1,eliminated,0,0,2026-06-03T03:36:09.873Z
J-J60-JPN-2026-002,J60 Miki City,J60,2026-06-03,2026-06-07,800842842,Iori Mizuhara,JPN,G,Girls,singles,qualifying,1,0,1,1,1st Round,3,Q1,eliminated,0,0,2026-06-03T03:36:09.873Z
J-J60-JPN-2026-002,J60 Miki City,J60,2026-06-03,2026-06-07,800683472,Jacquyn Colalancia,AUS,B,Boys,singles,main_draw,0,0,0,1,1st Round,5,R32,not_started_or_unknown,5,5,2026-06-03T03:36:09.873Z
J-J60-JPN-2026-002,J60 Miki City,J60,2026-06-03,2026-06-07,800663572,Jun Matsumoto,JPN,B,Boys,singles,qualifying,1,0,1,1,1st Round,3,Q1,eliminated,0,0,2026-06-03T03:36:09.873Z
J-J60-JPN-2026-002,J60 Miki City,J60,2026-06-03,2026-06-07,800670945,JUNYA KAWAMURA,JPN,B,Boys,singles,main_draw,0,0,0,1,1st Round,5,R32,not_started_or_unknown,5,5,2026-06-03T03:36:09.873Z
J-J60-JPN-2026-002,J60 Miki City,J60,2026-06-03,2026-06-07,800784858,Justin-Li Moroney,NZL,B,Boys,singles,main_draw,0,0,0,1,1st Round,5,R32,not_started_or_unknown,5,5,2026-06-03T03:36:09.873Z
J-J60-JPN-2026-002,J60 Miki City,J60,2026-06-03,2026-06-07,800726812,KAE AZUMA,JPN,G,Girls,singles,main_draw,0,0,0,1,1st Round,5,R32,not_started_or_unknown,5,5,2026-06-03T03:36:09.873Z
J-J60-JPN-2026-002,J60 Miki City,J60,2026-06-03,2026-06-07,800725255,KAISEI UKAWA,JPN,B,Boys,singles,qualifying,0,0,0,1,1st Round,3,Q1,not_started_or_unknown,0,0,2026-06-03T03:36:09.873Z
J-J60-JPN-2026-002,J60 Miki City,J60,2026-06-03,2026-06-07,800774120,Kango Endoh,JPN,B,Boys,singles,main_draw,0,0,0,1,1st Round,5,R32,not_started_or_unknown,5,5,2026-06-03T03:36:09.873Z
J-J60-JPN-2026-002,J60 Miki City,J60,2026-06-03,2026-06-07,800766810,Keiji Yamaguchi,JPN,B,Boys,singles,main_draw,0,0,0,1,1st Round,5,R32,not_started_or_unknown,5,5,2026-06-03T03:36:09.873Z
J-J60-JPN-2026-002,J60 Miki City,J60,2026-06-03,2026-06-07,800783915,Kiko Okuyama,JPN,G,Girls,singles,qualifying,3,2,1,3,Quarter-finals,3,Q3,eliminated,0,0,2026-06-03T03:36:09.873Z
J-J60-JPN-2026-002,J60 Miki City,J60,2026-06-03,2026-06-07,800832152,Kinari Tashiro,JPN,G,Girls,singles,main_draw,0,0,0,1,1st Round,5,R32,not_started_or_unknown,5,5,2026-06-03T03:36:09.873Z
J-J60-JPN-2026-002,J60 Miki City,J60,2026-06-03,2026-06-07,800832152,Kinari Tashiro,JPN,G,Girls,singles,qualifying,3,3,0,3,Quarter-finals,3,Q,still_alive_or_champion,0,0,2026-06-03T03:36:09.873Z
J-J60-JPN-2026-002,J60 Miki City,J60,2026-06-03,2026-06-07,800745866,Kodai ABE,JPN,B,Boys,singles,main_draw,0,0,0,1,1st Round,5,R32,not_started_or_unknown,5,5,2026-06-03T03:36:09.873Z
J-J60-JPN-2026-002,J60 Miki City,J60,2026-06-03,2026-06-07,800846199,Konan Kawabata,JPN,B,Boys,singles,qualifying,2,1,1,2,2nd Round,3,Q2,eliminated,0,0,2026-06-03T03:36:09.873Z
J-J60-JPN-2026-002,J60 Miki City,J60,2026-06-03,2026-06-07,800807883,Kurumi Nakano,JPN,G,Girls,singles,qualifying,2,1,1,2,2nd Round,3,Q2,eliminated,0,0,2026-06-03T03:36:09.873Z
J-J60-JPN-2026-002,J60 Miki City,J60,2026-06-03,2026-06-07,800732662,Liam Youn,NZL,B,Boys,singles,main_draw,0,0,0,1,1st Round,5,R32,not_started_or_unknown,5,5,2026-06-03T03:36:09.873Z
J-J60-JPN-2026-002,J60 Miki City,J60,2026-06-03,2026-06-07,800745722,Mai Sasaki,JPN,G,Girls,singles,main_draw,0,0,0,1,1st Round,5,R32,not_started_or_unknown,5,5,2026-06-03T03:36:09.873Z
J-J60-JPN-2026-002,J60 Miki City,J60,2026-06-03,2026-06-07,800665720,Mao Tazuru,JPN,B,Boys,singles,main_draw,0,0,0,1,1st Round,5,R32,not_started_or_unknown,5,5,2026-06-03T03:36:09.874Z
J-J60-JPN-2026-002,J60 Miki City,J60,2026-06-03,2026-06-07,800728036,Mari Muto,JPN,G,Girls,singles,main_draw,0,0,0,1,1st Round,5,R32,not_started_or_unknown,5,5,2026-06-03T03:36:09.874Z
J-J60-JPN-2026-002,J60 Miki City,J60,2026-06-03,2026-06-07,800667677,Masamune Matsumoto,JPN,B,Boys,singles,qualifying,2,1,1,2,2nd Round,3,Q2,eliminated,0,0,2026-06-03T03:36:09.874Z
J-J60-JPN-2026-002,J60 Miki City,J60,2026-06-03,2026-06-07,800731404,Masamune Umeda,JPN,B,Boys,singles,qualifying,2,1,1,3,Quarter-finals,3,Q2,eliminated,0,0,2026-06-03T03:36:09.874Z
J-J60-JPN-2026-002,J60 Miki City,J60,2026-06-03,2026-06-07,800806666,Miki Mori,JPN,G,Girls,singles,qualifying,1,0,1,1,1st Round,3,Q1,eliminated,0,0,2026-06-03T03:36:09.874Z
J-J60-JPN-2026-002,J60 Miki City,J60,2026-06-03,2026-06-07,800710011,Miku Kitaoka,JPN,G,Girls,singles,main_draw,0,0,0,1,1st Round,5,R32,not_started_or_unknown,5,5,2026-06-03T03:36:09.874Z
J-J60-JPN-2026-002,J60 Miki City,J60,2026-06-03,2026-06-07,800749912,minori sato,JPN,G,Girls,singles,main_draw,0,0,0,1,1st Round,5,R32,not_started_or_unknown,5,5,2026-06-03T03:36:09.874Z
J-J60-JPN-2026-002,J60 Miki City,J60,2026-06-03,2026-06-07,800685368,Misaki Yamagishi,JPN,G,Girls,singles,main_draw,0,0,0,1,1st Round,5,R32,not_started_or_unknown,5,5,2026-06-03T03:36:09.874Z
J-J60-JPN-2026-002,J60 Miki City,J60,2026-06-03,2026-06-07,800848771,Mitsuki Goto,JPN,G,Girls,singles,qualifying,1,0,1,1,1st Round,3,Q1,eliminated,0,0,2026-06-03T03:36:09.874Z
J-J60-JPN-2026-002,J60 Miki City,J60,2026-06-03,2026-06-07,800743474,mitsuki ohmasa,JPN,B,Boys,singles,qualifying,1,0,1,1,1st Round,3,Q1,eliminated,0,0,2026-06-03T03:36:09.874Z
J-J60-JPN-2026-002,J60 Miki City,J60,2026-06-03,2026-06-07,800843980,Miyu Kowaka,JPN,G,Girls,singles,qualifying,1,0,1,1,1st Round,3,Q1,eliminated,0,0,2026-06-03T03:36:09.874Z
J-J60-JPN-2026-002,J60 Miki City,J60,2026-06-03,2026-06-07,800708405,Miyu Nishiwaki,JPN,G,Girls,singles,main_draw,0,0,0,1,1st Round,5,R32,not_started_or_unknown,5,5,2026-06-03T03:36:09.874Z
J-J60-JPN-2026-002,J60 Miki City,J60,2026-06-03,2026-06-07,800821940,Munehito Kawanabe,JPN,B,Boys,singles,qualifying,1,0,1,1,1st Round,3,Q1,eliminated,0,0,2026-06-03T03:36:09.874Z
J-J60-JPN-2026-002,J60 Miki City,J60,2026-06-03,2026-06-07,800821617,Nagisa Taniguchi,JPN,G,Girls,singles,qualifying,1,0,1,1,1st Round,3,Q1,eliminated,0,0,2026-06-03T03:36:09.874Z
J-J60-JPN-2026-002,J60 Miki City,J60,2026-06-03,2026-06-07,800786385,Nana Shibayama,JPN,G,Girls,singles,main_draw,0,0,0,1,1st Round,5,R32,not_started_or_unknown,5,5,2026-06-03T03:36:09.874Z
J-J60-JPN-2026-002,J60 Miki City,J60,2026-06-03,2026-06-07,800726058,nana TAKASHIMA,JPN,G,Girls,singles,main_draw,0,0,0,1,1st Round,5,R32,not_started_or_unknown,5,5,2026-06-03T03:36:09.874Z
J-J60-JPN-2026-002,J60 Miki City,J60,2026-06-03,2026-06-07,800745996,Nanami Kurashima,JPN,G,Girls,singles,qualifying,1,0,1,1,1st Round,3,Q1,eliminated,0,0,2026-06-03T03:36:09.874Z
J-J60-JPN-2026-002,J60 Miki City,J60,2026-06-03,2026-06-07,800842452,Nanato Agui,JPN,B,Boys,singles,main_draw,0,0,0,1,1st Round,5,R32,not_started_or_unknown,5,5,2026-06-03T03:36:09.874Z
J-J60-JPN-2026-002,J60 Miki City,J60,2026-06-03,2026-06-07,800716815,NEON KINOSHITA,JPN,G,Girls,singles,main_draw,0,0,0,1,1st Round,5,R32,not_started_or_unknown,5,5,2026-06-03T03:36:09.874Z
J-J60-JPN-2026-002,J60 Miki City,J60,2026-06-03,2026-06-07,800716815,NEON KINOSHITA,JPN,G,Girls,singles,qualifying,3,3,0,3,Quarter-finals,3,Q,still_alive_or_champion,0,0,2026-06-03T03:36:09.874Z
J-J60-JPN-2026-002,J60 Miki City,J60,2026-06-03,2026-06-07,800761640,Noa Milburn,NZL,B,Boys,singles,main_draw,0,0,0,1,1st Round,5,R32,not_started_or_unknown,5,5,2026-06-03T03:36:09.874Z
J-J60-JPN-2026-002,J60 Miki City,J60,2026-06-03,2026-06-07,800685123,Nonoka Shimizu,JPN,G,Girls,singles,main_draw,0,0,0,1,1st Round,5,R32,not_started_or_unknown,5,5,2026-06-03T03:36:09.874Z
J-J60-JPN-2026-002,J60 Miki City,J60,2026-06-03,2026-06-07,800685123,Nonoka Shimizu,JPN,G,Girls,singles,qualifying,2,2,0,3,Quarter-finals,3,Q,still_alive_or_champion,0,0,2026-06-03T03:36:09.874Z
J-J60-JPN-2026-002,J60 Miki City,J60,2026-06-03,2026-06-07,800763140,Rai TAKIMOTO,JPN,B,Boys,singles,qualifying,1,0,1,1,1st Round,3,Q1,eliminated,0,0,2026-06-03T03:36:09.874Z
J-J60-JPN-2026-002,J60 Miki City,J60,2026-06-03,2026-06-07,800810460,Raku Yoshimoto,JPN,B,Boys,singles,qualifying,2,1,1,2,2nd Round,3,Q2,eliminated,0,0,2026-06-03T03:36:09.874Z
J-J60-JPN-2026-002,J60 Miki City,J60,2026-06-03,2026-06-07,800803280,Rei Sato,JPN,G,Girls,singles,main_draw,0,0,0,1,1st Round,5,R32,not_started_or_unknown,5,5,2026-06-03T03:36:09.874Z
J-J60-JPN-2026-002,J60 Miki City,J60,2026-06-03,2026-06-07,800726121,RENTARO OTAKA,JPN,B,Boys,singles,qualifying,3,2,1,3,Quarter-finals,3,Q3,eliminated,0,0,2026-06-03T03:36:09.874Z
J-J60-JPN-2026-002,J60 Miki City,J60,2026-06-03,2026-06-07,800699764,Rino Shinden,JPN,G,Girls,singles,qualifying,3,2,1,3,Quarter-finals,3,Q3,eliminated,0,0,2026-06-03T03:36:09.874Z
J-J60-JPN-2026-002,J60 Miki City,J60,2026-06-03,2026-06-07,800855545,Rion Yamaoka,JPN,G,Girls,singles,main_draw,0,0,0,1,1st Round,5,R32,not_started_or_unknown,5,5,2026-06-03T03:36:09.874Z
J-J60-JPN-2026-002,J60 Miki City,J60,2026-06-03,2026-06-07,800786144,Ruka Miyazato,JPN,G,Girls,singles,qualifying,2,1,1,2,2nd Round,3,Q2,eliminated,0,0,2026-06-03T03:36:09.874Z
J-J60-JPN-2026-002,J60 Miki City,J60,2026-06-03,2026-06-07,800836272,Rumi Nakaegawa,JPN,G,Girls,singles,qualifying,1,0,1,1,1st Round,3,Q1,eliminated,0,0,2026-06-03T03:36:09.874Z
J-J60-JPN-2026-002,J60 Miki City,J60,2026-06-03,2026-06-07,800655637,Ryohei Nishino,JPN,B,Boys,singles,main_draw,0,0,0,1,1st Round,5,R32,not_started_or_unknown,5,5,2026-06-03T03:36:09.874Z
J-J60-JPN-2026-002,J60 Miki City,J60,2026-06-03,2026-06-07,800742071,RYOSUKE KOBAYASHI,JPN,B,Boys,singles,main_draw,0,0,0,1,1st Round,5,R32,not_started_or_unknown,5,5,2026-06-03T03:36:09.874Z
J-J60-JPN-2026-002,J60 Miki City,J60,2026-06-03,2026-06-07,800742071,RYOSUKE KOBAYASHI,JPN,B,Boys,singles,qualifying,3,3,0,3,Quarter-finals,3,Q,still_alive_or_champion,0,0,2026-06-03T03:36:09.874Z
J-J60-JPN-2026-002,J60 Miki City,J60,2026-06-03,2026-06-07,800667744,RYOTA TERAUCHI,JPN,B,Boys,singles,main_draw,0,0,0,1,1st Round,5,R32,not_started_or_unknown,5,5,2026-06-03T03:36:09.874Z
J-J60-JPN-2026-002,J60 Miki City,J60,2026-06-03,2026-06-07,800710175,Ryusei Hashimoto,JPN,B,Boys,singles,main_draw,0,0,0,1,1st Round,5,R32,not_started_or_unknown,5,5,2026-06-03T03:36:09.874Z
J-J60-JPN-2026-002,J60 Miki City,J60,2026-06-03,2026-06-07,800710175,Ryusei Hashimoto,JPN,B,Boys,singles,qualifying,3,3,0,3,Quarter-finals,3,Q,still_alive_or_champion,0,0,2026-06-03T03:36:09.874Z
J-J60-JPN-2026-002,J60 Miki City,J60,2026-06-03,2026-06-07,800864267,Ryuto,JPN,B,Boys,singles,main_draw,0,0,0,1,1st Round,5,R32,not_started_or_unknown,5,5,2026-06-03T03:36:09.874Z
J-J60-JPN-2026-002,J60 Miki City,J60,2026-06-03,2026-06-07,800832534,Sachi Hosoi,JPN,G,Girls,singles,qualifying,2,1,1,2,2nd Round,3,Q2,eliminated,0,0,2026-06-03T03:36:09.874Z
J-J60-JPN-2026-002,J60 Miki City,J60,2026-06-03,2026-06-07,800746904,Sae Ito,JPN,G,Girls,singles,qualifying,2,2,0,3,Quarter-finals,3,Q,still_alive_or_champion,0,0,2026-06-03T03:36:09.874Z
J-J60-JPN-2026-002,J60 Miki City,J60,2026-06-03,2026-06-07,800685356,Sakura Mori,JPN,G,Girls,singles,main_draw,0,0,0,1,1st Round,5,R32,not_started_or_unknown,5,5,2026-06-03T03:36:09.874Z
J-J60-JPN-2026-002,J60 Miki City,J60,2026-06-03,2026-06-07,800752518,seiha niwatani,JPN,G,Girls,singles,qualifying,1,0,1,1,1st Round,3,Q1,eliminated,0,0,2026-06-03T03:36:09.874Z
J-J60-JPN-2026-002,J60 Miki City,J60,2026-06-03,2026-06-07,800720484,seohyeon kim,KOR,G,Girls,singles,main_draw,0,0,0,1,1st Round,5,R32,not_started_or_unknown,5,5,2026-06-03T03:36:09.874Z
J-J60-JPN-2026-002,J60 Miki City,J60,2026-06-03,2026-06-07,800668239,Seojin Park,KOR,G,Girls,singles,main_draw,0,0,0,1,1st Round,5,R32,not_started_or_unknown,5,5,2026-06-03T03:36:09.874Z
J-J60-JPN-2026-002,J60 Miki City,J60,2026-06-03,2026-06-07,800667635,Seunghyun Cho,KOR,G,Girls,singles,main_draw,0,0,0,1,1st Round,5,R32,not_started_or_unknown,5,5,2026-06-03T03:36:09.874Z
J-J60-JPN-2026-002,J60 Miki City,J60,2026-06-03,2026-06-07,800788468,Shina Okuyama,JPN,G,Girls,singles,main_draw,0,0,0,1,1st Round,5,R32,not_started_or_unknown,5,5,2026-06-03T03:36:09.874Z
J-J60-JPN-2026-002,J60 Miki City,J60,2026-06-03,2026-06-07,800705593,Shiyu Hashizume,JPN,B,Boys,singles,qualifying,1,0,1,1,1st Round,3,Q1,eliminated,0,0,2026-06-03T03:36:09.874Z
J-J60-JPN-2026-002,J60 Miki City,J60,2026-06-03,2026-06-07,800745317,Shun Munetoh,JPN,B,Boys,singles,main_draw,0,0,0,1,1st Round,5,R32,not_started_or_unknown,5,5,2026-06-03T03:36:09.874Z
J-J60-JPN-2026-002,J60 Miki City,J60,2026-06-03,2026-06-07,800706532,Shunnosuke Takagi,JPN,B,Boys,singles,qualifying,2,1,1,2,2nd Round,3,Q2,eliminated,0,0,2026-06-03T03:36:09.874Z
J-J60-JPN-2026-002,J60 Miki City,J60,2026-06-03,2026-06-07,800598000,Simon Jurica,JPN,B,Boys,singles,main_draw,0,0,0,1,1st Round,5,R32,not_started_or_unknown,5,5,2026-06-03T03:36:09.874Z
J-J60-JPN-2026-002,J60 Miki City,J60,2026-06-03,2026-06-07,800807154,Soma Kusunoki,JPN,B,Boys,singles,qualifying,2,1,1,2,2nd Round,3,Q2,eliminated,0,0,2026-06-03T03:36:09.874Z
J-J60-JPN-2026-002,J60 Miki City,J60,2026-06-03,2026-06-07,800844407,Sora Kosuga,JPN,G,Girls,singles,qualifying,1,0,1,1,1st Round,3,Q1,eliminated,0,0,2026-06-03T03:36:09.874Z
J-J60-JPN-2026-002,J60 Miki City,J60,2026-06-03,2026-06-07,800865183,Sora Nakada,JPN,B,Boys,singles,qualifying,1,0,1,1,1st Round,3,Q1,eliminated,0,0,2026-06-03T03:36:09.874Z
J-J60-JPN-2026-002,J60 Miki City,J60,2026-06-03,2026-06-07,800719079,SOTA KAGAWA,JPN,B,Boys,singles,main_draw,0,0,0,1,1st Round,5,R32,not_started_or_unknown,5,5,2026-06-03T03:36:09.874Z
J-J60-JPN-2026-002,J60 Miki City,J60,2026-06-03,2026-06-07,800709807,Sota Nakatomi,JPN,B,Boys,singles,main_draw,0,0,0,1,1st Round,5,R32,not_started_or_unknown,5,5,2026-06-03T03:36:09.874Z
J-J60-JPN-2026-002,J60 Miki City,J60,2026-06-03,2026-06-07,800766207,Taishi Konishi,JPN,B,Boys,singles,qualifying,1,0,1,1,1st Round,3,Q1,eliminated,0,0,2026-06-03T03:36:09.874Z
J-J60-JPN-2026-002,J60 Miki City,J60,2026-06-03,2026-06-07,800810443,Takumi Hatsuda,JPN,B,Boys,singles,qualifying,1,0,1,1,1st Round,3,Q1,eliminated,0,0,2026-06-03T03:36:09.874Z
J-J60-JPN-2026-002,J60 Miki City,J60,2026-06-03,2026-06-07,800827297,Thalis Shun Shitara,JPN,B,Boys,singles,qualifying,1,0,1,1,1st Round,3,Q1,eliminated,0,0,2026-06-03T03:36:09.874Z
J-J60-JPN-2026-002,J60 Miki City,J60,2026-06-03,2026-06-07,800864333,Toa,JPN,G,Girls,singles,main_draw,0,0,0,1,1st Round,5,R32,not_started_or_unknown,5,5,2026-06-03T03:36:09.874Z
J-J60-JPN-2026-002,J60 Miki City,J60,2026-06-03,2026-06-07,800806833,Toki Kitamura,JPN,B,Boys,singles,qualifying,1,0,1,1,1st Round,3,Q1,eliminated,0,0,2026-06-03T03:36:09.874Z
J-J60-JPN-2026-002,J60 Miki City,J60,2026-06-03,2026-06-07,800718134,Tomohisa Shioya,JPN,B,Boys,singles,qualifying,2,1,1,2,2nd Round,3,Q2,eliminated,0,0,2026-06-03T03:36:09.874Z
J-J60-JPN-2026-002,J60 Miki City,J60,2026-06-03,2026-06-07,800745418,Tomoka Umeda,JPN,G,Girls,singles,main_draw,0,0,0,1,1st Round,5,R32,not_started_or_unknown,5,5,2026-06-03T03:36:09.874Z
J-J60-JPN-2026-002,J60 Miki City,J60,2026-06-03,2026-06-07,800710920,Tomoki Fujiwara,JPN,B,Boys,singles,main_draw,0,0,0,1,1st Round,5,R32,not_started_or_unknown,5,5,2026-06-03T03:36:09.874Z
J-J60-JPN-2026-002,J60 Miki City,J60,2026-06-03,2026-06-07,800865127,Tsukasa Nozaki,JPN,B,Boys,singles,qualifying,1,0,1,1,1st Round,3,Q1,eliminated,0,0,2026-06-03T03:36:09.874Z
J-J60-JPN-2026-002,J60 Miki City,J60,2026-06-03,2026-06-07,800710292,Una Misic,NZL,G,Girls,singles,main_draw,0,0,0,1,1st Round,5,R32,not_started_or_unknown,5,5,2026-06-03T03:36:09.874Z
J-J60-JPN-2026-002,J60 Miki City,J60,2026-06-03,2026-06-07,800799138,Yoshiaki Hirose,JPN,B,Boys,singles,qualifying,2,1,1,2,2nd Round,3,Q2,eliminated,0,0,2026-06-03T03:36:09.874Z
J-J60-JPN-2026-002,J60 Miki City,J60,2026-06-03,2026-06-07,800739583,Yoshihiro Sakurai,JPN,B,Boys,singles,main_draw,0,0,0,1,1st Round,5,R32,not_started_or_unknown,5,5,2026-06-03T03:36:09.874Z
J-J60-JPN-2026-002,J60 Miki City,J60,2026-06-03,2026-06-07,800671371,Yosuke Hino,JPN,B,Boys,singles,main_draw,0,0,0,1,1st Round,5,R32,not_started_or_unknown,5,5,2026-06-03T03:36:09.874Z
J-J60-JPN-2026-002,J60 Miki City,J60,2026-06-03,2026-06-07,800800292,Yui Yamagiwa,JPN,G,Girls,singles,main_draw,0,0,0,1,1st Round,5,R32,not_started_or_unknown,5,5,2026-06-03T03:36:09.874Z
J-J60-JPN-2026-002,J60 Miki City,J60,2026-06-03,2026-06-07,800853984,Yuika Sekinada,JPN,G,Girls,singles,qualifying,1,0,1,1,1st Round,3,Q1,eliminated,0,0,2026-06-03T03:36:09.874Z
J-J60-JPN-2026-002,J60 Miki City,J60,2026-06-03,2026-06-07,800867446,Yuito Oura,JPN,B,Boys,singles,qualifying,2,1,1,2,2nd Round,3,Q2,eliminated,0,0,2026-06-03T03:36:09.874Z
J-J60-JPN-2026-002,J60 Miki City,J60,2026-06-03,2026-06-07,800829326,Yuki Komada,JPN,G,Girls,singles,qualifying,2,1,1,2,2nd Round,3,Q2,eliminated,0,0,2026-06-03T03:36:09.874Z
J-J60-JPN-2026-002,J60 Miki City,J60,2026-06-03,2026-06-07,800735396,Yuno Hagishima,JPN,G,Girls,singles,qualifying,1,0,1,1,1st Round,3,Q1,eliminated,0,0,2026-06-03T03:36:09.874Z
J-J60-JPN-2026-002,J60 Miki City,J60,2026-06-03,2026-06-07,800722002,Yura Ishida,JPN,G,Girls,singles,main_draw,0,0,0,1,1st Round,5,R32,not_started_or_unknown,5,5,2026-06-03T03:36:09.874Z
J-J60-JPN-2026-002,J60 Miki City,J60,2026-06-03,2026-06-07,800788350,Yusa Sakaguchi,JPN,G,Girls,singles,qualifying,1,0,1,1,1st Round,3,Q1,eliminated,0,0,2026-06-03T03:36:09.874Z
J-J60-JPN-2026-002,J60 Miki City,J60,2026-06-03,2026-06-07,800784661,Yusei Yamamoto,JPN,B,Boys,singles,qualifying,1,0,1,1,1st Round,3,Q1,eliminated,0,0,2026-06-03T03:36:09.874Z
J-J60-JPN-2026-002,J60 Miki City,J60,2026-06-03,2026-06-07,800627137,Yuta Amano,JPN,B,Boys,singles,main_draw,0,0,0,1,1st Round,5,R32,not_started_or_unknown,5,5,2026-06-03T03:36:09.874Z
J-J60-JPN-2026-002,J60 Miki City,J60,2026-06-03,2026-06-07,800708454,Yutaro Otsuka,JPN,B,Boys,singles,main_draw,0,0,0,1,1st Round,5,R32,not_started_or_unknown,5,5,2026-06-03T03:36:09.874Z
J-J60-JPN-2026-002,J60 Miki City,J60,2026-06-03,2026-06-07,800708454,Yutaro Otsuka,JPN,B,Boys,singles,qualifying,3,3,0,3,Quarter-finals,3,Q,still_alive_or_champion,0,0,2026-06-03T03:36:09.874Z
J-J60-JPN-2026-002,J60 Miki City,J60,2026-06-03,2026-06-07,800684271,YUUMI SUEYOSHI,JPN,G,Girls,singles,qualifying,3,2,1,3,Quarter-finals,3,Q3,eliminated,0,0,2026-06-03T03:36:09.874Z
J-J60-JPN-2026-002,J60 Miki City,J60,2026-06-03,2026-06-07,800730796,Zayah Baker,NZL,G,Girls,singles,main_draw,0,0,0,1,1st Round,5,R32,not_started_or_unknown,5,5,2026-06-03T03:36:09.874Z
J-J60-JPN-2026-002,J60 Miki City,J60,2026-06-03,2026-06-07,800806302,Zentaro Sunada,JPN,B,Boys,singles,qualifying,1,0,1,1,1st Round,3,Q1,eliminated,0,0,2026-06-03T03:36:09.874Z
J-J60-JPN-2026-002,J60 Miki City,J60,2026-06-03,2026-06-07,800739377,Ziqian Zhu,CHN,G,Girls,singles,qualifying,2,1,1,2,2nd Round,3,Q2,eliminated,0,0,2026-06-03T03:36:09.874Z
J-J60-RSA-2026-005,J60 Pretoria,J60,2026-06-02,2026-06-07,800825247,Aarya Sunker,RSA,G,Girls,singles,qualifying,1,1,0,1,1st Round,1,Q,still_alive_or_champion,0,0,2026-06-03T03:36:09.874Z
J-J60-RSA-2026-005,J60 Pretoria,J60,2026-06-02,2026-06-07,800691754,Abhav Chanana,IND,B,Boys,singles,qualifying,1,0,1,1,1st Round,2,Q1,eliminated,0,0,2026-06-03T03:36:09.874Z
J-J60-RSA-2026-005,J60 Pretoria,J60,2026-06-02,2026-06-07,800850117,Alexander Lee Pieber,RSA,B,Boys,singles,qualifying,1,0,1,2,2nd Round,2,Q1,eliminated,0,0,2026-06-03T03:36:09.874Z
J-J60-RSA-2026-005,J60 Pretoria,J60,2026-06-02,2026-06-07,800832175,Alze Meyer,RSA,G,Girls,singles,qualifying,1,0,1,1,1st Round,1,Q1,eliminated,0,0,2026-06-03T03:36:09.874Z
J-J60-RSA-2026-005,J60 Pretoria,J60,2026-06-02,2026-06-07,800708594,Anotipa Chigudu,ZIM,B,Boys,singles,qualifying,1,1,0,2,2nd Round,2,Q,still_alive_or_champion,0,0,2026-06-03T03:36:09.874Z
J-J60-RSA-2026-005,J60 Pretoria,J60,2026-06-02,2026-06-07,800725854,Anrich Rudi Mors,RSA,B,Boys,singles,qualifying,1,0,1,1,1st Round,2,Q1,eliminated,0,0,2026-06-03T03:36:09.874Z
J-J60-RSA-2026-005,J60 Pretoria,J60,2026-06-02,2026-06-07,800844501,Boris Rusev,USA,B,Boys,singles,qualifying,1,0,1,1,1st Round,2,Q1,eliminated,0,0,2026-06-03T03:36:09.874Z
J-J60-RSA-2026-005,J60 Pretoria,J60,2026-06-02,2026-06-07,800831221,Chris Chris Felet,RSA,B,Boys,singles,qualifying,1,0,1,1,1st Round,2,Q1,eliminated,0,0,2026-06-03T03:36:09.874Z
J-J60-RSA-2026-005,J60 Pretoria,J60,2026-06-02,2026-06-07,800869696,Esmae Shinners,RSA,G,Girls,singles,qualifying,1,1,0,1,1st Round,1,Q,still_alive_or_champion,0,0,2026-06-03T03:36:09.874Z
J-J60-RSA-2026-005,J60 Pretoria,J60,2026-06-02,2026-06-07,800709449,Giacomo Coppini,RSA,B,Boys,singles,qualifying,1,1,0,2,2nd Round,2,Q,still_alive_or_champion,0,0,2026-06-03T03:36:09.874Z
J-J60-RSA-2026-005,J60 Pretoria,J60,2026-06-02,2026-06-07,800826561,Jaden Van Der Westhuizen,GER,B,Boys,singles,qualifying,1,0,1,2,2nd Round,2,Q1,eliminated,0,0,2026-06-03T03:36:09.874Z
J-J60-RSA-2026-005,J60 Pretoria,J60,2026-06-02,2026-06-07,800811558,Janine Ramiah,RSA,G,Girls,singles,qualifying,1,0,1,1,1st Round,1,Q1,eliminated,0,0,2026-06-03T03:36:09.874Z
J-J60-RSA-2026-005,J60 Pretoria,J60,2026-06-02,2026-06-07,800822182,Johan Nicolaas Theron,NAM,B,Boys,singles,qualifying,2,2,0,2,2nd Round,2,Q,still_alive_or_champion,0,0,2026-06-03T03:36:09.874Z
J-J60-RSA-2026-005,J60 Pretoria,J60,2026-06-02,2026-06-07,800856029,John Van Der Walt,RSA,B,Boys,singles,qualifying,2,1,1,2,2nd Round,2,Q2,eliminated,0,0,2026-06-03T03:36:09.874Z
J-J60-RSA-2026-005,J60 Pretoria,J60,2026-06-02,2026-06-07,800866806,Kamil Parmessar,RSA,B,Boys,singles,qualifying,1,0,1,1,1st Round,2,Q1,eliminated,0,0,2026-06-03T03:36:09.874Z
J-J60-RSA-2026-005,J60 Pretoria,J60,2026-06-02,2026-06-07,800832311,Keotshepile Moorosi,RSA,G,Girls,singles,qualifying,1,0,1,1,1st Round,1,Q1,eliminated,0,0,2026-06-03T03:36:09.874Z
J-J60-RSA-2026-005,J60 Pretoria,J60,2026-06-02,2026-06-07,800802364,Kuhle Langa,RSA,G,Girls,singles,qualifying,0,0,0,1,1st Round,1,Q1,not_started_or_unknown,0,0,2026-06-03T03:36:09.874Z
J-J60-RSA-2026-005,J60 Pretoria,J60,2026-06-02,2026-06-07,800783601,Leticia Zandamela,MOZ,G,Girls,singles,qualifying,1,1,0,1,1st Round,1,Q,still_alive_or_champion,0,0,2026-06-03T03:36:09.874Z
J-J60-RSA-2026-005,J60 Pretoria,J60,2026-06-02,2026-06-07,800747948,Lorena Zandamela,MOZ,G,Girls,singles,qualifying,0,0,0,1,1st Round,1,Q1,not_started_or_unknown,0,0,2026-06-03T03:36:09.874Z
J-J60-RSA-2026-005,J60 Pretoria,J60,2026-06-02,2026-06-07,800750198,Luka Van Niekerk,RSA,B,Boys,singles,qualifying,2,1,1,2,2nd Round,2,Q2,eliminated,0,0,2026-06-03T03:36:09.874Z
J-J60-RSA-2026-005,J60 Pretoria,J60,2026-06-02,2026-06-07,800811440,Luke Treleaven,RSA,B,Boys,singles,qualifying,1,0,1,2,2nd Round,2,Q1,eliminated,0,0,2026-06-03T03:36:09.874Z
J-J60-RSA-2026-005,J60 Pretoria,J60,2026-06-02,2026-06-07,800726281,Michael Lisbey,RSA,B,Boys,singles,qualifying,2,1,1,2,2nd Round,2,Q2,eliminated,0,0,2026-06-03T03:36:09.874Z
J-J60-RSA-2026-005,J60 Pretoria,J60,2026-06-02,2026-06-07,800865578,Mpho Bowers,RSA,B,Boys,singles,qualifying,1,1,0,2,2nd Round,2,Q,still_alive_or_champion,0,0,2026-06-03T03:36:09.874Z
J-J60-RSA-2026-005,J60 Pretoria,J60,2026-06-02,2026-06-07,800870596,Nina Jansen Van Vuuren,RSA,G,Girls,singles,qualifying,1,1,0,1,1st Round,1,Q,still_alive_or_champion,0,0,2026-06-03T03:36:09.874Z
J-J60-RSA-2026-005,J60 Pretoria,J60,2026-06-02,2026-06-07,800740484,Noah Parker,RSA,B,Boys,singles,qualifying,1,1,0,2,2nd Round,2,Q,still_alive_or_champion,0,0,2026-06-03T03:36:09.874Z
J-J60-RSA-2026-005,J60 Pretoria,J60,2026-06-02,2026-06-07,800839245,Panagiotis Christoforakis,RSA,B,Boys,singles,qualifying,1,0,1,1,1st Round,2,Q1,eliminated,0,0,2026-06-03T03:36:09.874Z
J-J60-RSA-2026-005,J60 Pretoria,J60,2026-06-02,2026-06-07,800753956,Rafael Franca,BRA,B,Boys,singles,qualifying,2,2,0,2,2nd Round,2,Q,still_alive_or_champion,0,0,2026-06-03T03:36:09.874Z
J-J60-RSA-2026-005,J60 Pretoria,J60,2026-06-02,2026-06-07,800649676,Ran berger,ISR,B,Boys,singles,qualifying,1,1,0,2,2nd Round,2,Q,still_alive_or_champion,0,0,2026-06-03T03:36:09.874Z
J-J60-RSA-2026-005,J60 Pretoria,J60,2026-06-02,2026-06-07,800750176,Robbie Smuts,RSA,B,Boys,singles,qualifying,2,1,1,2,2nd Round,2,Q2,eliminated,0,0,2026-06-03T03:36:09.874Z
J-J60-RSA-2026-005,J60 Pretoria,J60,2026-06-02,2026-06-07,800695734,Ruinclife Baraka Ominde,KEN,B,Boys,singles,qualifying,2,2,0,2,2nd Round,2,Q,still_alive_or_champion,0,0,2026-06-03T03:36:09.874Z
J-J60-RSA-2026-005,J60 Pretoria,J60,2026-06-02,2026-06-07,800866266,Ryan Mare,RSA,B,Boys,singles,qualifying,1,0,1,1,1st Round,2,Q1,eliminated,0,0,2026-06-03T03:36:09.874Z
J-J60-RSA-2026-005,J60 Pretoria,J60,2026-06-02,2026-06-07,800838799,Schalk Nel Pieter Schalk Nel,RSA,B,Boys,singles,qualifying,1,0,1,1,1st Round,2,Q1,eliminated,0,0,2026-06-03T03:36:09.874Z
J-J60-RSA-2026-005,J60 Pretoria,J60,2026-06-02,2026-06-07,800750206,Sekani Vara,RSA,B,Boys,singles,qualifying,0,0,0,2,2nd Round,2,Q1,not_started_or_unknown,0,0,2026-06-03T03:36:09.874Z
J-J60-RSA-2026-005,J60 Pretoria,J60,2026-06-02,2026-06-07,800870368,Taylor Garnitz,RSA,G,Girls,singles,qualifying,1,1,0,1,1st Round,1,Q,still_alive_or_champion,0,0,2026-06-03T03:36:09.874Z
J-J60-RSA-2026-005,J60 Pretoria,J60,2026-06-02,2026-06-07,800830934,Taylor Van Der Merwe,RSA,G,Girls,singles,qualifying,0,0,0,1,1st Round,1,Q1,not_started_or_unknown,0,0,2026-06-03T03:36:09.874Z
J-J60-RSA-2026-005,J60 Pretoria,J60,2026-06-02,2026-06-07,800786576,Tineka Strydom,RSA,G,Girls,singles,qualifying,1,0,1,1,1st Round,1,Q1,eliminated,0,0,2026-06-03T03:36:09.874Z
J-J60-RSA-2026-005,J60 Pretoria,J60,2026-06-02,2026-06-07,800845551,Tsebo Motsididi,RSA,G,Girls,singles,qualifying,1,0,1,1,1st Round,1,Q1,eliminated,0,0,2026-06-03T03:36:09.874Z
J-J60-BOL-2026-003,J60 Santa Cruz de la Sierra,J60,2026-06-01,2026-06-06,800727404,Agustin Rivero,BOL,B,Boys,doubles,main_draw,1,0,1,1,1st Round,5,R32,eliminated,5,1.25,2026-06-03T03:36:09.874Z
J-J60-BOL-2026-003,J60 Santa Cruz de la Sierra,J60,2026-06-01,2026-06-06,800642990,Alejandro Bejarano,BOL,B,Boys,doubles,main_draw,1,1,0,3,Quarter-finals,5,R16,still_alive_or_champion,11,2.75,2026-06-03T03:36:09.874Z
J-J60-BOL-2026-003,J60 Santa Cruz de la Sierra,J60,2026-06-01,2026-06-06,800652294,Alexandre Bobiere Rivero,BOL,B,Boys,doubles,main_draw,1,0,1,1,1st Round,5,R32,eliminated,5,1.25,2026-06-03T03:36:09.874Z
J-J60-BOL-2026-003,J60 Santa Cruz de la Sierra,J60,2026-06-01,2026-06-06,800654700,Ana Julieta Lopez Ocampos,PAR,G,Girls,doubles,main_draw,1,1,0,3,Quarter-finals,5,R16,still_alive_or_champion,11,2.75,2026-06-03T03:36:09.874Z
J-J60-BOL-2026-003,J60 Santa Cruz de la Sierra,J60,2026-06-01,2026-06-06,800660439,Andre Montellano,BOL,B,Boys,doubles,main_draw,1,0,1,1,1st Round,5,R32,eliminated,5,1.25,2026-06-03T03:36:09.874Z
J-J60-BOL-2026-003,J60 Santa Cruz de la Sierra,J60,2026-06-01,2026-06-06,800813969,ANDRE TORO,BOL,B,Boys,doubles,main_draw,1,0,1,1,1st Round,5,R32,eliminated,5,1.25,2026-06-03T03:36:09.874Z
J-J60-BOL-2026-003,J60 Santa Cruz de la Sierra,J60,2026-06-01,2026-06-06,800674978,Antonella Esquivel Useche,COL,G,Girls,doubles,main_draw,1,1,0,3,Quarter-finals,5,R16,still_alive_or_champion,11,2.75,2026-06-03T03:36:09.874Z
J-J60-BOL-2026-003,J60 Santa Cruz de la Sierra,J60,2026-06-01,2026-06-06,800805853,Antonella Luzio Bavcar,BOL,G,Girls,doubles,main_draw,2,1,1,2,2nd Round,5,R16,eliminated,11,2.75,2026-06-03T03:36:09.874Z
J-J60-BOL-2026-003,J60 Santa Cruz de la Sierra,J60,2026-06-01,2026-06-06,800825797,Beatriz Verissimo Beda,BRA,G,Girls,doubles,main_draw,1,0,1,1,1st Round,5,R32,eliminated,5,1.25,2026-06-03T03:36:09.874Z
J-J60-BOL-2026-003,J60 Santa Cruz de la Sierra,J60,2026-06-01,2026-06-06,800826359,Bernardo Ferreira,BRA,B,Boys,doubles,main_draw,1,0,1,1,1st Round,5,R32,eliminated,5,1.25,2026-06-03T03:36:09.874Z
J-J60-BOL-2026-003,J60 Santa Cruz de la Sierra,J60,2026-06-01,2026-06-06,800678910,Carmenluz Calderon,CHI,G,Girls,doubles,main_draw,1,0,1,1,1st Round,5,R32,eliminated,5,1.25,2026-06-03T03:36:09.874Z
J-J60-BOL-2026-003,J60 Santa Cruz de la Sierra,J60,2026-06-01,2026-06-06,800652225,Catalina Morales,BOL,G,Girls,doubles,main_draw,2,1,1,2,2nd Round,5,R16,eliminated,11,2.75,2026-06-03T03:36:09.874Z
J-J60-BOL-2026-003,J60 Santa Cruz de la Sierra,J60,2026-06-01,2026-06-06,800660858,Christian Javier Antezana Seleme,BOL,B,Boys,doubles,main_draw,2,2,0,3,Quarter-finals,5,QF,still_alive_or_champion,18,4.5,2026-06-03T03:36:09.874Z
J-J60-BOL-2026-003,J60 Santa Cruz de la Sierra,J60,2026-06-01,2026-06-06,800746955,Daniel Wendel,BRA,B,Boys,doubles,main_draw,2,1,1,2,2nd Round,5,R16,eliminated,11,2.75,2026-06-03T03:36:09.874Z
J-J60-BOL-2026-003,J60 Santa Cruz de la Sierra,J60,2026-06-01,2026-06-06,800655784,Daniela Zegarra,PER,G,Girls,doubles,main_draw,1,1,0,3,Quarter-finals,5,R16,still_alive_or_champion,11,2.75,2026-06-03T03:36:09.874Z
J-J60-BOL-2026-003,J60 Santa Cruz de la Sierra,J60,2026-06-01,2026-06-06,800697121,Dante Monte,BRA,B,Boys,doubles,main_draw,2,1,1,2,2nd Round,5,R16,eliminated,11,2.75,2026-06-03T03:36:09.874Z
J-J60-BOL-2026-003,J60 Santa Cruz de la Sierra,J60,2026-06-01,2026-06-06,800730588,Delfina Pereira Conde,PAR,G,Girls,doubles,main_draw,1,0,1,1,1st Round,5,R32,eliminated,5,1.25,2026-06-03T03:36:09.874Z
J-J60-BOL-2026-003,J60 Santa Cruz de la Sierra,J60,2026-06-01,2026-06-06,800652275,Eduardo Jaramillo,COL,B,Boys,doubles,main_draw,1,1,0,3,Quarter-finals,5,R16,still_alive_or_champion,11,2.75,2026-06-03T03:36:09.874Z
J-J60-BOL-2026-003,J60 Santa Cruz de la Sierra,J60,2026-06-01,2026-06-06,800713253,Emanuela Lares,COL,G,Girls,doubles,main_draw,1,1,0,3,Quarter-finals,5,R16,still_alive_or_champion,11,2.75,2026-06-03T03:36:09.874Z
J-J60-BOL-2026-003,J60 Santa Cruz de la Sierra,J60,2026-06-01,2026-06-06,800781276,Emilia Bustillos,BOL,G,Girls,doubles,main_draw,2,1,1,2,2nd Round,5,R16,eliminated,11,2.75,2026-06-03T03:36:09.874Z
J-J60-BOL-2026-003,J60 Santa Cruz de la Sierra,J60,2026-06-01,2026-06-06,800739751,Emilia Cecilia Antelo Cordova,BOL,G,Girls,doubles,main_draw,2,1,1,2,2nd Round,5,R16,eliminated,11,2.75,2026-06-03T03:36:09.874Z
J-J60-BOL-2026-003,J60 Santa Cruz de la Sierra,J60,2026-06-01,2026-06-06,800716262,Estanislao Lassaga,ARG,B,Boys,doubles,main_draw,1,0,1,2,2nd Round,5,R32,eliminated,5,1.25,2026-06-03T03:36:09.874Z
J-J60-BOL-2026-003,J60 Santa Cruz de la Sierra,J60,2026-06-01,2026-06-06,800652386,Felipe Buritica,COL,B,Boys,doubles,main_draw,1,1,0,3,Quarter-finals,5,R16,still_alive_or_champion,11,2.75,2026-06-03T03:36:09.874Z
J-J60-BOL-2026-003,J60 Santa Cruz de la Sierra,J60,2026-06-01,2026-06-06,800727757,Felipe David Morales Monasterio,BOL,B,Boys,doubles,main_draw,2,1,1,2,2nd Round,5,R16,eliminated,11,2.75,2026-06-03T03:36:09.874Z
J-J60-BOL-2026-003,J60 Santa Cruz de la Sierra,J60,2026-06-01,2026-06-06,800847958,Fernanda Leigue,BOL,G,Girls,doubles,main_draw,1,0,1,1,1st Round,5,R32,eliminated,5,1.25,2026-06-03T03:36:09.874Z
J-J60-BOL-2026-003,J60 Santa Cruz de la Sierra,J60,2026-06-01,2026-06-06,800788012,Fernando Barrenechea,BOL,B,Boys,doubles,main_draw,1,0,1,1,1st Round,5,R32,eliminated,5,1.25,2026-06-03T03:36:09.874Z
J-J60-BOL-2026-003,J60 Santa Cruz de la Sierra,J60,2026-06-01,2026-06-06,800706417,Florencia Zamora,BOL,G,Girls,doubles,main_draw,1,0,1,1,1st Round,5,R32,eliminated,5,1.25,2026-06-03T03:36:09.874Z
J-J60-BOL-2026-003,J60 Santa Cruz de la Sierra,J60,2026-06-01,2026-06-06,800702195,Franco Del Vecchio,ARG,B,Boys,doubles,main_draw,1,0,1,1,1st Round,5,R32,eliminated,5,1.25,2026-06-03T03:36:09.874Z
J-J60-BOL-2026-003,J60 Santa Cruz de la Sierra,J60,2026-06-01,2026-06-06,800795463,Gabriel Campagnoli Passarelle De Oliveira,BRA,B,Boys,doubles,main_draw,1,0,1,1,1st Round,5,R32,eliminated,5,1.25,2026-06-03T03:36:09.874Z
J-J60-BOL-2026-003,J60 Santa Cruz de la Sierra,J60,2026-06-01,2026-06-06,800718890,Gustavo Fernandes,BRA,B,Boys,doubles,main_draw,1,0,1,2,2nd Round,5,R32,eliminated,5,1.25,2026-06-03T03:36:09.874Z
J-J60-BOL-2026-003,J60 Santa Cruz de la Sierra,J60,2026-06-01,2026-06-06,800778222,HENRIQUE PERRONE CUSTODIO,BRA,B,Boys,doubles,main_draw,2,1,1,2,2nd Round,5,R16,eliminated,11,2.75,2026-06-03T03:36:09.874Z
J-J60-BOL-2026-003,J60 Santa Cruz de la Sierra,J60,2026-06-01,2026-06-06,800659650,Hiram Nicolas Gutierrez Castro,BOL,B,Boys,doubles,main_draw,1,0,1,1,1st Round,5,R32,eliminated,5,1.25,2026-06-03T03:36:09.874Z
J-J60-BOL-2026-003,J60 Santa Cruz de la Sierra,J60,2026-06-01,2026-06-06,800748106,Ines Bustillos Dupleich,BOL,G,Girls,doubles,main_draw,2,1,1,2,2nd Round,5,R16,eliminated,11,2.75,2026-06-03T03:36:09.874Z
J-J60-BOL-2026-003,J60 Santa Cruz de la Sierra,J60,2026-06-01,2026-06-06,800797916,Isabela Buttros,BRA,G,Girls,doubles,main_draw,2,1,1,2,2nd Round,5,R16,eliminated,11,2.75,2026-06-03T03:36:09.874Z
J-J60-BOL-2026-003,J60 Santa Cruz de la Sierra,J60,2026-06-01,2026-06-06,800790350,Isabella Gonzalez Alvarez,USA,G,Girls,doubles,main_draw,1,1,0,3,Quarter-finals,5,R16,still_alive_or_champion,11,2.75,2026-06-03T03:36:09.874Z
J-J60-BOL-2026-003,J60 Santa Cruz de la Sierra,J60,2026-06-01,2026-06-06,800720228,Javier Chocano Pezoa,CHI,B,Boys,doubles,main_draw,1,1,0,3,Quarter-finals,5,R16,still_alive_or_champion,11,2.75,2026-06-03T03:36:09.874Z
J-J60-BOL-2026-003,J60 Santa Cruz de la Sierra,J60,2026-06-01,2026-06-06,800652577,Jeronimo Duque Salazar,COL,B,Boys,doubles,main_draw,1,0,1,2,2nd Round,5,R32,eliminated,5,1.25,2026-06-03T03:36:09.874Z
J-J60-BOL-2026-003,J60 Santa Cruz de la Sierra,J60,2026-06-01,2026-06-06,800684389,JOAO GABRIEL Galhardo de Carvalho,BRA,B,Boys,doubles,main_draw,1,1,0,3,Quarter-finals,5,R16,still_alive_or_champion,11,2.75,2026-06-03T03:36:09.874Z
J-J60-BOL-2026-003,J60 Santa Cruz de la Sierra,J60,2026-06-01,2026-06-06,800654974,Joao Jardim Nogueira,BRA,B,Boys,doubles,main_draw,2,2,0,3,Quarter-finals,5,QF,still_alive_or_champion,18,4.5,2026-06-03T03:36:09.874Z
J-J60-BOL-2026-003,J60 Santa Cruz de la Sierra,J60,2026-06-01,2026-06-06,800671478,Joaquin Torrez Paniagua,BOL,B,Boys,doubles,main_draw,1,0,1,1,1st Round,5,R32,eliminated,5,1.25,2026-06-03T03:36:09.874Z
J-J60-BOL-2026-003,J60 Santa Cruz de la Sierra,J60,2026-06-01,2026-06-06,800655667,JOSE FABRICIO SORIANO LOPEZ,PER,B,Boys,doubles,main_draw,1,0,1,1,1st Round,5,R32,eliminated,5,1.25,2026-06-03T03:36:09.874Z
J-J60-BOL-2026-003,J60 Santa Cruz de la Sierra,J60,2026-06-01,2026-06-06,800732694,Juan Federico Nolo Pedrat,ARG,B,Boys,doubles,main_draw,2,2,0,3,Quarter-finals,5,QF,still_alive_or_champion,18,4.5,2026-06-03T03:36:09.874Z
J-J60-BOL-2026-003,J60 Santa Cruz de la Sierra,J60,2026-06-01,2026-06-06,800655598,Julieta Marcos Cattoni,PAR,G,Girls,doubles,main_draw,1,1,0,3,Quarter-finals,5,R16,still_alive_or_champion,11,2.75,2026-06-03T03:36:09.874Z
J-J60-BOL-2026-003,J60 Santa Cruz de la Sierra,J60,2026-06-01,2026-06-06,800656014,Lais Mika Shibata,BRA,G,Girls,doubles,main_draw,1,1,0,3,Quarter-finals,5,R16,still_alive_or_champion,11,2.75,2026-06-03T03:36:09.874Z
J-J60-BOL-2026-003,J60 Santa Cruz de la Sierra,J60,2026-06-01,2026-06-06,800782313,Lara Ramirez,PER,G,Girls,doubles,main_draw,2,1,1,2,2nd Round,5,R16,eliminated,11,2.75,2026-06-03T03:36:09.874Z
J-J60-BOL-2026-003,J60 Santa Cruz de la Sierra,J60,2026-06-01,2026-06-06,800728255,Laura Valentina Villamil Arias,COL,G,Girls,doubles,main_draw,1,1,0,3,Quarter-finals,5,R16,still_alive_or_champion,11,2.75,2026-06-03T03:36:09.874Z
J-J60-BOL-2026-003,J60 Santa Cruz de la Sierra,J60,2026-06-01,2026-06-06,800670012,Leonardo Suarez,BOL,B,Boys,doubles,main_draw,1,1,0,3,Quarter-finals,5,R16,still_alive_or_champion,11,2.75,2026-06-03T03:36:09.874Z
J-J60-BOL-2026-003,J60 Santa Cruz de la Sierra,J60,2026-06-01,2026-06-06,800700451,Lucciano Guillermo Campbell Perez,PER,B,Boys,doubles,main_draw,1,0,1,1,1st Round,5,R32,eliminated,5,1.25,2026-06-03T03:36:09.874Z
J-J60-BOL-2026-003,J60 Santa Cruz de la Sierra,J60,2026-06-01,2026-06-06,800742055,Luciana Velasco Gil,BOL,G,Girls,doubles,main_draw,1,0,1,1,1st Round,5,R32,eliminated,5,1.25,2026-06-03T03:36:09.874Z
J-J60-BOL-2026-003,J60 Santa Cruz de la Sierra,J60,2026-06-01,2026-06-06,800652240,Maira Prado,BOL,G,Girls,doubles,main_draw,2,1,1,2,2nd Round,5,R16,eliminated,11,2.75,2026-06-03T03:36:09.874Z
J-J60-BOL-2026-003,J60 Santa Cruz de la Sierra,J60,2026-06-01,2026-06-06,800759123,Manuela Ferreira Banietti,BRA,G,Girls,doubles,main_draw,1,1,0,3,Quarter-finals,5,R16,still_alive_or_champion,11,2.75,2026-06-03T03:36:09.874Z
J-J60-BOL-2026-003,J60 Santa Cruz de la Sierra,J60,2026-06-01,2026-06-06,800712648,Manuela Medina,BRA,G,Girls,doubles,main_draw,2,1,1,2,2nd Round,5,R16,eliminated,11,2.75,2026-06-03T03:36:09.874Z
J-J60-BOL-2026-003,J60 Santa Cruz de la Sierra,J60,2026-06-01,2026-06-06,800711725,Manuela Santos de Mello,BRA,G,Girls,doubles,main_draw,2,1,1,2,2nd Round,5,R16,eliminated,11,2.75,2026-06-03T03:36:09.874Z
J-J60-BOL-2026-003,J60 Santa Cruz de la Sierra,J60,2026-06-01,2026-06-06,800707780,MARIA CAMILA TOBON JIMENEZ,COL,G,Girls,doubles,main_draw,2,1,1,2,2nd Round,5,R16,eliminated,11,2.75,2026-06-03T03:36:09.874Z
J-J60-BOL-2026-003,J60 Santa Cruz de la Sierra,J60,2026-06-01,2026-06-06,800721322,Maria Eduarda Ribeiro Pessoa,BRA,G,Girls,doubles,main_draw,2,1,1,2,2nd Round,5,R16,eliminated,11,2.75,2026-06-03T03:36:09.874Z
J-J60-BOL-2026-003,J60 Santa Cruz de la Sierra,J60,2026-06-01,2026-06-06,800715587,Maria Laura Sejas,BOL,G,Girls,doubles,main_draw,1,1,0,3,Quarter-finals,5,R16,still_alive_or_champion,11,2.75,2026-06-03T03:36:09.874Z
J-J60-BOL-2026-003,J60 Santa Cruz de la Sierra,J60,2026-06-01,2026-06-06,800812068,Maria Linde,COL,G,Girls,doubles,main_draw,2,1,1,2,2nd Round,5,R16,eliminated,11,2.75,2026-06-03T03:36:09.874Z
J-J60-BOL-2026-003,J60 Santa Cruz de la Sierra,J60,2026-06-01,2026-06-06,800727633,Martina Barrera,BOL,G,Girls,doubles,main_draw,1,0,1,1,1st Round,5,R32,eliminated,5,1.25,2026-06-03T03:36:09.874Z
J-J60-BOL-2026-003,J60 Santa Cruz de la Sierra,J60,2026-06-01,2026-06-06,800730099,Martina Claudeline Mora Da Silva,PAR,G,Girls,doubles,main_draw,2,2,0,3,Quarter-finals,5,QF,still_alive_or_champion,18,4.5,2026-06-03T03:36:09.874Z
J-J60-BOL-2026-003,J60 Santa Cruz de la Sierra,J60,2026-06-01,2026-06-06,800643051,Martina Salaberry,BOL,G,Girls,doubles,main_draw,1,0,1,2,2nd Round,5,R32,eliminated,5,1.25,2026-06-03T03:36:09.874Z
J-J60-BOL-2026-003,J60 Santa Cruz de la Sierra,J60,2026-06-01,2026-06-06,800690646,MATEO DE AVILA TOMINOVIC,BOL,B,Boys,doubles,main_draw,1,0,1,1,1st Round,5,R32,eliminated,5,1.25,2026-06-03T03:36:09.874Z
J-J60-BOL-2026-003,J60 Santa Cruz de la Sierra,J60,2026-06-01,2026-06-06,800785340,Mateo Fernandez,BRA,B,Boys,doubles,main_draw,2,1,1,2,2nd Round,5,R16,eliminated,11,2.75,2026-06-03T03:36:09.874Z
J-J60-BOL-2026-003,J60 Santa Cruz de la Sierra,J60,2026-06-01,2026-06-06,800684702,Mateus Nogueira,BRA,B,Boys,doubles,main_draw,1,1,0,3,Quarter-finals,5,R16,still_alive_or_champion,11,2.75,2026-06-03T03:36:09.874Z
J-J60-BOL-2026-003,J60 Santa Cruz de la Sierra,J60,2026-06-01,2026-06-06,800718285,Matheus Menegazzo,BRA,B,Boys,doubles,main_draw,2,1,1,2,2nd Round,5,R16,eliminated,11,2.75,2026-06-03T03:36:09.874Z
J-J60-BOL-2026-003,J60 Santa Cruz de la Sierra,J60,2026-06-01,2026-06-06,800676485,Matias Erices,CHI,B,Boys,doubles,main_draw,1,1,0,3,Quarter-finals,5,R16,still_alive_or_champion,11,2.75,2026-06-03T03:36:09.874Z
J-J60-BOL-2026-003,J60 Santa Cruz de la Sierra,J60,2026-06-01,2026-06-06,800653229,Matias Valdez,BOL,B,Boys,doubles,main_draw,1,0,1,1,1st Round,5,R32,eliminated,5,1.25,2026-06-03T03:36:09.874Z
J-J60-BOL-2026-003,J60 Santa Cruz de la Sierra,J60,2026-06-01,2026-06-06,800811705,Maximo Cataldi,ARG,B,Boys,doubles,main_draw,1,0,1,2,2nd Round,5,R32,eliminated,5,1.25,2026-06-03T03:36:09.874Z
J-J60-BOL-2026-003,J60 Santa Cruz de la Sierra,J60,2026-06-01,2026-06-06,800671191,Melissa Garzon,BOL,G,Girls,doubles,main_draw,2,1,1,2,2nd Round,5,R16,eliminated,11,2.75,2026-06-03T03:36:09.874Z
J-J60-BOL-2026-003,J60 Santa Cruz de la Sierra,J60,2026-06-01,2026-06-06,800713287,Mercedes Zunino Arques,ARG,G,Girls,doubles,main_draw,1,0,1,1,1st Round,5,R32,eliminated,5,1.25,2026-06-03T03:36:09.874Z
J-J60-BOL-2026-003,J60 Santa Cruz de la Sierra,J60,2026-06-01,2026-06-06,800714622,Miguel Ferraz,BRA,B,Boys,doubles,main_draw,2,1,1,2,2nd Round,5,R16,eliminated,11,2.75,2026-06-03T03:36:09.874Z
J-J60-BOL-2026-003,J60 Santa Cruz de la Sierra,J60,2026-06-01,2026-06-06,800667903,Milce Banzer Ortiz,BOL,G,Girls,doubles,main_draw,1,0,1,1,1st Round,5,R32,eliminated,5,1.25,2026-06-03T03:36:09.874Z
J-J60-BOL-2026-003,J60 Santa Cruz de la Sierra,J60,2026-06-01,2026-06-06,800740456,Natalia Prado Angelo,BOL,G,Girls,doubles,main_draw,1,0,1,1,1st Round,5,R32,eliminated,5,1.25,2026-06-03T03:36:09.874Z
J-J60-BOL-2026-003,J60 Santa Cruz de la Sierra,J60,2026-06-01,2026-06-06,800644080,Nicolas Ciancaglini Rivera,BOL,B,Boys,doubles,main_draw,1,1,0,3,Quarter-finals,5,R16,still_alive_or_champion,11,2.75,2026-06-03T03:36:09.874Z
J-J60-BOL-2026-003,J60 Santa Cruz de la Sierra,J60,2026-06-01,2026-06-06,800652273,Nicole Jimenez,BOL,G,Girls,doubles,main_draw,1,0,1,2,2nd Round,5,R32,eliminated,5,1.25,2026-06-03T03:36:09.874Z
J-J60-BOL-2026-003,J60 Santa Cruz de la Sierra,J60,2026-06-01,2026-06-06,800642824,Oliver Andre Solis Encinas,BOL,B,Boys,doubles,main_draw,1,0,1,2,2nd Round,5,R32,eliminated,5,1.25,2026-06-03T03:36:09.874Z
J-J60-BOL-2026-003,J60 Santa Cruz de la Sierra,J60,2026-06-01,2026-06-06,800680033,Pietro Gava,BRA,B,Boys,doubles,main_draw,1,1,0,3,Quarter-finals,5,R16,still_alive_or_champion,11,2.75,2026-06-03T03:36:09.874Z
J-J60-BOL-2026-003,J60 Santa Cruz de la Sierra,J60,2026-06-01,2026-06-06,800672553,Rafael Elaez Miranda,PER,B,Boys,doubles,main_draw,2,1,1,2,2nd Round,5,R16,eliminated,11,2.75,2026-06-03T03:36:09.874Z
J-J60-BOL-2026-003,J60 Santa Cruz de la Sierra,J60,2026-06-01,2026-06-06,800726011,santiago gomez roca,BOL,B,Boys,doubles,main_draw,1,0,1,1,1st Round,5,R32,eliminated,5,1.25,2026-06-03T03:36:09.874Z
J-J60-BOL-2026-003,J60 Santa Cruz de la Sierra,J60,2026-06-01,2026-06-06,800731963,Santiago Josue Gonzalez Rodriguez,VEN,B,Boys,doubles,main_draw,2,2,0,3,Quarter-finals,5,QF,still_alive_or_champion,18,4.5,2026-06-03T03:36:09.874Z
J-J60-BOL-2026-003,J60 Santa Cruz de la Sierra,J60,2026-06-01,2026-06-06,800772836,Santiago Lopez,COL,B,Boys,doubles,main_draw,1,0,1,2,2nd Round,5,R32,eliminated,5,1.25,2026-06-03T03:36:09.874Z
J-J60-BOL-2026-003,J60 Santa Cruz de la Sierra,J60,2026-06-01,2026-06-06,800706732,sara alejandra lozano avellaneda,COL,G,Girls,doubles,main_draw,1,1,0,3,Quarter-finals,5,R16,still_alive_or_champion,11,2.75,2026-06-03T03:36:09.874Z
J-J60-BOL-2026-003,J60 Santa Cruz de la Sierra,J60,2026-06-01,2026-06-06,800741173,Sebastian Aponte Romero,BOL,B,Boys,doubles,main_draw,2,1,1,2,2nd Round,5,R16,eliminated,11,2.75,2026-06-03T03:36:09.874Z
J-J60-BOL-2026-003,J60 Santa Cruz de la Sierra,J60,2026-06-01,2026-06-06,800739328,Sebastian Enrique Chang,BOL,B,Boys,doubles,main_draw,1,0,1,1,1st Round,5,R32,eliminated,5,1.25,2026-06-03T03:36:09.874Z
J-J60-BOL-2026-003,J60 Santa Cruz de la Sierra,J60,2026-06-01,2026-06-06,800652058,SEBASTIAN MIRANDA PARRILLA,BOL,B,Boys,doubles,main_draw,2,2,0,3,Quarter-finals,5,QF,still_alive_or_champion,18,4.5,2026-06-03T03:36:09.874Z
J-J60-BOL-2026-003,J60 Santa Cruz de la Sierra,J60,2026-06-01,2026-06-06,800652630,Sofia Daroca,BOL,G,Girls,doubles,main_draw,1,0,1,1,1st Round,5,R32,eliminated,5,1.25,2026-06-03T03:36:09.874Z
J-J60-BOL-2026-003,J60 Santa Cruz de la Sierra,J60,2026-06-01,2026-06-06,800758187,Sofia Ferreira Azevedo de Matos,BRA,G,Girls,doubles,main_draw,1,0,1,1,1st Round,5,R32,eliminated,5,1.25,2026-06-03T03:36:09.874Z
J-J60-BOL-2026-003,J60 Santa Cruz de la Sierra,J60,2026-06-01,2026-06-06,800656497,Sophia Santos,BRA,G,Girls,doubles,main_draw,1,0,1,1,1st Round,5,R32,eliminated,5,1.25,2026-06-03T03:36:09.874Z
J-J60-BOL-2026-003,J60 Santa Cruz de la Sierra,J60,2026-06-01,2026-06-06,800628883,Thiago Mauricio Solis Bustamante,BOL,B,Boys,doubles,main_draw,2,2,0,3,Quarter-finals,5,QF,still_alive_or_champion,18,4.5,2026-06-03T03:36:09.874Z
J-J60-BOL-2026-003,J60 Santa Cruz de la Sierra,J60,2026-06-01,2026-06-06,800652888,Valentina Garcia Rojas,COL,G,Girls,doubles,main_draw,1,1,0,3,Quarter-finals,5,R16,still_alive_or_champion,11,2.75,2026-06-03T03:36:09.874Z
J-J60-BOL-2026-003,J60 Santa Cruz de la Sierra,J60,2026-06-01,2026-06-06,800711933,Valentino Ezequiel Ancasi,ARG,B,Boys,doubles,main_draw,2,1,1,2,2nd Round,5,R16,eliminated,11,2.75,2026-06-03T03:36:09.874Z
J-J60-BOL-2026-003,J60 Santa Cruz de la Sierra,J60,2026-06-01,2026-06-06,800733192,Valeria Ruiz Rodriguez,PER,G,Girls,doubles,main_draw,1,0,1,1,1st Round,5,R32,eliminated,5,1.25,2026-06-03T03:36:09.874Z
J-J60-BOL-2026-003,J60 Santa Cruz de la Sierra,J60,2026-06-01,2026-06-06,800677663,Valeria Santander,PAR,G,Girls,doubles,main_draw,1,1,0,3,Quarter-finals,5,R16,still_alive_or_champion,11,2.75,2026-06-03T03:36:09.874Z
J-J60-BOL-2026-003,J60 Santa Cruz de la Sierra,J60,2026-06-01,2026-06-06,800657148,Valery Sumoya Lopez,BOL,G,Girls,doubles,main_draw,1,1,0,3,Quarter-finals,5,R16,still_alive_or_champion,11,2.75,2026-06-03T03:36:09.874Z
J-J60-BOL-2026-003,J60 Santa Cruz de la Sierra,J60,2026-06-01,2026-06-06,800707433,YARA DAYANA DELGADILLO STEINBACH,BOL,G,Girls,doubles,main_draw,1,0,1,1,1st Round,5,R32,eliminated,5,1.25,2026-06-03T03:36:09.874Z
J-J60-BOL-2026-003,J60 Santa Cruz de la Sierra,J60,2026-06-01,2026-06-06,800652517,Zoe Castro Calderon,BOL,G,Girls,doubles,main_draw,1,0,1,1,1st Round,5,R32,eliminated,5,1.25,2026-06-03T03:36:09.874Z
J-J60-BOL-2026-003,J60 Santa Cruz de la Sierra,J60,2026-06-01,2026-06-06,800661516,Zoe Doldan,PAR,G,Girls,doubles,main_draw,2,2,0,3,Quarter-finals,5,QF,still_alive_or_champion,18,4.5,2026-06-03T03:36:09.874Z
J-J60-BOL-2026-003,J60 Santa Cruz de la Sierra,J60,2026-06-01,2026-06-06,800727404,Agustin Rivero,BOL,B,Boys,singles,qualifying,1,0,1,2,2nd Round,2,Q1,eliminated,0,0,2026-06-03T03:36:09.874Z
J-J60-BOL-2026-003,J60 Santa Cruz de la Sierra,J60,2026-06-01,2026-06-06,800642990,Alejandro Bejarano,BOL,B,Boys,singles,main_draw,1,0,1,2,2nd Round,6,R64,eliminated,2,2,2026-06-03T03:36:09.874Z
J-J60-BOL-2026-003,J60 Santa Cruz de la Sierra,J60,2026-06-01,2026-06-06,800652294,Alexandre Bobiere Rivero,BOL,B,Boys,singles,main_draw,2,1,1,2,2nd Round,6,R32,eliminated,5,5,2026-06-03T03:36:09.874Z
J-J60-BOL-2026-003,J60 Santa Cruz de la Sierra,J60,2026-06-01,2026-06-06,800654700,Ana Julieta Lopez Ocampos,PAR,G,Girls,singles,main_draw,1,1,0,3,3rd Round,6,R32,still_alive_or_champion,5,5,2026-06-03T03:36:09.874Z
J-J60-BOL-2026-003,J60 Santa Cruz de la Sierra,J60,2026-06-01,2026-06-06,800660439,Andre Montellano,BOL,B,Boys,singles,main_draw,2,1,1,2,2nd Round,6,R32,eliminated,5,5,2026-06-03T03:36:09.874Z
J-J60-BOL-2026-003,J60 Santa Cruz de la Sierra,J60,2026-06-01,2026-06-06,800813969,ANDRE TORO,BOL,B,Boys,singles,main_draw,1,0,1,1,1st Round,6,R64,eliminated,2,2,2026-06-03T03:36:09.874Z
J-J60-BOL-2026-003,J60 Santa Cruz de la Sierra,J60,2026-06-01,2026-06-06,800674978,Antonella Esquivel Useche,COL,G,Girls,singles,main_draw,1,0,1,1,1st Round,6,R64,eliminated,2,2,2026-06-03T03:36:09.874Z
J-J60-BOL-2026-003,J60 Santa Cruz de la Sierra,J60,2026-06-01,2026-06-06,800805853,Antonella Luzio Bavcar,BOL,G,Girls,singles,main_draw,1,0,1,1,1st Round,6,R64,eliminated,2,2,2026-06-03T03:36:09.874Z
J-J60-BOL-2026-003,J60 Santa Cruz de la Sierra,J60,2026-06-01,2026-06-06,800825797,Beatriz Verissimo Beda,BRA,G,Girls,singles,main_draw,2,1,1,2,2nd Round,6,R32,eliminated,5,5,2026-06-03T03:36:09.874Z
J-J60-BOL-2026-003,J60 Santa Cruz de la Sierra,J60,2026-06-01,2026-06-06,800825797,Beatriz Verissimo Beda,BRA,G,Girls,singles,qualifying,1,1,0,2,2nd Round,2,Q,still_alive_or_champion,0,0,2026-06-03T03:36:09.874Z
J-J60-BOL-2026-003,J60 Santa Cruz de la Sierra,J60,2026-06-01,2026-06-06,800826359,Bernardo Ferreira,BRA,B,Boys,singles,main_draw,2,1,1,2,2nd Round,6,R32,eliminated,5,5,2026-06-03T03:36:09.874Z
J-J60-BOL-2026-003,J60 Santa Cruz de la Sierra,J60,2026-06-01,2026-06-06,800826359,Bernardo Ferreira,BRA,B,Boys,singles,qualifying,1,1,0,2,2nd Round,2,Q,still_alive_or_champion,0,0,2026-06-03T03:36:09.874Z
J-J60-BOL-2026-003,J60 Santa Cruz de la Sierra,J60,2026-06-01,2026-06-06,800678910,Carmenluz Calderon,CHI,G,Girls,singles,main_draw,1,0,1,1,1st Round,6,R64,eliminated,2,2,2026-06-03T03:36:09.874Z
J-J60-BOL-2026-003,J60 Santa Cruz de la Sierra,J60,2026-06-01,2026-06-06,800652225,Catalina Morales,BOL,G,Girls,singles,main_draw,1,0,1,1,1st Round,6,R64,eliminated,2,2,2026-06-03T03:36:09.874Z
J-J60-BOL-2026-003,J60 Santa Cruz de la Sierra,J60,2026-06-01,2026-06-06,800708677,Catalina Patino Mendoza,BOL,G,Girls,singles,qualifying,1,0,1,1,1st Round,2,Q1,eliminated,0,0,2026-06-03T03:36:09.874Z
J-J60-BOL-2026-003,J60 Santa Cruz de la Sierra,J60,2026-06-01,2026-06-06,800660858,Christian Javier Antezana Seleme,BOL,B,Boys,singles,main_draw,1,0,1,1,1st Round,6,R64,eliminated,2,2,2026-06-03T03:36:09.874Z
J-J60-BOL-2026-003,J60 Santa Cruz de la Sierra,J60,2026-06-01,2026-06-06,800746955,Daniel Wendel,BRA,B,Boys,singles,main_draw,2,2,0,3,3rd Round,6,R16,still_alive_or_champion,11,11,2026-06-03T03:36:09.874Z
J-J60-BOL-2026-003,J60 Santa Cruz de la Sierra,J60,2026-06-01,2026-06-06,800655784,Daniela Zegarra,PER,G,Girls,singles,main_draw,1,1,0,3,3rd Round,6,R32,still_alive_or_champion,5,5,2026-06-03T03:36:09.874Z
J-J60-BOL-2026-003,J60 Santa Cruz de la Sierra,J60,2026-06-01,2026-06-06,800697121,Dante Monte,BRA,B,Boys,singles,main_draw,2,1,1,2,2nd Round,6,R32,eliminated,5,5,2026-06-03T03:36:09.874Z
J-J60-BOL-2026-003,J60 Santa Cruz de la Sierra,J60,2026-06-01,2026-06-06,800697121,Dante Monte,BRA,B,Boys,singles,qualifying,2,2,0,2,2nd Round,2,Q,still_alive_or_champion,0,0,2026-06-03T03:36:09.874Z
J-J60-BOL-2026-003,J60 Santa Cruz de la Sierra,J60,2026-06-01,2026-06-06,800754660,Davi Leao Werkema Campos,BRA,B,Boys,singles,main_draw,1,0,1,1,1st Round,6,R64,eliminated,2,2,2026-06-03T03:36:09.874Z
J-J60-BOL-2026-003,J60 Santa Cruz de la Sierra,J60,2026-06-01,2026-06-06,800754660,Davi Leao Werkema Campos,BRA,B,Boys,singles,qualifying,2,2,0,2,2nd Round,2,Q,still_alive_or_champion,0,0,2026-06-03T03:36:09.874Z
J-J60-BOL-2026-003,J60 Santa Cruz de la Sierra,J60,2026-06-01,2026-06-06,800730588,Delfina Pereira Conde,PAR,G,Girls,singles,main_draw,2,1,1,2,2nd Round,6,R32,eliminated,5,5,2026-06-03T03:36:09.874Z
J-J60-BOL-2026-003,J60 Santa Cruz de la Sierra,J60,2026-06-01,2026-06-06,800652275,Eduardo Jaramillo,COL,B,Boys,singles,main_draw,1,0,1,2,2nd Round,6,R64,eliminated,2,2,2026-06-03T03:36:09.874Z
J-J60-BOL-2026-003,J60 Santa Cruz de la Sierra,J60,2026-06-01,2026-06-06,800713253,Emanuela Lares,COL,G,Girls,singles,main_draw,1,1,0,3,3rd Round,6,R32,still_alive_or_champion,5,5,2026-06-03T03:36:09.874Z
J-J60-BOL-2026-003,J60 Santa Cruz de la Sierra,J60,2026-06-01,2026-06-06,800781276,Emilia Bustillos,BOL,G,Girls,singles,main_draw,2,1,1,2,2nd Round,6,R32,eliminated,5,5,2026-06-03T03:36:09.874Z
J-J60-BOL-2026-003,J60 Santa Cruz de la Sierra,J60,2026-06-01,2026-06-06,800739751,Emilia Cecilia Antelo Cordova,BOL,G,Girls,singles,main_draw,1,1,0,3,3rd Round,6,R32,still_alive_or_champion,5,5,2026-06-03T03:36:09.874Z
J-J60-BOL-2026-003,J60 Santa Cruz de la Sierra,J60,2026-06-01,2026-06-06,800716262,Estanislao Lassaga,ARG,B,Boys,singles,main_draw,1,1,0,3,3rd Round,6,R32,still_alive_or_champion,5,5,2026-06-03T03:36:09.874Z
J-J60-BOL-2026-003,J60 Santa Cruz de la Sierra,J60,2026-06-01,2026-06-06,800716380,Estevao Zarur,BRA,B,Boys,singles,qualifying,1,0,1,2,2nd Round,2,Q1,eliminated,0,0,2026-06-03T03:36:09.874Z
J-J60-BOL-2026-003,J60 Santa Cruz de la Sierra,J60,2026-06-01,2026-06-06,800652386,Felipe Buritica,COL,B,Boys,singles,main_draw,1,1,0,3,3rd Round,6,R32,still_alive_or_champion,5,5,2026-06-03T03:36:09.874Z
J-J60-BOL-2026-003,J60 Santa Cruz de la Sierra,J60,2026-06-01,2026-06-06,800727757,Felipe David Morales Monasterio,BOL,B,Boys,singles,main_draw,1,0,1,1,1st Round,6,R64,eliminated,2,2,2026-06-03T03:36:09.874Z
J-J60-BOL-2026-003,J60 Santa Cruz de la Sierra,J60,2026-06-01,2026-06-06,800847958,Fernanda Leigue,BOL,G,Girls,singles,main_draw,1,0,1,1,1st Round,6,R64,eliminated,2,2,2026-06-03T03:36:09.874Z
J-J60-BOL-2026-003,J60 Santa Cruz de la Sierra,J60,2026-06-01,2026-06-06,800788012,Fernando Barrenechea,BOL,B,Boys,singles,main_draw,1,0,1,1,1st Round,6,R64,eliminated,2,2,2026-06-03T03:36:09.874Z
J-J60-BOL-2026-003,J60 Santa Cruz de la Sierra,J60,2026-06-01,2026-06-06,800706417,Florencia Zamora,BOL,G,Girls,singles,main_draw,2,1,1,2,2nd Round,6,R32,eliminated,5,5,2026-06-03T03:36:09.874Z
J-J60-BOL-2026-003,J60 Santa Cruz de la Sierra,J60,2026-06-01,2026-06-06,800702195,Franco Del Vecchio,ARG,B,Boys,singles,main_draw,2,1,1,2,2nd Round,6,R32,eliminated,5,5,2026-06-03T03:36:09.874Z
J-J60-BOL-2026-003,J60 Santa Cruz de la Sierra,J60,2026-06-01,2026-06-06,800795463,Gabriel Campagnoli Passarelle De Oliveira,BRA,B,Boys,singles,main_draw,1,0,1,1,1st Round,6,R64,eliminated,2,2,2026-06-03T03:36:09.874Z
J-J60-BOL-2026-003,J60 Santa Cruz de la Sierra,J60,2026-06-01,2026-06-06,800768340,Gabriel Daroca,BOL,B,Boys,singles,qualifying,1,0,1,2,2nd Round,2,Q1,eliminated,0,0,2026-06-03T03:36:09.874Z
J-J60-BOL-2026-003,J60 Santa Cruz de la Sierra,J60,2026-06-01,2026-06-06,800695732,Guilherme Castanho do Val,BRA,B,Boys,singles,main_draw,1,0,1,2,2nd Round,6,R64,eliminated,2,2,2026-06-03T03:36:09.874Z
J-J60-BOL-2026-003,J60 Santa Cruz de la Sierra,J60,2026-06-01,2026-06-06,800761078,Guilherme Novaes Duarte Mesquita,BRA,B,Boys,singles,qualifying,1,0,1,1,1st Round,2,Q1,eliminated,0,0,2026-06-03T03:36:09.874Z
J-J60-BOL-2026-003,J60 Santa Cruz de la Sierra,J60,2026-06-01,2026-06-06,800718890,Gustavo Fernandes,BRA,B,Boys,singles,main_draw,1,0,1,1,1st Round,6,R64,eliminated,2,2,2026-06-03T03:36:09.874Z
J-J60-BOL-2026-003,J60 Santa Cruz de la Sierra,J60,2026-06-01,2026-06-06,800778222,HENRIQUE PERRONE CUSTODIO,BRA,B,Boys,singles,main_draw,2,1,1,2,2nd Round,6,R32,eliminated,5,5,2026-06-03T03:36:09.874Z
J-J60-BOL-2026-003,J60 Santa Cruz de la Sierra,J60,2026-06-01,2026-06-06,800659650,Hiram Nicolas Gutierrez Castro,BOL,B,Boys,singles,main_draw,1,0,1,1,1st Round,6,R64,eliminated,2,2,2026-06-03T03:36:09.874Z
J-J60-BOL-2026-003,J60 Santa Cruz de la Sierra,J60,2026-06-01,2026-06-06,800748106,Ines Bustillos Dupleich,BOL,G,Girls,singles,main_draw,2,1,1,2,2nd Round,6,R32,eliminated,5,5,2026-06-03T03:36:09.874Z
J-J60-BOL-2026-003,J60 Santa Cruz de la Sierra,J60,2026-06-01,2026-06-06,800797916,Isabela Buttros,BRA,G,Girls,singles,main_draw,1,0,1,1,1st Round,6,R64,eliminated,2,2,2026-06-03T03:36:09.874Z
J-J60-BOL-2026-003,J60 Santa Cruz de la Sierra,J60,2026-06-01,2026-06-06,800797916,Isabela Buttros,BRA,G,Girls,singles,qualifying,1,1,0,2,2nd Round,2,Q,still_alive_or_champion,0,0,2026-06-03T03:36:09.874Z
J-J60-BOL-2026-003,J60 Santa Cruz de la Sierra,J60,2026-06-01,2026-06-06,800790350,Isabella Gonzalez Alvarez,USA,G,Girls,singles,main_draw,1,1,0,3,3rd Round,6,R32,still_alive_or_champion,5,5,2026-06-03T03:36:09.874Z
J-J60-BOL-2026-003,J60 Santa Cruz de la Sierra,J60,2026-06-01,2026-06-06,800863986,Jackelin Garcia,BOL,G,Girls,singles,qualifying,1,0,1,1,1st Round,2,Q1,eliminated,0,0,2026-06-03T03:36:09.874Z
J-J60-BOL-2026-003,J60 Santa Cruz de la Sierra,J60,2026-06-01,2026-06-06,800855205,Jaen Wilder Mathias Condori Nieves,BOL,B,Boys,singles,qualifying,1,0,1,1,1st Round,2,Q1,eliminated,0,0,2026-06-03T03:36:09.874Z
J-J60-BOL-2026-003,J60 Santa Cruz de la Sierra,J60,2026-06-01,2026-06-06,800720228,Javier Chocano Pezoa,CHI,B,Boys,singles,main_draw,1,1,0,3,3rd Round,6,R32,still_alive_or_champion,5,5,2026-06-03T03:36:09.874Z
J-J60-BOL-2026-003,J60 Santa Cruz de la Sierra,J60,2026-06-01,2026-06-06,800781494,Jeanine Fiorela Rojas Cuellar,BOL,G,Girls,singles,qualifying,1,0,1,1,1st Round,2,Q1,eliminated,0,0,2026-06-03T03:36:09.874Z
J-J60-BOL-2026-003,J60 Santa Cruz de la Sierra,J60,2026-06-01,2026-06-06,800652577,Jeronimo Duque Salazar,COL,B,Boys,singles,main_draw,1,1,0,3,3rd Round,6,R32,still_alive_or_champion,5,5,2026-06-03T03:36:09.874Z
J-J60-BOL-2026-003,J60 Santa Cruz de la Sierra,J60,2026-06-01,2026-06-06,800684389,JOAO GABRIEL Galhardo de Carvalho,BRA,B,Boys,singles,main_draw,1,1,0,3,3rd Round,6,R32,still_alive_or_champion,5,5,2026-06-03T03:36:09.874Z
J-J60-BOL-2026-003,J60 Santa Cruz de la Sierra,J60,2026-06-01,2026-06-06,800654974,Joao Jardim Nogueira,BRA,B,Boys,singles,main_draw,2,1,1,2,2nd Round,6,R32,eliminated,5,5,2026-06-03T03:36:09.874Z
J-J60-BOL-2026-003,J60 Santa Cruz de la Sierra,J60,2026-06-01,2026-06-06,800671478,Joaquin Torrez Paniagua,BOL,B,Boys,singles,qualifying,1,0,1,1,1st Round,2,Q1,eliminated,0,0,2026-06-03T03:36:09.874Z
J-J60-BOL-2026-003,J60 Santa Cruz de la Sierra,J60,2026-06-01,2026-06-06,800655667,JOSE FABRICIO SORIANO LOPEZ,PER,B,Boys,singles,main_draw,1,0,1,1,1st Round,6,R64,eliminated,2,2,2026-06-03T03:36:09.874Z
J-J60-BOL-2026-003,J60 Santa Cruz de la Sierra,J60,2026-06-01,2026-06-06,800732694,Juan Federico Nolo Pedrat,ARG,B,Boys,singles,main_draw,1,1,0,3,3rd Round,6,R32,still_alive_or_champion,5,5,2026-06-03T03:36:09.874Z
J-J60-BOL-2026-003,J60 Santa Cruz de la Sierra,J60,2026-06-01,2026-06-06,800784410,Julia Castellanos Alem,BRA,G,Girls,singles,qualifying,2,1,1,2,2nd Round,2,Q2,eliminated,0,0,2026-06-03T03:36:09.874Z
J-J60-BOL-2026-003,J60 Santa Cruz de la Sierra,J60,2026-06-01,2026-06-06,800655598,Julieta Marcos Cattoni,PAR,G,Girls,singles,main_draw,1,1,0,3,3rd Round,6,R32,still_alive_or_champion,5,5,2026-06-03T03:36:09.874Z
J-J60-BOL-2026-003,J60 Santa Cruz de la Sierra,J60,2026-06-01,2026-06-06,800656014,Lais Mika Shibata,BRA,G,Girls,singles,main_draw,2,2,0,3,3rd Round,6,R16,still_alive_or_champion,11,11,2026-06-03T03:36:09.874Z
J-J60-BOL-2026-003,J60 Santa Cruz de la Sierra,J60,2026-06-01,2026-06-06,800782313,Lara Ramirez,PER,G,Girls,singles,main_draw,1,0,1,1,1st Round,6,R64,eliminated,2,2,2026-06-03T03:36:09.874Z
J-J60-BOL-2026-003,J60 Santa Cruz de la Sierra,J60,2026-06-01,2026-06-06,800728255,Laura Valentina Villamil Arias,COL,G,Girls,singles,main_draw,1,0,1,2,2nd Round,6,R64,eliminated,2,2,2026-06-03T03:36:09.874Z
J-J60-BOL-2026-003,J60 Santa Cruz de la Sierra,J60,2026-06-01,2026-06-06,800670012,Leonardo Suarez,BOL,B,Boys,singles,main_draw,1,1,0,3,3rd Round,6,R32,still_alive_or_champion,5,5,2026-06-03T03:36:09.874Z
J-J60-BOL-2026-003,J60 Santa Cruz de la Sierra,J60,2026-06-01,2026-06-06,800776684,Lorenzo Baessa,BRA,B,Boys,singles,qualifying,2,1,1,2,2nd Round,2,Q2,eliminated,0,0,2026-06-03T03:36:09.874Z
J-J60-BOL-2026-003,J60 Santa Cruz de la Sierra,J60,2026-06-01,2026-06-06,800700451,Lucciano Guillermo Campbell Perez,PER,B,Boys,singles,main_draw,2,1,1,2,2nd Round,6,R32,eliminated,5,5,2026-06-03T03:36:09.874Z
J-J60-BOL-2026-003,J60 Santa Cruz de la Sierra,J60,2026-06-01,2026-06-06,800720191,Lucia Grinberg,ARG,G,Girls,singles,main_draw,2,1,1,2,2nd Round,6,R32,eliminated,5,5,2026-06-03T03:36:09.874Z
J-J60-BOL-2026-003,J60 Santa Cruz de la Sierra,J60,2026-06-01,2026-06-06,800743402,Luciana Pacheco Balcazar,BOL,G,Girls,singles,qualifying,2,1,1,2,2nd Round,2,Q2,eliminated,0,0,2026-06-03T03:36:09.874Z
J-J60-BOL-2026-003,J60 Santa Cruz de la Sierra,J60,2026-06-01,2026-06-06,800742055,Luciana Velasco Gil,BOL,G,Girls,singles,main_draw,1,0,1,1,1st Round,6,R64,eliminated,2,2,2026-06-03T03:36:09.874Z
J-J60-BOL-2026-003,J60 Santa Cruz de la Sierra,J60,2026-06-01,2026-06-06,800652240,Maira Prado,BOL,G,Girls,singles,main_draw,1,0,1,1,1st Round,6,R64,eliminated,2,2,2026-06-03T03:36:09.874Z
J-J60-BOL-2026-003,J60 Santa Cruz de la Sierra,J60,2026-06-01,2026-06-06,800759123,Manuela Ferreira Banietti,BRA,G,Girls,singles,main_draw,1,1,0,3,3rd Round,6,R32,still_alive_or_champion,5,5,2026-06-03T03:36:09.874Z
J-J60-BOL-2026-003,J60 Santa Cruz de la Sierra,J60,2026-06-01,2026-06-06,800712648,Manuela Medina,BRA,G,Girls,singles,main_draw,2,1,1,2,2nd Round,6,R32,eliminated,5,5,2026-06-03T03:36:09.874Z
J-J60-BOL-2026-003,J60 Santa Cruz de la Sierra,J60,2026-06-01,2026-06-06,800711725,Manuela Santos de Mello,BRA,G,Girls,singles,main_draw,2,1,1,2,2nd Round,6,R32,eliminated,5,5,2026-06-03T03:36:09.874Z
J-J60-BOL-2026-003,J60 Santa Cruz de la Sierra,J60,2026-06-01,2026-06-06,800711725,Manuela Santos de Mello,BRA,G,Girls,singles,qualifying,2,2,0,2,2nd Round,2,Q,still_alive_or_champion,0,0,2026-06-03T03:36:09.874Z
J-J60-BOL-2026-003,J60 Santa Cruz de la Sierra,J60,2026-06-01,2026-06-06,800707780,MARIA CAMILA TOBON JIMENEZ,COL,G,Girls,singles,main_draw,2,2,0,3,3rd Round,6,R16,still_alive_or_champion,11,11,2026-06-03T03:36:09.874Z
J-J60-BOL-2026-003,J60 Santa Cruz de la Sierra,J60,2026-06-01,2026-06-06,800721322,Maria Eduarda Ribeiro Pessoa,BRA,G,Girls,singles,main_draw,2,1,1,2,2nd Round,6,R32,eliminated,5,5,2026-06-03T03:36:09.874Z
J-J60-BOL-2026-003,J60 Santa Cruz de la Sierra,J60,2026-06-01,2026-06-06,800715587,Maria Laura Sejas,BOL,G,Girls,singles,main_draw,1,1,0,3,3rd Round,6,R32,still_alive_or_champion,5,5,2026-06-03T03:36:09.874Z
J-J60-BOL-2026-003,J60 Santa Cruz de la Sierra,J60,2026-06-01,2026-06-06,800812068,Maria Linde,COL,G,Girls,singles,main_draw,2,1,1,2,2nd Round,6,R32,eliminated,5,5,2026-06-03T03:36:09.874Z
J-J60-BOL-2026-003,J60 Santa Cruz de la Sierra,J60,2026-06-01,2026-06-06,800727633,Martina Barrera,BOL,G,Girls,singles,main_draw,1,0,1,1,1st Round,6,R64,eliminated,2,2,2026-06-03T03:36:09.874Z
J-J60-BOL-2026-003,J60 Santa Cruz de la Sierra,J60,2026-06-01,2026-06-06,800730099,Martina Claudeline Mora Da Silva,PAR,G,Girls,singles,main_draw,1,0,1,1,1st Round,6,R64,eliminated,2,2,2026-06-03T03:36:09.874Z
J-J60-BOL-2026-003,J60 Santa Cruz de la Sierra,J60,2026-06-01,2026-06-06,800643051,Martina Salaberry,BOL,G,Girls,singles,main_draw,1,1,0,3,3rd Round,6,R32,still_alive_or_champion,5,5,2026-06-03T03:36:09.875Z
J-J60-BOL-2026-003,J60 Santa Cruz de la Sierra,J60,2026-06-01,2026-06-06,800690646,MATEO DE AVILA TOMINOVIC,BOL,B,Boys,singles,main_draw,1,0,1,1,1st Round,6,R64,eliminated,2,2,2026-06-03T03:36:09.875Z
J-J60-BOL-2026-003,J60 Santa Cruz de la Sierra,J60,2026-06-01,2026-06-06,800785340,Mateo Fernandez,BRA,B,Boys,singles,main_draw,1,0,1,1,1st Round,6,R64,eliminated,2,2,2026-06-03T03:36:09.875Z
J-J60-BOL-2026-003,J60 Santa Cruz de la Sierra,J60,2026-06-01,2026-06-06,800785340,Mateo Fernandez,BRA,B,Boys,singles,qualifying,1,1,0,2,2nd Round,2,Q,still_alive_or_champion,0,0,2026-06-03T03:36:09.875Z
J-J60-BOL-2026-003,J60 Santa Cruz de la Sierra,J60,2026-06-01,2026-06-06,800684702,Mateus Nogueira,BRA,B,Boys,singles,main_draw,1,1,0,3,3rd Round,6,R32,still_alive_or_champion,5,5,2026-06-03T03:36:09.875Z
J-J60-BOL-2026-003,J60 Santa Cruz de la Sierra,J60,2026-06-01,2026-06-06,800661040,Matheo Calvo Tababary,BOL,B,Boys,singles,qualifying,1,0,1,1,1st Round,2,Q1,eliminated,0,0,2026-06-03T03:36:09.875Z
J-J60-BOL-2026-003,J60 Santa Cruz de la Sierra,J60,2026-06-01,2026-06-06,800718285,Matheus Menegazzo,BRA,B,Boys,singles,main_draw,2,1,1,2,2nd Round,6,R32,eliminated,5,5,2026-06-03T03:36:09.875Z
J-J60-BOL-2026-003,J60 Santa Cruz de la Sierra,J60,2026-06-01,2026-06-06,800676485,Matias Erices,CHI,B,Boys,singles,main_draw,2,2,0,3,3rd Round,6,R16,still_alive_or_champion,11,11,2026-06-03T03:36:09.875Z
J-J60-BOL-2026-003,J60 Santa Cruz de la Sierra,J60,2026-06-01,2026-06-06,800653229,Matias Valdez,BOL,B,Boys,singles,main_draw,1,0,1,1,1st Round,6,R64,eliminated,2,2,2026-06-03T03:36:09.875Z
J-J60-BOL-2026-003,J60 Santa Cruz de la Sierra,J60,2026-06-01,2026-06-06,800702203,Maximo Augusto Belotti Garcia,ARG,B,Boys,singles,qualifying,1,0,1,1,1st Round,2,Q1,eliminated,0,0,2026-06-03T03:36:09.875Z
J-J60-BOL-2026-003,J60 Santa Cruz de la Sierra,J60,2026-06-01,2026-06-06,800811705,Maximo Cataldi,ARG,B,Boys,singles,main_draw,1,1,0,3,3rd Round,6,R32,still_alive_or_champion,5,5,2026-06-03T03:36:09.875Z
J-J60-BOL-2026-003,J60 Santa Cruz de la Sierra,J60,2026-06-01,2026-06-06,800671191,Melissa Garzon,BOL,G,Girls,singles,qualifying,2,1,1,2,2nd Round,2,Q2,eliminated,0,0,2026-06-03T03:36:09.875Z
J-J60-BOL-2026-003,J60 Santa Cruz de la Sierra,J60,2026-06-01,2026-06-06,800713287,Mercedes Zunino Arques,ARG,G,Girls,singles,main_draw,1,0,1,1,1st Round,6,R64,eliminated,2,2,2026-06-03T03:36:09.875Z
J-J60-BOL-2026-003,J60 Santa Cruz de la Sierra,J60,2026-06-01,2026-06-06,800713287,Mercedes Zunino Arques,ARG,G,Girls,singles,qualifying,1,1,0,2,2nd Round,2,Q,still_alive_or_champion,0,0,2026-06-03T03:36:09.875Z
J-J60-BOL-2026-003,J60 Santa Cruz de la Sierra,J60,2026-06-01,2026-06-06,800694191,Mia Agustina Junghanns Dietze,PAR,G,Girls,singles,main_draw,2,1,1,2,2nd Round,6,R32,eliminated,5,5,2026-06-03T03:36:09.875Z
J-J60-BOL-2026-003,J60 Santa Cruz de la Sierra,J60,2026-06-01,2026-06-06,800694191,Mia Agustina Junghanns Dietze,PAR,G,Girls,singles,qualifying,1,1,0,2,2nd Round,2,Q,still_alive_or_champion,0,0,2026-06-03T03:36:09.875Z
J-J60-BOL-2026-003,J60 Santa Cruz de la Sierra,J60,2026-06-01,2026-06-06,800715176,mia celeste brayotta,ARG,G,Girls,singles,main_draw,1,1,0,3,3rd Round,6,R32,still_alive_or_champion,5,5,2026-06-03T03:36:09.875Z
J-J60-BOL-2026-003,J60 Santa Cruz de la Sierra,J60,2026-06-01,2026-06-06,800714622,Miguel Ferraz,BRA,B,Boys,singles,main_draw,1,0,1,1,1st Round,6,R64,eliminated,2,2,2026-06-03T03:36:09.875Z
J-J60-BOL-2026-003,J60 Santa Cruz de la Sierra,J60,2026-06-01,2026-06-06,800714622,Miguel Ferraz,BRA,B,Boys,singles,qualifying,1,1,0,2,2nd Round,2,Q,still_alive_or_champion,0,0,2026-06-03T03:36:09.875Z
J-J60-BOL-2026-003,J60 Santa Cruz de la Sierra,J60,2026-06-01,2026-06-06,800667903,Milce Banzer Ortiz,BOL,G,Girls,singles,main_draw,1,0,1,1,1st Round,6,R64,eliminated,2,2,2026-06-03T03:36:09.875Z
J-J60-BOL-2026-003,J60 Santa Cruz de la Sierra,J60,2026-06-01,2026-06-06,800671875,MIRANDA SORUCO AZCUI,BOL,G,Girls,singles,qualifying,1,0,1,1,1st Round,2,Q1,eliminated,0,0,2026-06-03T03:36:09.875Z
J-J60-BOL-2026-003,J60 Santa Cruz de la Sierra,J60,2026-06-01,2026-06-06,800644065,Natalia Mendez Arce,BOL,G,Girls,singles,qualifying,1,0,1,2,2nd Round,2,Q1,eliminated,0,0,2026-06-03T03:36:09.875Z
J-J60-BOL-2026-003,J60 Santa Cruz de la Sierra,J60,2026-06-01,2026-06-06,800740456,Natalia Prado Angelo,BOL,G,Girls,singles,qualifying,1,0,1,2,2nd Round,2,Q1,eliminated,0,0,2026-06-03T03:36:09.875Z
J-J60-BOL-2026-003,J60 Santa Cruz de la Sierra,J60,2026-06-01,2026-06-06,800644080,Nicolas Ciancaglini Rivera,BOL,B,Boys,singles,main_draw,1,1,0,3,3rd Round,6,R32,still_alive_or_champion,5,5,2026-06-03T03:36:09.875Z
J-J60-BOL-2026-003,J60 Santa Cruz de la Sierra,J60,2026-06-01,2026-06-06,800652273,Nicole Jimenez,BOL,G,Girls,singles,main_draw,1,0,1,2,2nd Round,6,R64,eliminated,2,2,2026-06-03T03:36:09.875Z
J-J60-BOL-2026-003,J60 Santa Cruz de la Sierra,J60,2026-06-01,2026-06-06,800642824,Oliver Andre Solis Encinas,BOL,B,Boys,singles,main_draw,1,1,0,3,3rd Round,6,R32,still_alive_or_champion,5,5,2026-06-03T03:36:09.875Z
J-J60-BOL-2026-003,J60 Santa Cruz de la Sierra,J60,2026-06-01,2026-06-06,800845401,Pablo Torres Lema,BOL,B,Boys,singles,qualifying,1,0,1,1,1st Round,2,Q1,eliminated,0,0,2026-06-03T03:36:09.875Z
J-J60-BOL-2026-003,J60 Santa Cruz de la Sierra,J60,2026-06-01,2026-06-06,800680033,Pietro Gava,BRA,B,Boys,singles,main_draw,1,1,0,3,3rd Round,6,R32,still_alive_or_champion,5,5,2026-06-03T03:36:09.875Z
J-J60-BOL-2026-003,J60 Santa Cruz de la Sierra,J60,2026-06-01,2026-06-06,800672553,Rafael Elaez Miranda,PER,B,Boys,singles,main_draw,1,0,1,2,2nd Round,6,R64,eliminated,2,2,2026-06-03T03:36:09.875Z
J-J60-BOL-2026-003,J60 Santa Cruz de la Sierra,J60,2026-06-01,2026-06-06,800778423,Rodrigo Fadel Altieri,BRA,B,Boys,singles,qualifying,0,0,0,1,1st Round,2,Q1,not_started_or_unknown,0,0,2026-06-03T03:36:09.875Z
J-J60-BOL-2026-003,J60 Santa Cruz de la Sierra,J60,2026-06-01,2026-06-06,800781489,Samuel Balcazar,USA,B,Boys,singles,qualifying,0,0,0,2,2nd Round,2,Q1,not_started_or_unknown,0,0,2026-06-03T03:36:09.875Z
J-J60-BOL-2026-003,J60 Santa Cruz de la Sierra,J60,2026-06-01,2026-06-06,800726011,santiago gomez roca,BOL,B,Boys,singles,main_draw,1,0,1,1,1st Round,6,R64,eliminated,2,2,2026-06-03T03:36:09.875Z
J-J60-BOL-2026-003,J60 Santa Cruz de la Sierra,J60,2026-06-01,2026-06-06,800731963,Santiago Josue Gonzalez Rodriguez,VEN,B,Boys,singles,main_draw,2,2,0,3,3rd Round,6,R16,still_alive_or_champion,11,11,2026-06-03T03:36:09.875Z
J-J60-BOL-2026-003,J60 Santa Cruz de la Sierra,J60,2026-06-01,2026-06-06,800772836,Santiago Lopez,COL,B,Boys,singles,main_draw,2,1,1,2,2nd Round,6,R32,eliminated,5,5,2026-06-03T03:36:09.875Z
J-J60-BOL-2026-003,J60 Santa Cruz de la Sierra,J60,2026-06-01,2026-06-06,800706732,sara alejandra lozano avellaneda,COL,G,Girls,singles,main_draw,2,2,0,3,3rd Round,6,R16,still_alive_or_champion,11,11,2026-06-03T03:36:09.875Z
J-J60-BOL-2026-003,J60 Santa Cruz de la Sierra,J60,2026-06-01,2026-06-06,800741173,Sebastian Aponte Romero,BOL,B,Boys,singles,main_draw,1,0,1,1,1st Round,6,R64,eliminated,2,2,2026-06-03T03:36:09.875Z
J-J60-BOL-2026-003,J60 Santa Cruz de la Sierra,J60,2026-06-01,2026-06-06,800739328,Sebastian Enrique Chang,BOL,B,Boys,singles,main_draw,2,2,0,3,3rd Round,6,R16,still_alive_or_champion,11,11,2026-06-03T03:36:09.875Z
J-J60-BOL-2026-003,J60 Santa Cruz de la Sierra,J60,2026-06-01,2026-06-06,800652058,SEBASTIAN MIRANDA PARRILLA,BOL,B,Boys,singles,main_draw,2,1,1,2,2nd Round,6,R32,eliminated,5,5,2026-06-03T03:36:09.875Z
J-J60-BOL-2026-003,J60 Santa Cruz de la Sierra,J60,2026-06-01,2026-06-06,800652630,Sofia Daroca,BOL,G,Girls,singles,main_draw,1,0,1,1,1st Round,6,R64,eliminated,2,2,2026-06-03T03:36:09.875Z
J-J60-BOL-2026-003,J60 Santa Cruz de la Sierra,J60,2026-06-01,2026-06-06,800758187,Sofia Ferreira Azevedo de Matos,BRA,G,Girls,singles,main_draw,1,0,1,1,1st Round,6,R64,eliminated,2,2,2026-06-03T03:36:09.875Z
J-J60-BOL-2026-003,J60 Santa Cruz de la Sierra,J60,2026-06-01,2026-06-06,800758187,Sofia Ferreira Azevedo de Matos,BRA,G,Girls,singles,qualifying,2,2,0,2,2nd Round,2,Q,still_alive_or_champion,0,0,2026-06-03T03:36:09.875Z
J-J60-BOL-2026-003,J60 Santa Cruz de la Sierra,J60,2026-06-01,2026-06-06,800652511,Sofia Otero Saavedra,BOL,G,Girls,singles,qualifying,0,0,0,1,1st Round,2,Q1,not_started_or_unknown,0,0,2026-06-03T03:36:09.875Z
J-J60-BOL-2026-003,J60 Santa Cruz de la Sierra,J60,2026-06-01,2026-06-06,800780062,Sofia Zunino Arques,ARG,G,Girls,singles,qualifying,1,0,1,1,1st Round,2,Q1,eliminated,0,0,2026-06-03T03:36:09.875Z
J-J60-BOL-2026-003,J60 Santa Cruz de la Sierra,J60,2026-06-01,2026-06-06,800656497,Sophia Santos,BRA,G,Girls,singles,main_draw,2,1,1,2,2nd Round,6,R32,eliminated,5,5,2026-06-03T03:36:09.875Z
J-J60-BOL-2026-003,J60 Santa Cruz de la Sierra,J60,2026-06-01,2026-06-06,800628883,Thiago Mauricio Solis Bustamante,BOL,B,Boys,singles,main_draw,1,0,1,1,1st Round,6,R64,eliminated,2,2,2026-06-03T03:36:09.875Z
J-J60-BOL-2026-003,J60 Santa Cruz de la Sierra,J60,2026-06-01,2026-06-06,800711726,Thomas Amaral,BRA,B,Boys,singles,qualifying,2,1,1,2,2nd Round,2,Q2,eliminated,0,0,2026-06-03T03:36:09.875Z
J-J60-BOL-2026-003,J60 Santa Cruz de la Sierra,J60,2026-06-01,2026-06-06,800652888,Valentina Garcia Rojas,COL,G,Girls,singles,main_draw,1,1,0,3,3rd Round,6,R32,still_alive_or_champion,5,5,2026-06-03T03:36:09.875Z
J-J60-BOL-2026-003,J60 Santa Cruz de la Sierra,J60,2026-06-01,2026-06-06,800730448,Valentina Romero,BOL,G,Girls,singles,qualifying,0,0,0,1,1st Round,2,Q1,not_started_or_unknown,0,0,2026-06-03T03:36:09.875Z
J-J60-BOL-2026-003,J60 Santa Cruz de la Sierra,J60,2026-06-01,2026-06-06,800711933,Valentino Ezequiel Ancasi,ARG,B,Boys,singles,main_draw,2,1,1,2,2nd Round,6,R32,eliminated,5,5,2026-06-03T03:36:09.875Z
J-J60-BOL-2026-003,J60 Santa Cruz de la Sierra,J60,2026-06-01,2026-06-06,800711933,Valentino Ezequiel Ancasi,ARG,B,Boys,singles,qualifying,2,2,0,2,2nd Round,2,Q,still_alive_or_champion,0,0,2026-06-03T03:36:09.875Z
J-J60-BOL-2026-003,J60 Santa Cruz de la Sierra,J60,2026-06-01,2026-06-06,800733192,Valeria Ruiz Rodriguez,PER,G,Girls,singles,main_draw,1,0,1,1,1st Round,6,R64,eliminated,2,2,2026-06-03T03:36:09.875Z
J-J60-BOL-2026-003,J60 Santa Cruz de la Sierra,J60,2026-06-01,2026-06-06,800677663,Valeria Santander,PAR,G,Girls,singles,main_draw,1,1,0,3,3rd Round,6,R32,still_alive_or_champion,5,5,2026-06-03T03:36:09.875Z
J-J60-BOL-2026-003,J60 Santa Cruz de la Sierra,J60,2026-06-01,2026-06-06,800657148,Valery Sumoya Lopez,BOL,G,Girls,singles,main_draw,1,1,0,3,3rd Round,6,R32,still_alive_or_champion,5,5,2026-06-03T03:36:09.875Z
J-J60-BOL-2026-003,J60 Santa Cruz de la Sierra,J60,2026-06-01,2026-06-06,800707433,YARA DAYANA DELGADILLO STEINBACH,BOL,G,Girls,singles,qualifying,1,0,1,2,2nd Round,2,Q1,eliminated,0,0,2026-06-03T03:36:09.875Z
J-J60-BOL-2026-003,J60 Santa Cruz de la Sierra,J60,2026-06-01,2026-06-06,800652517,Zoe Castro Calderon,BOL,G,Girls,singles,main_draw,2,1,1,2,2nd Round,6,R32,eliminated,5,5,2026-06-03T03:36:09.875Z
J-J60-BOL-2026-003,J60 Santa Cruz de la Sierra,J60,2026-06-01,2026-06-06,800661516,Zoe Doldan,PAR,G,Girls,singles,main_draw,1,0,1,2,2nd Round,6,R64,eliminated,2,2,2026-06-03T03:36:09.875Z
J-JGS-FRA-2026-001,Roland Garros Junior Championships,JGS,2026-05-31,2026-06-06,800567149,Aaron Gabet,FRA,B,Boys,doubles,main_draw,1,1,0,2,2nd Round,5,R16,still_alive_or_champion,180,45,2026-06-03T03:36:09.875Z
J-JGS-FRA-2026-001,Roland Garros Junior Championships,JGS,2026-05-31,2026-06-06,800592997,Adelina Lacinova,LAT,G,Girls,doubles,main_draw,1,0,1,1,1st Round,5,R32,eliminated,90,22.5,2026-06-03T03:36:09.875Z
J-JGS-FRA-2026-001,Roland Garros Junior Championships,JGS,2026-05-31,2026-06-06,800635479,Alexandra Malova,RUS,G,Girls,doubles,main_draw,1,0,1,1,1st Round,5,R32,eliminated,90,22.5,2026-06-03T03:36:09.875Z
J-JGS-FRA-2026-001,Roland Garros Junior Championships,JGS,2026-05-31,2026-06-06,800676754,Alisa Terentyeva,RUS,G,Girls,doubles,main_draw,1,0,1,1,1st Round,5,R32,eliminated,90,22.5,2026-06-03T03:36:09.875Z
J-JGS-FRA-2026-001,Roland Garros Junior Championships,JGS,2026-05-31,2026-06-06,800693920,Alyssa James,JAM,G,Girls,doubles,main_draw,1,0,1,1,1st Round,5,R32,eliminated,90,22.5,2026-06-03T03:36:09.875Z
J-JGS-FRA-2026-001,Roland Garros Junior Championships,JGS,2026-05-31,2026-06-06,800589857,Anastasia Lizunova,RUS,G,Girls,doubles,main_draw,1,0,1,1,1st Round,5,R32,eliminated,90,22.5,2026-06-03T03:36:09.875Z
J-JGS-FRA-2026-001,Roland Garros Junior Championships,JGS,2026-05-31,2026-06-06,800598140,Anastasija Cvetkovic,SRB,G,Girls,doubles,main_draw,1,1,0,2,2nd Round,5,R16,still_alive_or_champion,180,45,2026-06-03T03:36:09.875Z
J-JGS-FRA-2026-001,Roland Garros Junior Championships,JGS,2026-05-31,2026-06-06,800717286,Andrew Johnson,USA,B,Boys,doubles,main_draw,1,1,0,2,2nd Round,5,R16,still_alive_or_champion,180,45,2026-06-03T03:36:09.875Z
J-JGS-FRA-2026-001,Roland Garros Junior Championships,JGS,2026-05-31,2026-06-06,800636696,Anna Pushkareva,RUS,G,Girls,doubles,main_draw,1,1,0,2,2nd Round,5,R16,still_alive_or_champion,180,45,2026-06-03T03:36:09.875Z
J-JGS-FRA-2026-001,Roland Garros Junior Championships,JGS,2026-05-31,2026-06-06,800597362,Antonina Sushkova,UKR,G,Girls,doubles,main_draw,1,0,1,1,1st Round,5,R32,eliminated,90,22.5,2026-06-03T03:36:09.875Z
J-JGS-FRA-2026-001,Roland Garros Junior Championships,JGS,2026-05-31,2026-06-06,800573038,Arnav Paparkar,IND,B,Boys,doubles,main_draw,1,1,0,2,2nd Round,5,R16,still_alive_or_champion,180,45,2026-06-03T03:36:09.875Z
J-JGS-FRA-2026-001,Roland Garros Junior Championships,JGS,2026-05-31,2026-06-06,800684768,Benoit Geldof,FRA,B,Boys,doubles,main_draw,1,0,1,1,1st Round,5,R32,eliminated,90,22.5,2026-06-03T03:36:09.875Z
J-JGS-FRA-2026-001,Roland Garros Junior Championships,JGS,2026-05-31,2026-06-06,800630721,Capucine Cedillo- Vayson de Pradenne,FRA,G,Girls,doubles,main_draw,1,0,1,1,1st Round,5,R32,eliminated,90,22.5,2026-06-03T03:36:09.875Z
J-JGS-FRA-2026-001,Roland Garros Junior Championships,JGS,2026-05-31,2026-06-06,800732202,Carrie-Anne Hoo,USA,G,Girls,doubles,main_draw,1,0,1,1,1st Round,5,R32,eliminated,90,22.5,2026-06-03T03:36:09.875Z
J-JGS-FRA-2026-001,Roland Garros Junior Championships,JGS,2026-05-31,2026-06-06,800672253,Charo Esquiva Banuls,ESP,G,Girls,doubles,main_draw,1,1,0,2,2nd Round,5,R16,still_alive_or_champion,180,45,2026-06-03T03:36:09.875Z
J-JGS-FRA-2026-001,Roland Garros Junior Championships,JGS,2026-05-31,2026-06-06,800596852,Christopher Thies,GER,B,Boys,doubles,main_draw,1,0,1,1,1st Round,5,R32,eliminated,90,22.5,2026-06-03T03:36:09.875Z
J-JGS-FRA-2026-001,Roland Garros Junior Championships,JGS,2026-05-31,2026-06-06,800719735,Chukwumelije Clarke,USA,G,Girls,doubles,main_draw,1,1,0,2,2nd Round,5,R16,still_alive_or_champion,180,45,2026-06-03T03:36:09.875Z
J-JGS-FRA-2026-001,Roland Garros Junior Championships,JGS,2026-05-31,2026-06-06,800603080,Cindy Langlais,FRA,G,Girls,doubles,main_draw,1,0,1,1,1st Round,5,R32,eliminated,90,22.5,2026-06-03T03:36:09.875Z
J-JGS-FRA-2026-001,Roland Garros Junior Championships,JGS,2026-05-31,2026-06-06,800654119,Connor Doig,RSA,B,Boys,doubles,main_draw,1,1,0,2,2nd Round,5,R16,still_alive_or_champion,180,45,2026-06-03T03:36:09.875Z
J-JGS-FRA-2026-001,Roland Garros Junior Championships,JGS,2026-05-31,2026-06-06,800583809,Damien Clerc,FRA,B,Boys,doubles,main_draw,1,0,1,1,1st Round,5,R32,eliminated,90,22.5,2026-06-03T03:36:09.875Z
J-JGS-FRA-2026-001,Roland Garros Junior Championships,JGS,2026-05-31,2026-06-06,800559166,Damir Zhalgasbay,KAZ,B,Boys,doubles,main_draw,1,0,1,1,1st Round,5,R32,eliminated,90,22.5,2026-06-03T03:36:09.875Z
J-JGS-FRA-2026-001,Roland Garros Junior Championships,JGS,2026-05-31,2026-06-06,800626357,Dan Brand,ISR,B,Boys,doubles,main_draw,1,1,0,2,2nd Round,5,R16,still_alive_or_champion,180,45,2026-06-03T03:36:09.875Z
J-JGS-FRA-2026-001,Roland Garros Junior Championships,JGS,2026-05-31,2026-06-06,800685082,Daniel Baranes,FRA,G,Girls,doubles,main_draw,1,0,1,1,1st Round,5,R32,eliminated,90,22.5,2026-06-03T03:36:09.875Z
J-JGS-FRA-2026-001,Roland Garros Junior Championships,JGS,2026-05-31,2026-06-06,800681412,Daniel Jade,FRA,B,Boys,doubles,main_draw,1,1,0,2,2nd Round,5,R16,still_alive_or_champion,180,45,2026-06-03T03:36:09.875Z
J-JGS-FRA-2026-001,Roland Garros Junior Championships,JGS,2026-05-31,2026-06-06,800712851,Daniel Jovanovski,AUS,B,Boys,doubles,main_draw,1,1,0,2,2nd Round,5,R16,still_alive_or_champion,180,45,2026-06-03T03:36:09.875Z
J-JGS-FRA-2026-001,Roland Garros Junior Championships,JGS,2026-05-31,2026-06-06,800587892,Daphnee Mpetshi Perricard,FRA,G,Girls,doubles,main_draw,1,0,1,1,1st Round,5,R32,eliminated,90,22.5,2026-06-03T03:36:09.875Z
J-JGS-FRA-2026-001,Roland Garros Junior Championships,JGS,2026-05-31,2026-06-06,800638346,Denisa Zoldakova,CZE,G,Girls,doubles,main_draw,1,0,1,1,1st Round,5,R32,eliminated,90,22.5,2026-06-03T03:36:09.875Z
J-JGS-FRA-2026-001,Roland Garros Junior Championships,JGS,2026-05-31,2026-06-06,800571859,Dimitar Kisimov,BUL,B,Boys,doubles,main_draw,1,1,0,2,2nd Round,5,R16,still_alive_or_champion,180,45,2026-06-03T03:36:09.875Z
J-JGS-FRA-2026-001,Roland Garros Junior Championships,JGS,2026-05-31,2026-06-06,800677532,Ekaterina Dotsenko,RUS,G,Girls,doubles,main_draw,1,1,0,2,2nd Round,5,R16,still_alive_or_champion,180,45,2026-06-03T03:36:09.875Z
J-JGS-FRA-2026-001,Roland Garros Junior Championships,JGS,2026-05-31,2026-06-06,800571280,Ekaterina Tupitsyna,RUS,G,Girls,doubles,main_draw,1,0,1,1,1st Round,5,R32,eliminated,90,22.5,2026-06-03T03:36:09.875Z
J-JGS-FRA-2026-001,Roland Garros Junior Championships,JGS,2026-05-31,2026-06-06,800576556,Eleejah Inisan,FRA,G,Girls,doubles,main_draw,1,0,1,1,1st Round,5,R32,eliminated,90,22.5,2026-06-03T03:36:09.875Z
J-JGS-FRA-2026-001,Roland Garros Junior Championships,JGS,2026-05-31,2026-06-06,800654359,Emilio Camacho,ECU,B,Boys,doubles,main_draw,1,0,1,1,1st Round,5,R32,eliminated,90,22.5,2026-06-03T03:36:09.875Z
J-JGS-FRA-2026-001,Roland Garros Junior Championships,JGS,2026-05-31,2026-06-06,800598679,Emily Victoria Eigelsbach,GER,G,Girls,doubles,main_draw,1,0,1,1,1st Round,5,R32,eliminated,90,22.5,2026-06-03T03:36:09.875Z
J-JGS-FRA-2026-001,Roland Garros Junior Championships,JGS,2026-05-31,2026-06-06,800653870,Evan GIURESCU,FRA,B,Boys,doubles,main_draw,1,0,1,1,1st Round,5,R32,eliminated,90,22.5,2026-06-03T03:36:09.875Z
J-JGS-FRA-2026-001,Roland Garros Junior Championships,JGS,2026-05-31,2026-06-06,800721825,Felitsata Dorofeeva-Rybas,RUS,G,Girls,doubles,main_draw,1,1,0,2,2nd Round,5,R16,still_alive_or_champion,180,45,2026-06-03T03:36:09.875Z
J-JGS-FRA-2026-001,Roland Garros Junior Championships,JGS,2026-05-31,2026-06-06,800571129,Flynn Thomas,SUI,B,Boys,doubles,main_draw,1,1,0,2,2nd Round,5,R16,still_alive_or_champion,180,45,2026-06-03T03:36:09.875Z
J-JGS-FRA-2026-001,Roland Garros Junior Championships,JGS,2026-05-31,2026-06-06,800754035,Gavin Goode,USA,B,Boys,doubles,main_draw,1,0,1,1,1st Round,5,R32,eliminated,90,22.5,2026-06-03T03:36:09.875Z
J-JGS-FRA-2026-001,Roland Garros Junior Championships,JGS,2026-05-31,2026-06-06,800640357,Giulia Safina Popa,ROU,G,Girls,doubles,main_draw,1,0,1,1,1st Round,5,R32,eliminated,90,22.5,2026-06-03T03:36:09.875Z
J-JGS-FRA-2026-001,Roland Garros Junior Championships,JGS,2026-05-31,2026-06-06,800586389,Ha Eum Lee,KOR,G,Girls,doubles,main_draw,1,1,0,2,2nd Round,5,R16,still_alive_or_champion,180,45,2026-06-03T03:36:09.875Z
J-JGS-FRA-2026-001,Roland Garros Junior Championships,JGS,2026-05-31,2026-06-06,800661849,Hollie Smart,GBR,G,Girls,doubles,main_draw,1,1,0,2,2nd Round,5,R16,still_alive_or_champion,180,45,2026-06-03T03:36:09.875Z
J-JGS-FRA-2026-001,Roland Garros Junior Championships,JGS,2026-05-31,2026-06-06,800700658,Hyu Kawanishi,JPN,B,Boys,doubles,main_draw,1,0,1,1,1st Round,5,R32,eliminated,90,22.5,2026-06-03T03:36:09.875Z
J-JGS-FRA-2026-001,Roland Garros Junior Championships,JGS,2026-05-31,2026-06-06,800671481,Ida Wobker,GER,G,Girls,doubles,main_draw,1,0,1,1,1st Round,5,R32,eliminated,90,22.5,2026-06-03T03:36:09.875Z
J-JGS-FRA-2026-001,Roland Garros Junior Championships,JGS,2026-05-31,2026-06-06,800587881,Ilary Pistola,ITA,G,Girls,doubles,main_draw,1,1,0,2,2nd Round,5,R16,still_alive_or_champion,180,45,2026-06-03T03:36:09.875Z
J-JGS-FRA-2026-001,Roland Garros Junior Championships,JGS,2026-05-31,2026-06-06,800692786,Jack Kennedy,USA,B,Boys,doubles,main_draw,1,1,0,2,2nd Round,5,R16,still_alive_or_champion,180,45,2026-06-03T03:36:09.875Z
J-JGS-FRA-2026-001,Roland Garros Junior Championships,JGS,2026-05-31,2026-06-06,800720203,Jack Secord,USA,B,Boys,doubles,main_draw,1,1,0,2,2nd Round,5,R16,still_alive_or_champion,180,45,2026-06-03T03:36:09.875Z
J-JGS-FRA-2026-001,Roland Garros Junior Championships,JGS,2026-05-31,2026-06-06,800570117,Jamie Mackenzie,GER,B,Boys,doubles,main_draw,1,1,0,2,2nd Round,5,R16,still_alive_or_champion,180,45,2026-06-03T03:36:09.875Z
J-JGS-FRA-2026-001,Roland Garros Junior Championships,JGS,2026-05-31,2026-06-06,800661515,Jana Kovackova,CZE,G,Girls,doubles,main_draw,1,1,0,2,2nd Round,5,R16,still_alive_or_champion,180,45,2026-06-03T03:36:09.875Z
J-JGS-FRA-2026-001,Roland Garros Junior Championships,JGS,2026-05-31,2026-06-06,800758791,Janae Preston,USA,G,Girls,doubles,main_draw,1,0,1,1,1st Round,5,R32,eliminated,90,22.5,2026-06-03T03:36:09.875Z
J-JGS-FRA-2026-001,Roland Garros Junior Championships,JGS,2026-05-31,2026-06-06,800646432,Jordyn Hazelitt,USA,G,Girls,doubles,main_draw,1,1,0,2,2nd Round,5,R16,still_alive_or_champion,180,45,2026-06-03T03:36:09.875Z
J-JGS-FRA-2026-001,Roland Garros Junior Championships,JGS,2026-05-31,2026-06-06,800652195,Juan Miguel Bolivar Idarraga,COL,B,Boys,doubles,main_draw,1,1,0,2,2nd Round,5,R16,still_alive_or_champion,180,45,2026-06-03T03:36:09.875Z
J-JGS-FRA-2026-001,Roland Garros Junior Championships,JGS,2026-05-31,2026-06-06,800651243,Kaan Isik Kosaner,TUR,B,Boys,doubles,main_draw,1,0,1,1,1st Round,5,R32,eliminated,90,22.5,2026-06-03T03:36:09.875Z
J-JGS-FRA-2026-001,Roland Garros Junior Championships,JGS,2026-05-31,2026-06-06,800591436,Kai Thompson,HKG,B,Boys,doubles,main_draw,1,0,1,1,1st Round,5,R32,eliminated,90,22.5,2026-06-03T03:36:09.875Z
J-JGS-FRA-2026-001,Roland Garros Junior Championships,JGS,2026-05-31,2026-06-06,800686514,Kanta Watanabe,JPN,B,Boys,doubles,main_draw,1,0,1,1,1st Round,5,R32,eliminated,90,22.5,2026-06-03T03:36:09.875Z
J-JGS-FRA-2026-001,Roland Garros Junior Championships,JGS,2026-05-31,2026-06-06,800656226,Katerina Zajickova,CZE,G,Girls,doubles,main_draw,1,1,0,2,2nd Round,5,R16,still_alive_or_champion,180,45,2026-06-03T03:36:09.875Z
J-JGS-FRA-2026-001,Roland Garros Junior Championships,JGS,2026-05-31,2026-06-06,800657117,Keaton Hance,USA,B,Boys,doubles,main_draw,1,1,0,2,2nd Round,5,R16,still_alive_or_champion,180,45,2026-06-03T03:36:09.875Z
J-JGS-FRA-2026-001,Roland Garros Junior Championships,JGS,2026-05-31,2026-06-06,800572955,Kirill Filaretov,RUS,B,Boys,doubles,main_draw,1,0,1,1,1st Round,5,R32,eliminated,90,22.5,2026-06-03T03:36:09.875Z
J-JGS-FRA-2026-001,Roland Garros Junior Championships,JGS,2026-05-31,2026-06-06,800692766,Kuan-Shou Chen,TPE,B,Boys,doubles,main_draw,1,1,0,2,2nd Round,5,R16,still_alive_or_champion,180,45,2026-06-03T03:36:09.875Z
J-JGS-FRA-2026-001,Roland Garros Junior Championships,JGS,2026-05-31,2026-06-06,800580909,Kunanan Pantaratorn,THA,B,Boys,doubles,main_draw,1,1,0,2,2nd Round,5,R16,still_alive_or_champion,180,45,2026-06-03T03:36:09.875Z
J-JGS-FRA-2026-001,Roland Garros Junior Championships,JGS,2026-05-31,2026-06-06,800709314,Lani Chang,USA,G,Girls,doubles,main_draw,1,0,1,1,1st Round,5,R32,eliminated,90,22.5,2026-06-03T03:36:09.875Z
J-JGS-FRA-2026-001,Roland Garros Junior Championships,JGS,2026-05-31,2026-06-06,800636563,Lea Nilsson,SWE,G,Girls,doubles,main_draw,1,1,0,2,2nd Round,5,R16,still_alive_or_champion,180,45,2026-06-03T03:36:09.875Z
J-JGS-FRA-2026-001,Roland Garros Junior Championships,JGS,2026-05-31,2026-06-06,800661936,Leon Sloboda,SVK,B,Boys,doubles,main_draw,1,1,0,2,2nd Round,5,R16,still_alive_or_champion,180,45,2026-06-03T03:36:09.875Z
J-JGS-FRA-2026-001,Roland Garros Junior Championships,JGS,2026-05-31,2026-06-06,800676504,Leonardo Storck Franca,BRA,B,Boys,doubles,main_draw,1,1,0,2,2nd Round,5,R16,still_alive_or_champion,180,45,2026-06-03T03:36:09.875Z
J-JGS-FRA-2026-001,Roland Garros Junior Championships,JGS,2026-05-31,2026-06-06,800680259,Luis Guto Miguel,BRA,B,Boys,doubles,main_draw,1,1,0,2,2nd Round,5,R16,still_alive_or_champion,180,45,2026-06-03T03:36:09.875Z
J-JGS-FRA-2026-001,Roland Garros Junior Championships,JGS,2026-05-31,2026-06-06,800644753,Luna Maria Cinalli,ARG,G,Girls,doubles,main_draw,1,1,0,2,2nd Round,5,R16,still_alive_or_champion,180,45,2026-06-03T03:36:09.875Z
J-JGS-FRA-2026-001,Roland Garros Junior Championships,JGS,2026-05-31,2026-06-06,800636281,Maia Ilinca Burcescu,ROU,G,Girls,doubles,main_draw,1,0,1,1,1st Round,5,R32,eliminated,90,22.5,2026-06-03T03:36:09.875Z
J-JGS-FRA-2026-001,Roland Garros Junior Championships,JGS,2026-05-31,2026-06-06,800573442,Marat Salbiev,RUS,B,Boys,doubles,main_draw,1,0,1,1,1st Round,5,R32,eliminated,90,22.5,2026-06-03T03:36:09.875Z
J-JGS-FRA-2026-001,Roland Garros Junior Championships,JGS,2026-05-31,2026-06-06,800601474,Mariella Thamm,GER,G,Girls,doubles,main_draw,1,1,0,2,2nd Round,5,R16,still_alive_or_champion,180,45,2026-06-03T03:36:09.875Z
J-JGS-FRA-2026-001,Roland Garros Junior Championships,JGS,2026-05-31,2026-06-06,800644962,Mariia Makarova,RUS,G,Girls,doubles,main_draw,1,0,1,1,1st Round,5,R32,eliminated,90,22.5,2026-06-03T03:36:09.875Z
J-JGS-FRA-2026-001,Roland Garros Junior Championships,JGS,2026-05-31,2026-06-06,800597508,Marija Lauva,LAT,G,Girls,doubles,main_draw,1,0,1,1,1st Round,5,R32,eliminated,90,22.5,2026-06-03T03:36:09.875Z
J-JGS-FRA-2026-001,Roland Garros Junior Championships,JGS,2026-05-31,2026-06-06,800663475,Mario Vukovic,FRA,B,Boys,doubles,main_draw,1,0,1,1,1st Round,5,R32,eliminated,90,22.5,2026-06-03T03:36:09.875Z
J-JGS-FRA-2026-001,Roland Garros Junior Championships,JGS,2026-05-31,2026-06-06,800646827,Mark Ceban,GBR,B,Boys,doubles,main_draw,1,0,1,1,1st Round,5,R32,eliminated,90,22.5,2026-06-03T03:36:09.875Z
J-JGS-FRA-2026-001,Roland Garros Junior Championships,JGS,2026-05-31,2026-06-06,800565895,Matei Todoran,ROU,B,Boys,doubles,main_draw,1,0,1,1,1st Round,5,R32,eliminated,90,22.5,2026-06-03T03:36:09.875Z
J-JGS-FRA-2026-001,Roland Garros Junior Championships,JGS,2026-05-31,2026-06-06,800630877,Matei Victor Chelemen,ROU,B,Boys,doubles,main_draw,1,0,1,1,1st Round,5,R32,eliminated,90,22.5,2026-06-03T03:36:09.875Z
J-JGS-FRA-2026-001,Roland Garros Junior Championships,JGS,2026-05-31,2026-06-06,800597355,Mathys Domenc,FRA,B,Boys,doubles,main_draw,1,1,0,2,2nd Round,5,R16,still_alive_or_champion,180,45,2026-06-03T03:36:09.875Z
J-JGS-FRA-2026-001,Roland Garros Junior Championships,JGS,2026-05-31,2026-06-06,800596150,Matisse MARTIN,FRA,B,Boys,doubles,main_draw,1,0,1,1,1st Round,5,R32,eliminated,90,22.5,2026-06-03T03:36:09.875Z
J-JGS-FRA-2026-001,Roland Garros Junior Championships,JGS,2026-05-31,2026-06-06,800732018,Michael Antonius,USA,B,Boys,doubles,main_draw,1,0,1,1,1st Round,5,R32,eliminated,90,22.5,2026-06-03T03:36:09.875Z
J-JGS-FRA-2026-001,Roland Garros Junior Championships,JGS,2026-05-31,2026-06-06,800583661,Mickael Kaouk,FRA,B,Boys,doubles,main_draw,1,1,0,2,2nd Round,5,R16,still_alive_or_champion,180,45,2026-06-03T03:36:09.875Z
J-JGS-FRA-2026-001,Roland Garros Junior Championships,JGS,2026-05-31,2026-06-06,800663476,Mila Bastianelli,FRA,G,Girls,doubles,main_draw,1,0,1,1,1st Round,5,R32,eliminated,90,22.5,2026-06-03T03:36:09.875Z
J-JGS-FRA-2026-001,Roland Garros Junior Championships,JGS,2026-05-31,2026-06-06,800667373,Motoharu Abe,JPN,B,Boys,doubles,main_draw,1,0,1,1,1st Round,5,R32,eliminated,90,22.5,2026-06-03T03:36:09.875Z
J-JGS-FRA-2026-001,Roland Garros Junior Championships,JGS,2026-05-31,2026-06-06,800626993,Mustafa Ege Sik,AUS,B,Boys,doubles,main_draw,1,1,0,2,2nd Round,5,R16,still_alive_or_champion,180,45,2026-06-03T03:36:09.875Z
J-JGS-FRA-2026-001,Roland Garros Junior Championships,JGS,2026-05-31,2026-06-06,800638930,Nadia Lagaev,CAN,G,Girls,doubles,main_draw,1,0,1,1,1st Round,5,R32,eliminated,90,22.5,2026-06-03T03:36:09.875Z
J-JGS-FRA-2026-001,Roland Garros Junior Championships,JGS,2026-05-31,2026-06-06,800695060,Nauhany Vitoria Leme Da Silva,BRA,G,Girls,doubles,main_draw,1,1,0,2,2nd Round,5,R16,still_alive_or_champion,180,45,2026-06-03T03:36:09.875Z
J-JGS-FRA-2026-001,Roland Garros Junior Championships,JGS,2026-05-31,2026-06-06,800626636,Nehira Sanon,FRA,G,Girls,doubles,main_draw,1,0,1,1,1st Round,5,R32,eliminated,90,22.5,2026-06-03T03:36:09.875Z
J-JGS-FRA-2026-001,Roland Garros Junior Championships,JGS,2026-05-31,2026-06-06,800600773,Nicolas Baena,PER,B,Boys,doubles,main_draw,1,1,0,2,2nd Round,5,R16,still_alive_or_champion,180,45,2026-06-03T03:36:09.875Z
J-JGS-FRA-2026-001,Roland Garros Junior Championships,JGS,2026-05-31,2026-06-06,800590346,Nikita Belozertsev,UZB,B,Boys,doubles,main_draw,1,0,1,1,1st Round,5,R32,eliminated,90,22.5,2026-06-03T03:36:09.875Z
J-JGS-FRA-2026-001,Roland Garros Junior Championships,JGS,2026-05-31,2026-06-06,800647963,Ninon Carpentier,FRA,G,Girls,doubles,main_draw,1,0,1,1,1st Round,5,R32,eliminated,90,22.5,2026-06-03T03:36:09.875Z
J-JGS-FRA-2026-001,Roland Garros Junior Championships,JGS,2026-05-31,2026-06-06,800587925,Oliver Majdandzic,GER,B,Boys,doubles,main_draw,1,0,1,1,1st Round,5,R32,eliminated,90,22.5,2026-06-03T03:36:09.875Z
J-JGS-FRA-2026-001,Roland Garros Junior Championships,JGS,2026-05-31,2026-06-06,800696508,Olivia Traynor,USA,G,Girls,doubles,main_draw,1,1,0,2,2nd Round,5,R16,still_alive_or_champion,180,45,2026-06-03T03:36:09.875Z
J-JGS-FRA-2026-001,Roland Garros Junior Championships,JGS,2026-05-31,2026-06-06,800664509,Pablo Pradat,FRA,B,Boys,doubles,main_draw,1,0,1,1,1st Round,5,R32,eliminated,90,22.5,2026-06-03T03:36:09.875Z
J-JGS-FRA-2026-001,Roland Garros Junior Championships,JGS,2026-05-31,2026-06-06,800656554,Paola Pinera Celorio,ESP,G,Girls,doubles,main_draw,1,1,0,2,2nd Round,5,R16,still_alive_or_champion,180,45,2026-06-03T03:36:09.875Z
J-JGS-FRA-2026-001,Roland Garros Junior Championships,JGS,2026-05-31,2026-06-06,800650301,Pedro Henrique Chabalgoity,BRA,B,Boys,doubles,main_draw,1,1,0,2,2nd Round,5,R16,still_alive_or_champion,180,45,2026-06-03T03:36:09.875Z
J-JGS-FRA-2026-001,Roland Garros Junior Championships,JGS,2026-05-31,2026-06-06,800655734,Pietra Rivoli,BRA,G,Girls,doubles,main_draw,1,1,0,2,2nd Round,5,R16,still_alive_or_champion,180,45,2026-06-03T03:36:09.875Z
J-JGS-FRA-2026-001,Roland Garros Junior Championships,JGS,2026-05-31,2026-06-06,800667265,Polina Skliar,UKR,G,Girls,doubles,main_draw,1,1,0,2,2nd Round,5,R16,still_alive_or_champion,180,45,2026-06-03T03:36:09.875Z
J-JGS-FRA-2026-001,Roland Garros Junior Championships,JGS,2026-05-31,2026-06-06,800589799,Raffaele Ciurnelli,ITA,B,Boys,doubles,main_draw,1,1,0,2,2nd Round,5,R16,still_alive_or_champion,180,45,2026-06-03T03:36:09.875Z
J-JGS-FRA-2026-001,Roland Garros Junior Championships,JGS,2026-05-31,2026-06-06,800701055,Renee Alame,AUS,G,Girls,doubles,main_draw,1,0,1,1,1st Round,5,R32,eliminated,90,22.5,2026-06-03T03:36:09.875Z
J-JGS-FRA-2026-001,Roland Garros Junior Championships,JGS,2026-05-31,2026-06-06,800601948,Rhys Lawlor,GBR,B,Boys,doubles,main_draw,1,0,1,1,1st Round,5,R32,eliminated,90,22.5,2026-06-03T03:36:09.875Z
J-JGS-FRA-2026-001,Roland Garros Junior Championships,JGS,2026-05-31,2026-06-06,800589275,Rihards Neimanis,LAT,B,Boys,doubles,main_draw,1,0,1,1,1st Round,5,R32,eliminated,90,22.5,2026-06-03T03:36:09.875Z
J-JGS-FRA-2026-001,Roland Garros Junior Championships,JGS,2026-05-31,2026-06-06,800631529,Ruien Zhang,CHN,G,Girls,doubles,main_draw,1,1,0,2,2nd Round,5,R16,still_alive_or_champion,180,45,2026-06-03T03:36:09.875Z
J-JGS-FRA-2026-001,Roland Garros Junior Championships,JGS,2026-05-31,2026-06-06,800721316,Ryan Cozad,USA,B,Boys,doubles,main_draw,1,0,1,1,1st Round,5,R32,eliminated,90,22.5,2026-06-03T03:36:09.875Z
J-JGS-FRA-2026-001,Roland Garros Junior Championships,JGS,2026-05-31,2026-06-06,800583844,Ryo Tabata,JPN,B,Boys,doubles,main_draw,1,0,1,1,1st Round,5,R32,eliminated,90,22.5,2026-06-03T03:36:09.875Z
J-JGS-FRA-2026-001,Roland Garros Junior Championships,JGS,2026-05-31,2026-06-06,800781872,Safir Azam,USA,B,Boys,doubles,main_draw,1,1,0,2,2nd Round,5,R16,still_alive_or_champion,180,45,2026-06-03T03:36:09.875Z
J-JGS-FRA-2026-001,Roland Garros Junior Championships,JGS,2026-05-31,2026-06-06,800731574,Sarah Ye,USA,G,Girls,doubles,main_draw,1,0,1,1,1st Round,5,R32,eliminated,90,22.5,2026-06-03T03:36:09.875Z
J-JGS-FRA-2026-001,Roland Garros Junior Championships,JGS,2026-05-31,2026-06-06,800590813,Savva Rybkin,RUS,B,Boys,doubles,main_draw,1,0,1,1,1st Round,5,R32,eliminated,90,22.5,2026-06-03T03:36:09.875Z
J-JGS-FRA-2026-001,Roland Garros Junior Championships,JGS,2026-05-31,2026-06-06,800668600,Simone Massellani,ITA,B,Boys,doubles,main_draw,1,0,1,1,1st Round,5,R32,eliminated,90,22.5,2026-06-03T03:36:09.875Z
J-JGS-FRA-2026-001,Roland Garros Junior Championships,JGS,2026-05-31,2026-06-06,800604444,Sofie Hettlerova,CZE,G,Girls,doubles,main_draw,1,0,1,1,1st Round,5,R32,eliminated,90,22.5,2026-06-03T03:36:09.875Z
J-JGS-FRA-2026-001,Roland Garros Junior Championships,JGS,2026-05-31,2026-06-06,800705172,Sofiia Bielinska,UKR,G,Girls,doubles,main_draw,1,0,1,1,1st Round,5,R32,eliminated,90,22.5,2026-06-03T03:36:09.875Z
J-JGS-FRA-2026-001,Roland Garros Junior Championships,JGS,2026-05-31,2026-06-06,800659876,Sol Ailin Larraya Guidi,ARG,G,Girls,doubles,main_draw,1,1,0,2,2nd Round,5,R16,still_alive_or_champion,180,45,2026-06-03T03:36:09.875Z
J-JGS-FRA-2026-001,Roland Garros Junior Championships,JGS,2026-05-31,2026-06-06,800595691,Sonja Zhenikhova,GER,G,Girls,doubles,main_draw,1,1,0,2,2nd Round,5,R16,still_alive_or_champion,180,45,2026-06-03T03:36:09.875Z
J-JGS-FRA-2026-001,Roland Garros Junior Championships,JGS,2026-05-31,2026-06-06,800793512,Tanishk Konduri,USA,B,Boys,doubles,main_draw,1,1,0,2,2nd Round,5,R16,still_alive_or_champion,180,45,2026-06-03T03:36:09.875Z
J-JGS-FRA-2026-001,Roland Garros Junior Championships,JGS,2026-05-31,2026-06-06,800672579,Tereza Hermanova,CZE,G,Girls,doubles,main_draw,1,0,1,1,1st Round,5,R32,eliminated,90,22.5,2026-06-03T03:36:09.875Z
J-JGS-FRA-2026-001,Roland Garros Junior Championships,JGS,2026-05-31,2026-06-06,800702416,Thea Frodin,USA,G,Girls,doubles,main_draw,1,1,0,2,2nd Round,5,R16,still_alive_or_champion,180,45,2026-06-03T03:36:09.875Z
J-JGS-FRA-2026-001,Roland Garros Junior Championships,JGS,2026-05-31,2026-06-06,800589798,Thilo Behrmann,AUT,B,Boys,doubles,main_draw,1,1,0,2,2nd Round,5,R16,still_alive_or_champion,180,45,2026-06-03T03:36:09.875Z
J-JGS-FRA-2026-001,Roland Garros Junior Championships,JGS,2026-05-31,2026-06-06,800590474,Tito Chavez,ESP,B,Boys,doubles,main_draw,1,1,0,2,2nd Round,5,R16,still_alive_or_champion,180,45,2026-06-03T03:36:09.875Z
J-JGS-FRA-2026-001,Roland Garros Junior Championships,JGS,2026-05-31,2026-06-06,800651337,UI SU JEONG,KOR,G,Girls,doubles,main_draw,1,1,0,2,2nd Round,5,R16,still_alive_or_champion,180,45,2026-06-03T03:36:09.875Z
J-JGS-FRA-2026-001,Roland Garros Junior Championships,JGS,2026-05-31,2026-06-06,800594039,Valentin Gonzalez-Galino,ESP,B,Boys,doubles,main_draw,1,0,1,1,1st Round,5,R32,eliminated,90,22.5,2026-06-03T03:36:09.875Z
J-JGS-FRA-2026-001,Roland Garros Junior Championships,JGS,2026-05-31,2026-06-06,800655335,Victoria Luiza Barros,BRA,G,Girls,doubles,main_draw,1,1,0,2,2nd Round,5,R16,still_alive_or_champion,180,45,2026-06-03T03:36:09.875Z
J-JGS-FRA-2026-001,Roland Garros Junior Championships,JGS,2026-05-31,2026-06-06,800635903,Vincent Reisach,GER,B,Boys,doubles,main_draw,1,1,0,2,2nd Round,5,R16,still_alive_or_champion,180,45,2026-06-03T03:36:09.875Z
J-JGS-FRA-2026-001,Roland Garros Junior Championships,JGS,2026-05-31,2026-06-06,800705703,Welles Newman,USA,G,Girls,doubles,main_draw,1,1,0,2,2nd Round,5,R16,still_alive_or_champion,180,45,2026-06-03T03:36:09.875Z
J-JGS-FRA-2026-001,Roland Garros Junior Championships,JGS,2026-05-31,2026-06-06,800677732,Xinran Sun,CHN,G,Girls,doubles,main_draw,1,1,0,2,2nd Round,5,R16,still_alive_or_champion,180,45,2026-06-03T03:36:09.875Z
J-JGS-FRA-2026-001,Roland Garros Junior Championships,JGS,2026-05-31,2026-06-06,800564683,Yannick Theodor Alexandrescou,FRA,B,Boys,doubles,main_draw,1,0,1,1,1st Round,5,R32,eliminated,90,22.5,2026-06-03T03:36:09.875Z
J-JGS-FRA-2026-001,Roland Garros Junior Championships,JGS,2026-05-31,2026-06-06,800696168,Yannik Alvarez,PUR,B,Boys,doubles,main_draw,1,1,0,2,2nd Round,5,R16,still_alive_or_champion,180,45,2026-06-03T03:36:09.875Z
J-JGS-FRA-2026-001,Roland Garros Junior Championships,JGS,2026-05-31,2026-06-06,800726989,Yihan Qu,CHN,G,Girls,doubles,main_draw,1,0,1,1,1st Round,5,R32,eliminated,90,22.5,2026-06-03T03:36:09.875Z
J-JGS-FRA-2026-001,Roland Garros Junior Championships,JGS,2026-05-31,2026-06-06,800739107,Yu Jun Lin,CHN,G,Girls,doubles,main_draw,1,1,0,2,2nd Round,5,R16,still_alive_or_champion,180,45,2026-06-03T03:36:09.875Z
J-JGS-FRA-2026-001,Roland Garros Junior Championships,JGS,2026-05-31,2026-06-06,800708800,Yu-Chen Lin,TPE,G,Girls,doubles,main_draw,1,1,0,2,2nd Round,5,R16,still_alive_or_champion,180,45,2026-06-03T03:36:09.875Z
J-JGS-FRA-2026-001,Roland Garros Junior Championships,JGS,2026-05-31,2026-06-06,800731351,Yushan Shao,CHN,G,Girls,doubles,main_draw,1,1,0,2,2nd Round,5,R16,still_alive_or_champion,180,45,2026-06-03T03:36:09.875Z
J-JGS-FRA-2026-001,Roland Garros Junior Championships,JGS,2026-05-31,2026-06-06,800543488,Zangar Nurlanuly,KAZ,B,Boys,doubles,main_draw,1,0,1,1,1st Round,5,R32,eliminated,90,22.5,2026-06-03T03:36:09.875Z
J-JGS-FRA-2026-001,Roland Garros Junior Championships,JGS,2026-05-31,2026-06-06,800730824,Zhang-Qian Wei,CHN,G,Girls,doubles,main_draw,1,1,0,2,2nd Round,5,R16,still_alive_or_champion,180,45,2026-06-03T03:36:09.875Z
J-JGS-FRA-2026-001,Roland Garros Junior Championships,JGS,2026-05-31,2026-06-06,800579895,Ziga Sesko,SLO,B,Boys,doubles,main_draw,1,1,0,2,2nd Round,5,R16,still_alive_or_champion,180,45,2026-06-03T03:36:09.875Z
J-JGS-FRA-2026-001,Roland Garros Junior Championships,JGS,2026-05-31,2026-06-06,800567149,Aaron Gabet,FRA,B,Boys,singles,main_draw,1,0,1,1,1st Round,6,R64,eliminated,30,30,2026-06-03T03:36:09.875Z
J-JGS-FRA-2026-001,Roland Garros Junior Championships,JGS,2026-05-31,2026-06-06,800592997,Adelina Lacinova,LAT,G,Girls,singles,main_draw,1,0,1,1,1st Round,6,R64,eliminated,30,30,2026-06-03T03:36:09.875Z
J-JGS-FRA-2026-001,Roland Garros Junior Championships,JGS,2026-05-31,2026-06-06,800697653,Agassi Rusher,USA,B,Boys,singles,main_draw,2,1,1,2,2nd Round,6,R32,eliminated,90,90,2026-06-03T03:36:09.875Z
J-JGS-FRA-2026-001,Roland Garros Junior Championships,JGS,2026-05-31,2026-06-06,800697653,Agassi Rusher,USA,B,Boys,singles,qualifying,2,2,0,2,2nd Round,2,Q,still_alive_or_champion,0,0,2026-06-03T03:36:09.875Z
J-JGS-FRA-2026-001,Roland Garros Junior Championships,JGS,2026-05-31,2026-06-06,800592189,Aleksander Blus,POL,B,Boys,singles,qualifying,1,0,1,1,1st Round,2,Q1,eliminated,0,0,2026-06-03T03:36:09.875Z
J-JGS-FRA-2026-001,Roland Garros Junior Championships,JGS,2026-05-31,2026-06-06,800661652,Alena Kharchenko,RUS,G,Girls,singles,qualifying,1,0,1,1,1st Round,2,Q1,eliminated,0,0,2026-06-03T03:36:09.875Z
J-JGS-FRA-2026-001,Roland Garros Junior Championships,JGS,2026-05-31,2026-06-06,800635479,Alexandra Malova,RUS,G,Girls,singles,main_draw,1,0,1,1,1st Round,6,R64,eliminated,30,30,2026-06-03T03:36:09.875Z
J-JGS-FRA-2026-001,Roland Garros Junior Championships,JGS,2026-05-31,2026-06-06,800593679,Alisa Oktiabreva,RUS,G,Girls,singles,main_draw,2,2,0,3,3rd Round,6,R16,still_alive_or_champion,180,180,2026-06-03T03:36:09.875Z
J-JGS-FRA-2026-001,Roland Garros Junior Championships,JGS,2026-05-31,2026-06-06,800676754,Alisa Terentyeva,RUS,G,Girls,singles,qualifying,1,0,1,1,1st Round,2,Q1,eliminated,0,0,2026-06-03T03:36:09.875Z
J-JGS-FRA-2026-001,Roland Garros Junior Championships,JGS,2026-05-31,2026-06-06,800693920,Alyssa James,JAM,G,Girls,singles,main_draw,2,1,1,2,2nd Round,6,R32,eliminated,90,90,2026-06-03T03:36:09.875Z
J-JGS-FRA-2026-001,Roland Garros Junior Championships,JGS,2026-05-31,2026-06-06,800774722,Amaury Abbas,FRA,B,Boys,singles,qualifying,1,0,1,1,1st Round,2,Q1,eliminated,0,0,2026-06-03T03:36:09.875Z
J-JGS-FRA-2026-001,Roland Garros Junior Championships,JGS,2026-05-31,2026-06-06,800589857,Anastasia Lizunova,RUS,G,Girls,singles,main_draw,1,0,1,1,1st Round,6,R64,eliminated,30,30,2026-06-03T03:36:09.875Z
J-JGS-FRA-2026-001,Roland Garros Junior Championships,JGS,2026-05-31,2026-06-06,800598140,Anastasija Cvetkovic,SRB,G,Girls,singles,main_draw,2,2,0,3,3rd Round,6,R16,still_alive_or_champion,180,180,2026-06-03T03:36:09.875Z
J-JGS-FRA-2026-001,Roland Garros Junior Championships,JGS,2026-05-31,2026-06-06,800717286,Andrew Johnson,USA,B,Boys,singles,main_draw,1,0,1,1,1st Round,6,R64,eliminated,30,30,2026-06-03T03:36:09.875Z
J-JGS-FRA-2026-001,Roland Garros Junior Championships,JGS,2026-05-31,2026-06-06,800692017,Anna Brunet-Brady,FRA,G,Girls,singles,qualifying,1,0,1,1,1st Round,2,Q1,eliminated,0,0,2026-06-03T03:36:09.875Z
J-JGS-FRA-2026-001,Roland Garros Junior Championships,JGS,2026-05-31,2026-06-06,800636696,Anna Pushkareva,RUS,G,Girls,singles,main_draw,2,1,1,2,2nd Round,6,R32,eliminated,90,90,2026-06-03T03:36:09.875Z
J-JGS-FRA-2026-001,Roland Garros Junior Championships,JGS,2026-05-31,2026-06-06,800597362,Antonina Sushkova,UKR,G,Girls,singles,main_draw,1,0,1,1,1st Round,6,R64,eliminated,30,30,2026-06-03T03:36:09.875Z
J-JGS-FRA-2026-001,Roland Garros Junior Championships,JGS,2026-05-31,2026-06-06,800657138,Arman Dubreuil,FRA,B,Boys,singles,qualifying,1,0,1,1,1st Round,2,Q1,eliminated,0,0,2026-06-03T03:36:09.875Z
J-JGS-FRA-2026-001,Roland Garros Junior Championships,JGS,2026-05-31,2026-06-06,800573038,Arnav Paparkar,IND,B,Boys,singles,main_draw,2,2,0,3,3rd Round,6,R16,still_alive_or_champion,180,180,2026-06-03T03:36:09.875Z
J-JGS-FRA-2026-001,Roland Garros Junior Championships,JGS,2026-05-31,2026-06-06,800672226,Benjamin Azar,CAN,B,Boys,singles,qualifying,1,0,1,1,1st Round,2,Q1,eliminated,0,0,2026-06-03T03:36:09.875Z
J-JGS-FRA-2026-001,Roland Garros Junior Championships,JGS,2026-05-31,2026-06-06,800684768,Benoit Geldof,FRA,B,Boys,singles,main_draw,1,0,1,1,1st Round,6,R64,eliminated,30,30,2026-06-03T03:36:09.875Z
J-JGS-FRA-2026-001,Roland Garros Junior Championships,JGS,2026-05-31,2026-06-06,800630721,Capucine Cedillo- Vayson de Pradenne,FRA,G,Girls,singles,main_draw,1,0,1,1,1st Round,6,R64,eliminated,30,30,2026-06-03T03:36:09.875Z
J-JGS-FRA-2026-001,Roland Garros Junior Championships,JGS,2026-05-31,2026-06-06,800732202,Carrie-Anne Hoo,USA,G,Girls,singles,main_draw,1,0,1,1,1st Round,6,R64,eliminated,30,30,2026-06-03T03:36:09.875Z
J-JGS-FRA-2026-001,Roland Garros Junior Championships,JGS,2026-05-31,2026-06-06,800732202,Carrie-Anne Hoo,USA,G,Girls,singles,qualifying,2,2,0,2,2nd Round,2,Q,still_alive_or_champion,0,0,2026-06-03T03:36:09.875Z
J-JGS-FRA-2026-001,Roland Garros Junior Championships,JGS,2026-05-31,2026-06-06,800672253,Charo Esquiva Banuls,ESP,G,Girls,singles,main_draw,2,2,0,3,3rd Round,6,R16,still_alive_or_champion,180,180,2026-06-03T03:36:09.875Z
J-JGS-FRA-2026-001,Roland Garros Junior Championships,JGS,2026-05-31,2026-06-06,800596852,Christopher Thies,GER,B,Boys,singles,main_draw,1,0,1,1,1st Round,6,R64,eliminated,30,30,2026-06-03T03:36:09.875Z
J-JGS-FRA-2026-001,Roland Garros Junior Championships,JGS,2026-05-31,2026-06-06,800596852,Christopher Thies,GER,B,Boys,singles,qualifying,2,2,0,2,2nd Round,2,Q,still_alive_or_champion,0,0,2026-06-03T03:36:09.875Z
J-JGS-FRA-2026-001,Roland Garros Junior Championships,JGS,2026-05-31,2026-06-06,800719735,Chukwumelije Clarke,USA,G,Girls,singles,main_draw,1,0,1,1,1st Round,6,R64,eliminated,30,30,2026-06-03T03:36:09.875Z
J-JGS-FRA-2026-001,Roland Garros Junior Championships,JGS,2026-05-31,2026-06-06,800603080,Cindy Langlais,FRA,G,Girls,singles,main_draw,1,0,1,1,1st Round,6,R64,eliminated,30,30,2026-06-03T03:36:09.875Z
J-JGS-FRA-2026-001,Roland Garros Junior Championships,JGS,2026-05-31,2026-06-06,800654119,Connor Doig,RSA,B,Boys,singles,main_draw,2,2,0,3,3rd Round,6,R16,still_alive_or_champion,180,180,2026-06-03T03:36:09.875Z
J-JGS-FRA-2026-001,Roland Garros Junior Championships,JGS,2026-05-31,2026-06-06,800583809,Damien Clerc,FRA,B,Boys,singles,qualifying,1,0,1,1,1st Round,2,Q1,eliminated,0,0,2026-06-03T03:36:09.875Z
J-JGS-FRA-2026-001,Roland Garros Junior Championships,JGS,2026-05-31,2026-06-06,800559166,Damir Zhalgasbay,KAZ,B,Boys,singles,main_draw,1,0,1,1,1st Round,6,R64,eliminated,30,30,2026-06-03T03:36:09.875Z
J-JGS-FRA-2026-001,Roland Garros Junior Championships,JGS,2026-05-31,2026-06-06,800626357,Dan Brand,ISR,B,Boys,singles,main_draw,1,0,1,1,1st Round,6,R64,eliminated,30,30,2026-06-03T03:36:09.875Z
J-JGS-FRA-2026-001,Roland Garros Junior Championships,JGS,2026-05-31,2026-06-06,800685082,Daniel Baranes,FRA,G,Girls,singles,main_draw,1,0,1,1,1st Round,6,R64,eliminated,30,30,2026-06-03T03:36:09.875Z
J-JGS-FRA-2026-001,Roland Garros Junior Championships,JGS,2026-05-31,2026-06-06,800681412,Daniel Jade,FRA,B,Boys,singles,main_draw,2,1,1,2,2nd Round,6,R32,eliminated,90,90,2026-06-03T03:36:09.875Z
J-JGS-FRA-2026-001,Roland Garros Junior Championships,JGS,2026-05-31,2026-06-06,800712851,Daniel Jovanovski,AUS,B,Boys,singles,main_draw,1,0,1,1,1st Round,6,R64,eliminated,30,30,2026-06-03T03:36:09.875Z
J-JGS-FRA-2026-001,Roland Garros Junior Championships,JGS,2026-05-31,2026-06-06,800543492,Daniel Tazabekov,KAZ,B,Boys,singles,qualifying,1,0,1,1,1st Round,2,Q1,eliminated,0,0,2026-06-03T03:36:09.875Z
J-JGS-FRA-2026-001,Roland Garros Junior Championships,JGS,2026-05-31,2026-06-06,800665507,Daniella Britton,GBR,G,Girls,singles,qualifying,2,1,1,2,2nd Round,2,Q2,eliminated,0,0,2026-06-03T03:36:09.875Z
J-JGS-FRA-2026-001,Roland Garros Junior Championships,JGS,2026-05-31,2026-06-06,800658369,Dante Pagani,ARG,B,Boys,singles,main_draw,1,0,1,1,1st Round,6,R64,eliminated,30,30,2026-06-03T03:36:09.875Z
J-JGS-FRA-2026-001,Roland Garros Junior Championships,JGS,2026-05-31,2026-06-06,800587892,Daphnee Mpetshi Perricard,FRA,G,Girls,singles,main_draw,2,1,1,2,2nd Round,6,R32,eliminated,90,90,2026-06-03T03:36:09.875Z
J-JGS-FRA-2026-001,Roland Garros Junior Championships,JGS,2026-05-31,2026-06-06,800638346,Denisa Zoldakova,CZE,G,Girls,singles,main_draw,2,2,0,3,3rd Round,6,R16,still_alive_or_champion,180,180,2026-06-03T03:36:09.875Z
J-JGS-FRA-2026-001,Roland Garros Junior Championships,JGS,2026-05-31,2026-06-06,800571859,Dimitar Kisimov,BUL,B,Boys,singles,main_draw,2,1,1,2,2nd Round,6,R32,eliminated,90,90,2026-06-03T03:36:09.875Z
J-JGS-FRA-2026-001,Roland Garros Junior Championships,JGS,2026-05-31,2026-06-06,800756804,Eduarda Gomes,BRA,G,Girls,singles,main_draw,1,0,1,1,1st Round,6,R64,eliminated,30,30,2026-06-03T03:36:09.875Z
J-JGS-FRA-2026-001,Roland Garros Junior Championships,JGS,2026-05-31,2026-06-06,800677532,Ekaterina Dotsenko,RUS,G,Girls,singles,main_draw,2,2,0,3,3rd Round,6,R16,still_alive_or_champion,180,180,2026-06-03T03:36:09.875Z
J-JGS-FRA-2026-001,Roland Garros Junior Championships,JGS,2026-05-31,2026-06-06,800677532,Ekaterina Dotsenko,RUS,G,Girls,singles,qualifying,2,2,0,2,2nd Round,2,Q,still_alive_or_champion,0,0,2026-06-03T03:36:09.875Z
J-JGS-FRA-2026-001,Roland Garros Junior Championships,JGS,2026-05-31,2026-06-06,800571280,Ekaterina Tupitsyna,RUS,G,Girls,singles,main_draw,1,0,1,1,1st Round,6,R64,eliminated,30,30,2026-06-03T03:36:09.875Z
J-JGS-FRA-2026-001,Roland Garros Junior Championships,JGS,2026-05-31,2026-06-06,800576556,Eleejah Inisan,FRA,G,Girls,singles,main_draw,2,1,1,2,2nd Round,6,R32,eliminated,90,90,2026-06-03T03:36:09.875Z
J-JGS-FRA-2026-001,Roland Garros Junior Championships,JGS,2026-05-31,2026-06-06,800654359,Emilio Camacho,ECU,B,Boys,singles,main_draw,1,0,1,1,1st Round,6,R64,eliminated,30,30,2026-06-03T03:36:09.875Z
J-JGS-FRA-2026-001,Roland Garros Junior Championships,JGS,2026-05-31,2026-06-06,800598679,Emily Victoria Eigelsbach,GER,G,Girls,singles,qualifying,2,1,1,2,2nd Round,2,Q2,eliminated,0,0,2026-06-03T03:36:09.875Z
J-JGS-FRA-2026-001,Roland Garros Junior Championships,JGS,2026-05-31,2026-06-06,800708722,Emma Fulvia Wiesenfeld,FRA,G,Girls,singles,qualifying,1,0,1,1,1st Round,2,Q1,eliminated,0,0,2026-06-03T03:36:09.875Z
J-JGS-FRA-2026-001,Roland Garros Junior Championships,JGS,2026-05-31,2026-06-06,800626895,Eudald Gonzalez,ESP,B,Boys,singles,qualifying,1,0,1,1,1st Round,2,Q1,eliminated,0,0,2026-06-03T03:36:09.875Z
J-JGS-FRA-2026-001,Roland Garros Junior Championships,JGS,2026-05-31,2026-06-06,800653870,Evan GIURESCU,FRA,B,Boys,singles,qualifying,1,0,1,1,1st Round,2,Q1,eliminated,0,0,2026-06-03T03:36:09.875Z
J-JGS-FRA-2026-001,Roland Garros Junior Championships,JGS,2026-05-31,2026-06-06,800721825,Felitsata Dorofeeva-Rybas,RUS,G,Girls,singles,main_draw,2,2,0,3,3rd Round,6,R16,still_alive_or_champion,180,180,2026-06-03T03:36:09.875Z
J-JGS-FRA-2026-001,Roland Garros Junior Championships,JGS,2026-05-31,2026-06-06,800706603,Felix Roussel,CAN,B,Boys,singles,qualifying,2,1,1,2,2nd Round,2,Q2,eliminated,0,0,2026-06-03T03:36:09.875Z
J-JGS-FRA-2026-001,Roland Garros Junior Championships,JGS,2026-05-31,2026-06-06,800594501,Ferdinand Livet Novkirichka,FRA,B,Boys,singles,main_draw,2,1,1,2,2nd Round,6,R32,eliminated,90,90,2026-06-03T03:36:09.875Z
J-JGS-FRA-2026-001,Roland Garros Junior Championships,JGS,2026-05-31,2026-06-06,800636609,Fleur De Bresser,NED,G,Girls,singles,qualifying,2,1,1,2,2nd Round,2,Q2,eliminated,0,0,2026-06-03T03:36:09.875Z
J-JGS-FRA-2026-001,Roland Garros Junior Championships,JGS,2026-05-31,2026-06-06,800571129,Flynn Thomas,SUI,B,Boys,singles,main_draw,2,2,0,3,3rd Round,6,R16,still_alive_or_champion,180,180,2026-06-03T03:36:09.875Z
J-JGS-FRA-2026-001,Roland Garros Junior Championships,JGS,2026-05-31,2026-06-06,800754035,Gavin Goode,USA,B,Boys,singles,main_draw,1,0,1,1,1st Round,6,R64,eliminated,30,30,2026-06-03T03:36:09.875Z
J-JGS-FRA-2026-001,Roland Garros Junior Championships,JGS,2026-05-31,2026-06-06,800640357,Giulia Safina Popa,ROU,G,Girls,singles,main_draw,2,1,1,2,2nd Round,6,R32,eliminated,90,90,2026-06-03T03:36:09.875Z
J-JGS-FRA-2026-001,Roland Garros Junior Championships,JGS,2026-05-31,2026-06-06,800586389,Ha Eum Lee,KOR,G,Girls,singles,main_draw,2,2,0,3,3rd Round,6,R16,still_alive_or_champion,180,180,2026-06-03T03:36:09.875Z
J-JGS-FRA-2026-001,Roland Garros Junior Championships,JGS,2026-05-31,2026-06-06,800629891,HAJAR CRINEBOUCH,FRA,G,Girls,singles,qualifying,2,1,1,2,2nd Round,2,Q2,eliminated,0,0,2026-06-03T03:36:09.875Z
J-JGS-FRA-2026-001,Roland Garros Junior Championships,JGS,2026-05-31,2026-06-06,800661849,Hollie Smart,GBR,G,Girls,singles,main_draw,1,0,1,1,1st Round,6,R64,eliminated,30,30,2026-06-03T03:36:09.875Z
J-JGS-FRA-2026-001,Roland Garros Junior Championships,JGS,2026-05-31,2026-06-06,800700658,Hyu Kawanishi,JPN,B,Boys,singles,main_draw,1,0,1,1,1st Round,6,R64,eliminated,30,30,2026-06-03T03:36:09.875Z
J-JGS-FRA-2026-001,Roland Garros Junior Championships,JGS,2026-05-31,2026-06-06,800671481,Ida Wobker,GER,G,Girls,singles,main_draw,1,0,1,1,1st Round,6,R64,eliminated,30,30,2026-06-03T03:36:09.875Z
J-JGS-FRA-2026-001,Roland Garros Junior Championships,JGS,2026-05-31,2026-06-06,800587881,Ilary Pistola,ITA,G,Girls,singles,main_draw,1,0,1,1,1st Round,6,R64,eliminated,30,30,2026-06-03T03:36:09.875Z
J-JGS-FRA-2026-001,Roland Garros Junior Championships,JGS,2026-05-31,2026-06-06,800587881,Ilary Pistola,ITA,G,Girls,singles,qualifying,2,2,0,2,2nd Round,2,Q,still_alive_or_champion,0,0,2026-06-03T03:36:09.875Z
J-JGS-FRA-2026-001,Roland Garros Junior Championships,JGS,2026-05-31,2026-06-06,800629808,Iva Marinkovic,SWE,G,Girls,singles,qualifying,1,0,1,1,1st Round,2,Q1,eliminated,0,0,2026-06-03T03:36:09.875Z
J-JGS-FRA-2026-001,Roland Garros Junior Championships,JGS,2026-05-31,2026-06-06,800692786,Jack Kennedy,USA,B,Boys,singles,main_draw,2,2,0,3,3rd Round,6,R16,still_alive_or_champion,180,180,2026-06-03T03:36:09.875Z
J-JGS-FRA-2026-001,Roland Garros Junior Championships,JGS,2026-05-31,2026-06-06,800720203,Jack Secord,USA,B,Boys,singles,main_draw,1,0,1,1,1st Round,6,R64,eliminated,30,30,2026-06-03T03:36:09.875Z
J-JGS-FRA-2026-001,Roland Garros Junior Championships,JGS,2026-05-31,2026-06-06,800694788,Jahnie Van Zyl,RSA,G,Girls,singles,qualifying,1,0,1,1,1st Round,2,Q1,eliminated,0,0,2026-06-03T03:36:09.875Z
J-JGS-FRA-2026-001,Roland Garros Junior Championships,JGS,2026-05-31,2026-06-06,800662768,Jake Dembo,AUS,B,Boys,singles,qualifying,2,1,1,2,2nd Round,2,Q2,eliminated,0,0,2026-06-03T03:36:09.875Z
J-JGS-FRA-2026-001,Roland Garros Junior Championships,JGS,2026-05-31,2026-06-06,800570117,Jamie Mackenzie,GER,B,Boys,singles,main_draw,2,2,0,3,3rd Round,6,R16,still_alive_or_champion,180,180,2026-06-03T03:36:09.875Z
J-JGS-FRA-2026-001,Roland Garros Junior Championships,JGS,2026-05-31,2026-06-06,800602130,Jan Sadzik,POL,B,Boys,singles,qualifying,2,1,1,2,2nd Round,2,Q2,eliminated,0,0,2026-06-03T03:36:09.875Z
J-JGS-FRA-2026-001,Roland Garros Junior Championships,JGS,2026-05-31,2026-06-06,800661515,Jana Kovackova,CZE,G,Girls,singles,main_draw,2,2,0,3,3rd Round,6,R16,still_alive_or_champion,180,180,2026-06-03T03:36:09.875Z
J-JGS-FRA-2026-001,Roland Garros Junior Championships,JGS,2026-05-31,2026-06-06,800758791,Janae Preston,USA,G,Girls,singles,main_draw,2,1,1,2,2nd Round,6,R32,eliminated,90,90,2026-06-03T03:36:09.875Z
J-JGS-FRA-2026-001,Roland Garros Junior Championships,JGS,2026-05-31,2026-06-06,800678621,John Bothma,RSA,B,Boys,singles,qualifying,1,0,1,1,1st Round,2,Q1,eliminated,0,0,2026-06-03T03:36:09.875Z
J-JGS-FRA-2026-001,Roland Garros Junior Championships,JGS,2026-05-31,2026-06-06,800646432,Jordyn Hazelitt,USA,G,Girls,singles,main_draw,1,0,1,1,1st Round,6,R64,eliminated,30,30,2026-06-03T03:36:09.875Z
J-JGS-FRA-2026-001,Roland Garros Junior Championships,JGS,2026-05-31,2026-06-06,800652195,Juan Miguel Bolivar Idarraga,COL,B,Boys,singles,main_draw,1,0,1,1,1st Round,6,R64,eliminated,30,30,2026-06-03T03:36:09.875Z
J-JGS-FRA-2026-001,Roland Garros Junior Championships,JGS,2026-05-31,2026-06-06,800651243,Kaan Isik Kosaner,TUR,B,Boys,singles,main_draw,2,2,0,3,3rd Round,6,R16,still_alive_or_champion,180,180,2026-06-03T03:36:09.875Z
J-JGS-FRA-2026-001,Roland Garros Junior Championships,JGS,2026-05-31,2026-06-06,800651243,Kaan Isik Kosaner,TUR,B,Boys,singles,qualifying,2,2,0,2,2nd Round,2,Q,still_alive_or_champion,0,0,2026-06-03T03:36:09.875Z
J-JGS-FRA-2026-001,Roland Garros Junior Championships,JGS,2026-05-31,2026-06-06,800591436,Kai Thompson,HKG,B,Boys,singles,main_draw,1,0,1,1,1st Round,6,R64,eliminated,30,30,2026-06-03T03:36:09.875Z
J-JGS-FRA-2026-001,Roland Garros Junior Championships,JGS,2026-05-31,2026-06-06,800686514,Kanta Watanabe,JPN,B,Boys,singles,main_draw,2,1,1,2,2nd Round,6,R32,eliminated,90,90,2026-06-03T03:36:09.875Z
J-JGS-FRA-2026-001,Roland Garros Junior Championships,JGS,2026-05-31,2026-06-06,800656226,Katerina Zajickova,CZE,G,Girls,singles,main_draw,1,0,1,1,1st Round,6,R64,eliminated,30,30,2026-06-03T03:36:09.876Z
J-JGS-FRA-2026-001,Roland Garros Junior Championships,JGS,2026-05-31,2026-06-06,800656226,Katerina Zajickova,CZE,G,Girls,singles,qualifying,2,2,0,2,2nd Round,2,Q,still_alive_or_champion,0,0,2026-06-03T03:36:09.876Z
J-JGS-FRA-2026-001,Roland Garros Junior Championships,JGS,2026-05-31,2026-06-06,800657117,Keaton Hance,USA,B,Boys,singles,main_draw,2,2,0,3,3rd Round,6,R16,still_alive_or_champion,180,180,2026-06-03T03:36:09.876Z
J-JGS-FRA-2026-001,Roland Garros Junior Championships,JGS,2026-05-31,2026-06-06,800572955,Kirill Filaretov,RUS,B,Boys,singles,main_draw,1,0,1,1,1st Round,6,R64,eliminated,30,30,2026-06-03T03:36:09.876Z
J-JGS-FRA-2026-001,Roland Garros Junior Championships,JGS,2026-05-31,2026-06-06,800591535,Ksenia Efremova,FRA,G,Girls,singles,main_draw,1,0,1,1,1st Round,6,R64,eliminated,30,30,2026-06-03T03:36:09.876Z
J-JGS-FRA-2026-001,Roland Garros Junior Championships,JGS,2026-05-31,2026-06-06,800692766,Kuan-Shou Chen,TPE,B,Boys,singles,main_draw,2,1,1,2,2nd Round,6,R32,eliminated,90,90,2026-06-03T03:36:09.876Z
J-JGS-FRA-2026-001,Roland Garros Junior Championships,JGS,2026-05-31,2026-06-06,800580909,Kunanan Pantaratorn,THA,B,Boys,singles,qualifying,1,0,1,1,1st Round,2,Q1,eliminated,0,0,2026-06-03T03:36:09.876Z
J-JGS-FRA-2026-001,Roland Garros Junior Championships,JGS,2026-05-31,2026-06-06,800666178,Lana Virc,SRB,G,Girls,singles,main_draw,1,0,1,1,1st Round,6,R64,eliminated,30,30,2026-06-03T03:36:09.876Z
J-JGS-FRA-2026-001,Roland Garros Junior Championships,JGS,2026-05-31,2026-06-06,800709314,Lani Chang,USA,G,Girls,singles,main_draw,1,0,1,1,1st Round,6,R64,eliminated,30,30,2026-06-03T03:36:09.876Z
J-JGS-FRA-2026-001,Roland Garros Junior Championships,JGS,2026-05-31,2026-06-06,800589634,Laura Valentine Pop,FRA,G,Girls,singles,qualifying,2,1,1,2,2nd Round,2,Q2,eliminated,0,0,2026-06-03T03:36:09.876Z
J-JGS-FRA-2026-001,Roland Garros Junior Championships,JGS,2026-05-31,2026-06-06,800636563,Lea Nilsson,SWE,G,Girls,singles,main_draw,1,0,1,1,1st Round,6,R64,eliminated,30,30,2026-06-03T03:36:09.876Z
J-JGS-FRA-2026-001,Roland Garros Junior Championships,JGS,2026-05-31,2026-06-06,800586830,Lenny Couturier,FRA,B,Boys,singles,qualifying,1,0,1,1,1st Round,2,Q1,eliminated,0,0,2026-06-03T03:36:09.876Z
J-JGS-FRA-2026-001,Roland Garros Junior Championships,JGS,2026-05-31,2026-06-06,800661936,Leon Sloboda,SVK,B,Boys,singles,main_draw,1,0,1,1,1st Round,6,R64,eliminated,30,30,2026-06-03T03:36:09.876Z
J-JGS-FRA-2026-001,Roland Garros Junior Championships,JGS,2026-05-31,2026-06-06,800676504,Leonardo Storck Franca,BRA,B,Boys,singles,main_draw,2,2,0,3,3rd Round,6,R16,still_alive_or_champion,180,180,2026-06-03T03:36:09.876Z
J-JGS-FRA-2026-001,Roland Garros Junior Championships,JGS,2026-05-31,2026-06-06,800565961,Liv Boulard,FRA,G,Girls,singles,qualifying,2,1,1,2,2nd Round,2,Q2,eliminated,0,0,2026-06-03T03:36:09.876Z
J-JGS-FRA-2026-001,Roland Garros Junior Championships,JGS,2026-05-31,2026-06-06,800595066,Lucas Yunez,ECU,B,Boys,singles,qualifying,2,1,1,2,2nd Round,2,Q2,eliminated,0,0,2026-06-03T03:36:09.876Z
J-JGS-FRA-2026-001,Roland Garros Junior Championships,JGS,2026-05-31,2026-06-06,800680259,Luis Guto Miguel,BRA,B,Boys,singles,main_draw,2,2,0,3,3rd Round,6,R16,still_alive_or_champion,180,180,2026-06-03T03:36:09.876Z
J-JGS-FRA-2026-001,Roland Garros Junior Championships,JGS,2026-05-31,2026-06-06,800644753,Luna Maria Cinalli,ARG,G,Girls,singles,main_draw,2,1,1,2,2nd Round,6,R32,eliminated,90,90,2026-06-03T03:36:09.876Z
J-JGS-FRA-2026-001,Roland Garros Junior Championships,JGS,2026-05-31,2026-06-06,800632131,Maaya Rajeshwaran Revathi,IND,G,Girls,singles,main_draw,2,1,1,2,2nd Round,6,R32,eliminated,90,90,2026-06-03T03:36:09.876Z
J-JGS-FRA-2026-001,Roland Garros Junior Championships,JGS,2026-05-31,2026-06-06,800636281,Maia Ilinca Burcescu,ROU,G,Girls,singles,main_draw,2,2,0,3,3rd Round,6,R16,still_alive_or_champion,180,180,2026-06-03T03:36:09.876Z
J-JGS-FRA-2026-001,Roland Garros Junior Championships,JGS,2026-05-31,2026-06-06,800573442,Marat Salbiev,RUS,B,Boys,singles,main_draw,1,0,1,1,1st Round,6,R64,eliminated,30,30,2026-06-03T03:36:09.876Z
J-JGS-FRA-2026-001,Roland Garros Junior Championships,JGS,2026-05-31,2026-06-06,800573442,Marat Salbiev,RUS,B,Boys,singles,qualifying,2,2,0,2,2nd Round,2,Q,still_alive_or_champion,0,0,2026-06-03T03:36:09.876Z
J-JGS-FRA-2026-001,Roland Garros Junior Championships,JGS,2026-05-31,2026-06-06,800737952,Margaret Sohns,USA,G,Girls,singles,qualifying,1,0,1,1,1st Round,2,Q1,eliminated,0,0,2026-06-03T03:36:09.876Z
J-JGS-FRA-2026-001,Roland Garros Junior Championships,JGS,2026-05-31,2026-06-06,800664506,Maria Valentina Pop,ROU,G,Girls,singles,qualifying,2,1,1,2,2nd Round,2,Q2,eliminated,0,0,2026-06-03T03:36:09.876Z
J-JGS-FRA-2026-001,Roland Garros Junior Championships,JGS,2026-05-31,2026-06-06,800601474,Mariella Thamm,GER,G,Girls,singles,main_draw,2,2,0,3,3rd Round,6,R16,still_alive_or_champion,180,180,2026-06-03T03:36:09.876Z
J-JGS-FRA-2026-001,Roland Garros Junior Championships,JGS,2026-05-31,2026-06-06,800644962,Mariia Makarova,RUS,G,Girls,singles,main_draw,2,2,0,3,3rd Round,6,R16,still_alive_or_champion,180,180,2026-06-03T03:36:09.876Z
J-JGS-FRA-2026-001,Roland Garros Junior Championships,JGS,2026-05-31,2026-06-06,800597508,Marija Lauva,LAT,G,Girls,singles,main_draw,1,0,1,1,1st Round,6,R64,eliminated,30,30,2026-06-03T03:36:09.876Z
J-JGS-FRA-2026-001,Roland Garros Junior Championships,JGS,2026-05-31,2026-06-06,800597508,Marija Lauva,LAT,G,Girls,singles,qualifying,2,2,0,2,2nd Round,2,Q,still_alive_or_champion,0,0,2026-06-03T03:36:09.876Z
J-JGS-FRA-2026-001,Roland Garros Junior Championships,JGS,2026-05-31,2026-06-06,800663475,Mario Vukovic,FRA,B,Boys,singles,qualifying,1,0,1,1,1st Round,2,Q1,eliminated,0,0,2026-06-03T03:36:09.876Z
J-JGS-FRA-2026-001,Roland Garros Junior Championships,JGS,2026-05-31,2026-06-06,800646827,Mark Ceban,GBR,B,Boys,singles,main_draw,1,0,1,1,1st Round,6,R64,eliminated,30,30,2026-06-03T03:36:09.876Z
J-JGS-FRA-2026-001,Roland Garros Junior Championships,JGS,2026-05-31,2026-06-06,800565895,Matei Todoran,ROU,B,Boys,singles,main_draw,2,1,1,2,2nd Round,6,R32,eliminated,90,90,2026-06-03T03:36:09.876Z
J-JGS-FRA-2026-001,Roland Garros Junior Championships,JGS,2026-05-31,2026-06-06,800630877,Matei Victor Chelemen,ROU,B,Boys,singles,main_draw,1,0,1,1,1st Round,6,R64,eliminated,30,30,2026-06-03T03:36:09.876Z
J-JGS-FRA-2026-001,Roland Garros Junior Championships,JGS,2026-05-31,2026-06-06,800597355,Mathys Domenc,FRA,B,Boys,singles,main_draw,2,2,0,3,3rd Round,6,R16,still_alive_or_champion,180,180,2026-06-03T03:36:09.876Z
J-JGS-FRA-2026-001,Roland Garros Junior Championships,JGS,2026-05-31,2026-06-06,800596150,Matisse MARTIN,FRA,B,Boys,singles,main_draw,2,1,1,2,2nd Round,6,R32,eliminated,90,90,2026-06-03T03:36:09.876Z
J-JGS-FRA-2026-001,Roland Garros Junior Championships,JGS,2026-05-31,2026-06-06,800698105,Maxi Carrascosa Diaz,ESP,B,Boys,singles,qualifying,2,1,1,2,2nd Round,2,Q2,eliminated,0,0,2026-06-03T03:36:09.876Z
J-JGS-FRA-2026-001,Roland Garros Junior Championships,JGS,2026-05-31,2026-06-06,800732018,Michael Antonius,USA,B,Boys,singles,main_draw,2,2,0,3,3rd Round,6,R16,still_alive_or_champion,180,180,2026-06-03T03:36:09.876Z
J-JGS-FRA-2026-001,Roland Garros Junior Championships,JGS,2026-05-31,2026-06-06,800595243,Michael Savano,USA,B,Boys,singles,qualifying,1,0,1,1,1st Round,2,Q1,eliminated,0,0,2026-06-03T03:36:09.876Z
J-JGS-FRA-2026-001,Roland Garros Junior Championships,JGS,2026-05-31,2026-06-06,800583661,Mickael Kaouk,FRA,B,Boys,singles,main_draw,1,0,1,1,1st Round,6,R64,eliminated,30,30,2026-06-03T03:36:09.876Z
J-JGS-FRA-2026-001,Roland Garros Junior Championships,JGS,2026-05-31,2026-06-06,800663476,Mila Bastianelli,FRA,G,Girls,singles,qualifying,1,0,1,1,1st Round,2,Q1,eliminated,0,0,2026-06-03T03:36:09.876Z
J-JGS-FRA-2026-001,Roland Garros Junior Championships,JGS,2026-05-31,2026-06-06,800602679,Min Hyuk Cho,KOR,B,Boys,singles,qualifying,1,0,1,1,1st Round,2,Q1,eliminated,0,0,2026-06-03T03:36:09.876Z
J-JGS-FRA-2026-001,Roland Garros Junior Championships,JGS,2026-05-31,2026-06-06,800667373,Motoharu Abe,JPN,B,Boys,singles,main_draw,1,0,1,1,1st Round,6,R64,eliminated,30,30,2026-06-03T03:36:09.876Z
J-JGS-FRA-2026-001,Roland Garros Junior Championships,JGS,2026-05-31,2026-06-06,800626993,Mustafa Ege Sik,AUS,B,Boys,singles,main_draw,1,0,1,1,1st Round,6,R64,eliminated,30,30,2026-06-03T03:36:09.876Z
J-JGS-FRA-2026-001,Roland Garros Junior Championships,JGS,2026-05-31,2026-06-06,800626993,Mustafa Ege Sik,AUS,B,Boys,singles,qualifying,2,2,0,2,2nd Round,2,Q,still_alive_or_champion,0,0,2026-06-03T03:36:09.876Z
J-JGS-FRA-2026-001,Roland Garros Junior Championships,JGS,2026-05-31,2026-06-06,800638930,Nadia Lagaev,CAN,G,Girls,singles,main_draw,1,0,1,1,1st Round,6,R64,eliminated,30,30,2026-06-03T03:36:09.876Z
J-JGS-FRA-2026-001,Roland Garros Junior Championships,JGS,2026-05-31,2026-06-06,800701856,Nancy Lee,USA,G,Girls,singles,qualifying,1,0,1,1,1st Round,2,Q1,eliminated,0,0,2026-06-03T03:36:09.876Z
J-JGS-FRA-2026-001,Roland Garros Junior Championships,JGS,2026-05-31,2026-06-06,800695060,Nauhany Vitoria Leme Da Silva,BRA,G,Girls,singles,main_draw,2,2,0,3,3rd Round,6,R16,still_alive_or_champion,180,180,2026-06-03T03:36:09.876Z
J-JGS-FRA-2026-001,Roland Garros Junior Championships,JGS,2026-05-31,2026-06-06,800706578,Navneet Raghuram,USA,B,Boys,singles,qualifying,2,1,1,2,2nd Round,2,Q2,eliminated,0,0,2026-06-03T03:36:09.876Z
J-JGS-FRA-2026-001,Roland Garros Junior Championships,JGS,2026-05-31,2026-06-06,800626636,Nehira Sanon,FRA,G,Girls,singles,main_draw,2,1,1,2,2nd Round,6,R32,eliminated,90,90,2026-06-03T03:36:09.876Z
J-JGS-FRA-2026-001,Roland Garros Junior Championships,JGS,2026-05-31,2026-06-06,800600773,Nicolas Baena,PER,B,Boys,singles,main_draw,2,2,0,3,3rd Round,6,R16,still_alive_or_champion,180,180,2026-06-03T03:36:09.876Z
J-JGS-FRA-2026-001,Roland Garros Junior Championships,JGS,2026-05-31,2026-06-06,800590346,Nikita Belozertsev,UZB,B,Boys,singles,main_draw,2,1,1,2,2nd Round,6,R32,eliminated,90,90,2026-06-03T03:36:09.876Z
J-JGS-FRA-2026-001,Roland Garros Junior Championships,JGS,2026-05-31,2026-06-06,800647963,Ninon Carpentier,FRA,G,Girls,singles,main_draw,1,0,1,1,1st Round,6,R64,eliminated,30,30,2026-06-03T03:36:09.876Z
J-JGS-FRA-2026-001,Roland Garros Junior Championships,JGS,2026-05-31,2026-06-06,800702395,Ntungamili RAGUIN,BOT,B,Boys,singles,qualifying,2,1,1,2,2nd Round,2,Q2,eliminated,0,0,2026-06-03T03:36:09.876Z
J-JGS-FRA-2026-001,Roland Garros Junior Championships,JGS,2026-05-31,2026-06-06,800587925,Oliver Majdandzic,GER,B,Boys,singles,main_draw,2,1,1,2,2nd Round,6,R32,eliminated,90,90,2026-06-03T03:36:09.876Z
J-JGS-FRA-2026-001,Roland Garros Junior Championships,JGS,2026-05-31,2026-06-06,800587925,Oliver Majdandzic,GER,B,Boys,singles,qualifying,2,2,0,2,2nd Round,2,Q,still_alive_or_champion,0,0,2026-06-03T03:36:09.876Z
J-JGS-FRA-2026-001,Roland Garros Junior Championships,JGS,2026-05-31,2026-06-06,800696508,Olivia Traynor,USA,G,Girls,singles,qualifying,2,1,1,2,2nd Round,2,Q2,eliminated,0,0,2026-06-03T03:36:09.876Z
J-JGS-FRA-2026-001,Roland Garros Junior Championships,JGS,2026-05-31,2026-06-06,800695726,OLUWASEUN PETER OGUNSAKIN,NGR,B,Boys,singles,qualifying,2,1,1,2,2nd Round,2,Q2,eliminated,0,0,2026-06-03T03:36:09.876Z
J-JGS-FRA-2026-001,Roland Garros Junior Championships,JGS,2026-05-31,2026-06-06,800664509,Pablo Pradat,FRA,B,Boys,singles,main_draw,1,0,1,1,1st Round,6,R64,eliminated,30,30,2026-06-03T03:36:09.876Z
J-JGS-FRA-2026-001,Roland Garros Junior Championships,JGS,2026-05-31,2026-06-06,800656554,Paola Pinera Celorio,ESP,G,Girls,singles,main_draw,2,2,0,3,3rd Round,6,R16,still_alive_or_champion,180,180,2026-06-03T03:36:09.876Z
J-JGS-FRA-2026-001,Roland Garros Junior Championships,JGS,2026-05-31,2026-06-06,800650301,Pedro Henrique Chabalgoity,BRA,B,Boys,singles,main_draw,2,1,1,2,2nd Round,6,R32,eliminated,90,90,2026-06-03T03:36:09.876Z
J-JGS-FRA-2026-001,Roland Garros Junior Championships,JGS,2026-05-31,2026-06-06,800655734,Pietra Rivoli,BRA,G,Girls,singles,qualifying,1,0,1,1,1st Round,2,Q1,eliminated,0,0,2026-06-03T03:36:09.876Z
J-JGS-FRA-2026-001,Roland Garros Junior Championships,JGS,2026-05-31,2026-06-06,800624123,Polina Berezina,RUS,G,Girls,singles,qualifying,1,0,1,1,1st Round,2,Q1,eliminated,0,0,2026-06-03T03:36:09.876Z
J-JGS-FRA-2026-001,Roland Garros Junior Championships,JGS,2026-05-31,2026-06-06,800667265,Polina Skliar,UKR,G,Girls,singles,main_draw,2,1,1,2,2nd Round,6,R32,eliminated,90,90,2026-06-03T03:36:09.876Z
J-JGS-FRA-2026-001,Roland Garros Junior Championships,JGS,2026-05-31,2026-06-06,800589799,Raffaele Ciurnelli,ITA,B,Boys,singles,main_draw,2,1,1,2,2nd Round,6,R32,eliminated,90,90,2026-06-03T03:36:09.876Z
J-JGS-FRA-2026-001,Roland Garros Junior Championships,JGS,2026-05-31,2026-06-06,800701055,Renee Alame,AUS,G,Girls,singles,main_draw,1,0,1,1,1st Round,6,R64,eliminated,30,30,2026-06-03T03:36:09.876Z
J-JGS-FRA-2026-001,Roland Garros Junior Championships,JGS,2026-05-31,2026-06-06,800601948,Rhys Lawlor,GBR,B,Boys,singles,main_draw,1,0,1,1,1st Round,6,R64,eliminated,30,30,2026-06-03T03:36:09.876Z
J-JGS-FRA-2026-001,Roland Garros Junior Championships,JGS,2026-05-31,2026-06-06,800601948,Rhys Lawlor,GBR,B,Boys,singles,qualifying,2,2,0,2,2nd Round,2,Q,still_alive_or_champion,0,0,2026-06-03T03:36:09.876Z
J-JGS-FRA-2026-001,Roland Garros Junior Championships,JGS,2026-05-31,2026-06-06,800589275,Rihards Neimanis,LAT,B,Boys,singles,main_draw,2,1,1,2,2nd Round,6,R32,eliminated,90,90,2026-06-03T03:36:09.876Z
J-JGS-FRA-2026-001,Roland Garros Junior Championships,JGS,2026-05-31,2026-06-06,800671760,Riyo Yoshida,JPN,G,Girls,singles,qualifying,1,0,1,1,1st Round,2,Q1,eliminated,0,0,2026-06-03T03:36:09.876Z
J-JGS-FRA-2026-001,Roland Garros Junior Championships,JGS,2026-05-31,2026-06-06,800631529,Ruien Zhang,CHN,G,Girls,singles,main_draw,2,1,1,2,2nd Round,6,R32,eliminated,90,90,2026-06-03T03:36:09.876Z
J-JGS-FRA-2026-001,Roland Garros Junior Championships,JGS,2026-05-31,2026-06-06,800721316,Ryan Cozad,USA,B,Boys,singles,main_draw,2,1,1,2,2nd Round,6,R32,eliminated,90,90,2026-06-03T03:36:09.876Z
J-JGS-FRA-2026-001,Roland Garros Junior Championships,JGS,2026-05-31,2026-06-06,800583844,Ryo Tabata,JPN,B,Boys,singles,main_draw,2,1,1,2,2nd Round,6,R32,eliminated,90,90,2026-06-03T03:36:09.876Z
J-JGS-FRA-2026-001,Roland Garros Junior Championships,JGS,2026-05-31,2026-06-06,800781872,Safir Azam,USA,B,Boys,singles,main_draw,1,0,1,1,1st Round,6,R64,eliminated,30,30,2026-06-03T03:36:09.876Z
J-JGS-FRA-2026-001,Roland Garros Junior Championships,JGS,2026-05-31,2026-06-06,800781872,Safir Azam,USA,B,Boys,singles,qualifying,2,2,0,2,2nd Round,2,Q,still_alive_or_champion,0,0,2026-06-03T03:36:09.876Z
J-JGS-FRA-2026-001,Roland Garros Junior Championships,JGS,2026-05-31,2026-06-06,800731574,Sarah Ye,USA,G,Girls,singles,main_draw,1,0,1,1,1st Round,6,R64,eliminated,30,30,2026-06-03T03:36:09.876Z
J-JGS-FRA-2026-001,Roland Garros Junior Championships,JGS,2026-05-31,2026-06-06,800731574,Sarah Ye,USA,G,Girls,singles,qualifying,2,2,0,2,2nd Round,2,Q,still_alive_or_champion,0,0,2026-06-03T03:36:09.876Z
J-JGS-FRA-2026-001,Roland Garros Junior Championships,JGS,2026-05-31,2026-06-06,800590813,Savva Rybkin,RUS,B,Boys,singles,main_draw,1,0,1,1,1st Round,6,R64,eliminated,30,30,2026-06-03T03:36:09.876Z
J-JGS-FRA-2026-001,Roland Garros Junior Championships,JGS,2026-05-31,2026-06-06,800668600,Simone Massellani,ITA,B,Boys,singles,main_draw,1,0,1,1,1st Round,6,R64,eliminated,30,30,2026-06-03T03:36:09.876Z
J-JGS-FRA-2026-001,Roland Garros Junior Championships,JGS,2026-05-31,2026-06-06,800667963,Siyoen Sim,KOR,G,Girls,singles,qualifying,1,0,1,1,1st Round,2,Q1,eliminated,0,0,2026-06-03T03:36:09.876Z
J-JGS-FRA-2026-001,Roland Garros Junior Championships,JGS,2026-05-31,2026-06-06,800595363,Sofia Meabe,ARG,G,Girls,singles,qualifying,1,0,1,1,1st Round,2,Q1,eliminated,0,0,2026-06-03T03:36:09.876Z
J-JGS-FRA-2026-001,Roland Garros Junior Championships,JGS,2026-05-31,2026-06-06,800604444,Sofie Hettlerova,CZE,G,Girls,singles,main_draw,1,0,1,1,1st Round,6,R64,eliminated,30,30,2026-06-03T03:36:09.876Z
J-JGS-FRA-2026-001,Roland Garros Junior Championships,JGS,2026-05-31,2026-06-06,800705172,Sofiia Bielinska,UKR,G,Girls,singles,main_draw,2,1,1,2,2nd Round,6,R32,eliminated,90,90,2026-06-03T03:36:09.876Z
J-JGS-FRA-2026-001,Roland Garros Junior Championships,JGS,2026-05-31,2026-06-06,800705172,Sofiia Bielinska,UKR,G,Girls,singles,qualifying,2,2,0,2,2nd Round,2,Q,still_alive_or_champion,0,0,2026-06-03T03:36:09.876Z
J-JGS-FRA-2026-001,Roland Garros Junior Championships,JGS,2026-05-31,2026-06-06,800659876,Sol Ailin Larraya Guidi,ARG,G,Girls,singles,main_draw,2,2,0,3,3rd Round,6,R16,still_alive_or_champion,180,180,2026-06-03T03:36:09.876Z
J-JGS-FRA-2026-001,Roland Garros Junior Championships,JGS,2026-05-31,2026-06-06,800595691,Sonja Zhenikhova,GER,G,Girls,singles,main_draw,1,0,1,1,1st Round,6,R64,eliminated,30,30,2026-06-03T03:36:09.876Z
J-JGS-FRA-2026-001,Roland Garros Junior Championships,JGS,2026-05-31,2026-06-06,800755951,Takahiro Kawaguchi,JPN,B,Boys,singles,qualifying,1,0,1,1,1st Round,2,Q1,eliminated,0,0,2026-06-03T03:36:09.876Z
J-JGS-FRA-2026-001,Roland Garros Junior Championships,JGS,2026-05-31,2026-06-06,800793512,Tanishk Konduri,USA,B,Boys,singles,main_draw,1,0,1,1,1st Round,6,R64,eliminated,30,30,2026-06-03T03:36:09.876Z
J-JGS-FRA-2026-001,Roland Garros Junior Championships,JGS,2026-05-31,2026-06-06,800672579,Tereza Hermanova,CZE,G,Girls,singles,main_draw,1,0,1,1,1st Round,6,R64,eliminated,30,30,2026-06-03T03:36:09.876Z
J-JGS-FRA-2026-001,Roland Garros Junior Championships,JGS,2026-05-31,2026-06-06,800702416,Thea Frodin,USA,G,Girls,singles,main_draw,1,0,1,1,1st Round,6,R64,eliminated,30,30,2026-06-03T03:36:09.876Z
J-JGS-FRA-2026-001,Roland Garros Junior Championships,JGS,2026-05-31,2026-06-06,800589798,Thilo Behrmann,AUT,B,Boys,singles,main_draw,2,2,0,3,3rd Round,6,R16,still_alive_or_champion,180,180,2026-06-03T03:36:09.876Z
J-JGS-FRA-2026-001,Roland Garros Junior Championships,JGS,2026-05-31,2026-06-06,800586446,Timeo Trufelli,FRA,B,Boys,singles,main_draw,1,0,1,1,1st Round,6,R64,eliminated,30,30,2026-06-03T03:36:09.876Z
J-JGS-FRA-2026-001,Roland Garros Junior Championships,JGS,2026-05-31,2026-06-06,800590474,Tito Chavez,ESP,B,Boys,singles,main_draw,1,0,1,1,1st Round,6,R64,eliminated,30,30,2026-06-03T03:36:09.876Z
J-JGS-FRA-2026-001,Roland Garros Junior Championships,JGS,2026-05-31,2026-06-06,800651337,UI SU JEONG,KOR,G,Girls,singles,main_draw,2,1,1,2,2nd Round,6,R32,eliminated,90,90,2026-06-03T03:36:09.876Z
J-JGS-FRA-2026-001,Roland Garros Junior Championships,JGS,2026-05-31,2026-06-06,800594039,Valentin Gonzalez-Galino,ESP,B,Boys,singles,main_draw,1,0,1,1,1st Round,6,R64,eliminated,30,30,2026-06-03T03:36:09.876Z
J-JGS-FRA-2026-001,Roland Garros Junior Championships,JGS,2026-05-31,2026-06-06,800640047,Veronika Sekerkova,CZE,G,Girls,singles,qualifying,1,0,1,1,1st Round,2,Q1,eliminated,0,0,2026-06-03T03:36:09.876Z
J-JGS-FRA-2026-001,Roland Garros Junior Championships,JGS,2026-05-31,2026-06-06,800655335,Victoria Luiza Barros,BRA,G,Girls,singles,main_draw,2,2,0,3,3rd Round,6,R16,still_alive_or_champion,180,180,2026-06-03T03:36:09.876Z
J-JGS-FRA-2026-001,Roland Garros Junior Championships,JGS,2026-05-31,2026-06-06,800635903,Vincent Reisach,GER,B,Boys,singles,main_draw,1,0,1,1,1st Round,6,R64,eliminated,30,30,2026-06-03T03:36:09.876Z
J-JGS-FRA-2026-001,Roland Garros Junior Championships,JGS,2026-05-31,2026-06-06,800705703,Welles Newman,USA,G,Girls,singles,main_draw,1,0,1,1,1st Round,6,R64,eliminated,30,30,2026-06-03T03:36:09.876Z
J-JGS-FRA-2026-001,Roland Garros Junior Championships,JGS,2026-05-31,2026-06-06,800688513,Xavier Massotte,CAN,B,Boys,singles,qualifying,1,0,1,1,1st Round,2,Q1,eliminated,0,0,2026-06-03T03:36:09.876Z
J-JGS-FRA-2026-001,Roland Garros Junior Championships,JGS,2026-05-31,2026-06-06,800677732,Xinran Sun,CHN,G,Girls,singles,main_draw,2,2,0,3,3rd Round,6,R16,still_alive_or_champion,180,180,2026-06-03T03:36:09.876Z
J-JGS-FRA-2026-001,Roland Garros Junior Championships,JGS,2026-05-31,2026-06-06,800564683,Yannick Theodor Alexandrescou,FRA,B,Boys,singles,main_draw,2,2,0,3,3rd Round,6,R16,still_alive_or_champion,180,180,2026-06-03T03:36:09.876Z
J-JGS-FRA-2026-001,Roland Garros Junior Championships,JGS,2026-05-31,2026-06-06,800696168,Yannik Alvarez,PUR,B,Boys,singles,main_draw,2,1,1,2,2nd Round,6,R32,eliminated,90,90,2026-06-03T03:36:09.876Z
J-JGS-FRA-2026-001,Roland Garros Junior Championships,JGS,2026-05-31,2026-06-06,800726989,Yihan Qu,CHN,G,Girls,singles,main_draw,1,0,1,1,1st Round,6,R64,eliminated,30,30,2026-06-03T03:36:09.876Z
J-JGS-FRA-2026-001,Roland Garros Junior Championships,JGS,2026-05-31,2026-06-06,800739107,Yu Jun Lin,CHN,G,Girls,singles,main_draw,1,0,1,1,1st Round,6,R64,eliminated,30,30,2026-06-03T03:36:09.876Z
J-JGS-FRA-2026-001,Roland Garros Junior Championships,JGS,2026-05-31,2026-06-06,800739107,Yu Jun Lin,CHN,G,Girls,singles,qualifying,2,2,0,2,2nd Round,2,Q,still_alive_or_champion,0,0,2026-06-03T03:36:09.876Z
J-JGS-FRA-2026-001,Roland Garros Junior Championships,JGS,2026-05-31,2026-06-06,800708800,Yu-Chen Lin,TPE,G,Girls,singles,main_draw,2,1,1,2,2nd Round,6,R32,eliminated,90,90,2026-06-03T03:36:09.876Z
J-JGS-FRA-2026-001,Roland Garros Junior Championships,JGS,2026-05-31,2026-06-06,800708129,Yui Komada,JPN,G,Girls,singles,main_draw,2,1,1,2,2nd Round,6,R32,eliminated,90,90,2026-06-03T03:36:09.876Z
J-JGS-FRA-2026-001,Roland Garros Junior Championships,JGS,2026-05-31,2026-06-06,800731351,Yushan Shao,CHN,G,Girls,singles,main_draw,2,1,1,2,2nd Round,6,R32,eliminated,90,90,2026-06-03T03:36:09.876Z
J-JGS-FRA-2026-001,Roland Garros Junior Championships,JGS,2026-05-31,2026-06-06,800543488,Zangar Nurlanuly,KAZ,B,Boys,singles,main_draw,2,2,0,3,3rd Round,6,R16,still_alive_or_champion,180,180,2026-06-03T03:36:09.876Z
J-JGS-FRA-2026-001,Roland Garros Junior Championships,JGS,2026-05-31,2026-06-06,800730824,Zhang-Qian Wei,CHN,G,Girls,singles,qualifying,1,0,1,1,1st Round,2,Q1,eliminated,0,0,2026-06-03T03:36:09.876Z
J-JGS-FRA-2026-001,Roland Garros Junior Championships,JGS,2026-05-31,2026-06-06,800579895,Ziga Sesko,SLO,B,Boys,singles,main_draw,2,2,0,3,3rd Round,6,R16,still_alive_or_champion,180,180,2026-06-03T03:36:09.876Z
